,arc_pair_48468,arc_pair_337111,arc_pair_447717,arc_pair_307657,arc_pair_48188,arc_pair_542791,arc_pair_578116,arc_pair_307953,arc_pair_313438,arc_pair_203062,arc_pair_197122,arc_pair_27742,arc_pair_139628,arc_pair_557730,arc_pair_283483,arc_pair_370771,arc_pair_522221,arc_pair_624573,arc_pair_144158,arc_pair_593564,arc_pair_708260,arc_pair_247784,arc_pair_511862,arc_pair_270697,arc_pair_446116,arc_pair_664080,arc_pair_257072,arc_pair_547258,arc_pair_67750,arc_pair_720681,arc_pair_347280,arc_pair_588558,arc_pair_594469,arc_pair_649403,arc_pair_599471,arc_pair_718797,arc_pair_695283,arc_pair_551617,arc_pair_450035,arc_pair_726873,arc_pair_384979,arc_pair_595373,arc_pair_295568,arc_pair_167650,arc_pair_82729,arc_pair_653762,arc_pair_365022,arc_pair_716732,arc_pair_692544,arc_pair_134659,arc_pair_632661,arc_pair_271027,arc_pair_493828,arc_pair_336359,arc_pair_731860,arc_pair_131562,arc_pair_119264,arc_pair_16513,arc_pair_176092,arc_pair_551110,arc_pair_532740,arc_pair_700005,arc_pair_460240,arc_pair_594335,arc_pair_24655,arc_pair_75573,arc_pair_641885,arc_pair_292663,arc_pair_703887,arc_pair_22407,arc_pair_89302,arc_pair_464015,arc_pair_674772,arc_pair_280409,arc_pair_172674,arc_pair_492710,arc_pair_297765,arc_pair_208250,arc_pair_642267,arc_pair_149569,arc_pair_281486,arc_pair_27275,arc_pair_723396
arc_pair_48468,0.0,4.693088198116718,4.829052489698591,4.852090114008877,5.538800236525585,5.536879297697576,4.274302899338798,4.729942618617208,5.328567878596434,4.810954742007742,4.711455998231788,4.2824532740958485,4.64856381888581,4.652261054560113,5.017418801536476,5.319035011910161,4.761623037391386,4.732993443714991,4.320059971847462,4.419839543614213,4.961584812805929,4.665829097430679,4.764898887922514,4.8158141793285685,3.854669587476137,4.672938025479011,4.918781727428533,4.805989372514945,5.018346022421002,4.174640550925386,4.326508076759445,4.560077551848211,4.154213450707882,4.855108188959731,4.614546525338651,6.5989040042618115,4.100706658086192,4.532592894962637,3.990835117411261,5.020188637597894,3.967567678814249,4.249891262555368,5.078909413399964,4.791753190403436,4.931674391437939,3.9409970632079574,4.923260977421167,5.208193851814251,4.687552589117291,4.857277287267316,4.384970540518353,4.567897141495106,4.318841286449227,4.493969285979449,4.212958407221351,5.122035753665569,4.886888023744195,4.592072725617872,4.919629598420676,4.102012583618405,4.696091096168429,5.02039218466746,4.970755696828202,4.782944258835834,5.198361636337587,4.203683737002112,4.972246718657612,4.610304283713615,5.115881379697031,4.6596011727179025,4.660224703839756,3.7527555782727706,3.9028951644237284,5.075961710925867,4.9056042937150375,8.336756374073207,6.911417498296293,4.514578678537268,5.008787379162868,4.467876206552324,4.625631292313861,5.26544582919643,5.129416436519419
arc_pair_337111,4.693088198116718,0.0,2.9622093229305086,1.4769197172628539,3.705201482257694,3.6819512319069605,2.336839143318978,1.3197757349854284,5.229176085291423,0.9148223769307742,1.1167747796315803,2.819154625135184,1.0815763996476804,0.9328982796414934,1.9321131305765924,1.463764058562289,0.6733752413240105,0.9233144839138956,1.0191408811054186,0.8797724169918179,1.594096408737845,1.2723377336705555,0.848325777754938,1.19469189658724,1.512216047936913,1.047945522374555,0.6985472829468711,0.8681851450524785,1.1890350282483075,1.4838642683477898,1.2980497575666816,0.7595426216146259,3.0010995180130755,0.9460117698603712,1.0101468180526005,4.8319312149710925,1.2138846837010642,3.1602280195099715,1.015568089711239,1.040338593199152,1.2637812091741345,1.3105850265020729,1.2745964717811527,0.8852747738615092,3.4760126921040353,2.190732390699856,0.5830842696398754,3.036532897297029,1.1695746712649928,1.6700632307066154,2.4070355357985975,1.1584632447490937,1.1731172811316533,1.1142756252389852,1.1936116281440823,2.2359640520489226,1.1528446076392938,0.602420511690995,1.7504551209951922,1.6391284113261197,0.8663312994946917,1.7030735804295003,1.945860341358556,0.7093473473421257,0.956536843451645,2.088044471472764,1.115801522797762,0.7984087519014073,1.2949112937523783,1.6758895872987494,3.683353645736293,2.3096294179655947,2.8038832552852666,1.2198067536518749,1.645245869658241,7.809548641641976,6.1324132552750354,1.2698462687867687,3.7015549889779864,0.8970336584908627,0.9688886325076729,1.3847254964435007,2.806073360138937
arc_pair_447717,4.829052489698591,2.9622093229305086,0.0,3.1724151488944785,4.3772770190863985,4.515557719217072,2.767747149253053,2.9928170233720612,4.491533714365182,3.027490476596764,2.8828352657037595,3.460627961386998,2.8524694126419066,2.8293481665836424,3.3389268377392565,3.4578780364599044,2.9030962338337165,2.7098263527086988,2.8009487711438483,2.5582602699585437,3.2966204852273466,2.8724234688131234,2.809704306344207,3.1098297467173426,2.736767626834896,3.0221749970592153,3.0184912855293677,2.9415149571586636,3.1523635886949717,2.647165561987041,2.266752834779863,2.7535363165480358,3.4814662954203746,3.0374139793609096,2.8758847215288936,4.873420710994829,2.8037854258232784,3.232310371098016,2.625982134068148,3.3022073579576947,2.408445882485154,2.8020841689997162,3.2401035499260087,3.0529288826608236,3.624494479582504,3.1598472294578697,2.9556608984789094,3.8409338767949754,2.971153631129777,3.5005078342397113,3.0746123235988874,2.7418170907167854,2.739234908508103,2.8259033057634486,2.640985695526924,3.227762599934965,3.008433163497636,2.7929595026913097,3.397633526075238,2.6671331716892177,2.62356850316582,3.0969790258612706,3.4895238987519024,2.9134751738744367,3.3258190777146432,3.557496905638212,3.029554917197812,2.912677609504503,3.1309051631452904,2.956809709263363,3.731309525350849,3.2346385290256907,3.223687502564583,3.16042044478409,3.0985974307260187,7.523165931759843,5.97515533142243,2.837614610398772,4.122509662954553,2.8389891096869224,2.683555830718264,3.401450788096165,3.965106925612477
arc_pair_307657,4.852090114008877,1.4769197172628539,3.1724151488944785,0.0,4.2221016675378955,3.148827734876433,2.335138546926186,0.6486967710643254,5.342787175521757,1.0939528884100813,1.2191038933128,3.2653248563349555,0.9371041209762666,1.1174769884461329,1.2718262299564234,1.8461439819543193,1.0859395365124178,0.9491097063894326,1.0279605938285752,1.2463855333721487,0.5136245498890246,0.7273221948473847,0.9331713017735545,0.6596072214110322,1.8079978823811187,1.590460620714753,1.0348390616993424,1.0650054539616458,0.5835326368637498,1.5651881015812243,1.2661531225025844,0.8954888256586032,2.920217615630182,0.9836874842569674,1.0431119806501072,5.181361883922245,1.613997635629752,3.3703226769993986,1.2195014027958193,1.2742510061396635,0.991767601951846,1.739375839259113,1.77960767903065,1.1786177234828958,3.8870760021289326,2.2961913131802487,1.26419292784931,1.8365320987070468,1.1108061718276205,2.125266113547836,2.081076937780378,1.5757130721377988,0.9323783574978488,1.27914453742204,1.3081498090146535,2.58229253257244,1.0948789001819659,1.12110172196953,1.7249369586861096,1.8915991690968856,1.0778292315494051,1.667125775163898,1.133567937582053,0.894279173533256,1.7143255239102455,2.4132451821364835,1.228035113974639,1.2097908723329995,1.133748015752317,2.118085418366661,3.768938221080843,2.4218612971253584,3.0837258956688487,1.3891826990159999,0.8393705942957157,8.337716035054349,6.760101517146446,1.6409956127806842,3.52545277121539,1.001913859352149,1.0097318864147473,0.7729423230425776,1.7059147954995757
arc_pair_48188,5.538800236525585,3.705201482257694,4.3772770190863985,4.2221016675378955,0.0,5.176040671338999,4.041147844610929,4.064323037541145,5.256354644678309,3.7569257046874838,3.789568835852168,4.207200387785864,3.741490810404054,3.7777910207538854,4.2585548736496035,4.218842049463218,3.752419340409863,3.6541309095508607,3.602213378614185,3.638492408811635,4.24199509261573,3.9140412910461237,3.636207024073823,4.049743504742073,3.440797189637103,3.8961395310477913,3.880578360390274,3.756780065555474,4.141463155695581,3.413164197935003,3.4437381267974314,3.6426431600636295,4.227124585594755,3.8378182475366494,3.6613114463393805,5.9091222772129495,3.330230989647991,3.9918334959570405,3.2772983973910548,3.9842778464414086,3.3685230024058264,3.4894426711165645,3.987304344429496,3.937630765890828,4.614511539989971,4.118452570788657,3.7129371670670124,4.926115776867883,3.789297802004411,4.519430220205319,3.957032488010322,3.762100619652264,3.681532775138992,3.6808504285649875,3.582806759410749,4.348883916397532,3.925188827336142,3.6102620353689723,4.1543772840239415,3.4812534658097967,3.5964985018769084,3.9892657341174633,4.375910300740122,3.6466238610962525,4.155553769230567,4.535395007224395,3.991478113285911,3.652765894922282,4.052336270109058,3.7360762544116892,4.311318498315375,3.7077209767964048,3.8861314753922014,3.9987681533406816,4.2587640803431075,7.667142121486117,7.161475336385249,3.5292978343734562,4.664852704999003,3.5276166422831126,3.574262835754268,4.382586328577606,4.849695215400128
arc_pair_542791,5.536879297697576,3.6819512319069605,4.515557719217072,3.148827734876433,5.176040671338999,0.0,3.732099004804994,2.5680554287849295,4.420923193092326,3.7926623260981676,3.330434549012113,3.9957421782950915,3.6614033573084686,3.386719349617743,3.067954047934042,4.448426018117169,3.5117573080940585,3.5404248447917164,3.2311080842505624,3.57440357841557,2.9250164983606206,3.5992141928336947,3.4536153401783807,2.8168243375946957,3.2257503810448966,3.3903684896460455,3.5945627860717377,3.7724844400777036,3.1919302566946497,3.3137972285409445,3.4210796500700034,3.520765167214508,3.9357768793056,3.496341172590293,2.9698922938681256,6.170515042264457,2.993813767767216,3.8053402810502943,2.532023401030444,3.7603627507379667,3.1457508729133137,3.422931817709741,3.9738849232916307,3.7407984407758663,4.130209481497255,3.6907677528926994,3.8464672852657595,2.9325543432204024,3.902506235135456,4.311620537393722,3.5635969056686267,3.434433845908213,3.119301135455358,3.59267693385962,2.762971759005129,4.681905371517321,3.5310088956801398,3.302196141124688,3.4642684972173194,3.234249644792293,3.4805118327302558,3.608088768406706,3.0355193681931127,3.713653634019272,4.131682110102326,4.33565370778009,3.820439865162893,3.5417377887175547,3.6137041074521985,4.0136959860143255,4.000937032495164,2.559199710242906,2.9922611824922933,3.885531862811543,2.5435981533616414,8.221129129591027,7.1296077792871655,3.489940132963104,4.160909063925313,3.6715003793386303,3.5731671913453873,3.32111382226012,3.0655145685228415
arc_pair_578116,4.274302899338798,2.336839143318978,2.767747149253053,2.335138546926186,4.041147844610929,3.732099004804994,0.0,1.9632036349973863,4.807141379399768,2.4771442689230727,2.3805513276685133,3.1244143273756553,2.435755117281113,2.210299093636551,2.7787688365450443,3.199571224930454,2.401507826726996,2.220592359928066,2.27225455070829,2.1769658975561743,2.463405697833399,2.3405372954599404,2.237856906925071,2.48170537867426,2.0604651923696475,2.6241035633464866,2.4487508352094434,2.607737912189455,2.3133600278150888,2.2305734916170588,1.8375287625037764,2.3839641790996504,2.4713360797061923,2.5004349672638475,2.3920763678763994,4.640387970372977,2.0093619173980364,2.6353192894632294,2.100048503647128,2.9158055416135022,1.9750793847869965,2.5628370437686807,2.878545958902809,2.698639116761875,3.2662432380310085,2.760072778448846,2.538618719813114,2.9027120101504043,2.3873014323991884,3.2646401659797437,2.3574137625027882,2.3512565200221944,2.0544177290438213,2.441684163541721,2.170497640222318,2.917881380641668,2.4485195801933095,2.423023708006054,2.8416512035330905,2.146836091195925,2.2148482607756286,2.771540123391088,2.492118209526353,2.24706746889566,3.001122314658656,2.812444880920542,2.5903788211740015,2.2298310019726397,2.451773102088743,2.623813562226936,2.849757254126368,2.7814086111388754,2.3875251423248365,2.4985115972937373,2.2320729295538917,6.994913364206356,5.51904158603445,2.7045222029155074,3.2120877368669225,2.0489264219953576,2.4928020908707467,2.538765076334338,3.171989810523967
arc_pair_307953,4.729942618617208,1.3197757349854284,2.9928170233720612,0.6486967710643254,4.064323037541145,2.5680554287849295,1.9632036349973863,0.0,5.045519059472423,1.2540654482386373,1.218257426358361,2.820493805050926,1.0636950417476412,1.1185824571098804,1.1132833562259208,1.9181849322437734,1.0411152289401158,1.0534105016009487,1.073698562344509,1.2425950968870612,0.6094981975894609,0.9016666534536051,0.9536503067175504,0.6879723314122917,1.664000643059826,1.5971763395810994,1.1047302581727656,1.3022279186194696,0.5491289460981037,1.590733051414035,1.2346607540959027,1.1010168957645154,2.7208362991841484,1.004665465164261,0.909659649699909,4.825046390397093,1.3950154235653662,2.9895272674216353,1.0697555242533596,1.4072081014818674,1.1657302991234555,1.6180553366025712,1.7822152641338762,1.2991299097057594,3.347034735069582,2.078653843814173,1.254912680933991,1.6810102108119223,1.1901683486830925,2.1222341773350655,1.9807956046330708,1.5103481854940006,1.0743830123716123,1.3057935449607943,1.1533059923112805,2.4896061455622176,1.091367342127073,1.084529216475886,1.6240952660944794,1.5011553538963822,1.0858559157018934,1.5754339256592407,1.0325370851153608,1.0655612350124175,1.8137777229451393,2.2848648342342193,1.3965034013042985,1.2208480602374072,1.2603918879438265,1.971760159145206,3.4983841946989553,1.9749838343560988,2.4476918358562703,1.4866938329617316,0.6587524882553919,7.972761492667628,6.251401607957318,1.6528109074705246,3.3893830534390803,1.2010415651931141,1.302805188027783,0.8138432313391523,1.8759221101730312
arc_pair_313438,5.328567878596434,5.229176085291423,4.491533714365182,5.342787175521757,5.256354644678309,4.420923193092326,4.807141379399768,5.045519059472423,0.0,5.617770677591707,5.250574125931978,4.60946980734972,5.23949777773463,5.434415384010223,5.242045826323597,6.063720078589338,5.4591002952866265,5.106080759006758,5.253744301481335,4.953607855449893,5.324354357441026,5.372119920809148,5.171677512670022,5.185672247366712,4.524122408452192,5.245666360389266,5.4242990194338105,5.4270823004559645,5.409086220591965,4.5334578389874896,4.8385427697648,5.179242459365544,4.227240396408639,5.46906471326172,4.713712537421128,6.419686956673878,4.498404713704022,3.6189968027014445,4.232332639583884,5.5769799521922545,4.489177752778906,4.748935154911091,5.3956349637989005,5.592485967160275,4.7003250037328375,4.582836866373713,5.5727553014971205,5.39809855802529,5.48024096125058,5.836510897518071,4.806444140062989,4.715126743718007,5.139988606388206,5.304976109584357,4.508199593777645,5.049906543449346,5.497407694022659,5.074862118232158,5.365706835878511,4.269648447165073,4.767014107352292,4.82928632084187,5.5346764002818265,5.549396618601568,5.777243570414482,5.465992645849199,5.509314218115945,5.343561859467053,5.315036105081422,4.841290942575261,3.8965436768761674,3.817735799160726,4.021113099057192,5.64413259600819,5.205896781610151,7.093244010988682,6.358274451170855,4.733064038790512,4.60105728095238,5.308189615749651,5.197803893965636,5.5942475124676765,5.582391663652494
arc_pair_203062,4.810954742007742,0.9148223769307742,3.027490476596764,1.0939528884100813,3.7569257046874838,3.7926623260981676,2.4771442689230727,1.2540654482386373,5.617770677591707,0.0,0.9455975047339903,3.148086399653359,0.6095077019561107,0.7384219621402615,1.6282100727116116,1.0679529134086592,0.42989403718611136,0.5155059376224194,0.7058798706305869,0.9370873200905427,1.2707093630483652,0.759161657050441,0.5494571349594702,0.8793030773691412,1.821319433866903,0.9034777225728678,0.4826264767926802,0.3644394404401096,0.9541231559607853,1.290692720998305,1.077333427224064,0.47004479647776337,3.2556874117886436,0.5207145529603081,0.8758570862083837,5.051944537361443,1.403518786113815,3.5154733699813896,1.033386466471075,0.6406455832267974,0.9912731731430768,1.2945652168900943,1.1300259163607773,0.6506253333387048,3.8065455870232023,2.199273404803796,0.5982824831299903,2.8164769046642646,0.7555800965104771,1.7349126965044235,2.2966844930064614,1.3675315846095057,1.082619948230474,0.6980000599746938,1.023002575575864,2.218067005611643,0.8170637995277794,0.6473582005859317,1.3861981998762771,1.875442634062347,0.613909641175467,1.3102232637776825,1.8699722937845056,0.33800312975230196,0.9244371143529957,2.1690071899641383,0.6872938508994233,0.6511464220367189,0.9499309154351894,1.8274579831979743,3.9545334457918937,2.392397130677154,3.250376826299338,1.0265116002691839,1.334891343047861,8.429437578020043,6.468399982098921,1.0047116890435392,3.9003206037862324,0.6419990764673122,0.7198826829885926,1.0865487808790961,2.412143209840582
arc_pair_197122,4.711455998231788,1.1167747796315803,2.8828352657037595,1.2191038933128,3.789568835852168,3.330434549012113,2.3805513276685133,1.218257426358361,5.250574125931978,0.9455975047339903,0.0,2.944428420777329,1.0397821849501272,0.925637260630963,1.5719702766188193,1.4837846216868826,0.7680507859991422,0.8738521410974451,0.9067677465043019,1.0354127998334657,1.3401896008229537,1.107469113372661,0.7929325867739537,1.0297468367076297,1.595531262799422,1.1744549044391717,0.887140960314247,0.9026104774004566,1.1671592251722371,1.3526490631434371,1.2203213889102773,0.8250149058803194,3.030244444978612,0.8621644735817078,1.0413777445366617,4.573179948433238,1.306856775183555,3.232637269193603,0.931688084903156,1.0916596164543078,1.13779876183697,1.2747337993524857,1.4057929561610532,1.0048897801846866,3.2024441126259067,2.251440242552162,0.9337863369546825,2.5698674916788504,1.057436208055781,1.7277058825566411,2.258030826822236,1.5589788396751434,0.9994755222350574,1.1139305848180858,0.9799000882012682,2.421246465312423,1.1292794413454017,0.8511772115095069,1.567089430405662,1.7299549644804957,1.0313192599578578,1.419638394075759,1.6783574039526576,0.802092982153613,1.3573522769219435,2.1313395492445144,1.0181913930428965,0.897887010995048,1.2043155112748438,1.8787761623467403,3.756250289029198,2.1633342806824456,2.818388383253813,1.2841674852878695,1.295018261514791,8.050640347350885,6.27008704376675,1.2388743891050873,3.5987090279821445,0.9712859538893444,1.1313789822508553,1.2282808411175852,2.3974840204927985
arc_pair_27742,4.2824532740958485,2.819154625135184,3.460627961386998,3.2653248563349555,4.207200387785864,3.9957421782950915,3.1244143273756553,2.820493805050926,4.60946980734972,3.148086399653359,2.944428420777329,0.0,2.833592681409771,2.9728804294760014,3.1831087451653586,3.640422414561015,2.9088068895928125,3.134592891022333,2.7345786169508135,2.764989981401725,3.526928408773518,2.9105812264878548,3.0064860596957725,3.2026836742628566,2.4465725517654677,3.149866428810947,3.200710228149544,3.2883978266454763,3.1876379149964045,3.0590221398366992,2.6103521439009754,2.945084340092048,3.265872150223971,3.2206674267463717,2.7640396984344457,4.965112559899225,2.448728572755472,3.054657596487602,2.3339749826846954,3.560758656879616,2.5301922781313735,2.5050041548849027,3.505692957002039,3.050721814347672,3.502778726450525,2.643317460934056,3.027540002563245,3.6746175653146405,3.0397824901119184,3.680612136907933,2.996059540628716,2.986392673420404,2.6510964786695674,2.877737866687145,2.6733161640055934,3.4995012456778847,3.3755343437143015,2.946985297330487,3.360717684394623,2.23620915811642,2.844191998619466,3.5247461145264696,3.3219289400034384,2.8889556320118532,3.4240096179670303,3.23130675223194,3.174687531935507,3.1183407888142085,3.238074305765129,3.1573410098923405,3.5628917265347653,2.6839226812272203,2.430953710739282,3.156974076668757,3.3234343078132116,7.467040487469976,5.885061068355544,2.9347280155289033,3.857803797904121,2.9525555878444485,2.8812965870760903,3.7786744663873617,3.6735059212864307
arc_pair_139628,4.64856381888581,1.0815763996476804,2.8524694126419066,0.9371041209762666,3.741490810404054,3.6614033573084686,2.435755117281113,1.0636950417476412,5.23949777773463,0.6095077019561107,1.0397821849501272,2.833592681409771,0.0,0.9937813151621371,1.3408107121592037,1.2853248961034474,0.644927420039248,0.6487451627753144,0.8315239729876871,1.0403673216471647,0.9882067358818132,0.7006032598610625,0.5917814845053527,0.8081220598171783,1.8375634825827987,1.217398392896568,0.6798329131497157,0.5734014916340926,0.9438111687507702,1.3798217011376908,1.158175984394976,0.7104797431132805,3.2444933006518366,0.698270850691197,0.7880654125574751,4.951500486270331,1.3879752534167227,3.3256665295879255,1.1706275303592533,0.9206156504342087,0.9663928270651941,1.0635016113402895,1.3365798769041437,0.7859393861445466,3.7408534331530596,1.9759537326509262,0.6631770449063641,2.5309857181774538,0.8185104571673227,1.7572133199446935,2.085762144104609,1.4486803745107273,1.134204717098764,0.7314756560908662,1.1212484603289017,1.9650577977896888,0.6936134236548296,0.7813779009079691,1.5105036290817844,1.7465347997251885,0.5770646148000347,1.3464193501467534,1.756296516367977,0.5644252650550967,1.1815608774177715,1.9547731348991881,0.7590743904961184,0.8920010870983501,0.9295502128041866,1.7868462699878827,3.8461896591550264,2.203156979255724,2.7992161367630946,1.0063981316891304,1.2819247650510293,8.373281410032403,6.428198576227386,1.0424798666639548,3.7060746575516683,0.8129037904017002,0.6902746833907291,1.0695450411427554,1.9980413906945744
arc_pair_557730,4.652261054560113,0.9328982796414934,2.8293481665836424,1.1174769884461329,3.7777910207538854,3.386719349617743,2.210299093636551,1.1185824571098804,5.434415384010223,0.7384219621402615,0.925637260630963,2.9728804294760014,0.9937813151621371,0.0,1.3889068877068516,1.4243640772018393,0.598081745733899,0.6858851701515924,0.6041734706020961,0.800235124609499,1.213430515190581,0.9277085453681899,0.6955665073191784,0.8497602176982681,1.4406692109378405,0.9475031222524011,0.7425246696016876,0.828826658299217,1.0693828356274393,1.33231581029087,0.9378348183180221,0.6233036715512784,2.83859095026158,0.7157217935295708,0.9305399474881888,4.919757431236059,1.123767813807035,3.1165088401261207,0.8343586607776947,0.9440466018460152,1.0011653160577416,1.2829726512047053,1.3722047762417935,0.9371089595059441,3.34011560961585,2.0273988656112145,0.7662241859317763,2.4494971737872335,0.8428848568874461,1.7158652909132743,2.035773998272302,1.3147594680918053,0.7293450904223984,0.9050474617993731,0.7692182600106365,2.3100529511028665,0.9311324920428752,0.6715661519366676,1.5971017795450366,1.550880869789748,0.9240151253040446,1.5742034634113042,1.471473921364904,0.5422236218410117,1.1159232189936892,2.0061228168347562,0.9761078959930678,0.6037666100703647,1.0874954491563393,1.6457844596967122,3.6457880249145065,2.164916499555611,2.7253586828045826,1.1294830211358045,1.3318782639337474,7.983306800228039,6.121905835398831,1.1939078293060377,3.5290078398004106,0.7124552499008627,0.9218178758524671,1.1483382780803904,2.3052091746736756
arc_pair_283483,5.017418801536476,1.9321131305765924,3.3389268377392565,1.2718262299564234,4.2585548736496035,3.067954047934042,2.7787688365450443,1.1132833562259208,5.242045826323597,1.6282100727116116,1.5719702766188193,3.1831087451653586,1.3408107121592037,1.3889068877068516,0.0,2.367987930127936,1.3706827170039246,1.4396189723287804,1.2033831510982953,1.4583028925029,1.0884865545045335,1.3559238759935015,1.5695567780272133,0.9902863520712188,2.0554416447650374,1.8370906369424838,1.6066197982590809,1.6089119406433123,1.2350199291035775,1.683299939600602,1.564091332547524,1.455103325459929,3.2734225920477282,1.3480821853025895,1.4117353746114785,5.34052284975698,1.6580655976324614,3.4925261820333997,1.2731923782215468,1.7367506239715076,1.3384388588348664,1.6619858012061484,2.214152269026899,1.5435801374127118,3.451282885398722,2.279097582362129,1.642299511427491,1.3394475348632042,1.668357819297672,2.5128480935330515,2.1035491146797214,1.7938857809480604,1.4320927801886016,1.264668470949541,1.399150096304958,2.9298346720945934,1.45179598282888,1.3514251672721573,2.0915975304919585,1.8730298428726413,1.700589401650711,1.8812550300423696,1.4117221203463748,1.4126756323603369,1.969947956824525,2.5914170746310794,1.556322109848848,1.4597254523155667,1.6601173805158314,2.3450383717153342,3.9889806187992862,1.8978927439267186,2.6833248231133946,1.878633357434938,1.3868699093426509,8.452729250240843,6.523069977527968,1.8821923887541323,3.690299085295229,1.7422942407033657,1.3066340847229592,1.4273585607870278,1.85012929422972
arc_pair_370771,5.319035011910161,1.463764058562289,3.4578780364599044,1.8461439819543193,4.218842049463218,4.448426018117169,3.199571224930454,1.9181849322437734,6.063720078589338,1.0679529134086592,1.4837846216868826,3.640422414561015,1.2853248961034474,1.4243640772018393,2.367987930127936,0.0,1.0501331712827913,1.1579125264886365,1.370138715322833,1.475159599310596,1.9981194956529333,1.4847083719521947,1.0425304732550917,1.55219808324795,2.623680011664615,1.5001049083629727,1.0462453342948612,1.0119145290968947,1.7010602332224907,1.8539617745722508,1.883141470563387,1.0749099314390573,4.003223617311964,1.2066443093759678,1.4644404429203894,5.5671686871449255,2.054397145058929,4.1208422157545215,1.5539582318637937,1.1344183070585596,1.775595580648115,1.7070636594332727,1.5419683545887173,1.384961157297525,4.455451968434284,3.00895100096472,1.1744141162160722,3.7910178304804663,1.2748325309182014,2.358860335310211,2.958048236051877,2.236216758483834,1.8291106214597836,1.4316780271838558,1.7409502019385261,2.476005441608016,1.3966996377488359,1.1569562545058074,1.923672086506533,2.4843553369537394,1.2234207338838186,1.8769390764600717,2.612986173873977,1.122910421817382,1.590753925727089,2.5312302051692543,1.2869678184061768,1.361738492549838,1.488716412558316,2.457242985412247,4.575553591725946,2.9252888773263055,3.7888185666272203,1.677990067616745,2.0753002674826155,9.055654713936622,6.797704851792754,1.4224082481949019,4.590247601130675,1.2956586394327858,1.5087477110668792,1.6482795620997581,3.2621206379258805
arc_pair_522221,4.761623037391386,0.6733752413240105,2.9030962338337165,1.0859395365124178,3.752419340409863,3.5117573080940585,2.401507826726996,1.0411152289401158,5.4591002952866265,0.42989403718611136,0.7680507859991422,2.9088068895928125,0.644927420039248,0.598081745733899,1.3706827170039246,1.0501331712827913,0.0,0.6064324056870702,0.5044444423310899,0.6620143633289394,1.1546575029266795,0.8366852355344307,0.4358756728036718,0.709479273689147,1.6319084624966604,0.6215236759055035,0.41837464363755783,0.40513685349254785,0.8710241802412525,1.0921372798624898,1.0633827460683523,0.25727560293178553,3.1235573605357536,0.5106867900742771,0.6932500558927137,4.939464297758996,1.1642622855901454,3.3396288912872665,0.824277175414694,0.5716707928207615,1.0094313407307496,1.0321717448322854,1.0096263425981842,0.6542236435535238,3.5607941556456293,2.1036165460760925,0.4903428477858389,2.704107026935419,0.7632364832246158,1.5869755120980513,2.156899336553848,1.2370397640638744,0.857750743956156,0.6344862752029737,0.7556146489099667,2.157285819416082,0.7571296792566526,0.33305269491641065,1.273411747022762,1.6468714856080713,0.688721804611363,1.4406271665431065,1.7742992188656075,0.3274001994237194,0.6328956584618985,1.9947219534328906,0.5992617878420679,0.60036489604424,0.8002043644047484,1.6906309741888847,3.8837437303069766,2.0389326867055018,2.8885180887880555,0.9444440749950617,1.284849146624919,8.24839465822226,6.223991939490732,0.8795873380135947,3.8036699942283345,0.5648947693538577,0.5688870224819758,0.876313732421337,2.2667523984523914
arc_pair_624573,4.732993443714991,0.9233144839138956,2.7098263527086988,0.9491097063894326,3.6541309095508607,3.5404248447917164,2.220592359928066,1.0534105016009487,5.106080759006758,0.5155059376224194,0.8738521410974451,3.134592891022333,0.6487451627753144,0.6858851701515924,1.4396189723287804,1.1579125264886365,0.6064324056870702,0.0,0.738492521223081,0.7752888596079398,0.9890767464094107,0.6776173176976703,0.36739239823792236,0.8234552997006713,1.7337495693230762,1.0159700565598409,0.56740817392536,0.4067506319342974,0.8410547348680626,1.247730511608743,0.8972544699919122,0.5474050531962338,2.8344288910870516,0.4480454391769977,0.7390692223230637,4.907101722082249,1.037224040640412,2.932065275704061,0.9348959422349762,0.6887259179698282,0.7253563957115967,1.1979905217923008,1.1285882859728567,0.8535710167263175,3.4924261712110733,2.0284159720204262,0.582865508959157,2.2899833716573736,0.6559901122022863,1.6671236023349874,2.005381321136413,1.2170844169754325,0.9184954307120496,0.7437092476216937,0.9719217828236728,1.862581793991734,0.5557332611870697,0.6178335620988554,1.3818737194976831,1.6272402377621156,0.5033983764149925,1.0359734670286518,1.5431938353001864,0.475546518064213,1.093470578014182,2.0786980490601654,0.7302196509101648,0.5782496001587436,0.9279368007250769,1.5216572574792449,3.6806420981501033,2.3018343221609943,2.952163278476345,0.8755777676636184,1.0664402666176378,7.9491999583885455,6.2039481344458665,0.9110631435199055,3.3666019649571575,0.5821478412393957,0.8438268744521202,0.8649104703303286,2.4155430159110516
arc_pair_144158,4.320059971847462,1.0191408811054186,2.8009487711438483,1.0279605938285752,3.602213378614185,3.2311080842505624,2.27225455070829,1.073698562344509,5.253744301481335,0.7058798706305869,0.9067677465043019,2.7345786169508135,0.8315239729876871,0.6041734706020961,1.2033831510982953,1.370138715322833,0.5044444423310899,0.738492521223081,0.0,0.8517975341814072,1.1894455611945538,0.8061375096798883,0.6633250996339044,0.7620940876445969,1.4795102015730386,0.8936441730530956,0.7576873070434557,0.7364839699098286,0.8965482673175371,1.0472060547615119,0.8858476445158058,0.5995064741435658,2.7389490430135424,0.5935727806328601,0.9380715191059331,4.784541221110268,1.0459635229866067,3.1379843513309478,0.7776947117327695,0.7502555677566336,0.9175156221412236,1.0029461492494183,1.3373206310788488,0.9102342651028142,3.234312681972748,1.7894524231437443,0.8391227184639718,2.1590692225702206,0.7381459459022444,1.6608281764295436,1.77411681508355,1.2806111114859862,0.6788489210347306,0.7913323467936562,0.6383630303373168,2.250755010692291,1.0114119224214844,0.7161752802733037,1.3631716134137914,1.4732412537584176,0.9788154495815138,1.4922376392710612,1.4103215804930076,0.5763003014161374,1.102251769149067,1.948371270682503,0.8494723771835507,0.709631131831479,1.0141612814938,1.7259340508534358,3.6176066724015574,1.820000053117555,2.575283921372905,1.206397593138135,1.3107654108694964,7.992440722022299,6.067360666509683,1.0943413864032263,3.4189165709266276,0.5985453692613133,0.7576937389082227,1.1008427792954343,1.8702821087678227
arc_pair_593564,4.419839543614213,0.8797724169918179,2.5582602699585437,1.2463855333721487,3.638492408811635,3.57440357841557,2.1769658975561743,1.2425950968870612,4.953607855449893,0.9370873200905427,1.0354127998334657,2.764989981401725,1.0403673216471647,0.800235124609499,1.4583028925029,1.475159599310596,0.6620143633289394,0.7752888596079398,0.8517975341814072,0.0,1.4719666705192895,1.0348796435245946,0.7871987017654742,0.9979800720843279,1.4050173792497926,0.9783836341049519,0.8064984264140473,0.7475044398220854,1.2403614505691258,1.3167044114130224,0.9702228444156349,0.5653102788381897,2.5188115223461587,0.9312379616597657,0.9899810633604047,4.670400712265138,1.1032331914686704,2.851366234826506,0.9735299680057548,0.9914471365278871,0.9393834540068513,1.3291720280964938,1.2742736215642965,0.9734544704910889,3.1901753031136235,1.9715806135804086,0.6882919194282647,2.3579958443432076,0.9506974573852025,1.8493797470929616,1.8826668547341647,1.3004194046607138,0.8792200049575989,0.9788761100363097,1.010330010450909,2.0947563578071375,1.0218182698264844,0.7041092984841119,1.541899628473701,1.5929320687510116,1.0385518472886095,1.5805284894236176,1.7459413340379017,0.700646235713605,1.0455913098357101,2.093382681954566,0.9662961905899001,0.7897381419000173,1.1643948514369513,1.4933623509660017,3.496287461020873,2.120383453715501,2.7150741155815195,1.1637719703101208,1.4667230976733499,7.447614131638448,5.818609002044323,1.2112002735176386,3.3567983692080725,0.8079424728726512,0.9568723458956694,1.1618539179400904,2.6222688909707794
arc_pair_708260,4.961584812805929,1.594096408737845,3.2966204852273466,0.5136245498890246,4.24199509261573,2.9250164983606206,2.463405697833399,0.6094981975894609,5.324354357441026,1.2707093630483652,1.3401896008229537,3.526928408773518,0.9882067358818132,1.213430515190581,1.0884865545045335,1.9981194956529333,1.1546575029266795,0.9890767464094107,1.1894455611945538,1.4719666705192895,0.0,0.9459367681142195,1.0107133682449083,0.6152862687968945,1.938539564282575,1.6554394244320272,1.1399012267686879,1.220397617051888,0.5999282858397058,1.607039305777184,1.4459997816307506,1.1599756912051316,3.096614781139282,0.9844987485137138,1.0456015224703432,5.246385802821737,1.6278392554918273,3.4666430983923733,1.2788217714356422,1.2845726784042677,1.092463669358429,1.6636685098681325,1.8180341043834531,1.304850902551204,3.8168035723742344,2.2775082796393584,1.3272500397117593,1.7740601226247028,1.2182285965673967,2.102032965304483,2.193944099434933,1.6735786318610302,1.1770394382642175,1.325334615258539,1.3808003995914238,2.752460663079007,1.0360108326321373,1.077505344418233,1.562887246091158,2.0012409933308057,1.1912210997299861,1.5360963205219647,1.285439357507945,1.0847288191380922,1.8712079094495557,2.3981601645848554,1.340756215661896,1.2692785214865394,1.1979878090438476,2.205539469076964,3.8677182403661994,2.1103475054835537,2.9562522434527754,1.5364318583478498,0.7337630225924818,8.493304486641922,6.784841189680687,1.6560365895771152,3.5384299722899852,1.1674261687354515,1.2387489206098523,0.7395614464334408,1.6624491207496188
arc_pair_247784,4.665829097430679,1.2723377336705555,2.8724234688131234,0.7273221948473847,3.9140412910461237,3.5992141928336947,2.3405372954599404,0.9016666534536051,5.372119920809148,0.759161657050441,1.107469113372661,2.9105812264878548,0.7006032598610625,0.9277085453681899,1.3559238759935015,1.4847083719521947,0.8366852355344307,0.6776173176976703,0.8061375096798883,1.0348796435245946,0.9459367681142195,0.0,0.7229226351692082,0.9240509447515786,1.6879375120379385,1.3846183474733822,0.8643848284615476,0.813339641605988,0.8450745926277836,1.4571675552138332,0.9653031248142843,0.7406556306649207,2.8856770502775637,0.7185806278807714,0.7806954643583822,4.862674853790659,1.4356547335928442,3.3003999381372706,1.0610417423954592,1.0098471078373024,0.7005577055516337,1.3762009752444855,1.4061733010294166,0.8539414637067071,3.6625993345644328,1.909299896733849,0.8659680784225052,2.2473579501746643,0.7513768362314652,1.910795464141353,1.9686813884308618,1.5071032107002873,0.9385737903230602,0.9584870579388911,1.1347532175250046,2.1750899513334065,0.8707567814759278,0.9186550865265488,1.4336911268626134,1.6536199965433875,0.7045106102190737,1.329747653312918,1.488063391005646,0.6707346659045497,1.480006789266338,2.047407866262512,0.9748061203623182,0.9948932560744519,1.0298545696439876,1.8135675310469392,3.695853140015723,2.3087107293230402,2.9177817335060645,1.1446951160333907,1.1213301642093714,8.279724921838307,6.364281167783305,1.2532124668572724,3.506035123604798,0.8556665180265193,0.9736501237896942,1.1752096097980034,2.19871401026984
arc_pair_511862,4.764898887922514,0.848325777754938,2.809704306344207,0.9331713017735545,3.636207024073823,3.4536153401783807,2.237856906925071,0.9536503067175504,5.171677512670022,0.5494571349594702,0.7929325867739537,3.0064860596957725,0.5917814845053527,0.6955665073191784,1.5695567780272133,1.0425304732550917,0.4358756728036718,0.36739239823792236,0.6633250996339044,0.7871987017654742,1.0107133682449083,0.7229226351692082,0.0,0.8085716079158274,1.6741575517695926,0.8668966852107959,0.4666991049746392,0.4418464792574699,0.8541958934332208,1.1944803984904744,1.0124495566220681,0.48532234216117276,2.930736158688512,0.4924812187005737,0.6995070763192908,4.883548985695212,1.07820312419999,3.043496614361432,0.9007469483045577,0.6044035077017615,0.9181206760070748,1.1441206591447473,1.0417402770114441,0.8628079352349018,3.5980049176942783,2.1241130129737127,0.496021534027671,2.7131481195622618,0.6376467149307335,1.6663214943796643,2.0844288616890188,1.3748595263268406,0.884975140093252,0.7756643764835212,0.8728661154735606,1.9420993574098548,0.655034887138664,0.53658586619533,1.2833192520619705,1.6700483171318032,0.49357260075013465,1.1446957112978542,1.661412618027363,0.4552554435119419,1.0697732764211993,2.039692371818015,0.6945147747257534,0.7384642129942712,0.7916200216997569,1.521705765348737,3.7166893616896552,2.212698488401478,2.85950052402532,0.8898552810229786,1.1792812733271425,8.063222282204366,6.270658818702232,0.9389031518357297,3.4780531444051657,0.46147325848723686,0.8079180725435812,0.8214348125143959,2.3704441741671416
arc_pair_270697,4.8158141793285685,1.19469189658724,3.1098297467173426,0.6596072214110322,4.049743504742073,2.8168243375946957,2.48170537867426,0.6879723314122917,5.185672247366712,0.8793030773691412,1.0297468367076297,3.2026836742628566,0.8081220598171783,0.8497602176982681,0.9902863520712188,1.55219808324795,0.709479273689147,0.8234552997006713,0.7620940876445969,0.9979800720843279,0.6152862687968945,0.9240509447515786,0.8085716079158274,0.0,1.8704722713821011,1.2186846351305862,0.7214531485473445,0.8752265116918259,0.5714409013417707,1.446862948553132,1.2373025826171822,0.6688097020884074,3.0734854226090826,0.6793161713098426,0.7779952687662184,5.1337128872471425,1.4785419536039028,3.3657201640908188,0.9005993303305562,0.8275948115926962,1.047188262973022,1.376961478725918,1.463729681704011,0.951791201776762,3.715703282910321,2.093867063997117,0.9894395027423104,1.9376228598067906,0.9470911539524833,1.9483953742012072,2.1704019897228894,1.490188765293718,0.7840135759170075,1.1097208784030743,0.8762946851622022,2.5860146992411,0.9420933978489922,0.8683776751623153,1.4874618160400939,1.8286219852094359,1.0475772308188493,1.6241541455464534,1.3743249614831288,0.7483124429731272,1.2982483515071137,2.191995895224718,0.9776011696586917,0.8685212491639986,0.9590426019123385,2.0399824872760743,3.883228441501645,1.9744622451514302,2.804030553210014,1.2375615344735178,0.8503020148683336,8.304806421674794,6.470909215782216,1.354110470656102,3.6582250555465192,0.9253053346096258,0.8857855130840817,0.5427445098210391,1.626236249618626
arc_pair_446116,3.854669587476137,1.512216047936913,2.736767626834896,1.8079978823811187,3.440797189637103,3.2257503810448966,2.0604651923696475,1.664000643059826,4.524122408452192,1.821319433866903,1.595531262799422,2.4465725517654677,1.8375634825827987,1.4406692109378405,2.0554416447650374,2.623680011664615,1.6319084624966604,1.7337495693230762,1.4795102015730386,1.4050173792497926,1.938539564282575,1.6879375120379385,1.6741575517695926,1.8704722713821011,0.0,1.8063397073084158,1.8414681299281834,1.7923385608552507,1.9238063823462912,1.7666964465004846,1.2060123060790744,1.6193773360117487,2.0355355468834304,1.8019801035681449,1.6901833846704553,4.293536643840475,1.1854384172706764,2.472276623869755,1.2561662046587632,2.1230042797507562,1.2812529190032222,1.8110843487710593,2.157181884400788,1.6777620932962338,2.5018374196859434,1.937770262952203,1.7702428280164169,2.4209624441653883,1.6868810108194572,2.4606550616518743,2.0089751749332145,1.6688418370894906,1.200384404728549,1.8075515651948393,1.3304834567583699,2.827425504186401,1.9506942038359654,1.6211154683090285,2.1664034916671877,1.6012019466707543,1.7715946287604223,2.187055691332425,1.8198911360200374,1.5721312296944157,2.2835343385590816,2.4785681120339897,1.9670824208298074,1.5543607720914854,2.251256542271738,1.8796228079483606,2.5999986691841093,1.9047835263773822,2.287402981992148,1.992773390459329,1.902722263691551,7.049559258974537,5.587045819177938,1.9749557657969632,2.7491545097565537,1.4328277628855082,1.7192835395926105,2.2153247780269627,2.7254346836704406
arc_pair_664080,4.672938025479011,1.047945522374555,3.0221749970592153,1.590460620714753,3.8961395310477913,3.3903684896460455,2.6241035633464866,1.5971763395810994,5.245666360389266,0.9034777225728678,1.1744549044391717,3.149866428810947,1.217398392896568,0.9475031222524011,1.8370906369424838,1.5001049083629727,0.6215236759055035,1.0159700565598409,0.8936441730530956,0.9783836341049519,1.6554394244320272,1.3846183474733822,0.8668966852107959,1.2186846351305862,1.8063397073084158,0.0,0.8180884928925076,0.7344260291870714,1.420256144163028,1.1480704370912478,1.5223473471656608,0.6357349590537995,3.163162165308663,0.8901869141859244,1.1310632081002507,4.900281939389791,1.244204422692253,3.3872544733115126,0.8815283164088618,0.84730268104409,1.2072265186292999,1.0934862443884608,1.2397288069864545,1.1175290381067369,3.6629385858948305,2.2736970208426177,0.922311834725273,3.010709301284128,1.2155381880515284,1.748045983096619,2.351812743000307,1.355210014373719,1.2208038284790208,1.081001473236728,0.9619066352548254,2.4713714677160525,1.2001130102760647,0.6493126767664272,1.3597709432062293,2.146725016220299,1.1243398119146297,1.5594866161745289,2.016511502978506,0.9481500645261794,0.905786872368223,2.2337555014409993,1.1548842162880726,0.9655205217560978,1.2612712642660222,2.005434622496522,4.024922200179629,1.9892111468241211,2.969414126754576,1.4229757601014246,1.6413931871268834,7.776401111065251,6.287167634546397,0.983885981499886,3.841638418184881,0.9177906158023705,1.0662414431257272,1.2650947786878775,2.370015304944471
arc_pair_257072,4.918781727428533,0.6985472829468711,3.0184912855293677,1.0348390616993424,3.880578360390274,3.5945627860717377,2.4487508352094434,1.1047302581727656,5.4242990194338105,0.4826264767926802,0.887140960314247,3.200710228149544,0.6798329131497157,0.7425246696016876,1.6066197982590809,1.0462453342948612,0.41837464363755783,0.56740817392536,0.7576873070434557,0.8064984264140473,1.1399012267686879,0.8643848284615476,0.4666991049746392,0.7214531485473445,1.8414681299281834,0.8180884928925076,0.0,0.47621813343441155,0.8356015204019325,1.3032735609498332,1.2019504209584306,0.47475046918248665,3.257910205193181,0.477182975395149,0.7221787676873344,5.06984952878602,1.2964409890738897,3.445009890569284,0.9596571111197639,0.560221628142048,1.0750619148879959,1.2104459909929046,1.103743790362705,0.6960719936787059,3.8923843905029374,2.2201995942654094,0.4787543254483225,2.804632023086732,0.7566201799542899,1.6370846449254515,2.3325944144801,1.3073819404735236,0.9789908193715448,0.8483236614261033,1.072304541614303,2.190660363586727,0.7599436641998024,0.4001479038512454,1.3630782282099843,1.9283365745420498,0.6144155917701803,1.3957612602039644,1.7961707111169762,0.4674479281281405,0.9262568642942207,2.1577680255098897,0.7463297738931471,0.6369805524596696,0.8097982050536217,1.7849115855488433,3.9617821316591595,2.310814818502086,3.1315450397572366,1.0000601118106833,1.2212605988668614,8.340590173886858,6.5125316562179405,1.0780997783049138,3.8005233571487484,0.5944120842843716,0.7837633938954651,0.8255111760406606,2.419521080024685
arc_pair_547258,4.805989372514945,0.8681851450524785,2.9415149571586636,1.0650054539616458,3.756780065555474,3.7724844400777036,2.607737912189455,1.3022279186194696,5.4270823004559645,0.3644394404401096,0.9026104774004566,3.2883978266454763,0.5734014916340926,0.828826658299217,1.6089119406433123,1.0119145290968947,0.40513685349254785,0.4067506319342974,0.7364839699098286,0.7475044398220854,1.220397617051888,0.813339641605988,0.4418464792574699,0.8752265116918259,1.7923385608552507,0.7344260291870714,0.47621813343441155,0.0,1.0182314839546245,1.1303709933491504,1.1956840377121736,0.3602467794615755,3.268393660839521,0.518956230430234,0.8343449634999038,5.071697379378595,1.3277373452600107,3.4426603759347567,1.0064290989527442,0.5443958966848608,0.9663247183228608,1.10832928007235,0.9751081865169937,0.5760704448627711,3.8517797310091018,2.2348407506517223,0.48228266673344844,2.7335126835894803,0.7579435646327738,1.616780737830461,2.336901533702094,1.254700624464015,1.190517997445747,0.6063086985741597,1.0369754478509206,1.9783103268799473,0.6434647635365374,0.5159167422932898,1.2667429647717063,1.9345011171989523,0.525574861979911,1.2997861219922817,2.010608566426291,0.3968190695626106,0.802420109535853,2.0631148984338785,0.704156434925679,0.6312618919950956,0.9908607302216483,1.7231805442280146,4.067572247000154,2.3620940236448402,3.4551687985346575,1.0063348604512643,1.3956746404820057,8.360935545465903,6.583848297138449,0.8188828128416367,3.845085908876237,0.6012104816050423,0.6411042451488125,0.9685758220265491,2.4293751226821794
arc_pair_67750,5.018346022421002,1.1890350282483075,3.1523635886949717,0.5835326368637498,4.141463155695581,3.1919302566946497,2.3133600278150888,0.5491289460981037,5.409086220591965,0.9541231559607853,1.1671592251722371,3.1876379149964045,0.9438111687507702,1.0693828356274393,1.2350199291035775,1.7010602332224907,0.8710241802412525,0.8410547348680626,0.8965482673175371,1.2403614505691258,0.5999282858397058,0.8450745926277836,0.8541958934332208,0.5714409013417707,1.9238063823462912,1.420256144163028,0.8356015204019325,1.0182314839546245,0.0,1.5544285923947623,1.3500624047627348,0.8954386870678857,3.1178410870255333,0.7365576094763022,0.9300196879890732,5.1449831692822965,1.630347453216526,3.4094381059732517,1.063319250057675,1.0608794428532051,1.1606781758609417,1.4822850318319738,1.6031086897414681,1.094258734141131,3.71513977479751,2.2101629671221357,1.1131246948126527,1.909214522593998,1.0097137055684113,1.943384119717504,2.231658091739679,1.454432537940614,1.1879229933985695,1.2245956305977748,1.2032927719705515,2.4538330182691768,1.1411561602055365,0.996268104592096,1.6353173904754366,1.7036209515520695,0.9441291576174214,1.5045291458108427,1.2816500757672498,0.9272962804078272,1.4902598405459662,2.248745334133768,1.2352810052222831,1.0687120599364046,1.0030255250716944,2.168571157431173,3.867741862497359,2.2272134449174374,2.937830966751182,1.319632086033427,0.6126797601273032,8.46480269197424,6.625194650424223,1.466060095315286,3.770567427331997,1.0746883883339249,1.0934295059131738,0.6470972880808267,1.9327763835297522
arc_pair_720681,4.174640550925386,1.4838642683477898,2.647165561987041,1.5651881015812243,3.413164197935003,3.3137972285409445,2.2305734916170588,1.590733051414035,4.5334578389874896,1.290692720998305,1.3526490631434371,3.0590221398366992,1.3798217011376908,1.33231581029087,1.683299939600602,1.8539617745722508,1.0921372798624898,1.247730511608743,1.0472060547615119,1.3167044114130224,1.607039305777184,1.4571675552138332,1.1944803984904744,1.446862948553132,1.7666964465004846,1.1480704370912478,1.3032735609498332,1.1303709933491504,1.5544285923947623,0.0,1.353963839229679,1.1414954913409017,2.678056955641913,1.2821746247348635,1.4759982115673784,4.721640260573408,1.5442205012635457,2.997865144594789,1.119415941071448,1.318527090897725,1.2489600410582098,1.2210005696783717,1.666383213026963,1.4316820318086616,3.3462200307061893,2.107074804303247,1.3352882712655723,2.5461068517504994,1.477344013857567,2.066087596424443,2.1173138972049967,1.6439855561737298,1.4451444793847144,1.160496181586186,1.170799710631986,2.504543915514693,1.456668767138488,1.092880473699342,1.6800063944640748,1.7172065124151086,1.3255604492212034,1.550389347120427,2.0230190033113318,1.2237475649661556,1.5166716822132202,2.292485998456315,1.3431147927937552,1.3386644236728462,1.555815704106535,2.059419772040707,3.357734966119673,1.843019149962951,2.6415569424400798,1.8074669542024826,1.7477702859322464,7.3543141971968335,5.690543865649022,1.3140767396753559,3.39069019506907,1.296960143464706,1.217340400250369,1.6557723871492114,2.184104318162828
arc_pair_347280,4.326508076759445,1.2980497575666816,2.266752834779863,1.2661531225025844,3.4437381267974314,3.4210796500700034,1.8375287625037764,1.2346607540959027,4.8385427697648,1.077333427224064,1.2203213889102773,2.6103521439009754,1.158175984394976,0.9378348183180221,1.564091332547524,1.883141470563387,1.0633827460683523,0.8972544699919122,0.8858476445158058,0.9702228444156349,1.4459997816307506,0.9653031248142843,1.0124495566220681,1.2373025826171822,1.2060123060790744,1.5223473471656608,1.2019504209584306,1.1956840377121736,1.3500624047627348,1.353963839229679,0.0,1.0655493581896334,2.3211646520300957,1.1106203217186972,1.2674394050909032,4.422113666238792,1.116338716203911,2.644607620018456,1.1035203452912483,1.461433312483874,0.8500478396153919,1.575992380086376,1.6516868855617604,1.2288102836510117,2.977761980112262,1.7723574375296067,1.1393833934512243,1.955773984903613,1.112395888352294,2.168015429684189,1.510597826735668,1.4506990639695077,0.7190139168950811,1.0765948548381883,0.9488456945018112,2.2493112589996467,1.1804955791446226,1.2173084921222959,1.8662488412986151,1.3559572188689597,1.1613379498692415,1.59934444686839,1.3635581948507371,0.8793782580631644,1.7606628673151148,2.2736901369079443,1.2420994096873375,1.066755037042532,1.569585230592791,1.6151098584912271,3.075047688100494,1.9782051324090881,2.3407442668217158,1.454888116555177,1.4837738151942559,7.4625601890405395,5.623266350696943,1.5415015450383434,2.9218767997391732,0.9002637892337433,1.1476345084312363,1.6206073159824166,2.343775743420078
arc_pair_588558,4.560077551848211,0.7595426216146259,2.7535363165480358,0.8954888256586032,3.6426431600636295,3.520765167214508,2.3839641790996504,1.1010168957645154,5.179242459365544,0.47004479647776337,0.8250149058803194,2.945084340092048,0.7104797431132805,0.6233036715512784,1.455103325459929,1.0749099314390573,0.25727560293178553,0.5474050531962338,0.5995064741435658,0.5653102788381897,1.1599756912051316,0.7406556306649207,0.48532234216117276,0.6688097020884074,1.6193773360117487,0.6357349590537995,0.47475046918248665,0.3602467794615755,0.8954386870678857,1.1414954913409017,1.0655493581896334,0.0,2.9515104546452138,0.5846186273296425,0.6679170838180789,4.867388045945999,1.1951102916944847,3.256947894216421,0.7065757008918997,0.5347546389156042,0.817432669713333,1.0868394333194136,0.9354069499507297,0.5765008038834071,3.51551783066591,2.0472863676435833,0.5038884155580379,2.6202929267466297,0.7050361630221883,1.5846442070166187,2.0294102801608274,1.1359703313353562,0.8298752854333472,0.7211932268837067,0.7944541399547645,2.0682736909210715,0.8045599549429927,0.36870561630118825,1.2628321758719045,1.775928443329835,0.6654910694561147,1.4267551063204584,1.8482115337449838,0.3635713616088674,0.6578196484266966,1.944681985098719,0.7649234285636484,0.5993454675076669,0.7590648566771268,1.5922492604551164,3.775032669387893,2.148696655733795,3.0142384969489964,0.9082684409320081,1.2413792813936817,8.009236507934437,6.241370499422005,0.8660517208504439,3.7135430206658975,0.524596079656414,0.49300163484278114,0.8552807815608173,2.2754417407746286
arc_pair_594469,4.154213450707882,3.0010995180130755,3.4814662954203746,2.920217615630182,4.227124585594755,3.9357768793056,2.4713360797061923,2.7208362991841484,4.227240396408639,3.2556874117886436,3.030244444978612,3.265872150223971,3.2444933006518366,2.83859095026158,3.2734225920477282,4.003223617311964,3.1235573605357536,2.8344288910870516,2.7389490430135424,2.5188115223461587,3.096614781139282,2.8856770502775637,2.930736158688512,3.0734854226090826,2.0355355468834304,3.163162165308663,3.257910205193181,3.268393660839521,3.1178410870255333,2.678056955641913,2.3211646520300957,2.9515104546452138,0.0,3.1921637004556573,2.9499814396229533,4.885962086927105,2.1110913553920136,2.3334655100049355,2.3513579325980323,3.228375688967899,2.204185756131113,3.235599647382875,3.5340933147417326,3.4205139993234077,3.1046781215788015,2.702570150936369,3.307849133309268,3.218017969444401,2.8189691285448566,3.8391948005034973,2.6113884025023806,2.8920989148108145,2.238197215221418,3.166005696658757,2.647116025747901,3.7179738983545243,3.2360783128628636,3.0489888298576524,3.2713317473320034,2.4189743803251673,3.0249956066201182,2.990618981187839,2.787432243997606,3.033090179884219,3.699879351976356,3.650701817660063,3.1288070324762387,2.9360727200045647,3.30004148473136,2.616821845735862,2.7894092911827446,2.5969338554367054,2.7158585388601137,3.227093509026651,3.010254712080295,6.792691942477264,5.371434999327406,3.160731859007466,2.679050533835488,2.673170437408661,3.199474955875259,3.207587019809679,3.70059329434646
arc_pair_649403,4.855108188959731,0.9460117698603712,3.0374139793609096,0.9836874842569674,3.8378182475366494,3.496341172590293,2.5004349672638475,1.004665465164261,5.46906471326172,0.5207145529603081,0.8621644735817078,3.2206674267463717,0.698270850691197,0.7157217935295708,1.3480821853025895,1.2066443093759678,0.5106867900742771,0.4480454391769977,0.5935727806328601,0.9312379616597657,0.9844987485137138,0.7185806278807714,0.4924812187005737,0.6793161713098426,1.8019801035681449,0.8901869141859244,0.477182975395149,0.518956230430234,0.7365576094763022,1.2821746247348635,1.1106203217186972,0.5846186273296425,3.1921637004556573,0.0,0.6488614384226645,5.062566953193352,1.1508014904405122,3.3454619748259233,0.8404497426115538,0.5771735993667139,0.8802034353701649,1.0745362663624987,1.1650409553128056,0.7590752635635984,3.7223030804513026,2.084291529259584,0.6543377521517464,2.4852252506352492,0.6422258839135838,1.6600161932522373,2.186890463526392,1.3338872252833203,0.87978111938406,0.8518269618492031,0.8725061739756584,2.254446671475139,0.787234909806187,0.611845328579731,1.2752668394649675,1.699808431777636,0.7316119725261274,1.2266688104877947,1.5353457502768586,0.5740425868458977,1.1201838007476215,2.101795633863529,0.7711837985094486,0.6185484840145568,1.018919911651781,1.7476711318992235,4.057745612741517,2.1546161862796107,3.029934119203565,1.0619256719116121,1.0544418940149018,8.332278651170821,6.474995330461988,0.9589218894964466,3.5291478416011084,0.6020874786173613,0.8299009709336519,0.8070262040368598,2.277905590753563
arc_pair_599471,4.614546525338651,1.0101468180526005,2.8758847215288936,1.0431119806501072,3.6613114463393805,2.9698922938681256,2.3920763678763994,0.909659649699909,4.713712537421128,0.8758570862083837,1.0413777445366617,2.7640396984344457,0.7880654125574751,0.9305399474881888,1.4117353746114785,1.4644404429203894,0.6932500558927137,0.7390692223230637,0.9380715191059331,0.9899810633604047,1.0456015224703432,0.7806954643583822,0.6995070763192908,0.7779952687662184,1.6901833846704553,1.1310632081002507,0.7221787676873344,0.8343449634999038,0.9300196879890732,1.4759982115673784,1.2674394050909032,0.6679170838180789,2.9499814396229533,0.6488614384226645,0.0,4.883907963133398,1.1407736797369634,2.9489368061371013,0.8889893083324323,0.9500136361920084,0.8587751952276346,1.2463871594585518,1.2075295065205927,0.9058984538320441,3.4622658488154148,2.032056723088167,0.8336501209481464,2.421294821048733,0.8633735948798213,1.7430669413424922,2.13890560187626,1.3824568184105055,1.0365153176254172,1.0966791037332133,0.8414579396058313,2.184729038283336,0.8180476094012662,0.6633791896200244,1.4333753367134257,1.5190742004954991,0.7135049527647255,1.375710005894833,1.7083077467663028,0.7876431530948451,1.2722888977507845,2.1492560103159235,1.0872786491116224,0.8644867899228086,1.01505283580835,1.6459997794634575,3.5752217327735907,2.0028178292507284,2.53651260795044,1.144886719391328,1.1472294870396444,7.865468500996247,6.233163098541934,0.989862521332488,3.405489718736219,0.9555977908821818,0.9910465042666742,0.9825861877205017,2.335320196334333
arc_pair_718797,6.5989040042618115,4.8319312149710925,4.873420710994829,5.181361883922245,5.9091222772129495,6.170515042264457,4.640387970372977,4.825046390397093,6.419686956673878,5.051944537361443,4.573179948433238,4.965112559899225,4.951500486270331,4.919757431236059,5.34052284975698,5.5671686871449255,4.939464297758996,4.907101722082249,4.784541221110268,4.670400712265138,5.246385802821737,4.862674853790659,4.883548985695212,5.1337128872471425,4.293536643840475,4.900281939389791,5.06984952878602,5.071697379378595,5.1449831692822965,4.721640260573408,4.422113666238792,4.867388045945999,4.885962086927105,5.062566953193352,4.883907963133398,0.0,4.477606224142134,4.864874369067727,4.48073434923474,5.416696541305222,4.21806848589165,4.804996533892794,5.286531229693012,5.169164081599973,5.101720915006837,4.717560113945673,5.089828356455416,5.6350616332936925,4.910952714316275,5.522317707183369,4.703004045638,4.7830073616154,4.437807204324409,5.148277157778603,4.641756166720036,5.518508840609706,5.051344951029926,4.956208432150906,4.545389717732926,4.587566018129895,4.794197714673841,5.006245654917588,5.097510478217852,4.938575626892679,5.248443121131307,4.9511113084173,5.005709195029215,5.055689592518581,4.968456130169392,4.98676206642214,5.2779945320909825,4.54814894907008,4.890615310080238,4.828777998230519,5.004770601116178,8.585035515706434,7.26024537469588,4.747942420934394,5.545690684416332,4.70197374502483,4.974733281497927,5.437863760788074,5.647724189817295
arc_pair_695283,4.100706658086192,1.2138846837010642,2.8037854258232784,1.613997635629752,3.330230989647991,2.993813767767216,2.0093619173980364,1.3950154235653662,4.498404713704022,1.403518786113815,1.306856775183555,2.448728572755472,1.3879752534167227,1.123767813807035,1.6580655976324614,2.054397145058929,1.1642622855901454,1.037224040640412,1.0459635229866067,1.1032331914686704,1.6278392554918273,1.4356547335928442,1.07820312419999,1.4785419536039028,1.1854384172706764,1.244204422692253,1.2964409890738897,1.3277373452600107,1.630347453216526,1.5442205012635457,1.116338716203911,1.1951102916944847,2.1110913553920136,1.1508014904405122,1.1407736797369634,4.477606224142134,0.0,2.156445933478606,0.9425484606573475,1.5134665403404972,0.9329290280188667,1.3792395114027813,1.8078339561156183,1.550021649454654,2.790417574134729,1.6527675562178419,1.2163054589697533,2.247005593213342,1.3530201285367092,2.241690020078601,1.787742939447056,1.1255000791272174,0.9030079271623912,1.2982331014602164,1.1735836313226118,2.412796363479108,1.350365569183051,1.0119814669863343,1.7109300731311645,1.475512980602478,1.406636937690644,1.7739386356490103,1.5797517846063989,1.1909440883969373,1.7809445698120556,2.4341158215565466,1.4190296701253637,1.0281633722815575,1.6910095868101438,1.3666819506260812,2.9934237379153874,1.7545457157896052,1.9707063490590875,1.425486408481417,1.695663005968422,6.739382557203192,5.678903379443579,1.3834159048001333,2.774335841338355,0.9103915190887122,1.3926082213647017,1.5363651239387996,2.523924359137712
arc_pair_551617,4.532592894962637,3.1602280195099715,3.232310371098016,3.3703226769993986,3.9918334959570405,3.8053402810502943,2.6353192894632294,2.9895272674216353,3.6189968027014445,3.5154733699813896,3.232637269193603,3.054657596487602,3.3256665295879255,3.1165088401261207,3.4925261820333997,4.1208422157545215,3.3396288912872665,2.932065275704061,3.1379843513309478,2.851366234826506,3.4666430983923733,3.3003999381372706,3.043496614361432,3.3657201640908188,2.472276623869755,3.3872544733115126,3.445009890569284,3.4426603759347567,3.4094381059732517,2.997865144594789,2.644607620018456,3.256947894216421,2.3334655100049355,3.3454619748259233,2.9489368061371013,4.864874369067727,2.156445933478606,0.0,2.458656008654874,3.788926664812429,2.589373762351597,3.087386567198035,3.668356674868817,3.6858182275064246,3.191821179734195,2.97275765270999,3.446958589741577,3.6461984830375176,3.2318940674952867,4.067304508664521,2.8806528414359613,2.9443245051260925,2.8241482481386475,3.2129085438009657,2.7674465424946897,3.6019410019790232,3.368053838644654,3.1564347676717257,3.6672845836568375,2.45017362741976,2.9806503048896746,3.3444947027279035,3.3047896755165196,3.3496428163798964,3.818421925948784,3.8767327665687876,3.415556391051214,3.175642965930293,3.4315599061088418,2.924650852150368,2.775427566424121,2.794595468849743,2.3737782306291253,3.3514282868030496,3.223770965158508,6.501968767445723,5.627523635772068,3.037842263385765,3.0813778091597492,3.0579518467914824,3.3320774657459937,3.573575555519377,4.128260257134167
arc_pair_450035,3.990835117411261,1.015568089711239,2.625982134068148,1.2195014027958193,3.2772983973910548,2.532023401030444,2.100048503647128,1.0697555242533596,4.232332639583884,1.033386466471075,0.931688084903156,2.3339749826846954,1.1706275303592533,0.8343586607776947,1.2731923782215468,1.5539582318637937,0.824277175414694,0.9348959422349762,0.7776947117327695,0.9735299680057548,1.2788217714356422,1.0610417423954592,0.9007469483045577,0.9005993303305562,1.2561662046587632,0.8815283164088618,0.9596571111197639,1.0064290989527442,1.063319250057675,1.119415941071448,1.1035203452912483,0.7065757008918997,2.3513579325980323,0.8404497426115538,0.8889893083324323,4.48073434923474,0.9425484606573475,2.458656008654874,0.0,1.0023301008634387,0.9108094719834177,0.8315535644020251,1.2472581247056227,0.9777027134121057,2.6895633701945,1.6696679719618368,1.0195759374439999,2.1794965900201633,1.073008397950041,1.7638436196911549,1.7227272387504375,1.0963299074699486,0.8502215749846267,0.9801393380279584,0.7445624580559669,2.2924364957149788,1.2236831487547666,0.7021161386151185,1.3729650374587532,1.3099725630271617,1.040597634093014,1.3563031018750011,1.3437221229605525,0.9648983272364404,1.262483837987217,1.9774507532460355,1.2080324113600458,0.90031018325199,1.1532984868094518,1.6032226281505952,3.001470212887665,1.4059798542489088,2.052946076022924,1.3300262011919073,1.181180546522196,7.037941213044842,5.402978025534445,0.9435797555068954,2.876313564380328,0.9634634459666148,0.9821558480559762,1.2160425841509364,2.1075052076377947
arc_pair_726873,5.020188637597894,1.040338593199152,3.3022073579576947,1.2742510061396635,3.9842778464414086,3.7603627507379667,2.9158055416135022,1.4072081014818674,5.5769799521922545,0.6406455832267974,1.0916596164543078,3.560758656879616,0.9206156504342087,0.9440466018460152,1.7367506239715076,1.1344183070585596,0.5716707928207615,0.6887259179698282,0.7502555677566336,0.9914471365278871,1.2845726784042677,1.0098471078373024,0.6044035077017615,0.8275948115926962,2.1230042797507562,0.84730268104409,0.560221628142048,0.5443958966848608,1.0608794428532051,1.318527090897725,1.461433312483874,0.5347546389156042,3.228375688967899,0.5771735993667139,0.9500136361920084,5.416696541305222,1.5134665403404972,3.788926664812429,1.0023301008634387,0.0,1.118386913328846,1.2289235177114433,1.0908910718306577,0.9622348918053072,4.037157360028076,2.3147143188982424,0.6844112621712113,3.0939141776905736,0.7310861306793495,1.820163174234262,2.5551542898723607,1.6673806673026597,1.1482570509746637,1.0284737941415925,1.1159579525378485,2.3321101136940765,0.9795353079761904,0.6662262348611913,1.2729544403422666,2.156911990862865,0.862322610691715,1.201734766581376,2.110468893686054,0.6373840784000333,1.0607755338582656,2.240401067744106,0.9091801307975058,0.9009623040646058,0.9766641999927966,2.0035765914564734,4.287370333833331,2.3536522764753585,3.4552562293697067,1.2583711690636248,1.5338264447542134,8.54293078294847,6.6650562409121585,1.0846533474922244,3.7766633062707355,0.711374790985849,1.0007747775700202,0.8482780984848273,2.618571914114941
arc_pair_384979,3.967567678814249,1.2637812091741345,2.408445882485154,0.991767601951846,3.3685230024058264,3.1457508729133137,1.9750793847869965,1.1657302991234555,4.489177752778906,0.9912731731430768,1.13779876183697,2.5301922781313735,0.9663928270651941,1.0011653160577416,1.3384388588348664,1.775595580648115,1.0094313407307496,0.7253563957115967,0.9175156221412236,0.9393834540068513,1.092463669358429,0.7005577055516337,0.9181206760070748,1.047188262973022,1.2812529190032222,1.2072265186292999,1.0750619148879959,0.9663247183228608,1.1606781758609417,1.2489600410582098,0.8500478396153919,0.817432669713333,2.204185756131113,0.8802034353701649,0.8587751952276346,4.21806848589165,0.9329290280188667,2.589373762351597,0.9108094719834177,1.118386913328846,0.0,1.256232568430053,1.4584875158710653,1.1020100059325633,2.972091415860467,1.5037055319676045,1.0506451656156828,2.035575318293081,0.939417515472057,1.9282817738143851,1.6544666233468972,1.2533133067392384,0.773209923614218,1.0682800312224754,1.1411702787963292,2.1478647361879384,1.038581015850568,0.9385865788604713,1.3814141143046086,1.5979299173559698,0.931630226751547,1.2014939984840387,1.5636473987115798,0.8656476479921713,1.5543661240132405,1.990175613923867,1.1026930190933104,1.038053190330885,1.239752766781232,1.447130349976419,2.9448108703691798,1.819948893233357,2.286382855564553,1.1784791783926045,1.2127268591122629,7.1006090378395355,5.631710866356618,1.1441555325650046,2.793188967556957,0.8216708871584442,1.0423330103911497,1.266723612352076,2.0970050363345387
arc_pair_595373,4.249891262555368,1.3105850265020729,2.8020841689997162,1.739375839259113,3.4894426711165645,3.422931817709741,2.5628370437686807,1.6180553366025712,4.748935154911091,1.2945652168900943,1.2747337993524857,2.5050041548849027,1.0635016113402895,1.2829726512047053,1.6619858012061484,1.7070636594332727,1.0321717448322854,1.1979905217923008,1.0029461492494183,1.3291720280964938,1.6636685098681325,1.3762009752444855,1.1441206591447473,1.376961478725918,1.8110843487710593,1.0934862443884608,1.2104459909929046,1.10832928007235,1.4822850318319738,1.2210005696783717,1.575992380086376,1.0868394333194136,3.235599647382875,1.0745362663624987,1.2463871594585518,4.804996533892794,1.3792395114027813,3.087386567198035,0.8315535644020251,1.2289235177114433,1.256232568430053,0.0,1.5923871702292929,1.224041382210018,3.2504715619900986,1.9089380340130848,1.1187912812207748,2.848023898406727,1.3144810745379396,1.9044547232821536,2.238113085399023,1.5558168441898104,1.4296331803434774,1.0159619871469143,1.1862575686474286,2.2737697006487925,1.417949098655412,0.8760342088935796,1.5064120759786315,1.6454285505954354,1.1401257890028282,1.70532089133031,2.075594073187273,1.1933930408799334,1.4054819081021848,1.8721174184050926,1.341730509943543,1.255961875311905,1.4763069296133877,1.8595124152621405,3.6743455624944903,1.717236556021446,2.3475080570575093,1.5469395495229552,1.7234891139345447,7.666773553520393,5.782077918276823,0.978085913378103,3.5169226441385675,1.2122450574214043,1.13303432592217,1.679393717946326,2.357421016362729
arc_pair_295568,5.078909413399964,1.2745964717811527,3.2401035499260087,1.77960767903065,3.987304344429496,3.9738849232916307,2.878545958902809,1.7822152641338762,5.3956349637989005,1.1300259163607773,1.4057929561610532,3.505692957002039,1.3365798769041437,1.3722047762417935,2.214152269026899,1.5419683545887173,1.0096263425981842,1.1285882859728567,1.3373206310788488,1.2742736215642965,1.8180341043834531,1.4061733010294166,1.0417402770114441,1.463729681704011,2.157181884400788,1.2397288069864545,1.103743790362705,0.9751081865169937,1.6031086897414681,1.666383213026963,1.6516868855617604,0.9354069499507297,3.5340933147417326,1.1650409553128056,1.2075295065205927,5.286531229693012,1.8078339561156183,3.668356674868817,1.2472581247056227,1.0908910718306577,1.4584875158710653,1.5923871702292929,0.0,1.265597005054253,3.910841682011715,2.747718416559842,1.0217955303044397,3.3778357094644225,1.1364052932543565,2.0460105365637222,2.681604924340575,1.9059400979916574,1.6075463879404652,1.3918179187719408,1.4043635333306184,2.448658990896993,1.3087557702044021,1.0292667170699406,1.7256124662937806,2.09527231790944,1.0834693306577408,1.5545475814241265,2.447266072300409,1.1022441644550314,1.395996935519789,2.539708407030105,1.418121957335516,1.2963753738585009,1.3728025570613458,2.1002637612569126,4.123667530904041,2.5773075144044464,3.4672204231752586,1.6294452034201408,1.8627055043764482,8.51269221843687,6.658115642499416,1.2948389594445424,3.859397215870194,1.2305628684964371,1.4350599252856688,1.5538885109208163,3.153275726930013
arc_pair_167650,4.791753190403436,0.8852747738615092,3.0529288826608236,1.1786177234828958,3.937630765890828,3.7407984407758663,2.698639116761875,1.2991299097057594,5.592485967160275,0.6506253333387048,1.0048897801846866,3.050721814347672,0.7859393861445466,0.9371089595059441,1.5435801374127118,1.384961157297525,0.6542236435535238,0.8535710167263175,0.9102342651028142,0.9734544704910889,1.304850902551204,0.8539414637067071,0.8628079352349018,0.951791201776762,1.6777620932962338,1.1175290381067369,0.6960719936787059,0.5760704448627711,1.094258734141131,1.4316820318086616,1.2288102836510117,0.5765008038834071,3.4205139993234077,0.7590752635635984,0.9058984538320441,5.169164081599973,1.550021649454654,3.6858182275064246,0.9777027134121057,0.9622348918053072,1.1020100059325633,1.224041382210018,1.265597005054253,0.0,3.838503283218418,2.2627761080779183,0.6776374245504587,2.6405800747712758,1.078182852450313,1.7400547542952904,2.3085641715385123,1.3256899801816289,1.2581848374322462,0.7855114696355754,1.1665852391592608,2.3770198583066398,1.0084399909889357,0.685009472151288,1.5179264391382894,1.835439849716241,0.8241017137273153,1.6612790191714317,2.003979308483097,0.6315710643251924,1.1214983031508496,2.0892995443721336,1.049838419679261,0.7832428697866676,1.309368832903198,1.909540405574922,4.077167915444998,2.3278551213802303,3.250715270077068,1.2755515497858034,1.3709778146343614,8.536907297543733,6.643790182870001,1.1787061498156206,3.9500536545373817,0.9899510249471732,0.7362354377243756,1.3666777443413949,2.303958577489504
arc_pair_82729,4.931674391437939,3.4760126921040353,3.624494479582504,3.8870760021289326,4.614511539989971,4.130209481497255,3.2662432380310085,3.347034735069582,4.7003250037328375,3.8065455870232023,3.2024441126259067,3.502778726450525,3.7408534331530596,3.34011560961585,3.451282885398722,4.455451968434284,3.5607941556456293,3.4924261712110733,3.234312681972748,3.1901753031136235,3.8168035723742344,3.6625993345644328,3.5980049176942783,3.715703282910321,2.5018374196859434,3.6629385858948305,3.8923843905029374,3.8517797310091018,3.71513977479751,3.3462200307061893,2.977761980112262,3.51551783066591,3.1046781215788015,3.7223030804513026,3.4622658488154148,5.101720915006837,2.790417574134729,3.191821179734195,2.6895633701945,4.037157360028076,2.972091415860467,3.2504715619900986,3.910841682011715,3.838503283218418,0.0,3.0112507220535347,3.797150272350134,3.707359579949114,3.579588207329176,4.142325078474453,3.1996644450215523,3.268444409058286,3.1027481783698945,3.580175450175387,2.9969889045612703,4.051018639257671,3.770848895381378,3.4367560845440233,3.9828446462669755,2.7954061849316156,3.601516566096997,3.5674499199589413,3.472055295251036,3.611621698027719,4.014879570930159,3.79312894943029,3.8244753676781373,3.3800610200444354,3.928476681713085,3.4468889920236956,3.6801061655849012,2.7626641869028905,2.8078214843495433,3.8498533288122068,3.6002121806596183,7.175807882671801,5.647947069729231,3.3352778416218625,3.852511771595989,3.5152760922874102,3.6202277701248353,4.079959695088155,4.524864433744039
arc_pair_653762,3.9409970632079574,2.190732390699856,3.1598472294578697,2.2961913131802487,4.118452570788657,3.6907677528926994,2.760072778448846,2.078653843814173,4.582836866373713,2.199273404803796,2.251440242552162,2.643317460934056,1.9759537326509262,2.0273988656112145,2.279097582362129,3.00895100096472,2.1036165460760925,2.0284159720204262,1.7894524231437443,1.9715806135804086,2.2775082796393584,1.909299896733849,2.1241130129737127,2.093867063997117,1.937770262952203,2.2736970208426177,2.2201995942654094,2.2348407506517223,2.2101629671221357,2.107074804303247,1.7723574375296067,2.0472863676435833,2.702570150936369,2.084291529259584,2.032056723088167,4.717560113945673,1.6527675562178419,2.97275765270999,1.6696679719618368,2.3147143188982424,1.5037055319676045,1.9089380340130848,2.747718416559842,2.2627761080779183,3.0112507220535347,0.0,2.1985661982020215,2.853784340782696,2.024591478832119,2.6115791583966335,2.1579178617426393,2.092525835238532,1.7317253221621849,1.9925195176899138,1.9120453218287359,2.9332517337293207,2.2264896095367086,2.0352211933544497,2.4633960967540096,2.089937352061907,2.053996308660123,2.43583318710451,2.3679417882972817,1.9885519206398756,2.5563518760757673,2.4279899491450943,2.1353671895893713,2.0280705821913045,2.3631626352744144,2.276284183125953,3.4223298705915246,1.9303011920252136,2.193242030359027,2.2113658874044897,2.2453593232571745,7.0848050220530645,5.87212948548613,2.0693150841248977,3.1871659891094386,1.9820213807901712,2.1133046199615446,2.4218322395075482,2.890593957963469
arc_pair_365022,4.923260977421167,0.5830842696398754,2.9556608984789094,1.26419292784931,3.7129371670670124,3.8464672852657595,2.538618719813114,1.254912680933991,5.5727553014971205,0.5982824831299903,0.9337863369546825,3.027540002563245,0.6631770449063641,0.7662241859317763,1.642299511427491,1.1744141162160722,0.4903428477858389,0.582865508959157,0.8391227184639718,0.6882919194282647,1.3272500397117593,0.8659680784225052,0.496021534027671,0.9894395027423104,1.7702428280164169,0.922311834725273,0.4787543254483225,0.48228266673344844,1.1131246948126527,1.3352882712655723,1.1393833934512243,0.5038884155580379,3.307849133309268,0.6543377521517464,0.8336501209481464,5.089828356455416,1.2163054589697533,3.446958589741577,1.0195759374439999,0.6844112621712113,1.0506451656156828,1.1187912812207748,1.0217955303044397,0.6776374245504587,3.797150272350134,2.1985661982020215,0.0,2.9640338966741595,0.8491549070397592,1.5281042383409587,2.275347072354153,1.3036570989822909,1.1032989785812013,0.6849504124078881,1.1065097010836253,1.968044962172537,0.7391169778145223,0.5031765236967431,1.4543310154933649,1.759211207662986,0.5982040815791423,1.410333382883892,2.014171664818461,0.38832473337592843,0.87280172642433,1.9566526276474074,0.8079679216865066,0.6482183242295017,0.9939838837925095,1.6496822074137567,4.149067015464261,2.3835200094009457,3.0972496150263966,0.9578756752681755,1.5133217293537118,8.274582734632633,6.5123590834046885,1.0452427013792502,3.913072218056866,0.6895989090556958,0.736206986775742,1.1571969123529244,2.662282885233221
arc_pair_716732,5.208193851814251,3.036532897297029,3.8409338767949754,1.8365320987070468,4.926115776867883,2.9325543432204024,2.9027120101504043,1.6810102108119223,5.39809855802529,2.8164769046642646,2.5698674916788504,3.6746175653146405,2.5309857181774538,2.4494971737872335,1.3394475348632042,3.7910178304804663,2.704107026935419,2.2899833716573736,2.1590692225702206,2.3579958443432076,1.7740601226247028,2.2473579501746643,2.7131481195622618,1.9376228598067906,2.4209624441653883,3.010709301284128,2.804632023086732,2.7335126835894803,1.909214522593998,2.5461068517504994,1.955773984903613,2.6202929267466297,3.218017969444401,2.4852252506352492,2.421294821048733,5.6350616332936925,2.247005593213342,3.6461984830375176,2.1794965900201633,3.0939141776905736,2.035575318293081,2.848023898406727,3.3778357094644225,2.6405800747712758,3.707359579949114,2.853784340782696,2.9640338966741595,0.0,2.7740206835597916,3.509134672640289,2.2472491758236477,2.430284297617109,2.077348164762618,2.484565967418286,2.1185290712059657,3.769013869681554,2.463927213904913,2.6754252502165796,2.967823708782926,2.355930622425512,2.753068155483363,2.8513448582411325,1.3909437147464838,2.5979834093313285,3.3532910630656687,3.5552768241581,2.935898265010898,2.4500056685994265,2.968991765267788,3.158481308999578,3.9742870333775153,2.542713630917123,3.107711296908331,2.943778146787189,1.782933087506412,8.446272567496866,6.926295775347873,3.032855155960629,3.768000114332925,2.704666518577124,2.4778530391219467,2.3076959451537062,2.3202433719829387
arc_pair_692544,4.687552589117291,1.1695746712649928,2.971153631129777,1.1108061718276205,3.789297802004411,3.902506235135456,2.3873014323991884,1.1901683486830925,5.48024096125058,0.7555800965104771,1.057436208055781,3.0397824901119184,0.8185104571673227,0.8428848568874461,1.668357819297672,1.2748325309182014,0.7632364832246158,0.6559901122022863,0.7381459459022444,0.9506974573852025,1.2182285965673967,0.7513768362314652,0.6376467149307335,0.9470911539524833,1.6868810108194572,1.2155381880515284,0.7566201799542899,0.7579435646327738,1.0097137055684113,1.477344013857567,1.112395888352294,0.7050361630221883,2.8189691285448566,0.6422258839135838,0.8633735948798213,4.910952714316275,1.3530201285367092,3.2318940674952867,1.073008397950041,0.7310861306793495,0.939417515472057,1.3144810745379396,1.1364052932543565,1.078182852450313,3.579588207329176,2.024591478832119,0.8491549070397592,2.7740206835597916,0.0,1.8532460188898314,2.1667425387085353,1.648219641171997,0.8945217405198664,1.0787907035609219,1.0545350384832732,2.07187860973424,0.9265134363781825,0.9313269263612494,1.4923792241103921,1.7538428985967713,0.8630561621543218,1.3393855687343612,1.6679785349160565,0.6066283793170753,1.313537437736041,2.0591450144563526,0.8882783223391755,0.8250160697548714,1.0115384226006496,1.7429303923664807,3.84635800572233,2.3322421834228897,2.959392185371915,1.1407091731336705,1.392486839594562,8.123551811102702,6.338638742280276,1.1588917952780735,3.208849870369843,0.6068553942563382,1.1148154182024421,1.0260621616320433,2.584985199598425
arc_pair_134659,4.857277287267316,1.6700632307066154,3.5005078342397113,2.125266113547836,4.519430220205319,4.311620537393722,3.2646401659797437,2.1222341773350655,5.836510897518071,1.7349126965044235,1.7277058825566411,3.680612136907933,1.7572133199446935,1.7158652909132743,2.5128480935330515,2.358860335310211,1.5869755120980513,1.6671236023349874,1.6608281764295436,1.8493797470929616,2.102032965304483,1.910795464141353,1.6663214943796643,1.9483953742012072,2.4606550616518743,1.748045983096619,1.6370846449254515,1.616780737830461,1.943384119717504,2.066087596424443,2.168015429684189,1.5846442070166187,3.8391948005034973,1.6600161932522373,1.7430669413424922,5.522317707183369,2.241690020078601,4.067304508664521,1.7638436196911549,1.820163174234262,1.9282817738143851,1.9044547232821536,2.0460105365637222,1.7400547542952904,4.142325078474453,2.6115791583966335,1.5281042383409587,3.509134672640289,1.8532460188898314,0.0,2.9311927909573345,2.163145464081188,2.012821501843141,1.846687730789537,1.8575312872105374,2.8545968435676046,1.8134100689753576,1.5588061305988776,2.3678330601034574,2.511479832399865,1.6240447852978634,2.1445496792173326,2.663386059912532,1.6169549720216518,1.817161064593809,2.4238166978574553,2.02329017908269,1.6996997212247114,1.9932388727094854,2.5715642457453995,4.653282667160958,2.7164779694043113,3.538324078956558,2.0644276531397563,2.2260189214499215,8.281837981691194,7.086173956386136,1.8375975972061482,4.338460715313612,1.7771644402016613,1.8154557186524403,2.0963603293376094,3.320023921069046
arc_pair_632661,4.384970540518353,2.4070355357985975,3.0746123235988874,2.081076937780378,3.957032488010322,3.5635969056686267,2.3574137625027882,1.9807956046330708,4.806444140062989,2.2966844930064614,2.258030826822236,2.996059540628716,2.085762144104609,2.035773998272302,2.1035491146797214,2.958048236051877,2.156899336553848,2.005381321136413,1.77411681508355,1.8826668547341647,2.193944099434933,1.9686813884308618,2.0844288616890188,2.1704019897228894,2.0089751749332145,2.351812743000307,2.3325944144801,2.336901533702094,2.231658091739679,2.1173138972049967,1.510597826735668,2.0294102801608274,2.6113884025023806,2.186890463526392,2.13890560187626,4.703004045638,1.787742939447056,2.8806528414359613,1.7227272387504375,2.5551542898723607,1.6544666233468972,2.238113085399023,2.681604924340575,2.3085641715385123,3.1996644450215523,2.1579178617426393,2.275347072354153,2.2472491758236477,2.1667425387085353,2.9311927909573345,0.0,2.216693951671152,1.6546260693995172,1.9774241367395757,1.8486102797283603,2.8191429728485957,2.1969189649402963,2.1216353003743222,2.6068935068215797,1.9482397997053778,2.119051933303842,2.4848112857277966,1.8592130456507243,2.0702371285707786,2.680862907195991,2.8190234568884165,2.2829972054542553,2.0656885236476796,2.4061162486014496,2.4513400896116715,3.1521983928949746,2.1905048207900446,2.345868662239705,2.3749172283566478,2.156646574316366,7.419046913996469,5.877820318441675,2.267940629008462,3.263174330699668,2.005348300456407,2.0169629116590153,2.455040585151925,2.720034018977432
arc_pair_271027,4.567897141495106,1.1584632447490937,2.7418170907167854,1.5757130721377988,3.762100619652264,3.434433845908213,2.3512565200221944,1.5103481854940006,4.715126743718007,1.3675315846095057,1.5589788396751434,2.986392673420404,1.4486803745107273,1.3147594680918053,1.7938857809480604,2.236216758483834,1.2370397640638744,1.2170844169754325,1.2806111114859862,1.3004194046607138,1.6735786318610302,1.5071032107002873,1.3748595263268406,1.490188765293718,1.6688418370894906,1.355210014373719,1.3073819404735236,1.254700624464015,1.454432537940614,1.6439855561737298,1.4506990639695077,1.1359703313353562,2.8920989148108145,1.3338872252833203,1.3824568184105055,4.7830073616154,1.1255000791272174,2.9443245051260925,1.0963299074699486,1.6673806673026597,1.2533133067392384,1.5558168441898104,1.9059400979916574,1.3256899801816289,3.268444409058286,2.092525835238532,1.3036570989822909,2.430284297617109,1.648219641171997,2.163145464081188,2.216693951671152,0.0,1.3941560433837423,1.3447932401213496,1.5166558804775727,2.5633436282583055,1.5649686750302019,1.080839128293692,2.036124200051055,1.7961886796578725,1.335962361715966,1.9054402069718546,1.8774041762569456,1.2595661400665201,1.4904779178778722,2.4734242727725038,1.589560491959631,1.1084399214085467,1.7658098281434411,1.6769002134988864,3.5000567854830154,2.1987576580903507,2.8010244911780062,1.6389054776938847,1.7418746029524321,7.238884498239383,6.210431849380289,1.562414645728031,3.6251462039532183,1.2842024642561936,1.2162712186898814,1.7559602623784278,2.534802741458788
arc_pair_493828,4.318841286449227,1.1731172811316533,2.739234908508103,0.9323783574978488,3.681532775138992,3.119301135455358,2.0544177290438213,1.0743830123716123,5.139988606388206,1.082619948230474,0.9994755222350574,2.6510964786695674,1.134204717098764,0.7293450904223984,1.4320927801886016,1.8291106214597836,0.857750743956156,0.9184954307120496,0.6788489210347306,0.8792200049575989,1.1770394382642175,0.9385737903230602,0.884975140093252,0.7840135759170075,1.200384404728549,1.2208038284790208,0.9789908193715448,1.190517997445747,1.1879229933985695,1.4451444793847144,0.7190139168950811,0.8298752854333472,2.238197215221418,0.87978111938406,1.0365153176254172,4.437807204324409,0.9030079271623912,2.8241482481386475,0.8502215749846267,1.1482570509746637,0.773209923614218,1.4296331803434774,1.6075463879404652,1.2581848374322462,3.1027481783698945,1.7317253221621849,1.1032989785812013,2.077348164762618,0.8945217405198664,2.012821501843141,1.6546260693995172,1.3941560433837423,0.0,1.236772109328785,0.778535710853784,2.4900328146956023,1.105990537418435,1.0058339016292464,1.611411463787947,1.486712637669076,1.2844061949379697,1.7559879980861504,1.0563592484325997,0.7581853572203763,1.504296160378238,2.106831484920817,0.9976160803087806,0.9411174919503433,1.2392040274159377,1.622575929188902,3.24240507981162,1.898607593432314,2.3443590739761246,1.1833623339227293,1.3551151358685565,7.346167938882327,5.850794462384454,1.4818467303677005,2.9200524215244457,0.6174968271838059,1.000623215074587,1.1433099585116442,1.8970723365787951
arc_pair_336359,4.493969285979449,1.1142756252389852,2.8259033057634486,1.27914453742204,3.6808504285649875,3.59267693385962,2.441684163541721,1.3057935449607943,5.304976109584357,0.6980000599746938,1.1139305848180858,2.877737866687145,0.7314756560908662,0.9050474617993731,1.264668470949541,1.4316780271838558,0.6344862752029737,0.7437092476216937,0.7913323467936562,0.9788761100363097,1.325334615258539,0.9584870579388911,0.7756643764835212,1.1097208784030743,1.8075515651948393,1.081001473236728,0.8483236614261033,0.6063086985741597,1.2245956305977748,1.160496181586186,1.0765948548381883,0.7211932268837067,3.166005696658757,0.8518269618492031,1.0966791037332133,5.148277157778603,1.2982331014602164,3.2129085438009657,0.9801393380279584,1.0284737941415925,1.0682800312224754,1.0159619871469143,1.3918179187719408,0.7855114696355754,3.580175450175387,1.9925195176899138,0.6849504124078881,2.484565967418286,1.0787907035609219,1.846687730789537,1.9774241367395757,1.3447932401213496,1.236772109328785,0.0,1.1257697136923877,2.175673682016825,0.8797668497218469,0.6976411149798075,1.5440682466405844,1.5616209309452593,0.7202784444302874,1.610889986742451,1.843300651527462,0.5591908644561452,1.0982361453723004,2.088176561049187,0.8763858150461746,0.7980235956984021,1.2703595017530789,1.8025022136860953,3.8231394810468555,2.078619283406599,2.802268546946986,1.2821035404258785,1.4752606517965794,8.258064387034004,6.268009884529333,1.0811768705309215,3.7548890180792127,0.9823598469222264,0.6644644794957255,1.4319093983617561,2.1010763969851363
arc_pair_731860,4.212958407221351,1.1936116281440823,2.640985695526924,1.3081498090146535,3.582806759410749,2.762971759005129,2.170497640222318,1.1533059923112805,4.508199593777645,1.023002575575864,0.9799000882012682,2.6733161640055934,1.1212484603289017,0.7692182600106365,1.399150096304958,1.7409502019385261,0.7556146489099667,0.9719217828236728,0.6383630303373168,1.010330010450909,1.3808003995914238,1.1347532175250046,0.8728661154735606,0.8762946851622022,1.3304834567583699,0.9619066352548254,1.072304541614303,1.0369754478509206,1.2032927719705515,1.170799710631986,0.9488456945018112,0.7944541399547645,2.647116025747901,0.8725061739756584,0.8414579396058313,4.641756166720036,1.1735836313226118,2.7674465424946897,0.7445624580559669,1.1159579525378485,1.1411702787963292,1.1862575686474286,1.4043635333306184,1.1665852391592608,2.9969889045612703,1.9120453218287359,1.1065097010836253,2.1185290712059657,1.0545350384832732,1.8575312872105374,1.8486102797283603,1.5166558804775727,0.778535710853784,1.1257697136923877,0.0,2.2960784725720425,1.1540120559521703,0.9363686467192358,1.557119902083961,1.3823304385715742,1.0738423972580198,1.6260765551056129,1.5334891497165646,0.8732719066430616,1.3598664644323943,2.0553623956165987,1.186498477834174,0.949407251747719,1.2885397879461888,1.764292929129152,3.3537197449263374,1.5513096895204614,2.167969029043411,1.3910080002686662,1.3895737880844443,7.50807392598243,5.726112461635443,1.1411616401307647,3.1765359233447947,0.9468034909080327,0.9465199760468375,1.2960061878698326,2.1598266746057995
arc_pair_131562,5.122035753665569,2.2359640520489226,3.227762599934965,2.58229253257244,4.348883916397532,4.681905371517321,2.917881380641668,2.4896061455622176,5.049906543449346,2.218067005611643,2.421246465312423,3.4995012456778847,1.9650577977896888,2.3100529511028665,2.9298346720945934,2.476005441608016,2.157285819416082,1.862581793991734,2.250755010692291,2.0947563578071375,2.752460663079007,2.1750899513334065,1.9420993574098548,2.5860146992411,2.827425504186401,2.4713714677160525,2.190660363586727,1.9783103268799473,2.4538330182691768,2.504543915514693,2.2493112589996467,2.0682736909210715,3.7179738983545243,2.254446671475139,2.184729038283336,5.518508840609706,2.412796363479108,3.6019410019790232,2.2924364957149788,2.3321101136940765,2.1478647361879384,2.2737697006487925,2.448658990896993,2.3770198583066398,4.051018639257671,2.9332517337293207,1.968044962172537,3.769013869681554,2.07187860973424,2.8545968435676046,2.8191429728485957,2.5633436282583055,2.4900328146956023,2.175673682016825,2.2960784725720425,0.0,2.1317010395614813,2.098336898265511,2.867416578124936,2.485893010759426,1.712917501610089,2.482751999206401,3.0657703087896824,2.046624238510386,2.496362916246267,2.5962515493588034,2.3178126739675036,2.278140969335992,2.418351289593045,2.332075447993363,4.079609077773202,3.2005176776499016,3.4474377641126663,2.3899812351951333,2.800007495397871,8.046556077235666,6.536580499506425,2.16369574816913,4.190392110891453,2.203757773919657,2.231327204765387,2.6688277802694005,3.929874343906711
arc_pair_119264,4.886888023744195,1.1528446076392938,3.008433163497636,1.0948789001819659,3.925188827336142,3.5310088956801398,2.4485195801933095,1.091367342127073,5.497407694022659,0.8170637995277794,1.1292794413454017,3.3755343437143015,0.6936134236548296,0.9311324920428752,1.45179598282888,1.3966996377488359,0.7571296792566526,0.5557332611870697,1.0114119224214844,1.0218182698264844,1.0360108326321373,0.8707567814759278,0.655034887138664,0.9420933978489922,1.9506942038359654,1.2001130102760647,0.7599436641998024,0.6434647635365374,1.1411561602055365,1.456668767138488,1.1804955791446226,0.8045599549429927,3.2360783128628636,0.787234909806187,0.8180476094012662,5.051344951029926,1.350365569183051,3.368053838644654,1.2236831487547666,0.9795353079761904,1.038581015850568,1.417949098655412,1.3087557702044021,1.0084399909889357,3.770848895381378,2.2264896095367086,0.7391169778145223,2.463927213904913,0.9265134363781825,1.8134100689753576,2.1969189649402963,1.5649686750302019,1.105990537418435,0.8797668497218469,1.1540120559521703,2.1317010395614813,0.0,0.7352895400056596,1.5391984779245358,1.8250644413559618,0.7840029783067357,1.4195133715105923,1.7007031926645582,0.6692667548190874,1.2192046419722122,2.105351733188259,0.9781935906813086,0.8459145029069861,1.0006756703659978,1.7707583892854397,3.9782123502283246,2.2993272512464813,3.136014535206316,0.9089079340124121,1.306535405105103,8.320854649111995,6.441985731926923,1.1208728270258048,3.656718441771979,0.8580255862331472,0.9702517221557034,0.9682445307220746,2.4028653701688727
arc_pair_16513,4.592072725617872,0.602420511690995,2.7929595026913097,1.12110172196953,3.6102620353689723,3.302196141124688,2.423023708006054,1.084529216475886,5.074862118232158,0.6473582005859317,0.8511772115095069,2.946985297330487,0.7813779009079691,0.6715661519366676,1.3514251672721573,1.1569562545058074,0.33305269491641065,0.6178335620988554,0.7161752802733037,0.7041092984841119,1.077505344418233,0.9186550865265488,0.53658586619533,0.8683776751623153,1.6211154683090285,0.6493126767664272,0.4001479038512454,0.5159167422932898,0.996268104592096,1.092880473699342,1.2173084921222959,0.36870561630118825,3.0489888298576524,0.611845328579731,0.6633791896200244,4.956208432150906,1.0119814669863343,3.1564347676717257,0.7021161386151185,0.6662262348611913,0.9385865788604713,0.8760342088935796,1.0292667170699406,0.685009472151288,3.4367560845440233,2.0352211933544497,0.5031765236967431,2.6754252502165796,0.9313269263612494,1.5588061305988776,2.1216353003743222,1.080839128293692,1.0058339016292464,0.6976411149798075,0.9363686467192358,2.098336898265511,0.7352895400056596,0.0,1.2419484555209512,1.6440539263102432,0.6859562744038576,1.3711577944968971,1.7687620151216248,0.519409833288409,0.7354367052366798,1.9989309201947283,0.8136297224734383,0.6646872878219712,0.8334603872641421,1.4799130905805686,3.7344454255956574,2.0042095031356997,2.8231246656790354,1.0033739859347177,1.2605425996295734,7.91354475566521,6.14497411471156,0.8052068912501305,3.6233257172080986,0.6857912879878661,0.6643977463804893,0.9648807248558937,2.353597348645244
arc_pair_176092,4.919629598420676,1.7504551209951922,3.397633526075238,1.7249369586861096,4.1543772840239415,3.4642684972173194,2.8416512035330905,1.6240952660944794,5.365706835878511,1.3861981998762771,1.567089430405662,3.360717684394623,1.5105036290817844,1.5971017795450366,2.0915975304919585,1.923672086506533,1.273411747022762,1.3818737194976831,1.3631716134137914,1.541899628473701,1.562887246091158,1.4336911268626134,1.2833192520619705,1.4874618160400939,2.1664034916671877,1.3597709432062293,1.3630782282099843,1.2667429647717063,1.6353173904754366,1.6800063944640748,1.8662488412986151,1.2628321758719045,3.2713317473320034,1.2752668394649675,1.4333753367134257,4.545389717732926,1.7109300731311645,3.6672845836568375,1.3729650374587532,1.2729544403422666,1.3814141143046086,1.5064120759786315,1.7256124662937806,1.5179264391382894,3.9828446462669755,2.4633960967540096,1.4543310154933649,2.967823708782926,1.4923792241103921,2.3678330601034574,2.6068935068215797,2.036124200051055,1.611411463787947,1.5440682466405844,1.557119902083961,2.867416578124936,1.5391984779245358,1.2419484555209512,0.0,2.2497852628581088,1.4611562257625086,1.7333958628788668,2.343326354307316,1.4228535858422795,1.9485472458916442,2.6417252072387574,1.6242950921747177,1.5663065820072708,1.661518195974803,2.339536056542878,4.230292484645586,2.209704250034094,3.394574145825267,1.8527845939551555,1.6793568135762467,8.462058979322725,6.659411037461649,1.5098481973077806,3.7780808106169244,1.3705757512708276,1.695234095504425,1.4598249045504927,2.623326641718578
arc_pair_551110,4.102012583618405,1.6391284113261197,2.6671331716892177,1.8915991690968856,3.4812534658097967,3.234249644792293,2.146836091195925,1.5011553538963822,4.269648447165073,1.875442634062347,1.7299549644804957,2.23620915811642,1.7465347997251885,1.550880869789748,1.8730298428726413,2.4843553369537394,1.6468714856080713,1.6272402377621156,1.4732412537584176,1.5929320687510116,2.0012409933308057,1.6536199965433875,1.6700483171318032,1.8286219852094359,1.6012019466707543,2.146725016220299,1.9283365745420498,1.9345011171989523,1.7036209515520695,1.7172065124151086,1.3559572188689597,1.775928443329835,2.4189743803251673,1.699808431777636,1.5190742004954991,4.587566018129895,1.475512980602478,2.45017362741976,1.3099725630271617,2.156911990862865,1.5979299173559698,1.6454285505954354,2.09527231790944,1.835439849716241,2.7954061849316156,2.089937352061907,1.759211207662986,2.355930622425512,1.7538428985967713,2.511479832399865,1.9482397997053778,1.7961886796578725,1.486712637669076,1.5616209309452593,1.3823304385715742,2.485893010759426,1.8250644413559618,1.6440539263102432,2.2497852628581088,0.0,1.5644274725989038,2.201392235222081,1.7921607320400557,1.6049077435088097,2.2799414387092067,2.308144195944688,1.8860637549698904,1.5993433448990886,2.0148011170642977,1.9541559685104968,3.2343287568711694,1.9879037812989753,2.092865220681194,2.10990195581381,1.9147203345435937,7.506723767295762,5.262165473989111,1.7437678793175835,3.0379429426649676,1.8559078704038448,1.7765346783179483,2.1708034849412554,2.723481060688391
arc_pair_532740,4.696091096168429,0.8663312994946917,2.62356850316582,1.0778292315494051,3.5964985018769084,3.4805118327302558,2.2148482607756286,1.0858559157018934,4.767014107352292,0.613909641175467,1.0313192599578578,2.844191998619466,0.5770646148000347,0.9240151253040446,1.700589401650711,1.2234207338838186,0.688721804611363,0.5033983764149925,0.9788154495815138,1.0385518472886095,1.1912210997299861,0.7045106102190737,0.49357260075013465,1.0475772308188493,1.7715946287604223,1.1243398119146297,0.6144155917701803,0.525574861979911,0.9441291576174214,1.3255604492212034,1.1613379498692415,0.6654910694561147,3.0249956066201182,0.7316119725261274,0.7135049527647255,4.794197714673841,1.406636937690644,2.9806503048896746,1.040597634093014,0.862322610691715,0.931630226751547,1.1401257890028282,1.0834693306577408,0.8241017137273153,3.601516566096997,2.053996308660123,0.5982040815791423,2.753068155483363,0.8630561621543218,1.6240447852978634,2.119051933303842,1.335962361715966,1.2844061949379697,0.7202784444302874,1.0738423972580198,1.712917501610089,0.7840029783067357,0.6859562744038576,1.4611562257625086,1.5644274725989038,0.0,1.1629679675591222,1.8892977934091548,0.5814328118331102,1.1060652556616506,1.910113637233628,0.8826233734851007,0.8823998948264243,0.9078563040580161,1.6012507273621193,3.497847822052508,2.3376345794769464,2.8875548677488427,1.0158174345873874,1.2651340257391575,7.957642057683418,6.160849943945806,0.9243842811620425,3.499287864073352,0.8727205198224478,0.8704846720970303,1.1537277837577844,2.4707575227852
arc_pair_700005,5.02039218466746,1.7030735804295003,3.0969790258612706,1.667125775163898,3.9892657341174633,3.608088768406706,2.771540123391088,1.5754339256592407,4.82928632084187,1.3102232637776825,1.419638394075759,3.5247461145264696,1.3464193501467534,1.5742034634113042,1.8812550300423696,1.8769390764600717,1.4406271665431065,1.0359734670286518,1.4922376392710612,1.5805284894236176,1.5360963205219647,1.329747653312918,1.1446957112978542,1.6241541455464534,2.187055691332425,1.5594866161745289,1.3957612602039644,1.2997861219922817,1.5045291458108427,1.550389347120427,1.59934444686839,1.4267551063204584,2.990618981187839,1.2266688104877947,1.375710005894833,5.006245654917588,1.7739386356490103,3.3444947027279035,1.3563031018750011,1.201734766581376,1.2014939984840387,1.70532089133031,1.5545475814241265,1.6612790191714317,3.5674499199589413,2.43583318710451,1.410333382883892,2.8513448582411325,1.3393855687343612,2.1445496792173326,2.4848112857277966,1.9054402069718546,1.7559879980861504,1.610889986742451,1.6260765551056129,2.482751999206401,1.4195133715105923,1.3711577944968971,1.7333958628788668,2.201392235222081,1.1629679675591222,0.0,2.060812386286788,1.431756968155581,2.0242227213130315,2.680927893395495,1.6498946563617425,1.5275313312560685,1.547538607656429,2.1400403491735664,3.7543680243576056,2.3391822413271135,3.0861126363349554,1.7987650111195008,1.6112745701919162,8.249964553475161,6.309101767773493,1.4405917117360465,3.412498629525273,1.4452597394662423,1.785371586727995,1.4927190353882578,3.0167532566869166
arc_pair_460240,4.970755696828202,1.945860341358556,3.4895238987519024,1.133567937582053,4.375910300740122,3.0355193681931127,2.492118209526353,1.0325370851153608,5.5346764002818265,1.8699722937845056,1.6783574039526576,3.3219289400034384,1.756296516367977,1.471473921364904,1.4117221203463748,2.612986173873977,1.7742992188656075,1.5431938353001864,1.4103215804930076,1.7459413340379017,1.285439357507945,1.488063391005646,1.661412618027363,1.3743249614831288,1.8198911360200374,2.016511502978506,1.7961707111169762,2.010608566426291,1.2816500757672498,2.0230190033113318,1.3635581948507371,1.8482115337449838,2.787432243997606,1.5353457502768586,1.7083077467663028,5.097510478217852,1.5797517846063989,3.3047896755165196,1.3437221229605525,2.110468893686054,1.5636473987115798,2.075594073187273,2.447266072300409,2.003979308483097,3.472055295251036,2.3679417882972817,2.014171664818461,1.3909437147464838,1.6679785349160565,2.663386059912532,1.8592130456507243,1.8774041762569456,1.0563592484325997,1.843300651527462,1.5334891497165646,3.0657703087896824,1.7007031926645582,1.7687620151216248,2.343326354307316,1.7921607320400557,1.8892977934091548,2.060812386286788,0.0,1.6633353242024465,2.3846601183321123,2.8213810916138846,1.8698358424115644,1.606587155459314,1.9778831779694253,2.453620759835024,3.6376316366493127,2.2860408770365885,2.650739456187279,2.0421542775844275,1.3324112496116718,7.943315755723708,6.461996239046773,2.1827261346961095,3.3244654061326404,1.621467392849639,1.8677829908264902,1.5702088233937859,1.8896143554373235
arc_pair_594335,4.782944258835834,0.7093473473421257,2.9134751738744367,0.894279173533256,3.6466238610962525,3.713653634019272,2.24706746889566,1.0655612350124175,5.549396618601568,0.33800312975230196,0.802092982153613,2.8889556320118532,0.5644252650550967,0.5422236218410117,1.4126756323603369,1.122910421817382,0.3274001994237194,0.475546518064213,0.5763003014161374,0.700646235713605,1.0847288191380922,0.6707346659045497,0.4552554435119419,0.7483124429731272,1.5721312296944157,0.9481500645261794,0.4674479281281405,0.3968190695626106,0.9272962804078272,1.2237475649661556,0.8793782580631644,0.3635713616088674,3.033090179884219,0.5740425868458977,0.7876431530948451,4.938575626892679,1.1909440883969373,3.3496428163798964,0.9648983272364404,0.6373840784000333,0.8656476479921713,1.1933930408799334,1.1022441644550314,0.6315710643251924,3.611621698027719,1.9885519206398756,0.38832473337592843,2.5979834093313285,0.6066283793170753,1.6169549720216518,2.0702371285707786,1.2595661400665201,0.7581853572203763,0.5591908644561452,0.8732719066430616,2.046624238510386,0.6692667548190874,0.519409833288409,1.4228535858422795,1.6049077435088097,0.5814328118331102,1.431756968155581,1.6633353242024465,0.0,0.7672686841819558,1.87612002264233,0.5491441493237813,0.5303576892264595,0.77441766461314,1.6270246068458327,3.826920752866624,2.3690622212942083,2.992285320574906,0.7898987069476486,1.338238543523597,8.173653573587286,6.3862320304481415,1.0341820795061438,3.668585061372525,0.45143023833087503,0.5248649304362856,0.99525289897029,2.2704931243420083
arc_pair_24655,5.198361636337587,0.956536843451645,3.3258190777146432,1.7143255239102455,4.155553769230567,4.131682110102326,3.001122314658656,1.8137777229451393,5.777243570414482,0.9244371143529957,1.3573522769219435,3.4240096179670303,1.1815608774177715,1.1159232189936892,1.969947956824525,1.590753925727089,0.6328956584618985,1.093470578014182,1.102251769149067,1.0455913098357101,1.8712079094495557,1.480006789266338,1.0697732764211993,1.2982483515071137,2.2835343385590816,0.905786872368223,0.9262568642942207,0.802420109535853,1.4902598405459662,1.5166716822132202,1.7606628673151148,0.6578196484266966,3.699879351976356,1.1201838007476215,1.2722888977507845,5.248443121131307,1.7809445698120556,3.818421925948784,1.262483837987217,1.0607755338582656,1.5543661240132405,1.4054819081021848,1.395996935519789,1.1214983031508496,4.014879570930159,2.5563518760757673,0.87280172642433,3.3532910630656687,1.313537437736041,1.817161064593809,2.680862907195991,1.4904779178778722,1.504296160378238,1.0982361453723004,1.3598664644323943,2.496362916246267,1.2192046419722122,0.7354367052366798,1.9485472458916442,2.2799414387092067,1.1060652556616506,2.0242227213130315,2.3846601183321123,0.7672686841819558,0.0,2.269729069025715,1.0784621229412703,1.0408500301743109,1.1013263902203185,2.20086935792272,4.373809654271926,2.747552428859605,3.59546201633667,1.2863816873464569,1.927131406897322,8.200682782845638,6.675497309027076,1.14852874661569,4.393466769883309,1.0945362259522087,0.8924010847179993,1.5223194231858503,2.757687939891673
arc_pair_75573,4.203683737002112,2.088044471472764,3.557496905638212,2.4132451821364835,4.535395007224395,4.33565370778009,2.812444880920542,2.2848648342342193,5.465992645849199,2.1690071899641383,2.1313395492445144,3.23130675223194,1.9547731348991881,2.0061228168347562,2.5914170746310794,2.5312302051692543,1.9947219534328906,2.0786980490601654,1.948371270682503,2.093382681954566,2.3981601645848554,2.047407866262512,2.039692371818015,2.191995895224718,2.4785681120339897,2.2337555014409993,2.1577680255098897,2.0631148984338785,2.248745334133768,2.292485998456315,2.2736901369079443,1.944681985098719,3.650701817660063,2.101795633863529,2.1492560103159235,4.9511113084173,2.4341158215565466,3.8767327665687876,1.9774507532460355,2.240401067744106,1.990175613923867,1.8721174184050926,2.539708407030105,2.0892995443721336,3.79312894943029,2.4279899491450943,1.9566526276474074,3.5552768241581,2.0591450144563526,2.4238166978574553,2.8190234568884165,2.4734242727725038,2.106831484920817,2.088176561049187,2.0553623956165987,2.5962515493588034,2.105351733188259,1.9989309201947283,2.6417252072387574,2.308144195944688,1.910113637233628,2.680927893395495,2.8213810916138846,1.87612002264233,2.269729069025715,0.0,2.2566985700215643,2.1195001118375396,2.247330548600825,2.867471527086723,4.1290457268180445,2.7330496230065817,3.0960953360542183,2.1495533423789777,2.6061593814876303,7.852518357021255,6.272195461811859,2.1308963866631436,4.028735597628554,2.096010420103025,1.9721507663672,2.5903257376199704,3.2198149281784825
arc_pair_641885,4.972246718657612,1.115801522797762,3.029554917197812,1.228035113974639,3.991478113285911,3.820439865162893,2.5903788211740015,1.3965034013042985,5.509314218115945,0.6872938508994233,1.0181913930428965,3.174687531935507,0.7590743904961184,0.9761078959930678,1.556322109848848,1.2869678184061768,0.5992617878420679,0.7302196509101648,0.8494723771835507,0.9662961905899001,1.340756215661896,0.9748061203623182,0.6945147747257534,0.9776011696586917,1.9670824208298074,1.1548842162880726,0.7463297738931471,0.704156434925679,1.2352810052222831,1.3431147927937552,1.2420994096873375,0.7649234285636484,3.1288070324762387,0.7711837985094486,1.0872786491116224,5.005709195029215,1.4190296701253637,3.415556391051214,1.2080324113600458,0.9091801307975058,1.1026930190933104,1.341730509943543,1.418121957335516,1.049838419679261,3.8244753676781373,2.1353671895893713,0.8079679216865066,2.935898265010898,0.8882783223391755,2.02329017908269,2.2829972054542553,1.589560491959631,0.9976160803087806,0.8763858150461746,1.186498477834174,2.3178126739675036,0.9781935906813086,0.8136297224734383,1.6242950921747177,1.8860637549698904,0.8826233734851007,1.6498946563617425,1.8698358424115644,0.5491441493237813,1.0784621229412703,2.2566985700215643,0.0,0.8932261913676938,0.9108381756220577,1.9754136992305669,3.9937662019162765,2.405784891675365,3.0431073271151226,1.0687033433831696,1.5531973637217469,8.065565447847309,6.378615898064533,1.2518979728089064,3.718381019692491,0.8028501167258446,0.931006786945769,1.2135979951510705,2.311255275491898
arc_pair_292663,4.610304283713615,0.7984087519014073,2.912677609504503,1.2097908723329995,3.652765894922282,3.5417377887175547,2.2298310019726397,1.2208480602374072,5.343561859467053,0.6511464220367189,0.897887010995048,3.1183407888142085,0.8920010870983501,0.6037666100703647,1.4597254523155667,1.361738492549838,0.60036489604424,0.5782496001587436,0.709631131831479,0.7897381419000173,1.2692785214865394,0.9948932560744519,0.7384642129942712,0.8685212491639986,1.5543607720914854,0.9655205217560978,0.6369805524596696,0.6312618919950956,1.0687120599364046,1.3386644236728462,1.066755037042532,0.5993454675076669,2.9360727200045647,0.6185484840145568,0.8644867899228086,5.055689592518581,1.0281633722815575,3.175642965930293,0.90031018325199,0.9009623040646058,1.038053190330885,1.255961875311905,1.2963753738585009,0.7832428697866676,3.3800610200444354,2.0280705821913045,0.6482183242295017,2.4500056685994265,0.8250160697548714,1.6996997212247114,2.0656885236476796,1.1084399214085467,0.9411174919503433,0.7980235956984021,0.949407251747719,2.278140969335992,0.8459145029069861,0.6646872878219712,1.5663065820072708,1.5993433448990886,0.8823998948264243,1.5275313312560685,1.606587155459314,0.5303576892264595,1.0408500301743109,2.1195001118375396,0.8932261913676938,0.0,1.2007403659018516,1.6539206613325945,3.8100873092608056,2.2107531982295923,2.789605110673671,1.1114588812699606,1.2135375294909396,7.915453660845199,6.095610807685169,1.1507057406386294,3.4960558177526724,0.7216389057535308,0.9043238894363572,1.058537987577461,2.3609473421833918
arc_pair_703887,5.115881379697031,1.2949112937523783,3.1309051631452904,1.133748015752317,4.052336270109058,3.6137041074521985,2.451773102088743,1.2603918879438265,5.315036105081422,0.9499309154351894,1.2043155112748438,3.238074305765129,0.9295502128041866,1.0874954491563393,1.6601173805158314,1.488716412558316,0.8002043644047484,0.9279368007250769,1.0141612814938,1.1643948514369513,1.1979878090438476,1.0298545696439876,0.7916200216997569,0.9590426019123385,2.251256542271738,1.2612712642660222,0.8097982050536217,0.9908607302216483,1.0030255250716944,1.555815704106535,1.569585230592791,0.7590648566771268,3.30004148473136,1.018919911651781,1.01505283580835,4.968456130169392,1.6910095868101438,3.4315599061088418,1.1532984868094518,0.9766641999927966,1.239752766781232,1.4763069296133877,1.3728025570613458,1.309368832903198,3.928476681713085,2.3631626352744144,0.9939838837925095,2.968991765267788,1.0115384226006496,1.9932388727094854,2.4061162486014496,1.7658098281434411,1.2392040274159377,1.2703595017530789,1.2885397879461888,2.418351289593045,1.0006756703659978,0.8334603872641421,1.661518195974803,2.0148011170642977,0.9078563040580161,1.547538607656429,1.9778831779694253,0.77441766461314,1.1013263902203185,2.247330548600825,0.9108381756220577,1.2007403659018516,0.0,2.1381906009117584,3.90955619276701,2.556584803135024,3.064309718302403,0.966424082620246,1.3613362422753115,8.288628949522314,6.4697339603092825,1.2164588293940461,3.8847252514671387,0.9420394615309058,1.0536149083049364,1.0192395338198157,2.429157528110144
arc_pair_22407,4.6596011727179025,1.6758895872987494,2.956809709263363,2.118085418366661,3.7360762544116892,4.0136959860143255,2.623813562226936,1.971760159145206,4.841290942575261,1.8274579831979743,1.8787761623467403,3.1573410098923405,1.7868462699878827,1.6457844596967122,2.3450383717153342,2.457242985412247,1.6906309741888847,1.5216572574792449,1.7259340508534358,1.4933623509660017,2.205539469076964,1.8135675310469392,1.521705765348737,2.0399824872760743,1.8796228079483606,2.005434622496522,1.7849115855488433,1.7231805442280146,2.168571157431173,2.059419772040707,1.6151098584912271,1.5922492604551164,2.616821845735862,1.7476711318992235,1.6459997794634575,4.98676206642214,1.3666819506260812,2.924650852150368,1.6032226281505952,2.0035765914564734,1.447130349976419,1.8595124152621405,2.1002637612569126,1.909540405574922,3.4468889920236956,2.276284183125953,1.6496822074137567,3.158481308999578,1.7429303923664807,2.5715642457453995,2.4513400896116715,1.6769002134988864,1.622575929188902,1.8025022136860953,1.764292929129152,2.332075447993363,1.7707583892854397,1.4799130905805686,2.339536056542878,1.9541559685104968,1.6012507273621193,2.1400403491735664,2.453620759835024,1.6270246068458327,2.20086935792272,2.867471527086723,1.9754136992305669,1.6539206613325945,2.1381906009117584,0.0,3.6514125634618178,2.4983440825468155,2.8979797778205496,1.865409360316424,2.2603394932721397,7.5934951448646535,6.346728962804235,1.8050725338735472,3.4792765905884773,1.4991653189715795,1.7982676494181975,2.172543832723875,3.2513818878227916
arc_pair_89302,4.660224703839756,3.683353645736293,3.731309525350849,3.768938221080843,4.311318498315375,4.000937032495164,2.849757254126368,3.4983841946989553,3.8965436768761674,3.9545334457918937,3.756250289029198,3.5628917265347653,3.8461896591550264,3.6457880249145065,3.9889806187992862,4.575553591725946,3.8837437303069766,3.6806420981501033,3.6176066724015574,3.496287461020873,3.8677182403661994,3.695853140015723,3.7166893616896552,3.883228441501645,2.5999986691841093,4.024922200179629,3.9617821316591595,4.067572247000154,3.867741862497359,3.357734966119673,3.075047688100494,3.775032669387893,2.7894092911827446,4.057745612741517,3.5752217327735907,5.2779945320909825,2.9934237379153874,2.775427566424121,3.001470212887665,4.287370333833331,2.9448108703691798,3.6743455624944903,4.123667530904041,4.077167915444998,3.6801061655849012,3.4223298705915246,4.149067015464261,3.9742870333775153,3.84635800572233,4.653282667160958,3.1521983928949746,3.5000567854830154,3.24240507981162,3.8231394810468555,3.3537197449263374,4.079609077773202,3.9782123502283246,3.7344454255956574,4.230292484645586,3.2343287568711694,3.497847822052508,3.7543680243576056,3.6376316366493127,3.826920752866624,4.373809654271926,4.1290457268180445,3.9937662019162765,3.8100873092608056,3.90955619276701,3.6514125634618178,0.0,3.105040781795193,2.7726535761016886,3.965665084973284,3.6394962482271214,6.883567962801131,5.561134574388777,3.840751435947616,3.5201123390796516,3.6525085353098197,3.7489974632156633,4.279778140393253,4.394187482149763
arc_pair_464015,3.7527555782727706,2.3096294179655947,3.2346385290256907,2.4218612971253584,3.7077209767964048,2.559199710242906,2.7814086111388754,1.9749838343560988,3.817735799160726,2.392397130677154,2.1633342806824456,2.6839226812272203,2.203156979255724,2.164916499555611,1.8978927439267186,2.9252888773263055,2.0389326867055018,2.3018343221609943,1.820000053117555,2.120383453715501,2.1103475054835537,2.3087107293230402,2.212698488401478,1.9744622451514302,1.9047835263773822,1.9892111468241211,2.310814818502086,2.3620940236448402,2.2272134449174374,1.843019149962951,1.9782051324090881,2.148696655733795,2.5969338554367054,2.1546161862796107,2.0028178292507284,4.54814894907008,1.7545457157896052,2.794595468849743,1.4059798542489088,2.3536522764753585,1.819948893233357,1.717236556021446,2.5773075144044464,2.3278551213802303,2.7626641869028905,1.9303011920252136,2.3835200094009457,2.542713630917123,2.3322421834228897,2.7164779694043113,2.1905048207900446,2.1987576580903507,1.898607593432314,2.078619283406599,1.5513096895204614,3.2005176776499016,2.2993272512464813,2.0042095031356997,2.209704250034094,1.9879037812989753,2.3376345794769464,2.3391822413271135,2.2860408770365885,2.3690622212942083,2.747552428859605,2.7330496230065817,2.405784891675365,2.2107531982295923,2.556584803135024,2.4983440825468155,3.105040781795193,0.0,1.7200972693479974,2.6607029288603976,2.2455488982788134,7.140440050730944,5.540385689626286,2.0723704998580845,3.159772772997551,2.2676763784617866,2.159043631799206,2.353434664856632,2.453378441119547
arc_pair_674772,3.9028951644237284,2.8038832552852666,3.223687502564583,3.0837258956688487,3.8861314753922014,2.9922611824922933,2.3875251423248365,2.4476918358562703,4.021113099057192,3.250376826299338,2.818388383253813,2.430953710739282,2.7992161367630946,2.7253586828045826,2.6833248231133946,3.7888185666272203,2.8885180887880555,2.952163278476345,2.575283921372905,2.7150741155815195,2.9562522434527754,2.9177817335060645,2.85950052402532,2.804030553210014,2.287402981992148,2.969414126754576,3.1315450397572366,3.4551687985346575,2.937830966751182,2.6415569424400798,2.3407442668217158,3.0142384969489964,2.7158585388601137,3.029934119203565,2.53651260795044,4.890615310080238,1.9707063490590875,2.3737782306291253,2.052946076022924,3.4552562293697067,2.286382855564553,2.3475080570575093,3.4672204231752586,3.250715270077068,2.8078214843495433,2.193242030359027,3.0972496150263966,3.107711296908331,2.959392185371915,3.538324078956558,2.345868662239705,2.8010244911780062,2.3443590739761246,2.802268546946986,2.167969029043411,3.4474377641126663,3.136014535206316,2.8231246656790354,3.394574145825267,2.092865220681194,2.8875548677488427,3.0861126363349554,2.650739456187279,2.992285320574906,3.59546201633667,3.0960953360542183,3.0431073271151226,2.789605110673671,3.064309718302403,2.8979797778205496,2.7726535761016886,1.7200972693479974,0.0,3.102388652507491,2.7322077267543308,6.461676120405482,5.230744789354476,2.7934192680232095,3.196816373732759,2.9122054115082827,2.895569067632675,3.2148506903006866,3.148110626152852
arc_pair_280409,5.075961710925867,1.2198067536518749,3.16042044478409,1.3891826990159999,3.9987681533406816,3.885531862811543,2.4985115972937373,1.4866938329617316,5.64413259600819,1.0265116002691839,1.2841674852878695,3.156974076668757,1.0063981316891304,1.1294830211358045,1.878633357434938,1.677990067616745,0.9444440749950617,0.8755777676636184,1.206397593138135,1.1637719703101208,1.5364318583478498,1.1446951160333907,0.8898552810229786,1.2375615344735178,1.992773390459329,1.4229757601014246,1.0000601118106833,1.0063348604512643,1.319632086033427,1.8074669542024826,1.454888116555177,0.9082684409320081,3.227093509026651,1.0619256719116121,1.144886719391328,4.828777998230519,1.425486408481417,3.3514282868030496,1.3300262011919073,1.2583711690636248,1.1784791783926045,1.5469395495229552,1.6294452034201408,1.2755515497858034,3.8498533288122068,2.2113658874044897,0.9578756752681755,2.943778146787189,1.1407091731336705,2.0644276531397563,2.3749172283566478,1.6389054776938847,1.1833623339227293,1.2821035404258785,1.3910080002686662,2.3899812351951333,0.9089079340124121,1.0033739859347177,1.8527845939551555,2.10990195581381,1.0158174345873874,1.7987650111195008,2.0421542775844275,0.7898987069476486,1.2863816873464569,2.1495533423789777,1.0687033433831696,1.1114588812699606,0.966424082620246,1.865409360316424,3.965665084973284,2.6607029288603976,3.102388652507491,0.0,1.6019170101167837,8.034016975227756,6.253797749316737,1.3319707837437567,3.822121581890258,0.9003869434489242,1.087541168354989,1.3227041708883034,2.7054180425387147
arc_pair_172674,4.9056042937150375,1.645245869658241,3.0985974307260187,0.8393705942957157,4.2587640803431075,2.5435981533616414,2.2320729295538917,0.6587524882553919,5.205896781610151,1.334891343047861,1.295018261514791,3.3234343078132116,1.2819247650510293,1.3318782639337474,1.3868699093426509,2.0753002674826155,1.284849146624919,1.0664402666176378,1.3107654108694964,1.4667230976733499,0.7337630225924818,1.1213301642093714,1.1792812733271425,0.8503020148683336,1.902722263691551,1.6413931871268834,1.2212605988668614,1.3956746404820057,0.6126797601273032,1.7477702859322464,1.4837738151942559,1.2413792813936817,3.010254712080295,1.0544418940149018,1.1472294870396444,5.004770601116178,1.695663005968422,3.223770965158508,1.181180546522196,1.5338264447542134,1.2127268591122629,1.7234891139345447,1.8627055043764482,1.3709778146343614,3.6002121806596183,2.2453593232571745,1.5133217293537118,1.782933087506412,1.392486839594562,2.2260189214499215,2.156646574316366,1.7418746029524321,1.3551151358685565,1.4752606517965794,1.3895737880844443,2.800007495397871,1.306535405105103,1.2605425996295734,1.6793568135762467,1.9147203345435937,1.2651340257391575,1.6112745701919162,1.3324112496116718,1.338238543523597,1.927131406897322,2.6061593814876303,1.5531973637217469,1.2135375294909396,1.3613362422753115,2.2603394932721397,3.6394962482271214,2.2455488982788134,2.7322077267543308,1.6019170101167837,0.0,8.15397849205267,6.477225460982651,1.6059872611729116,3.4665613808169393,1.4310298637874608,1.5110987043646666,0.9336312389972055,1.9885490951716962
arc_pair_492710,8.336756374073207,7.809548641641976,7.523165931759843,8.337716035054349,7.667142121486117,8.221129129591027,6.994913364206356,7.972761492667628,7.093244010988682,8.429437578020043,8.050640347350885,7.467040487469976,8.373281410032403,7.983306800228039,8.452729250240843,9.055654713936622,8.24839465822226,7.9491999583885455,7.992440722022299,7.447614131638448,8.493304486641922,8.279724921838307,8.063222282204366,8.304806421674794,7.049559258974537,7.776401111065251,8.340590173886858,8.360935545465903,8.46480269197424,7.3543141971968335,7.4625601890405395,8.009236507934437,6.792691942477264,8.332278651170821,7.865468500996247,8.585035515706434,6.739382557203192,6.501968767445723,7.037941213044842,8.54293078294847,7.1006090378395355,7.666773553520393,8.51269221843687,8.536907297543733,7.175807882671801,7.0848050220530645,8.274582734632633,8.446272567496866,8.123551811102702,8.281837981691194,7.419046913996469,7.238884498239383,7.346167938882327,8.258064387034004,7.50807392598243,8.046556077235666,8.320854649111995,7.91354475566521,8.462058979322725,7.506723767295762,7.957642057683418,8.249964553475161,7.943315755723708,8.173653573587286,8.200682782845638,7.852518357021255,8.065565447847309,7.915453660845199,8.288628949522314,7.5934951448646535,6.883567962801131,7.140440050730944,6.461676120405482,8.034016975227756,8.15397849205267,0.0,9.525388522390418,7.728676263705872,7.159367036760109,7.711816652148001,8.13178200949056,8.509462721383898,8.791929059568789
arc_pair_297765,6.911417498296293,6.1324132552750354,5.97515533142243,6.760101517146446,7.161475336385249,7.1296077792871655,5.51904158603445,6.251401607957318,6.358274451170855,6.468399982098921,6.27008704376675,5.885061068355544,6.428198576227386,6.121905835398831,6.523069977527968,6.797704851792754,6.223991939490732,6.2039481344458665,6.067360666509683,5.818609002044323,6.784841189680687,6.364281167783305,6.270658818702232,6.470909215782216,5.587045819177938,6.287167634546397,6.5125316562179405,6.583848297138449,6.625194650424223,5.690543865649022,5.623266350696943,6.241370499422005,5.371434999327406,6.474995330461988,6.233163098541934,7.26024537469588,5.678903379443579,5.627523635772068,5.402978025534445,6.6650562409121585,5.631710866356618,5.782077918276823,6.658115642499416,6.643790182870001,5.647947069729231,5.87212948548613,6.5123590834046885,6.926295775347873,6.338638742280276,7.086173956386136,5.877820318441675,6.210431849380289,5.850794462384454,6.268009884529333,5.726112461635443,6.536580499506425,6.441985731926923,6.14497411471156,6.659411037461649,5.262165473989111,6.160849943945806,6.309101767773493,6.461996239046773,6.3862320304481415,6.675497309027076,6.272195461811859,6.378615898064533,6.095610807685169,6.4697339603092825,6.346728962804235,5.561134574388777,5.540385689626286,5.230744789354476,6.253797749316737,6.477225460982651,9.525388522390418,0.0,5.937547447343977,6.376570676346988,6.204098411061211,6.445650215894342,6.797380521258846,7.154300728740122
arc_pair_208250,4.514578678537268,1.2698462687867687,2.837614610398772,1.6409956127806842,3.5292978343734562,3.489940132963104,2.7045222029155074,1.6528109074705246,4.733064038790512,1.0047116890435392,1.2388743891050873,2.9347280155289033,1.0424798666639548,1.1939078293060377,1.8821923887541323,1.4224082481949019,0.8795873380135947,0.9110631435199055,1.0943413864032263,1.2112002735176386,1.6560365895771152,1.2532124668572724,0.9389031518357297,1.354110470656102,1.9749557657969632,0.983885981499886,1.0780997783049138,0.8188828128416367,1.466060095315286,1.3140767396753559,1.5415015450383434,0.8660517208504439,3.160731859007466,0.9589218894964466,0.989862521332488,4.747942420934394,1.3834159048001333,3.037842263385765,0.9435797555068954,1.0846533474922244,1.1441555325650046,0.978085913378103,1.2948389594445424,1.1787061498156206,3.3352778416218625,2.0693150841248977,1.0452427013792502,3.032855155960629,1.1588917952780735,1.8375975972061482,2.267940629008462,1.562414645728031,1.4818467303677005,1.0811768705309215,1.1411616401307647,2.16369574816913,1.1208728270258048,0.8052068912501305,1.5098481973077806,1.7437678793175835,0.9243842811620425,1.4405917117360465,2.1827261346961095,1.0341820795061438,1.14852874661569,2.1308963866631436,1.2518979728089064,1.1507057406386294,1.2164588293940461,1.8050725338735472,3.840751435947616,2.0723704998580845,2.7934192680232095,1.3319707837437567,1.6059872611729116,7.728676263705872,5.937547447343977,0.0,3.505524551154675,1.1437278372352166,1.1142125724727359,1.5023063121781988,2.6871377354734354
arc_pair_642267,5.008787379162868,3.7015549889779864,4.122509662954553,3.52545277121539,4.664852704999003,4.160909063925313,3.2120877368669225,3.3893830534390803,4.60105728095238,3.9003206037862324,3.5987090279821445,3.857803797904121,3.7060746575516683,3.5290078398004106,3.690299085295229,4.590247601130675,3.8036699942283345,3.3666019649571575,3.4189165709266276,3.3567983692080725,3.5384299722899852,3.506035123604798,3.4780531444051657,3.6582250555465192,2.7491545097565537,3.841638418184881,3.8005233571487484,3.845085908876237,3.770567427331997,3.39069019506907,2.9218767997391732,3.7135430206658975,2.679050533835488,3.5291478416011084,3.405489718736219,5.545690684416332,2.774335841338355,3.0813778091597492,2.876313564380328,3.7766633062707355,2.793188967556957,3.5169226441385675,3.859397215870194,3.9500536545373817,3.852511771595989,3.1871659891094386,3.913072218056866,3.768000114332925,3.208849870369843,4.338460715313612,3.263174330699668,3.6251462039532183,2.9200524215244457,3.7548890180792127,3.1765359233447947,4.190392110891453,3.656718441771979,3.6233257172080986,3.7780808106169244,3.0379429426649676,3.499287864073352,3.412498629525273,3.3244654061326404,3.668585061372525,4.393466769883309,4.028735597628554,3.718381019692491,3.4960558177526724,3.8847252514671387,3.4792765905884773,3.5201123390796516,3.159772772997551,3.196816373732759,3.822121581890258,3.4665613808169393,7.159367036760109,6.376570676346988,3.505524551154675,0.0,3.2066259089788924,3.775310826812119,3.719968026083043,4.423712294446307
arc_pair_149569,4.467876206552324,0.8970336584908627,2.8389891096869224,1.001913859352149,3.5276166422831126,3.6715003793386303,2.0489264219953576,1.2010415651931141,5.308189615749651,0.6419990764673122,0.9712859538893444,2.9525555878444485,0.8129037904017002,0.7124552499008627,1.7422942407033657,1.2956586394327858,0.5648947693538577,0.5821478412393957,0.5985453692613133,0.8079424728726512,1.1674261687354515,0.8556665180265193,0.46147325848723686,0.9253053346096258,1.4328277628855082,0.9177906158023705,0.5944120842843716,0.6012104816050423,1.0746883883339249,1.296960143464706,0.9002637892337433,0.524596079656414,2.673170437408661,0.6020874786173613,0.9555977908821818,4.70197374502483,0.9103915190887122,3.0579518467914824,0.9634634459666148,0.711374790985849,0.8216708871584442,1.2122450574214043,1.2305628684964371,0.9899510249471732,3.5152760922874102,1.9820213807901712,0.6895989090556958,2.704666518577124,0.6068553942563382,1.7771644402016613,2.005348300456407,1.2842024642561936,0.6174968271838059,0.9823598469222264,0.9468034909080327,2.203757773919657,0.8580255862331472,0.6857912879878661,1.3705757512708276,1.8559078704038448,0.8727205198224478,1.4452597394662423,1.621467392849639,0.45143023833087503,1.0945362259522087,2.096010420103025,0.8028501167258446,0.7216389057535308,0.9420394615309058,1.4991653189715795,3.6525085353098197,2.2676763784617866,2.9122054115082827,0.9003869434489242,1.4310298637874608,7.711816652148001,6.204098411061211,1.1437278372352166,3.2066259089788924,0.0,0.8333392285177939,0.9787322127683138,2.3436949211370033
arc_pair_281486,4.625631292313861,0.9688886325076729,2.683555830718264,1.0097318864147473,3.574262835754268,3.5731671913453873,2.4928020908707467,1.302805188027783,5.197803893965636,0.7198826829885926,1.1313789822508553,2.8812965870760903,0.6902746833907291,0.9218178758524671,1.3066340847229592,1.5087477110668792,0.5688870224819758,0.8438268744521202,0.7576937389082227,0.9568723458956694,1.2387489206098523,0.9736501237896942,0.8079180725435812,0.8857855130840817,1.7192835395926105,1.0662414431257272,0.7837633938954651,0.6411042451488125,1.0934295059131738,1.217340400250369,1.1476345084312363,0.49300163484278114,3.199474955875259,0.8299009709336519,0.9910465042666742,4.974733281497927,1.3926082213647017,3.3320774657459937,0.9821558480559762,1.0007747775700202,1.0423330103911497,1.13303432592217,1.4350599252856688,0.7362354377243756,3.6202277701248353,2.1133046199615446,0.736206986775742,2.4778530391219467,1.1148154182024421,1.8154557186524403,2.0169629116590153,1.2162712186898814,1.000623215074587,0.6644644794957255,0.9465199760468375,2.231327204765387,0.9702517221557034,0.6643977463804893,1.695234095504425,1.7765346783179483,0.8704846720970303,1.785371586727995,1.8677829908264902,0.5248649304362856,0.8924010847179993,1.9721507663672,0.931006786945769,0.9043238894363572,1.0536149083049364,1.7982676494181975,3.7489974632156633,2.159043631799206,2.895569067632675,1.087541168354989,1.5110987043646666,8.13178200949056,6.445650215894342,1.1142125724727359,3.775310826812119,0.8333392285177939,0.0,1.2861973401964066,2.0779548819818534
arc_pair_27275,5.26544582919643,1.3847254964435007,3.401450788096165,0.7729423230425776,4.382586328577606,3.32111382226012,2.538765076334338,0.8138432313391523,5.5942475124676765,1.0865487808790961,1.2282808411175852,3.7786744663873617,1.0695450411427554,1.1483382780803904,1.4273585607870278,1.6482795620997581,0.876313732421337,0.8649104703303286,1.1008427792954343,1.1618539179400904,0.7395614464334408,1.1752096097980034,0.8214348125143959,0.5427445098210391,2.2153247780269627,1.2650947786878775,0.8255111760406606,0.9685758220265491,0.6470972880808267,1.6557723871492114,1.6206073159824166,0.8552807815608173,3.207587019809679,0.8070262040368598,0.9825861877205017,5.437863760788074,1.5363651239387996,3.573575555519377,1.2160425841509364,0.8482780984848273,1.266723612352076,1.679393717946326,1.5538885109208163,1.3666777443413949,4.079959695088155,2.4218322395075482,1.1571969123529244,2.3076959451537062,1.0260621616320433,2.0963603293376094,2.455040585151925,1.7559602623784278,1.1433099585116442,1.4319093983617561,1.2960061878698326,2.6688277802694005,0.9682445307220746,0.9648807248558937,1.4598249045504927,2.1708034849412554,1.1537277837577844,1.4927190353882578,1.5702088233937859,0.99525289897029,1.5223194231858503,2.5903257376199704,1.2135979951510705,1.058537987577461,1.0192395338198157,2.172543832723875,4.279778140393253,2.353434664856632,3.2148506903006866,1.3227041708883034,0.9336312389972055,8.509462721383898,6.797380521258846,1.5023063121781988,3.719968026083043,0.9787322127683138,1.2861973401964066,0.0,2.295698029479685
arc_pair_723396,5.129416436519419,2.806073360138937,3.965106925612477,1.7059147954995757,4.849695215400128,3.0655145685228415,3.171989810523967,1.8759221101730312,5.582391663652494,2.412143209840582,2.3974840204927985,3.6735059212864307,1.9980413906945744,2.3052091746736756,1.85012929422972,3.2621206379258805,2.2667523984523914,2.4155430159110516,1.8702821087678227,2.6222688909707794,1.6624491207496188,2.19871401026984,2.3704441741671416,1.626236249618626,2.7254346836704406,2.370015304944471,2.419521080024685,2.4293751226821794,1.9327763835297522,2.184104318162828,2.343775743420078,2.2754417407746286,3.70059329434646,2.277905590753563,2.335320196334333,5.647724189817295,2.523924359137712,4.128260257134167,2.1075052076377947,2.618571914114941,2.0970050363345387,2.357421016362729,3.153275726930013,2.303958577489504,4.524864433744039,2.890593957963469,2.662282885233221,2.3202433719829387,2.584985199598425,3.320023921069046,2.720034018977432,2.534802741458788,1.8970723365787951,2.1010763969851363,2.1598266746057995,3.929874343906711,2.4028653701688727,2.353597348645244,2.623326641718578,2.723481060688391,2.4707575227852,3.0167532566869166,1.8896143554373235,2.2704931243420083,2.757687939891673,3.2198149281784825,2.311255275491898,2.3609473421833918,2.429157528110144,3.2513818878227916,4.394187482149763,2.453378441119547,3.148110626152852,2.7054180425387147,1.9885490951716962,8.791929059568789,7.154300728740122,2.6871377354734354,4.423712294446307,2.3436949211370033,2.0779548819818534,2.295698029479685,0.0
