,file_name,total_mass
0,arc_pair_707432,22.329502122212492
1,arc_pair_261242,35.91977508298896
2,arc_pair_505368,118.36187271726622
3,arc_pair_735113,13.67999299795325
4,arc_pair_563444,9.499325814178526
5,arc_pair_673041,8.107747494936927
6,arc_pair_179627,21.68746249113427
7,arc_pair_314923,34.12173188653452
8,arc_pair_257720,11.309422957870385
9,arc_pair_682404,50.349524878413774
10,arc_pair_104747,17.39052210353845
11,arc_pair_592902,31.28005880876394
12,arc_pair_655466,14.613401503759395
13,arc_pair_46821,10.418914635066798
14,arc_pair_174150,31.592521474198957
15,arc_pair_481959,221.36529081595137
16,arc_pair_528553,5.615797799294244
17,arc_pair_259381,8.532246495614395
18,arc_pair_238368,41.48123978124824
19,arc_pair_221519,9.568941816753636
20,arc_pair_300126,129.10134980553647
21,arc_pair_432816,20.784533545452284
22,arc_pair_220021,19.28661327231121
23,arc_pair_725685,13.529359180650271
24,arc_pair_668031,28.810121932266128
25,arc_pair_420082,6.753632334791876
26,arc_pair_439759,12.96195020798721
27,arc_pair_629897,14.730137409294429
28,arc_pair_54236,39.533386730307136
29,arc_pair_293247,32.83229323577936
30,arc_pair_145174,12.488939047201063
31,arc_pair_275597,14.782755423697386
32,arc_pair_456604,64.04684797169874
33,arc_pair_163046,9.62228693747511
34,arc_pair_461127,12.087062125546503
35,arc_pair_714072,11.847440867020014
36,arc_pair_20032,9.476667658828589
37,arc_pair_619037,14.204647448694402
38,arc_pair_599837,14.502621739667427
39,arc_pair_255967,10.828425294482333
40,arc_pair_619467,12.06423929887617
41,arc_pair_184168,22.280966348707757
42,arc_pair_583169,13.628099365064655
43,arc_pair_640408,19.932839000126652
44,arc_pair_358867,17.357727879538647
45,arc_pair_726046,9.223499612684282
46,arc_pair_200478,9.49762476647985
47,arc_pair_409300,19.015636090774507
48,arc_pair_115785,10.710279314410085
49,arc_pair_48700,38.85429571774845
50,arc_pair_501452,16.030314529665034
51,arc_pair_515041,11.696749439325568
52,arc_pair_634749,19.46412771686863
53,arc_pair_574552,46.65565655759206
54,arc_pair_94968,12.208925449871465
55,arc_pair_360418,14.661745569463381
56,arc_pair_244225,9.781680859691809
57,arc_pair_564801,10.375657771495717
58,arc_pair_726945,19.051531383357045
59,arc_pair_271491,17.21015610538656
60,arc_pair_331769,46.0289923156941
61,arc_pair_722681,7.0568767928554275
62,arc_pair_692900,43.24086364898639
63,arc_pair_594182,52.98440974422043
64,arc_pair_555521,15.490809558059617
65,arc_pair_165653,8.225267449299944
66,arc_pair_361874,38.395625138796355
67,arc_pair_347045,11.78997022701898
68,arc_pair_198665,15.379687858033963
69,arc_pair_263228,36.506414959646236
70,arc_pair_287896,17.38432172609388
71,arc_pair_152936,7.812035020867354
72,arc_pair_414709,12.823774037790617
73,arc_pair_425957,9.865061207511292
74,arc_pair_521725,7.160872085873404
75,arc_pair_347100,20.287331776562404
76,arc_pair_295147,20.794574302494407
77,arc_pair_523348,13.02568873221047
78,arc_pair_470448,6.685552914717986
79,arc_pair_602440,13.65723780817683
80,arc_pair_692845,8.637489563039242
81,arc_pair_593702,21.47850168446297
82,arc_pair_188720,8.465650811402742
83,arc_pair_293093,42.58063293785606
84,arc_pair_593978,10.007481217872677
85,arc_pair_278258,18.78998661145188
86,arc_pair_461170,19.253943622233052
87,arc_pair_196944,16.655255942267903
88,arc_pair_595455,23.08201715415163
89,arc_pair_591,11.861931401320618
90,arc_pair_414420,39.85605664031827
91,arc_pair_683184,31.514953042783244
92,arc_pair_319079,18.40212592195595
93,arc_pair_662191,12.864784680391981
94,arc_pair_510701,11.570396696906704
95,arc_pair_6069,31.962306334016866
96,arc_pair_486818,13.783175093839699
97,arc_pair_543363,8.298054749946948
98,arc_pair_357229,12.805243898229019
99,arc_pair_309079,11.8042348124123
100,arc_pair_370859,28.38163792898987
101,arc_pair_285794,7.24744337905541
102,arc_pair_522220,28.12547228404327
103,arc_pair_125734,15.944979838948077
104,arc_pair_175983,9.716728298339078
105,arc_pair_212412,15.779052635456187
106,arc_pair_674550,34.01661174712097
107,arc_pair_427205,13.719863876688294
108,arc_pair_668089,24.905325009181052
109,arc_pair_152259,13.011969160768453
110,arc_pair_259913,9.793497836944615
111,arc_pair_689566,13.42985381452718
112,arc_pair_74792,6.749081001600138
113,arc_pair_46319,17.416669875868088
114,arc_pair_161493,13.516399145256672
115,arc_pair_34026,9.16400497146752
116,arc_pair_407349,24.823188704997186
117,arc_pair_422904,21.480744452397996
118,arc_pair_442305,12.433080080991214
119,arc_pair_5350,9.829090166236817
120,arc_pair_669698,41.89216110870507
121,arc_pair_677686,31.936116975525838
122,arc_pair_400176,14.345194977239736
123,arc_pair_304962,18.256843572120268
124,arc_pair_630032,11.646963169710574
125,arc_pair_408679,16.042321290905708
126,arc_pair_565928,17.42965036875171
127,arc_pair_557859,8.612099644128115
128,arc_pair_549847,33.19963432498815
129,arc_pair_649812,10.528972657590664
130,arc_pair_236788,102.56119011494845
131,arc_pair_112778,12.553484119223297
132,arc_pair_168077,24.80709351848538
133,arc_pair_24319,14.04286720352736
134,arc_pair_69335,13.639455977504555
135,arc_pair_573405,15.499987281560806
136,arc_pair_420305,15.719058734762209
137,arc_pair_48468,57.91133774676447
138,arc_pair_325696,50.56723860178484
139,arc_pair_620032,19.692787094167194
140,arc_pair_503212,12.596597215215418
141,arc_pair_712734,16.208887132696315
142,arc_pair_352744,11.715166054597342
143,arc_pair_493026,11.763616192368222
144,arc_pair_127573,37.06883393165802
145,arc_pair_421902,10.498323010761538
146,arc_pair_482637,12.274460069379685
147,arc_pair_449733,8.406197523406828
148,arc_pair_721957,26.03845374465093
149,arc_pair_343155,7.051967488380017
150,arc_pair_638814,8.314086978318084
151,arc_pair_336405,15.820866644272755
152,arc_pair_669548,95.59195127613377
153,arc_pair_635725,14.961317730401058
154,arc_pair_197569,49.15955241124986
155,arc_pair_281112,39.75304067660089
156,arc_pair_355982,16.906086242299793
157,arc_pair_492637,13.096901545485164
158,arc_pair_618958,31.78259339272277
159,arc_pair_686113,8.711234763406026
160,arc_pair_298333,17.64990462181977
161,arc_pair_613247,35.89312530773019
162,arc_pair_640275,16.892486683487522
163,arc_pair_719178,11.068770337152388
164,arc_pair_429061,15.027143636453804
165,arc_pair_18299,19.564724304284248
166,arc_pair_439348,16.970201160928745
167,arc_pair_174668,43.29673048315115
168,arc_pair_317071,16.41355757931845
169,arc_pair_187210,10.978728402150649
170,arc_pair_55935,8.317333728995882
171,arc_pair_424983,12.807226719171588
172,arc_pair_115681,9.992412323828255
173,arc_pair_682629,13.3280359675907
174,arc_pair_388682,32.663492586490946
175,arc_pair_106107,58.3675608292165
176,arc_pair_346584,13.353291968748744
177,arc_pair_380748,24.96551515151515
178,arc_pair_125667,10.758512360745268
179,arc_pair_656572,14.458227605031068
180,arc_pair_686390,12.990766227115605
181,arc_pair_414436,8.94448132780083
182,arc_pair_76756,12.21234690971233
183,arc_pair_426117,12.241783173902377
184,arc_pair_135667,7.177214185072732
185,arc_pair_531949,7.918036561219323
186,arc_pair_200593,9.899195021478691
187,arc_pair_154661,14.523128744439585
188,arc_pair_34030,17.471665400746346
189,arc_pair_184129,29.672357165157663
190,arc_pair_570550,33.622076184937484
191,arc_pair_713349,7.074513381995134
192,arc_pair_38443,15.042182714076443
193,arc_pair_465060,19.357179932078715
194,arc_pair_642927,17.22138475933049
195,arc_pair_185692,23.790073808485552
196,arc_pair_187705,17.705275546939905
197,arc_pair_450284,11.737101321908527
198,arc_pair_457541,29.323259562333394
199,arc_pair_348826,10.332822765931718
200,arc_pair_618237,16.324698297889068
201,arc_pair_364949,17.22528769216938
202,arc_pair_628455,31.960819078536648
203,arc_pair_443386,37.842692690846036
204,arc_pair_501297,31.91459074733096
205,arc_pair_561896,16.485742552489832
206,arc_pair_482375,31.748820754716984
207,arc_pair_91855,24.669086123352415
208,arc_pair_299430,7.739202918685142
209,arc_pair_626918,34.60249471013899
210,arc_pair_612544,22.14664125264977
211,arc_pair_4279,25.68938595711729
212,arc_pair_156522,12.033248928388197
213,arc_pair_502511,20.842555574869152
214,arc_pair_248139,10.316857564752365
215,arc_pair_264056,8.018526806746443
216,arc_pair_170410,13.521040885842115
217,arc_pair_684529,12.092609067280687
218,arc_pair_332041,13.933878755364805
219,arc_pair_523759,10.139522989583512
220,arc_pair_427881,22.124058797060147
221,arc_pair_666310,10.9693545209036
222,arc_pair_181110,50.442199228487475
223,arc_pair_62191,10.844585213467546
224,arc_pair_11846,16.335104712041883
225,arc_pair_426269,9.412794384391912
226,arc_pair_66582,10.167328651005086
227,arc_pair_297992,10.242045975920387
228,arc_pair_156934,9.538899966473153
229,arc_pair_690993,13.736882258201238
230,arc_pair_634163,10.389429826547712
231,arc_pair_46837,17.513885148277822
232,arc_pair_437751,50.677183695076764
233,arc_pair_505542,7.285928036197361
234,arc_pair_159511,16.46117048708054
235,arc_pair_218818,8.241821721104257
236,arc_pair_568971,31.69794345929409
237,arc_pair_181239,18.586662165710212
238,arc_pair_584655,21.03548684317498
239,arc_pair_272244,15.610619343288674
240,arc_pair_404898,16.13251205141939
241,arc_pair_235235,25.20105719944082
242,arc_pair_190582,19.5268454288114
243,arc_pair_229216,14.719064025265578
244,arc_pair_578971,43.71624255248065
245,arc_pair_35733,47.193901870369416
246,arc_pair_588226,18.716642597698133
247,arc_pair_188018,24.75707578322946
248,arc_pair_51022,16.10583913077464
249,arc_pair_658491,24.984511654254806
250,arc_pair_710477,13.272564519879097
251,arc_pair_567387,12.550505421797464
252,arc_pair_259817,19.38398210870904
253,arc_pair_131673,14.040829221730771
254,arc_pair_18,13.497183989875019
255,arc_pair_255137,24.729270446147304
256,arc_pair_636627,17.734911415068805
257,arc_pair_38551,8.668775203605598
258,arc_pair_588363,17.063931583039295
259,arc_pair_452714,17.646448600712766
260,arc_pair_23258,151.56735382566973
261,arc_pair_66644,14.785448875323471
262,arc_pair_585101,6.320740456059441
263,arc_pair_507969,14.005696842432727
264,arc_pair_589572,19.20788448623237
265,arc_pair_140675,15.632667631452001
266,arc_pair_116015,12.133843864326906
267,arc_pair_211785,23.412223335100848
268,arc_pair_556065,13.779093608597286
269,arc_pair_647621,14.51513932349873
270,arc_pair_723252,19.941674945241715
271,arc_pair_12155,10.183015740031017
272,arc_pair_135325,19.09282230998869
273,arc_pair_624548,15.007254464285714
274,arc_pair_672328,21.969647069815245
275,arc_pair_97915,11.096739529632602
276,arc_pair_405122,11.497546819216236
277,arc_pair_328964,52.14688110431046
278,arc_pair_154071,19.479244568561555
279,arc_pair_593738,12.5306019460346
280,arc_pair_496658,80.59555454407527
281,arc_pair_575841,26.348227465498255
282,arc_pair_582129,22.05152305806168
283,arc_pair_638992,30.374226868272046
284,arc_pair_671154,8.62659338629226
285,arc_pair_16301,9.4807914534349
286,arc_pair_206257,11.116360400884814
287,arc_pair_249616,14.008118189131867
288,arc_pair_148951,17.164188155519113
289,arc_pair_117106,16.004166366063053
290,arc_pair_500804,11.193607975370178
291,arc_pair_206742,6.388218477279566
292,arc_pair_382165,8.011468415982385
293,arc_pair_14783,63.08141272712972
294,arc_pair_24335,39.31992127706101
295,arc_pair_128215,19.24052374052374
296,arc_pair_434690,13.63899344910055
297,arc_pair_423856,53.12430199900875
298,arc_pair_555848,8.933903472893581
299,arc_pair_313622,60.311320223136306
300,arc_pair_692039,31.20187597824496
301,arc_pair_250821,30.148162507962
302,arc_pair_277601,10.981368651781402
303,arc_pair_689675,8.710133119571074
304,arc_pair_159706,14.037853736642417
305,arc_pair_731214,10.865944667996034
306,arc_pair_468384,10.489663049685893
307,arc_pair_179133,12.680680889259325
308,arc_pair_294853,12.487720969619984
309,arc_pair_407723,12.020137396424712
310,arc_pair_451143,78.74150574074613
311,arc_pair_326215,21.869793297839024
312,arc_pair_378045,18.78931605390956
313,arc_pair_91204,38.30319806178073
314,arc_pair_678119,61.337207429058026
315,arc_pair_563700,44.5247754307884
316,arc_pair_385970,17.853245303822828
317,arc_pair_270347,17.728605417276718
318,arc_pair_651331,21.519802249144345
319,arc_pair_593942,12.74784671287262
320,arc_pair_197396,20.184119130890434
321,arc_pair_434805,9.402452869134443
322,arc_pair_286478,21.047799189064918
323,arc_pair_22127,15.14443457464981
324,arc_pair_337111,12.64365900719172
325,arc_pair_309940,12.66521136103238
326,arc_pair_162790,5.946605256463468
327,arc_pair_393518,19.012788516434224
328,arc_pair_492861,38.78391553808865
329,arc_pair_15983,25.486571260537154
330,arc_pair_692982,13.227568884152838
331,arc_pair_48106,16.96751663378711
332,arc_pair_504056,9.452720732010327
333,arc_pair_446517,26.166162458313483
334,arc_pair_500916,12.14870801728621
335,arc_pair_557064,12.513005085211654
336,arc_pair_401566,11.660964806084518
337,arc_pair_248050,12.5002837773924
338,arc_pair_470425,15.833337362504533
339,arc_pair_129516,27.14839019580579
340,arc_pair_17547,18.025547445255476
341,arc_pair_21926,8.17879742846338
342,arc_pair_732253,12.349819619235856
343,arc_pair_614453,72.19150992316033
344,arc_pair_453715,16.32948484938772
345,arc_pair_528990,14.932063483058418
346,arc_pair_42858,12.697801031429893
347,arc_pair_495023,24.813540709531388
348,arc_pair_392098,17.9057984066505
349,arc_pair_96345,10.068569502191256
350,arc_pair_261278,10.669566773585167
351,arc_pair_359466,7.30498392559355
352,arc_pair_483548,23.22142986331809
353,arc_pair_125923,18.857426983435047
354,arc_pair_379879,21.525045888270817
355,arc_pair_102353,19.005305552253
356,arc_pair_357478,25.0750397159144
357,arc_pair_72502,16.709848965892597
358,arc_pair_241334,30.544835073068896
359,arc_pair_268059,21.801448365648397
360,arc_pair_715065,8.752370008618213
361,arc_pair_255377,19.59955678099312
362,arc_pair_290144,38.73859553101873
363,arc_pair_292483,8.758071019934977
364,arc_pair_602211,15.529321889780517
365,arc_pair_16839,20.405705864678865
366,arc_pair_88072,15.158988377748333
367,arc_pair_137764,9.999014334997534
368,arc_pair_223322,19.702328306726216
369,arc_pair_616252,12.81289718206446
370,arc_pair_398246,13.635938543754175
371,arc_pair_424014,9.133805240131739
372,arc_pair_577714,15.748336880329795
373,arc_pair_290847,13.12920540308112
374,arc_pair_550037,22.685724670096175
375,arc_pair_130808,19.96253765621738
376,arc_pair_103391,72.4334271275181
377,arc_pair_288574,23.558142219485916
378,arc_pair_194502,19.945465049104566
379,arc_pair_443129,9.32014595485339
380,arc_pair_550467,22.774570646942603
381,arc_pair_605887,10.140246883402591
382,arc_pair_487337,55.32028364345947
383,arc_pair_555370,25.19602173250048
384,arc_pair_416889,32.67320105662476
385,arc_pair_631434,25.592027300682517
386,arc_pair_544561,7.876278893520272
387,arc_pair_225219,16.269217740254327
388,arc_pair_53033,25.37872747568171
389,arc_pair_412433,13.095827323565878
390,arc_pair_378854,22.17883580080754
391,arc_pair_493374,8.192958983715116
392,arc_pair_459898,27.753520835059234
393,arc_pair_717664,16.12148370412776
394,arc_pair_85355,16.995287542124444
395,arc_pair_216579,23.835281207133058
396,arc_pair_213281,20.33369572841411
397,arc_pair_712935,63.05170426477852
398,arc_pair_108532,13.408306811410968
399,arc_pair_473989,8.18790170132325
400,arc_pair_724104,47.217873824652116
401,arc_pair_445442,15.269627138759766
402,arc_pair_686241,21.210994181868756
403,arc_pair_432085,31.445857666818835
404,arc_pair_271917,15.65284948736144
405,arc_pair_409843,58.15303384896397
406,arc_pair_578731,23.671469591535825
407,arc_pair_726656,37.18714521406
408,arc_pair_580856,28.66516958838396
409,arc_pair_673981,25.23026117906557
410,arc_pair_474889,31.77764278751748
411,arc_pair_348324,17.656451706693026
412,arc_pair_400731,7.9461312271344084
413,arc_pair_486249,24.852588379673
414,arc_pair_111586,27.054327602887547
415,arc_pair_681341,9.358077203723148
416,arc_pair_603380,8.097782808962448
417,arc_pair_703518,17.03639376694115
418,arc_pair_201183,26.37062740974413
419,arc_pair_665156,14.61021967406441
420,arc_pair_5844,8.166125015186491
421,arc_pair_229806,10.840384195060349
422,arc_pair_382431,18.98011149113845
423,arc_pair_239555,13.392118592871416
424,arc_pair_317765,12.301340257999666
425,arc_pair_662739,103.46246568670858
426,arc_pair_87811,17.052948845555356
427,arc_pair_392827,25.646626447541777
428,arc_pair_291190,11.633661923311339
429,arc_pair_14668,15.56834175014488
430,arc_pair_160580,11.313921952689466
431,arc_pair_558692,11.43476439790576
432,arc_pair_662386,12.231955313014826
433,arc_pair_146148,11.177431893463126
434,arc_pair_528590,34.098543696586
435,arc_pair_661400,9.070652781053337
436,arc_pair_34724,14.532231809558779
437,arc_pair_505344,10.73442740776234
438,arc_pair_653121,19.42890264098318
439,arc_pair_76107,14.300188227639254
440,arc_pair_166004,9.757248928802019
441,arc_pair_412560,6.59716264880611
442,arc_pair_136163,10.89210718606629
443,arc_pair_341369,88.22204501576873
444,arc_pair_512602,16.995380720230564
445,arc_pair_476271,43.128546887032755
446,arc_pair_371675,35.831374570061726
447,arc_pair_525121,13.739527230845171
448,arc_pair_349309,17.57156096915133
449,arc_pair_89225,44.88073055991144
450,arc_pair_221309,9.219274977895669
451,arc_pair_314325,9.974818650801495
452,arc_pair_348148,25.82562118969167
453,arc_pair_477460,23.943893572387196
454,arc_pair_8519,13.633651220188979
455,arc_pair_173986,16.11305856525742
456,arc_pair_161542,55.00599015743647
457,arc_pair_435243,14.008386752831338
458,arc_pair_716576,10.129931643253135
459,arc_pair_492573,23.055348576412683
460,arc_pair_91300,15.775408691605099
461,arc_pair_256371,25.678177072876935
462,arc_pair_52634,10.364416436464088
463,arc_pair_625932,15.632231806453703
464,arc_pair_729370,6.628525259397856
465,arc_pair_177029,11.913781348467818
466,arc_pair_218988,15.353053148324399
467,arc_pair_419269,38.86845525843057
468,arc_pair_561639,17.170222328338085
469,arc_pair_100114,18.50204511912292
470,arc_pair_450656,7.812065253395164
471,arc_pair_583903,13.986954869759783
472,arc_pair_271452,26.701263932590262
473,arc_pair_374532,25.64799106612493
474,arc_pair_179037,19.15874742933665
475,arc_pair_593450,24.60844576494082
476,arc_pair_171407,152.0040851935966
477,arc_pair_325643,46.070820872749465
478,arc_pair_217450,43.062054099647376
479,arc_pair_657420,15.939857665885064
480,arc_pair_599773,25.186742411161376
481,arc_pair_503678,29.355754229117366
482,arc_pair_13545,20.948872971862805
483,arc_pair_509275,22.61241824614908
484,arc_pair_78908,9.034610337028454
485,arc_pair_289518,22.181506713406975
486,arc_pair_534858,10.846594972923263
487,arc_pair_161329,11.397043164246362
488,arc_pair_424239,11.087684649644306
489,arc_pair_447717,38.6491283233763
490,arc_pair_177707,59.80682474764068
491,arc_pair_170492,18.914563390379588
492,arc_pair_564745,8.855752137475662
493,arc_pair_70987,50.55341971617068
494,arc_pair_96304,21.991782779564133
495,arc_pair_1915,15.617044466646771
496,arc_pair_276905,8.449923400995788
497,arc_pair_332539,27.250570322032996
498,arc_pair_681253,36.59652442091909
499,arc_pair_5055,30.168404837094663
500,arc_pair_626426,24.305908351960984
501,arc_pair_162913,21.928209270535604
502,arc_pair_356382,12.951677390693744
503,arc_pair_571052,17.27841500208073
504,arc_pair_568273,7.474028230765117
505,arc_pair_106701,13.136177028951113
506,arc_pair_436711,43.217817923382015
507,arc_pair_86754,12.836480846315965
508,arc_pair_59243,9.356926771457085
509,arc_pair_515939,13.649269888064858
510,arc_pair_114415,9.379816417243102
511,arc_pair_672502,21.556317932604443
512,arc_pair_14845,56.55571113234276
513,arc_pair_424055,19.085765603951504
514,arc_pair_730413,21.455128919749647
515,arc_pair_107393,22.67242474279182
516,arc_pair_263984,17.114939512425536
517,arc_pair_662152,34.17490751030398
518,arc_pair_48281,11.395805361359322
519,arc_pair_356802,9.677310645820672
520,arc_pair_364973,26.686501794711365
521,arc_pair_327412,8.949146502672567
522,arc_pair_594638,8.998786511476867
523,arc_pair_445950,11.28845915458039
524,arc_pair_89337,21.2348055672122
525,arc_pair_515485,27.117152111441236
526,arc_pair_378815,8.55256446585435
527,arc_pair_37299,32.016155326313545
528,arc_pair_214856,18.6437498832365
529,arc_pair_398712,12.270633680922025
530,arc_pair_389103,15.409182656685147
531,arc_pair_500687,26.990591307088028
532,arc_pair_190015,12.285538136339616
533,arc_pair_143872,9.628454305698888
534,arc_pair_267882,25.819547980928803
535,arc_pair_369707,10.312462174702443
536,arc_pair_211357,10.369298020997183
537,arc_pair_329549,18.64794024110643
538,arc_pair_298020,12.59831063409342
539,arc_pair_578068,14.018540367436376
540,arc_pair_395507,8.96208288703963
541,arc_pair_80531,21.166176983217966
542,arc_pair_716043,17.86807884071493
543,arc_pair_15665,12.135318085158191
544,arc_pair_361340,201.72822664087454
545,arc_pair_71174,17.36016529887667
546,arc_pair_294977,13.661176215799987
547,arc_pair_608295,20.04319603592443
548,arc_pair_50279,132.44959801371482
549,arc_pair_33757,290.4674153185164
550,arc_pair_673221,10.70065905845049
551,arc_pair_120428,19.76166957555052
552,arc_pair_633595,18.520230876865668
553,arc_pair_47416,9.567546603277869
554,arc_pair_116849,16.205176532731485
555,arc_pair_700894,19.71003301244315
556,arc_pair_35379,28.801390498261874
557,arc_pair_476744,26.82252564536129
558,arc_pair_21290,22.590651606119195
559,arc_pair_145894,39.44382259888296
560,arc_pair_122550,10.895262179248792
561,arc_pair_276358,15.342357292530973
562,arc_pair_310716,14.29831322353229
563,arc_pair_463950,21.344020242613684
564,arc_pair_199756,10.558396566001385
565,arc_pair_9328,3.864111563655473
566,arc_pair_376190,10.687292252620814
567,arc_pair_329928,7.5674946673088845
568,arc_pair_701769,18.87202438614846
569,arc_pair_20194,8.748685496868973
570,arc_pair_118912,10.057600434310533
571,arc_pair_496906,10.599489006925303
572,arc_pair_327936,20.026893455322714
573,arc_pair_61898,22.35904937564926
574,arc_pair_429240,33.70349292261976
575,arc_pair_650957,39.72284377542718
576,arc_pair_129936,11.09644180973919
577,arc_pair_443666,21.25319270741589
578,arc_pair_436766,7.971286845368692
579,arc_pair_105859,53.49885662016923
580,arc_pair_647841,31.811458700357377
581,arc_pair_534069,15.931966612974081
582,arc_pair_522447,15.546904092471102
583,arc_pair_14218,16.799449233716476
584,arc_pair_50015,299.90715624797986
585,arc_pair_100358,13.758283049917718
586,arc_pair_295059,19.597822420701842
587,arc_pair_570264,44.990251669234716
588,arc_pair_526404,28.415280174313892
589,arc_pair_11919,12.022324909747294
590,arc_pair_176927,16.433852190634582
591,arc_pair_202760,25.34301766579786
592,arc_pair_413582,11.860873282442746
593,arc_pair_632107,11.681054631439387
594,arc_pair_456521,7.833253987145918
595,arc_pair_403994,14.05660243995533
596,arc_pair_492380,8.00977843022605
597,arc_pair_716690,7.751198721363878
598,arc_pair_200618,8.74515115034778
599,arc_pair_701505,25.8089917464009
600,arc_pair_606458,244.75126392687574
601,arc_pair_140950,10.973225276979894
602,arc_pair_367017,139.49398856250843
603,arc_pair_117188,10.321154360758321
604,arc_pair_218228,28.588961591584468
605,arc_pair_658258,18.212477474678433
606,arc_pair_351826,132.0462356534966
607,arc_pair_300983,21.141753074634146
608,arc_pair_10963,12.794898065051616
609,arc_pair_318664,10.774785197788177
610,arc_pair_562062,35.61222417269944
611,arc_pair_610308,6.856786509704104
612,arc_pair_6435,27.063914468550028
613,arc_pair_191624,29.82685400203819
614,arc_pair_657729,16.388684061259216
615,arc_pair_475996,12.195810812562378
616,arc_pair_562432,127.293268209811
617,arc_pair_271075,10.411010469356544
618,arc_pair_376128,11.705950943239078
619,arc_pair_387097,38.19607493508375
620,arc_pair_587937,31.345445458687955
621,arc_pair_595459,12.748398321896648
622,arc_pair_275466,20.02139304517928
623,arc_pair_370506,8.347708321241317
624,arc_pair_155986,6.7136556383120904
625,arc_pair_120886,61.143592506135164
626,arc_pair_346988,342.9233053931582
627,arc_pair_702112,11.328120343616787
628,arc_pair_76609,6.106021459618834
629,arc_pair_445136,13.303466223298516
630,arc_pair_386669,37.104051050939205
631,arc_pair_264298,9.130446238975773
632,arc_pair_163508,16.10009010168619
633,arc_pair_621510,15.227231684793761
634,arc_pair_342532,12.104228941820587
635,arc_pair_710986,11.134495764301652
636,arc_pair_10575,13.640457865319025
637,arc_pair_447808,10.784346957812724
638,arc_pair_471469,60.66224950680095
639,arc_pair_706501,12.723368062938551
640,arc_pair_565748,226.96413922418844
641,arc_pair_667720,72.11769943019944
642,arc_pair_284865,15.877080827015082
643,arc_pair_704496,13.55308247031394
644,arc_pair_728003,57.05726507151449
645,arc_pair_253368,27.814054768521657
646,arc_pair_621793,29.901269310819924
647,arc_pair_151300,26.05871927554981
648,arc_pair_656354,8.245174370309883
649,arc_pair_307657,19.05102496095977
650,arc_pair_645128,17.905298249464963
651,arc_pair_452923,14.132027802294795
652,arc_pair_153297,12.26889154123975
653,arc_pair_121452,10.601057668861253
654,arc_pair_357419,14.13376035426922
655,arc_pair_40412,17.453287878601405
656,arc_pair_415401,7.819787985865724
657,arc_pair_314978,14.915563244394171
658,arc_pair_256869,14.101741932149071
659,arc_pair_271649,18.497478906428153
660,arc_pair_358646,7.339852611514559
661,arc_pair_48188,44.607263482393975
662,arc_pair_609650,53.157595518769334
663,arc_pair_207889,21.373456859274526
664,arc_pair_345998,11.72449779170822
665,arc_pair_626810,21.702983685695173
666,arc_pair_609200,15.20449419545876
667,arc_pair_288779,92.45442377598977
668,arc_pair_655597,17.350554338017275
669,arc_pair_552207,18.516958446191452
670,arc_pair_675571,21.36272948987196
671,arc_pair_569507,57.43963697762769
672,arc_pair_684134,30.586799602345586
673,arc_pair_506909,13.684807153140865
674,arc_pair_502049,10.912700398712111
675,arc_pair_298283,13.886949594438008
676,arc_pair_719162,8.414325842696629
677,arc_pair_665822,152.16474161986508
678,arc_pair_34616,37.353025700492836
679,arc_pair_242596,63.16144216159081
680,arc_pair_88140,38.66920180535122
681,arc_pair_435737,13.116698129397632
682,arc_pair_269453,25.76307131649542
683,arc_pair_432508,43.756248439623846
684,arc_pair_188940,19.018357170255904
685,arc_pair_94499,20.942621289454774
686,arc_pair_298446,10.455983817349308
687,arc_pair_735332,9.194433339996003
688,arc_pair_145139,8.22545980574499
689,arc_pair_224185,11.577603501732629
690,arc_pair_230596,12.112792297111415
691,arc_pair_734489,12.443830321532324
692,arc_pair_417216,9.437346160350238
693,arc_pair_218510,37.111539995214926
694,arc_pair_80823,25.178885743200826
695,arc_pair_673630,9.253520371214762
696,arc_pair_309599,30.942711474151636
697,arc_pair_540806,22.272805740566582
698,arc_pair_268307,13.660482553109679
699,arc_pair_350519,12.976796174198476
700,arc_pair_280099,12.064883568967566
701,arc_pair_341308,57.20741215422407
702,arc_pair_693171,11.795257590556744
703,arc_pair_64622,11.423795144341103
704,arc_pair_417353,23.055855728596484
705,arc_pair_75033,10.621062348551868
706,arc_pair_395950,16.18731426036815
707,arc_pair_271576,23.06731845414445
708,arc_pair_503971,13.21257938234015
709,arc_pair_441860,14.699731138992995
710,arc_pair_644955,16.602375607469718
711,arc_pair_340519,24.19340413638904
712,arc_pair_370005,8.47873576574483
713,arc_pair_122842,17.832034548147327
714,arc_pair_190166,15.12623427975177
715,arc_pair_132141,15.573331619977726
716,arc_pair_135954,286.48151339202093
717,arc_pair_50957,9.084277750150497
718,arc_pair_37493,21.874141179390563
719,arc_pair_479366,21.76607057730623
720,arc_pair_157692,23.68731283324812
721,arc_pair_467682,11.259235732673599
722,arc_pair_588011,10.198789176418474
723,arc_pair_360286,27.257723270440252
724,arc_pair_293066,20.606923727195877
725,arc_pair_604131,57.66004225021516
726,arc_pair_477682,17.83046664947884
727,arc_pair_600172,5.139137778032233
728,arc_pair_664399,43.67355559530525
729,arc_pair_160918,12.475078851678486
730,arc_pair_511736,21.575298160501315
731,arc_pair_664663,26.313487387885637
732,arc_pair_437073,49.66980433426878
733,arc_pair_632146,17.105467509598455
734,arc_pair_156596,7.8763840176053925
735,arc_pair_501389,11.644769991602129
736,arc_pair_327218,25.80308804297386
737,arc_pair_220345,14.2221840724845
738,arc_pair_452173,11.563179030173005
739,arc_pair_13123,8.125357510582312
740,arc_pair_561822,53.95304625199361
741,arc_pair_452523,18.791261733685296
742,arc_pair_86559,13.02571590386181
743,arc_pair_53443,13.818062533450735
744,arc_pair_730864,32.941909671462646
745,arc_pair_678882,16.230547465654695
746,arc_pair_420132,13.156412381440996
747,arc_pair_536384,28.241678247634177
748,arc_pair_217718,14.787490129453712
749,arc_pair_467513,19.433193470593974
750,arc_pair_438851,23.76085006167994
751,arc_pair_255091,11.15828319791602
752,arc_pair_199605,33.766197692595895
753,arc_pair_403202,21.893446335765034
754,arc_pair_345259,27.40438410907381
755,arc_pair_542495,19.446562360949095
756,arc_pair_190074,24.23582727661394
757,arc_pair_362829,12.576113687754798
758,arc_pair_314606,10.856352840972212
759,arc_pair_692222,11.488732766096499
760,arc_pair_716405,11.70346600202508
761,arc_pair_707644,9.310069365043066
762,arc_pair_366186,14.635108510262894
763,arc_pair_521504,14.881291747170854
764,arc_pair_406846,14.19305845326921
765,arc_pair_127314,18.788773234200743
766,arc_pair_75064,20.428269092219022
767,arc_pair_57816,11.037834115267076
768,arc_pair_641653,18.525641387884267
769,arc_pair_627485,8.717790673201238
770,arc_pair_251894,7.81659697188176
771,arc_pair_145882,28.983105850911517
772,arc_pair_236100,11.52202654727969
773,arc_pair_151341,21.45657833565783
774,arc_pair_130652,132.47462636760184
775,arc_pair_719066,21.781942320124884
776,arc_pair_543142,16.018546165330214
777,arc_pair_254815,11.617211003224586
778,arc_pair_325767,23.40711720062569
779,arc_pair_468520,14.968151100329234
780,arc_pair_600826,30.558074805163542
781,arc_pair_58825,12.055270383192074
782,arc_pair_117464,25.147299439506313
783,arc_pair_563848,8.80565343046043
784,arc_pair_317753,44.02230514919761
785,arc_pair_701143,17.783492877753858
786,arc_pair_365196,13.463312686793433
787,arc_pair_736230,17.368913857677903
788,arc_pair_199486,84.64117189905716
789,arc_pair_244403,10.183362931869551
790,arc_pair_441708,12.520131599561335
791,arc_pair_92799,39.03790770020205
792,arc_pair_77235,13.505302102280458
793,arc_pair_637743,8.521258373139108
794,arc_pair_13877,12.455358434868176
795,arc_pair_508405,8.629600694444445
796,arc_pair_384183,11.213716059437283
797,arc_pair_98880,8.465522058263279
798,arc_pair_286531,21.804960774983833
799,arc_pair_129371,9.54881664237978
800,arc_pair_479960,7.932245058511161
801,arc_pair_31642,14.894097194275876
802,arc_pair_526310,27.789802847901655
803,arc_pair_207626,11.040570003562522
804,arc_pair_236878,15.974988110807278
805,arc_pair_457998,6.712250742135462
806,arc_pair_552051,9.248598899046005
807,arc_pair_130853,19.92096845010349
808,arc_pair_360029,28.33952458858628
809,arc_pair_296531,8.072763412096894
810,arc_pair_485214,45.53203458438811
811,arc_pair_106062,7.690819905158051
812,arc_pair_496068,9.009966361791442
813,arc_pair_383902,16.48999542334096
814,arc_pair_109397,10.66349274502128
815,arc_pair_708899,10.181346361447119
816,arc_pair_556854,10.544259818731117
817,arc_pair_457424,9.338467126770794
818,arc_pair_573219,80.94856855238473
819,arc_pair_497696,11.211037068364444
820,arc_pair_516749,11.672144652926722
821,arc_pair_689045,16.56521739130435
822,arc_pair_67167,27.571339623545185
823,arc_pair_723730,19.59524300543067
824,arc_pair_690264,10.084409492593322
825,arc_pair_172266,7.433214272426238
826,arc_pair_58274,7.133357514206261
827,arc_pair_22081,40.78176597272075
828,arc_pair_132182,51.2925986772821
829,arc_pair_700400,91.85209332399376
830,arc_pair_469576,15.563815960488691
831,arc_pair_643029,13.561414071907791
832,arc_pair_717516,26.91270347709671
833,arc_pair_431471,73.43780691540525
834,arc_pair_646381,58.55080472473579
835,arc_pair_481892,14.068591492986148
836,arc_pair_279306,9.435586241616772
837,arc_pair_635705,12.524811477956337
838,arc_pair_606966,74.90359529934972
839,arc_pair_450861,18.156360593828794
840,arc_pair_529323,9.770269846742094
841,arc_pair_649977,22.195337409505232
842,arc_pair_438650,11.200950696045318
843,arc_pair_686563,14.883909480787533
844,arc_pair_524511,34.80876359878786
845,arc_pair_495078,18.0176659466402
846,arc_pair_692465,5.93949668474985
847,arc_pair_432748,23.388787625006152
848,arc_pair_731832,13.435324833673496
849,arc_pair_15034,12.850601238916555
850,arc_pair_43654,22.55627861546914
851,arc_pair_416647,7.556292627072236
852,arc_pair_397691,24.021391247550618
853,arc_pair_14275,14.956199222889436
854,arc_pair_504148,13.807394863863038
855,arc_pair_317397,18.34210657993495
856,arc_pair_24339,15.731841668347633
857,arc_pair_725488,5.227229425346746
858,arc_pair_61725,18.52984294299686
859,arc_pair_688438,25.333553262955853
860,arc_pair_136657,12.437487294165482
861,arc_pair_365102,22.023973345928486
862,arc_pair_543569,15.467153284671532
863,arc_pair_415591,10.27628328300851
864,arc_pair_218584,18.173968154499104
865,arc_pair_674161,23.081101269875145
866,arc_pair_474256,19.470788407834142
867,arc_pair_328250,11.135343342691675
868,arc_pair_48736,201.2899322417359
869,arc_pair_436475,18.12157143057366
870,arc_pair_109790,16.390255625955866
871,arc_pair_169538,52.19924155402748
872,arc_pair_732199,12.009055661089281
873,arc_pair_57139,27.255816680739283
874,arc_pair_706995,11.164747191011234
875,arc_pair_547204,31.464506827241117
876,arc_pair_202536,9.561241826700304
877,arc_pair_514373,18.972635931178587
878,arc_pair_51901,19.02018269485977
879,arc_pair_489325,10.588742004264393
880,arc_pair_58389,29.426368206169023
881,arc_pair_681422,12.75439337989945
882,arc_pair_677258,17.940907305912685
883,arc_pair_199629,22.003595252534005
884,arc_pair_251857,10.737363075853725
885,arc_pair_358017,12.45163145269937
886,arc_pair_505831,11.934102121512604
887,arc_pair_605864,10.568380670345942
888,arc_pair_107018,8.131242807825085
889,arc_pair_448505,14.968462269405943
890,arc_pair_564708,32.19834029780472
891,arc_pair_450836,18.978865741205777
892,arc_pair_621711,11.679654244901158
893,arc_pair_511258,15.285037604859705
894,arc_pair_314153,209.62752644032042
895,arc_pair_662689,12.529658612090463
896,arc_pair_133547,29.09043008386513
897,arc_pair_54579,8.23610382614366
898,arc_pair_210788,8.507322836249568
899,arc_pair_380416,12.975725587175038
900,arc_pair_37407,9.729259646527758
901,arc_pair_609328,14.937063810130217
902,arc_pair_577962,8.828384991843393
903,arc_pair_688195,33.32704670952597
904,arc_pair_444033,21.65609264853978
905,arc_pair_266948,10.31722650127248
906,arc_pair_725826,24.98938110895906
907,arc_pair_682961,14.855190307662244
908,arc_pair_495490,9.980873776811308
909,arc_pair_425873,47.27572240193547
910,arc_pair_559563,24.801070862700104
911,arc_pair_323365,6.991071640868346
912,arc_pair_279828,29.202376354172415
913,arc_pair_670134,8.17347032865705
914,arc_pair_484444,20.765541478759875
915,arc_pair_642045,15.03442875639682
916,arc_pair_16989,11.759211273166999
917,arc_pair_124152,30.15898431182274
918,arc_pair_412995,20.000901779185963
919,arc_pair_402096,19.321050840039877
920,arc_pair_256238,9.240021130480718
921,arc_pair_254205,24.357353995767234
922,arc_pair_307505,14.358534964344093
923,arc_pair_527110,10.672138042599084
924,arc_pair_574088,74.66283306763835
925,arc_pair_236090,6.65245817089635
926,arc_pair_339007,18.805067792842856
927,arc_pair_89679,25.805663248290813
928,arc_pair_664874,20.95826588050081
929,arc_pair_54353,11.150294418391452
930,arc_pair_323959,69.23909481182541
931,arc_pair_293322,24.494249575890628
932,arc_pair_263875,8.935642755433133
933,arc_pair_573608,12.41951806569842
934,arc_pair_98087,9.650167564437737
935,arc_pair_556815,20.060399213982834
936,arc_pair_38137,9.776018000379878
937,arc_pair_416939,11.747902233314685
938,arc_pair_41917,16.377210374022077
939,arc_pair_710912,21.305516265912303
940,arc_pair_175018,14.34226263285221
941,arc_pair_681434,12.298052876027153
942,arc_pair_472681,6.595431938416701
943,arc_pair_722863,8.447298670758684
944,arc_pair_598640,48.001009641521776
945,arc_pair_148336,55.58058051371121
946,arc_pair_568947,10.4791447247438
947,arc_pair_230451,19.50296615594725
948,arc_pair_653341,52.774599915453834
949,arc_pair_107777,11.174635765314731
950,arc_pair_713797,8.063503907630679
951,arc_pair_318166,11.097785633199694
952,arc_pair_236356,15.893837213269496
953,arc_pair_180737,26.39897103474866
954,arc_pair_462402,14.122727071627658
955,arc_pair_84677,5.218957724009572
956,arc_pair_35586,36.70785497510557
957,arc_pair_338883,82.6494000095616
958,arc_pair_119913,7.469149019505445
959,arc_pair_31896,11.568133711925658
960,arc_pair_634856,12.695182248284134
961,arc_pair_402700,15.359583820504096
962,arc_pair_707107,37.14830122857576
963,arc_pair_502032,34.75689347079039
964,arc_pair_208654,15.853817768946922
965,arc_pair_85066,12.408648024293457
966,arc_pair_459617,15.753489147189933
967,arc_pair_724372,16.729303187292004
968,arc_pair_400382,5.673747586050211
969,arc_pair_55391,7.863693317422435
970,arc_pair_130392,24.996321920643368
971,arc_pair_125939,11.82856320667618
972,arc_pair_717412,27.623549271998314
973,arc_pair_95573,15.652841178306042
974,arc_pair_662670,18.155774243051667
975,arc_pair_643087,21.015928017339725
976,arc_pair_167249,20.496585726611613
977,arc_pair_575949,6.443912658707941
978,arc_pair_627796,13.860280285405791
979,arc_pair_518080,29.208613752092013
980,arc_pair_108969,20.13326409705667
981,arc_pair_422477,13.417500294852411
982,arc_pair_56339,17.379374725435643
983,arc_pair_150614,12.951621023724158
984,arc_pair_149065,207.22674292148056
985,arc_pair_38475,60.738864438748365
986,arc_pair_228523,33.3319194845117
987,arc_pair_471445,8.647704724620581
988,arc_pair_355371,20.758499352492574
989,arc_pair_534291,26.86560454003857
990,arc_pair_48777,30.81578267830398
991,arc_pair_102467,9.357089054985806
992,arc_pair_386215,26.790493589534464
993,arc_pair_289282,16.59031937585834
994,arc_pair_675361,7.989211989518757
995,arc_pair_529159,21.77245194694659
996,arc_pair_221702,6.863695459157788
997,arc_pair_351762,16.512343098884116
998,arc_pair_159570,11.130852735845608
999,arc_pair_142296,16.988075287572535
1000,arc_pair_551684,10.56242411506491
1001,arc_pair_632255,17.756188530139465
1002,arc_pair_329115,15.066270760596469
1003,arc_pair_360879,10.250272278813505
1004,arc_pair_190019,6.689623020657503
1005,arc_pair_374990,15.979738468170716
1006,arc_pair_332309,12.197441665708798
1007,arc_pair_113299,11.497496185946334
1008,arc_pair_591066,23.503142294343874
1009,arc_pair_579602,19.587504783537227
1010,arc_pair_106131,11.678647765941076
1011,arc_pair_460741,11.110771747325913
1012,arc_pair_433323,9.759892053086222
1013,arc_pair_469999,21.40006969855375
1014,arc_pair_619806,8.045073314351018
1015,arc_pair_311890,21.049091457893148
1016,arc_pair_631183,18.780115371564307
1017,arc_pair_733726,6.38964081539108
1018,arc_pair_270131,44.61621792650405
1019,arc_pair_688992,20.042727073277753
1020,arc_pair_127816,72.52519576100755
1021,arc_pair_40828,46.367534394389
1022,arc_pair_470038,10.38788383470386
1023,arc_pair_453758,6.819380382872771
1024,arc_pair_725922,9.215309779825908
1025,arc_pair_686125,11.489285040953558
1026,arc_pair_361012,17.16792923122037
1027,arc_pair_145380,5.112734539802376
1028,arc_pair_654200,10.099859250630946
1029,arc_pair_628822,23.996042720629568
1030,arc_pair_466046,22.31661664473587
1031,arc_pair_289514,28.69470362081827
1032,arc_pair_649598,19.602903660963523
1033,arc_pair_333631,42.96095164919598
1034,arc_pair_638988,13.193274515283377
1035,arc_pair_209012,11.44514416696827
1036,arc_pair_644200,10.625678012444393
1037,arc_pair_516925,21.90377256072737
1038,arc_pair_731062,15.104766946121492
1039,arc_pair_404396,11.229633959231386
1040,arc_pair_645807,9.175303378156773
1041,arc_pair_573433,9.362600503923867
1042,arc_pair_525253,13.492953764823948
1043,arc_pair_249749,26.338507866273353
1044,arc_pair_281962,6.784591679506933
1045,arc_pair_647990,8.895919499064211
1046,arc_pair_586936,27.910522645971014
1047,arc_pair_213809,7.920468995128397
1048,arc_pair_474997,29.981799190808346
1049,arc_pair_540353,11.824960422163588
1050,arc_pair_145695,18.439938152025164
1051,arc_pair_553085,21.324165306007547
1052,arc_pair_18610,14.181528848741562
1053,arc_pair_290220,16.20898287408058
1054,arc_pair_353026,15.89001013013325
1055,arc_pair_388821,8.142407812359583
1056,arc_pair_22701,15.77543291304449
1057,arc_pair_147702,7.895819290068125
1058,arc_pair_511648,16.613173789462998
1059,arc_pair_378398,21.25514420352943
1060,arc_pair_52117,77.65254100737971
1061,arc_pair_486643,8.997586581392543
1062,arc_pair_160866,23.06252964086055
1063,arc_pair_442518,79.76452260019633
1064,arc_pair_477656,9.249309705604023
1065,arc_pair_724261,10.244955354004077
1066,arc_pair_348684,16.548145425760488
1067,arc_pair_218602,11.728327239008344
1068,arc_pair_559935,12.96579899614801
1069,arc_pair_373184,18.074639201474984
1070,arc_pair_639361,8.778204159947745
1071,arc_pair_317695,11.299602272727274
1072,arc_pair_653897,25.817020010414343
1073,arc_pair_417554,10.099988478377757
1074,arc_pair_85899,12.65370879925063
1075,arc_pair_104224,16.676321047737744
1076,arc_pair_533693,9.808880869159232
1077,arc_pair_574318,17.847876272533462
1078,arc_pair_706310,237.78818548133222
1079,arc_pair_188351,44.94540659488334
1080,arc_pair_431523,12.631054647071
1081,arc_pair_582077,10.91632557595603
1082,arc_pair_717444,12.815227031633134
1083,arc_pair_516532,32.68935420191765
1084,arc_pair_577021,15.05243845962025
1085,arc_pair_169201,21.283949645062947
1086,arc_pair_354648,13.12141340710242
1087,arc_pair_126640,11.028753454422716
1088,arc_pair_270075,13.750126653532227
1089,arc_pair_426966,16.052000228760974
1090,arc_pair_449092,16.48552497775518
1091,arc_pair_560567,17.602228639254527
1092,arc_pair_131306,13.938393003777303
1093,arc_pair_588753,12.437289254639346
1094,arc_pair_92063,12.505592199598508
1095,arc_pair_402869,10.273283661522084
1096,arc_pair_292836,7.242701104586703
1097,arc_pair_473183,50.749379800345324
1098,arc_pair_447576,15.150340376046934
1099,arc_pair_647641,81.66501866057042
1100,arc_pair_719289,12.056167571761055
1101,arc_pair_489670,10.582208606279647
1102,arc_pair_65008,13.014917233978924
1103,arc_pair_455818,16.301104686413986
1104,arc_pair_469074,11.466862284820031
1105,arc_pair_198078,12.37161232995536
1106,arc_pair_613159,10.803898374144026
1107,arc_pair_719636,18.941201795928407
1108,arc_pair_669656,30.578008528736415
1109,arc_pair_186436,42.2273769139085
1110,arc_pair_59921,114.09486801281726
1111,arc_pair_575270,45.10608912433779
1112,arc_pair_600325,77.49209567796927
1113,arc_pair_359216,22.055867214157654
1114,arc_pair_320765,9.901951506053583
1115,arc_pair_412185,320.007146387401
1116,arc_pair_409663,22.5563862642571
1117,arc_pair_657704,45.74182444061962
1118,arc_pair_296033,15.840252831326952
1119,arc_pair_462287,10.361566777867251
1120,arc_pair_610325,17.13605452083121
1121,arc_pair_309058,19.368674925429282
1122,arc_pair_298884,8.783587070527286
1123,arc_pair_694660,11.048250993025936
1124,arc_pair_9539,13.633365155773083
1125,arc_pair_441699,9.972467364812982
1126,arc_pair_441363,24.22063097751832
1127,arc_pair_374246,16.74488871269185
1128,arc_pair_603677,20.73910543743279
1129,arc_pair_179313,12.897385485230005
1130,arc_pair_307768,16.847625266995905
1131,arc_pair_170562,13.159631151217237
1132,arc_pair_548670,8.659335591777372
1133,arc_pair_109912,24.326137758941663
1134,arc_pair_25587,5.608229692789514
1135,arc_pair_121582,51.35929105609796
1136,arc_pair_9885,14.158124069586762
1137,arc_pair_370710,21.68388304207277
1138,arc_pair_431827,10.460291313765419
1139,arc_pair_66809,9.68479421990017
1140,arc_pair_637797,11.091284239375867
1141,arc_pair_725831,21.912302371541504
1142,arc_pair_445265,17.37885997024909
1143,arc_pair_364753,10.091395172381088
1144,arc_pair_51783,20.121288589511387
1145,arc_pair_103109,14.764894720379303
1146,arc_pair_562624,11.282251668439889
1147,arc_pair_274061,8.448667062537114
1148,arc_pair_46945,17.78852307568718
1149,arc_pair_256813,16.62059177291316
1150,arc_pair_120239,18.759841048806166
1151,arc_pair_439144,25.19979332874064
1152,arc_pair_332830,48.60307822190473
1153,arc_pair_318472,14.027214004510185
1154,arc_pair_317857,13.336843185286838
1155,arc_pair_397002,16.360745966597946
1156,arc_pair_211618,17.806642402183805
1157,arc_pair_505060,15.196532382927755
1158,arc_pair_721608,15.43141295277669
1159,arc_pair_77961,16.35447931348976
1160,arc_pair_438186,21.937080049211133
1161,arc_pair_496881,15.76838123050375
1162,arc_pair_22184,16.908670738618472
1163,arc_pair_524697,17.482470315464063
1164,arc_pair_514221,23.530420785231016
1165,arc_pair_2549,12.004273812963499
1166,arc_pair_187335,38.6761615718395
1167,arc_pair_259965,12.813960890156338
1168,arc_pair_504221,212.40631373143887
1169,arc_pair_618257,36.960078246636584
1170,arc_pair_591175,21.834012419920967
1171,arc_pair_726964,9.563167681481751
1172,arc_pair_196461,11.19419944378228
1173,arc_pair_376502,11.729455175607644
1174,arc_pair_533447,20.523506769312448
1175,arc_pair_550169,12.251560018152936
1176,arc_pair_21747,14.18194770365404
1177,arc_pair_145856,27.644046952377817
1178,arc_pair_683408,7.445989201463962
1179,arc_pair_102124,11.035722403212365
1180,arc_pair_563609,30.965319024191285
1181,arc_pair_377313,9.327925901422427
1182,arc_pair_216098,15.82586405529954
1183,arc_pair_360985,15.08109168702609
1184,arc_pair_134915,6.341545412264965
1185,arc_pair_82521,10.708147443867478
1186,arc_pair_230450,10.915140706622479
1187,arc_pair_542791,47.27556025421957
1188,arc_pair_400680,50.85241517244587
1189,arc_pair_366797,22.4671801135464
1190,arc_pair_161365,38.9959502237747
1191,arc_pair_37056,8.64905087319666
1192,arc_pair_476456,25.06161202723444
1193,arc_pair_682126,47.1445962379363
1194,arc_pair_27955,64.02954804204506
1195,arc_pair_420666,19.29776838440977
1196,arc_pair_415528,23.474689722493373
1197,arc_pair_636485,40.12048978237163
1198,arc_pair_289942,7.479578496385086
1199,arc_pair_52910,29.350219606202753
1200,arc_pair_165263,12.553002461911728
1201,arc_pair_693672,13.244735091997342
1202,arc_pair_303678,12.072224461404447
1203,arc_pair_234393,25.41220054334404
1204,arc_pair_444032,34.66888259436961
1205,arc_pair_213849,31.34149875707344
1206,arc_pair_531250,23.794931200752675
1207,arc_pair_567430,264.37025747974656
1208,arc_pair_649864,20.18987529875051
1209,arc_pair_295062,19.25534485145151
1210,arc_pair_108303,19.868097325071783
1211,arc_pair_555668,8.869556586425944
1212,arc_pair_402982,61.89536913024068
1213,arc_pair_701302,15.456488830970528
1214,arc_pair_75419,10.731663227544809
1215,arc_pair_317512,18.999768580123344
1216,arc_pair_98585,9.320892539964476
1217,arc_pair_627502,18.241182829602273
1218,arc_pair_196532,9.279932465026533
1219,arc_pair_306753,17.507406566588156
1220,arc_pair_605920,23.693030734030057
1221,arc_pair_340830,30.66141688847209
1222,arc_pair_324272,8.925383502170765
1223,arc_pair_58367,15.357347176607691
1224,arc_pair_329440,18.208174378985987
1225,arc_pair_519405,10.826938862914453
1226,arc_pair_578116,36.95439185687335
1227,arc_pair_467928,18.880551707522734
1228,arc_pair_719362,14.37835451299574
1229,arc_pair_422964,11.862063214077224
1230,arc_pair_130106,11.948013990704805
1231,arc_pair_151415,10.829335012693603
1232,arc_pair_463438,42.13122711026784
1233,arc_pair_678006,7.511757696610086
1234,arc_pair_443962,19.459258893402644
1235,arc_pair_423363,24.500483142252747
1236,arc_pair_94119,14.404645723855174
1237,arc_pair_257982,61.947472772210006
1238,arc_pair_368859,36.97643477988014
1239,arc_pair_561272,6.132393477694428
1240,arc_pair_197636,12.039866211215488
1241,arc_pair_196924,9.662842925423952
1242,arc_pair_132584,26.93098657731833
1243,arc_pair_724559,13.135750855827201
1244,arc_pair_728983,73.47943534645118
1245,arc_pair_569212,11.759537004741052
1246,arc_pair_173071,13.519426485600272
1247,arc_pair_358016,11.12315200486244
1248,arc_pair_660436,15.760758215200372
1249,arc_pair_167032,7.491325909020711
1250,arc_pair_245815,32.5711150053989
1251,arc_pair_565231,14.342517050389418
1252,arc_pair_612359,7.657856208639975
1253,arc_pair_28989,46.71338632025753
1254,arc_pair_134450,42.922102304424314
1255,arc_pair_367305,13.345358163663606
1256,arc_pair_415085,15.42941452815785
1257,arc_pair_641015,20.504246501514615
1258,arc_pair_338969,15.396583564173593
1259,arc_pair_212649,13.071366145354189
1260,arc_pair_528499,13.265207303540805
1261,arc_pair_334049,6.743780971258673
1262,arc_pair_195575,12.860321384425216
1263,arc_pair_696831,16.97318891739707
1264,arc_pair_370614,21.143295734263837
1265,arc_pair_528860,349.7071907332128
1266,arc_pair_470185,8.978252533552451
1267,arc_pair_311757,17.500694723993302
1268,arc_pair_623280,15.45487444336764
1269,arc_pair_60565,13.23513166978992
1270,arc_pair_332522,17.575180321805068
1271,arc_pair_50429,8.020122447232096
1272,arc_pair_17008,13.945399726763085
1273,arc_pair_398565,9.916830617632716
1274,arc_pair_51238,14.627041937847508
1275,arc_pair_692937,9.494341558288896
1276,arc_pair_237911,23.057145285584767
1277,arc_pair_418658,14.52849375755135
1278,arc_pair_396081,21.815302409361813
1279,arc_pair_288607,21.90506178392824
1280,arc_pair_632307,9.38817831718987
1281,arc_pair_546910,61.63108896357245
1282,arc_pair_484054,13.464266619140972
1283,arc_pair_2508,8.626760220714889
1284,arc_pair_51812,14.39404709667983
1285,arc_pair_625991,49.85950399495025
1286,arc_pair_404801,17.948010309926445
1287,arc_pair_569750,27.469458756041853
1288,arc_pair_447560,24.533503291351167
1289,arc_pair_144640,30.606364063338702
1290,arc_pair_296530,33.687839238349525
1291,arc_pair_133287,11.378694833374274
1292,arc_pair_201659,6.172691394518782
1293,arc_pair_336218,88.9193767775442
1294,arc_pair_117388,13.233996919577951
1295,arc_pair_722435,19.080495841832732
1296,arc_pair_246782,11.59113897001211
1297,arc_pair_134407,21.167561682711714
1298,arc_pair_307953,20.70457977488167
1299,arc_pair_367352,11.553439334509173
1300,arc_pair_444659,14.105192479856758
1301,arc_pair_22983,14.533875611862944
1302,arc_pair_73826,19.611034632101592
1303,arc_pair_387556,9.517682561336063
1304,arc_pair_362500,8.595104688882335
1305,arc_pair_416979,18.04774490867812
1306,arc_pair_16025,14.889491543902206
1307,arc_pair_136590,57.12696550635054
1308,arc_pair_678401,14.487589961247462
1309,arc_pair_179978,7.906478673943803
1310,arc_pair_245141,18.920542439288006
1311,arc_pair_119379,11.673062047451783
1312,arc_pair_611522,10.260902358749314
1313,arc_pair_551693,11.862714113389625
1314,arc_pair_426136,12.153996726346165
1315,arc_pair_230411,10.209631612561317
1316,arc_pair_272662,24.23428050909643
1317,arc_pair_383352,15.182881612616848
1318,arc_pair_58598,18.15482671369422
1319,arc_pair_190649,10.945065569735965
1320,arc_pair_540295,15.644263562366422
1321,arc_pair_124240,34.02854922279792
1322,arc_pair_351077,18.07102083598918
1323,arc_pair_140551,89.26187279271554
1324,arc_pair_108285,8.36259300184162
1325,arc_pair_20300,36.45645611219382
1326,arc_pair_186637,15.628470115291261
1327,arc_pair_386500,13.610176756567743
1328,arc_pair_494306,27.0172689579694
1329,arc_pair_412384,13.856634336854544
1330,arc_pair_485517,22.363203094070712
1331,arc_pair_1076,13.359994857950895
1332,arc_pair_318018,37.945655592925064
1333,arc_pair_706238,112.34086063612236
1334,arc_pair_301669,13.150935517329632
1335,arc_pair_415011,90.00988563035334
1336,arc_pair_691663,11.846107797233445
1337,arc_pair_612119,19.68696518735052
1338,arc_pair_433089,14.660840257093588
1339,arc_pair_457798,21.874549149563336
1340,arc_pair_374786,11.964598249801114
1341,arc_pair_58824,14.84650160174845
1342,arc_pair_254951,63.13321775069174
1343,arc_pair_287566,26.490710690360423
1344,arc_pair_534838,28.241420643197046
1345,arc_pair_411117,13.035634538374946
1346,arc_pair_172565,25.935544858909303
1347,arc_pair_547415,11.504539435225063
1348,arc_pair_671821,11.188328855912328
1349,arc_pair_424609,11.35411749831423
1350,arc_pair_44554,10.525007771469706
1351,arc_pair_505236,14.924370209107042
1352,arc_pair_647010,17.313785270205646
1353,arc_pair_696630,26.837153054301975
1354,arc_pair_370815,11.538759453525252
1355,arc_pair_231781,8.526665003175756
1356,arc_pair_244681,13.546178462454417
1357,arc_pair_641347,9.559592610137376
1358,arc_pair_313438,64.41631618086286
1359,arc_pair_714439,42.114117504248604
1360,arc_pair_278644,7.955454722011334
1361,arc_pair_540503,16.79811788334764
1362,arc_pair_728805,19.297450534192155
1363,arc_pair_683598,46.93330563722357
1364,arc_pair_292158,27.203320777922976
1365,arc_pair_532329,11.911224449915975
1366,arc_pair_234995,39.58767429734412
1367,arc_pair_94420,29.896046924902755
1368,arc_pair_730023,17.813861014403713
1369,arc_pair_519583,11.766744852749543
1370,arc_pair_242240,15.230366557401567
1371,arc_pair_79046,23.330085966652497
1372,arc_pair_428915,7.689897766158685
1373,arc_pair_551257,14.585969307860948
1374,arc_pair_30880,17.69170725108225
1375,arc_pair_284126,38.744381377341774
1376,arc_pair_527982,21.12861630673379
1377,arc_pair_475939,17.86236547209586
1378,arc_pair_704086,13.163130909984035
1379,arc_pair_274722,16.007254702864472
1380,arc_pair_582333,20.64117833386126
1381,arc_pair_360403,16.780297036823935
1382,arc_pair_90199,18.222079420484583
1383,arc_pair_109617,12.418961956656963
1384,arc_pair_115634,34.807182238116525
1385,arc_pair_396783,29.88551791850761
1386,arc_pair_536444,32.40908914853786
1387,arc_pair_152491,30.636951080297017
1388,arc_pair_575925,18.997997457850687
1389,arc_pair_172924,63.67941879111169
1390,arc_pair_227194,9.034531656788346
1391,arc_pair_527605,10.785187271191214
1392,arc_pair_557854,7.123942908117751
1393,arc_pair_514535,31.149783067876918
1394,arc_pair_407581,44.05054841968538
1395,arc_pair_614130,27.71999438303677
1396,arc_pair_140506,13.831169065722696
1397,arc_pair_684066,23.272553687131637
1398,arc_pair_289190,19.385637724203153
1399,arc_pair_314579,25.18473836855061
1400,arc_pair_579843,15.18144351217206
1401,arc_pair_377057,21.399690396968026
1402,arc_pair_702693,8.952969423063344
1403,arc_pair_158970,11.374378441961182
1404,arc_pair_414342,12.155686682864744
1405,arc_pair_283122,18.234234234234233
1406,arc_pair_25440,12.96390903620182
1407,arc_pair_471612,8.150843195907573
1408,arc_pair_299485,40.07939936775553
1409,arc_pair_140910,23.376627169559416
1410,arc_pair_349555,52.1729047525143
1411,arc_pair_268490,28.99515203365059
1412,arc_pair_337560,9.911584719720251
1413,arc_pair_190472,25.56362285010858
1414,arc_pair_440636,16.775556167263076
1415,arc_pair_598786,12.855796779481839
1416,arc_pair_181263,10.822832388354463
1417,arc_pair_370511,63.09328884232853
1418,arc_pair_211730,19.27678659438147
1419,arc_pair_49018,14.230461863908802
1420,arc_pair_58609,14.158867436460818
1421,arc_pair_632794,32.52600897973358
1422,arc_pair_339084,7.211974149198818
1423,arc_pair_116809,29.660130092215244
1424,arc_pair_617570,37.9137572077915
1425,arc_pair_64273,30.936464088397795
1426,arc_pair_227747,16.645663104965433
1427,arc_pair_714878,11.08205219198743
1428,arc_pair_92059,15.897341638038977
1429,arc_pair_306728,18.469701726844583
1430,arc_pair_57840,50.49833633994788
1431,arc_pair_45484,9.396810059392676
1432,arc_pair_476641,16.539759362569427
1433,arc_pair_683170,16.45405244129313
1434,arc_pair_237747,26.34657635972549
1435,arc_pair_147410,9.599436362251504
1436,arc_pair_730074,39.8164504512649
1437,arc_pair_270366,13.848343343967773
1438,arc_pair_298502,27.841060091539937
1439,arc_pair_177399,33.22379053837097
1440,arc_pair_336808,11.061170105382164
1441,arc_pair_678207,18.464774619226738
1442,arc_pair_711046,14.116096889442458
1443,arc_pair_272064,22.162570597774426
1444,arc_pair_308409,28.081671971854583
1445,arc_pair_313615,10.295898357035744
1446,arc_pair_552713,16.56156588844388
1447,arc_pair_78495,26.054039621936244
1448,arc_pair_264919,35.54041126347543
1449,arc_pair_591227,18.439402035314405
1450,arc_pair_312454,6.732165206508135
1451,arc_pair_620479,13.838489353153879
1452,arc_pair_422323,42.571861494676924
1453,arc_pair_176422,10.82603889023504
1454,arc_pair_462497,16.70876195813153
1455,arc_pair_509604,22.362893056978486
1456,arc_pair_203062,9.343225806451613
1457,arc_pair_280348,8.469524253581364
1458,arc_pair_709499,41.400856037533956
1459,arc_pair_717487,14.999873403985964
1460,arc_pair_433477,11.731303487722014
1461,arc_pair_227497,11.498989758238697
1462,arc_pair_35006,12.47946403806354
1463,arc_pair_63666,9.629148369447844
1464,arc_pair_377942,62.93381765436196
1465,arc_pair_167376,20.206933761274968
1466,arc_pair_207922,8.977825538862138
1467,arc_pair_468425,8.541353748543312
1468,arc_pair_559919,142.01902610826124
1469,arc_pair_174809,9.169920411149576
1470,arc_pair_240400,20.150399518097906
1471,arc_pair_397645,16.936627450980392
1472,arc_pair_192770,33.66951365466217
1473,arc_pair_197122,14.95721357850071
1474,arc_pair_497584,20.2517582288467
1475,arc_pair_505277,15.360981482400835
1476,arc_pair_635694,13.672068126520681
1477,arc_pair_100861,109.63015834472887
1478,arc_pair_14188,21.9384398389335
1479,arc_pair_365355,17.760946978069207
1480,arc_pair_665209,10.417345033844278
1481,arc_pair_535012,14.257484518471067
1482,arc_pair_123602,10.033270237782723
1483,arc_pair_607136,79.05540626444753
1484,arc_pair_337126,8.148491287717807
1485,arc_pair_650844,30.18091305569469
1486,arc_pair_100532,21.164073880905704
1487,arc_pair_27742,42.3407987535994
1488,arc_pair_381142,10.34262295081967
1489,arc_pair_584249,17.60531640093145
1490,arc_pair_552969,8.823888488344146
1491,arc_pair_156647,16.077984466223683
1492,arc_pair_637095,12.489750104179269
1493,arc_pair_735630,29.99665661376384
1494,arc_pair_6822,7.56083068767658
1495,arc_pair_613030,19.14060444980272
1496,arc_pair_208012,7.030975446952067
1497,arc_pair_578481,7.125448495370369
1498,arc_pair_125369,24.29566756361404
1499,arc_pair_523980,15.579206197232136
1500,arc_pair_400878,14.998123678945644
1501,arc_pair_102919,31.59916464196992
1502,arc_pair_492913,12.682121284424408
1503,arc_pair_527490,14.571333930170098
1504,arc_pair_657397,7.98384532213954
1505,arc_pair_404616,15.07525498483874
1506,arc_pair_66576,9.277220995413623
1507,arc_pair_19581,20.869994551893218
1508,arc_pair_106777,25.989349430944323
1509,arc_pair_377850,19.84925293489861
1510,arc_pair_382105,9.33397531296507
1511,arc_pair_250142,24.36514893669119
1512,arc_pair_674273,20.645197328190413
1513,arc_pair_150547,9.110544087176732
1514,arc_pair_74818,15.879281104254018
1515,arc_pair_651097,31.23534628003902
1516,arc_pair_535229,27.61617844472145
1517,arc_pair_626450,14.898547262817312
1518,arc_pair_304884,45.45136897270308
1519,arc_pair_278594,6.034100891787568
1520,arc_pair_516119,8.947012379374208
1521,arc_pair_664273,27.680719321796126
1522,arc_pair_460941,7.478138995392596
1523,arc_pair_28663,7.9259186092453575
1524,arc_pair_590174,12.149240686113844
1525,arc_pair_386453,11.79144459131028
1526,arc_pair_22794,18.822062095784727
1527,arc_pair_342708,6.818196374246117
1528,arc_pair_272526,10.814477264531359
1529,arc_pair_426272,17.14827062988756
1530,arc_pair_628858,9.763506526447234
1531,arc_pair_102671,9.024817623952355
1532,arc_pair_556212,23.487080725405228
1533,arc_pair_345537,23.460584008748892
1534,arc_pair_541187,9.827655094217373
1535,arc_pair_140951,12.237440580682065
1536,arc_pair_634528,11.169914607704044
1537,arc_pair_452099,15.258790614866154
1538,arc_pair_727436,27.475173703901657
1539,arc_pair_501263,19.445841582392497
1540,arc_pair_428846,32.02049262328745
1541,arc_pair_447448,8.823754689453938
1542,arc_pair_300202,15.671314033677838
1543,arc_pair_198453,39.251844256458455
1544,arc_pair_55580,5.497015747411963
1545,arc_pair_210530,10.267530951582659
1546,arc_pair_621950,14.472704874589965
1547,arc_pair_3231,16.69762413311183
1548,arc_pair_236052,7.807539248698999
1549,arc_pair_699029,58.50210938563199
1550,arc_pair_395855,14.882890890204859
1551,arc_pair_155179,14.285763419164011
1552,arc_pair_549671,8.437397153036281
1553,arc_pair_208946,12.336563744271654
1554,arc_pair_450732,9.061908457965039
1555,arc_pair_323974,13.253518861095468
1556,arc_pair_406502,23.368675053336275
1557,arc_pair_660119,12.32506896551724
1558,arc_pair_362078,11.299417600609793
1559,arc_pair_673735,10.115031870784083
1560,arc_pair_722008,7.1103124222056255
1561,arc_pair_86958,6.987759010728213
1562,arc_pair_10523,14.535462247850612
1563,arc_pair_735667,14.008468757152665
1564,arc_pair_271865,10.964919728311207
1565,arc_pair_609893,33.05124265574097
1566,arc_pair_182818,16.829489459323714
1567,arc_pair_33613,8.736925609344944
1568,arc_pair_202018,34.74210947930575
1569,arc_pair_279872,49.97541099661764
1570,arc_pair_613440,13.570398106520733
1571,arc_pair_207797,15.592892019530936
1572,arc_pair_398656,8.920508581459957
1573,arc_pair_735610,28.448522703347603
1574,arc_pair_451154,19.37651862055272
1575,arc_pair_396648,32.54522380753821
1576,arc_pair_389944,22.906579167902223
1577,arc_pair_529857,29.352497903288395
1578,arc_pair_712133,20.49061906109741
1579,arc_pair_201643,10.613716006448946
1580,arc_pair_387059,119.01639064880906
1581,arc_pair_336202,12.139638595051643
1582,arc_pair_639551,21.283756821782756
1583,arc_pair_199720,11.944383027705914
1584,arc_pair_587500,13.175290495580494
1585,arc_pair_724902,12.397381717960496
1586,arc_pair_503045,9.15885383129427
1587,arc_pair_444356,13.484534456188037
1588,arc_pair_634363,10.170271893362223
1589,arc_pair_160240,102.51476880607316
1590,arc_pair_234448,144.38809864139108
1591,arc_pair_318645,10.283930881312084
1592,arc_pair_641326,43.89916383122339
1593,arc_pair_649716,27.682994880753093
1594,arc_pair_488128,105.86385219609525
1595,arc_pair_345239,15.598867507059886
1596,arc_pair_313459,22.637237395587405
1597,arc_pair_489369,8.623518200326322
1598,arc_pair_381498,19.56056579971549
1599,arc_pair_253125,19.0072567006611
1600,arc_pair_197381,39.14785793523622
1601,arc_pair_367431,11.919823766615224
1602,arc_pair_249601,11.789402851161398
1603,arc_pair_255622,12.858491515192165
1604,arc_pair_636132,45.15767512377067
1605,arc_pair_587296,25.70198988383081
1606,arc_pair_457716,78.11621590478856
1607,arc_pair_456804,18.667685493375465
1608,arc_pair_710362,14.45439462970762
1609,arc_pair_669573,10.23677750769341
1610,arc_pair_354351,15.108340913476116
1611,arc_pair_251231,22.001968503937007
1612,arc_pair_145677,7.640778284554458
1613,arc_pair_514446,25.996732952934103
1614,arc_pair_589322,19.84178408087412
1615,arc_pair_114678,12.635056718205982
1616,arc_pair_161282,25.665635957041495
1617,arc_pair_114382,22.012938566079605
1618,arc_pair_578272,12.98243290616601
1619,arc_pair_430294,11.55596474583042
1620,arc_pair_17442,41.50546436191057
1621,arc_pair_253349,25.6883206634416
1622,arc_pair_523220,5.422399064316757
1623,arc_pair_542733,20.1800448974639
1624,arc_pair_581207,15.758094967154605
1625,arc_pair_183004,7.057249575551783
1626,arc_pair_498344,19.968364456819167
1627,arc_pair_579930,21.506816798539255
1628,arc_pair_586468,8.493291253381425
1629,arc_pair_140160,22.683341782168423
1630,arc_pair_25163,9.58973423182701
1631,arc_pair_11596,9.526852062173475
1632,arc_pair_280387,10.744618974072491
1633,arc_pair_601304,30.329036025514327
1634,arc_pair_608826,10.410231593501555
1635,arc_pair_499555,10.743206641555071
1636,arc_pair_287012,15.591183543537309
1637,arc_pair_468540,24.161620987707945
1638,arc_pair_235936,16.069729462578163
1639,arc_pair_704634,22.73964679096671
1640,arc_pair_615469,33.28071960233858
1641,arc_pair_585090,12.443010794667085
1642,arc_pair_617454,15.229653055529717
1643,arc_pair_356854,24.35780775075988
1644,arc_pair_703325,10.645050065116678
1645,arc_pair_641664,52.74353976240023
1646,arc_pair_720015,29.123293569384295
1647,arc_pair_540470,20.844922585953277
1648,arc_pair_305535,12.885298929208805
1649,arc_pair_207390,10.173077630272497
1650,arc_pair_232524,13.58890542174277
1651,arc_pair_544960,10.808479688536163
1652,arc_pair_659604,11.574899328859061
1653,arc_pair_448322,18.822905140327936
1654,arc_pair_708093,8.277843411019225
1655,arc_pair_385930,10.55114236661384
1656,arc_pair_74357,17.599453870462984
1657,arc_pair_729721,11.132926319761719
1658,arc_pair_368843,32.92910896490162
1659,arc_pair_269433,9.077894006090155
1660,arc_pair_353210,7.600441862368057
1661,arc_pair_477174,23.159805189863786
1662,arc_pair_226422,194.8478358828412
1663,arc_pair_418880,12.932998528273833
1664,arc_pair_697017,59.16531173279626
1665,arc_pair_713630,12.06668050653934
1666,arc_pair_681439,13.936063161558788
1667,arc_pair_591895,22.684441070892042
1668,arc_pair_189262,16.931134230520932
1669,arc_pair_139628,11.55177439504002
1670,arc_pair_146325,15.892613161645453
1671,arc_pair_504368,13.649735232741879
1672,arc_pair_56226,25.94056892399158
1673,arc_pair_709397,27.540713957759408
1674,arc_pair_22864,15.204910573333581
1675,arc_pair_357253,11.73491354631856
1676,arc_pair_531476,36.89939362415649
1677,arc_pair_727695,15.748045830681097
1678,arc_pair_503507,14.441027194909477
1679,arc_pair_109334,14.283476734896999
1680,arc_pair_670355,6.470362101536388
1681,arc_pair_590154,115.27960589370376
1682,arc_pair_9866,15.533231628864462
1683,arc_pair_191982,13.09578996220911
1684,arc_pair_500002,11.201568974633272
1685,arc_pair_48812,24.32743036559549
1686,arc_pair_54831,13.604188013488084
1687,arc_pair_445286,46.85281936922587
1688,arc_pair_475630,27.29289540358874
1689,arc_pair_202604,21.03268555165207
1690,arc_pair_442810,32.865755883526134
1691,arc_pair_87955,34.936679065796696
1692,arc_pair_85968,12.394836618332322
1693,arc_pair_610407,71.85539799192631
1694,arc_pair_574343,34.31323298766357
1695,arc_pair_653989,12.725943970767355
1696,arc_pair_399339,11.150889818568054
1697,arc_pair_387327,8.701168569145985
1698,arc_pair_690947,14.483245704976305
1699,arc_pair_231471,7.991551263052106
1700,arc_pair_134276,16.258261475014727
1701,arc_pair_546377,45.63965775401069
1702,arc_pair_405027,18.411664376747048
1703,arc_pair_537234,80.71615618101546
1704,arc_pair_58054,44.63082640289558
1705,arc_pair_392575,32.972004619865416
1706,arc_pair_292617,10.270533115638532
1707,arc_pair_229684,10.449732528948648
1708,arc_pair_361662,7.978408841396472
1709,arc_pair_539816,15.53601666542668
1710,arc_pair_662811,30.556655488597134
1711,arc_pair_386609,54.28067745388151
1712,arc_pair_516656,18.685278266707797
1713,arc_pair_430056,14.988856457157684
1714,arc_pair_419291,28.35442789584192
1715,arc_pair_129281,9.240406869785053
1716,arc_pair_183696,26.913454666122114
1717,arc_pair_511039,12.099859806957204
1718,arc_pair_207386,6.917570709027509
1719,arc_pair_311130,18.51612852168408
1720,arc_pair_65415,21.009333635026586
1721,arc_pair_212887,22.824766526053985
1722,arc_pair_152235,18.530582934938714
1723,arc_pair_95211,16.20749043193002
1724,arc_pair_282178,7.6899497290079335
1725,arc_pair_16091,25.35537098252729
1726,arc_pair_54348,14.967363489626392
1727,arc_pair_534377,11.274090980639068
1728,arc_pair_273497,38.43970825534112
1729,arc_pair_604281,52.81122891244916
1730,arc_pair_594678,12.037884676281775
1731,arc_pair_706424,29.035316844238498
1732,arc_pair_649307,15.27756076388889
1733,arc_pair_585593,32.94458292844367
1734,arc_pair_642818,19.785134980225827
1735,arc_pair_633408,10.71158884666771
1736,arc_pair_650126,7.615912780566271
1737,arc_pair_620674,16.835898078006636
1738,arc_pair_214816,20.88769655349464
1739,arc_pair_716977,30.42693001166669
1740,arc_pair_210506,7.162810327706058
1741,arc_pair_218136,72.04443289410838
1742,arc_pair_23330,11.000748137787463
1743,arc_pair_472360,69.07362020289766
1744,arc_pair_28086,15.067584216840128
1745,arc_pair_535589,17.8474265925405
1746,arc_pair_75803,13.355286016120196
1747,arc_pair_278664,19.58343574023308
1748,arc_pair_279976,12.038229400840581
1749,arc_pair_730516,9.29385355606004
1750,arc_pair_295652,11.083060804711662
1751,arc_pair_430543,10.302344148122982
1752,arc_pair_530621,13.880965838439103
1753,arc_pair_298060,9.599786703470773
1754,arc_pair_557435,9.529326998851687
1755,arc_pair_435891,15.332736306201312
1756,arc_pair_401567,16.971560672322042
1757,arc_pair_691706,13.015076190958336
1758,arc_pair_377923,23.16976606938811
1759,arc_pair_462049,23.16510069168146
1760,arc_pair_531749,21.90377152753279
1761,arc_pair_694857,19.270174122093913
1762,arc_pair_681356,9.666790843220893
1763,arc_pair_250898,23.404383006021977
1764,arc_pair_700773,13.039430528023068
1765,arc_pair_172545,8.52441543960909
1766,arc_pair_160981,12.284195704341272
1767,arc_pair_697282,16.4404029863725
1768,arc_pair_83900,19.32469129086656
1769,arc_pair_451729,10.845888052727364
1770,arc_pair_284,36.522941112853516
1771,arc_pair_93453,9.757235291167175
1772,arc_pair_200785,9.956096500760705
1773,arc_pair_238703,16.113533653505606
1774,arc_pair_121598,17.320141701658553
1775,arc_pair_258817,14.918074482277106
1776,arc_pair_270192,49.50059812458999
1777,arc_pair_597668,154.10449976487186
1778,arc_pair_495167,38.764009339559706
1779,arc_pair_483549,10.076985014000552
1780,arc_pair_629269,44.16986621747665
1781,arc_pair_72850,41.73808039193853
1782,arc_pair_76813,43.53396156266088
1783,arc_pair_361818,12.128960615931302
1784,arc_pair_83146,11.10252567018124
1785,arc_pair_480735,14.192024184730176
1786,arc_pair_154861,18.216874103240016
1787,arc_pair_655518,241.47934853095228
1788,arc_pair_349037,16.44065051935133
1789,arc_pair_155323,13.452314320803723
1790,arc_pair_359934,49.136445659170775
1791,arc_pair_669924,17.66113363326247
1792,arc_pair_312065,37.81172363156869
1793,arc_pair_504796,57.49333575120138
1794,arc_pair_503053,41.53923970372078
1795,arc_pair_268326,9.519677704049947
1796,arc_pair_56322,18.86544908841278
1797,arc_pair_321928,337.2680970424684
1798,arc_pair_722439,23.659340097194985
1799,arc_pair_671339,10.384616933048836
1800,arc_pair_117384,20.207730100760166
1801,arc_pair_365226,13.803388398211755
1802,arc_pair_709339,16.227406100109356
1803,arc_pair_580683,10.210367421414945
1804,arc_pair_104951,12.125368592548707
1805,arc_pair_598319,5.60466555683613
1806,arc_pair_488978,18.511666230306012
1807,arc_pair_332257,9.749535714285713
1808,arc_pair_206893,9.913751923995543
1809,arc_pair_430001,320.7792731126763
1810,arc_pair_562813,19.094648045511143
1811,arc_pair_186569,10.58224492182931
1812,arc_pair_337055,11.444057597813806
1813,arc_pair_219265,12.692384056897318
1814,arc_pair_726495,13.58933729470991
1815,arc_pair_173929,10.439517037832037
1816,arc_pair_111315,12.207306402216712
1817,arc_pair_197397,38.69980119284294
1818,arc_pair_635421,11.787076396657234
1819,arc_pair_297638,33.98405219700906
1820,arc_pair_272394,23.225996976550686
1821,arc_pair_456668,18.864923036785804
1822,arc_pair_172791,94.61878502847354
1823,arc_pair_154709,7.745694833800561
1824,arc_pair_32825,12.95951184493898
1825,arc_pair_554537,49.15286156669343
1826,arc_pair_271042,14.842813182449873
1827,arc_pair_179427,20.498356750240387
1828,arc_pair_625421,33.233039882281304
1829,arc_pair_132926,9.23032483429868
1830,arc_pair_287268,19.590395598857718
1831,arc_pair_117691,10.844949220869836
1832,arc_pair_553421,13.7850643238155
1833,arc_pair_460920,16.1597700265354
1834,arc_pair_696997,17.950096798727788
1835,arc_pair_689361,11.565868565944335
1836,arc_pair_330006,21.14111928175494
1837,arc_pair_729449,17.712219196732473
1838,arc_pair_190281,12.72056881143112
1839,arc_pair_646676,14.069383701609976
1840,arc_pair_291095,17.818841932036033
1841,arc_pair_641449,12.4938072719084
1842,arc_pair_665546,11.410162921456124
1843,arc_pair_1144,5.766288648764309
1844,arc_pair_148950,22.31328797278367
1845,arc_pair_393260,28.661863615982167
1846,arc_pair_350754,13.506431832368458
1847,arc_pair_593386,17.945345940847865
1848,arc_pair_282206,8.80428405757555
1849,arc_pair_543564,11.496221051935748
1850,arc_pair_207851,26.07587333927586
1851,arc_pair_646733,18.288488437573797
1852,arc_pair_639394,15.993989887747635
1853,arc_pair_220671,19.00522119639986
1854,arc_pair_418204,21.550913709582133
1855,arc_pair_66147,13.223040772259623
1856,arc_pair_93812,13.947875399149364
1857,arc_pair_24334,7.244050988015847
1858,arc_pair_427547,9.305573282280365
1859,arc_pair_574247,44.86413959794848
1860,arc_pair_355413,23.86978904282116
1861,arc_pair_61378,5.4322772963604855
1862,arc_pair_87152,13.160664299143512
1863,arc_pair_732340,23.32998677639265
1864,arc_pair_43659,20.187534171678514
1865,arc_pair_287907,33.581509823613445
1866,arc_pair_274885,54.56367791369808
1867,arc_pair_647122,13.421526834581714
1868,arc_pair_272052,20.492881697929903
1869,arc_pair_2787,12.58613074204947
1870,arc_pair_216313,12.565763284892439
1871,arc_pair_372760,152.8995962035342
1872,arc_pair_447645,14.911364788667475
1873,arc_pair_414227,50.90149122598723
1874,arc_pair_619722,47.136348444933745
1875,arc_pair_474826,7.387079418946322
1876,arc_pair_48916,14.828518005789181
1877,arc_pair_577386,10.834171957049925
1878,arc_pair_272615,7.330784772016003
1879,arc_pair_708046,14.00004011231448
1880,arc_pair_561252,11.66399640896378
1881,arc_pair_511500,20.639921997153948
1882,arc_pair_570013,44.87620664187517
1883,arc_pair_483709,35.320511575647444
1884,arc_pair_533888,11.410592236502175
1885,arc_pair_637037,39.93250956632653
1886,arc_pair_557730,13.885304729782726
1887,arc_pair_230935,33.54073717119955
1888,arc_pair_362127,89.12699933906147
1889,arc_pair_627037,13.773130091177638
1890,arc_pair_187246,20.197271478183726
1891,arc_pair_16117,46.41904103421662
1892,arc_pair_327184,13.0941850245244
1893,arc_pair_434039,39.10445248941315
1894,arc_pair_528728,18.85790349895232
1895,arc_pair_59106,21.960914572717584
1896,arc_pair_145925,9.99938138532196
1897,arc_pair_619923,7.568644865623391
1898,arc_pair_397937,15.761686763403501
1899,arc_pair_505955,9.513023893458676
1900,arc_pair_592295,16.0515911842258
1901,arc_pair_575704,27.82796394357088
1902,arc_pair_275095,20.062405579615266
1903,arc_pair_459159,19.083753385832424
1904,arc_pair_10493,15.278740136907562
1905,arc_pair_585803,7.822169738809621
1906,arc_pair_359918,14.73241468657068
1907,arc_pair_610128,8.957715460284833
1908,arc_pair_630967,26.713545742089778
1909,arc_pair_665182,12.490682046957044
1910,arc_pair_379507,9.68035490404089
1911,arc_pair_146489,14.565633093699319
1912,arc_pair_576201,10.854410560292914
1913,arc_pair_720756,44.99493383917831
1914,arc_pair_438299,16.58655994298324
1915,arc_pair_285941,12.471611314244797
1916,arc_pair_417923,9.967967525421004
1917,arc_pair_175613,16.5800773495287
1918,arc_pair_319605,76.38068013617524
1919,arc_pair_253324,11.581707884470848
1920,arc_pair_684528,12.986918464843374
1921,arc_pair_702332,17.74564115120538
1922,arc_pair_192697,16.78138100426601
1923,arc_pair_305333,20.356122033898306
1924,arc_pair_432381,7.071505833826096
1925,arc_pair_147627,12.488769498560622
1926,arc_pair_283483,25.694407552835198
1927,arc_pair_398007,26.801725870471785
1928,arc_pair_546658,119.57455933379597
1929,arc_pair_300832,44.24216705757941
1930,arc_pair_122377,21.659316811788347
1931,arc_pair_502906,9.680962306756992
1932,arc_pair_553909,25.029495543508226
1933,arc_pair_271310,46.03154619876874
1934,arc_pair_336003,24.715844373838497
1935,arc_pair_696145,77.7914192818773
1936,arc_pair_588620,11.783434928883114
1937,arc_pair_543724,9.580527009222664
1938,arc_pair_527035,10.545074722802505
1939,arc_pair_552135,23.950098764364085
1940,arc_pair_190887,39.3636173427874
1941,arc_pair_513839,57.456901184961495
1942,arc_pair_597886,18.403346012840153
1943,arc_pair_399092,11.354994333323123
1944,arc_pair_709600,17.906851306376954
1945,arc_pair_403258,54.438198230404865
1946,arc_pair_526624,79.73527681788104
1947,arc_pair_296906,15.582541082164328
1948,arc_pair_91696,9.74403757873385
1949,arc_pair_17614,15.584072537377496
1950,arc_pair_690615,19.530741196006126
1951,arc_pair_354557,10.613200413245146
1952,arc_pair_261081,9.913334690553746
1953,arc_pair_314719,12.454300802274805
1954,arc_pair_184578,22.862023205961414
1955,arc_pair_2178,109.40453686200378
1956,arc_pair_135373,11.909802199556896
1957,arc_pair_145421,19.73019490726187
1958,arc_pair_342529,11.572631059736862
1959,arc_pair_404821,16.933542436046608
1960,arc_pair_134831,8.584498993087683
1961,arc_pair_640448,6.333066277281715
1962,arc_pair_125373,13.358449349548433
1963,arc_pair_469941,35.468930164776864
1964,arc_pair_329964,20.740657377634868
1965,arc_pair_340847,20.88737999756957
1966,arc_pair_358574,15.067204570512178
1967,arc_pair_371619,9.68106058335082
1968,arc_pair_501412,12.802302423859716
1969,arc_pair_388396,16.850251220126392
1970,arc_pair_149052,47.35821528652595
1971,arc_pair_320616,10.76972360972361
1972,arc_pair_321904,17.601319460284596
1973,arc_pair_609427,15.35063664849396
1974,arc_pair_471022,15.72318578167437
1975,arc_pair_475718,9.208741621082734
1976,arc_pair_264000,8.955325238995005
1977,arc_pair_201803,11.94453225181165
1978,arc_pair_407427,15.143093420820737
1979,arc_pair_370771,11.519968591774294
1980,arc_pair_87484,32.110693877551014
1981,arc_pair_129583,13.605858160684292
1982,arc_pair_513706,31.86497013439522
1983,arc_pair_607340,8.9725799101621
1984,arc_pair_592041,15.736016764577766
1985,arc_pair_169237,8.960823432238389
1986,arc_pair_10217,26.65279598228452
1987,arc_pair_326541,13.022817343995499
1988,arc_pair_670787,6.541854709564711
1989,arc_pair_83994,10.031342733226811
1990,arc_pair_56027,9.301536469270614
1991,arc_pair_455654,12.125357973867908
1992,arc_pair_279632,26.984093876651233
1993,arc_pair_734312,10.161351098413949
1994,arc_pair_123927,8.874137951570447
1995,arc_pair_101155,13.121741150402945
1996,arc_pair_394566,16.386874491456467
1997,arc_pair_525264,21.903496074044835
1998,arc_pair_143776,22.763084931076875
1999,arc_pair_517315,20.299091632660794
2000,arc_pair_206295,30.464712486521936
2001,arc_pair_128668,18.824200775371683
2002,arc_pair_228328,26.942354215830324
2003,arc_pair_563812,41.13654174019681
2004,arc_pair_19523,32.03444955996889
2005,arc_pair_403171,26.072914453023543
2006,arc_pair_420611,31.82739663641391
2007,arc_pair_603616,9.183804114980322
2008,arc_pair_243666,17.57687584742511
2009,arc_pair_368654,18.828885670447537
2010,arc_pair_261717,14.782835873305713
2011,arc_pair_655975,29.159387158151816
2012,arc_pair_713574,14.58960451593158
2013,arc_pair_311777,14.555796501145167
2014,arc_pair_626558,12.170288619524444
2015,arc_pair_314575,16.398434893806296
2016,arc_pair_185806,15.23529106029106
2017,arc_pair_417831,14.805847125578225
2018,arc_pair_116110,7.3026079257331435
2019,arc_pair_527920,11.456537816783355
2020,arc_pair_238914,22.316306178265595
2021,arc_pair_355645,9.297226875116323
2022,arc_pair_596782,74.48370070475333
2023,arc_pair_24162,13.135934880526772
2024,arc_pair_325547,12.109214845581832
2025,arc_pair_431295,15.568864085102955
2026,arc_pair_203717,27.507664533070745
2027,arc_pair_522221,8.396943936296136
2028,arc_pair_609124,32.15969752425676
2029,arc_pair_67853,14.497548169222586
2030,arc_pair_367671,13.622245601730084
2031,arc_pair_494598,9.328004581136216
2032,arc_pair_726913,22.221995444191343
2033,arc_pair_688376,19.34441348723489
2034,arc_pair_379395,23.19783164060066
2035,arc_pair_445992,8.228042368950055
2036,arc_pair_30064,15.451522315352104
2037,arc_pair_132859,16.85364091862825
2038,arc_pair_394659,12.330934799685782
2039,arc_pair_131776,28.92577687790032
2040,arc_pair_508275,114.56070205860121
2041,arc_pair_366060,30.6178774057181
2042,arc_pair_140635,19.183972454766405
2043,arc_pair_238152,16.396227080394922
2044,arc_pair_691854,31.562865414088662
2045,arc_pair_282816,12.840331551968589
2046,arc_pair_669363,7.4708223695167035
2047,arc_pair_647231,9.517192397014723
2048,arc_pair_214197,6.902023452177856
2049,arc_pair_690316,91.77603593907205
2050,arc_pair_456717,16.308109590347655
2051,arc_pair_632331,8.904220336305805
2052,arc_pair_367108,37.480033466632634
2053,arc_pair_300936,26.64351744857869
2054,arc_pair_467699,21.323484589307377
2055,arc_pair_1191,10.764712267799233
2056,arc_pair_291410,27.712822200036303
2057,arc_pair_53399,7.901100643473434
2058,arc_pair_303249,34.68794839102552
2059,arc_pair_281410,13.523724818141062
2060,arc_pair_74510,9.4910971910528
2061,arc_pair_732680,13.468147013782541
2062,arc_pair_37871,18.045093786201967
2063,arc_pair_398103,14.548940009021198
2064,arc_pair_251358,12.944244966442952
2065,arc_pair_624573,10.703177362163665
2066,arc_pair_521724,11.035209704859827
2067,arc_pair_570681,34.14116882015324
2068,arc_pair_729473,12.990386990531082
2069,arc_pair_33074,157.71055254367232
2070,arc_pair_320895,30.953076224530335
2071,arc_pair_470449,9.53271860514986
2072,arc_pair_139983,16.926024096385547
2073,arc_pair_446081,11.193427106612331
2074,arc_pair_199130,33.323080489076894
2075,arc_pair_677812,11.359286320046968
2076,arc_pair_141618,13.752909560723513
2077,arc_pair_425055,17.44960649911145
2078,arc_pair_403167,32.975768604539795
2079,arc_pair_394065,18.240645033375188
2080,arc_pair_293138,18.018596995061817
2081,arc_pair_212385,13.041533776860582
2082,arc_pair_141566,20.661456785721363
2083,arc_pair_86542,10.83863022577509
2084,arc_pair_159855,13.097032134816128
2085,arc_pair_509576,14.040391396332861
2086,arc_pair_687191,86.54821668947886
2087,arc_pair_688264,10.545698261718123
2088,arc_pair_321800,21.3231481818292
2089,arc_pair_571244,23.901688468852647
2090,arc_pair_283616,18.156702402378905
2091,arc_pair_560906,22.625626318009278
2092,arc_pair_464774,17.90607908394815
2093,arc_pair_561614,11.37457545743905
2094,arc_pair_60338,18.589050210298694
2095,arc_pair_186441,48.48343860931301
2096,arc_pair_623598,12.522284568580222
2097,arc_pair_303971,26.28371184145741
2098,arc_pair_560843,23.106153974268224
2099,arc_pair_658890,12.768690320782667
2100,arc_pair_326783,9.465947895484021
2101,arc_pair_590744,53.326127952477485
2102,arc_pair_12512,21.190893520475118
2103,arc_pair_389196,11.406831001872325
2104,arc_pair_304758,32.25169140330205
2105,arc_pair_582329,14.060089940686954
2106,arc_pair_269809,18.56652935950246
2107,arc_pair_8867,6.95359600634619
2108,arc_pair_419182,12.645593770948281
2109,arc_pair_530477,39.474840664096305
2110,arc_pair_694928,8.88139499816901
2111,arc_pair_275650,35.67475483591288
2112,arc_pair_138783,23.374184428012178
2113,arc_pair_91141,12.81446914582186
2114,arc_pair_201842,6.740856139236738
2115,arc_pair_460808,31.431686934310626
2116,arc_pair_697257,50.62446443873179
2117,arc_pair_597202,113.2820502398179
2118,arc_pair_144158,13.850905919331215
2119,arc_pair_552748,12.04259157305345
2120,arc_pair_341597,115.4024223758505
2121,arc_pair_473377,45.449952096690986
2122,arc_pair_146535,8.139065251645196
2123,arc_pair_72493,29.929289618765583
2124,arc_pair_219822,21.14248186309872
2125,arc_pair_310062,13.756946966376557
2126,arc_pair_135918,20.73266180386708
2127,arc_pair_510491,8.443254956918924
2128,arc_pair_53321,15.93442366789937
2129,arc_pair_371434,35.48070022517615
2130,arc_pair_304534,29.873312207219616
2131,arc_pair_174501,8.125031208388815
2132,arc_pair_425002,22.528221086590342
2133,arc_pair_614891,12.272882907990605
2134,arc_pair_76595,14.991733026319999
2135,arc_pair_94206,22.81432640337303
2136,arc_pair_590528,11.669237514896679
2137,arc_pair_575084,8.790754865607408
2138,arc_pair_82782,16.858112043318798
2139,arc_pair_545598,33.37677588708006
2140,arc_pair_91454,7.305154711921814
2141,arc_pair_348759,9.806712696586114
2142,arc_pair_486845,11.856990340620232
2143,arc_pair_310655,24.117915047568
2144,arc_pair_279414,22.81115714227692
2145,arc_pair_42612,10.180057747834454
2146,arc_pair_168600,34.12235140523279
2147,arc_pair_294971,13.661653190330552
2148,arc_pair_454263,9.416018875861944
2149,arc_pair_472351,23.539003206841258
2150,arc_pair_726559,8.444791933692215
2151,arc_pair_533895,24.999070539087327
2152,arc_pair_586674,19.247698458999135
2153,arc_pair_734972,16.138048566413108
2154,arc_pair_535557,10.003869521191955
2155,arc_pair_698280,18.207490979898058
2156,arc_pair_257950,11.89958871082116
2157,arc_pair_315512,25.494223251141154
2158,arc_pair_404492,15.540652092753142
2159,arc_pair_194498,18.83546344271733
2160,arc_pair_424927,15.548989113530329
2161,arc_pair_533483,19.281030986060124
2162,arc_pair_157456,11.662504002561638
2163,arc_pair_593533,41.411354257846696
2164,arc_pair_634743,20.563333644249603
2165,arc_pair_492943,14.295851098720894
2166,arc_pair_115275,20.59870420274067
2167,arc_pair_701295,12.508578717101202
2168,arc_pair_317485,5.894769325721339
2169,arc_pair_180121,15.10643487635604
2170,arc_pair_475302,10.761117045199008
2171,arc_pair_579940,19.429503092523245
2172,arc_pair_598406,9.89513640291322
2173,arc_pair_213527,12.297146458742084
2174,arc_pair_242178,16.824535750840766
2175,arc_pair_85109,41.81866659374316
2176,arc_pair_630429,12.509429675073847
2177,arc_pair_137187,9.928929727757764
2178,arc_pair_400652,16.197281259541484
2179,arc_pair_723167,27.31508320561864
2180,arc_pair_556350,9.994402985074629
2181,arc_pair_543851,7.785896285663018
2182,arc_pair_138788,18.949184248286123
2183,arc_pair_595664,19.911367700017628
2184,arc_pair_575430,9.063878884599625
2185,arc_pair_587209,12.903761637831883
2186,arc_pair_448885,62.67540044186689
2187,arc_pair_675936,22.98828151657844
2188,arc_pair_72162,13.403394978314868
2189,arc_pair_318459,14.179449693124612
2190,arc_pair_128788,6.616712273594181
2191,arc_pair_704214,35.87288598803935
2192,arc_pair_350362,12.266517241379308
2193,arc_pair_618440,8.61998851479252
2194,arc_pair_434618,9.211127670144062
2195,arc_pair_53280,17.503559731407837
2196,arc_pair_465617,10.544258618402806
2197,arc_pair_625294,10.69819861149341
2198,arc_pair_709099,21.29364149030541
2199,arc_pair_255652,15.729675830500305
2200,arc_pair_526814,23.448017433213035
2201,arc_pair_441348,8.477826999300536
2202,arc_pair_212623,92.16088749263695
2203,arc_pair_695324,19.373078820032255
2204,arc_pair_432236,19.094156676253668
2205,arc_pair_121546,11.769166897315252
2206,arc_pair_675520,20.731365164421305
2207,arc_pair_137538,18.859555623231437
2208,arc_pair_235550,85.64043702430641
2209,arc_pair_435459,8.469608357701633
2210,arc_pair_7222,26.954093333508066
2211,arc_pair_375352,65.53348067268709
2212,arc_pair_247141,38.38005422359258
2213,arc_pair_542128,38.59997656913569
2214,arc_pair_32814,26.903737419065322
2215,arc_pair_65166,12.36052677838978
2216,arc_pair_713640,10.67792205134502
2217,arc_pair_204870,21.433116386391283
2218,arc_pair_378130,15.691848418756816
2219,arc_pair_136954,11.099669427816561
2220,arc_pair_131638,14.929438962114416
2221,arc_pair_657685,9.724407983087131
2222,arc_pair_2889,8.552249660100546
2223,arc_pair_462756,33.69895978005159
2224,arc_pair_260398,15.967525301464255
2225,arc_pair_679387,11.990180313792834
2226,arc_pair_47447,7.62105783277477
2227,arc_pair_541354,43.91678961345529
2228,arc_pair_80999,21.12639453685371
2229,arc_pair_143442,12.447464715107163
2230,arc_pair_533084,18.734695909427096
2231,arc_pair_61430,13.676432227982655
2232,arc_pair_465586,14.615031120935372
2233,arc_pair_722058,12.119191107539844
2234,arc_pair_593564,14.739813277443588
2235,arc_pair_438953,9.780509257223274
2236,arc_pair_284863,9.738857915377137
2237,arc_pair_36441,6.00838883378206
2238,arc_pair_314704,15.613573381091523
2239,arc_pair_630307,26.19753491364628
2240,arc_pair_420933,10.216967141918946
2241,arc_pair_359728,31.846206652659607
2242,arc_pair_734925,28.275155234830137
2243,arc_pair_69283,13.906438817725586
2244,arc_pair_428379,32.28808579403555
2245,arc_pair_178968,16.495874436172947
2246,arc_pair_61349,8.759303023722232
2247,arc_pair_412268,11.138732364529933
2248,arc_pair_532945,15.544596799663122
2249,arc_pair_523207,28.28201280512205
2250,arc_pair_426367,16.393563410141454
2251,arc_pair_71349,12.08688790831648
2252,arc_pair_172466,15.344586298208501
2253,arc_pair_76176,8.495194539882998
2254,arc_pair_381329,11.84043025703416
2255,arc_pair_311785,99.87063351842502
2256,arc_pair_708260,19.527417406055875
2257,arc_pair_505765,27.120297617543773
2258,arc_pair_295008,20.97566299246971
2259,arc_pair_159366,7.414207241985251
2260,arc_pair_564626,17.839526144831538
2261,arc_pair_247638,13.154906097399053
2262,arc_pair_470012,287.2729215754439
2263,arc_pair_508442,15.151549875128543
2264,arc_pair_433020,15.325185590640073
2265,arc_pair_382010,19.14249264775001
2266,arc_pair_207925,14.437709172870704
2267,arc_pair_336419,23.918655298973192
2268,arc_pair_690872,15.054385987809809
2269,arc_pair_565172,5.7271459329171694
2270,arc_pair_645968,8.861897093781153
2271,arc_pair_359817,22.63671749071675
2272,arc_pair_1525,14.655768761404445
2273,arc_pair_710345,22.36703479157757
2274,arc_pair_350335,15.256924029088657
2275,arc_pair_548860,10.86144490795509
2276,arc_pair_396696,13.787307302801844
2277,arc_pair_493305,40.314455583040406
2278,arc_pair_357665,16.658213757718062
2279,arc_pair_434120,7.461026417137302
2280,arc_pair_251980,14.55509580589666
2281,arc_pair_218516,11.996117328460961
2282,arc_pair_625056,6.090490099839586
2283,arc_pair_431288,22.508699578161426
2284,arc_pair_161899,12.431701583706523
2285,arc_pair_311005,25.800007486150623
2286,arc_pair_208146,7.6158014993296455
2287,arc_pair_295622,6.842514184457582
2288,arc_pair_592676,19.22786551285846
2289,arc_pair_496804,12.741350108879749
2290,arc_pair_647739,17.79655964226725
2291,arc_pair_507522,10.519251345980742
2292,arc_pair_495681,19.043223103801083
2293,arc_pair_683198,14.200839986378599
2294,arc_pair_272219,10.260428577193666
2295,arc_pair_716141,23.728032317960555
2296,arc_pair_189711,33.47898728058249
2297,arc_pair_390257,6.806177730060592
2298,arc_pair_562834,9.168488589012675
2299,arc_pair_189341,10.320535896216803
2300,arc_pair_152615,25.665777076419673
2301,arc_pair_315553,11.809204152249134
2302,arc_pair_486941,21.004658837231876
2303,arc_pair_379672,6.513130312593582
2304,arc_pair_702801,7.836559399951609
2305,arc_pair_417355,9.326286894756205
2306,arc_pair_14526,19.420498591186693
2307,arc_pair_393181,12.754291319274156
2308,arc_pair_150278,27.344679190998082
2309,arc_pair_406544,16.86259155416672
2310,arc_pair_166433,13.441525148025246
2311,arc_pair_586459,11.899644464196431
2312,arc_pair_709934,186.7037689899107
2313,arc_pair_139971,23.955233265720082
2314,arc_pair_140151,16.24096053888628
2315,arc_pair_557853,112.58131128848348
2316,arc_pair_293963,16.16703531084604
2317,arc_pair_229477,8.384701298371642
2318,arc_pair_480315,10.204180664427025
2319,arc_pair_318418,18.458624127617146
2320,arc_pair_279793,10.47048747412747
2321,arc_pair_470842,8.71877996000767
2322,arc_pair_501730,38.26240330547702
2323,arc_pair_646344,16.9803064082776
2324,arc_pair_422762,17.406768480837172
2325,arc_pair_248867,11.43277347871966
2326,arc_pair_44912,22.82191646552886
2327,arc_pair_84309,10.242940096962393
2328,arc_pair_482282,12.609808852463289
2329,arc_pair_643453,30.868577891299104
2330,arc_pair_29034,24.952155824508317
2331,arc_pair_533704,14.272280092592593
2332,arc_pair_287166,15.348497087708857
2333,arc_pair_657410,20.067418152699496
2334,arc_pair_133490,38.56527244915871
2335,arc_pair_213970,16.53885094961438
2336,arc_pair_345988,24.36875592256667
2337,arc_pair_268497,12.325948847489737
2338,arc_pair_443334,11.082800683093438
2339,arc_pair_87030,30.386516876820597
2340,arc_pair_247784,15.564131038312052
2341,arc_pair_553406,9.330538368125831
2342,arc_pair_278497,83.06792250268396
2343,arc_pair_571824,10.227013093883874
2344,arc_pair_540380,19.178604058805615
2345,arc_pair_442525,31.371037168015143
2346,arc_pair_144954,13.093053806995457
2347,arc_pair_523180,19.893580595039424
2348,arc_pair_184461,23.801042369529302
2349,arc_pair_210872,20.086500794070936
2350,arc_pair_535054,19.425632078867938
2351,arc_pair_554547,12.124898694281857
2352,arc_pair_261462,9.028850848723323
2353,arc_pair_253143,32.81689356901091
2354,arc_pair_41028,17.89408637873754
2355,arc_pair_271931,14.310735666157353
2356,arc_pair_129619,19.135751782176193
2357,arc_pair_428504,29.175139217513923
2358,arc_pair_188442,18.235520616075725
2359,arc_pair_399164,14.57077466461821
2360,arc_pair_374152,10.23077698276731
2361,arc_pair_288047,27.342808772604847
2362,arc_pair_188012,17.460692324652733
2363,arc_pair_371645,31.106501715473428
2364,arc_pair_276718,10.815843044696857
2365,arc_pair_188507,12.329061931757407
2366,arc_pair_284988,19.73412740940337
2367,arc_pair_210034,10.548410154993507
2368,arc_pair_672836,32.83739430749077
2369,arc_pair_325448,7.744972874387547
2370,arc_pair_343364,71.92011365046964
2371,arc_pair_221769,18.34476409666283
2372,arc_pair_189316,10.96306510127311
2373,arc_pair_175161,24.359885912193135
2374,arc_pair_656190,23.742787407732138
2375,arc_pair_323436,12.265180257124879
2376,arc_pair_200464,16.21498833386361
2377,arc_pair_424032,13.697494806305755
2378,arc_pair_605458,12.253774569012847
2379,arc_pair_171821,39.81591034356054
2380,arc_pair_278356,13.266967051534781
2381,arc_pair_556595,45.25544853232542
2382,arc_pair_692731,9.498288131643573
2383,arc_pair_273849,15.223253281862835
2384,arc_pair_485510,11.955471453017076
2385,arc_pair_244110,15.02613474103241
2386,arc_pair_139475,192.18150884697647
2387,arc_pair_534429,31.190674012245474
2388,arc_pair_562249,23.869497576640008
2389,arc_pair_401405,15.839183833723911
2390,arc_pair_420358,41.02588905030177
2391,arc_pair_381692,10.639215415429241
2392,arc_pair_297424,34.64636581205622
2393,arc_pair_372710,13.291453602717684
2394,arc_pair_242494,21.995410940513096
2395,arc_pair_519357,25.682036503362152
2396,arc_pair_286665,37.94250392987505
2397,arc_pair_230744,16.34703695067925
2398,arc_pair_426799,10.034068550184255
2399,arc_pair_446862,18.297274912082987
2400,arc_pair_501788,12.173140372987438
2401,arc_pair_187534,25.11786468091161
2402,arc_pair_660734,97.01626713269802
2403,arc_pair_221856,48.0650771346116
2404,arc_pair_103071,15.265863133778263
2405,arc_pair_122686,22.1135321305566
2406,arc_pair_580165,7.561834968078468
2407,arc_pair_381893,72.66541830982189
2408,arc_pair_56779,11.595124874352432
2409,arc_pair_376401,9.352686099735003
2410,arc_pair_417379,134.9930929971238
2411,arc_pair_303501,11.096973055343906
2412,arc_pair_47538,8.829849112122353
2413,arc_pair_118580,21.99374363451186
2414,arc_pair_417729,26.36550463342369
2415,arc_pair_16167,6.437984789435847
2416,arc_pair_366401,13.444021492668583
2417,arc_pair_509906,14.466285362853629
2418,arc_pair_614662,70.74885048629984
2419,arc_pair_502219,14.47764689674175
2420,arc_pair_498420,15.302039038885189
2421,arc_pair_130156,20.99812913636257
2422,arc_pair_391893,16.872359749137814
2423,arc_pair_344989,17.0039746573132
2424,arc_pair_377210,18.434583194253854
2425,arc_pair_267871,97.17063287614008
2426,arc_pair_700113,11.354056942709608
2427,arc_pair_447567,10.188027920011525
2428,arc_pair_424049,12.46346436285097
2429,arc_pair_472629,13.510040790712269
2430,arc_pair_272720,25.741914548404544
2431,arc_pair_173867,9.179744499235806
2432,arc_pair_611525,17.246867346132575
2433,arc_pair_364083,13.058590847940886
2434,arc_pair_702591,41.153774908784726
2435,arc_pair_595035,17.25901659725244
2436,arc_pair_629059,8.0906533199076
2437,arc_pair_257878,22.365842926289197
2438,arc_pair_467997,16.536925781147524
2439,arc_pair_73122,13.023125400555436
2440,arc_pair_93376,44.35883779275933
2441,arc_pair_446399,20.847386821852627
2442,arc_pair_267037,16.745127375657095
2443,arc_pair_103773,19.45570359223175
2444,arc_pair_317407,16.90422825296826
2445,arc_pair_511823,15.730612637891664
2446,arc_pair_453932,15.335066991473813
2447,arc_pair_371901,17.549339155522635
2448,arc_pair_311300,11.643749266542606
2449,arc_pair_729012,22.11185609747306
2450,arc_pair_429047,14.90125831530015
2451,arc_pair_397228,27.254660440021883
2452,arc_pair_535306,13.352226574486902
2453,arc_pair_635353,8.824507737391393
2454,arc_pair_233113,15.471121576771178
2455,arc_pair_483903,15.130317434740574
2456,arc_pair_673163,16.189515406931626
2457,arc_pair_78017,13.00405655413548
2458,arc_pair_706301,20.632248727417903
2459,arc_pair_242953,74.6331889049365
2460,arc_pair_149219,53.6677712185342
2461,arc_pair_38609,14.079214561171451
2462,arc_pair_105998,10.820006859956015
2463,arc_pair_221968,58.57066169783279
2464,arc_pair_376682,11.829217330740882
2465,arc_pair_420289,13.093465372336961
2466,arc_pair_265636,13.857910659114314
2467,arc_pair_252545,19.249917950089344
2468,arc_pair_179640,86.49891795557252
2469,arc_pair_314944,16.696532224283406
2470,arc_pair_299011,9.246154756270705
2471,arc_pair_15931,21.598845050391112
2472,arc_pair_245280,9.188708077531434
2473,arc_pair_371844,6.816069136647557
2474,arc_pair_302193,8.865994053574196
2475,arc_pair_100299,100.57293792288692
2476,arc_pair_430323,34.64624629880833
2477,arc_pair_264477,30.913713759779107
2478,arc_pair_55552,21.414041246160597
2479,arc_pair_113231,13.531737659597686
2480,arc_pair_39389,14.675434484747964
2481,arc_pair_302717,185.75610729271244
2482,arc_pair_490417,12.545709816865156
2483,arc_pair_377247,26.070013177195992
2484,arc_pair_590325,60.4421165525584
2485,arc_pair_31613,72.72073436273806
2486,arc_pair_163563,10.233566257248857
2487,arc_pair_691131,19.244731393990868
2488,arc_pair_720458,30.077075828946153
2489,arc_pair_273536,11.546982817869416
2490,arc_pair_533513,15.554335125029215
2491,arc_pair_618616,17.06660474990049
2492,arc_pair_471402,9.104151466511016
2493,arc_pair_293298,15.006124677122997
2494,arc_pair_241447,11.520508570832515
2495,arc_pair_344527,12.183111762230569
2496,arc_pair_680665,12.282865080940097
2497,arc_pair_59434,23.79614808153477
2498,arc_pair_594223,75.24454907642159
2499,arc_pair_585432,41.53361981171912
2500,arc_pair_4033,18.229546368265883
2501,arc_pair_310395,13.019679752066114
2502,arc_pair_415606,32.010953399442606
2503,arc_pair_208994,17.09744522309944
2504,arc_pair_290908,11.664440964610083
2505,arc_pair_298591,11.67160183344826
2506,arc_pair_140716,9.685647025082753
2507,arc_pair_221250,20.950771157020093
2508,arc_pair_113374,15.966682879377434
2509,arc_pair_470356,16.154147850464707
2510,arc_pair_88097,10.769074827684591
2511,arc_pair_159167,14.692474916387962
2512,arc_pair_196759,64.77412400984733
2513,arc_pair_83458,56.49188946790579
2514,arc_pair_563862,11.000928224742223
2515,arc_pair_327635,8.66249773755656
2516,arc_pair_569995,10.40684678738055
2517,arc_pair_591308,47.39201835597772
2518,arc_pair_14361,25.933750394424553
2519,arc_pair_643582,11.741428908276351
2520,arc_pair_688486,27.49513579824261
2521,arc_pair_394003,10.983214267225758
2522,arc_pair_448850,134.4228346963745
2523,arc_pair_348292,11.23118392494574
2524,arc_pair_459312,24.4417180082225
2525,arc_pair_307329,17.88899970080782
2526,arc_pair_657938,11.881047809905525
2527,arc_pair_170123,27.684403380990915
2528,arc_pair_101963,21.067184137527832
2529,arc_pair_626482,16.84296046656673
2530,arc_pair_634846,6.655411943599669
2531,arc_pair_508585,52.66177045194715
2532,arc_pair_328939,12.287528250780671
2533,arc_pair_440563,21.930666666666667
2534,arc_pair_240190,21.921420468146668
2535,arc_pair_357921,8.120826731159482
2536,arc_pair_419019,25.955667003988328
2537,arc_pair_689278,11.595319188826048
2538,arc_pair_518993,12.322871744699475
2539,arc_pair_445274,61.120269382814605
2540,arc_pair_569079,8.914506731946146
2541,arc_pair_81873,15.814716352002883
2542,arc_pair_602562,25.33728744589812
2543,arc_pair_139009,7.96392879291589
2544,arc_pair_579079,9.268017643674487
2545,arc_pair_199013,9.29431299294313
2546,arc_pair_168456,7.591502659574467
2547,arc_pair_318463,10.78855499907253
2548,arc_pair_602831,14.640835787863502
2549,arc_pair_728341,8.45295806672594
2550,arc_pair_24692,9.025556097314928
2551,arc_pair_374312,24.15306710580486
2552,arc_pair_359895,34.57819110907962
2553,arc_pair_515708,15.303832792300245
2554,arc_pair_568238,12.333141414588777
2555,arc_pair_91873,21.09771492788912
2556,arc_pair_24407,22.395117120641594
2557,arc_pair_417338,15.509131228802506
2558,arc_pair_599542,18.45701629753448
2559,arc_pair_151957,124.29324430280496
2560,arc_pair_534690,9.674518049518051
2561,arc_pair_183721,25.863592822019285
2562,arc_pair_297367,8.37360591912392
2563,arc_pair_422975,33.03154712351575
2564,arc_pair_36590,16.843129169193453
2565,arc_pair_340088,7.849347396811637
2566,arc_pair_283324,44.358295562804926
2567,arc_pair_8143,15.276660942182712
2568,arc_pair_647611,13.441469258701183
2569,arc_pair_495316,29.14390490642387
2570,arc_pair_483738,16.81575575808753
2571,arc_pair_391997,20.353547009071605
2572,arc_pair_319008,22.926444013988377
2573,arc_pair_354024,22.844076801979085
2574,arc_pair_708077,36.98254880517486
2575,arc_pair_689452,77.76809901224345
2576,arc_pair_707678,8.954010272619518
2577,arc_pair_521884,36.38069028473239
2578,arc_pair_245804,11.190784865960332
2579,arc_pair_688613,41.82826224237901
2580,arc_pair_511862,9.339427859081407
2581,arc_pair_162671,17.845615519197125
2582,arc_pair_20628,8.865668339763001
2583,arc_pair_421066,32.925118270442994
2584,arc_pair_91023,21.350187852222916
2585,arc_pair_245384,8.74850119340713
2586,arc_pair_119016,16.25782593421223
2587,arc_pair_89940,14.834103400705104
2588,arc_pair_287808,8.0308126341613
2589,arc_pair_513625,12.043813127047935
2590,arc_pair_644251,13.889589118023276
2591,arc_pair_462404,24.449678930821428
2592,arc_pair_158019,17.316177271736755
2593,arc_pair_13148,16.889658902674014
2594,arc_pair_493411,14.013087800065769
2595,arc_pair_387269,78.10000242371363
2596,arc_pair_673088,14.715932456187078
2597,arc_pair_327766,10.222673610164406
2598,arc_pair_155294,12.904370537211866
2599,arc_pair_273259,12.262516914749664
2600,arc_pair_480728,17.97697378897417
2601,arc_pair_191065,14.92428018671771
2602,arc_pair_502872,21.275161433979072
2603,arc_pair_374754,12.824908225022325
2604,arc_pair_315247,22.23266058606637
2605,arc_pair_573462,10.056377843174207
2606,arc_pair_460985,9.417975472150216
2607,arc_pair_407441,13.647375079063885
2608,arc_pair_600119,13.449493264378363
2609,arc_pair_653081,10.136994773171608
2610,arc_pair_502171,11.28890841923375
2611,arc_pair_466502,81.90018229354058
2612,arc_pair_719324,12.662832767201198
2613,arc_pair_248627,37.96007854206296
2614,arc_pair_304682,18.764329886827504
2615,arc_pair_94919,90.31496043702995
2616,arc_pair_485654,10.885639220740593
2617,arc_pair_496582,17.369734808527337
2618,arc_pair_265159,26.152402565115953
2619,arc_pair_554896,61.75596266851021
2620,arc_pair_710105,22.127390287522356
2621,arc_pair_657703,18.730524800158882
2622,arc_pair_334371,11.16353263688227
2623,arc_pair_511835,13.183783415166396
2624,arc_pair_467082,80.04900395960588
2625,arc_pair_320762,13.300901066568592
2626,arc_pair_238899,66.99850398314487
2627,arc_pair_203730,10.714583684476654
2628,arc_pair_660020,144.228440944148
2629,arc_pair_517148,12.663046786154755
2630,arc_pair_541728,11.79563628267686
2631,arc_pair_657353,11.886938731560246
2632,arc_pair_474704,8.061652801824248
2633,arc_pair_591430,13.480619685003564
2634,arc_pair_556147,18.74835419014293
2635,arc_pair_248332,8.008117870722433
2636,arc_pair_38865,13.417990181923187
2637,arc_pair_525890,17.09712883051091
2638,arc_pair_147568,11.541240985576923
2639,arc_pair_456225,13.644080797749936
2640,arc_pair_691936,11.263697737770933
2641,arc_pair_52239,11.099647628652896
2642,arc_pair_669201,11.544447096960635
2643,arc_pair_661631,9.994804295116037
2644,arc_pair_58634,15.649392666590987
2645,arc_pair_621185,39.42974763076601
2646,arc_pair_690274,24.776198039747413
2647,arc_pair_201424,17.25169392668338
2648,arc_pair_92208,9.628861591746283
2649,arc_pair_673525,15.448059270756286
2650,arc_pair_606425,43.92669676496644
2651,arc_pair_219917,16.42385212276973
2652,arc_pair_725477,17.95765487701175
2653,arc_pair_6366,27.678456252272113
2654,arc_pair_230683,11.101320879976194
2655,arc_pair_215934,343.9547797043589
2656,arc_pair_313281,19.723135750586398
2657,arc_pair_502599,48.14093888349708
2658,arc_pair_361444,13.502315954028314
2659,arc_pair_705491,10.6080782068431
2660,arc_pair_607234,34.75373337274608
2661,arc_pair_507631,60.5049690480174
2662,arc_pair_178102,120.76214447839925
2663,arc_pair_522986,7.858914531621666
2664,arc_pair_735162,9.138467556173671
2665,arc_pair_264031,32.39392067359943
2666,arc_pair_384107,11.643558121228024
2667,arc_pair_609695,67.54827930506558
2668,arc_pair_401192,14.16383836846511
2669,arc_pair_368370,28.665241550630842
2670,arc_pair_98310,44.95708008416884
2671,arc_pair_143360,21.77934990439771
2672,arc_pair_158486,27.980233433734938
2673,arc_pair_646309,15.65338889883159
2674,arc_pair_196780,7.159254046446164
2675,arc_pair_422685,26.67423890386224
2676,arc_pair_178899,41.30900808360502
2677,arc_pair_565596,20.391174702700155
2678,arc_pair_462131,16.906740027510317
2679,arc_pair_495859,10.768465157904728
2680,arc_pair_488768,14.789941672478285
2681,arc_pair_191415,20.952773719187448
2682,arc_pair_332544,11.421836886202142
2683,arc_pair_208737,11.18445510944633
2684,arc_pair_564387,11.742146032222367
2685,arc_pair_607306,26.037280148110742
2686,arc_pair_342703,10.639213867884148
2687,arc_pair_463235,11.01479753617378
2688,arc_pair_73790,11.22236872346345
2689,arc_pair_707571,10.66468362228285
2690,arc_pair_486263,12.764755502491694
2691,arc_pair_242461,16.006352269529206
2692,arc_pair_330596,13.037145212578023
2693,arc_pair_584096,25.738012748119367
2694,arc_pair_204201,20.218433075203315
2695,arc_pair_278823,9.94759777753568
2696,arc_pair_731013,10.764620549591744
2697,arc_pair_293538,8.292520204196205
2698,arc_pair_21449,15.961136151033253
2699,arc_pair_141998,28.94968810337145
2700,arc_pair_708407,24.649510107900287
2701,arc_pair_615854,13.33610741420846
2702,arc_pair_6891,15.033420707732635
2703,arc_pair_726555,12.430904191273434
2704,arc_pair_707208,52.20505284867234
2705,arc_pair_17652,33.668476268366284
2706,arc_pair_207704,31.30698572431547
2707,arc_pair_130422,5.762236390387445
2708,arc_pair_237648,23.860737400916296
2709,arc_pair_234967,33.61847627317099
2710,arc_pair_604746,16.61574862348805
2711,arc_pair_699022,12.978641765704584
2712,arc_pair_191679,21.965066650726286
2713,arc_pair_125270,21.56659209723535
2714,arc_pair_103712,58.93310160566522
2715,arc_pair_461822,38.20780711825488
2716,arc_pair_434497,18.02469783490385
2717,arc_pair_479004,40.280177717019825
2718,arc_pair_668522,13.42120975193688
2719,arc_pair_660112,60.463520515334
2720,arc_pair_120137,17.819879873624277
2721,arc_pair_192813,77.72390493158974
2722,arc_pair_167146,45.26404519571358
2723,arc_pair_343684,17.224424420674026
2724,arc_pair_331041,12.084751340573398
2725,arc_pair_676496,69.8493591917
2726,arc_pair_659785,9.149966082827474
2727,arc_pair_637163,22.473030553261765
2728,arc_pair_629487,47.15385370780842
2729,arc_pair_608270,7.666257963393669
2730,arc_pair_294838,9.407691129155815
2731,arc_pair_94597,25.72685218735657
2732,arc_pair_351343,16.70472169903228
2733,arc_pair_443816,10.85059537616949
2734,arc_pair_546976,29.287509694354405
2735,arc_pair_376933,21.10515833988985
2736,arc_pair_178319,39.190387001336134
2737,arc_pair_189072,9.597210209602327
2738,arc_pair_297039,12.359234837109096
2739,arc_pair_419078,5.408860832579534
2740,arc_pair_563415,6.57576238566695
2741,arc_pair_146565,12.749082817901275
2742,arc_pair_493523,23.03277157010977
2743,arc_pair_725142,9.927424764816923
2744,arc_pair_499084,36.203258307139656
2745,arc_pair_531236,80.5619599395875
2746,arc_pair_551837,10.240990092936233
2747,arc_pair_649551,28.242696292971235
2748,arc_pair_209521,24.086856086856084
2749,arc_pair_449373,15.617331729512056
2750,arc_pair_659947,40.765844467283316
2751,arc_pair_706337,15.93207600281492
2752,arc_pair_33970,18.953897632916103
2753,arc_pair_671492,215.8583469913369
2754,arc_pair_166096,11.654585926162778
2755,arc_pair_176995,14.524822967980295
2756,arc_pair_440152,11.266484339877117
2757,arc_pair_10713,20.339119752163228
2758,arc_pair_320892,8.283203070675604
2759,arc_pair_137099,11.256912845642283
2760,arc_pair_403863,12.778188127149683
2761,arc_pair_43371,11.82882882882883
2762,arc_pair_399083,8.540511162518463
2763,arc_pair_671241,13.504199531016841
2764,arc_pair_403249,13.123711686306104
2765,arc_pair_428119,11.447233478413128
2766,arc_pair_128415,20.901454385191716
2767,arc_pair_683881,24.682184746587037
2768,arc_pair_14479,28.473237696651875
2769,arc_pair_356594,19.848252395666762
2770,arc_pair_12407,7.642172403381642
2771,arc_pair_516329,23.355224332299315
2772,arc_pair_547776,21.224580028572838
2773,arc_pair_583587,67.66853103944682
2774,arc_pair_589020,108.80716048984334
2775,arc_pair_59906,22.2245708295112
2776,arc_pair_595003,8.884227890311825
2777,arc_pair_489657,24.3124719157222
2778,arc_pair_607428,23.536104502090502
2779,arc_pair_272716,11.681201044386423
2780,arc_pair_235767,10.958803180735881
2781,arc_pair_523088,15.065150403521645
2782,arc_pair_583092,15.361276820937169
2783,arc_pair_461199,26.385281544135182
2784,arc_pair_195378,28.98995054065849
2785,arc_pair_174697,9.465457364841946
2786,arc_pair_317574,34.24822749691739
2787,arc_pair_185728,18.251444611630227
2788,arc_pair_585516,81.4011064831812
2789,arc_pair_712548,18.424548912764095
2790,arc_pair_388387,22.807109312359206
2791,arc_pair_499207,34.435466386214706
2792,arc_pair_209258,8.624441064638782
2793,arc_pair_188225,16.44369273591835
2794,arc_pair_328108,6.155167210381846
2795,arc_pair_582046,28.433955849139082
2796,arc_pair_266893,37.13636242717672
2797,arc_pair_693602,9.486031882809135
2798,arc_pair_427995,35.78979553853926
2799,arc_pair_5593,50.391539464187616
2800,arc_pair_361537,19.454924898492294
2801,arc_pair_567913,9.68281023247873
2802,arc_pair_153771,32.72350905432596
2803,arc_pair_36267,13.370963525543129
2804,arc_pair_403875,43.34416745061148
2805,arc_pair_438226,29.3554115407147
2806,arc_pair_702362,10.839317822699286
2807,arc_pair_729032,18.95558616175528
2808,arc_pair_692156,8.082299875676842
2809,arc_pair_672302,49.72973840475045
2810,arc_pair_151609,20.402667726811615
2811,arc_pair_80203,30.031745117243766
2812,arc_pair_204240,11.724078887396987
2813,arc_pair_37476,12.14202556759691
2814,arc_pair_658213,296.42662375484974
2815,arc_pair_178837,12.302868318122558
2816,arc_pair_557449,8.964481246424972
2817,arc_pair_162539,9.69523117889131
2818,arc_pair_32674,23.286568623763493
2819,arc_pair_476426,10.904656721837272
2820,arc_pair_649052,47.973444328266176
2821,arc_pair_451186,15.13087282645755
2822,arc_pair_645358,14.259480314960626
2823,arc_pair_353780,16.2432225204009
2824,arc_pair_411262,15.977394492800059
2825,arc_pair_177412,6.964668459120688
2826,arc_pair_470771,18.13407595114912
2827,arc_pair_386360,28.672937835559303
2828,arc_pair_608374,8.735305694876516
2829,arc_pair_240734,12.287860554084697
2830,arc_pair_599036,46.82962212828091
2831,arc_pair_482148,7.478898175978919
2832,arc_pair_460771,21.88192820095596
2833,arc_pair_275883,21.52077729723325
2834,arc_pair_139642,12.893481972730195
2835,arc_pair_736144,7.7878573995174785
2836,arc_pair_73801,11.002350344111154
2837,arc_pair_674055,21.542710810316443
2838,arc_pair_349698,13.104627186661642
2839,arc_pair_20976,8.286415155150493
2840,arc_pair_171529,17.501779996865412
2841,arc_pair_544459,5.498436974457393
2842,arc_pair_576178,12.7710229721435
2843,arc_pair_312760,234.88482135612475
2844,arc_pair_30425,14.054435264373936
2845,arc_pair_34935,52.33740191804708
2846,arc_pair_488050,7.620171504995673
2847,arc_pair_470264,39.802927569578735
2848,arc_pair_270697,14.655677350338294
2849,arc_pair_163514,10.003618515333907
2850,arc_pair_578536,14.968243258439601
2851,arc_pair_553666,16.729342693401712
2852,arc_pair_690307,19.561091879008
2853,arc_pair_207250,30.29946760254023
2854,arc_pair_508264,55.042491357368085
2855,arc_pair_442745,36.14116311340987
2856,arc_pair_666603,10.131914435817897
2857,arc_pair_735103,9.624850913281783
2858,arc_pair_446881,17.81094269789165
2859,arc_pair_18677,10.309928667315944
2860,arc_pair_690583,12.139667876388433
2861,arc_pair_99130,14.629720410939626
2862,arc_pair_487872,9.740900180651114
2863,arc_pair_520935,9.733486669046014
2864,arc_pair_10617,11.230911184099144
2865,arc_pair_459627,22.00476315329488
2866,arc_pair_16669,39.104466766947965
2867,arc_pair_117481,33.432974273391274
2868,arc_pair_271252,22.309125388960855
2869,arc_pair_479291,13.558991736370048
2870,arc_pair_723891,32.5933606471268
2871,arc_pair_333656,117.44108660998937
2872,arc_pair_417498,16.760125111445653
2873,arc_pair_592857,12.853310493781187
2874,arc_pair_38384,13.728710373766036
2875,arc_pair_488791,25.510513900162337
2876,arc_pair_127522,11.675134769778598
2877,arc_pair_357517,15.650741029641186
2878,arc_pair_37421,13.535012190568235
2879,arc_pair_162094,32.378376492749915
2880,arc_pair_395798,18.769497815287004
2881,arc_pair_209976,10.84476728544525
2882,arc_pair_211445,9.899484087878966
2883,arc_pair_530173,13.236071742129688
2884,arc_pair_277739,9.623226578106909
2885,arc_pair_237577,30.058579019540623
2886,arc_pair_643371,29.655046847510334
2887,arc_pair_54226,27.87252333011538
2888,arc_pair_282016,14.065983985217125
2889,arc_pair_543774,287.4646363868644
2890,arc_pair_399492,10.016495806150978
2891,arc_pair_290181,16.540966599760942
2892,arc_pair_151127,14.357005993531278
2893,arc_pair_434878,15.740281253938814
2894,arc_pair_656489,13.89347219944235
2895,arc_pair_386767,9.680405051307627
2896,arc_pair_726543,10.95535761437851
2897,arc_pair_408151,35.36014083066719
2898,arc_pair_607469,8.769551392231007
2899,arc_pair_605454,23.871469025720238
2900,arc_pair_684313,36.40083439857281
2901,arc_pair_547388,43.84143153468018
2902,arc_pair_414488,16.68674929925716
2903,arc_pair_480964,8.658013774587054
2904,arc_pair_238544,14.015724447772373
2905,arc_pair_599827,17.73587657857734
2906,arc_pair_430587,111.04023307436182
2907,arc_pair_235376,12.722191511577913
2908,arc_pair_350817,19.66805698340432
2909,arc_pair_659793,8.015433058622298
2910,arc_pair_565703,79.4618678608649
2911,arc_pair_585557,59.28900668075283
2912,arc_pair_30188,5.620090495356852
2913,arc_pair_658028,21.75053430787942
2914,arc_pair_198858,16.886996278278808
2915,arc_pair_13312,9.287034346486895
2916,arc_pair_485635,75.03641020652985
2917,arc_pair_371219,28.15887390711299
2918,arc_pair_131730,15.587129165993648
2919,arc_pair_662139,12.540538978397514
2920,arc_pair_693086,39.13563704164078
2921,arc_pair_450168,8.231945126275022
2922,arc_pair_627362,5.305230416632561
2923,arc_pair_446116,29.304404761904763
2924,arc_pair_576338,26.440743584475133
2925,arc_pair_44877,26.923299737261488
2926,arc_pair_396065,10.202076452814278
2927,arc_pair_363199,11.397476132271812
2928,arc_pair_187810,23.199544975306587
2929,arc_pair_207010,25.795994042734264
2930,arc_pair_444828,25.496016961986975
2931,arc_pair_537767,40.15200850704949
2932,arc_pair_578633,18.126689892156048
2933,arc_pair_437110,16.058493486392365
2934,arc_pair_698432,10.603660326406011
2935,arc_pair_348676,8.648065997353878
2936,arc_pair_254537,24.264174887462886
2937,arc_pair_297003,10.917349023927187
2938,arc_pair_259755,78.6177256896776
2939,arc_pair_316076,24.094143455427773
2940,arc_pair_159700,32.748590574155585
2941,arc_pair_602539,52.650318939649864
2942,arc_pair_3191,74.20608827685105
2943,arc_pair_633634,19.29157804802676
2944,arc_pair_282201,11.879732978737692
2945,arc_pair_325346,26.375181660494118
2946,arc_pair_560203,21.358769902413968
2947,arc_pair_339365,32.40368558382257
2948,arc_pair_86314,18.088863094086538
2949,arc_pair_308341,13.736919372834576
2950,arc_pair_102181,13.652958223437857
2951,arc_pair_454347,128.1172424551849
2952,arc_pair_98920,356.5455811614201
2953,arc_pair_568849,13.054935460273262
2954,arc_pair_483630,19.531259401218954
2955,arc_pair_344985,26.805066650582063
2956,arc_pair_614394,6.455763523134726
2957,arc_pair_122864,13.720564676242244
2958,arc_pair_195342,37.54340124498486
2959,arc_pair_127735,11.883813572946998
2960,arc_pair_539515,37.89204993106165
2961,arc_pair_587511,14.200083471365408
2962,arc_pair_54318,13.375851005555994
2963,arc_pair_92584,9.054987663024322
2964,arc_pair_56775,14.778646302830504
2965,arc_pair_615585,13.910482901415978
2966,arc_pair_271550,17.102036817029408
2967,arc_pair_439227,10.264894648546319
2968,arc_pair_208865,15.796107916850954
2969,arc_pair_467562,21.086737847369506
2970,arc_pair_260654,22.03760908897403
2971,arc_pair_612755,12.992909593810989
2972,arc_pair_198966,12.491301420826984
2973,arc_pair_327117,11.420996165886947
2974,arc_pair_658546,12.30309409197146
2975,arc_pair_289621,14.347220317062177
2976,arc_pair_340180,22.181812440795703
2977,arc_pair_272393,14.961511407425531
2978,arc_pair_648116,14.391939546599499
2979,arc_pair_335080,55.93363277091567
2980,arc_pair_705608,44.33710357412535
2981,arc_pair_111312,25.643889297085476
2982,arc_pair_607557,12.51151912641076
2983,arc_pair_421752,12.884904873315561
2984,arc_pair_80628,10.804180374954306
2985,arc_pair_65384,8.284286490730116
2986,arc_pair_605614,13.263582402234638
2987,arc_pair_306867,20.531096659075438
2988,arc_pair_567987,15.73280921271177
2989,arc_pair_320955,11.90990241450436
2990,arc_pair_3980,20.862322304005247
2991,arc_pair_437002,8.82241948153967
2992,arc_pair_779,22.018389398572886
2993,arc_pair_547598,5.987610116510371
2994,arc_pair_215979,12.502828840841985
2995,arc_pair_210628,15.679958778732619
2996,arc_pair_606038,34.027388093868495
2997,arc_pair_336028,8.97876923473797
2998,arc_pair_653977,25.102906258903978
2999,arc_pair_283851,11.377782622076325
3000,arc_pair_522532,13.623217145908018
3001,arc_pair_659880,74.51447074093508
3002,arc_pair_343578,26.703131554919427
3003,arc_pair_234727,11.850316955225377
3004,arc_pair_357491,53.235873554714125
3005,arc_pair_682438,15.709117580215286
3006,arc_pair_331352,13.935291383490574
3007,arc_pair_536064,14.978959144886709
3008,arc_pair_610553,8.902156862745098
3009,arc_pair_599671,162.94638876504683
3010,arc_pair_382564,13.499425043878233
3011,arc_pair_26709,43.732978611157165
3012,arc_pair_235970,9.142836606193036
3013,arc_pair_541509,24.63865356056856
3014,arc_pair_103544,22.69014688296744
3015,arc_pair_244560,13.328547209181012
3016,arc_pair_691644,7.237420042643923
3017,arc_pair_455278,16.458495373474587
3018,arc_pair_733852,17.38035183178475
3019,arc_pair_60493,9.61837075085979
3020,arc_pair_485863,29.091829181952757
3021,arc_pair_60169,13.919282739002337
3022,arc_pair_68559,22.308033205619417
3023,arc_pair_325038,39.426738527697616
3024,arc_pair_260316,28.70562794720835
3025,arc_pair_116896,20.549236866125177
3026,arc_pair_734417,61.47387492047687
3027,arc_pair_548952,14.867475083587964
3028,arc_pair_528353,20.843055288335403
3029,arc_pair_649615,13.018088297350626
3030,arc_pair_89665,22.917861117442783
3031,arc_pair_152662,13.55170095468603
3032,arc_pair_199766,29.517992424242422
3033,arc_pair_315524,13.369055603723274
3034,arc_pair_195315,12.165400617366796
3035,arc_pair_589558,20.01736770691995
3036,arc_pair_230508,19.934517883127825
3037,arc_pair_82479,14.527945790534819
3038,arc_pair_477165,22.179075712354617
3039,arc_pair_456638,16.333900697990472
3040,arc_pair_32875,18.31402973446731
3041,arc_pair_702460,70.26951672862454
3042,arc_pair_132425,11.278058873645957
3043,arc_pair_33337,14.39563831143987
3044,arc_pair_689448,11.15751226529935
3045,arc_pair_75107,75.38926939144328
3046,arc_pair_691428,10.806166945667226
3047,arc_pair_504729,10.009263974778708
3048,arc_pair_271442,12.684859372214527
3049,arc_pair_717232,21.790334799965034
3050,arc_pair_334296,17.603080872913992
3051,arc_pair_635922,9.214903479017563
3052,arc_pair_201740,24.752438006608052
3053,arc_pair_265401,8.041531448486607
3054,arc_pair_357612,33.84367972485213
3055,arc_pair_243499,11.751168476306896
3056,arc_pair_725713,19.850896776996958
3057,arc_pair_631598,22.920217723091888
3058,arc_pair_517555,15.11110894105699
3059,arc_pair_59357,5.2821964950968106
3060,arc_pair_56558,8.571815549784407
3061,arc_pair_155627,11.61664598566345
3062,arc_pair_309287,56.31930725030667
3063,arc_pair_562290,13.999410415984277
3064,arc_pair_35426,12.382066511894351
3065,arc_pair_197152,7.515760115692235
3066,arc_pair_597696,8.964795736455928
3067,arc_pair_275694,9.936847218848676
3068,arc_pair_57349,9.240314422942173
3069,arc_pair_214387,18.92256694129763
3070,arc_pair_448149,8.039000487147893
3071,arc_pair_502487,10.114552346462647
3072,arc_pair_148500,8.404973386017046
3073,arc_pair_313665,12.38221802142407
3074,arc_pair_499856,257.07574571082796
3075,arc_pair_447253,9.586404327636554
3076,arc_pair_163200,13.208038465008961
3077,arc_pair_707418,12.178044091019395
3078,arc_pair_95980,18.971294693159646
3079,arc_pair_585214,21.912787392622537
3080,arc_pair_533620,10.819161585751512
3081,arc_pair_688189,14.049874903198903
3082,arc_pair_691652,9.899915798031415
3083,arc_pair_680043,22.10441281320024
3084,arc_pair_721879,16.006404291422626
3085,arc_pair_241324,11.673125090897338
3086,arc_pair_243319,23.312953367875643
3087,arc_pair_91869,23.776170779779584
3088,arc_pair_266684,27.0904129646268
3089,arc_pair_398256,16.04896619954665
3090,arc_pair_535577,19.342180812887108
3091,arc_pair_430417,13.826682765743879
3092,arc_pair_51858,71.10527618369967
3093,arc_pair_105255,11.776806232834485
3094,arc_pair_432580,17.35249051614418
3095,arc_pair_256662,5.015953767221998
3096,arc_pair_347311,16.06137274549098
3097,arc_pair_493221,16.662447101663222
3098,arc_pair_267095,8.600488115449917
3099,arc_pair_66228,25.464811234472137
3100,arc_pair_583840,9.931791148845413
3101,arc_pair_199320,12.993564633463906
3102,arc_pair_403727,16.95611399990851
3103,arc_pair_438861,177.9969783127
3104,arc_pair_473130,12.820275241858564
3105,arc_pair_424842,103.04252023322601
3106,arc_pair_114852,9.214536545528787
3107,arc_pair_496166,25.82664354406432
3108,arc_pair_273193,21.720520213852346
3109,arc_pair_672945,10.904298410011487
3110,arc_pair_693403,273.99670655030553
3111,arc_pair_535432,13.543529411764705
3112,arc_pair_560887,20.426015739385065
3113,arc_pair_389502,8.408749462258843
3114,arc_pair_513150,43.47255315940281
3115,arc_pair_337506,14.26971403812825
3116,arc_pair_354182,18.162236930554837
3117,arc_pair_99366,38.89591232662247
3118,arc_pair_220908,11.531650064108888
3119,arc_pair_314636,36.6065404475043
3120,arc_pair_446,10.366945490032066
3121,arc_pair_729458,17.718022521840126
3122,arc_pair_592569,23.470258812761195
3123,arc_pair_497409,20.460258290781155
3124,arc_pair_62400,6.711225202438703
3125,arc_pair_235527,13.392940612452808
3126,arc_pair_386073,19.499163912113552
3127,arc_pair_44162,13.908994722990041
3128,arc_pair_186714,43.809959664908476
3129,arc_pair_676681,20.65705011479693
3130,arc_pair_560700,14.215076906924246
3131,arc_pair_641008,10.867487810131788
3132,arc_pair_351857,11.38684257925072
3133,arc_pair_90669,8.32483693389462
3134,arc_pair_125122,32.36049607064862
3135,arc_pair_682496,12.673405682557814
3136,arc_pair_533732,12.184033150153835
3137,arc_pair_707859,11.05426203954385
3138,arc_pair_14286,9.527759567617966
3139,arc_pair_103155,12.49955969304315
3140,arc_pair_536025,12.442681749206786
3141,arc_pair_165383,24.08793480250197
3142,arc_pair_387727,23.63655373752461
3143,arc_pair_584901,27.668060369825877
3144,arc_pair_407949,6.939383653669367
3145,arc_pair_92341,9.223489494975858
3146,arc_pair_398981,24.488723054472914
3147,arc_pair_150167,12.321269188532444
3148,arc_pair_392525,21.618983218279965
3149,arc_pair_656372,20.744021048275044
3150,arc_pair_513691,13.534245828334605
3151,arc_pair_186201,13.289061584068868
3152,arc_pair_504857,16.737982104288804
3153,arc_pair_388981,20.272768752453814
3154,arc_pair_417949,26.267851384758696
3155,arc_pair_460874,7.993757003361613
3156,arc_pair_320851,8.35186564385194
3157,arc_pair_544199,15.00253320027635
3158,arc_pair_591083,13.709147295040687
3159,arc_pair_391470,37.18206690256447
3160,arc_pair_580368,21.381561563918428
3161,arc_pair_28886,43.34749127207189
3162,arc_pair_674080,12.727089552238805
3163,arc_pair_525170,21.154690715409757
3164,arc_pair_611929,4.494998343822457
3165,arc_pair_380631,57.2430571174587
3166,arc_pair_664080,10.960358103378402
3167,arc_pair_114413,23.369828386697392
3168,arc_pair_530688,17.56104158169289
3169,arc_pair_629556,9.636360850176992
3170,arc_pair_683141,11.569185929410093
3171,arc_pair_347716,12.35474615648288
3172,arc_pair_719282,30.759288769604968
3173,arc_pair_284140,21.269704433497537
3174,arc_pair_716462,18.135442926841506
3175,arc_pair_178677,12.882155322291796
3176,arc_pair_400019,18.9898599066044
3177,arc_pair_408429,19.84270805588513
3178,arc_pair_130459,21.351124869373194
3179,arc_pair_389555,19.21192686445462
3180,arc_pair_284005,15.645314663392458
3181,arc_pair_361331,18.733173843700158
3182,arc_pair_141849,152.5150220827522
3183,arc_pair_676951,18.78782022040287
3184,arc_pair_560583,39.468910467617405
3185,arc_pair_452790,22.614594474975103
3186,arc_pair_127236,74.90216960439736
3187,arc_pair_175946,15.453475916735103
3188,arc_pair_535936,11.052494633448253
3189,arc_pair_61105,10.943593072222399
3190,arc_pair_649711,31.805527763881944
3191,arc_pair_180443,32.27658627281536
3192,arc_pair_29795,23.555164385895182
3193,arc_pair_459831,12.766925966919732
3194,arc_pair_194544,179.87689766156825
3195,arc_pair_334393,22.562292404529025
3196,arc_pair_728474,26.92612522581389
3197,arc_pair_583816,9.546295378252431
3198,arc_pair_268336,11.807329805619398
3199,arc_pair_346106,13.000069178619194
3200,arc_pair_263829,11.243692211252153
3201,arc_pair_722429,9.701932302771855
3202,arc_pair_697103,9.615262362907995
3203,arc_pair_57489,7.4649839450473525
3204,arc_pair_418994,17.207641005660854
3205,arc_pair_529502,33.4121164549736
3206,arc_pair_281343,21.499282189863795
3207,arc_pair_473920,19.299114247592716
3208,arc_pair_163485,76.66313600123252
3209,arc_pair_126426,6.618500809002873
3210,arc_pair_132035,22.18372551292454
3211,arc_pair_292580,9.970909019577071
3212,arc_pair_424547,8.275406765343226
3213,arc_pair_412926,25.886292615305088
3214,arc_pair_440606,15.749308393366196
3215,arc_pair_219760,14.744476187032149
3216,arc_pair_264250,4.837213215908454
3217,arc_pair_553348,16.244453507340943
3218,arc_pair_432539,20.01951502027044
3219,arc_pair_407677,18.38712564997038
3220,arc_pair_514339,23.578336862732705
3221,arc_pair_639042,26.071842435725145
3222,arc_pair_274600,12.616270949720668
3223,arc_pair_101755,12.594047441998812
3224,arc_pair_374132,16.452314618060473
3225,arc_pair_371330,15.891371654866195
3226,arc_pair_64306,27.144137822394704
3227,arc_pair_723054,12.93406995661605
3228,arc_pair_347081,11.416607378798656
3229,arc_pair_211079,11.25220018046057
3230,arc_pair_537770,9.574793875147233
3231,arc_pair_419540,26.93901319968942
3232,arc_pair_270090,27.55071349637246
3233,arc_pair_498207,8.879852089528878
3234,arc_pair_259257,9.406155739006191
3235,arc_pair_569170,8.440505785774327
3236,arc_pair_713548,36.338977874304334
3237,arc_pair_250426,15.742298453369294
3238,arc_pair_731593,17.342736969742898
3239,arc_pair_13112,16.388367475303085
3240,arc_pair_533699,8.314658060875393
3241,arc_pair_674717,19.438617423889333
3242,arc_pair_296740,11.42884652009226
3243,arc_pair_518199,11.809775429326288
3244,arc_pair_588020,27.438248355071956
3245,arc_pair_515744,8.989359092881534
3246,arc_pair_506168,53.391460104440796
3247,arc_pair_653872,48.59516049032806
3248,arc_pair_699664,26.087266128527624
3249,arc_pair_382524,11.789113672799452
3250,arc_pair_142858,275.81504935541295
3251,arc_pair_107814,7.383154602323502
3252,arc_pair_671450,21.76514426281158
3253,arc_pair_43219,12.819152377871239
3254,arc_pair_235199,14.00355983368457
3255,arc_pair_52058,28.70684291284823
3256,arc_pair_578624,19.806959247648905
3257,arc_pair_261394,12.618336778824814
3258,arc_pair_684406,25.60840052898288
3259,arc_pair_17014,7.210192997575006
3260,arc_pair_15707,60.781052357045056
3261,arc_pair_226131,30.73126406793534
3262,arc_pair_393948,17.881506090808415
3263,arc_pair_590294,13.590270147387566
3264,arc_pair_207396,10.300277988375033
3265,arc_pair_226561,12.2583712676491
3266,arc_pair_454757,14.3932637075718
3267,arc_pair_211612,17.656016227599842
3268,arc_pair_191341,19.94817820987379
3269,arc_pair_425614,12.359229785691113
3270,arc_pair_521866,20.77912016842569
3271,arc_pair_69076,9.75291305646848
3272,arc_pair_288565,18.518461391463394
3273,arc_pair_712162,20.740697895968864
3274,arc_pair_257072,9.366668980838657
3275,arc_pair_387008,45.69514539138408
3276,arc_pair_706571,10.164797225991256
3277,arc_pair_696250,10.677637577039496
3278,arc_pair_252765,19.0738165121972
3279,arc_pair_447897,13.139329021827
3280,arc_pair_253877,47.75270496887276
3281,arc_pair_427296,16.10517461315191
3282,arc_pair_499292,12.415901883781002
3283,arc_pair_32161,26.07669845120568
3284,arc_pair_549342,10.658624528860788
3285,arc_pair_139784,13.13143536275728
3286,arc_pair_380372,20.439902288922482
3287,arc_pair_525063,11.189832183445272
3288,arc_pair_521889,23.358477880865937
3289,arc_pair_107286,18.801226730374324
3290,arc_pair_114150,9.291966418284016
3291,arc_pair_707675,7.699813400738454
3292,arc_pair_656148,25.853616608052075
3293,arc_pair_424140,12.524363195286778
3294,arc_pair_126021,20.512349588347053
3295,arc_pair_416031,16.08505967550655
3296,arc_pair_369757,8.530379630480741
3297,arc_pair_624277,46.195195840162775
3298,arc_pair_119762,12.691843943377686
3299,arc_pair_498529,10.195299018149356
3300,arc_pair_261455,11.572305129450962
3301,arc_pair_721747,11.60695921128939
3302,arc_pair_357486,13.267138330511173
3303,arc_pair_662694,42.25973354210063
3304,arc_pair_701488,46.543515530455835
3305,arc_pair_59706,17.690149506655366
3306,arc_pair_733003,13.671026686936496
3307,arc_pair_418306,34.925521821631875
3308,arc_pair_501245,48.28286988382991
3309,arc_pair_221861,9.054058745920422
3310,arc_pair_555418,4.417532385154279
3311,arc_pair_599723,18.50732279848271
3312,arc_pair_295992,19.71740396322634
3313,arc_pair_166845,18.90624432746415
3314,arc_pair_626860,13.854088682794199
3315,arc_pair_510454,44.34450925406618
3316,arc_pair_422647,15.824609236084063
3317,arc_pair_216641,88.15546081217943
3318,arc_pair_561517,16.1277462462276
3319,arc_pair_724396,13.696306972776611
3320,arc_pair_589689,17.40620574224282
3321,arc_pair_577569,23.26154398212334
3322,arc_pair_160991,23.439366817072266
3323,arc_pair_711488,20.058438512230538
3324,arc_pair_701871,87.12849376750314
3325,arc_pair_649897,27.09100537949104
3326,arc_pair_238656,22.473285929437328
3327,arc_pair_39111,53.08533449889443
3328,arc_pair_692585,23.96936625589256
3329,arc_pair_506996,21.49973439313751
3330,arc_pair_557833,118.19839095606338
3331,arc_pair_456013,21.958340420521004
3332,arc_pair_600544,39.24315592320899
3333,arc_pair_722307,90.3715281981742
3334,arc_pair_509360,8.525388758578751
3335,arc_pair_24723,22.634926086899085
3336,arc_pair_128603,21.994332223057917
3337,arc_pair_30330,17.406066956387313
3338,arc_pair_191592,21.423161820151087
3339,arc_pair_93855,22.80243905352301
3340,arc_pair_438933,17.831858627341173
3341,arc_pair_576102,52.90830107648405
3342,arc_pair_276693,11.767998710058853
3343,arc_pair_416861,19.525615600727154
3344,arc_pair_517942,19.797169151095247
3345,arc_pair_305175,46.46148580632172
3346,arc_pair_292484,22.224672185187895
3347,arc_pair_437795,12.899839722536061
3348,arc_pair_228990,27.744070993475773
3349,arc_pair_702174,17.85799057445709
3350,arc_pair_664490,96.39413259341242
3351,arc_pair_603954,11.600866597645616
3352,arc_pair_181357,20.419171354473356
3353,arc_pair_288820,25.717638545498403
3354,arc_pair_208075,37.9145511605506
3355,arc_pair_7757,19.731088809755047
3356,arc_pair_708129,81.74050840829096
3357,arc_pair_728966,25.838171166274083
3358,arc_pair_690238,54.32299185344645
3359,arc_pair_553759,12.550948374826516
3360,arc_pair_74717,14.028718655203932
3361,arc_pair_492132,12.927976681745527
3362,arc_pair_129268,9.191664430730704
3363,arc_pair_419278,19.473882202695762
3364,arc_pair_475509,18.837441610703518
3365,arc_pair_575391,12.333057429160135
3366,arc_pair_14946,85.2523918548057
3367,arc_pair_514378,42.44556789672083
3368,arc_pair_380364,239.06864342732985
3369,arc_pair_513844,8.246736136064197
3370,arc_pair_574580,12.280558767578052
3371,arc_pair_521935,52.83062842960464
3372,arc_pair_457182,16.244054930477077
3373,arc_pair_63482,18.868090637108246
3374,arc_pair_619636,13.324081670925244
3375,arc_pair_624148,42.99783219988357
3376,arc_pair_433943,19.956257848472163
3377,arc_pair_284696,12.043487439307578
3378,arc_pair_700325,16.58952286355443
3379,arc_pair_166500,38.3204133144029
3380,arc_pair_323381,10.11704539320991
3381,arc_pair_211192,19.195186908390824
3382,arc_pair_396033,11.629942626763839
3383,arc_pair_316866,36.30175970873786
3384,arc_pair_358335,14.239537618678828
3385,arc_pair_487449,11.878251626543316
3386,arc_pair_636175,18.351259939522905
3387,arc_pair_543020,11.897011621472053
3388,arc_pair_193556,28.689060520616238
3389,arc_pair_618477,28.99968601033311
3390,arc_pair_334444,55.95922388493088
3391,arc_pair_300818,21.207831477095198
3392,arc_pair_83455,9.406302831783602
3393,arc_pair_211891,12.774877551020406
3394,arc_pair_66403,128.04210756313012
3395,arc_pair_51770,35.91349015567766
3396,arc_pair_536065,41.60312145124189
3397,arc_pair_349461,7.5191936099248
3398,arc_pair_510507,17.758194758836844
3399,arc_pair_725084,14.90389908256881
3400,arc_pair_180395,10.860955316750154
3401,arc_pair_250172,8.521266395296248
3402,arc_pair_633662,9.016207550489746
3403,arc_pair_110369,25.761652786085676
3404,arc_pair_711888,11.496375355633068
3405,arc_pair_672397,12.416658955900585
3406,arc_pair_213140,13.798730101546841
3407,arc_pair_553165,25.415999737601677
3408,arc_pair_698464,10.019509803921569
3409,arc_pair_313388,22.492159048680787
3410,arc_pair_153025,28.786392337098928
3411,arc_pair_17281,30.421084192852003
3412,arc_pair_523119,14.673875981948855
3413,arc_pair_521124,9.568340567420737
3414,arc_pair_466237,10.359773494185289
3415,arc_pair_564538,10.393481735424242
3416,arc_pair_547258,6.479708785382167
3417,arc_pair_697115,6.078707365175344
3418,arc_pair_23224,13.52647663577726
3419,arc_pair_473035,123.47704686991821
3420,arc_pair_246622,72.09991756947716
3421,arc_pair_639111,59.91029275366105
3422,arc_pair_150259,12.225419180716912
3423,arc_pair_505928,20.431164463001622
3424,arc_pair_265142,32.340093274788515
3425,arc_pair_218472,9.340550721738841
3426,arc_pair_664994,11.346157703397267
3427,arc_pair_468383,14.830539256775635
3428,arc_pair_149078,6.7303374903809745
3429,arc_pair_391488,12.031880067822787
3430,arc_pair_344592,67.23529777523535
3431,arc_pair_594629,10.027549553589092
3432,arc_pair_238882,10.430862962090888
3433,arc_pair_215305,45.162909122096075
3434,arc_pair_160250,10.993582866452101
3435,arc_pair_80804,13.187575887655608
3436,arc_pair_610339,16.237322858642468
3437,arc_pair_585038,12.028703585465173
3438,arc_pair_439699,15.701453039621672
3439,arc_pair_664582,54.27586393088553
3440,arc_pair_730547,12.974678742472378
3441,arc_pair_722983,7.346047967757606
3442,arc_pair_466372,23.856611899998903
3443,arc_pair_58785,15.914483058898035
3444,arc_pair_686211,26.040611585395265
3445,arc_pair_735745,15.886010141294438
3446,arc_pair_326707,47.18375197026882
3447,arc_pair_645375,28.08874194036212
3448,arc_pair_530220,7.88128420385151
3449,arc_pair_343484,10.963000377298785
3450,arc_pair_734787,31.801417013443064
3451,arc_pair_638096,18.8962109826974
3452,arc_pair_137108,13.84919707130991
3453,arc_pair_522837,16.729205020920503
3454,arc_pair_686568,38.20455149207474
3455,arc_pair_286756,8.585531479892662
3456,arc_pair_372789,20.583310752956223
3457,arc_pair_433914,9.349146373169251
3458,arc_pair_192740,8.493563964411596
3459,arc_pair_440539,15.373760597787037
3460,arc_pair_238302,8.712461578236766
3461,arc_pair_213547,8.849110542413083
3462,arc_pair_611744,11.297634999912987
3463,arc_pair_519321,12.390442584181088
3464,arc_pair_614546,10.742611030706726
3465,arc_pair_130788,7.054193548387097
3466,arc_pair_600155,409.05423347839155
3467,arc_pair_606982,16.612949426436614
3468,arc_pair_62552,10.985299204427534
3469,arc_pair_246858,41.03509989407941
3470,arc_pair_695651,32.7899762159181
3471,arc_pair_66842,12.688112936473233
3472,arc_pair_67750,16.292548032816967
3473,arc_pair_419413,19.451152158976797
3474,arc_pair_58013,13.44196361756262
3475,arc_pair_362336,9.045154766092157
3476,arc_pair_377837,60.33580066156932
3477,arc_pair_721993,9.45870940320524
3478,arc_pair_720681,19.811500575668415
3479,arc_pair_144099,7.7145406241325984
3480,arc_pair_470863,10.636096219231112
3481,arc_pair_734292,79.99406447608334
3482,arc_pair_203547,9.398790258396563
3483,arc_pair_249543,46.89377300644949
3484,arc_pair_657299,8.604584795948446
3485,arc_pair_715672,15.228078909701908
3486,arc_pair_35734,35.50321171634121
3487,arc_pair_714960,7.187037967415488
3488,arc_pair_560015,14.082137603395473
3489,arc_pair_203750,28.800840257896336
3490,arc_pair_290929,11.849888928003498
3491,arc_pair_79559,20.14055090565158
3492,arc_pair_563269,41.03070302739674
3493,arc_pair_383134,18.866505710332852
3494,arc_pair_477518,8.229075263947465
3495,arc_pair_651208,14.472627168530767
3496,arc_pair_583482,12.004325271742971
3497,arc_pair_347280,22.71682109494495
3498,arc_pair_151599,14.705520059863005
3499,arc_pair_607038,12.218678846734152
3500,arc_pair_397032,19.260930553244094
3501,arc_pair_564543,9.26137001684447
3502,arc_pair_105794,26.513925535033714
3503,arc_pair_614614,11.468831424755315
3504,arc_pair_370059,11.082205947173906
3505,arc_pair_615906,12.521877979027646
3506,arc_pair_386623,11.600552913492077
3507,arc_pair_652424,27.063187084187337
3508,arc_pair_731792,13.106892821169652
3509,arc_pair_709714,32.06552290095912
3510,arc_pair_400999,10.144957621913768
3511,arc_pair_282502,23.737958851196886
3512,arc_pair_606783,25.513491964051806
3513,arc_pair_173542,11.856835139168236
3514,arc_pair_527121,21.177960342510232
3515,arc_pair_362064,15.389637807811447
3516,arc_pair_66643,26.03016418032883
3517,arc_pair_433650,25.312454937050525
3518,arc_pair_617038,13.39975944940642
3519,arc_pair_638452,44.228848821081826
3520,arc_pair_297079,10.651292306154076
3521,arc_pair_102378,24.442771513276284
3522,arc_pair_403966,9.350384555825116
3523,arc_pair_7452,18.13480051607781
3524,arc_pair_545567,17.274152204059334
3525,arc_pair_703933,48.896049800888
3526,arc_pair_392549,19.690450338658806
3527,arc_pair_228396,23.322498995580556
3528,arc_pair_573455,57.196305360618034
3529,arc_pair_422692,6.600427496814326
3530,arc_pair_456880,13.637918540729634
3531,arc_pair_309603,30.691526192144416
3532,arc_pair_567416,8.32110889864094
3533,arc_pair_1586,13.773027559267728
3534,arc_pair_37565,105.31581576026636
3535,arc_pair_734343,18.47084521570293
3536,arc_pair_399755,10.704340341817288
3537,arc_pair_588558,7.5841243454409435
3538,arc_pair_502900,17.520315636464318
3539,arc_pair_696513,46.83537155840685
3540,arc_pair_136762,27.16561253284032
3541,arc_pair_703525,12.201039465417786
3542,arc_pair_503242,10.890704425472496
3543,arc_pair_268137,72.27687718113249
3544,arc_pair_565094,91.13129649309246
3545,arc_pair_212638,11.530169998131889
3546,arc_pair_295101,14.634754647643753
3547,arc_pair_208665,9.170048080425438
3548,arc_pair_153398,19.749928421454477
3549,arc_pair_83880,19.143054294985763
3550,arc_pair_463672,51.11136880939796
3551,arc_pair_205057,57.7743292532838
3552,arc_pair_521299,20.817932028282875
3553,arc_pair_577553,15.31276862648323
3554,arc_pair_248581,8.660235140681639
3555,arc_pair_328918,23.220004233963863
3556,arc_pair_117896,7.193547411250434
3557,arc_pair_300567,29.705785973592057
3558,arc_pair_698673,30.720130466056503
3559,arc_pair_49012,9.681328167345871
3560,arc_pair_155831,17.6305852070558
3561,arc_pair_677228,15.368571428571428
3562,arc_pair_183604,15.554685294947785
3563,arc_pair_426540,15.676940031451606
3564,arc_pair_230437,14.583766191071074
3565,arc_pair_50399,30.207465237136567
3566,arc_pair_494567,13.862152783598479
3567,arc_pair_604706,11.286849252784856
3568,arc_pair_35333,11.99395172903746
3569,arc_pair_134421,7.474678046754033
3570,arc_pair_234474,28.094686752154487
3571,arc_pair_574451,8.316225543514753
3572,arc_pair_193254,10.262329831833814
3573,arc_pair_465088,277.0592444346968
3574,arc_pair_321847,14.162535965586986
3575,arc_pair_694200,25.128803458261636
3576,arc_pair_620609,23.021192002344755
3577,arc_pair_176202,28.676988178398705
3578,arc_pair_373622,10.580488837657906
3579,arc_pair_59157,28.089887775599312
3580,arc_pair_453856,12.040382555470542
3581,arc_pair_317563,13.64854324933513
3582,arc_pair_36909,25.96193295327194
3583,arc_pair_697139,10.857355126300149
3584,arc_pair_685807,14.858446562563373
3585,arc_pair_670152,29.832176322705976
3586,arc_pair_34467,21.28064606153631
3587,arc_pair_532374,25.139746835443038
3588,arc_pair_292105,7.1495676157094845
3589,arc_pair_259001,10.183028848775699
3590,arc_pair_170293,6.983771055968122
3591,arc_pair_25626,26.779908361363457
3592,arc_pair_633863,17.19648093841642
3593,arc_pair_249778,6.154172308618167
3594,arc_pair_609708,42.158296295399225
3595,arc_pair_209536,9.841379310344827
3596,arc_pair_480748,9.06818069551472
3597,arc_pair_624975,68.45587834151664
3598,arc_pair_618119,10.14852566436112
3599,arc_pair_385371,8.105955722853132
3600,arc_pair_146088,8.236778164736373
3601,arc_pair_594469,44.55337646583097
3602,arc_pair_439123,5.2978294106022945
3603,arc_pair_209166,10.402556150267623
3604,arc_pair_246527,23.512069312915575
3605,arc_pair_93992,7.651279859429168
3606,arc_pair_398543,13.144014467609608
3607,arc_pair_23988,25.120942086299323
3608,arc_pair_295013,12.865639670024155
3609,arc_pair_186390,14.891925180829096
3610,arc_pair_87482,13.061487156135323
3611,arc_pair_197581,7.779062430406057
3612,arc_pair_27498,14.466448336670156
3613,arc_pair_727884,13.261204800972349
3614,arc_pair_616042,8.084957602509004
3615,arc_pair_640788,8.87092897913022
3616,arc_pair_107068,12.227246157967802
3617,arc_pair_624099,34.725943491783546
3618,arc_pair_621761,36.37551614347545
3619,arc_pair_309711,25.617812630595637
3620,arc_pair_423938,29.070827717618634
3621,arc_pair_649403,10.821725359841952
3622,arc_pair_628110,13.23578558225508
3623,arc_pair_334595,10.704784024409683
3624,arc_pair_346350,16.028168633699735
3625,arc_pair_641033,6.585930252171714
3626,arc_pair_7813,8.8940551433544
3627,arc_pair_460009,13.38266211841693
3628,arc_pair_728622,11.978934195432267
3629,arc_pair_72591,9.658529860485633
3630,arc_pair_90202,20.081630771257327
3631,arc_pair_603610,12.675094285076021
3632,arc_pair_423892,8.390270216438719
3633,arc_pair_555025,17.538829194667045
3634,arc_pair_331152,8.106531021928856
3635,arc_pair_262652,8.317427764745542
3636,arc_pair_426805,9.735904422552924
3637,arc_pair_671240,12.458107425492509
3638,arc_pair_599471,12.320220850600329
3639,arc_pair_682268,26.304469743704786
3640,arc_pair_75491,171.38456669655574
3641,arc_pair_697969,4.279965507329693
3642,arc_pair_418404,17.39608324803821
3643,arc_pair_35325,10.715860144737988
3644,arc_pair_54636,16.591940801176385
3645,arc_pair_244760,12.552517787046124
3646,arc_pair_599021,7.925143463313013
3647,arc_pair_71981,45.01783837523079
3648,arc_pair_44266,18.46506810231473
3649,arc_pair_392764,23.012239250744997
3650,arc_pair_419645,8.62294222501835
3651,arc_pair_221230,12.241118887569325
3652,arc_pair_695407,35.45525664446932
3653,arc_pair_726153,8.525623735670939
3654,arc_pair_302632,93.53611236845083
3655,arc_pair_105690,14.950026798156284
3656,arc_pair_722813,13.331441519662864
3657,arc_pair_414427,15.121129964925586
3658,arc_pair_699977,6.661228585764462
3659,arc_pair_708144,21.756479065110707
3660,arc_pair_186105,24.969848903441452
3661,arc_pair_314359,8.00524805650244
3662,arc_pair_207617,113.52526132404182
3663,arc_pair_729619,11.765833547227926
3664,arc_pair_223348,11.063747924344902
3665,arc_pair_138551,14.502166396161174
3666,arc_pair_140263,18.91681405208964
3667,arc_pair_350857,9.543155423550964
3668,arc_pair_498944,6.957021914882798
3669,arc_pair_658592,8.842337891250935
3670,arc_pair_215780,14.026061776061775
3671,arc_pair_382271,18.252552950075646
3672,arc_pair_643624,31.521954508908888
3673,arc_pair_380866,18.15576981453909
3674,arc_pair_456438,17.59532192472502
3675,arc_pair_132275,12.476736836056467
3676,arc_pair_557848,72.1890735930736
3677,arc_pair_535274,7.035359840870134
3678,arc_pair_432329,12.394496034704806
3679,arc_pair_142177,7.423396535580524
3680,arc_pair_200,13.333306411447188
3681,arc_pair_79774,11.965349953676409
3682,arc_pair_1197,21.027042980493363
3683,arc_pair_136666,13.233459251821035
3684,arc_pair_450016,15.025295078990375
3685,arc_pair_103528,22.12212335072108
3686,arc_pair_410258,17.491980250495132
3687,arc_pair_409583,29.78316847819273
3688,arc_pair_417437,53.50181786269494
3689,arc_pair_718797,60.361522471692524
3690,arc_pair_380535,12.6468606763471
3691,arc_pair_506144,47.536217816263175
3692,arc_pair_436690,21.910979717087045
3693,arc_pair_563947,16.728897449105283
3694,arc_pair_442882,17.60088723732158
3695,arc_pair_634060,188.4881214206389
3696,arc_pair_449688,8.035047643910715
3697,arc_pair_174550,16.79013339869052
3698,arc_pair_330939,7.6019758773258985
3699,arc_pair_317349,9.300530820062832
3700,arc_pair_462188,16.86604329708304
3701,arc_pair_83592,14.530551881246323
3702,arc_pair_358358,20.16039511575154
3703,arc_pair_123872,15.533563861902408
3704,arc_pair_458133,12.948070237989125
3705,arc_pair_122760,6.629582213887737
3706,arc_pair_196369,17.451565925221896
3707,arc_pair_9548,9.835072128553168
3708,arc_pair_399651,14.234854639161528
3709,arc_pair_137132,21.990882013945154
3710,arc_pair_586507,12.88586377443107
3711,arc_pair_581368,27.030086662669646
3712,arc_pair_223124,34.29833840092501
3713,arc_pair_126689,19.827476784945574
3714,arc_pair_226326,17.612793358522698
3715,arc_pair_599975,45.632586155307216
3716,arc_pair_616280,7.690907645843268
3717,arc_pair_553763,38.07008143694344
3718,arc_pair_662968,27.25784949768689
3719,arc_pair_556561,7.191341079732761
3720,arc_pair_442640,20.453702521137192
3721,arc_pair_546832,10.654467842914059
3722,arc_pair_393821,11.471212435233161
3723,arc_pair_460361,18.378906296047433
3724,arc_pair_301419,11.081606114487409
3725,arc_pair_191382,25.294971086327962
3726,arc_pair_515553,14.313721827916822
3727,arc_pair_668036,13.166980203570581
3728,arc_pair_615013,74.11405884074942
3729,arc_pair_147908,21.614050171409918
3730,arc_pair_427605,53.13743588488046
3731,arc_pair_32458,15.007996231383398
3732,arc_pair_19708,30.677819269988554
3733,arc_pair_312720,10.256621911080927
3734,arc_pair_449519,7.834018846162216
3735,arc_pair_436014,12.527586079639812
3736,arc_pair_299708,8.605901650848232
3737,arc_pair_700489,9.682142929018495
3738,arc_pair_230163,11.323470774232053
3739,arc_pair_732452,23.20728240573005
3740,arc_pair_442705,12.300444248091695
3741,arc_pair_431102,21.62481815086514
3742,arc_pair_320082,12.76897681514644
3743,arc_pair_288230,14.333984233745571
3744,arc_pair_594078,31.457498128076402
3745,arc_pair_353955,13.428624450996969
3746,arc_pair_628014,20.832208765506177
3747,arc_pair_197893,11.668962495117793
3748,arc_pair_265656,32.079075748892215
3749,arc_pair_419887,52.7803619551196
3750,arc_pair_53798,13.996636492923091
3751,arc_pair_586946,10.354188703194415
3752,arc_pair_316919,11.001486138896828
3753,arc_pair_510497,18.096221820752497
3754,arc_pair_95104,20.738141770547216
3755,arc_pair_587204,18.77207581478161
3756,arc_pair_56430,18.56479263960404
3757,arc_pair_235418,67.3986565272497
3758,arc_pair_595393,14.180295904138404
3759,arc_pair_716224,19.799264981468372
3760,arc_pair_366748,12.672833603569895
3761,arc_pair_664629,55.840109766424774
3762,arc_pair_285951,12.122029902599419
3763,arc_pair_146925,13.6775368286211
3764,arc_pair_695283,22.447364785521863
3765,arc_pair_223173,25.048727777335444
3766,arc_pair_713163,29.702924284273752
3767,arc_pair_405518,8.14547319516095
3768,arc_pair_209961,23.532048259603386
3769,arc_pair_445306,7.41742798911107
3770,arc_pair_417525,18.564629041147295
3771,arc_pair_171355,97.57982371352298
3772,arc_pair_21018,27.014527750730288
3773,arc_pair_265713,32.37565285415181
3774,arc_pair_343113,21.717276816032598
3775,arc_pair_209062,35.98506250708162
3776,arc_pair_634522,14.181386845427241
3777,arc_pair_365021,10.576405524907257
3778,arc_pair_358378,13.046487093535706
3779,arc_pair_493017,15.784388975719967
3780,arc_pair_586874,29.879812670984094
3781,arc_pair_520810,4.883179385359116
3782,arc_pair_649966,20.14651584871762
3783,arc_pair_363478,11.56694858709177
3784,arc_pair_653468,12.046632213608959
3785,arc_pair_389221,13.652831280632267
3786,arc_pair_642629,22.241716564697192
3787,arc_pair_460896,43.9021374268618
3788,arc_pair_476942,5.7040548890924985
3789,arc_pair_659435,20.756051577281752
3790,arc_pair_284634,21.259891354058606
3791,arc_pair_36745,19.733413570031594
3792,arc_pair_270589,183.6927211460939
3793,arc_pair_583660,15.765019631959882
3794,arc_pair_545506,22.179138372234714
3795,arc_pair_278013,16.69059831638657
3796,arc_pair_68145,18.50950193831114
3797,arc_pair_378371,10.757454754057793
3798,arc_pair_493851,10.68583579881657
3799,arc_pair_6672,15.467119365131309
3800,arc_pair_555156,7.0493537015276155
3801,arc_pair_242801,25.461404540924754
3802,arc_pair_421876,8.893252794944356
3803,arc_pair_74865,9.666942474389284
3804,arc_pair_23117,14.557775532856908
3805,arc_pair_246141,34.794958963344385
3806,arc_pair_156817,15.448427098290042
3807,arc_pair_352630,16.038778081604203
3808,arc_pair_379560,15.457142857142856
3809,arc_pair_598305,13.365770016872197
3810,arc_pair_73070,12.46951571465758
3811,arc_pair_713378,17.997777089199346
3812,arc_pair_223368,10.874792515467028
3813,arc_pair_296873,12.793358629798117
3814,arc_pair_708534,9.978274473308408
3815,arc_pair_592358,9.390423215103134
3816,arc_pair_578852,9.258343012001548
3817,arc_pair_685562,24.03303901338836
3818,arc_pair_383913,30.214089920027128
3819,arc_pair_382601,13.166433155865123
3820,arc_pair_196125,15.6339993993039
3821,arc_pair_487668,13.044015444015443
3822,arc_pair_220544,106.71562629375777
3823,arc_pair_81649,14.349087042161615
3824,arc_pair_157586,10.168439226519334
3825,arc_pair_487238,6.655160827882806
3826,arc_pair_26179,137.54932093414246
3827,arc_pair_544481,9.864372168503618
3828,arc_pair_54246,11.876986562990247
3829,arc_pair_250703,29.52272284279181
3830,arc_pair_380779,7.641816121970891
3831,arc_pair_276631,88.57259972265275
3832,arc_pair_328703,16.817717049487836
3833,arc_pair_477083,9.120673702967583
3834,arc_pair_600773,12.930808437471214
3835,arc_pair_132469,9.775242120627006
3836,arc_pair_16936,25.599746047692804
3837,arc_pair_303900,16.503646406046588
3838,arc_pair_428991,21.147889173806995
3839,arc_pair_223387,8.088914269051322
3840,arc_pair_132039,29.86833219281812
3841,arc_pair_498088,27.50280711442442
3842,arc_pair_169591,12.389983456158822
3843,arc_pair_172277,15.281311866010267
3844,arc_pair_416314,20.937158594665327
3845,arc_pair_454167,13.473013088652005
3846,arc_pair_116248,40.252884741753185
3847,arc_pair_445776,23.377120809034693
3848,arc_pair_413116,12.201089546075409
3849,arc_pair_523292,20.410259193593127
3850,arc_pair_44092,39.316924265842346
3851,arc_pair_285834,28.842376052385404
3852,arc_pair_554655,13.110711589926577
3853,arc_pair_450827,25.408760806916426
3854,arc_pair_640213,18.818913166343993
3855,arc_pair_540246,19.73626182450799
3856,arc_pair_597361,34.915144615086476
3857,arc_pair_319320,7.881927324721428
3858,arc_pair_209412,26.342693446633184
3859,arc_pair_70467,8.72570923552806
3860,arc_pair_121838,19.089356612032983
3861,arc_pair_143204,25.146423202976763
3862,arc_pair_30783,30.46661523439854
3863,arc_pair_550246,23.362063545656707
3864,arc_pair_467257,10.718495475113123
3865,arc_pair_593288,7.83056640625
3866,arc_pair_117009,17.587553732127944
3867,arc_pair_458001,12.821755527406722
3868,arc_pair_260474,8.087936734727784
3869,arc_pair_384852,24.55687092568448
3870,arc_pair_539670,13.836710167741497
3871,arc_pair_506133,12.206356427921488
3872,arc_pair_315616,15.036195635916442
3873,arc_pair_723849,30.209872020879597
3874,arc_pair_462540,9.903994763734637
3875,arc_pair_165789,95.71468310376943
3876,arc_pair_242505,14.987632202508237
3877,arc_pair_274964,16.90505339932274
3878,arc_pair_656328,26.864792932389502
3879,arc_pair_445633,13.936533197530078
3880,arc_pair_398488,39.2352387254403
3881,arc_pair_60522,19.39621938931967
3882,arc_pair_115872,10.52263229355857
3883,arc_pair_71299,11.316051347438862
3884,arc_pair_572272,19.45930635561823
3885,arc_pair_219107,12.38963468536069
3886,arc_pair_253744,64.18153571029396
3887,arc_pair_623382,9.154148994018488
3888,arc_pair_184636,14.317096972062679
3889,arc_pair_404515,13.320304661132901
3890,arc_pair_609010,17.796529685053518
3891,arc_pair_465006,10.223580158159598
3892,arc_pair_417339,49.92025241569711
3893,arc_pair_605930,18.703359007274283
3894,arc_pair_141055,17.51126991791405
3895,arc_pair_150644,8.256067903857959
3896,arc_pair_171119,15.816372077644758
3897,arc_pair_112437,9.527047846683274
3898,arc_pair_451559,23.288981927119142
3899,arc_pair_69979,71.83379424412834
3900,arc_pair_134856,17.21019242444893
3901,arc_pair_472393,15.522998676953213
3902,arc_pair_410940,10.10455232771261
3903,arc_pair_654529,34.31381452401223
3904,arc_pair_198029,29.174929788164896
3905,arc_pair_177188,8.594391561615641
3906,arc_pair_590627,38.1886192645968
3907,arc_pair_196934,29.319316349564655
3908,arc_pair_498175,29.970842835480525
3909,arc_pair_320364,43.599797402409465
3910,arc_pair_652107,11.463785867097805
3911,arc_pair_303404,23.099357591991463
3912,arc_pair_710016,10.326554602092397
3913,arc_pair_179196,14.773333799077825
3914,arc_pair_306539,42.212605432175195
3915,arc_pair_539373,14.316803735712295
3916,arc_pair_517671,10.698126390235556
3917,arc_pair_70471,14.860234819734345
3918,arc_pair_104799,11.768410889402144
3919,arc_pair_591309,14.14973634725893
3920,arc_pair_379937,54.15473989656706
3921,arc_pair_208645,9.652908121886224
3922,arc_pair_677176,11.94679652375693
3923,arc_pair_281162,30.458381239164154
3924,arc_pair_264134,21.742579255916503
3925,arc_pair_463717,15.101936914513283
3926,arc_pair_145329,14.854213589434043
3927,arc_pair_251295,9.951651308553917
3928,arc_pair_378760,23.371524250291607
3929,arc_pair_326530,24.703849229806323
3930,arc_pair_466515,10.152129564743442
3931,arc_pair_369521,17.57420089613523
3932,arc_pair_57647,11.579919001706308
3933,arc_pair_184270,37.21433558296486
3934,arc_pair_66819,32.671003037580114
3935,arc_pair_437849,37.93699211241466
3936,arc_pair_119847,12.386139193281736
3937,arc_pair_409018,25.080150801131005
3938,arc_pair_405938,59.06748426108922
3939,arc_pair_308931,10.478412741199989
3940,arc_pair_178904,10.718923346115186
3941,arc_pair_538974,18.86849820469743
3942,arc_pair_208583,9.818076161766577
3943,arc_pair_635539,6.327415341181949
3944,arc_pair_44342,9.158923882347114
3945,arc_pair_88429,24.076647968979408
3946,arc_pair_107789,8.925139947079394
3947,arc_pair_297370,12.866198145659157
3948,arc_pair_635169,41.17378846229676
3949,arc_pair_382640,27.283955602873334
3950,arc_pair_16131,12.112033596264627
3951,arc_pair_391596,8.649137605718217
3952,arc_pair_643215,11.810988693073604
3953,arc_pair_679304,23.89251549611987
3954,arc_pair_487783,58.20080820640348
3955,arc_pair_371668,161.0850330070567
3956,arc_pair_274708,14.257779990752926
3957,arc_pair_685489,16.678483079660253
3958,arc_pair_449190,18.856602540156892
3959,arc_pair_373340,8.395663810115975
3960,arc_pair_510767,11.223497575140247
3961,arc_pair_736132,7.776261476051527
3962,arc_pair_371687,10.920495349529697
3963,arc_pair_66726,10.091946617579383
3964,arc_pair_307902,13.959752806351934
3965,arc_pair_657313,19.321543886967874
3966,arc_pair_601089,18.810042550468694
3967,arc_pair_29367,20.592955788775676
3968,arc_pair_37379,13.132349728367732
3969,arc_pair_537414,20.05461661279645
3970,arc_pair_100559,19.409568958163227
3971,arc_pair_405257,17.052057111012893
3972,arc_pair_219687,9.345509729120181
3973,arc_pair_280909,13.145341148718682
3974,arc_pair_402068,51.75918347540559
3975,arc_pair_519116,23.392535104411525
3976,arc_pair_616598,9.53534973675728
3977,arc_pair_537290,232.5873511092293
3978,arc_pair_41681,47.75120154904741
3979,arc_pair_332461,62.76736456155981
3980,arc_pair_459714,17.072554476623363
3981,arc_pair_536878,27.95839197850388
3982,arc_pair_292349,15.989616175462647
3983,arc_pair_490787,30.87661749671389
3984,arc_pair_470029,7.870819864825155
3985,arc_pair_680849,22.03541477485177
3986,arc_pair_148409,26.120568638798613
3987,arc_pair_536481,16.479730898274013
3988,arc_pair_456818,40.84013685954682
3989,arc_pair_483902,21.9500208355037
3990,arc_pair_522092,9.488558240031429
3991,arc_pair_122756,11.495572137858947
3992,arc_pair_280724,14.101715573544292
3993,arc_pair_312487,12.614073246130763
3994,arc_pair_428657,8.520591235971832
3995,arc_pair_373194,22.337136186050813
3996,arc_pair_518183,9.782359039795837
3997,arc_pair_391607,11.566680374464791
3998,arc_pair_316997,11.979825453201125
3999,arc_pair_731136,24.663147683177357
4000,arc_pair_431163,20.254329617354628
4001,arc_pair_213818,9.93747453621968
4002,arc_pair_376379,29.97646198007542
4003,arc_pair_368367,11.00969523881102
4004,arc_pair_264925,40.47997427481593
4005,arc_pair_51394,11.792504163437599
4006,arc_pair_75331,28.567548168942196
4007,arc_pair_632182,12.549376232332724
4008,arc_pair_27512,19.64858856457417
4009,arc_pair_726309,14.113017526035053
4010,arc_pair_622881,8.385925895699012
4011,arc_pair_81825,10.851978484163542
4012,arc_pair_477703,16.642690689563487
4013,arc_pair_96319,15.000734115390955
4014,arc_pair_445388,10.970642435025734
4015,arc_pair_65331,27.88290705640557
4016,arc_pair_528889,23.267432737455792
4017,arc_pair_714628,8.856716941424061
4018,arc_pair_483514,10.017863661807297
4019,arc_pair_432935,28.536197210176663
4020,arc_pair_642900,8.768669564476264
4021,arc_pair_362013,21.101285471743875
4022,arc_pair_259922,40.268678350243775
4023,arc_pair_548908,19.39905524130461
4024,arc_pair_160749,13.403746050850007
4025,arc_pair_331021,20.023558380576077
4026,arc_pair_443175,19.73044476149122
4027,arc_pair_40706,13.204455937935151
4028,arc_pair_533115,8.18295893880816
4029,arc_pair_187722,8.540663533108084
4030,arc_pair_132490,233.5439608719127
4031,arc_pair_551380,15.397652601562177
4032,arc_pair_169138,10.939385675682377
4033,arc_pair_416093,13.343427740280118
4034,arc_pair_267870,11.35180022303648
4035,arc_pair_395078,21.75716566286917
4036,arc_pair_44315,14.939076022663597
4037,arc_pair_713694,10.248276436303081
4038,arc_pair_584330,25.93762187114489
4039,arc_pair_514289,21.372653502840137
4040,arc_pair_706880,16.09877797913503
4041,arc_pair_432173,8.800418958679801
4042,arc_pair_325824,17.692225744426544
4043,arc_pair_654568,10.244574000204562
4044,arc_pair_514773,23.97923230154133
4045,arc_pair_292430,24.340405095890993
4046,arc_pair_623005,69.67896927255963
4047,arc_pair_700954,14.149160236041762
4048,arc_pair_438987,14.973186754256602
4049,arc_pair_267036,10.45257229282828
4050,arc_pair_67863,8.32180270278824
4051,arc_pair_609114,14.021576448243113
4052,arc_pair_268639,13.450633448934814
4053,arc_pair_542810,15.702445712923083
4054,arc_pair_527443,12.891250503300428
4055,arc_pair_480504,8.20934004559852
4056,arc_pair_312604,21.9400596187861
4057,arc_pair_199383,22.711693786110125
4058,arc_pair_86175,38.895063129352465
4059,arc_pair_44944,8.632263291920674
4060,arc_pair_604161,58.428827904590925
4061,arc_pair_669902,62.13423671903105
4062,arc_pair_70148,36.25162930568336
4063,arc_pair_258831,29.003436580490106
4064,arc_pair_651087,8.304426868580853
4065,arc_pair_590534,26.899732342213653
4066,arc_pair_17560,8.377392481893914
4067,arc_pair_311680,15.22548627320218
4068,arc_pair_419521,19.20462064402294
4069,arc_pair_463384,9.232242400699231
4070,arc_pair_498636,21.108753946342944
4071,arc_pair_313717,43.89125523774822
4072,arc_pair_135142,17.829014043723756
4073,arc_pair_250447,16.08855428380931
4074,arc_pair_452573,27.530888415067515
4075,arc_pair_412697,11.97442099258414
4076,arc_pair_143394,10.045841461251996
4077,arc_pair_673549,22.467491282001433
4078,arc_pair_30243,8.314717980896603
4079,arc_pair_56095,27.82352562617448
4080,arc_pair_158188,23.015359221833027
4081,arc_pair_51880,27.650076507072523
4082,arc_pair_546982,65.54425295654113
4083,arc_pair_533882,9.321607681886245
4084,arc_pair_692675,9.078414712841472
4085,arc_pair_659771,10.45533897991641
4086,arc_pair_683064,19.708743534123144
4087,arc_pair_223240,32.3544963939729
4088,arc_pair_227203,22.798134682263672
4089,arc_pair_79806,11.558574848895809
4090,arc_pair_467144,77.1853194981206
4091,arc_pair_513864,9.0640691540075
4092,arc_pair_230895,15.579324256177507
4093,arc_pair_378873,6.89419989201171
4094,arc_pair_458257,20.969997645951036
4095,arc_pair_64367,11.633035279649508
4096,arc_pair_617521,16.88368027736099
4097,arc_pair_259959,16.118910493793045
4098,arc_pair_401687,13.527144295185533
4099,arc_pair_311815,8.35491711547877
4100,arc_pair_222514,19.779858657243814
4101,arc_pair_165530,9.756763759964638
4102,arc_pair_360405,34.22199694985198
4103,arc_pair_484479,10.460805448808074
4104,arc_pair_222847,8.568814860358094
4105,arc_pair_642582,14.785284157541742
4106,arc_pair_269546,9.272217662364877
4107,arc_pair_532285,11.123560360014862
4108,arc_pair_94076,11.196812183520024
4109,arc_pair_225906,25.846338006360398
4110,arc_pair_484707,6.592592056717066
4111,arc_pair_394995,12.439215109673452
4112,arc_pair_328806,12.712487045180808
4113,arc_pair_669406,10.454936131820123
4114,arc_pair_384995,12.455172517432075
4115,arc_pair_565020,9.862773961400066
4116,arc_pair_149371,16.909944309984258
4117,arc_pair_243379,9.970365862653981
4118,arc_pair_312151,15.727852278312154
4119,arc_pair_594520,12.039401169032566
4120,arc_pair_143639,19.421085681456837
4121,arc_pair_660332,17.86148992203593
4122,arc_pair_382007,10.852772904111678
4123,arc_pair_225140,59.82106328904684
4124,arc_pair_222685,102.94879885166428
4125,arc_pair_614970,9.107080488010503
4126,arc_pair_501224,20.314928354520998
4127,arc_pair_530980,9.792375481064196
4128,arc_pair_485403,23.148550493109248
4129,arc_pair_508906,23.95494737665793
4130,arc_pair_516918,10.332778919218603
4131,arc_pair_188697,22.996570300185347
4132,arc_pair_546255,71.32048908934485
4133,arc_pair_209185,27.557149283465073
4134,arc_pair_67265,14.294905361915673
4135,arc_pair_651195,12.51449084249084
4136,arc_pair_126739,21.159718696992584
4137,arc_pair_55314,43.48813261850242
4138,arc_pair_578757,221.3115289460663
4139,arc_pair_107064,12.466357014137413
4140,arc_pair_579845,27.62174249972324
4141,arc_pair_135545,23.66210899957712
4142,arc_pair_484212,3.0889710813502136
4143,arc_pair_248020,11.81779288215709
4144,arc_pair_705500,7.986000536720637
4145,arc_pair_144955,8.501835001516529
4146,arc_pair_435419,48.01230787922969
4147,arc_pair_82663,20.0390671641791
4148,arc_pair_388959,18.320806044041053
4149,arc_pair_168210,8.597337961302907
4150,arc_pair_155094,78.04449769634061
4151,arc_pair_10972,12.911815832035916
4152,arc_pair_200824,9.993942037413976
4153,arc_pair_245868,10.394881054598716
4154,arc_pair_724174,6.12566646657957
4155,arc_pair_18011,8.45421065553646
4156,arc_pair_638235,9.427684653476856
4157,arc_pair_686231,13.549743846953032
4158,arc_pair_495680,20.30435917515009
4159,arc_pair_384700,12.129861274686041
4160,arc_pair_647368,12.05646592709984
4161,arc_pair_554004,26.223461827685252
4162,arc_pair_405693,30.45940542039434
4163,arc_pair_486413,85.50463385077038
4164,arc_pair_387439,11.668055167509078
4165,arc_pair_362195,13.551744600047474
4166,arc_pair_56754,14.54833823196925
4167,arc_pair_171524,15.186382870324506
4168,arc_pair_517036,8.153428011753181
4169,arc_pair_210598,14.981044694340802
4170,arc_pair_557517,16.12575997334888
4171,arc_pair_131005,18.409982020855807
4172,arc_pair_237887,26.277340494490232
4173,arc_pair_665433,10.652113923268601
4174,arc_pair_686948,14.456442250087798
4175,arc_pair_262062,8.566999512907941
4176,arc_pair_431509,38.95438463001712
4177,arc_pair_534469,69.675200929602
4178,arc_pair_62837,12.997935455829621
4179,arc_pair_447675,17.518452112221865
4180,arc_pair_244853,16.95668357561933
4181,arc_pair_637210,19.80259314574219
4182,arc_pair_25145,10.021524213042179
4183,arc_pair_461747,8.502927116087633
4184,arc_pair_456434,27.21832872812526
4185,arc_pair_97861,44.07489190438638
4186,arc_pair_166131,11.346053086846918
4187,arc_pair_505621,33.67453146780939
4188,arc_pair_172522,27.49090127687488
4189,arc_pair_337659,16.78137283860853
4190,arc_pair_729183,18.678372074739904
4191,arc_pair_275748,10.902321840540141
4192,arc_pair_500423,37.055841903706735
4193,arc_pair_292373,14.4682923028981
4194,arc_pair_610925,18.81420198556676
4195,arc_pair_230354,19.647397674230366
4196,arc_pair_453773,13.152299900798829
4197,arc_pair_401150,9.656441344015596
4198,arc_pair_673158,7.205104467606262
4199,arc_pair_149388,24.593094388455356
4200,arc_pair_209193,21.068810605766366
4201,arc_pair_665576,24.276282226473533
4202,arc_pair_728268,24.766965176580726
4203,arc_pair_718324,21.39330370757635
4204,arc_pair_371039,47.47195138604397
4205,arc_pair_400038,18.909326601623796
4206,arc_pair_677232,9.961378892410966
4207,arc_pair_169047,15.719306178555925
4208,arc_pair_702400,14.557760627220388
4209,arc_pair_166218,17.130298984912216
4210,arc_pair_7673,13.212416034240196
4211,arc_pair_542579,15.266172821077378
4212,arc_pair_123254,11.354497838986156
4213,arc_pair_696677,44.63645314573552
4214,arc_pair_503576,79.62784016714545
4215,arc_pair_458646,35.12521229323221
4216,arc_pair_655343,13.615858152930578
4217,arc_pair_226900,49.22000051700961
4218,arc_pair_639432,19.62138514491588
4219,arc_pair_260376,26.355617625561237
4220,arc_pair_175822,28.731172168412733
4221,arc_pair_22950,10.993061085200775
4222,arc_pair_417342,28.675368118298056
4223,arc_pair_276308,149.94501862094802
4224,arc_pair_622291,21.44312361302705
4225,arc_pair_185725,22.84444551886412
4226,arc_pair_697123,13.059954535200514
4227,arc_pair_347367,9.944923040612304
4228,arc_pair_539871,16.695203185698457
4229,arc_pair_455832,20.046526143947762
4230,arc_pair_621147,9.319788942701965
4231,arc_pair_454370,13.02876953616462
4232,arc_pair_151700,16.26634581765081
4233,arc_pair_532010,30.250255898140054
4234,arc_pair_130213,24.26103208389575
4235,arc_pair_263624,21.768141454445882
4236,arc_pair_654769,11.419876272201156
4237,arc_pair_135011,26.59224154953596
4238,arc_pair_293923,9.452389483584897
4239,arc_pair_489524,17.59234082299829
4240,arc_pair_334864,30.08497016164091
4241,arc_pair_145743,26.55980405976882
4242,arc_pair_235414,14.354432944123173
4243,arc_pair_183075,11.93791067709913
4244,arc_pair_679017,7.807755659914488
4245,arc_pair_246090,7.083813823392301
4246,arc_pair_555087,15.623888794518997
4247,arc_pair_374329,23.064592411916053
4248,arc_pair_653805,14.770307651263039
4249,arc_pair_574220,10.96232677550673
4250,arc_pair_44952,8.623726337423086
4251,arc_pair_446526,15.40098356723042
4252,arc_pair_544383,19.597261733267157
4253,arc_pair_199497,10.710756143667295
4254,arc_pair_555592,30.750722801993557
4255,arc_pair_66065,45.45155181969333
4256,arc_pair_220753,11.128861081730339
4257,arc_pair_479635,14.69920139755428
4258,arc_pair_456875,19.949503715354993
4259,arc_pair_76966,18.597899848254933
4260,arc_pair_142069,46.22415870683321
4261,arc_pair_50157,10.243805834729201
4262,arc_pair_377010,13.689976250612585
4263,arc_pair_324022,11.53448845723584
4264,arc_pair_647450,27.94535189581061
4265,arc_pair_17576,41.070603262226
4266,arc_pair_41316,11.099184593549104
4267,arc_pair_459283,39.722885674576624
4268,arc_pair_408326,7.905276237813039
4269,arc_pair_280460,13.771728519806134
4270,arc_pair_634257,15.970668621263698
4271,arc_pair_43901,14.122862622388208
4272,arc_pair_86548,46.56677796327212
4273,arc_pair_527584,12.624090935119968
4274,arc_pair_23750,24.417398862498345
4275,arc_pair_183219,14.456035461887932
4276,arc_pair_402402,16.047847438205928
4277,arc_pair_377769,63.37946262475937
4278,arc_pair_714079,26.61855045610034
4279,arc_pair_463111,13.926390670994037
4280,arc_pair_375754,24.823103982681854
4281,arc_pair_598391,13.103921778976568
4282,arc_pair_467851,9.903912919168402
4283,arc_pair_461086,37.66634885901844
4284,arc_pair_41195,8.372966697074887
4285,arc_pair_619483,26.246643507651868
4286,arc_pair_683422,22.034495542982413
4287,arc_pair_672067,22.47237486262364
4288,arc_pair_94060,25.279779811815914
4289,arc_pair_6873,5.599254580839423
4290,arc_pair_463054,48.29434502111504
4291,arc_pair_392380,11.870158154763645
4292,arc_pair_98940,20.555416863943528
4293,arc_pair_31278,10.883746346734778
4294,arc_pair_2563,11.674371280870702
4295,arc_pair_587988,15.512375958148812
4296,arc_pair_88413,90.83898630041482
4297,arc_pair_716551,14.798055896145922
4298,arc_pair_551617,46.26345103979298
4299,arc_pair_724420,22.00839880414378
4300,arc_pair_204060,25.296286601950584
4301,arc_pair_573336,10.906972265023114
4302,arc_pair_550456,8.43874607924433
4303,arc_pair_81262,11.184460584878353
4304,arc_pair_358495,41.42494140513348
4305,arc_pair_208940,22.440670404533673
4306,arc_pair_26047,11.853713944104022
4307,arc_pair_682726,20.990390104662225
4308,arc_pair_173558,73.21132722087953
4309,arc_pair_304752,23.06462720334137
4310,arc_pair_444777,17.094639156881534
4311,arc_pair_260321,16.01925616197183
4312,arc_pair_628761,93.37679198073864
4313,arc_pair_673462,42.34096733464179
4314,arc_pair_106709,16.078649403401876
4315,arc_pair_450035,15.723323182634498
4316,arc_pair_144080,24.60635968443085
4317,arc_pair_318420,10.634168570608136
4318,arc_pair_234787,13.973029045643154
4319,arc_pair_204331,21.091504915553315
4320,arc_pair_685648,22.40998020263189
4321,arc_pair_314950,10.876411382017363
4322,arc_pair_53216,15.18803325609922
4323,arc_pair_371153,37.15245827169697
4324,arc_pair_91830,13.69103886250597
4325,arc_pair_385714,16.36932300287936
4326,arc_pair_117548,9.236470200627721
4327,arc_pair_151282,31.94520632313693
4328,arc_pair_532438,18.597635969177823
4329,arc_pair_649965,29.516394768462888
4330,arc_pair_683773,12.428860952533837
4331,arc_pair_365956,31.125189393939394
4332,arc_pair_438642,354.9659582274169
4333,arc_pair_683289,15.417192331478045
4334,arc_pair_219016,12.401583692163788
4335,arc_pair_240583,23.870623207849945
4336,arc_pair_395651,12.9140395734666
4337,arc_pair_341859,18.00691829564904
4338,arc_pair_389672,26.972555366269162
4339,arc_pair_64470,7.499528037319252
4340,arc_pair_385201,9.319773727215587
4341,arc_pair_331608,18.8297006164398
4342,arc_pair_665109,257.13720972464984
4343,arc_pair_23401,11.965777352915616
4344,arc_pair_388433,8.580013258634363
4345,arc_pair_696121,13.959330975361187
4346,arc_pair_209446,18.84186902133922
4347,arc_pair_285533,10.585140105664415
4348,arc_pair_328079,22.614119165648212
4349,arc_pair_81076,11.477436453086565
4350,arc_pair_164820,13.704914069711222
4351,arc_pair_392897,13.511270511194805
4352,arc_pair_202573,10.097839058216417
4353,arc_pair_670188,8.454891979590114
4354,arc_pair_463493,20.406125789104514
4355,arc_pair_669653,10.260823188076003
4356,arc_pair_272671,40.55122066193619
4357,arc_pair_273963,23.135796798566936
4358,arc_pair_350931,13.137786303768458
4359,arc_pair_453475,104.74318767766246
4360,arc_pair_547304,8.872357293868921
4361,arc_pair_726873,8.107113407062478
4362,arc_pair_589901,10.189208300120852
4363,arc_pair_432865,11.833830045880553
4364,arc_pair_78795,47.528287994530416
4365,arc_pair_331034,14.01494776540542
4366,arc_pair_92436,16.054072517078296
4367,arc_pair_709326,20.961511058334573
4368,arc_pair_199379,11.976898915347599
4369,arc_pair_665365,11.371200323351442
4370,arc_pair_652016,8.072852081488042
4371,arc_pair_423262,36.42154292482334
4372,arc_pair_331937,49.14929689427373
4373,arc_pair_25613,24.354315802540654
4374,arc_pair_654068,25.536718822453928
4375,arc_pair_448686,9.570147174083427
4376,arc_pair_58289,22.210213097396828
4377,arc_pair_477595,19.700814817473706
4378,arc_pair_147585,12.725888495873336
4379,arc_pair_218892,31.036647119868967
4380,arc_pair_654316,37.12858452271834
4381,arc_pair_377480,9.250794882707861
4382,arc_pair_713455,6.7702145819719135
4383,arc_pair_491992,15.769631421268176
4384,arc_pair_183959,8.302105458793541
4385,arc_pair_32752,9.115652084546607
4386,arc_pair_46940,26.892053732233606
4387,arc_pair_24686,14.841818748257825
4388,arc_pair_264967,8.126527606136639
4389,arc_pair_358793,25.037588476490953
4390,arc_pair_441673,14.638187982070946
4391,arc_pair_704390,22.826305369624652
4392,arc_pair_23513,9.419293872743708
4393,arc_pair_187019,41.239978629711175
4394,arc_pair_382439,8.34812147840768
4395,arc_pair_401128,13.363557079717964
4396,arc_pair_144468,67.4136435762749
4397,arc_pair_649898,16.386241204559667
4398,arc_pair_508591,44.744541670206445
4399,arc_pair_654253,9.162710809970111
4400,arc_pair_68404,26.6661749864141
4401,arc_pair_111424,24.397769658945272
4402,arc_pair_645012,8.873031440372683
4403,arc_pair_343649,19.09126560833281
4404,arc_pair_203765,7.7712000947755016
4405,arc_pair_276665,79.46818022203614
4406,arc_pair_461800,36.00514622045545
4407,arc_pair_282188,14.203448580776374
4408,arc_pair_334324,15.1486916171365
4409,arc_pair_656844,23.610310470039835
4410,arc_pair_557703,78.13848420363396
4411,arc_pair_598644,8.21664624096691
4412,arc_pair_390687,7.4519680613645
4413,arc_pair_354476,11.131644606081109
4414,arc_pair_92877,10.840175353865586
4415,arc_pair_277074,23.744390587131576
4416,arc_pair_216567,7.2812487481806905
4417,arc_pair_302646,10.028619797915166
4418,arc_pair_498176,9.898189628054801
4419,arc_pair_669604,8.10371802913095
4420,arc_pair_102064,8.491052858400945
4421,arc_pair_196872,304.08792051183764
4422,arc_pair_156269,9.763694643341253
4423,arc_pair_297735,6.415562071388761
4424,arc_pair_106924,9.980386684652
4425,arc_pair_147478,13.074775568733477
4426,arc_pair_367253,9.397623323122424
4427,arc_pair_404516,36.190959442558515
4428,arc_pair_212031,13.381869198461157
4429,arc_pair_570866,6.655140743260481
4430,arc_pair_573749,76.73483915995178
4431,arc_pair_610398,54.51759239053695
4432,arc_pair_4162,11.835333636168023
4433,arc_pair_520281,25.462292041820092
4434,arc_pair_565058,21.707145127271673
4435,arc_pair_119844,11.720050259806552
4436,arc_pair_374740,16.6116084356311
4437,arc_pair_622586,16.043996118973535
4438,arc_pair_682066,17.997438675992512
4439,arc_pair_347923,14.800308372997254
4440,arc_pair_339296,74.81446109921484
4441,arc_pair_427519,30.24032060861296
4442,arc_pair_157747,9.312709199715997
4443,arc_pair_178454,24.89732712056935
4444,arc_pair_575058,15.272762940714884
4445,arc_pair_453658,25.080267223046985
4446,arc_pair_190660,10.425669687268256
4447,arc_pair_8784,13.475972334501035
4448,arc_pair_606870,10.656390941368391
4449,arc_pair_798,27.710063728604712
4450,arc_pair_329296,12.192353165522501
4451,arc_pair_439911,25.45507740898452
4452,arc_pair_15122,13.120638688838923
4453,arc_pair_629775,9.70004809761284
4454,arc_pair_583337,8.670994227068633
4455,arc_pair_407510,9.680972899421702
4456,arc_pair_246945,16.076085080679956
4457,arc_pair_192718,14.860460508064836
4458,arc_pair_686160,21.955786394659867
4459,arc_pair_74061,10.439651302005387
4460,arc_pair_399263,11.469341489261808
4461,arc_pair_143641,13.199148332150461
4462,arc_pair_555051,24.892332182813618
4463,arc_pair_118613,51.41260953880699
4464,arc_pair_95074,12.644376777915785
4465,arc_pair_473201,28.905638636920813
4466,arc_pair_244581,9.926881476009168
4467,arc_pair_210626,13.552806590574853
4468,arc_pair_183220,12.936448515810802
4469,arc_pair_305195,37.64467060759339
4470,arc_pair_303942,239.72755005877832
4471,arc_pair_566048,8.571847507331379
4472,arc_pair_605163,13.492906076185719
4473,arc_pair_527944,18.349867323401376
4474,arc_pair_723763,28.175196902950205
4475,arc_pair_374486,11.382836284560423
4476,arc_pair_555728,11.766764059245546
4477,arc_pair_252286,25.04917797143114
4478,arc_pair_96822,47.320905056481976
4479,arc_pair_512759,14.66010678011467
4480,arc_pair_348910,6.011944585529889
4481,arc_pair_199787,15.814722135335208
4482,arc_pair_718433,8.153495799234246
4483,arc_pair_665261,13.693456877678763
4484,arc_pair_193670,47.94235178918926
4485,arc_pair_82861,9.9784637376271
4486,arc_pair_736074,15.21464678645767
4487,arc_pair_520297,12.041568687920023
4488,arc_pair_293330,12.282542590932128
4489,arc_pair_346148,9.309465616607826
4490,arc_pair_417286,12.450137117485744
4491,arc_pair_439784,22.81907234167605
4492,arc_pair_433389,19.936174823911866
4493,arc_pair_29221,10.43075400507206
4494,arc_pair_671737,32.82293938766737
4495,arc_pair_255056,15.14215480981081
4496,arc_pair_704555,104.1416511807098
4497,arc_pair_123685,14.966369222998566
4498,arc_pair_546942,158.76982992358887
4499,arc_pair_535095,9.177749360613811
4500,arc_pair_691830,32.315123324560865
4501,arc_pair_87675,12.585842159593874
4502,arc_pair_656014,10.395789111353338
4503,arc_pair_236981,21.009874581465294
4504,arc_pair_267824,23.422027136811728
4505,arc_pair_272325,19.99164807296048
4506,arc_pair_30903,63.68959619952494
4507,arc_pair_615925,21.07461452754915
4508,arc_pair_716092,12.087433288859241
4509,arc_pair_351727,22.23329742517373
4510,arc_pair_384113,10.667682885519561
4511,arc_pair_578797,25.727230470928838
4512,arc_pair_340618,15.522281142431856
4513,arc_pair_506872,6.1003309822665415
4514,arc_pair_686072,20.61259134769719
4515,arc_pair_217858,18.57929541062239
4516,arc_pair_308436,28.044864094129274
4517,arc_pair_440023,10.748136666891302
4518,arc_pair_624956,6.950582731108232
4519,arc_pair_531202,28.27979628083134
4520,arc_pair_309227,8.291174380969924
4521,arc_pair_388560,37.50106781832851
4522,arc_pair_30391,15.881765523025711
4523,arc_pair_45291,7.0151454585831665
4524,arc_pair_667572,9.759271956616592
4525,arc_pair_476054,10.5563257616153
4526,arc_pair_318123,8.787070334013674
4527,arc_pair_533680,16.677842923370605
4528,arc_pair_659973,17.445147286821705
4529,arc_pair_506464,38.60691260744986
4530,arc_pair_218611,16.510616159639017
4531,arc_pair_23417,12.267422170118536
4532,arc_pair_382028,13.807631421744325
4533,arc_pair_176558,19.085651892591393
4534,arc_pair_236743,19.224566068024483
4535,arc_pair_121483,28.618642910420323
4536,arc_pair_553582,19.44520482843836
4537,arc_pair_729010,24.814756001775777
4538,arc_pair_251384,29.491250200967116
4539,arc_pair_289156,9.524421327743923
4540,arc_pair_619814,8.63400750537604
4541,arc_pair_4436,14.421049746971882
4542,arc_pair_625582,13.136041859033549
4543,arc_pair_269928,24.427654062996584
4544,arc_pair_631191,14.081919750566051
4545,arc_pair_468363,73.44296646104016
4546,arc_pair_303016,10.499949142198414
4547,arc_pair_461841,14.320563333053903
4548,arc_pair_258326,9.234875772113485
4549,arc_pair_724858,9.262519252383132
4550,arc_pair_487738,19.089676934144265
4551,arc_pair_222429,9.182379376759346
4552,arc_pair_394685,12.627854691752454
4553,arc_pair_594276,22.879057621561863
4554,arc_pair_80108,10.711160643209679
4555,arc_pair_621191,13.818461755028068
4556,arc_pair_135213,22.495620228322522
4557,arc_pair_526251,8.908164008448038
4558,arc_pair_584276,14.705057806003405
4559,arc_pair_36496,5.359465501473428
4560,arc_pair_333859,16.271284916201118
4561,arc_pair_240203,24.39312536106297
4562,arc_pair_419365,12.337911688036733
4563,arc_pair_711700,7.94722979276033
4564,arc_pair_515927,15.326056797296499
4565,arc_pair_120857,18.48367523837041
4566,arc_pair_495210,10.82639312588977
4567,arc_pair_652903,8.992213277022568
4568,arc_pair_392614,7.817579532270868
4569,arc_pair_179992,36.39479872383155
4570,arc_pair_438592,15.650386615574106
4571,arc_pair_547607,12.987007649275032
4572,arc_pair_403292,20.680620755093887
4573,arc_pair_16535,12.926354907914327
4574,arc_pair_118428,12.774185298845534
4575,arc_pair_549619,18.88443480837922
4576,arc_pair_643241,18.436685745434723
4577,arc_pair_631484,49.81879254587361
4578,arc_pair_492886,26.39047990445782
4579,arc_pair_504265,21.027707874939065
4580,arc_pair_371796,13.059046147399297
4581,arc_pair_16372,15.019293967984733
4582,arc_pair_624868,13.279510355134866
4583,arc_pair_150411,15.01338858782276
4584,arc_pair_496781,20.163130159621296
4585,arc_pair_21451,10.888844101191532
4586,arc_pair_579112,12.199421290289095
4587,arc_pair_99978,17.402002491362495
4588,arc_pair_446533,15.97122284977372
4589,arc_pair_655028,51.44063589769047
4590,arc_pair_438785,11.761279536074642
4591,arc_pair_76070,12.061007057546146
4592,arc_pair_79385,21.943695269003722
4593,arc_pair_238376,9.646252864596033
4594,arc_pair_198339,16.297956578930233
4595,arc_pair_483079,19.72992828406507
4596,arc_pair_392403,27.926155256077358
4597,arc_pair_561172,9.113549933862434
4598,arc_pair_637747,13.442642657684168
4599,arc_pair_664775,12.637077849199061
4600,arc_pair_240014,8.733223927431425
4601,arc_pair_600064,70.99963361737836
4602,arc_pair_142569,14.941648238242667
4603,arc_pair_424319,19.860787648828996
4604,arc_pair_684034,52.877219560315666
4605,arc_pair_554683,9.355927547114522
4606,arc_pair_259720,16.21836409282128
4607,arc_pair_224210,26.812008554567527
4608,arc_pair_485841,8.180997466328844
4609,arc_pair_624184,16.42979405958363
4610,arc_pair_392116,32.52217892492974
4611,arc_pair_384538,10.146462459151934
4612,arc_pair_140104,21.881461939767604
4613,arc_pair_495142,11.833435443388208
4614,arc_pair_635795,20.775811583185515
4615,arc_pair_373103,13.20094059007959
4616,arc_pair_727560,9.909464520700475
4617,arc_pair_203499,14.047439934329017
4618,arc_pair_355461,12.03567965523433
4619,arc_pair_474157,16.801390055754986
4620,arc_pair_504137,9.0539829293084
4621,arc_pair_718673,18.499650272105363
4622,arc_pair_654455,11.877790548963105
4623,arc_pair_597134,22.945279284562382
4624,arc_pair_698294,10.944186292111098
4625,arc_pair_502260,19.761821450354724
4626,arc_pair_242245,10.663545357403969
4627,arc_pair_111672,8.752547668927315
4628,arc_pair_686770,12.178583955504333
4629,arc_pair_654005,48.04740019580116
4630,arc_pair_236807,46.70825585023401
4631,arc_pair_34595,8.442011422203649
4632,arc_pair_721267,24.41683438591621
4633,arc_pair_302739,130.54114288399632
4634,arc_pair_459853,11.551521346017768
4635,arc_pair_534702,43.425712421144226
4636,arc_pair_373380,11.264557368436414
4637,arc_pair_374445,19.215356193238716
4638,arc_pair_728416,12.56697792687878
4639,arc_pair_8878,10.942611683848796
4640,arc_pair_406141,23.590519002860646
4641,arc_pair_288100,57.448691017777186
4642,arc_pair_339193,15.594106947981084
4643,arc_pair_403343,12.717668133494296
4644,arc_pair_130969,55.70674943797262
4645,arc_pair_158758,26.94547827505575
4646,arc_pair_574409,11.539674678470277
4647,arc_pair_21282,13.162956366874445
4648,arc_pair_455466,19.906940403060673
4649,arc_pair_462715,20.058176167267078
4650,arc_pair_227650,12.425498125378608
4651,arc_pair_220195,5.452810180275716
4652,arc_pair_443048,15.082601825842696
4653,arc_pair_633587,17.520377500943752
4654,arc_pair_692226,42.289916020923386
4655,arc_pair_22154,18.847659119748883
4656,arc_pair_169005,11.581196855962581
4657,arc_pair_621410,23.229257200004763
4658,arc_pair_223613,14.32603127730738
4659,arc_pair_151083,48.07872991195904
4660,arc_pair_211332,242.84972832798223
4661,arc_pair_124029,10.316568098648954
4662,arc_pair_15677,14.375996096926329
4663,arc_pair_261030,23.54041506156895
4664,arc_pair_281264,40.929681472500825
4665,arc_pair_319460,23.285708792617275
4666,arc_pair_540228,5.539356216730356
4667,arc_pair_82230,18.38822727811352
4668,arc_pair_490602,17.031795713821474
4669,arc_pair_121155,17.237594061419564
4670,arc_pair_329652,27.16132719149378
4671,arc_pair_520983,16.366075043424885
4672,arc_pair_489423,17.50710963279045
4673,arc_pair_34254,31.283851336665947
4674,arc_pair_671873,20.437098780791246
4675,arc_pair_241652,6.604407076150438
4676,arc_pair_536504,35.95404128715714
4677,arc_pair_384979,18.947591178539135
4678,arc_pair_488232,23.50666820090904
4679,arc_pair_476078,9.661539218419456
4680,arc_pair_187561,7.905918088598047
4681,arc_pair_62822,21.387597836269677
4682,arc_pair_128661,289.1654553561476
4683,arc_pair_158133,15.98365663295371
4684,arc_pair_652755,10.582095609122636
4685,arc_pair_167670,26.500260972716493
4686,arc_pair_575189,11.271839004369125
4687,arc_pair_311791,35.482754316621595
4688,arc_pair_216336,15.037159384762559
4689,arc_pair_299896,19.381792519407195
4690,arc_pair_263236,16.372067553411
4691,arc_pair_121010,7.740428130725505
4692,arc_pair_151938,13.668069538427684
4693,arc_pair_644052,10.74139172874942
4694,arc_pair_306687,10.314981130971535
4695,arc_pair_833,23.185933553526326
4696,arc_pair_493242,13.33765972788633
4697,arc_pair_222540,11.131003222275329
4698,arc_pair_84022,15.1070483921947
4699,arc_pair_639132,9.530618801807783
4700,arc_pair_720071,17.717875723961914
4701,arc_pair_606671,17.127707987674803
4702,arc_pair_159958,49.449080410328605
4703,arc_pair_16519,9.730123984608806
4704,arc_pair_450326,8.997366783166562
4705,arc_pair_160336,46.43699864247809
4706,arc_pair_64626,8.751681927476744
4707,arc_pair_221696,15.882100502383432
4708,arc_pair_60665,15.602572430817201
4709,arc_pair_375653,9.925966963844331
4710,arc_pair_408108,17.272057515941363
4711,arc_pair_121293,11.343521904250963
4712,arc_pair_256601,20.760257763116105
4713,arc_pair_151191,19.513539353892895
4714,arc_pair_559770,23.053433533896857
4715,arc_pair_707247,23.25579592615561
4716,arc_pair_156711,29.276045406366464
4717,arc_pair_105689,51.11618269543854
4718,arc_pair_36510,14.916039664245641
4719,arc_pair_626678,17.03881390995961
4720,arc_pair_687970,11.766493418832264
4721,arc_pair_239619,13.80176923529066
4722,arc_pair_196409,40.51949467985111
4723,arc_pair_688386,21.231133903813472
4724,arc_pair_450799,14.136406203604304
4725,arc_pair_190924,12.032767620791176
4726,arc_pair_652169,44.07357583045243
4727,arc_pair_127202,7.840783270881181
4728,arc_pair_721949,9.037799844124354
4729,arc_pair_599757,26.843905239220188
4730,arc_pair_627706,15.147973131780454
4731,arc_pair_691332,6.233177272801423
4732,arc_pair_144043,10.9498735162483
4733,arc_pair_260549,11.430628638602776
4734,arc_pair_369959,14.013064798598949
4735,arc_pair_690870,17.830989242622472
4736,arc_pair_35003,9.926573139716137
4737,arc_pair_227168,8.431458600165747
4738,arc_pair_95019,12.487831902575365
4739,arc_pair_493468,36.53434756383621
4740,arc_pair_575873,33.93509604095242
4741,arc_pair_51712,15.09144024975864
4742,arc_pair_377414,20.75526858577706
4743,arc_pair_253229,17.291733581787643
4744,arc_pair_629718,24.78456907355012
4745,arc_pair_402285,52.54055723631065
4746,arc_pair_277776,44.20572503961965
4747,arc_pair_335237,25.13696669487728
4748,arc_pair_510973,26.889996744752416
4749,arc_pair_281049,8.219070618587626
4750,arc_pair_426365,12.164346459344916
4751,arc_pair_419426,9.611049234443982
4752,arc_pair_642743,16.567410700009596
4753,arc_pair_689647,8.464664713078609
4754,arc_pair_310895,13.658894525100578
4755,arc_pair_74149,145.16804421492253
4756,arc_pair_41207,14.810077684518482
4757,arc_pair_172464,10.49650207504023
4758,arc_pair_660632,11.204122952328365
4759,arc_pair_325722,13.038715007589293
4760,arc_pair_355420,7.701058057022559
4761,arc_pair_304585,14.692847559087626
4762,arc_pair_155347,41.21470757488567
4763,arc_pair_716505,21.99345722623253
4764,arc_pair_677724,17.631653863288168
4765,arc_pair_519197,31.820366161616157
4766,arc_pair_228858,8.939635194737235
4767,arc_pair_654044,29.18093215232586
4768,arc_pair_196809,13.518496291139545
4769,arc_pair_563698,84.30707893779557
4770,arc_pair_47150,22.034318154439227
4771,arc_pair_517023,16.012008733624455
4772,arc_pair_368427,9.313983701429077
4773,arc_pair_639124,11.729353623878255
4774,arc_pair_265527,17.3400998420865
4775,arc_pair_191620,10.119458603885988
4776,arc_pair_667231,14.703457926092398
4777,arc_pair_265032,9.380223184426372
4778,arc_pair_66748,17.53241268033409
4779,arc_pair_730821,19.562198936688986
4780,arc_pair_346060,17.992973063409735
4781,arc_pair_130882,13.252719372430082
4782,arc_pair_170265,24.129358488733487
4783,arc_pair_132016,13.556057683227886
4784,arc_pair_613520,7.776789386479278
4785,arc_pair_295266,23.108160078464774
4786,arc_pair_223652,25.60813208949855
4787,arc_pair_91723,17.25320368781577
4788,arc_pair_46604,39.044287883691396
4789,arc_pair_195399,14.50075897662352
4790,arc_pair_269441,27.21375437279685
4791,arc_pair_342189,29.020900501661835
4792,arc_pair_595373,15.265813842000352
4793,arc_pair_657900,16.902295250028477
4794,arc_pair_162825,364.2566746681037
4795,arc_pair_102224,9.56694970607446
4796,arc_pair_532156,11.168327346929033
4797,arc_pair_540639,12.967249093792478
4798,arc_pair_589700,14.457231229978028
4799,arc_pair_263332,9.908981782234147
4800,arc_pair_141646,8.282882482823272
4801,arc_pair_330961,13.947787055228115
4802,arc_pair_431418,10.603641567941482
4803,arc_pair_534082,16.802481718951846
4804,arc_pair_384892,21.4672467519199
4805,arc_pair_285118,16.59725501180425
4806,arc_pair_21447,11.58162142802323
4807,arc_pair_31914,14.159448035803083
4808,arc_pair_294359,21.595079042873838
4809,arc_pair_688144,10.459291852464343
4810,arc_pair_715542,10.374692995382649
4811,arc_pair_533317,9.084613484811065
4812,arc_pair_368759,12.246298849028904
4813,arc_pair_585236,59.241459792064504
4814,arc_pair_665037,15.757701855589092
4815,arc_pair_593618,14.158092426412558
4816,arc_pair_77362,12.865213285708421
4817,arc_pair_59230,54.76954771943273
4818,arc_pair_25812,70.10793778145867
4819,arc_pair_449795,29.804141166021346
4820,arc_pair_634038,13.262776924764204
4821,arc_pair_121952,14.219720075911617
4822,arc_pair_615765,5.465414979893211
4823,arc_pair_664626,12.607386142467885
4824,arc_pair_252879,18.432250810584666
4825,arc_pair_68097,14.32247757587024
4826,arc_pair_378759,9.482261005470175
4827,arc_pair_437489,17.61200517594442
4828,arc_pair_618854,14.114868421052634
4829,arc_pair_39562,13.924049575268068
4830,arc_pair_370739,32.36775811659069
4831,arc_pair_496001,9.724035097020465
4832,arc_pair_730899,16.42619579269009
4833,arc_pair_368020,16.878712871287128
4834,arc_pair_54681,18.198771111570974
4835,arc_pair_619896,22.157471789813055
4836,arc_pair_702842,15.686656700035954
4837,arc_pair_687177,29.191682061370887
4838,arc_pair_133715,30.04337624711811
4839,arc_pair_269800,11.403919194976167
4840,arc_pair_120139,20.598621099407097
4841,arc_pair_11767,10.098295574846496
4842,arc_pair_470381,12.439120737376722
4843,arc_pair_171,106.23027001538689
4844,arc_pair_155890,9.470545863419947
4845,arc_pair_338794,9.4841094696597
4846,arc_pair_503934,18.070546058251026
4847,arc_pair_156245,19.64905604792183
4848,arc_pair_356488,13.741776169430192
4849,arc_pair_629523,12.444379298680797
4850,arc_pair_729211,23.66221706326175
4851,arc_pair_570149,23.980764511341462
4852,arc_pair_638298,11.29252171818305
4853,arc_pair_451063,86.14439329393981
4854,arc_pair_169443,14.120237573899715
4855,arc_pair_60761,24.885541936230688
4856,arc_pair_130586,37.70352623536916
4857,arc_pair_635015,15.238702265018052
4858,arc_pair_449900,23.240697269551738
4859,arc_pair_135784,14.933025001675714
4860,arc_pair_222444,19.18362695892656
4861,arc_pair_439751,11.785682708577873
4862,arc_pair_441599,14.568548049931316
4863,arc_pair_367290,8.733447488584476
4864,arc_pair_185634,19.910037465749596
4865,arc_pair_696789,22.78738470902196
4866,arc_pair_41895,13.27253240033509
4867,arc_pair_399170,10.167638252731347
4868,arc_pair_687032,20.185082655323363
4869,arc_pair_95367,9.27425233326521
4870,arc_pair_668193,31.736505218525764
4871,arc_pair_462324,14.465921972416398
4872,arc_pair_81703,13.074505205624533
4873,arc_pair_562046,28.948393329777492
4874,arc_pair_467126,29.237106684043944
4875,arc_pair_38492,65.22961784929137
4876,arc_pair_309401,11.142077269422584
4877,arc_pair_160615,46.828698430337546
4878,arc_pair_201353,13.055875237804447
4879,arc_pair_88522,26.251478834003102
4880,arc_pair_232063,13.877234729091656
4881,arc_pair_515878,6.987291761492944
4882,arc_pair_602311,16.481662489557223
4883,arc_pair_385827,13.35721471108965
4884,arc_pair_16939,18.53192116194797
4885,arc_pair_132466,73.33191810793915
4886,arc_pair_61804,257.6181630546955
4887,arc_pair_391864,75.70975064488393
4888,arc_pair_269461,18.87657473171237
4889,arc_pair_256322,15.67919625040605
4890,arc_pair_663252,18.192439679710567
4891,arc_pair_2147,7.745890640724588
4892,arc_pair_517900,18.073395963003893
4893,arc_pair_524299,11.787010733261225
4894,arc_pair_513410,9.42632587859425
4895,arc_pair_183282,51.26599849930325
4896,arc_pair_84917,9.644874909887058
4897,arc_pair_275507,17.771243297498614
4898,arc_pair_548012,15.908739626556017
4899,arc_pair_489383,15.181690239954964
4900,arc_pair_354138,22.418115485091434
4901,arc_pair_88037,11.951302603001002
4902,arc_pair_431603,11.569549391238859
4903,arc_pair_280101,11.679832658993597
4904,arc_pair_612254,23.990221876682018
4905,arc_pair_4569,7.841790164417902
4906,arc_pair_391022,39.73055161505975
4907,arc_pair_112195,10.229230345587222
4908,arc_pair_90407,109.05133159707637
4909,arc_pair_593116,21.482707509881422
4910,arc_pair_491863,15.95291771438481
4911,arc_pair_250999,13.870712860933054
4912,arc_pair_536924,18.04272442375804
4913,arc_pair_561056,20.365081627364603
4914,arc_pair_166057,33.08428841589562
4915,arc_pair_159714,18.06613124115039
4916,arc_pair_330150,20.51917420124439
4917,arc_pair_382874,9.65960074336071
4918,arc_pair_362289,12.757015601668297
4919,arc_pair_643172,33.36206030781591
4920,arc_pair_316961,11.517050924752976
4921,arc_pair_54025,23.095636222968167
4922,arc_pair_306598,16.398842220907632
4923,arc_pair_427104,9.374297323536815
4924,arc_pair_103507,22.49484111066542
4925,arc_pair_452004,8.106661256831906
4926,arc_pair_362323,51.13489691760124
4927,arc_pair_612468,25.881238396183498
4928,arc_pair_533360,16.061585567404883
4929,arc_pair_528486,17.86189575785569
4930,arc_pair_663878,32.58214644772118
4931,arc_pair_31963,14.764559116213333
4932,arc_pair_501211,15.792472212866283
4933,arc_pair_128712,78.6411523354432
4934,arc_pair_580106,21.226964920071048
4935,arc_pair_213047,39.917776475601954
4936,arc_pair_602192,7.608878732636659
4937,arc_pair_41698,16.55423860294781
4938,arc_pair_621308,23.206298996011554
4939,arc_pair_372636,16.31341633500017
4940,arc_pair_332028,15.416860916860914
4941,arc_pair_614416,323.7527167379911
4942,arc_pair_677138,15.976131928897372
4943,arc_pair_243874,17.17468162218689
4944,arc_pair_178788,21.242573077106478
4945,arc_pair_422994,13.982790909551046
4946,arc_pair_566052,9.688679579335009
4947,arc_pair_368846,19.557166844756523
4948,arc_pair_498480,7.843927485514314
4949,arc_pair_469495,31.579763021250315
4950,arc_pair_692210,10.190325430717126
4951,arc_pair_419797,6.216288863005106
4952,arc_pair_431341,10.782103372195362
4953,arc_pair_294050,45.400354533734415
4954,arc_pair_299662,15.923473059278582
4955,arc_pair_512743,12.552622524394776
4956,arc_pair_66695,11.393483820420714
4957,arc_pair_358459,17.0089858487759
4958,arc_pair_32162,13.47913329773981
4959,arc_pair_664893,11.025556261919899
4960,arc_pair_329849,9.65342114777032
4961,arc_pair_650420,20.0410910102978
4962,arc_pair_98060,44.776779899741015
4963,arc_pair_63478,9.533682735318397
4964,arc_pair_65955,69.63655378100268
4965,arc_pair_685490,16.75716287260434
4966,arc_pair_497630,21.896221317675877
4967,arc_pair_58682,10.501494815851409
4968,arc_pair_200450,27.71201149081334
4969,arc_pair_424006,14.045038191168864
4970,arc_pair_229697,20.134226239317314
4971,arc_pair_364189,8.355057152981011
4972,arc_pair_164744,29.92572407543047
4973,arc_pair_169176,10.49056603773585
4974,arc_pair_378450,36.66352492943558
4975,arc_pair_377875,9.87029082833548
4976,arc_pair_546722,11.839109858370742
4977,arc_pair_249346,57.27908571148737
4978,arc_pair_325305,33.515749646112525
4979,arc_pair_139441,20.506970322511464
4980,arc_pair_665447,13.436178606834321
4981,arc_pair_228205,22.895272736119896
4982,arc_pair_579962,20.178930767632068
4983,arc_pair_383731,78.424839055794
4984,arc_pair_9926,8.472474128458092
4985,arc_pair_523622,14.01527359585527
4986,arc_pair_681650,15.768410507191007
4987,arc_pair_28353,17.705670446964643
4988,arc_pair_211168,105.36789364464617
4989,arc_pair_442403,12.901271840548626
4990,arc_pair_195478,9.103747234011678
4991,arc_pair_522875,8.566634998003497
4992,arc_pair_677495,9.65952838534517
4993,arc_pair_417859,24.391147700769313
4994,arc_pair_411124,40.57221128934068
4995,arc_pair_50524,9.693051608763406
4996,arc_pair_647189,8.831473657603006
4997,arc_pair_295568,12.161003154665018
4998,arc_pair_593287,23.124549491023714
4999,arc_pair_271285,15.18886311772848
5000,arc_pair_668760,13.551032896025063
5001,arc_pair_676284,32.75247806620254
5002,arc_pair_652221,8.479549923105376
5003,arc_pair_15991,43.416765861207
5004,arc_pair_594112,28.023986203378712
5005,arc_pair_217403,12.776797656739413
5006,arc_pair_480399,10.55501704461242
5007,arc_pair_296344,12.858896531301736
5008,arc_pair_455779,17.596686427814532
5009,arc_pair_428249,12.791665893959903
5010,arc_pair_342941,14.961078722546109
5011,arc_pair_380367,15.334435842450235
5012,arc_pair_525076,21.044189119048745
5013,arc_pair_496522,15.533524784617306
5014,arc_pair_594387,14.330371171292933
5015,arc_pair_337841,28.990214686406006
5016,arc_pair_122077,21.47347385615236
5017,arc_pair_634262,13.405841456963653
5018,arc_pair_621963,10.517731514716441
5019,arc_pair_613541,49.18604218444731
5020,arc_pair_385866,17.055325323582334
5021,arc_pair_442679,23.75110686782634
5022,arc_pair_592603,31.020841739130436
5023,arc_pair_275116,20.324834739129944
5024,arc_pair_67587,13.41261675240997
5025,arc_pair_597544,12.808041589034671
5026,arc_pair_142660,20.88936805951299
5027,arc_pair_195747,15.517962283471284
5028,arc_pair_677745,11.142155608164309
5029,arc_pair_178321,10.024625114468863
5030,arc_pair_443087,29.896058002802658
5031,arc_pair_731617,15.563656147986944
5032,arc_pair_655264,11.749535545469511
5033,arc_pair_395923,25.56559784382214
5034,arc_pair_427796,9.587347998360432
5035,arc_pair_605929,71.94733605816182
5036,arc_pair_697638,34.17905331063317
5037,arc_pair_76115,44.366521594540274
5038,arc_pair_48944,12.375578497686009
5039,arc_pair_456006,42.45867415455988
5040,arc_pair_697268,7.4280044547939665
5041,arc_pair_318894,23.84395669976626
5042,arc_pair_372698,12.908863205352992
5043,arc_pair_7884,17.9426688580045
5044,arc_pair_516829,13.376903178559193
5045,arc_pair_93840,11.783463951883771
5046,arc_pair_11028,33.944116043501964
5047,arc_pair_675902,15.330467479674795
5048,arc_pair_495861,23.22593801983858
5049,arc_pair_618531,17.39069483344258
5050,arc_pair_291478,11.410581572992406
5051,arc_pair_377863,26.233399592054152
5052,arc_pair_244077,8.95284932450534
5053,arc_pair_434786,17.32052627436577
5054,arc_pair_310548,12.575939368061485
5055,arc_pair_121821,28.517412755716002
5056,arc_pair_296702,16.923018831737053
5057,arc_pair_103950,10.642218280624952
5058,arc_pair_543920,9.301040957567505
5059,arc_pair_632135,19.840938145343692
5060,arc_pair_275680,29.68531798218407
5061,arc_pair_239814,18.058191972803275
5062,arc_pair_270482,20.585294483874982
5063,arc_pair_343983,11.425877368413257
5064,arc_pair_351547,17.923461497722702
5065,arc_pair_545289,12.807961929166286
5066,arc_pair_212990,14.090234805459016
5067,arc_pair_340182,14.290392152315576
5068,arc_pair_330280,9.394700547498642
5069,arc_pair_27321,35.619977898808116
5070,arc_pair_301027,18.48700079602289
5071,arc_pair_439360,116.25367172701567
5072,arc_pair_305967,10.946654917643869
5073,arc_pair_628646,10.791674355662176
5074,arc_pair_445942,9.036636466591165
5075,arc_pair_477833,57.87930096559228
5076,arc_pair_323910,18.282482106029356
5077,arc_pair_14154,14.726824182618287
5078,arc_pair_69464,10.70489252018286
5079,arc_pair_473036,21.197763480392155
5080,arc_pair_16493,14.716080956975622
5081,arc_pair_720051,18.293698812071128
5082,arc_pair_133774,18.215336486536813
5083,arc_pair_459824,18.44899003819349
5084,arc_pair_640932,27.81534839266149
5085,arc_pair_514793,17.688733298191735
5086,arc_pair_546919,10.914092460065827
5087,arc_pair_473935,21.882228057433373
5088,arc_pair_492023,47.70637532197039
5089,arc_pair_596181,218.8967545757558
5090,arc_pair_685202,23.214266154031524
5091,arc_pair_565003,9.548055626157366
5092,arc_pair_4656,15.307811008590516
5093,arc_pair_187054,7.014714801444043
5094,arc_pair_587790,12.148995796356843
5095,arc_pair_682197,8.837608795235912
5096,arc_pair_468103,17.978732553567916
5097,arc_pair_606128,25.82272342390886
5098,arc_pair_167650,12.122056295036995
5099,arc_pair_396122,22.003568879371876
5100,arc_pair_440886,16.200208451771843
5101,arc_pair_13042,21.155439715442167
5102,arc_pair_715935,26.540015075196514
5103,arc_pair_713418,11.589339890389507
5104,arc_pair_561410,18.218750415155498
5105,arc_pair_618835,9.24864731923266
5106,arc_pair_240576,6.977502732818506
5107,arc_pair_506891,12.33015657870586
5108,arc_pair_419105,9.220158572844399
5109,arc_pair_442157,12.231621230469328
5110,arc_pair_643888,10.526636203866433
5111,arc_pair_100628,13.045435113459533
5112,arc_pair_235533,23.239418289494107
5113,arc_pair_214794,8.6938202247191
5114,arc_pair_506192,15.370494124936378
5115,arc_pair_455692,15.32098480110933
5116,arc_pair_303299,13.436722524930605
5117,arc_pair_250063,33.06693518572568
5118,arc_pair_63655,16.34768104443162
5119,arc_pair_550208,8.70268615445388
5120,arc_pair_26249,18.087025505927432
5121,arc_pair_195985,19.81252088332675
5122,arc_pair_643236,14.11699697056882
5123,arc_pair_720180,20.317254272097742
5124,arc_pair_144798,7.778697948777765
5125,arc_pair_427240,10.173242264591307
5126,arc_pair_282151,11.460132634176434
5127,arc_pair_653236,30.87061338332457
5128,arc_pair_570503,17.561123922806164
5129,arc_pair_216044,15.33725156247624
5130,arc_pair_383422,63.49001371562928
5131,arc_pair_254667,22.230360934182592
5132,arc_pair_296954,8.533301306923862
5133,arc_pair_692380,7.826260099485322
5134,arc_pair_273902,17.384493873543096
5135,arc_pair_590242,8.291215229057876
5136,arc_pair_181397,10.567644904702695
5137,arc_pair_163957,11.90616084771091
5138,arc_pair_160678,13.461079038638406
5139,arc_pair_116857,25.054241402562376
5140,arc_pair_36818,11.252977338476374
5141,arc_pair_51476,10.866069715382157
5142,arc_pair_432804,27.098384094526423
5143,arc_pair_92142,17.621014698909438
5144,arc_pair_548993,43.660900944087146
5145,arc_pair_635326,18.12072411842353
5146,arc_pair_46560,7.977078681203205
5147,arc_pair_71613,10.229110137940609
5148,arc_pair_313718,22.93474762082478
5149,arc_pair_156463,14.450491955087397
5150,arc_pair_237575,110.44340142008159
5151,arc_pair_692553,15.472839545878495
5152,arc_pair_489478,20.23530876494024
5153,arc_pair_477632,12.221707304886579
5154,arc_pair_355482,10.154873739550117
5155,arc_pair_347846,14.70717470498052
5156,arc_pair_271745,28.16257570441336
5157,arc_pair_380062,18.437708314566258
5158,arc_pair_352717,127.58748212867357
5159,arc_pair_649457,13.081685405955138
5160,arc_pair_616915,15.962032246585093
5161,arc_pair_433595,44.26178811409539
5162,arc_pair_336006,18.329172042194735
5163,arc_pair_518548,38.807257010456276
5164,arc_pair_468528,18.0100147275405
5165,arc_pair_677913,15.471520904867702
5166,arc_pair_407926,10.515602052472214
5167,arc_pair_727096,13.749794560224164
5168,arc_pair_462575,16.577889099219725
5169,arc_pair_456929,23.287154085945417
5170,arc_pair_644320,15.805550042177344
5171,arc_pair_77728,7.472695101242883
5172,arc_pair_576204,24.05560372327373
5173,arc_pair_76093,9.538144714739001
5174,arc_pair_215812,10.804425027464807
5175,arc_pair_345197,19.866302093154815
5176,arc_pair_364330,8.730743217022031
5177,arc_pair_699827,13.536523249083542
5178,arc_pair_637570,5.635717365587236
5179,arc_pair_402509,39.33326506821261
5180,arc_pair_646960,71.33088618868885
5181,arc_pair_446704,17.593902376430737
5182,arc_pair_261987,15.270183178287137
5183,arc_pair_505907,38.6779982232751
5184,arc_pair_552075,11.157707548081568
5185,arc_pair_562569,35.15366417022468
5186,arc_pair_26009,12.65183158096884
5187,arc_pair_488052,92.83406941606822
5188,arc_pair_4103,13.22039271834731
5189,arc_pair_646576,21.267671246699518
5190,arc_pair_371759,32.53246459514945
5191,arc_pair_668424,23.888089730108653
5192,arc_pair_228454,16.75614607964569
5193,arc_pair_255164,20.512547917807566
5194,arc_pair_282043,11.46643646612658
5195,arc_pair_194592,17.15235914852326
5196,arc_pair_722555,9.224199674443842
5197,arc_pair_708917,11.030059180138569
5198,arc_pair_389994,8.82979937737807
5199,arc_pair_210082,29.20982229324036
5200,arc_pair_601157,31.23721840682127
5201,arc_pair_336682,15.831848964893819
5202,arc_pair_204491,28.18622318441252
5203,arc_pair_497348,29.571850902909514
5204,arc_pair_414432,21.812889896027727
5205,arc_pair_648092,10.397729276118614
5206,arc_pair_224477,21.298880017440116
5207,arc_pair_370148,13.671766785476251
5208,arc_pair_442602,8.202934447616707
5209,arc_pair_548497,25.64104314424223
5210,arc_pair_404961,21.71877534468775
5211,arc_pair_631332,10.077225313906988
5212,arc_pair_496220,14.230377701050509
5213,arc_pair_66181,7.419742670322718
5214,arc_pair_296283,27.430558292744728
5215,arc_pair_270800,23.70312373319126
5216,arc_pair_172868,9.035203788923745
5217,arc_pair_294744,61.80616549173698
5218,arc_pair_289875,15.279342631803878
5219,arc_pair_314989,14.929036986042792
5220,arc_pair_667801,7.4155451325739445
5221,arc_pair_571980,14.153551216565777
5222,arc_pair_554637,32.07748461646262
5223,arc_pair_424342,19.327271807582388
5224,arc_pair_390520,219.23397906558745
5225,arc_pair_82729,47.2341044872472
5226,arc_pair_716266,10.096386824414212
5227,arc_pair_336817,15.814034902307885
5228,arc_pair_169398,5.505513689159292
5229,arc_pair_657808,10.470759189118368
5230,arc_pair_326544,37.16922969383475
5231,arc_pair_129586,19.65816166212089
5232,arc_pair_571596,7.856267591130637
5233,arc_pair_32733,12.606039626809087
5234,arc_pair_631277,7.282328221763493
5235,arc_pair_493537,8.168425189114844
5236,arc_pair_346646,8.980219942431175
5237,arc_pair_431510,9.24859475719811
5238,arc_pair_371535,9.226266492093867
5239,arc_pair_183892,14.8679672555418
5240,arc_pair_614990,14.322263970895209
5241,arc_pair_455201,25.055323291907683
5242,arc_pair_351880,25.77605005225546
5243,arc_pair_271138,8.66062867939849
5244,arc_pair_63053,24.01717650697111
5245,arc_pair_250665,15.248809919185213
5246,arc_pair_583993,9.22660832041815
5247,arc_pair_676093,37.12595109176487
5248,arc_pair_536288,10.139004919151178
5249,arc_pair_245934,13.34980514642673
5250,arc_pair_494437,9.598378177835095
5251,arc_pair_591557,18.427524327056744
5252,arc_pair_333479,11.7900207570788
5253,arc_pair_307825,11.028184499172184
5254,arc_pair_620309,24.567099470355554
5255,arc_pair_630759,52.370507230625634
5256,arc_pair_639981,25.06681390126183
5257,arc_pair_392622,23.772237407732973
5258,arc_pair_214192,16.105043576381156
5259,arc_pair_676990,20.49219353004103
5260,arc_pair_435729,21.994418874352192
5261,arc_pair_469544,13.404453164988908
5262,arc_pair_295790,37.05401881872803
5263,arc_pair_653762,31.763418942791134
5264,arc_pair_590203,29.93236655677913
5265,arc_pair_680606,8.840758835758836
5266,arc_pair_671243,20.5336182415502
5267,arc_pair_2887,12.222251129672738
5268,arc_pair_138944,13.655008916105665
5269,arc_pair_427344,8.761719311126363
5270,arc_pair_277900,9.566663430970465
5271,arc_pair_344401,12.939972864948114
5272,arc_pair_404424,29.100972114558672
5273,arc_pair_507869,10.230062416185163
5274,arc_pair_656999,24.8022325233334
5275,arc_pair_18771,23.49424917793204
5276,arc_pair_570684,16.81314884024441
5277,arc_pair_559013,9.37882849798017
5278,arc_pair_42831,18.945951510160587
5279,arc_pair_224318,54.84537244179302
5280,arc_pair_87182,11.966371398930653
5281,arc_pair_118388,8.977326146505257
5282,arc_pair_644674,9.86214841302024
5283,arc_pair_403498,147.53127318042905
5284,arc_pair_146072,8.205862591902942
5285,arc_pair_7,24.03546506680283
5286,arc_pair_539254,18.846720099067802
5287,arc_pair_173629,16.994293478260868
5288,arc_pair_415059,12.444202453987732
5289,arc_pair_136665,24.868249995498495
5290,arc_pair_201543,3.547703225475879
5291,arc_pair_38778,66.67715554817552
5292,arc_pair_75754,15.79737913674391
5293,arc_pair_176581,29.243708446195512
5294,arc_pair_448976,29.26324653766464
5295,arc_pair_457380,21.7696437958397
5296,arc_pair_318050,24.745686304989896
5297,arc_pair_143335,5.854560786039009
5298,arc_pair_600496,13.801154711811332
5299,arc_pair_156567,12.76591066882666
5300,arc_pair_524036,8.517005545286507
5301,arc_pair_684079,42.960546385113375
5302,arc_pair_269621,57.18798183678052
5303,arc_pair_100757,16.278246181387694
5304,arc_pair_378352,23.81783448275862
5305,arc_pair_426369,14.788180975862558
5306,arc_pair_732001,26.793044110857736
5307,arc_pair_164292,18.73148048661103
5308,arc_pair_664503,64.70142804522143
5309,arc_pair_516393,12.340539646970225
5310,arc_pair_574805,12.184707429880763
5311,arc_pair_568826,10.083906437019456
5312,arc_pair_432404,10.299298262712895
5313,arc_pair_548069,14.389475093407327
5314,arc_pair_548593,18.170537312700787
5315,arc_pair_171839,14.520790036332103
5316,arc_pair_718540,11.494855383618246
5317,arc_pair_715688,7.176715126172995
5318,arc_pair_393064,12.597824319490066
5319,arc_pair_565202,13.649055781336138
5320,arc_pair_662592,21.347207460000284
5321,arc_pair_218559,9.847179411000111
5322,arc_pair_360109,80.29937306562971
5323,arc_pair_597968,77.68506274793543
5324,arc_pair_131231,15.140818892472529
5325,arc_pair_722514,8.311715092900005
5326,arc_pair_736107,13.66440623493492
5327,arc_pair_116841,15.576020134505093
5328,arc_pair_456600,12.525270802865428
5329,arc_pair_340045,9.932267627303087
5330,arc_pair_221634,9.450899585980578
5331,arc_pair_405262,35.4982262370625
5332,arc_pair_553330,18.287771872627392
5333,arc_pair_607538,39.659175685010354
5334,arc_pair_348025,24.975250426604486
5335,arc_pair_516686,13.344086204838792
5336,arc_pair_639893,13.019517854400902
5337,arc_pair_285544,12.978577756301846
5338,arc_pair_236688,26.257046437568327
5339,arc_pair_639743,13.687574026794413
5340,arc_pair_401108,12.781803250510876
5341,arc_pair_620562,14.73829922611385
5342,arc_pair_487470,7.336276735571753
5343,arc_pair_517644,16.172966271035463
5344,arc_pair_301699,11.97176406873123
5345,arc_pair_176169,14.903957628873094
5346,arc_pair_353813,16.10019245424368
5347,arc_pair_442839,18.38142578493676
5348,arc_pair_7851,21.71467957121925
5349,arc_pair_98670,15.271366984764775
5350,arc_pair_365022,9.547353258912496
5351,arc_pair_470948,23.106022235166
5352,arc_pair_649011,16.05968495382944
5353,arc_pair_356312,11.582735218642942
5354,arc_pair_489194,14.871627701658774
5355,arc_pair_654273,23.84410871033086
5356,arc_pair_716732,41.90390558431153
5357,arc_pair_99061,30.2633268408396
5358,arc_pair_413565,13.723598960818622
5359,arc_pair_516405,16.273476301208625
5360,arc_pair_681739,14.836608962496193
5361,arc_pair_311226,10.775282399124094
5362,arc_pair_640725,44.48921682659687
5363,arc_pair_8248,16.33150075830691
5364,arc_pair_672654,13.202422655702645
5365,arc_pair_549802,6.144615431777076
5366,arc_pair_311676,7.438002171552661
5367,arc_pair_113086,9.098761341625039
5368,arc_pair_91514,12.821419101659863
5369,arc_pair_667905,13.978530487202292
5370,arc_pair_530022,11.173863677108606
5371,arc_pair_143362,15.208153574427424
5372,arc_pair_628017,13.60008001066809
5373,arc_pair_333357,12.964303279338736
5374,arc_pair_46960,13.539296469532903
5375,arc_pair_63269,18.045493716337525
5376,arc_pair_314863,17.22627039711628
5377,arc_pair_625761,21.336418086615858
5378,arc_pair_111956,11.219414121873704
5379,arc_pair_473236,17.294790026246716
5380,arc_pair_326912,12.50811877281247
5381,arc_pair_160546,10.303204786113529
5382,arc_pair_552259,23.249648066612757
5383,arc_pair_394466,17.024126152907247
5384,arc_pair_152067,32.86441842447631
5385,arc_pair_168526,13.379260532475133
5386,arc_pair_266994,13.927404858507526
5387,arc_pair_665485,10.649834208344846
5388,arc_pair_48093,12.65757821216243
5389,arc_pair_296739,7.31951219512195
5390,arc_pair_433428,19.854613219973654
5391,arc_pair_692544,12.172183731075183
5392,arc_pair_88221,17.396043140757023
5393,arc_pair_238697,10.727486174170098
5394,arc_pair_29979,23.60072700158449
5395,arc_pair_361430,17.553460798974577
5396,arc_pair_203894,19.5986270684298
5397,arc_pair_663551,24.242489442454698
5398,arc_pair_160815,13.01776885941953
5399,arc_pair_242032,56.34730623767016
5400,arc_pair_378304,29.354646115214575
5401,arc_pair_363118,28.66139320538399
5402,arc_pair_573912,11.867738998482547
5403,arc_pair_126263,35.487777365083296
5404,arc_pair_286386,12.541099583152523
5405,arc_pair_380833,17.47417583847215
5406,arc_pair_201145,26.488658481808656
5407,arc_pair_439160,16.43977846153846
5408,arc_pair_647848,28.715007244043786
5409,arc_pair_512152,9.357850250052827
5410,arc_pair_701449,6.351525691699605
5411,arc_pair_44726,11.04670180660056
5412,arc_pair_28407,72.68156334880983
5413,arc_pair_372420,10.621752280539798
5414,arc_pair_366033,17.563216060022306
5415,arc_pair_124177,16.21982732376186
5416,arc_pair_505414,8.17071565513492
5417,arc_pair_455492,13.962434259954922
5418,arc_pair_169858,145.83504285165017
5419,arc_pair_109259,37.4105070021718
5420,arc_pair_704098,14.552461117461636
5421,arc_pair_425790,15.136148905677738
5422,arc_pair_134177,23.8286831616154
5423,arc_pair_560514,17.428875915114446
5424,arc_pair_734584,29.051840283443276
5425,arc_pair_328263,9.92774752224064
5426,arc_pair_327196,10.208393518396933
5427,arc_pair_346485,24.342260421143106
5428,arc_pair_352583,12.400129018385122
5429,arc_pair_139250,40.51711391208883
5430,arc_pair_457010,8.088440373244012
5431,arc_pair_546099,7.83206026583227
5432,arc_pair_468303,21.30151642013211
5433,arc_pair_480567,12.399311562539015
5434,arc_pair_29703,8.109960604770016
5435,arc_pair_649769,28.734590787468658
5436,arc_pair_306274,15.198569080537562
5437,arc_pair_379779,12.481908649358457
5438,arc_pair_13242,15.159974905897116
5439,arc_pair_55072,325.7385333442512
5440,arc_pair_561610,10.079109163450845
5441,arc_pair_411670,13.657894033361847
5442,arc_pair_700464,11.443181818181817
5443,arc_pair_34131,10.105802637719737
5444,arc_pair_646865,25.64571286532876
5445,arc_pair_345616,41.795770834857684
5446,arc_pair_513485,21.78132613144377
5447,arc_pair_601814,9.336361598804633
5448,arc_pair_278524,12.876455811829185
5449,arc_pair_192282,24.163401263551215
5450,arc_pair_413163,19.371290155684115
5451,arc_pair_670280,6.9460465301411025
5452,arc_pair_548253,48.153110641996776
5453,arc_pair_613254,37.3634525685722
5454,arc_pair_402772,16.37039334905075
5455,arc_pair_337657,20.490673992327
5456,arc_pair_70042,10.966439028953648
5457,arc_pair_685686,24.09643746269309
5458,arc_pair_720206,16.585738539898134
5459,arc_pair_574296,17.31877050107454
5460,arc_pair_725454,14.074748708835454
5461,arc_pair_455703,9.805370320974482
5462,arc_pair_601793,25.8176236780467
5463,arc_pair_720343,22.035191313135314
5464,arc_pair_1195,19.61003115019124
5465,arc_pair_360333,15.733556930732046
5466,arc_pair_736297,8.863620363444362
5467,arc_pair_134659,18.99048533273102
5468,arc_pair_717460,25.423824044949214
5469,arc_pair_61346,19.10282374159342
5470,arc_pair_246163,17.0625
5471,arc_pair_127425,6.375800935571366
5472,arc_pair_158128,10.267167275960876
5473,arc_pair_280655,12.761150894319385
5474,arc_pair_382859,10.52544787250088
5475,arc_pair_326553,13.377786023796414
5476,arc_pair_178064,14.298595792758379
5477,arc_pair_162890,106.40454934245696
5478,arc_pair_55619,9.063743690292437
5479,arc_pair_477737,8.98338077090067
5480,arc_pair_22724,27.167194512988907
5481,arc_pair_229194,9.460881697094
5482,arc_pair_17190,68.45990137197641
5483,arc_pair_319640,92.27366430570129
5484,arc_pair_543809,9.16374211356467
5485,arc_pair_274911,7.826933856502241
5486,arc_pair_34920,11.078645183689737
5487,arc_pair_206454,23.136123060291432
5488,arc_pair_301509,12.267739295707724
5489,arc_pair_334647,13.26904561880759
5490,arc_pair_668576,16.846164252158303
5491,arc_pair_325056,39.18057576621312
5492,arc_pair_131288,238.0371474074002
5493,arc_pair_182144,7.827370415230286
5494,arc_pair_593091,41.9704704911267
5495,arc_pair_377675,12.23923575900977
5496,arc_pair_689099,13.321805129258863
5497,arc_pair_347739,32.18179645012849
5498,arc_pair_732407,35.343605850582975
5499,arc_pair_542598,33.477041417022065
5500,arc_pair_529469,16.3794402211472
5501,arc_pair_598798,34.464792503346715
5502,arc_pair_161029,24.917861535610186
5503,arc_pair_216141,38.53478954302753
5504,arc_pair_290439,17.903682510836333
5505,arc_pair_170792,27.01695828692559
5506,arc_pair_489341,17.710969249525874
5507,arc_pair_151535,17.309453112346812
5508,arc_pair_292054,8.552084752691101
5509,arc_pair_536266,8.458423107453548
5510,arc_pair_678960,13.60123459038185
5511,arc_pair_238910,10.313535850230313
5512,arc_pair_709612,13.799366274797945
5513,arc_pair_75169,10.395091807909605
5514,arc_pair_340910,7.698005939753925
5515,arc_pair_92397,30.309359307883113
5516,arc_pair_474048,17.93700651920393
5517,arc_pair_639703,12.139643038117223
5518,arc_pair_462466,11.104130359010108
5519,arc_pair_156966,13.22915216817451
5520,arc_pair_300861,10.984661377196414
5521,arc_pair_51709,23.789606737583618
5522,arc_pair_332910,23.99080274495395
5523,arc_pair_432628,18.56392929814438
5524,arc_pair_707533,12.907267579046719
5525,arc_pair_283080,40.21225594749795
5526,arc_pair_219021,24.070889375199783
5527,arc_pair_67791,13.327365496468634
5528,arc_pair_247271,12.26156319757731
5529,arc_pair_437580,14.515150620636726
5530,arc_pair_597302,4.65521583992164
5531,arc_pair_58528,20.35717780904031
5532,arc_pair_456586,44.36086396628425
5533,arc_pair_416232,12.062477856645451
5534,arc_pair_229182,28.05601498728757
5535,arc_pair_618818,18.479100186051756
5536,arc_pair_310924,17.161967061720794
5537,arc_pair_635235,10.448512416286375
5538,arc_pair_126388,19.047175684088018
5539,arc_pair_263391,13.06371161924179
5540,arc_pair_22362,20.300062483623243
5541,arc_pair_300027,32.50130182488995
5542,arc_pair_391330,8.346192115092894
5543,arc_pair_718783,26.062326720195877
5544,arc_pair_297885,11.321144462797363
5545,arc_pair_178971,117.11807799748043
5546,arc_pair_560386,35.0593281082923
5547,arc_pair_450002,26.32724155235865
5548,arc_pair_615379,9.957094366967112
5549,arc_pair_409597,14.337347981904704
5550,arc_pair_115112,11.69095094826851
5551,arc_pair_441613,11.092888261949643
5552,arc_pair_729877,32.20205881648012
5553,arc_pair_271656,17.616363024204105
5554,arc_pair_56473,22.157600014358273
5555,arc_pair_372031,28.9163257663056
5556,arc_pair_339960,32.542218355806874
5557,arc_pair_519026,16.83461949184985
5558,arc_pair_62205,13.626430226341116
5559,arc_pair_275496,297.8039252278312
5560,arc_pair_390608,18.653960079186696
5561,arc_pair_5713,11.817297258836295
5562,arc_pair_68258,11.551399716298299
5563,arc_pair_96012,9.593864413598872
5564,arc_pair_495661,23.564044693642085
5565,arc_pair_610252,29.049380292060377
5566,arc_pair_428419,8.911288101844988
5567,arc_pair_665352,12.770945858865158
5568,arc_pair_418105,24.59340769019637
5569,arc_pair_224860,25.836490664996674
5570,arc_pair_151935,22.655311144782903
5571,arc_pair_591405,26.46872546080153
5572,arc_pair_595915,30.387190721984584
5573,arc_pair_708916,12.021391915407722
5574,arc_pair_681903,24.390060158349943
5575,arc_pair_191791,11.32886632914035
5576,arc_pair_130899,15.359553765106911
5577,arc_pair_556871,12.23438154530616
5578,arc_pair_282941,24.063328979437944
5579,arc_pair_426542,57.054277007145856
5580,arc_pair_163452,16.313291570202914
5581,arc_pair_216507,50.86670735290793
5582,arc_pair_275029,21.64926184926185
5583,arc_pair_664056,24.3240679628128
5584,arc_pair_204869,21.177931088244463
5585,arc_pair_173901,14.287782632267115
5586,arc_pair_303934,11.445467210667728
5587,arc_pair_552998,21.824649777548995
5588,arc_pair_358966,15.8972604450216
5589,arc_pair_605791,16.163251817580967
5590,arc_pair_702336,9.697607997143876
5591,arc_pair_513610,15.7049452104646
5592,arc_pair_1992,7.468729682033499
5593,arc_pair_342346,6.879144548511714
5594,arc_pair_268836,6.3787639640191856
5595,arc_pair_724204,24.831197034559366
5596,arc_pair_169771,24.211458179524012
5597,arc_pair_43333,21.923384937131782
5598,arc_pair_394923,16.365265200517463
5599,arc_pair_566340,17.69395113042383
5600,arc_pair_502902,11.310852395117447
5601,arc_pair_428622,9.29932022059204
5602,arc_pair_17997,19.728404265232495
5603,arc_pair_441351,28.565389046380076
5604,arc_pair_573457,20.4691941080762
5605,arc_pair_173669,14.136085453158227
5606,arc_pair_592911,37.035127600969034
5607,arc_pair_119865,36.31867736757624
5608,arc_pair_258096,57.36991739941381
5609,arc_pair_731513,22.48396376545477
5610,arc_pair_196795,18.066931039328033
5611,arc_pair_421815,17.879726250169398
5612,arc_pair_525667,18.965436954654365
5613,arc_pair_166938,27.223216483911898
5614,arc_pair_81153,12.25924700588897
5615,arc_pair_671595,13.789537991599847
5616,arc_pair_468483,17.888049966399176
5617,arc_pair_153725,90.89789940412898
5618,arc_pair_166191,47.96636238735067
5619,arc_pair_620963,14.00920687390079
5620,arc_pair_189030,11.48170323607619
5621,arc_pair_426779,26.008803306014727
5622,arc_pair_345196,12.46744426398937
5623,arc_pair_638000,7.522984775168183
5624,arc_pair_272187,14.505208868432408
5625,arc_pair_529644,15.800201115005251
5626,arc_pair_161204,25.237088871697495
5627,arc_pair_688919,14.200070296024368
5628,arc_pair_252618,13.503737283381598
5629,arc_pair_685501,16.12198859497073
5630,arc_pair_620719,12.741153689359969
5631,arc_pair_80892,33.058994999390166
5632,arc_pair_343691,12.257663671373557
5633,arc_pair_193714,15.076504297994271
5634,arc_pair_633565,14.077835667726728
5635,arc_pair_732915,316.9010257219504
5636,arc_pair_693085,38.61243322000972
5637,arc_pair_485266,13.438460910500968
5638,arc_pair_166312,15.382272574743135
5639,arc_pair_207654,27.807063584911624
5640,arc_pair_248215,92.86051900696894
5641,arc_pair_411373,9.721845085178753
5642,arc_pair_661346,71.82277354307263
5643,arc_pair_221336,330.3770898133748
5644,arc_pair_724068,17.550646041261697
5645,arc_pair_216045,7.654366041315346
5646,arc_pair_377264,410.4851143009038
5647,arc_pair_41532,16.330920080591
5648,arc_pair_338625,42.810807094733946
5649,arc_pair_75981,20.804526281829155
5650,arc_pair_420992,27.716155234657037
5651,arc_pair_105779,27.36396627616564
5652,arc_pair_611101,7.9216539855997565
5653,arc_pair_632661,32.878873944458945
5654,arc_pair_577382,25.6980437399679
5655,arc_pair_59944,29.552218106787087
5656,arc_pair_92840,9.63887533544767
5657,arc_pair_345250,17.877962264150945
5658,arc_pair_614753,8.328866283166565
5659,arc_pair_415625,32.05655384297627
5660,arc_pair_567228,63.66032122296939
5661,arc_pair_104538,14.950977219322068
5662,arc_pair_225230,22.404194424484526
5663,arc_pair_676196,37.18409964518036
5664,arc_pair_687029,14.237790252946285
5665,arc_pair_649138,16.81248992747784
5666,arc_pair_196644,9.805556511070597
5667,arc_pair_419942,57.07327956386991
5668,arc_pair_240824,11.679530022775165
5669,arc_pair_610507,7.256295017917281
5670,arc_pair_293043,53.50988811916064
5671,arc_pair_674216,8.46761569983104
5672,arc_pair_548286,10.83310701463941
5673,arc_pair_274881,27.274512538350365
5674,arc_pair_474988,23.873371290923025
5675,arc_pair_427810,6.800880074960563
5676,arc_pair_735481,9.281118435398112
5677,arc_pair_163612,8.244740032215747
5678,arc_pair_690451,29.678876058001446
5679,arc_pair_461323,7.665586935249857
5680,arc_pair_114685,14.22400260426086
5681,arc_pair_154131,31.206920446499858
5682,arc_pair_608137,29.48790810927959
5683,arc_pair_714299,12.915410870042516
5684,arc_pair_160878,10.352586783972459
5685,arc_pair_151626,19.003311501178935
5686,arc_pair_166555,18.005675227837614
5687,arc_pair_175683,42.49100636869585
5688,arc_pair_1843,12.053867860786157
5689,arc_pair_166105,143.4029843158189
5690,arc_pair_292717,9.431909540472542
5691,arc_pair_329673,71.01019223793979
5692,arc_pair_730396,36.19648885887914
5693,arc_pair_230730,16.42797263681592
5694,arc_pair_588521,5.755164555100841
5695,arc_pair_262113,13.430915062181892
5696,arc_pair_276500,10.071649166151946
5697,arc_pair_715172,13.132740202933913
5698,arc_pair_205887,12.535980611483968
5699,arc_pair_427406,19.651104313562836
5700,arc_pair_174138,10.46364525595044
5701,arc_pair_359988,20.481087470449175
5702,arc_pair_480623,12.25479397329072
5703,arc_pair_549182,13.549358530064925
5704,arc_pair_698827,29.40469079409698
5705,arc_pair_335083,11.009613417876867
5706,arc_pair_558843,19.41874499822888
5707,arc_pair_253137,14.541341596119443
5708,arc_pair_724506,6.974156645838445
5709,arc_pair_335129,65.46971013945051
5710,arc_pair_284440,16.85666083215589
5711,arc_pair_420843,13.423975383003798
5712,arc_pair_695595,59.541450517504956
5713,arc_pair_482864,12.616180493486091
5714,arc_pair_340880,17.38466530019467
5715,arc_pair_517501,26.488783763161912
5716,arc_pair_725317,12.499643323183992
5717,arc_pair_595939,9.155526015951388
5718,arc_pair_492864,16.490652944153872
5719,arc_pair_204516,33.137149866467915
5720,arc_pair_179073,28.168219237435004
5721,arc_pair_317058,11.388894622768088
5722,arc_pair_574490,9.099663872352489
5723,arc_pair_573355,8.727493842835507
5724,arc_pair_414809,9.82343052494773
5725,arc_pair_185711,21.997944291501867
5726,arc_pair_104056,14.23389826179134
5727,arc_pair_360020,7.614178795192472
5728,arc_pair_167128,50.68458047154276
5729,arc_pair_98470,29.471314929933623
5730,arc_pair_103639,50.974565259149614
5731,arc_pair_408129,56.42298536475427
5732,arc_pair_672511,7.028622744713854
5733,arc_pair_247461,14.282390862588466
5734,arc_pair_644970,8.714879637706712
5735,arc_pair_690778,27.50375990241679
5736,arc_pair_375672,22.008904928893482
5737,arc_pair_483263,8.29049295774648
5738,arc_pair_419738,45.13260499369706
5739,arc_pair_724013,13.55516285047519
5740,arc_pair_26927,30.86457980823463
5741,arc_pair_68624,9.151398072173983
5742,arc_pair_226522,11.46124006835219
5743,arc_pair_266296,9.274271523665378
5744,arc_pair_426305,8.474674426234184
5745,arc_pair_342385,16.496789173133642
5746,arc_pair_435529,10.174568427238668
5747,arc_pair_178009,22.61460255562132
5748,arc_pair_202303,19.981797287979777
5749,arc_pair_656760,17.587687179285275
5750,arc_pair_519374,8.701972185118253
5751,arc_pair_397335,18.060035442748525
5752,arc_pair_664611,18.162483357858594
5753,arc_pair_228212,17.273400454693082
5754,arc_pair_504116,10.011468901632114
5755,arc_pair_152548,10.607243045273904
5756,arc_pair_553864,12.809934270737998
5757,arc_pair_112706,28.07067548376917
5758,arc_pair_330813,13.10966381142526
5759,arc_pair_220272,15.211342738822207
5760,arc_pair_291479,11.789444429004195
5761,arc_pair_431090,213.90264094918157
5762,arc_pair_280792,28.14228496928552
5763,arc_pair_374258,11.564658203486434
5764,arc_pair_715575,12.279172933281092
5765,arc_pair_206205,28.015012390609478
5766,arc_pair_367474,18.746491149364882
5767,arc_pair_148903,7.613247395262977
5768,arc_pair_506594,14.481983778752827
5769,arc_pair_84392,14.47177899499881
5770,arc_pair_235836,13.50512544467328
5771,arc_pair_606191,20.60814268052342
5772,arc_pair_99959,25.646067071301573
5773,arc_pair_638493,16.914697824712576
5774,arc_pair_276804,12.732148685876929
5775,arc_pair_8766,18.603286384976528
5776,arc_pair_73603,31.835302352217532
5777,arc_pair_264090,22.276268702978385
5778,arc_pair_592481,13.049156425744638
5779,arc_pair_337790,33.172733912196705
5780,arc_pair_475788,19.6231697813991
5781,arc_pair_453710,28.9635340186001
5782,arc_pair_31,16.177840967050905
5783,arc_pair_664884,14.57145657123042
5784,arc_pair_505992,14.003132613992346
5785,arc_pair_493371,16.055212568388292
5786,arc_pair_188898,11.568588742998806
5787,arc_pair_547348,9.730598379932061
5788,arc_pair_132076,30.233060448797602
5789,arc_pair_677251,6.9640700282714585
5790,arc_pair_548547,13.453394154012365
5791,arc_pair_195253,24.53156033786586
5792,arc_pair_414018,12.617228451993896
5793,arc_pair_226060,13.940053963164274
5794,arc_pair_621574,16.89280688460706
5795,arc_pair_563752,10.520776992642995
5796,arc_pair_713767,12.798416733442016
5797,arc_pair_286095,6.108204961698956
5798,arc_pair_212929,14.313265645379914
5799,arc_pair_309857,17.569876084262702
5800,arc_pair_692342,7.746875000000001
5801,arc_pair_548052,11.16922911128673
5802,arc_pair_584693,81.08262292258675
5803,arc_pair_243926,29.751326596530085
5804,arc_pair_535098,25.58006300853344
5805,arc_pair_390389,28.478000174157508
5806,arc_pair_109263,19.55903696747204
5807,arc_pair_22933,11.581797324622805
5808,arc_pair_631574,12.110350448247761
5809,arc_pair_89236,9.394843880846992
5810,arc_pair_371236,24.15938660392868
5811,arc_pair_582747,54.5026466721733
5812,arc_pair_583855,11.82328632581584
5813,arc_pair_350091,13.895402981343167
5814,arc_pair_198877,11.746222987186844
5815,arc_pair_703458,14.075632436520033
5816,arc_pair_696194,7.559050789798479
5817,arc_pair_567584,12.34523946490393
5818,arc_pair_339327,12.914201762977473
5819,arc_pair_512484,16.95755573306223
5820,arc_pair_355456,16.71865169329186
5821,arc_pair_83154,13.323671837608043
5822,arc_pair_239415,7.463988347572773
5823,arc_pair_469302,8.432178845109515
5824,arc_pair_286650,11.125986794142765
5825,arc_pair_424284,41.92455893494967
5826,arc_pair_129010,13.207024871843553
5827,arc_pair_675016,28.481194750257604
5828,arc_pair_177240,22.003929974991067
5829,arc_pair_240536,13.971080058673667
5830,arc_pair_453213,20.110550114240976
5831,arc_pair_589664,9.543765194189149
5832,arc_pair_91169,119.14330532337095
5833,arc_pair_559086,9.259055954985934
5834,arc_pair_163716,11.873152360254316
5835,arc_pair_58545,51.35723687541133
5836,arc_pair_732240,16.53139728050206
5837,arc_pair_286715,28.297969562316688
5838,arc_pair_696878,12.255226875525924
5839,arc_pair_605601,13.944426143740191
5840,arc_pair_251262,25.62265286704596
5841,arc_pair_345840,21.509890315927628
5842,arc_pair_404777,10.198138990109317
5843,arc_pair_594543,302.87020901194353
5844,arc_pair_682138,16.31162304796556
5845,arc_pair_705830,12.88910888206263
5846,arc_pair_609788,6.09277160952845
5847,arc_pair_434791,12.407913838156201
5848,arc_pair_588130,10.081570899726382
5849,arc_pair_228341,19.12879074730646
5850,arc_pair_174483,12.782926964270889
5851,arc_pair_566053,50.994022189881534
5852,arc_pair_132060,9.848379115650573
5853,arc_pair_389151,18.173617679938086
5854,arc_pair_7256,20.434460723192018
5855,arc_pair_197782,14.295964679713304
5856,arc_pair_607145,9.901654333329269
5857,arc_pair_263939,18.870966382422772
5858,arc_pair_528203,17.874230644638807
5859,arc_pair_162384,8.808042811049027
5860,arc_pair_110541,17.440145985401458
5861,arc_pair_417622,17.114021782375172
5862,arc_pair_63029,12.150628468821418
5863,arc_pair_680369,42.31950370618475
5864,arc_pair_529804,22.03136256663945
5865,arc_pair_692704,13.88207820653224
5866,arc_pair_654032,26.84966139954853
5867,arc_pair_243930,13.724761051373957
5868,arc_pair_130118,5.127302296677287
5869,arc_pair_542019,40.43622072231512
5870,arc_pair_370061,37.389421025179004
5871,arc_pair_537119,19.123365175679556
5872,arc_pair_366361,21.654607721046077
5873,arc_pair_469705,45.85192612009712
5874,arc_pair_669062,16.51393844025123
5875,arc_pair_592585,8.385811414051233
5876,arc_pair_618988,22.51532922426346
5877,arc_pair_254522,16.66097021947003
5878,arc_pair_97843,9.005205298527756
5879,arc_pair_532065,12.763631462750936
5880,arc_pair_659987,15.246538747187211
5881,arc_pair_421878,13.029724303413154
5882,arc_pair_220233,9.1664795289607
5883,arc_pair_633621,28.566062358916476
5884,arc_pair_267242,15.683352451614477
5885,arc_pair_215487,21.90639705380891
5886,arc_pair_179209,21.211826524570753
5887,arc_pair_591346,15.978325266470945
5888,arc_pair_612469,14.536843397152674
5889,arc_pair_482608,19.646149507341406
5890,arc_pair_106211,10.631270874801794
5891,arc_pair_560703,14.607922316967809
5892,arc_pair_587338,16.51861002745268
5893,arc_pair_3868,40.54396498905908
5894,arc_pair_87005,9.644155497321027
5895,arc_pair_105597,12.307535055138061
5896,arc_pair_330014,8.29484772482981
5897,arc_pair_118576,13.86568677141409
5898,arc_pair_246773,21.16040980342468
5899,arc_pair_533418,41.342173976113344
5900,arc_pair_718185,60.64258230574269
5901,arc_pair_301460,20.189071856287427
5902,arc_pair_682246,16.999343176171575
5903,arc_pair_47034,17.696816633384238
5904,arc_pair_617112,19.27570297317663
5905,arc_pair_582213,65.67900373341601
5906,arc_pair_160244,11.857228412256267
5907,arc_pair_449425,16.95341825582272
5908,arc_pair_458234,51.400649517135285
5909,arc_pair_486831,14.060257416954013
5910,arc_pair_178674,156.25517015316765
5911,arc_pair_497373,40.25305016928286
5912,arc_pair_508748,10.85153858546802
5913,arc_pair_129381,44.63538147973945
5914,arc_pair_540566,9.994014847781465
5915,arc_pair_138590,18.228651964848286
5916,arc_pair_412861,17.878070069099287
5917,arc_pair_390262,33.96327649934423
5918,arc_pair_240218,6.515742906048843
5919,arc_pair_216478,10.457963280604792
5920,arc_pair_164712,15.32593746438205
5921,arc_pair_625825,17.421242840554747
5922,arc_pair_540423,18.84019364824448
5923,arc_pair_576842,53.32485180981208
5924,arc_pair_112897,24.052502706959345
5925,arc_pair_248782,9.846526141501625
5926,arc_pair_445810,17.88964963280294
5927,arc_pair_97793,15.860749973138502
5928,arc_pair_667355,20.029058202888525
5929,arc_pair_146663,11.149312041251216
5930,arc_pair_458371,14.533128307824345
5931,arc_pair_504784,18.453433134082424
5932,arc_pair_712567,14.436762828695429
5933,arc_pair_152620,62.809864470186724
5934,arc_pair_499382,10.482510643194109
5935,arc_pair_410082,12.977559721188332
5936,arc_pair_734588,6.653567274137262
5937,arc_pair_26045,26.135305230841894
5938,arc_pair_329887,24.906073146180518
5939,arc_pair_215673,74.98601621863227
5940,arc_pair_271532,10.855662207699377
5941,arc_pair_704094,15.366301611278955
5942,arc_pair_144629,28.96012086070437
5943,arc_pair_693836,15.641793765570887
5944,arc_pair_521147,12.144899421736765
5945,arc_pair_189753,22.38161150958433
5946,arc_pair_55091,16.392904965096143
5947,arc_pair_297718,54.80102437346312
5948,arc_pair_129749,9.655894156416196
5949,arc_pair_323423,12.457643794643733
5950,arc_pair_486450,36.80365633408279
5951,arc_pair_214127,11.434575313438108
5952,arc_pair_711783,9.08761450509283
5953,arc_pair_273919,12.872513894630472
5954,arc_pair_10032,26.200900364349774
5955,arc_pair_347277,7.930882149434218
5956,arc_pair_393985,16.53834004580273
5957,arc_pair_483717,14.049790504105367
5958,arc_pair_465,21.612549754875594
5959,arc_pair_549730,11.383767596308594
5960,arc_pair_462702,47.48983338572776
5961,arc_pair_271027,20.981367894803174
5962,arc_pair_191226,11.61689156694673
5963,arc_pair_89715,9.343158228349575
5964,arc_pair_125785,15.409430142434442
5965,arc_pair_228418,21.671688661258365
5966,arc_pair_157140,32.54579260674653
5967,arc_pair_322377,8.565935987089834
5968,arc_pair_588393,6.666717515330872
5969,arc_pair_265064,21.3597396385007
5970,arc_pair_652129,12.612442044720932
5971,arc_pair_23752,10.612001591164358
5972,arc_pair_430208,12.25389883421693
5973,arc_pair_432235,10.432887552910866
5974,arc_pair_216663,20.968182668912597
5975,arc_pair_354288,12.2967330648511
5976,arc_pair_427934,17.839294999566686
5977,arc_pair_208387,29.71453931668704
5978,arc_pair_569555,23.7384122866329
5979,arc_pair_732630,14.871652827592984
5980,arc_pair_169291,43.10529948723729
5981,arc_pair_459281,10.912804291019118
5982,arc_pair_151217,61.333913632932266
5983,arc_pair_404757,13.206209229282436
5984,arc_pair_349140,13.4090459748707
5985,arc_pair_296365,19.19545657584073
5986,arc_pair_396007,26.904492912187234
5987,arc_pair_456877,31.718506926865192
5988,arc_pair_187034,9.084016038769976
5989,arc_pair_223891,32.52491432384072
5990,arc_pair_106773,53.29705290875157
5991,arc_pair_325324,14.986521256066895
5992,arc_pair_296670,8.846168862859932
5993,arc_pair_669916,15.183771480027014
5994,arc_pair_509342,37.750097120569365
5995,arc_pair_287431,11.748769207817395
5996,arc_pair_35540,11.8545316615138
5997,arc_pair_485505,11.300917598305972
5998,arc_pair_287962,7.635000513505187
5999,arc_pair_695798,30.598411414477614
6000,arc_pair_310969,23.290501096230553
6001,arc_pair_20742,6.679356821943722
6002,arc_pair_384485,8.587430551406893
6003,arc_pair_48973,272.3870147228983
6004,arc_pair_723164,9.942680760807711
6005,arc_pair_66821,22.86277014430712
6006,arc_pair_405453,49.22234053695493
6007,arc_pair_726366,11.674999673300837
6008,arc_pair_713028,16.65990678926817
6009,arc_pair_392551,22.50977688403716
6010,arc_pair_493828,20.64672248315295
6011,arc_pair_477296,29.435340484134628
6012,arc_pair_471895,45.43435553830315
6013,arc_pair_256246,9.35771852771986
6014,arc_pair_75889,8.603417456903081
6015,arc_pair_366068,28.467743533842043
6016,arc_pair_314357,11.058994117159665
6017,arc_pair_558930,35.29384357745685
6018,arc_pair_678983,19.976095923261397
6019,arc_pair_26012,28.0132481579616
6020,arc_pair_199704,12.628712435004847
6021,arc_pair_306690,11.854329473290997
6022,arc_pair_315053,4.298308831974274
6023,arc_pair_309070,29.978842457276773
6024,arc_pair_546538,19.400266384426025
6025,arc_pair_45029,14.74124581647435
6026,arc_pair_439357,19.72448891678667
6027,arc_pair_356962,8.725961469598223
6028,arc_pair_546168,13.012396694214877
6029,arc_pair_562437,13.325547826354018
6030,arc_pair_487703,16.01758829104582
6031,arc_pair_257841,23.798533950617283
6032,arc_pair_353633,13.625018419536767
6033,arc_pair_390307,21.2548671274214
6034,arc_pair_170634,11.876304752080138
6035,arc_pair_88153,144.50023962799372
6036,arc_pair_654100,12.715851838029483
6037,arc_pair_100536,13.219534158801629
6038,arc_pair_53954,16.56853612708535
6039,arc_pair_264858,14.697416974169743
6040,arc_pair_667549,8.805306012583694
6041,arc_pair_142895,11.988665373225775
6042,arc_pair_316805,9.506770613426623
6043,arc_pair_131142,14.914318727224247
6044,arc_pair_584867,7.048600134846861
6045,arc_pair_312515,11.255598511926472
6046,arc_pair_154941,19.27277452141022
6047,arc_pair_183866,36.295878448297614
6048,arc_pair_594164,7.708158027600135
6049,arc_pair_206634,36.3550152735036
6050,arc_pair_29021,17.812919498353537
6051,arc_pair_641181,9.85651708361725
6052,arc_pair_273734,13.110310583195403
6053,arc_pair_688542,10.372040257361878
6054,arc_pair_179696,14.90087029433875
6055,arc_pair_588517,47.492004649961245
6056,arc_pair_193866,10.378546239275753
6057,arc_pair_630538,13.807051262800686
6058,arc_pair_456123,13.185158406730643
6059,arc_pair_695720,9.500567536889898
6060,arc_pair_168984,23.964912280701753
6061,arc_pair_690172,11.582608985802231
6062,arc_pair_166563,10.910699065940756
6063,arc_pair_392013,37.71936650796216
6064,arc_pair_240054,17.522503413302125
6065,arc_pair_50102,17.141413834028178
6066,arc_pair_248464,23.728470237355538
6067,arc_pair_314584,18.8861604147606
6068,arc_pair_131904,9.210103842479892
6069,arc_pair_523654,23.200212040313207
6070,arc_pair_565937,10.338001148070939
6071,arc_pair_186672,10.690438034188034
6072,arc_pair_162465,17.78619014406311
6073,arc_pair_601320,51.54578420390109
6074,arc_pair_297935,10.057819733139691
6075,arc_pair_141755,11.213518149042667
6076,arc_pair_543556,22.59536221830016
6077,arc_pair_360450,14.556310162736153
6078,arc_pair_474678,15.77590170100723
6079,arc_pair_503427,22.422714277706152
6080,arc_pair_304711,22.443410024188555
6081,arc_pair_667699,14.833657459725107
6082,arc_pair_520347,11.113438746123173
6083,arc_pair_540946,15.689154464249293
6084,arc_pair_497650,12.395385514018692
6085,arc_pair_692765,10.942887026206856
6086,arc_pair_200430,66.0255877698655
6087,arc_pair_205262,14.065552731573518
6088,arc_pair_586773,28.198048325021066
6089,arc_pair_132144,27.480807682188896
6090,arc_pair_289317,12.113224545547013
6091,arc_pair_195674,17.69365432354158
6092,arc_pair_544840,16.276149165612388
6093,arc_pair_374805,27.84020871992514
6094,arc_pair_271965,21.388191159680314
6095,arc_pair_198046,8.872709114482953
6096,arc_pair_716007,6.633820521961012
6097,arc_pair_85327,11.134403597210758
6098,arc_pair_298443,11.983786768396747
6099,arc_pair_80125,11.671225312448232
6100,arc_pair_260677,10.196976602856274
6101,arc_pair_109701,12.353630149639757
6102,arc_pair_191267,70.6936866566424
6103,arc_pair_693031,42.1693574997643
6104,arc_pair_639076,43.582833840378015
6105,arc_pair_50114,11.730313325783314
6106,arc_pair_73224,9.07819276837682
6107,arc_pair_611789,11.2668917115867
6108,arc_pair_623302,11.71275286516422
6109,arc_pair_52083,36.82549595885378
6110,arc_pair_99187,24.285149463027565
6111,arc_pair_119428,49.7426559754498
6112,arc_pair_28276,27.42837203981238
6113,arc_pair_244902,14.17718748560107
6114,arc_pair_511226,12.594928293285214
6115,arc_pair_111018,13.540112668408728
6116,arc_pair_83420,21.039288773085318
6117,arc_pair_112264,15.632942528735631
6118,arc_pair_262563,35.11780721445558
6119,arc_pair_89187,12.847288629737609
6120,arc_pair_376212,11.199120946777944
6121,arc_pair_331799,11.426959162398589
6122,arc_pair_382455,10.095547139285188
6123,arc_pair_604071,14.23758637885588
6124,arc_pair_391296,14.095945226601074
6125,arc_pair_315229,30.558623864999134
6126,arc_pair_89168,7.9072005527497655
6127,arc_pair_707929,7.9858457622646775
6128,arc_pair_72120,185.0242222373281
6129,arc_pair_719937,18.041604374852465
6130,arc_pair_365081,10.646326473970102
6131,arc_pair_255755,21.232192565907976
6132,arc_pair_551087,16.46661536145082
6133,arc_pair_28333,10.982420726688355
6134,arc_pair_486692,14.476618314269283
6135,arc_pair_1926,8.229010404064843
6136,arc_pair_65061,9.626857028046
6137,arc_pair_517960,14.002958646701448
6138,arc_pair_170360,18.544388428760055
6139,arc_pair_309877,9.286907103825136
6140,arc_pair_577731,17.415117588324023
6141,arc_pair_603976,10.24019647185348
6142,arc_pair_249058,18.405294825511433
6143,arc_pair_701280,8.585235501703284
6144,arc_pair_19710,16.517868220968648
6145,arc_pair_649636,15.738495095802921
6146,arc_pair_348878,18.631063120744173
6147,arc_pair_720477,11.782363699273393
6148,arc_pair_225729,51.101161771153
6149,arc_pair_61022,15.57244281730621
6150,arc_pair_420137,23.114366921567296
6151,arc_pair_507825,15.343326032731035
6152,arc_pair_693436,13.33465802831953
6153,arc_pair_134182,14.287363166430168
6154,arc_pair_127604,23.88923726407525
6155,arc_pair_546129,8.22741408181166
6156,arc_pair_241487,12.214085668631123
6157,arc_pair_460729,17.838639663975766
6158,arc_pair_650801,12.927355973754416
6159,arc_pair_157855,52.34421251768596
6160,arc_pair_640102,14.528428038158442
6161,arc_pair_116509,14.97819662243667
6162,arc_pair_298044,66.63959091014385
6163,arc_pair_240296,14.680428291979819
6164,arc_pair_548137,16.2698224852071
6165,arc_pair_384305,12.862473940236276
6166,arc_pair_305442,30.626953740276733
6167,arc_pair_552613,14.789497957570166
6168,arc_pair_557411,5.526726356422904
6169,arc_pair_148889,13.192193722261703
6170,arc_pair_406286,8.775106082036777
6171,arc_pair_495905,9.201330602033972
6172,arc_pair_140943,13.138429570148098
6173,arc_pair_600966,11.061952074810051
6174,arc_pair_316147,25.23321598881482
6175,arc_pair_172561,17.925487941748102
6176,arc_pair_386011,36.65430912893342
6177,arc_pair_605267,20.46510435201273
6178,arc_pair_253639,34.21485109664849
6179,arc_pair_681722,36.62733237107991
6180,arc_pair_426630,29.00004364842647
6181,arc_pair_537343,14.303195431959807
6182,arc_pair_10618,21.59234122042341
6183,arc_pair_87571,16.952857528575286
6184,arc_pair_500525,12.238332968772117
6185,arc_pair_144845,8.310123642754032
6186,arc_pair_526047,28.563803909731714
6187,arc_pair_447266,11.71178720295647
6188,arc_pair_460816,14.65566863110153
6189,arc_pair_634886,10.570186893005793
6190,arc_pair_442064,14.171343054243962
6191,arc_pair_42191,46.37192127254069
6192,arc_pair_536047,19.34121213712006
6193,arc_pair_373102,12.348935481914312
6194,arc_pair_345899,11.38100443219933
6195,arc_pair_367141,22.33642106757524
6196,arc_pair_234641,112.8909283331908
6197,arc_pair_229970,6.021049688448634
6198,arc_pair_187022,11.928211525291069
6199,arc_pair_150312,7.609442318700852
6200,arc_pair_703679,12.284182237659408
6201,arc_pair_106088,34.910978180090396
6202,arc_pair_185658,19.431858109998323
6203,arc_pair_320777,22.45614739146297
6204,arc_pair_336359,13.753624573813845
6205,arc_pair_331166,8.976144027646175
6206,arc_pair_282432,13.661546918989156
6207,arc_pair_212837,11.665340011044885
6208,arc_pair_429697,30.367269837938327
6209,arc_pair_326709,9.065979625681118
6210,arc_pair_102161,22.799199671660165
6211,arc_pair_49460,17.897304964539007
6212,arc_pair_358946,6.263247418207065
6213,arc_pair_351771,20.233465824759126
6214,arc_pair_67027,14.488812042310823
6215,arc_pair_153181,10.586451043233698
6216,arc_pair_432034,11.239681614513135
6217,arc_pair_675688,12.40431707189906
6218,arc_pair_267872,13.139596712515026
6219,arc_pair_71059,44.17845643826468
6220,arc_pair_263132,56.29732537003375
6221,arc_pair_561364,20.82829535809885
6222,arc_pair_240652,19.057646536770342
6223,arc_pair_151016,11.218183499815021
6224,arc_pair_15748,9.85778632759349
6225,arc_pair_684367,7.511441293037366
6226,arc_pair_427236,7.578833693304536
6227,arc_pair_65919,14.177244297277408
6228,arc_pair_670873,27.033928831560967
6229,arc_pair_627101,13.913674610640744
6230,arc_pair_331023,64.42060744535992
6231,arc_pair_134116,16.506749717857453
6232,arc_pair_239771,12.831487322428423
6233,arc_pair_146229,21.947286040940767
6234,arc_pair_181027,15.033891625615759
6235,arc_pair_195434,28.599658047970063
6236,arc_pair_200735,7.5175080741118485
6237,arc_pair_184225,18.55824034924366
6238,arc_pair_582966,8.991597069221704
6239,arc_pair_669582,7.702701832005326
6240,arc_pair_323767,21.99842868890977
6241,arc_pair_244492,28.215642854403928
6242,arc_pair_503372,17.671656770092834
6243,arc_pair_731134,46.551381855742825
6244,arc_pair_171273,240.8505030158058
6245,arc_pair_280399,10.135113398745375
6246,arc_pair_701078,20.218842306451208
6247,arc_pair_538921,13.267155170887982
6248,arc_pair_503688,15.071273639259811
6249,arc_pair_604548,14.214375729827847
6250,arc_pair_527768,20.35365066898544
6251,arc_pair_567526,29.266022544283416
6252,arc_pair_696136,8.502167978159626
6253,arc_pair_160527,96.39782333643113
6254,arc_pair_201061,19.433729558389167
6255,arc_pair_191532,11.823166768017781
6256,arc_pair_688082,12.061566319601631
6257,arc_pair_545457,12.230230834209664
6258,arc_pair_386590,24.8713360176302
6259,arc_pair_55290,19.229047217537943
6260,arc_pair_281137,25.789037670592634
6261,arc_pair_683334,19.26188687067603
6262,arc_pair_547190,19.115443398317645
6263,arc_pair_702341,17.570864934048384
6264,arc_pair_448557,17.562580778576233
6265,arc_pair_454574,31.10320491833097
6266,arc_pair_430265,27.51502240606687
6267,arc_pair_12465,14.267727891156461
6268,arc_pair_300396,10.64895311346774
6269,arc_pair_537416,43.037262937196225
6270,arc_pair_221253,13.315071598594475
6271,arc_pair_135615,25.606187462946608
6272,arc_pair_329501,19.324235942071745
6273,arc_pair_39365,20.17578321748766
6274,arc_pair_729695,9.97300628198764
6275,arc_pair_345270,24.958023538825724
6276,arc_pair_69828,15.760157943908759
6277,arc_pair_698606,10.879476633371073
6278,arc_pair_493687,51.39667161045516
6279,arc_pair_660062,16.36735300308294
6280,arc_pair_465157,14.6366180140664
6281,arc_pair_449038,265.2141476658307
6282,arc_pair_544568,16.20162237456641
6283,arc_pair_441408,27.4647795318454
6284,arc_pair_665260,8.515010618084274
6285,arc_pair_20847,16.488338466160897
6286,arc_pair_317516,66.64230596631022
6287,arc_pair_467185,19.19751641418364
6288,arc_pair_59088,7.53064116823939
6289,arc_pair_260749,12.477516098365948
6290,arc_pair_515422,16.475371780921293
6291,arc_pair_674164,13.157604291282368
6292,arc_pair_552003,17.59642753832803
6293,arc_pair_438897,15.949489148580966
6294,arc_pair_415310,15.731923511055042
6295,arc_pair_270749,16.843041549011698
6296,arc_pair_251014,9.112245861891617
6297,arc_pair_653217,12.292688118192064
6298,arc_pair_661366,18.554622981351237
6299,arc_pair_126486,9.966983771684388
6300,arc_pair_668844,8.466932932206028
6301,arc_pair_621082,63.637040169133186
6302,arc_pair_569353,20.40483460157251
6303,arc_pair_465911,12.411092649123486
6304,arc_pair_716093,20.721065982091012
6305,arc_pair_85219,31.130090024805597
6306,arc_pair_650342,30.63827086004475
6307,arc_pair_315252,22.711396653726837
6308,arc_pair_646296,23.508321367199457
6309,arc_pair_412206,23.449088678583948
6310,arc_pair_257343,17.42838748878794
6311,arc_pair_553868,10.104652500215657
6312,arc_pair_679185,59.68880584143046
6313,arc_pair_415193,10.440015942606617
6314,arc_pair_541156,71.12836520767165
6315,arc_pair_559136,9.926256983240222
6316,arc_pair_666620,29.60540799808142
6317,arc_pair_247343,19.281333677132714
6318,arc_pair_492350,20.020146883684
6319,arc_pair_442418,22.66727888708256
6320,arc_pair_326498,9.17846594730532
6321,arc_pair_35983,47.35283540802213
6322,arc_pair_731860,16.522277495403912
6323,arc_pair_523269,18.686899816323763
6324,arc_pair_389798,17.407633078695284
6325,arc_pair_555953,9.879748724965792
6326,arc_pair_248409,22.159069484126412
6327,arc_pair_235139,9.317563250702786
6328,arc_pair_586564,29.45098119672148
6329,arc_pair_584559,11.814515554415518
6330,arc_pair_15573,13.609927947459031
6331,arc_pair_240193,64.61117443635169
6332,arc_pair_80627,26.620000860992725
6333,arc_pair_512021,27.773762235246508
6334,arc_pair_665149,10.927713342762846
6335,arc_pair_322064,11.642807594481413
6336,arc_pair_338890,10.257814841223095
6337,arc_pair_641046,87.11045876223154
6338,arc_pair_362380,34.797095454754356
6339,arc_pair_682572,30.496917460654068
6340,arc_pair_70189,39.889655286489344
6341,arc_pair_157496,11.738500297223087
6342,arc_pair_427298,7.339615612798188
6343,arc_pair_40600,32.75917704137679
6344,arc_pair_720508,39.41444182785172
6345,arc_pair_243480,9.48186129753915
6346,arc_pair_103361,11.355571276972055
6347,arc_pair_13262,18.43306289300314
6348,arc_pair_90518,29.70221171089222
6349,arc_pair_80148,15.569769785461549
6350,arc_pair_392341,14.293232399008842
6351,arc_pair_726576,12.64380920907689
6352,arc_pair_546810,78.93454973981434
6353,arc_pair_292473,10.111253455599755
6354,arc_pair_624279,14.990662675745615
6355,arc_pair_684799,11.181425407102694
6356,arc_pair_560867,15.680428682309394
6357,arc_pair_183722,28.439269778881922
6358,arc_pair_681574,9.5907904733591
6359,arc_pair_28427,13.817245795838254
6360,arc_pair_31256,11.524596848934198
6361,arc_pair_501924,9.057359952324195
6362,arc_pair_600663,10.53931636325288
6363,arc_pair_521491,29.94340833801396
6364,arc_pair_590760,7.228088304368247
6365,arc_pair_633800,9.520930147126352
6366,arc_pair_434908,10.316922713655348
6367,arc_pair_688755,41.688743713098624
6368,arc_pair_625487,24.418094379320706
6369,arc_pair_97232,23.223278262483756
6370,arc_pair_533506,13.839492057067691
6371,arc_pair_534369,41.73180090764859
6372,arc_pair_610399,8.441385481235573
6373,arc_pair_358141,12.62494498425703
6374,arc_pair_206589,20.752729805584575
6375,arc_pair_13327,39.845057253375
6376,arc_pair_349750,16.813883867235518
6377,arc_pair_231300,11.767264408126362
6378,arc_pair_126869,23.42578233678888
6379,arc_pair_28974,21.126731050629207
6380,arc_pair_289403,21.31217616580311
6381,arc_pair_221029,14.942202062440202
6382,arc_pair_295420,16.746768484269975
6383,arc_pair_549989,19.391854873790518
6384,arc_pair_559570,25.80105875353626
6385,arc_pair_390110,29.95103862262499
6386,arc_pair_502172,23.740300366994838
6387,arc_pair_672225,22.45021569819624
6388,arc_pair_624445,24.90420366060397
6389,arc_pair_80324,9.198542269540862
6390,arc_pair_513763,7.582846436407563
6391,arc_pair_190227,15.913135120390804
6392,arc_pair_352665,35.48304117407256
6393,arc_pair_562270,81.51327749340777
6394,arc_pair_467310,9.941689449169706
6395,arc_pair_165764,28.24906620747288
6396,arc_pair_379470,19.388886950453593
6397,arc_pair_385607,11.899292761202899
6398,arc_pair_160566,36.65347227336328
6399,arc_pair_181820,9.078792549775208
6400,arc_pair_155782,21.15598111129776
6401,arc_pair_725073,41.67514260975858
6402,arc_pair_314140,10.98513583695983
6403,arc_pair_394915,16.388389920558623
6404,arc_pair_398035,10.160347906366539
6405,arc_pair_516074,25.838597202513686
6406,arc_pair_364242,39.659356779671555
6407,arc_pair_579980,14.540643089086547
6408,arc_pair_561149,13.540120267812863
6409,arc_pair_185863,12.115933105915634
6410,arc_pair_654602,42.711541804276024
6411,arc_pair_522878,52.49838328193766
6412,arc_pair_372512,7.336836001751334
6413,arc_pair_202572,9.026963327763609
6414,arc_pair_22568,45.95591209550119
6415,arc_pair_570426,15.237964217570443
6416,arc_pair_302610,29.51355478265085
6417,arc_pair_62376,14.61068291808568
6418,arc_pair_5230,8.309230152722739
6419,arc_pair_668043,54.95234784221017
6420,arc_pair_394692,17.532079103955198
6421,arc_pair_680627,20.703914919852032
6422,arc_pair_171009,12.857786193132387
6423,arc_pair_69490,14.317940743620357
6424,arc_pair_255153,18.864859920551957
6425,arc_pair_120006,8.907001240209986
6426,arc_pair_125204,10.246143355392595
6427,arc_pair_474707,8.487304461740003
6428,arc_pair_434549,10.723022362633959
6429,arc_pair_311895,41.10911882879971
6430,arc_pair_222081,10.21668032843825
6431,arc_pair_668106,9.911826948664988
6432,arc_pair_588307,15.612870415647922
6433,arc_pair_603448,21.12404272693165
6434,arc_pair_134803,263.62663871310065
6435,arc_pair_277537,30.8225845410628
6436,arc_pair_514272,11.823868350000755
6437,arc_pair_212964,33.39992660271824
6438,arc_pair_118716,30.39828297281374
6439,arc_pair_404393,11.28453592451192
6440,arc_pair_56445,19.323291466568154
6441,arc_pair_512125,13.510846491610689
6442,arc_pair_509339,34.824245510090726
6443,arc_pair_552691,31.331949642735623
6444,arc_pair_686966,13.113494758049471
6445,arc_pair_377985,15.020412468156225
6446,arc_pair_649821,46.6254777374355
6447,arc_pair_592589,9.61387388365591
6448,arc_pair_311600,21.963748012315186
6449,arc_pair_500118,25.864523333725167
6450,arc_pair_323321,13.87631600900976
6451,arc_pair_395715,8.765230089489647
6452,arc_pair_632196,14.059103808812548
6453,arc_pair_114670,14.263834818123193
6454,arc_pair_263718,12.76564776686728
6455,arc_pair_555912,53.72600258732213
6456,arc_pair_642781,12.600134417288132
6457,arc_pair_239858,14.356797741362751
6458,arc_pair_11822,11.817135377802785
6459,arc_pair_621305,68.20894708911231
6460,arc_pair_1859,14.85102783182472
6461,arc_pair_289511,21.93531536033069
6462,arc_pair_359091,17.090577753779698
6463,arc_pair_50084,7.5952036534484195
6464,arc_pair_632529,41.53187006145742
6465,arc_pair_576771,14.985899549182768
6466,arc_pair_627681,22.01679272355845
6467,arc_pair_462000,10.745554253302657
6468,arc_pair_476413,19.42888895878548
6469,arc_pair_520541,20.817390358036782
6470,arc_pair_396586,19.411551326841597
6471,arc_pair_343166,21.29607847982406
6472,arc_pair_100141,33.03009755626388
6473,arc_pair_424542,16.791048522730126
6474,arc_pair_335138,12.527601024708702
6475,arc_pair_169598,10.151987144811788
6476,arc_pair_184404,28.616605157092216
6477,arc_pair_375376,27.456178058601893
6478,arc_pair_153489,6.653316003693949
6479,arc_pair_307419,34.69648020462633
6480,arc_pair_114102,8.810918167014169
6481,arc_pair_605578,12.547918852745715
6482,arc_pair_419396,9.944605962600424
6483,arc_pair_84507,22.50593607305936
6484,arc_pair_64753,14.307849117913033
6485,arc_pair_652159,18.069885622629627
6486,arc_pair_165041,27.372607774513362
6487,arc_pair_567242,9.651731386215289
6488,arc_pair_402923,6.462199055486751
6489,arc_pair_247866,16.109512211855105
6490,arc_pair_665380,14.839863596438352
6491,arc_pair_6047,35.4569414801211
6492,arc_pair_417367,12.947977573087705
6493,arc_pair_233731,23.980146094774305
6494,arc_pair_288537,16.664708825512843
6495,arc_pair_187697,13.409852657345947
6496,arc_pair_334396,9.63743011080614
6497,arc_pair_253960,8.757633319262698
6498,arc_pair_81210,23.977917929126598
6499,arc_pair_673311,55.47666867200395
6500,arc_pair_67893,22.23632101659367
6501,arc_pair_709286,11.271333609554864
6502,arc_pair_724901,13.617932329146738
6503,arc_pair_174345,18.587849897455797
6504,arc_pair_298537,6.26699366741096
6505,arc_pair_687805,8.86360436163819
6506,arc_pair_581087,13.34041212121212
6507,arc_pair_419683,11.411144271451345
6508,arc_pair_423268,7.593081528319655
6509,arc_pair_88031,13.16279738104758
6510,arc_pair_300763,20.42657208792845
6511,arc_pair_429665,12.08934535738143
6512,arc_pair_505468,22.762649476831093
6513,arc_pair_648041,25.215756104572243
6514,arc_pair_533223,8.880393751694509
6515,arc_pair_350604,18.49891273518011
6516,arc_pair_371159,14.044881981318554
6517,arc_pair_658738,20.433463490823897
6518,arc_pair_528195,19.79045024004152
6519,arc_pair_565013,27.632066704189956
6520,arc_pair_352793,14.473514481934906
6521,arc_pair_353881,12.529002986446129
6522,arc_pair_197947,13.566937730065646
6523,arc_pair_330855,110.13622671121912
6524,arc_pair_328835,15.60134712246297
6525,arc_pair_305648,12.18909214092141
6526,arc_pair_238604,21.48769806779434
6527,arc_pair_607379,7.395026606631191
6528,arc_pair_113501,12.466856139764273
6529,arc_pair_640308,14.230820820447853
6530,arc_pair_321252,12.287064235437565
6531,arc_pair_132749,16.87079478291229
6532,arc_pair_238741,9.22492834217256
6533,arc_pair_107057,11.622582657517155
6534,arc_pair_9561,88.60692991148659
6535,arc_pair_51364,13.262577353164694
6536,arc_pair_723952,41.78320011732785
6537,arc_pair_448819,70.75526690955171
6538,arc_pair_45327,11.383539839223143
6539,arc_pair_66447,9.990718588764304
6540,arc_pair_50826,11.049609963802
6541,arc_pair_244460,18.372081046482542
6542,arc_pair_415136,35.07218450011707
6543,arc_pair_685357,20.88432297447281
6544,arc_pair_632871,25.8395972918109
6545,arc_pair_21436,10.248013628620104
6546,arc_pair_299664,11.68133838901414
6547,arc_pair_14056,13.895711380515262
6548,arc_pair_452393,9.084596561477102
6549,arc_pair_160644,21.6353993302721
6550,arc_pair_565382,20.15110225282358
6551,arc_pair_112081,42.72659280480694
6552,arc_pair_462375,9.83763471694506
6553,arc_pair_374530,34.66066852004691
6554,arc_pair_432838,8.816240940807141
6555,arc_pair_253171,26.74005289392703
6556,arc_pair_463134,30.741835555213072
6557,arc_pair_135608,26.78138246485676
6558,arc_pair_33325,50.58421849494925
6559,arc_pair_112982,28.65736409098242
6560,arc_pair_378143,13.836205410994316
6561,arc_pair_575228,11.145703456703188
6562,arc_pair_111212,12.007789584371022
6563,arc_pair_39397,9.35229386236826
6564,arc_pair_259439,10.263918307988998
6565,arc_pair_52289,46.2012903748296
6566,arc_pair_62795,7.742870570140774
6567,arc_pair_677305,13.569513339589758
6568,arc_pair_71443,41.12783746774109
6569,arc_pair_190105,48.924882126018005
6570,arc_pair_43532,13.81002849002849
6571,arc_pair_153431,13.661293384977595
6572,arc_pair_481648,9.18670499744024
6573,arc_pair_346154,26.29212914377431
6574,arc_pair_341691,32.11982865081815
6575,arc_pair_212191,10.141569535944399
6576,arc_pair_89677,14.447602613090103
6577,arc_pair_617007,31.71915521107536
6578,arc_pair_194516,20.593656613104955
6579,arc_pair_171540,10.466215024688456
6580,arc_pair_95204,10.79009989897856
6581,arc_pair_285352,9.607267331046124
6582,arc_pair_116754,73.12900129179062
6583,arc_pair_573893,8.595588816569608
6584,arc_pair_431982,44.11387247605731
6585,arc_pair_272010,13.117168531451027
6586,arc_pair_298649,256.80764356161865
6587,arc_pair_545108,48.32332155477032
6588,arc_pair_380818,16.529900230800227
6589,arc_pair_470574,10.626624120727042
6590,arc_pair_725994,15.022571165876437
6591,arc_pair_601700,119.33851917522236
6592,arc_pair_45235,21.597728958428988
6593,arc_pair_244572,327.3731076518843
6594,arc_pair_225061,9.88478754157471
6595,arc_pair_367520,10.821506714575346
6596,arc_pair_376331,13.98865266448284
6597,arc_pair_415474,12.859729100390279
6598,arc_pair_201494,16.921989437133433
6599,arc_pair_131562,24.271802798568174
6600,arc_pair_271779,9.393783073185343
6601,arc_pair_201181,188.8283971101211
6602,arc_pair_172803,8.863497581620315
6603,arc_pair_610404,24.473523955734663
6604,arc_pair_58811,10.962721503623817
6605,arc_pair_291487,11.723512659636006
6606,arc_pair_354755,24.20586717136958
6607,arc_pair_76410,10.22255620264262
6608,arc_pair_629339,23.587158859708616
6609,arc_pair_649938,20.042749981793023
6610,arc_pair_542272,21.59297551231782
6611,arc_pair_719117,327.71786149321133
6612,arc_pair_313724,28.86174048225449
6613,arc_pair_505653,45.615056705001194
6614,arc_pair_703849,8.748246750887223
6615,arc_pair_724239,28.921148314348176
6616,arc_pair_664180,53.26882718915406
6617,arc_pair_266383,16.436298998970905
6618,arc_pair_36561,11.876921988074386
6619,arc_pair_342044,8.736238677392791
6620,arc_pair_726091,13.61811543540744
6621,arc_pair_495308,9.791237493417587
6622,arc_pair_454,7.633322084558646
6623,arc_pair_189627,8.42083128646913
6624,arc_pair_707666,31.470608134481775
6625,arc_pair_663215,7.0590677316005594
6626,arc_pair_429761,11.383806313208705
6627,arc_pair_441950,18.422676436559968
6628,arc_pair_524231,19.86887901663438
6629,arc_pair_733769,9.138649408593405
6630,arc_pair_9259,15.154833620195067
6631,arc_pair_92168,10.68559335095977
6632,arc_pair_615493,16.215104882988054
6633,arc_pair_57971,9.273341045724365
6634,arc_pair_136198,17.03357839924693
6635,arc_pair_257574,16.792334153991433
6636,arc_pair_656858,8.667009386090012
6637,arc_pair_276229,12.61506161678641
6638,arc_pair_587112,11.440561593645125
6639,arc_pair_61455,14.43681822949444
6640,arc_pair_476635,24.787750330777037
6641,arc_pair_706562,13.087011734825861
6642,arc_pair_564839,9.047412205006886
6643,arc_pair_394267,31.38005548081388
6644,arc_pair_298825,59.0541369216351
6645,arc_pair_262285,14.017817847757815
6646,arc_pair_11307,14.140667733113165
6647,arc_pair_444314,23.079600446705545
6648,arc_pair_119264,11.652378381620778
6649,arc_pair_69966,36.82771375539146
6650,arc_pair_73192,7.149915626054672
6651,arc_pair_278722,23.71639409652972
6652,arc_pair_360973,13.690913066452872
6653,arc_pair_514668,10.226932576399896
6654,arc_pair_517947,15.303741918193696
6655,arc_pair_326610,23.406146606867143
6656,arc_pair_129282,11.811077448924102
6657,arc_pair_732197,17.81892633504538
6658,arc_pair_15714,50.88239424490931
6659,arc_pair_651221,25.42199843901696
6660,arc_pair_272285,13.523814597762385
6661,arc_pair_303227,89.61122514973428
6662,arc_pair_665457,11.979066817028475
6663,arc_pair_358275,9.83098261195897
6664,arc_pair_606483,37.601465291421086
6665,arc_pair_409011,45.64339697278841
6666,arc_pair_125022,11.414041606846268
6667,arc_pair_495867,39.659399656573996
6668,arc_pair_328874,9.311128905793836
6669,arc_pair_55389,13.685932743875926
6670,arc_pair_305609,44.763449107045034
6671,arc_pair_732744,33.98099359734408
6672,arc_pair_159303,18.18893858405149
6673,arc_pair_102644,11.266674220496286
6674,arc_pair_1813,12.74019195150699
6675,arc_pair_426247,20.394821472746763
6676,arc_pair_686490,16.272270346919008
6677,arc_pair_43318,10.261228090361678
6678,arc_pair_632563,57.280341504927655
6679,arc_pair_286354,8.144364207866381
6680,arc_pair_145635,42.39318890348309
6681,arc_pair_28206,22.646646418628194
6682,arc_pair_450838,44.95637756855199
6683,arc_pair_197140,62.51322542439795
6684,arc_pair_82241,23.972267494834647
6685,arc_pair_187843,15.787488675916656
6686,arc_pair_400375,23.368084396073982
6687,arc_pair_724385,99.42518814468609
6688,arc_pair_33919,9.327301964988429
6689,arc_pair_255660,12.513935933417208
6690,arc_pair_77647,10.645505097312327
6691,arc_pair_64591,29.44470588235294
6692,arc_pair_325250,10.378026430018327
6693,arc_pair_66406,20.45111538897067
6694,arc_pair_128755,16.485079609655884
6695,arc_pair_409154,29.1873864852394
6696,arc_pair_482530,6.92031798163768
6697,arc_pair_162268,17.576308524581023
6698,arc_pair_534636,55.11027055361632
6699,arc_pair_79874,8.370558375634518
6700,arc_pair_428824,26.128276430300218
6701,arc_pair_479981,15.511794663896417
6702,arc_pair_204842,11.70588567449039
6703,arc_pair_438127,11.988097740834775
6704,arc_pair_159092,19.911701622121477
6705,arc_pair_132026,48.08994487474705
6706,arc_pair_283382,11.443570895919889
6707,arc_pair_511578,5.730959787994008
6708,arc_pair_734917,16.972680215902525
6709,arc_pair_472271,11.890528098211453
6710,arc_pair_677344,14.48658952353761
6711,arc_pair_272682,21.54517387521401
6712,arc_pair_530360,12.213124079775131
6713,arc_pair_654977,23.28960265399985
6714,arc_pair_451842,39.17340900325087
6715,arc_pair_294152,6.893247708922427
6716,arc_pair_346115,12.845774677304817
6717,arc_pair_625567,22.998851722416376
6718,arc_pair_531121,17.720288913401532
6719,arc_pair_459988,15.024514400535834
6720,arc_pair_444713,14.472927949745351
6721,arc_pair_339048,20.412794980567483
6722,arc_pair_215245,37.59376253063043
6723,arc_pair_190797,17.48632501327669
6724,arc_pair_283414,9.987607411385603
6725,arc_pair_521658,13.397959046298416
6726,arc_pair_605352,7.867573599744924
6727,arc_pair_565906,16.05385265662669
6728,arc_pair_529792,8.183052488416587
6729,arc_pair_659095,7.994603649569699
6730,arc_pair_284781,16.936207532061466
6731,arc_pair_705460,21.876757379865285
6732,arc_pair_113147,8.000206801902577
6733,arc_pair_290668,8.111416601204503
6734,arc_pair_38744,13.993157723929034
6735,arc_pair_663887,18.568562073833768
6736,arc_pair_591642,13.758471328279942
6737,arc_pair_353897,15.745744393407186
6738,arc_pair_250120,25.064461420932012
6739,arc_pair_646730,120.53135135135135
6740,arc_pair_31836,13.946702763307218
6741,arc_pair_701073,18.07181933506
6742,arc_pair_101480,7.026754192409532
6743,arc_pair_679136,20.204868572816125
6744,arc_pair_729919,16.82272838221503
6745,arc_pair_691752,7.197952218430034
6746,arc_pair_165684,19.939354157644004
6747,arc_pair_454986,14.447346887392207
6748,arc_pair_603639,21.784198673839608
6749,arc_pair_721979,28.080203910401465
6750,arc_pair_532998,11.605662568019362
6751,arc_pair_20231,25.95469211465251
6752,arc_pair_300149,34.54441760770875
6753,arc_pair_483458,10.980411431431076
6754,arc_pair_610916,322.9683317054381
6755,arc_pair_622867,17.360728358501188
6756,arc_pair_464063,13.281554849053016
6757,arc_pair_210895,13.005192614947628
6758,arc_pair_619473,12.83304097932373
6759,arc_pair_698334,7.500476052932806
6760,arc_pair_608798,36.134440920780676
6761,arc_pair_708100,12.185097583578848
6762,arc_pair_272753,15.825680084381975
6763,arc_pair_615903,89.91181752353367
6764,arc_pair_235688,17.763352211628074
6765,arc_pair_75969,13.651225063596197
6766,arc_pair_207203,16.820061210849097
6767,arc_pair_699876,43.63021747748768
6768,arc_pair_294980,8.041253948387865
6769,arc_pair_578836,6.896717805358616
6770,arc_pair_460667,67.36778031229127
6771,arc_pair_693082,9.537450926577808
6772,arc_pair_409314,32.55055082134753
6773,arc_pair_317474,14.038108156527526
6774,arc_pair_627464,55.573220555378235
6775,arc_pair_73852,34.28429778746268
6776,arc_pair_396763,16.641018497882776
6777,arc_pair_4447,15.394311350381338
6778,arc_pair_557699,14.801665564307617
6779,arc_pair_552161,10.126254833263747
6780,arc_pair_709204,21.611349428474274
6781,arc_pair_325155,51.53199391371214
6782,arc_pair_172643,17.96640478661043
6783,arc_pair_247558,15.749555746632273
6784,arc_pair_195782,20.98324077746926
6785,arc_pair_292012,9.632091566785444
6786,arc_pair_498516,34.678072273474235
6787,arc_pair_307024,24.77142750578114
6788,arc_pair_8464,12.848296770189304
6789,arc_pair_58651,19.865719452337895
6790,arc_pair_265350,8.191745465071401
6791,arc_pair_59369,19.265069437934407
6792,arc_pair_617251,19.41373341772479
6793,arc_pair_4294,15.772157035940651
6794,arc_pair_452080,10.478327276557646
6795,arc_pair_14345,14.664849397181875
6796,arc_pair_385636,12.171212989847058
6797,arc_pair_628142,28.452636564572153
6798,arc_pair_194310,10.773382987063897
6799,arc_pair_258584,80.94841163190712
6800,arc_pair_406327,8.063049298863962
6801,arc_pair_566717,37.25803602374749
6802,arc_pair_666742,28.322120769418067
6803,arc_pair_314171,13.425460017423902
6804,arc_pair_681683,17.948352073144086
6805,arc_pair_71245,14.445081998991974
6806,arc_pair_577556,25.89631484881275
6807,arc_pair_25418,13.60915212108846
6808,arc_pair_616010,16.138638228055783
6809,arc_pair_464018,6.330286783491058
6810,arc_pair_161346,5.322435521278678
6811,arc_pair_242166,23.056970971321768
6812,arc_pair_583604,16.506417679984562
6813,arc_pair_566652,13.119298751596553
6814,arc_pair_281002,35.28272980501393
6815,arc_pair_277678,11.771858518410992
6816,arc_pair_430700,10.790586785604264
6817,arc_pair_390571,10.945578231292519
6818,arc_pair_669458,10.436616550459348
6819,arc_pair_3947,18.027216786577146
6820,arc_pair_23870,28.73155115606521
6821,arc_pair_337754,12.646704418729271
6822,arc_pair_276439,10.726116517797628
6823,arc_pair_452595,10.754181018112288
6824,arc_pair_210745,338.2641633646764
6825,arc_pair_483835,8.136335448170588
6826,arc_pair_204356,14.301515766287967
6827,arc_pair_16513,8.494214698950074
6828,arc_pair_94881,17.571953472320903
6829,arc_pair_95793,9.212624146236843
6830,arc_pair_279518,13.791238670694865
6831,arc_pair_139703,17.212289048261496
6832,arc_pair_715765,22.65696263244335
6833,arc_pair_393023,13.082866953766764
6834,arc_pair_378968,9.664209430070859
6835,arc_pair_73940,10.647547767262783
6836,arc_pair_265868,16.386997857712927
6837,arc_pair_650918,58.48506116964854
6838,arc_pair_130172,10.40815865849726
6839,arc_pair_432013,34.356948586034015
6840,arc_pair_514613,11.722534690101758
6841,arc_pair_475598,12.681966994942773
6842,arc_pair_526298,29.503005458188436
6843,arc_pair_207604,13.466430385296965
6844,arc_pair_335417,62.259407142773746
6845,arc_pair_570552,382.44388613742365
6846,arc_pair_595504,41.30248690740588
6847,arc_pair_110897,18.951714473839715
6848,arc_pair_614703,26.876071024902465
6849,arc_pair_20134,16.46089029553208
6850,arc_pair_652860,16.43195579897528
6851,arc_pair_302621,28.355620323647123
6852,arc_pair_28154,15.649521592523495
6853,arc_pair_177945,18.151470787249487
6854,arc_pair_307970,8.901655345777398
6855,arc_pair_685044,20.820567045413817
6856,arc_pair_434578,23.76348048825113
6857,arc_pair_322297,18.550244893236833
6858,arc_pair_220432,52.36950759407952
6859,arc_pair_473159,10.196856723119993
6860,arc_pair_92543,11.975012476552685
6861,arc_pair_117714,9.937988988698928
6862,arc_pair_40666,26.455818924386428
6863,arc_pair_656209,13.85475623800384
6864,arc_pair_304825,10.906275140788416
6865,arc_pair_696812,12.702523477673873
6866,arc_pair_272568,12.036469845279445
6867,arc_pair_729466,21.25499174005229
6868,arc_pair_94244,22.508363367526105
6869,arc_pair_555923,17.385860139860142
6870,arc_pair_310866,15.38291784843509
6871,arc_pair_7115,34.54965910247278
6872,arc_pair_716775,15.247747918005317
6873,arc_pair_227877,66.63922003391157
6874,arc_pair_551433,11.133502755410689
6875,arc_pair_300165,48.465591669372195
6876,arc_pair_379416,46.00589467041478
6877,arc_pair_431003,14.310363195447092
6878,arc_pair_86279,20.608959508959508
6879,arc_pair_223834,8.821379534163816
6880,arc_pair_104211,47.30414159000864
6881,arc_pair_318555,29.827674567584882
6882,arc_pair_704748,12.753603791386006
6883,arc_pair_239490,52.22848452055396
6884,arc_pair_81416,27.948144374459677
6885,arc_pair_606102,17.301507537688444
6886,arc_pair_23124,7.962962962962963
6887,arc_pair_404208,10.918325207915114
6888,arc_pair_128391,56.066092664304755
6889,arc_pair_133477,10.037184115523466
6890,arc_pair_452891,7.400682408152623
6891,arc_pair_116693,17.291087236023465
6892,arc_pair_252998,15.26211308516136
6893,arc_pair_731810,8.277367529988112
6894,arc_pair_614095,24.994531681131797
6895,arc_pair_227932,15.61522603046291
6896,arc_pair_202685,33.99738500838913
6897,arc_pair_278470,60.03486659222125
6898,arc_pair_426729,31.292889282005923
6899,arc_pair_670784,22.590703679793418
6900,arc_pair_73405,17.32420157162425
6901,arc_pair_411765,30.398819703721543
6902,arc_pair_437207,29.474322135729587
6903,arc_pair_439649,16.1593446958566
6904,arc_pair_491263,14.286893801021357
6905,arc_pair_101269,5.477297297297296
6906,arc_pair_453845,69.16142199792192
6907,arc_pair_267510,16.92949993648643
6908,arc_pair_660141,13.640545411801586
6909,arc_pair_533576,7.764812829871238
6910,arc_pair_731386,11.640969351389877
6911,arc_pair_527165,9.352056811292977
6912,arc_pair_401270,291.6965658151115
6913,arc_pair_201683,10.474200267232572
6914,arc_pair_366825,11.442092940665818
6915,arc_pair_312637,253.9709263412515
6916,arc_pair_327579,8.254023217247099
6917,arc_pair_29303,49.99626676434125
6918,arc_pair_292950,29.94166192749732
6919,arc_pair_293642,13.004407788846924
6920,arc_pair_410031,32.29770273334613
6921,arc_pair_609127,11.881543502002184
6922,arc_pair_85290,16.942252539448575
6923,arc_pair_519522,8.807119205298015
6924,arc_pair_356590,67.3759982902522
6925,arc_pair_31363,14.93815431366983
6926,arc_pair_323490,15.759385959108055
6927,arc_pair_700064,9.702292340884574
6928,arc_pair_283642,11.309182459297094
6929,arc_pair_608736,25.08029691332788
6930,arc_pair_204602,18.402046955418207
6931,arc_pair_176092,18.269370695237534
6932,arc_pair_289865,11.323347816144523
6933,arc_pair_166991,22.21603111633737
6934,arc_pair_285515,14.326208740801468
6935,arc_pair_76938,7.475271229574069
6936,arc_pair_210641,9.058874495171818
6937,arc_pair_634120,51.81948693480031
6938,arc_pair_444115,22.444131206261815
6939,arc_pair_399654,7.401236840167857
6940,arc_pair_572345,11.11699287363244
6941,arc_pair_163290,6.525200889984002
6942,arc_pair_226773,11.063675574004412
6943,arc_pair_259784,18.16920178621267
6944,arc_pair_557908,7.275870646766169
6945,arc_pair_191850,21.308247944512086
6946,arc_pair_559445,10.11892112791173
6947,arc_pair_181153,7.028502337103172
6948,arc_pair_275741,24.081063108436627
6949,arc_pair_430311,9.93962681011503
6950,arc_pair_43660,24.256629281864022
6951,arc_pair_472498,20.991575091575093
6952,arc_pair_37872,311.1084887964257
6953,arc_pair_416223,60.531134442291
6954,arc_pair_603746,10.072610255622724
6955,arc_pair_649105,6.485510106278015
6956,arc_pair_109120,27.544683421308335
6957,arc_pair_504486,8.410091620282703
6958,arc_pair_534030,19.2788453511862
6959,arc_pair_493177,19.5552128102038
6960,arc_pair_75752,14.435807192042844
6961,arc_pair_69771,64.05847509457041
6962,arc_pair_717467,11.020574846023386
6963,arc_pair_570840,18.377600960816693
6964,arc_pair_176753,111.91275707609313
6965,arc_pair_599566,9.840989580660064
6966,arc_pair_112412,32.618615291646286
6967,arc_pair_191692,9.830938455243459
6968,arc_pair_628338,24.98536795736685
6969,arc_pair_474798,9.014149232071592
6970,arc_pair_210180,6.61765334741979
6971,arc_pair_556972,15.703866335604292
6972,arc_pair_580747,15.040867019546383
6973,arc_pair_430595,6.894255610720464
6974,arc_pair_251475,32.444844325410116
6975,arc_pair_414530,18.15702294180906
6976,arc_pair_335006,9.292020750489494
6977,arc_pair_492048,12.636110670569067
6978,arc_pair_523521,12.939024548054402
6979,arc_pair_85382,7.212657097029622
6980,arc_pair_335456,45.575322630528305
6981,arc_pair_359777,29.552324889998815
6982,arc_pair_614257,12.551131958443172
6983,arc_pair_517838,39.46839049794036
6984,arc_pair_194,18.47398672351449
6985,arc_pair_480833,19.39526325721834
6986,arc_pair_416448,7.520111509358821
6987,arc_pair_664440,7.968659524372797
6988,arc_pair_266643,31.036664568742722
6989,arc_pair_447447,20.36352436524914
6990,arc_pair_230189,16.096451607790932
6991,arc_pair_67554,31.73470715420087
6992,arc_pair_166246,9.058368188958495
6993,arc_pair_423356,26.591270260436836
6994,arc_pair_184886,27.87120323523748
6995,arc_pair_599589,7.961742490778148
6996,arc_pair_35377,9.871034622519447
6997,arc_pair_588398,8.664437540876389
6998,arc_pair_443404,70.3586924142933
6999,arc_pair_239652,53.350295803993724
7000,arc_pair_441069,13.38451666899149
7001,arc_pair_539439,11.969190409370995
7002,arc_pair_107186,11.875841174585602
7003,arc_pair_378246,22.31177367117546
7004,arc_pair_203939,11.059830784755105
7005,arc_pair_337607,17.262711092014634
7006,arc_pair_253274,10.43800282999798
7007,arc_pair_259679,14.269366749197218
7008,arc_pair_616456,34.437564560985294
7009,arc_pair_87583,18.66945881580028
7010,arc_pair_406331,24.677315481738837
7011,arc_pair_674339,10.022295574486588
7012,arc_pair_565087,106.07141838547001
7013,arc_pair_274107,8.06689770051121
7014,arc_pair_91904,47.59923385851097
7015,arc_pair_77387,8.302368868159338
7016,arc_pair_309755,16.380168633183672
7017,arc_pair_455753,12.24628445247875
7018,arc_pair_234719,17.407777777777778
7019,arc_pair_729974,31.535552233672433
7020,arc_pair_541188,22.57647960386701
7021,arc_pair_443238,12.608958668438355
7022,arc_pair_111814,40.82467210116528
7023,arc_pair_141359,19.822586995777495
7024,arc_pair_228385,10.219664841273108
7025,arc_pair_191411,9.964619588666764
7026,arc_pair_106778,13.17849668643181
7027,arc_pair_179275,14.5698035389596
7028,arc_pair_6600,33.367572804934625
7029,arc_pair_239594,12.988066761267653
7030,arc_pair_195901,66.13102281373139
7031,arc_pair_360699,13.963552937177816
7032,arc_pair_117169,17.80312861796936
7033,arc_pair_109177,9.794019683954822
7034,arc_pair_423993,39.701048387096776
7035,arc_pair_197195,13.211825941474446
7036,arc_pair_300431,11.070826069346857
7037,arc_pair_7441,35.30220685319082
7038,arc_pair_211142,42.81578225319651
7039,arc_pair_79726,13.398401030208726
7040,arc_pair_49390,305.35595917985205
7041,arc_pair_540776,10.247728155339805
7042,arc_pair_297590,13.102927721866424
7043,arc_pair_347010,11.125186258700577
7044,arc_pair_52051,10.642730730624965
7045,arc_pair_669593,6.278835287729135
7046,arc_pair_156111,57.90896480863087
7047,arc_pair_696961,13.87075205617246
7048,arc_pair_175671,7.120345385860767
7049,arc_pair_189406,13.819251747511117
7050,arc_pair_221583,8.919674240314087
7051,arc_pair_551110,27.721644930584773
7052,arc_pair_342635,13.991917745153206
7053,arc_pair_620006,11.47065241884792
7054,arc_pair_336574,20.330621133619708
7055,arc_pair_558761,18.039660702829853
7056,arc_pair_243346,7.050674591547723
7057,arc_pair_662625,23.742822506381934
7058,arc_pair_201135,15.73799972119391
7059,arc_pair_362283,13.010095583876705
7060,arc_pair_701593,28.782478125463445
7061,arc_pair_388435,8.145258016153212
7062,arc_pair_627686,12.35211192585622
7063,arc_pair_42544,7.683693177898876
7064,arc_pair_454836,10.115827258261481
7065,arc_pair_516927,9.587211910503
7066,arc_pair_629698,13.803490615681461
7067,arc_pair_369070,11.271208727693084
7068,arc_pair_372796,27.434647533101558
7069,arc_pair_578292,16.25102147192844
7070,arc_pair_582998,21.394883237251
7071,arc_pair_83364,8.18858743497399
7072,arc_pair_327559,61.64100902068816
7073,arc_pair_358404,20.833013384878132
7074,arc_pair_537903,28.25470543436871
7075,arc_pair_278780,22.951578602977257
7076,arc_pair_695422,15.635381383746882
7077,arc_pair_556143,10.915800965491359
7078,arc_pair_537450,11.81014518309528
7079,arc_pair_259177,11.088326082201103
7080,arc_pair_251547,12.77701972583003
7081,arc_pair_459584,11.738059120964607
7082,arc_pair_600326,9.272569952876655
7083,arc_pair_640168,16.419917219260608
7084,arc_pair_645690,12.851900934547269
7085,arc_pair_374992,14.333472400513479
7086,arc_pair_86920,13.87275175780491
7087,arc_pair_240643,16.76780168276018
7088,arc_pair_218894,14.310708898944192
7089,arc_pair_609941,26.42477999720631
7090,arc_pair_710802,9.575630757389902
7091,arc_pair_714512,12.411593794798277
7092,arc_pair_473883,23.969625598960448
7093,arc_pair_330789,18.353558052434458
7094,arc_pair_120514,8.4885767930905
7095,arc_pair_227284,13.811523983451975
7096,arc_pair_218197,18.85825946817083
7097,arc_pair_694726,66.79700320580719
7098,arc_pair_619941,15.934622080806868
7099,arc_pair_293009,8.906439284684165
7100,arc_pair_271260,145.05522221823014
7101,arc_pair_308922,18.210665221386996
7102,arc_pair_134783,52.81065148457769
7103,arc_pair_125192,7.248710927776394
7104,arc_pair_659871,19.226112140871177
7105,arc_pair_462115,18.308554498563243
7106,arc_pair_117149,11.687200883543994
7107,arc_pair_541517,14.196351250973784
7108,arc_pair_191962,22.323510654938815
7109,arc_pair_735561,10.866550062333701
7110,arc_pair_126614,9.921459591145005
7111,arc_pair_342232,13.989945578756416
7112,arc_pair_230795,9.715912584703554
7113,arc_pair_60198,12.611695137976346
7114,arc_pair_306879,19.19048975311679
7115,arc_pair_366278,12.582462535439447
7116,arc_pair_390052,7.994987797087681
7117,arc_pair_521750,15.214644006887774
7118,arc_pair_602065,20.286493941251358
7119,arc_pair_123553,7.463188916003253
7120,arc_pair_44097,19.585997753650318
7121,arc_pair_140587,13.391488497283023
7122,arc_pair_693688,10.523518824337113
7123,arc_pair_655444,17.24886191198786
7124,arc_pair_336036,8.046172109534625
7125,arc_pair_569987,17.568250920147225
7126,arc_pair_651954,41.04738684500865
7127,arc_pair_312093,33.97485930094787
7128,arc_pair_328182,12.538001674933968
7129,arc_pair_304517,14.158483009143549
7130,arc_pair_366501,11.316256958779007
7131,arc_pair_154747,12.49485261128424
7132,arc_pair_339843,16.33195889288191
7133,arc_pair_4888,18.59020010148477
7134,arc_pair_578416,22.772194304857624
7135,arc_pair_98986,31.124615013412434
7136,arc_pair_459479,6.564679149245591
7137,arc_pair_366151,18.090628789638004
7138,arc_pair_263031,18.326160053799597
7139,arc_pair_529419,20.887349360104544
7140,arc_pair_502749,18.519977052760147
7141,arc_pair_311596,6.083641202032641
7142,arc_pair_282024,29.707936781361703
7143,arc_pair_570925,15.133017401333937
7144,arc_pair_425758,38.482215345042405
7145,arc_pair_134015,10.474803647672765
7146,arc_pair_708970,14.223564158008543
7147,arc_pair_82934,24.24674605372473
7148,arc_pair_311980,13.52154494558722
7149,arc_pair_337918,12.421099026458045
7150,arc_pair_203626,10.832803922245624
7151,arc_pair_482592,11.615909065381722
7152,arc_pair_404510,10.853701969371201
7153,arc_pair_186874,19.28603979751686
7154,arc_pair_436031,8.447781537321106
7155,arc_pair_150641,20.84538762248058
7156,arc_pair_699513,25.848350041512283
7157,arc_pair_543253,7.48690537640251
7158,arc_pair_268368,19.611645977576575
7159,arc_pair_166773,32.54844328624331
7160,arc_pair_79585,18.76027347863088
7161,arc_pair_34403,34.05844276733163
7162,arc_pair_586719,12.892845333553774
7163,arc_pair_210909,61.873406866368995
7164,arc_pair_253468,43.02760949917926
7165,arc_pair_266726,10.782415038312973
7166,arc_pair_237683,42.556285597651765
7167,arc_pair_73472,16.735118573442
7168,arc_pair_492068,19.73681909113766
7169,arc_pair_282862,34.115061284733365
7170,arc_pair_419322,11.980811922421655
7171,arc_pair_85208,13.128060759138426
7172,arc_pair_311579,22.926807527905517
7173,arc_pair_532740,9.41675009156391
7174,arc_pair_46696,11.53619623110177
7175,arc_pair_43494,53.28452170650492
7176,arc_pair_332649,72.34630832992224
7177,arc_pair_669747,395.36446802069213
7178,arc_pair_161673,14.043898431081027
7179,arc_pair_707406,28.15311472113299
7180,arc_pair_484329,25.156792536090272
7181,arc_pair_723159,13.633125469326455
7182,arc_pair_692430,11.511519952301859
7183,arc_pair_537387,14.610856403456923
7184,arc_pair_477751,36.31639172308573
7185,arc_pair_524051,7.905817608420964
7186,arc_pair_189914,8.941370698758025
7187,arc_pair_333737,13.6017316017316
7188,arc_pair_627782,25.51878384006664
7189,arc_pair_596076,58.33280121368567
7190,arc_pair_444031,22.86419507538088
7191,arc_pair_9469,14.53270395396908
7192,arc_pair_3064,6.827442691179604
7193,arc_pair_136252,15.783300157150341
7194,arc_pair_156853,83.30430403223227
7195,arc_pair_134795,5.097680589845654
7196,arc_pair_110730,17.044043024235418
7197,arc_pair_119907,12.570929575535503
7198,arc_pair_338897,17.141692303844327
7199,arc_pair_75226,11.350405839877723
7200,arc_pair_360210,19.36732071540198
7201,arc_pair_233510,63.252883000559805
7202,arc_pair_98640,27.697684519530313
7203,arc_pair_688528,11.732450836886656
7204,arc_pair_155269,197.8556153156614
7205,arc_pair_179756,7.937546997256376
7206,arc_pair_512476,10.111599970790127
7207,arc_pair_509390,117.5186533544381
7208,arc_pair_650650,14.897233351449046
7209,arc_pair_558235,9.015050423035737
7210,arc_pair_379461,17.286167627387574
7211,arc_pair_34679,6.2702290734962105
7212,arc_pair_597688,11.704230014423192
7213,arc_pair_554646,11.694720429929175
7214,arc_pair_450834,232.3312124731289
7215,arc_pair_432208,25.88834580129909
7216,arc_pair_162819,7.955407164956458
7217,arc_pair_505649,22.448634076204165
7218,arc_pair_400729,83.80913580246914
7219,arc_pair_369461,9.291050890662458
7220,arc_pair_41329,19.222417179520754
7221,arc_pair_170577,23.152859452661836
7222,arc_pair_175775,13.08136966798693
7223,arc_pair_616030,5.5451902963788
7224,arc_pair_407516,32.34692682926829
7225,arc_pair_627444,10.721157110844517
7226,arc_pair_185608,28.205156289493637
7227,arc_pair_262636,110.25623952793764
7228,arc_pair_401641,15.993962219033957
7229,arc_pair_712038,29.991916079812206
7230,arc_pair_700005,18.38398919803176
7231,arc_pair_2049,7.713500280088799
7232,arc_pair_463084,71.89654725868851
7233,arc_pair_660966,14.003718900833078
7234,arc_pair_22191,12.053838005616594
7235,arc_pair_147192,45.57521364377583
7236,arc_pair_575727,23.06815385372576
7237,arc_pair_601960,11.057921487674987
7238,arc_pair_574835,20.80953502456093
7239,arc_pair_664163,16.73861036115113
7240,arc_pair_532756,18.007233658656606
7241,arc_pair_49125,28.70727909692488
7242,arc_pair_708570,8.864046804872835
7243,arc_pair_133683,26.69428574984753
7244,arc_pair_40754,114.9410217412985
7245,arc_pair_476269,21.8541011094012
7246,arc_pair_188485,16.4137409140695
7247,arc_pair_579704,51.30419226025474
7248,arc_pair_491652,21.179968448380805
7249,arc_pair_701751,24.005411341324653
7250,arc_pair_654886,12.324647989548556
7251,arc_pair_293766,156.65325425437067
7252,arc_pair_398835,42.0281302073881
7253,arc_pair_257743,14.788370153422427
7254,arc_pair_3199,6.949333460596226
7255,arc_pair_173619,11.019174841031202
7256,arc_pair_115135,25.114636724970893
7257,arc_pair_144090,7.857931583332298
7258,arc_pair_569929,18.47293925509232
7259,arc_pair_230384,9.228225951994224
7260,arc_pair_164426,106.91642829968015
7261,arc_pair_492300,9.388698630136986
7262,arc_pair_261364,9.394060212738092
7263,arc_pair_554241,14.755473227345757
7264,arc_pair_460885,20.221601777877794
7265,arc_pair_240439,55.06173895197701
7266,arc_pair_233814,19.8433328732822
7267,arc_pair_664358,10.541450418123295
7268,arc_pair_215926,17.434786355298954
7269,arc_pair_65271,11.159775550858411
7270,arc_pair_5108,18.58917466739449
7271,arc_pair_696998,10.884490082065238
7272,arc_pair_57300,29.588550802003105
7273,arc_pair_329228,13.045496228922202
7274,arc_pair_90677,35.92011155086691
7275,arc_pair_304106,30.071382546246937
7276,arc_pair_428202,10.639272887194899
7277,arc_pair_81066,65.10996059215773
7278,arc_pair_585748,21.554826593213974
7279,arc_pair_24784,6.57791242204319
7280,arc_pair_350921,40.4512709351106
7281,arc_pair_236895,17.44120154200435
7282,arc_pair_552815,10.039677463123413
7283,arc_pair_669643,28.312336530078465
7284,arc_pair_51954,15.892432457589647
7285,arc_pair_623000,85.69094818478976
7286,arc_pair_568904,6.838439613123278
7287,arc_pair_351799,8.145010008938801
7288,arc_pair_619541,34.25986928533894
7289,arc_pair_393516,11.128779868894057
7290,arc_pair_594620,21.133707043626618
7291,arc_pair_77165,9.587032472023694
7292,arc_pair_469827,15.260669463172732
7293,arc_pair_130914,61.17794067613127
7294,arc_pair_519847,15.087404041986527
7295,arc_pair_657711,12.004973853459157
7296,arc_pair_474346,23.681381105949875
7297,arc_pair_571226,12.242155660190718
7298,arc_pair_225610,12.898583020055455
7299,arc_pair_702829,46.977301942487145
7300,arc_pair_639118,16.052462401620822
7301,arc_pair_460240,28.854053726274937
7302,arc_pair_627106,32.655977928664655
7303,arc_pair_296533,13.787943848059452
7304,arc_pair_127697,11.146797932319231
7305,arc_pair_416995,33.03211155183389
7306,arc_pair_446688,12.867231828101392
7307,arc_pair_243079,20.52930664760543
7308,arc_pair_428594,13.65825319297394
7309,arc_pair_594335,10.036048417810601
7310,arc_pair_532351,16.10509330972929
7311,arc_pair_87274,6.339983904500034
7312,arc_pair_411753,7.789781122221076
7313,arc_pair_492183,252.5348094503146
7314,arc_pair_456688,131.99080122650315
7315,arc_pair_234847,13.021780097726932
7316,arc_pair_183123,62.029325398379086
7317,arc_pair_588802,13.35831028413377
7318,arc_pair_630084,21.394895942332287
7319,arc_pair_620987,75.77278876863024
7320,arc_pair_338442,5.917918952585406
7321,arc_pair_355871,10.445796700835668
7322,arc_pair_238720,10.979571589627959
7323,arc_pair_444158,17.81914999502339
7324,arc_pair_273322,21.77525398717294
7325,arc_pair_78438,8.575366996816413
7326,arc_pair_719822,24.91562316161022
7327,arc_pair_24655,9.62000140065831
7328,arc_pair_331399,10.642436269271867
7329,arc_pair_285108,17.452824435240004
7330,arc_pair_435918,57.944517668604405
7331,arc_pair_483839,25.11465421135586
7332,arc_pair_515720,16.887696570712507
7333,arc_pair_258567,16.839559434865215
7334,arc_pair_393701,14.897161648203816
7335,arc_pair_669454,25.0371887642457
7336,arc_pair_37995,15.476083134213965
7337,arc_pair_235407,28.54149568279201
7338,arc_pair_127896,28.69323471274629
7339,arc_pair_278581,92.0165445371333
7340,arc_pair_337308,10.30500074836607
7341,arc_pair_703890,10.469187237440543
7342,arc_pair_688292,30.173069413990927
7343,arc_pair_306286,14.303748602772563
7344,arc_pair_555217,11.316966797974114
7345,arc_pair_35678,13.481863568896358
7346,arc_pair_171126,11.34036379078491
7347,arc_pair_336260,17.64669488360513
7348,arc_pair_730889,17.715444896579204
7349,arc_pair_541254,21.785798891931478
7350,arc_pair_288106,29.59092093993223
7351,arc_pair_707353,20.21145231448419
7352,arc_pair_421234,16.938466768655445
7353,arc_pair_25382,7.912792976405111
7354,arc_pair_156255,13.572387499999996
7355,arc_pair_383097,8.07467153852134
7356,arc_pair_533887,17.780448219897096
7357,arc_pair_51885,9.118806154839405
7358,arc_pair_495328,14.9845170235711
7359,arc_pair_603834,8.10437907573035
7360,arc_pair_398321,17.63648994833051
7361,arc_pair_451073,32.16388716760514
7362,arc_pair_238059,36.22879717111442
7363,arc_pair_463102,13.930204894876143
7364,arc_pair_90175,34.26754943833764
7365,arc_pair_227206,8.020298151042125
7366,arc_pair_722158,18.35358606685022
7367,arc_pair_701792,16.0809076000615
7368,arc_pair_700880,70.21031793323533
7369,arc_pair_588228,19.462406487145905
7370,arc_pair_257554,15.366270267294299
7371,arc_pair_198915,14.271133522138562
7372,arc_pair_75573,24.786089138059033
7373,arc_pair_199129,12.424884446634287
7374,arc_pair_552213,16.847364863751007
7375,arc_pair_401513,13.198560860793545
7376,arc_pair_220347,13.252159071951956
7377,arc_pair_636557,28.12983578219533
7378,arc_pair_139563,33.39627905812877
7379,arc_pair_533350,8.12653825575174
7380,arc_pair_356709,6.329572023991054
7381,arc_pair_714744,12.47843793035609
7382,arc_pair_377054,15.338684460777204
7383,arc_pair_226293,10.450067154802653
7384,arc_pair_197137,13.065316806065347
7385,arc_pair_113022,13.066378252728093
7386,arc_pair_340777,13.904872302090292
7387,arc_pair_270559,8.10744694644941
7388,arc_pair_481015,11.06480083613982
7389,arc_pair_203974,21.890526239314166
7390,arc_pair_623610,8.982739473559851
7391,arc_pair_363502,6.605573191085512
7392,arc_pair_159374,18.1864850190039
7393,arc_pair_461754,145.4293247042597
7394,arc_pair_37868,32.260274912517446
7395,arc_pair_314595,14.645841007883298
7396,arc_pair_351023,22.34872559903784
7397,arc_pair_136679,13.883720930232558
7398,arc_pair_217171,30.126404797925222
7399,arc_pair_47269,12.941181865828092
7400,arc_pair_660272,19.17931184589991
7401,arc_pair_168429,18.844087187098708
7402,arc_pair_59277,11.998736824667123
7403,arc_pair_218284,11.657719743682746
7404,arc_pair_136383,14.593750579852669
7405,arc_pair_512548,12.219791772645575
7406,arc_pair_56028,14.037929392383232
7407,arc_pair_224492,12.577329152209007
7408,arc_pair_22410,14.83386665924648
7409,arc_pair_85265,20.631208283633228
7410,arc_pair_714528,30.722191601501944
7411,arc_pair_650914,9.68046040010962
7412,arc_pair_576170,34.806386244095776
7413,arc_pair_174373,84.20756146270918
7414,arc_pair_220081,21.2032519355339
7415,arc_pair_193318,11.848949189948335
7416,arc_pair_125686,22.833953403773336
7417,arc_pair_155091,22.565890501673437
7418,arc_pair_218142,10.819618627001653
7419,arc_pair_388726,11.1184595530455
7420,arc_pair_151178,34.2034885072164
7421,arc_pair_153145,32.12148085585586
7422,arc_pair_519538,17.484703102343317
7423,arc_pair_513135,62.9874052894925
7424,arc_pair_143846,31.41308532886445
7425,arc_pair_128958,18.673987296260783
7426,arc_pair_552839,34.61361084618078
7427,arc_pair_729313,12.118575121654501
7428,arc_pair_687976,25.67690966121328
7429,arc_pair_337133,8.42246966613912
7430,arc_pair_126415,11.090962610220046
7431,arc_pair_390316,9.206036637842711
7432,arc_pair_71208,30.348881577128324
7433,arc_pair_219196,17.158602374629336
7434,arc_pair_36279,15.286544678074677
7435,arc_pair_423024,11.096817615288742
7436,arc_pair_604963,30.539316207449385
7437,arc_pair_447365,15.547312065128033
7438,arc_pair_367941,15.079414151563164
7439,arc_pair_537305,29.54335100571573
7440,arc_pair_551429,14.396682641438975
7441,arc_pair_641885,13.989606790230384
7442,arc_pair_517619,8.48339973439575
7443,arc_pair_562719,18.37935376100127
7444,arc_pair_29476,19.696963103416117
7445,arc_pair_481900,8.65002894356006
7446,arc_pair_42568,20.846756825447784
7447,arc_pair_196730,11.892809495330543
7448,arc_pair_547904,14.750965755213702
7449,arc_pair_256884,34.75255545603035
7450,arc_pair_458585,9.00226567602874
7451,arc_pair_1034,25.57054176774274
7452,arc_pair_376716,15.19719211993214
7453,arc_pair_541096,23.66425041186161
7454,arc_pair_143295,9.146574212392142
7455,arc_pair_237928,43.218937075555665
7456,arc_pair_330875,22.816936802973977
7457,arc_pair_575930,272.9865618356131
7458,arc_pair_222229,13.157916392363397
7459,arc_pair_128671,29.663375985850674
7460,arc_pair_622017,12.454038235374561
7461,arc_pair_292663,12.461885595804365
7462,arc_pair_670264,72.37070805043646
7463,arc_pair_80358,9.983007904871293
7464,arc_pair_107132,8.28769911954807
7465,arc_pair_91549,16.15877092494734
7466,arc_pair_616548,25.49967620075553
7467,arc_pair_370338,22.491706514181935
7468,arc_pair_642315,8.364730311643662
7469,arc_pair_607973,18.06902731504312
7470,arc_pair_9687,9.333243575934759
7471,arc_pair_265171,12.026555371427403
7472,arc_pair_155068,18.422933019361594
7473,arc_pair_418548,31.514203565267394
7474,arc_pair_649220,11.221268923121606
7475,arc_pair_47156,10.59176347550807
7476,arc_pair_394206,12.297053386974014
7477,arc_pair_613930,20.099472970474014
7478,arc_pair_542593,11.941102372927519
7479,arc_pair_690319,10.40327360508704
7480,arc_pair_716503,13.640846352744092
7481,arc_pair_100024,37.142242076326
7482,arc_pair_154679,45.89671572536794
7483,arc_pair_545606,19.604427906976746
7484,arc_pair_492443,21.018708343574247
7485,arc_pair_114572,15.326955631668044
7486,arc_pair_613526,9.379694937086667
7487,arc_pair_386684,10.081286901583242
7488,arc_pair_266248,9.512870801667074
7489,arc_pair_669383,15.15751415430303
7490,arc_pair_609982,8.788401071386978
7491,arc_pair_160263,9.16513621448376
7492,arc_pair_180037,7.695877094495687
7493,arc_pair_541700,19.185360914219586
7494,arc_pair_477803,11.930919803331864
7495,arc_pair_622781,33.23591696391272
7496,arc_pair_57,14.965568232366342
7497,arc_pair_460295,22.23869662469527
7498,arc_pair_276248,10.204387579869113
7499,arc_pair_145984,14.011958184927543
7500,arc_pair_360504,225.48818698521265
7501,arc_pair_476341,8.116688825322644
7502,arc_pair_600977,38.46231732641979
7503,arc_pair_344775,21.30455820260733
7504,arc_pair_557050,11.782258766746693
7505,arc_pair_83036,8.967962245773522
7506,arc_pair_715544,14.72571724075906
7507,arc_pair_13160,10.717296936305202
7508,arc_pair_196337,9.930043520988345
7509,arc_pair_282771,7.4679871537281075
7510,arc_pair_715817,12.812633206963543
7511,arc_pair_33186,16.818213783403657
7512,arc_pair_205048,16.851739708765056
7513,arc_pair_286732,19.832652763599242
7514,arc_pair_198329,33.58428959747384
7515,arc_pair_270518,11.6893579961264
7516,arc_pair_329615,23.583006169377455
7517,arc_pair_39421,48.27301792644613
7518,arc_pair_569552,6.988807170765342
7519,arc_pair_439868,9.271764345860355
7520,arc_pair_384528,15.02964458095656
7521,arc_pair_240141,11.064277239598951
7522,arc_pair_493985,8.30963281028005
7523,arc_pair_97999,14.162789083539243
7524,arc_pair_575434,9.130424021162383
7525,arc_pair_684024,12.75163893636816
7526,arc_pair_393717,64.27571884984026
7527,arc_pair_643553,16.809302155778255
7528,arc_pair_428280,16.19000884173298
7529,arc_pair_127029,10.277349722226427
7530,arc_pair_458182,11.212858357159416
7531,arc_pair_489872,18.212485464381412
7532,arc_pair_256996,18.129635952931288
7533,arc_pair_525380,104.6850862444735
7534,arc_pair_262460,12.43617836091778
7535,arc_pair_504127,17.813912305620626
7536,arc_pair_75709,13.696525735294117
7537,arc_pair_349452,15.07796321110976
7538,arc_pair_571027,14.347651859453649
7539,arc_pair_328141,14.352858224353168
7540,arc_pair_698904,15.388436600169864
7541,arc_pair_91267,15.804693089140077
7542,arc_pair_20196,15.218184745236478
7543,arc_pair_7764,9.373212607624515
7544,arc_pair_181734,11.353912986243666
7545,arc_pair_327934,27.487580849309662
7546,arc_pair_672127,20.47608673098869
7547,arc_pair_344149,9.63037848905483
7548,arc_pair_622739,7.706284737067124
7549,arc_pair_327467,17.28720543485953
7550,arc_pair_634317,13.094352239444717
7551,arc_pair_11331,46.512340250908665
7552,arc_pair_420433,27.969271785115275
7553,arc_pair_9280,10.998826260465844
7554,arc_pair_720466,10.490961677512654
7555,arc_pair_568085,8.512864608924822
7556,arc_pair_720036,48.48749198965182
7557,arc_pair_567370,7.725738579671163
7558,arc_pair_578969,14.977555923654322
7559,arc_pair_562467,12.341510517250377
7560,arc_pair_439757,17.92434830837493
7561,arc_pair_703613,7.637968002638958
7562,arc_pair_157147,17.172528782741537
7563,arc_pair_620211,12.765240121348572
7564,arc_pair_14975,21.982700707637978
7565,arc_pair_545714,11.645527021433585
7566,arc_pair_390357,7.260258598158142
7567,arc_pair_410969,18.33290813743951
7568,arc_pair_619486,15.67174494425914
7569,arc_pair_333976,77.1190651037989
7570,arc_pair_275577,37.40361375784336
7571,arc_pair_669290,15.240001415102682
7572,arc_pair_659626,12.899784871358047
7573,arc_pair_638765,26.156586523957557
7574,arc_pair_60273,29.297641503766627
7575,arc_pair_720934,22.760529277805407
7576,arc_pair_192119,6.697404930737911
7577,arc_pair_403352,12.608274894810659
7578,arc_pair_562173,13.03252590521787
7579,arc_pair_640954,13.274513393988903
7580,arc_pair_720037,7.05990215980565
7581,arc_pair_22903,32.715232347820205
7582,arc_pair_539434,44.98322761776022
7583,arc_pair_700897,7.201063182879226
7584,arc_pair_451967,9.01354104812137
7585,arc_pair_693426,8.508315941218239
7586,arc_pair_512334,8.818356584314031
7587,arc_pair_260260,37.08788534972525
7588,arc_pair_352073,11.20334832716723
7589,arc_pair_66718,26.03269355386182
7590,arc_pair_44239,7.573701484018264
7591,arc_pair_480994,11.296723580987543
7592,arc_pair_100567,9.70141322620167
7593,arc_pair_36556,30.431975200355655
7594,arc_pair_442218,9.98965344048217
7595,arc_pair_94571,14.260344595956205
7596,arc_pair_597060,12.889281833084675
7597,arc_pair_47946,39.17811106465998
7598,arc_pair_242311,48.82049704036075
7599,arc_pair_555596,5.33560262589568
7600,arc_pair_534085,23.693640136149575
7601,arc_pair_84658,30.10981847496734
7602,arc_pair_87977,9.963294648024611
7603,arc_pair_493438,10.095819220725495
7604,arc_pair_601664,25.639671015091587
7605,arc_pair_734218,6.676634645181283
7606,arc_pair_303355,20.528832313218928
7607,arc_pair_371590,8.648347204188926
7608,arc_pair_51312,27.03977825685248
7609,arc_pair_353818,11.166105341940312
7610,arc_pair_532151,15.467239020708526
7611,arc_pair_602048,10.725582374403592
7612,arc_pair_230757,10.392229143402979
7613,arc_pair_251244,15.127104034103375
7614,arc_pair_41312,21.552156254700716
7615,arc_pair_340737,14.700192662260985
7616,arc_pair_719566,11.917378865462762
7617,arc_pair_703887,12.728721809021113
7618,arc_pair_187931,32.399714620225375
7619,arc_pair_351063,6.923156801661475
7620,arc_pair_140545,29.988061976123955
7621,arc_pair_481110,35.74163635817127
7622,arc_pair_393716,7.880468246581225
7623,arc_pair_299583,22.880677391264495
7624,arc_pair_77365,28.403969524122175
7625,arc_pair_727571,10.469683146344472
7626,arc_pair_404244,15.188882431369867
7627,arc_pair_398859,19.861913122980543
7628,arc_pair_385292,33.631683168316826
7629,arc_pair_250510,19.381714114324275
7630,arc_pair_626901,14.204240707356854
7631,arc_pair_22954,14.843084869534243
7632,arc_pair_287319,7.400268523957372
7633,arc_pair_109204,14.405376864522374
7634,arc_pair_539526,8.755016688784334
7635,arc_pair_385416,10.704918032786887
7636,arc_pair_41579,13.054603427660423
7637,arc_pair_314351,17.620833053860085
7638,arc_pair_22407,24.581511670989258
7639,arc_pair_642482,6.825896264705527
7640,arc_pair_539930,20.518823409021138
7641,arc_pair_261076,17.37628034466026
7642,arc_pair_581049,68.53384929409764
7643,arc_pair_672464,30.908680162164373
7644,arc_pair_402451,12.056902471071929
7645,arc_pair_729754,9.51733867973565
7646,arc_pair_544850,11.091208002408134
7647,arc_pair_190466,249.88578714117097
7648,arc_pair_649364,15.87079701120797
7649,arc_pair_406412,6.828514776697196
7650,arc_pair_717256,46.26550598476605
7651,arc_pair_56,11.60045799989934
7652,arc_pair_636393,35.70350746419002
7653,arc_pair_23703,16.84648668986925
7654,arc_pair_218505,41.38494691593424
7655,arc_pair_541351,11.178189281779629
7656,arc_pair_535769,13.204484062668826
7657,arc_pair_43682,13.452733671632018
7658,arc_pair_48867,38.23163069253803
7659,arc_pair_213060,8.110655665294441
7660,arc_pair_217920,43.49296452194829
7661,arc_pair_678710,6.971528484231943
7662,arc_pair_113465,20.394732089102952
7663,arc_pair_112624,11.37544483985765
7664,arc_pair_455709,24.637948207171313
7665,arc_pair_140904,34.69733420026007
7666,arc_pair_69269,17.00157459170471
7667,arc_pair_685376,47.71549876993889
7668,arc_pair_21417,15.799693016116654
7669,arc_pair_48534,11.263299036777584
7670,arc_pair_61659,12.014668632565877
7671,arc_pair_703079,17.773260272617073
7672,arc_pair_287460,24.326270585900964
7673,arc_pair_38323,14.278939879802078
7674,arc_pair_176070,31.2789829133257
7675,arc_pair_649558,9.443845408286892
7676,arc_pair_59630,9.625049567477861
7677,arc_pair_496682,13.225318121983324
7678,arc_pair_412797,35.471627942642435
7679,arc_pair_377805,11.35229586688925
7680,arc_pair_536450,8.313500223513635
7681,arc_pair_283589,9.696577995250312
7682,arc_pair_169385,32.63808681197887
7683,arc_pair_96327,6.726774661651909
7684,arc_pair_459395,8.596490285852388
7685,arc_pair_511373,16.99365339084948
7686,arc_pair_483480,9.776204926235591
7687,arc_pair_537611,13.799928057553956
7688,arc_pair_541994,24.547460060621255
7689,arc_pair_99482,17.125441080880304
7690,arc_pair_553550,8.87882979278668
7691,arc_pair_727875,28.835003251656143
7692,arc_pair_43397,11.818090647826606
7693,arc_pair_681620,20.642033430281906
7694,arc_pair_87609,10.91970431603211
7695,arc_pair_502660,9.660797224998529
7696,arc_pair_384211,25.59342650487888
7697,arc_pair_730426,314.8253447765611
7698,arc_pair_619429,15.248815650138406
7699,arc_pair_659667,11.591344680613979
7700,arc_pair_105661,64.8153218482725
7701,arc_pair_428940,8.684087929581423
7702,arc_pair_224169,11.354601814096696
7703,arc_pair_92958,34.000195446105735
7704,arc_pair_381443,37.47073923836048
7705,arc_pair_357725,12.220792105402403
7706,arc_pair_715768,16.8044482094213
7707,arc_pair_319826,27.643296713315408
7708,arc_pair_601449,8.7934818804384
7709,arc_pair_387597,10.972195279663758
7710,arc_pair_665358,19.894577636070064
7711,arc_pair_734170,13.567951198091597
7712,arc_pair_543680,34.0666468378554
7713,arc_pair_165426,67.95891787099049
7714,arc_pair_460778,24.92750745995981
7715,arc_pair_620601,11.211860759328577
7716,arc_pair_568180,7.036232861923782
7717,arc_pair_734520,13.22047084614102
7718,arc_pair_89302,52.76001994294103
7719,arc_pair_299254,8.712464537047271
7720,arc_pair_165076,9.307507563706686
7721,arc_pair_269903,14.65979192912586
7722,arc_pair_701394,18.4072547144671
7723,arc_pair_338697,28.23333976529198
7724,arc_pair_154681,37.62840859038187
7725,arc_pair_554145,18.938563252104704
7726,arc_pair_529475,15.437834469613664
7727,arc_pair_527938,31.49229055197172
7728,arc_pair_271719,19.220494282552565
7729,arc_pair_255246,37.85020968145083
7730,arc_pair_306546,8.92119385980692
7731,arc_pair_353859,58.95854692825895
7732,arc_pair_409088,9.685030909855339
7733,arc_pair_134350,14.934197748444413
7734,arc_pair_383612,18.172015572349267
7735,arc_pair_448087,9.97115411005901
7736,arc_pair_481014,14.122789890443647
7737,arc_pair_714315,12.011539629517156
7738,arc_pair_17533,15.34878836409462
7739,arc_pair_42986,10.646294789500647
7740,arc_pair_261349,11.21463098619624
7741,arc_pair_575531,26.299792716943468
7742,arc_pair_221107,8.871949371601747
7743,arc_pair_43381,39.77853678529954
7744,arc_pair_729484,15.842535435441892
7745,arc_pair_709931,12.129063072831952
7746,arc_pair_653513,36.0702245158801
7747,arc_pair_424349,12.166998233019065
7748,arc_pair_50407,14.653620856131315
7749,arc_pair_101858,12.355291046137868
7750,arc_pair_370285,29.206569062227892
7751,arc_pair_611330,8.185208002673125
7752,arc_pair_604831,13.088578894781339
7753,arc_pair_609350,8.473169684903255
7754,arc_pair_155356,70.38968051387057
7755,arc_pair_355061,8.453940012639153
7756,arc_pair_514864,11.727719058086429
7757,arc_pair_499561,18.797770964007178
7758,arc_pair_625395,17.04280284250537
7759,arc_pair_501365,9.7452628883578
7760,arc_pair_127439,8.76656437156106
7761,arc_pair_524928,22.540810752442294
7762,arc_pair_701052,10.682513210329512
7763,arc_pair_318299,14.602661528271211
7764,arc_pair_64676,15.065788580351686
7765,arc_pair_379270,16.47467518847089
7766,arc_pair_543792,13.558882483860712
7767,arc_pair_471581,31.504304058111938
7768,arc_pair_346499,24.55408961799316
7769,arc_pair_618795,14.225675146771039
7770,arc_pair_402105,11.925019765077929
7771,arc_pair_472207,16.548467767545255
7772,arc_pair_142217,25.18052291421857
7773,arc_pair_147445,10.161064620299316
7774,arc_pair_570508,20.4276972972973
7775,arc_pair_269542,28.40131718370474
7776,arc_pair_353361,128.4557663003754
7777,arc_pair_356499,10.47467356263191
7778,arc_pair_681118,11.722227004321105
7779,arc_pair_289203,12.666705764075067
7780,arc_pair_94567,32.85861276877901
7781,arc_pair_687920,26.48603516756745
7782,arc_pair_195625,21.26739305301645
7783,arc_pair_314255,11.085330990531174
7784,arc_pair_697189,61.34841342108599
7785,arc_pair_430832,59.256910735271575
7786,arc_pair_150695,13.568602073221882
7787,arc_pair_201765,10.479900346783179
7788,arc_pair_279057,35.405618743496824
7789,arc_pair_588383,10.4897271634117
7790,arc_pair_210174,13.969716767226469
7791,arc_pair_431370,24.346758160713144
7792,arc_pair_628266,35.52227004467052
7793,arc_pair_11799,9.51925537674098
7794,arc_pair_42601,14.625546982512022
7795,arc_pair_14061,40.17920783614446
7796,arc_pair_298941,17.331299911268857
7797,arc_pair_115289,41.77180553091176
7798,arc_pair_449442,10.115403956777175
7799,arc_pair_710182,86.71481623321613
7800,arc_pair_259398,8.652774968942305
7801,arc_pair_419525,25.906768191500632
7802,arc_pair_464015,31.71641355140187
7803,arc_pair_135516,18.48915433597508
7804,arc_pair_624496,25.821020369069664
7805,arc_pair_688856,21.46824971731239
7806,arc_pair_258970,12.575898494955947
7807,arc_pair_87062,20.32426435708711
7808,arc_pair_36393,8.863144276420979
7809,arc_pair_555979,16.135705545090815
7810,arc_pair_321662,25.831482541499714
7811,arc_pair_292336,14.48865090435404
7812,arc_pair_601222,36.19100646940291
7813,arc_pair_543004,14.752962387154934
7814,arc_pair_579545,107.06361105631177
7815,arc_pair_457775,10.00349125742974
7816,arc_pair_674772,43.91486181725983
7817,arc_pair_167620,29.972253145162252
7818,arc_pair_166932,23.25320108569526
7819,arc_pair_218682,13.517133435289619
7820,arc_pair_196265,24.460320353896265
7821,arc_pair_371139,21.880045642561686
7822,arc_pair_327759,6.555091971721385
7823,arc_pair_325764,13.510376258980292
7824,arc_pair_24711,10.494224900021049
7825,arc_pair_59221,17.248371406236426
7826,arc_pair_149322,15.797970417625605
7827,arc_pair_582018,17.8861155254612
7828,arc_pair_296660,8.629503588074277
7829,arc_pair_624029,12.08689965119399
7830,arc_pair_554684,17.903940626485657
7831,arc_pair_437532,29.44264585045193
7832,arc_pair_231916,13.076603188730491
7833,arc_pair_470543,8.691126070991432
7834,arc_pair_640692,18.719061074698963
7835,arc_pair_715945,55.24383278726144
7836,arc_pair_55202,9.371538749242298
7837,arc_pair_242491,14.221128983066581
7838,arc_pair_357908,9.483834450280746
7839,arc_pair_363554,15.423129315609
7840,arc_pair_124612,22.826782856126627
7841,arc_pair_478734,16.617651223562426
7842,arc_pair_461515,11.969476193386711
7843,arc_pair_321530,25.35095667059843
7844,arc_pair_5220,20.304836533343238
7845,arc_pair_647340,13.4982152945406
7846,arc_pair_330771,24.074247239008123
7847,arc_pair_489721,5.948416339413513
7848,arc_pair_408066,8.347884165831783
7849,arc_pair_173927,14.025261233920752
7850,arc_pair_167067,12.639395994158146
7851,arc_pair_457077,41.50386815250082
7852,arc_pair_605830,9.885637342908439
7853,arc_pair_280409,15.134565548257942
7854,arc_pair_604688,25.52313205327058
7855,arc_pair_45445,17.798637552775403
7856,arc_pair_366812,18.62207666333167
7857,arc_pair_239632,15.096417113609093
7858,arc_pair_467091,84.37661231961175
7859,arc_pair_357359,20.971652930736877
7860,arc_pair_40352,15.91218577038434
7861,arc_pair_38460,12.349350442759425
7862,arc_pair_88929,24.552097367159135
7863,arc_pair_120503,10.821034560396264
7864,arc_pair_163862,18.885868278737778
7865,arc_pair_261559,11.625773721387478
7866,arc_pair_240204,23.88678828624358
7867,arc_pair_282988,22.63922918715908
7868,arc_pair_684361,13.75986842105263
7869,arc_pair_475413,18.19165316722056
7870,arc_pair_331926,18.0716180843676
7871,arc_pair_705894,20.725757317540797
7872,arc_pair_538927,7.503027876482658
7873,arc_pair_658373,9.499296538382623
7874,arc_pair_721831,10.400674669732206
7875,arc_pair_676221,45.57425531112981
7876,arc_pair_452449,7.289591210672755
7877,arc_pair_658689,20.74662091392433
7878,arc_pair_406214,43.527576405965576
7879,arc_pair_387738,19.675812949915027
7880,arc_pair_185062,27.083584887455373
7881,arc_pair_143754,11.902602749981286
7882,arc_pair_474081,7.649213721802107
7883,arc_pair_268902,13.354343921656026
7884,arc_pair_502565,36.934087959810356
7885,arc_pair_154091,13.677038936646682
7886,arc_pair_178404,17.052515683598454
7887,arc_pair_564619,29.816663362410782
7888,arc_pair_616089,14.432571981251396
7889,arc_pair_135078,40.07508177994704
7890,arc_pair_620912,6.8966837208726135
7891,arc_pair_540346,6.249242235509051
7892,arc_pair_460884,12.575154402682195
7893,arc_pair_730666,14.543493685256138
7894,arc_pair_683332,18.707547654523967
7895,arc_pair_489408,43.18502422890546
7896,arc_pair_132752,29.504527279762673
7897,arc_pair_388971,10.859500493433538
7898,arc_pair_60422,21.481587386424373
7899,arc_pair_242055,27.887435113418185
7900,arc_pair_714293,8.37306413973552
7901,arc_pair_123513,18.007085731654033
7902,arc_pair_653180,22.49508028039186
7903,arc_pair_491891,24.232193106396114
7904,arc_pair_619239,14.705768978054234
7905,arc_pair_645054,20.427232699708952
7906,arc_pair_375044,75.50032789518062
7907,arc_pair_586535,10.371777555933996
7908,arc_pair_674359,55.54655314084946
7909,arc_pair_380012,10.437691478497673
7910,arc_pair_357135,28.39397373726366
7911,arc_pair_282463,17.09090261147223
7912,arc_pair_505832,15.560498425620153
7913,arc_pair_610366,18.29943827828912
7914,arc_pair_231605,24.873251165889407
7915,arc_pair_685032,15.076125306045576
7916,arc_pair_228424,15.219737488221476
7917,arc_pair_380696,10.700929016898273
7918,arc_pair_574422,28.51165317608566
7919,arc_pair_461112,6.235769697203026
7920,arc_pair_266224,22.8178808321186
7921,arc_pair_523003,9.438069480665828
7922,arc_pair_511488,13.912411371693484
7923,arc_pair_298594,16.327309105935058
7924,arc_pair_167899,35.5779130702836
7925,arc_pair_656506,26.098574200104704
7926,arc_pair_153095,14.721905705556932
7927,arc_pair_390679,10.08883766173198
7928,arc_pair_216063,14.857425656103986
7929,arc_pair_481203,8.867968210859063
7930,arc_pair_49574,37.07475472462593
7931,arc_pair_350998,27.781662217555933
7932,arc_pair_249971,9.145376652748784
7933,arc_pair_175148,8.539151442944135
7934,arc_pair_30904,14.186389381821714
7935,arc_pair_465917,14.757645395085733
7936,arc_pair_220852,14.660768325910137
7937,arc_pair_82020,50.36163007352201
7938,arc_pair_305487,37.381200759477096
7939,arc_pair_442367,60.04044392645294
7940,arc_pair_594363,16.61828064028032
7941,arc_pair_59574,16.00933588761175
7942,arc_pair_13337,9.889113719142046
7943,arc_pair_114908,87.0637448731488
7944,arc_pair_340998,18.171635468775214
7945,arc_pair_591161,15.310665077208837
7946,arc_pair_285719,9.904392945553209
7947,arc_pair_306751,53.323116037250756
7948,arc_pair_499263,28.662572948648837
7949,arc_pair_468626,17.109114660649606
7950,arc_pair_555810,9.033861405384393
7951,arc_pair_353434,104.73037563670499
7952,arc_pair_732319,9.934400197339006
7953,arc_pair_425870,9.93159529842947
7954,arc_pair_300056,22.00916462334005
7955,arc_pair_678792,6.273423538422263
7956,arc_pair_200764,50.42183547237785
7957,arc_pair_353064,38.76396894935055
7958,arc_pair_732749,11.256908770755416
7959,arc_pair_253306,12.840937398202616
7960,arc_pair_394840,11.937471500894436
7961,arc_pair_340648,10.951436705044244
7962,arc_pair_246807,7.447026976570521
7963,arc_pair_449252,9.84412278445019
7964,arc_pair_223907,11.147858395039115
7965,arc_pair_588593,11.95683950446637
7966,arc_pair_663998,25.144488841493967
7967,arc_pair_89050,19.66158602655417
7968,arc_pair_215073,12.53693066053237
7969,arc_pair_241784,41.05844556877835
7970,arc_pair_210621,42.059444332668775
7971,arc_pair_220297,11.58544502964656
7972,arc_pair_725433,9.64622698359558
7973,arc_pair_257650,21.730296889662583
7974,arc_pair_541015,4.905185973912833
7975,arc_pair_680549,24.539762045788162
7976,arc_pair_512924,20.719020430480636
7977,arc_pair_559075,33.220813145759145
7978,arc_pair_88641,34.74423144301517
7979,arc_pair_400378,16.667179688693864
7980,arc_pair_55691,19.29963230534193
7981,arc_pair_561509,9.722077614765738
7982,arc_pair_540254,12.198798638730572
7983,arc_pair_678287,4.664543137968693
7984,arc_pair_702740,60.502271367832265
7985,arc_pair_111065,13.72216637851313
7986,arc_pair_361050,19.67761332793498
7987,arc_pair_388926,19.546053648305552
7988,arc_pair_221486,21.449068142605785
7989,arc_pair_654242,14.469013768542666
7990,arc_pair_424277,22.143684820393975
7991,arc_pair_153083,12.444516352710044
7992,arc_pair_135255,10.916980961969017
7993,arc_pair_472378,10.164905089310185
7994,arc_pair_361695,11.930369255878002
7995,arc_pair_442664,10.81782731515598
7996,arc_pair_684265,11.282442748091604
7997,arc_pair_172674,21.2132811109133
7998,arc_pair_485313,11.571582362483412
7999,arc_pair_59077,21.817151031870083
8000,arc_pair_591198,8.842898904288207
8001,arc_pair_417278,17.561788226226035
8002,arc_pair_619852,176.1990464839094
8003,arc_pair_187272,17.778108651911467
8004,arc_pair_436525,15.844674044014791
8005,arc_pair_376500,12.793846316048429
8006,arc_pair_518715,12.072519788488474
8007,arc_pair_501164,7.947559305149119
8008,arc_pair_217721,59.23116378557708
8009,arc_pair_674031,25.674880613517136
8010,arc_pair_216833,140.37939819401592
8011,arc_pair_73865,17.248346906104267
8012,arc_pair_317443,14.419013954177
8013,arc_pair_438887,12.538076333865948
8014,arc_pair_505961,14.802930480156013
8015,arc_pair_163989,16.693254680687353
8016,arc_pair_370968,10.138539611787914
8017,arc_pair_360591,12.187095879006524
8018,arc_pair_685531,24.633252408176048
8019,arc_pair_578801,11.40952854987479
8020,arc_pair_484914,39.781869043359464
8021,arc_pair_298097,19.610446750902526
8022,arc_pair_700507,22.555618599875714
8023,arc_pair_547641,14.463568966331394
8024,arc_pair_554597,14.760358768604068
8025,arc_pair_719726,15.752760754808568
8026,arc_pair_638933,12.755694199142145
8027,arc_pair_649523,21.042348356780607
8028,arc_pair_555555,10.591798311417055
8029,arc_pair_268040,8.121362453162755
8030,arc_pair_54429,15.945124152593364
8031,arc_pair_625252,12.607935968193349
8032,arc_pair_106759,12.973067412106225
8033,arc_pair_509692,10.812395873651617
8034,arc_pair_646286,15.299700532516109
8035,arc_pair_289956,27.968300575263658
8036,arc_pair_178015,8.57044837378993
8037,arc_pair_323370,8.316214361324693
8038,arc_pair_725999,12.945426467749499
8039,arc_pair_386492,10.822365310946289
8040,arc_pair_470083,16.777419195900666
8041,arc_pair_684009,18.343145156132067
8042,arc_pair_663598,8.860415926057591
8043,arc_pair_445637,15.675955144319053
8044,arc_pair_492710,93.76245624871319
8045,arc_pair_319631,30.386304332494888
8046,arc_pair_371800,13.423501931542537
8047,arc_pair_268943,11.93628161049931
8048,arc_pair_469308,40.54816921436189
8049,arc_pair_319261,28.00283531542884
8050,arc_pair_518980,15.958465257209
8051,arc_pair_493947,32.194757134830375
8052,arc_pair_306878,10.197552905719714
8053,arc_pair_673824,28.20638186787875
8054,arc_pair_563488,29.497347821608816
8055,arc_pair_7525,39.03028526052165
8056,arc_pair_284372,27.078178896866326
8057,arc_pair_338183,21.95014196479273
8058,arc_pair_147243,10.789145341743
8059,arc_pair_622578,20.225893761519686
8060,arc_pair_225579,14.063137005096042
8061,arc_pair_448843,9.264443882634623
8062,arc_pair_550242,19.366344959388435
8063,arc_pair_47194,109.82943303442292
8064,arc_pair_149089,10.543345212853941
8065,arc_pair_714905,28.65404985523621
8066,arc_pair_158698,15.568072366634752
8067,arc_pair_22997,13.817310026705512
8068,arc_pair_106098,24.942957982775546
8069,arc_pair_307947,15.050328195294641
8070,arc_pair_695423,51.522721738601085
8071,arc_pair_551687,16.105120811018963
8072,arc_pair_583058,13.038987607148293
8073,arc_pair_719634,10.595745880230744
8074,arc_pair_219292,41.451972866611435
8075,arc_pair_305583,78.36895897211272
8076,arc_pair_163198,20.406157173380585
8077,arc_pair_639949,15.190173158219373
8078,arc_pair_713393,13.695941509467445
8079,arc_pair_722837,12.983260683149922
8080,arc_pair_297765,74.26101736629185
8081,arc_pair_681175,13.514496146593945
8082,arc_pair_36192,40.89961565922798
8083,arc_pair_263572,29.309983651840575
8084,arc_pair_490003,17.478705118411
8085,arc_pair_729797,9.412276597735568
8086,arc_pair_547246,14.628055105111684
8087,arc_pair_535483,15.46619526871211
8088,arc_pair_60208,12.592652755216793
8089,arc_pair_601023,16.90505723808144
8090,arc_pair_585533,16.85514590249869
8091,arc_pair_321930,103.74269747076109
8092,arc_pair_412168,11.850149222472382
8093,arc_pair_660160,10.924700166995597
8094,arc_pair_505936,50.11666481268617
8095,arc_pair_618982,37.98513308697059
8096,arc_pair_152850,9.966050566695728
8097,arc_pair_435132,19.821930450833236
8098,arc_pair_178412,11.886373748609566
8099,arc_pair_153742,8.30729642487362
8100,arc_pair_435098,9.281027258196898
8101,arc_pair_545502,108.58851625868272
8102,arc_pair_731574,19.712612342329415
8103,arc_pair_11432,25.496804693635568
8104,arc_pair_677975,6.86370191926716
8105,arc_pair_693631,13.10695050830173
8106,arc_pair_244528,12.617443868739205
8107,arc_pair_291432,20.923056722689076
8108,arc_pair_121884,12.56977989292088
8109,arc_pair_196208,9.207836742927263
8110,arc_pair_357436,21.33952304294111
8111,arc_pair_115067,11.420788680828341
8112,arc_pair_458547,29.530645296735724
8113,arc_pair_543439,13.377962156031757
8114,arc_pair_134690,49.70210990582906
8115,arc_pair_51693,43.175151472239364
8116,arc_pair_288306,26.62340296332281
8117,arc_pair_164574,33.1225090276849
8118,arc_pair_43704,43.85710025984352
8119,arc_pair_427949,15.835871887626663
8120,arc_pair_293819,7.259338983259326
8121,arc_pair_200660,36.13527501648481
8122,arc_pair_208250,10.253466321881541
8123,arc_pair_34793,10.682506678417008
8124,arc_pair_248069,15.348027137408446
8125,arc_pair_595728,15.562788583458932
8126,arc_pair_62184,9.75660120687851
8127,arc_pair_290741,17.48994754147737
8128,arc_pair_132733,15.323232740801986
8129,arc_pair_164153,14.098367163310133
8130,arc_pair_70910,10.81851176719508
8131,arc_pair_507213,51.1869450051926
8132,arc_pair_217428,49.4938677543772
8133,arc_pair_641076,10.222359513637858
8134,arc_pair_343117,16.75955474098431
8135,arc_pair_544221,17.626067573624727
8136,arc_pair_350691,12.044832477573772
8137,arc_pair_127161,10.574442655739304
8138,arc_pair_122699,8.300470591938556
8139,arc_pair_89066,209.96781179249928
8140,arc_pair_630836,8.19251480883145
8141,arc_pair_482730,9.804106760477211
8142,arc_pair_428327,12.786335860487107
8143,arc_pair_246132,14.94337420593884
8144,arc_pair_122676,9.346017199171428
8145,arc_pair_406275,12.0260855457569
8146,arc_pair_327743,10.898958461728089
8147,arc_pair_534066,25.31987467162872
8148,arc_pair_315262,11.721326759584084
8149,arc_pair_417034,19.486928759233756
8150,arc_pair_17968,5.423950764559159
8151,arc_pair_84711,19.14732641660016
8152,arc_pair_327313,14.259362364949954
8153,arc_pair_435515,9.48730833876445
8154,arc_pair_178035,369.36586856485474
8155,arc_pair_602551,16.313219366768557
8156,arc_pair_132226,34.08478816857556
8157,arc_pair_219123,58.72617419660232
8158,arc_pair_390136,32.30896339491788
8159,arc_pair_166181,14.397568919781069
8160,arc_pair_209820,22.938458727036235
8161,arc_pair_605914,9.379440441491958
8162,arc_pair_619937,7.124233244982961
8163,arc_pair_639482,24.599417128889723
8164,arc_pair_493658,10.058710198130646
8165,arc_pair_420594,16.10746624305004
8166,arc_pair_331414,44.088512351756876
8167,arc_pair_410088,30.974161306949327
8168,arc_pair_482419,9.908623601693877
8169,arc_pair_215679,15.59593931703252
8170,arc_pair_607883,10.623696412012269
8171,arc_pair_424187,14.265797860463227
8172,arc_pair_419303,15.969608464442178
8173,arc_pair_338635,21.08688741721854
8174,arc_pair_633826,9.249428396371624
8175,arc_pair_214592,8.971108516544039
8176,arc_pair_181369,16.197199639841845
8177,arc_pair_313135,323.05394477317554
8178,arc_pair_366035,21.988126649076516
8179,arc_pair_177006,18.78965325477583
8180,arc_pair_92850,35.221383968987205
8181,arc_pair_20174,10.563027064516637
8182,arc_pair_55074,20.02990870888277
8183,arc_pair_105339,16.976274936568828
8184,arc_pair_65568,16.272146304983345
8185,arc_pair_202503,14.715934517234544
8186,arc_pair_319187,21.40305673063802
8187,arc_pair_626262,10.997632012308728
8188,arc_pair_452214,24.708473123545975
8189,arc_pair_12906,19.353038189190826
8190,arc_pair_574414,14.740122589510415
8191,arc_pair_657321,20.009710331245383
8192,arc_pair_588399,6.910776967733225
8193,arc_pair_488501,12.785834837899364
8194,arc_pair_40276,32.270307433997225
8195,arc_pair_333096,12.084497687690643
8196,arc_pair_203312,17.90356340986456
8197,arc_pair_263913,15.61004321084243
8198,arc_pair_362563,22.122074077119976
8199,arc_pair_239653,7.432948877359973
8200,arc_pair_713999,12.246588563309293
8201,arc_pair_227163,13.559443619895728
8202,arc_pair_409138,21.978509030494667
8203,arc_pair_602910,12.081561405358542
8204,arc_pair_407825,11.730349829772535
8205,arc_pair_691339,16.739394541271498
8206,arc_pair_576307,27.262375493585097
8207,arc_pair_389205,14.78640432718426
8208,arc_pair_721411,14.375627553998834
8209,arc_pair_505279,14.839258830341633
8210,arc_pair_694992,14.472834885317239
8211,arc_pair_447692,65.06122405352829
8212,arc_pair_735002,7.252006545624562
8213,arc_pair_300172,42.57311290197196
8214,arc_pair_426381,24.253090002099103
8215,arc_pair_514468,12.81831269444275
8216,arc_pair_256470,9.625798097387115
8217,arc_pair_264151,27.65272560313883
8218,arc_pair_361031,14.178853377671038
8219,arc_pair_89898,18.1982139829311
8220,arc_pair_11804,16.149170952857652
8221,arc_pair_670286,14.873807045577824
8222,arc_pair_590592,15.791201416289645
8223,arc_pair_353455,30.209543810523858
8224,arc_pair_57788,21.715010034857926
8225,arc_pair_211544,18.485608117764755
8226,arc_pair_356657,21.60213957097722
8227,arc_pair_101842,10.276470405853718
8228,arc_pair_268934,12.25441127138544
8229,arc_pair_163784,41.737796409322
8230,arc_pair_177397,15.588344718223954
8231,arc_pair_336806,37.673542566317096
8232,arc_pair_86281,53.476098553980066
8233,arc_pair_81544,18.482884457798416
8234,arc_pair_649554,12.441036717062634
8235,arc_pair_123933,16.906990222010876
8236,arc_pair_624967,11.713691418473658
8237,arc_pair_625675,16.241158602733776
8238,arc_pair_461036,15.674305565909735
8239,arc_pair_36018,18.169597558649627
8240,arc_pair_104969,23.170020590947566
8241,arc_pair_724185,11.571049245845995
8242,arc_pair_42709,23.0208694492599
8243,arc_pair_64791,10.527378140433756
8244,arc_pair_550409,9.838333211918119
8245,arc_pair_594752,9.213240806932504
8246,arc_pair_228500,28.0813322706705
8247,arc_pair_591550,13.280997651269432
8248,arc_pair_144674,13.026888248090252
8249,arc_pair_63404,7.9984404655063335
8250,arc_pair_265469,7.136857892763405
8251,arc_pair_701224,6.830313448553552
8252,arc_pair_356968,8.736758811690436
8253,arc_pair_89748,18.70969491035281
8254,arc_pair_238916,11.579289272325784
8255,arc_pair_323868,28.761858142297704
8256,arc_pair_151860,11.833566840988222
8257,arc_pair_233659,17.954211102913227
8258,arc_pair_504741,8.734899137093548
8259,arc_pair_249156,19.886262778595004
8260,arc_pair_662038,7.315824475708898
8261,arc_pair_564013,21.624046882841462
8262,arc_pair_405398,9.811451168607304
8263,arc_pair_128943,18.01185914293586
8264,arc_pair_637424,12.139942337547126
8265,arc_pair_172253,10.059283805451631
8266,arc_pair_708455,14.315484973208044
8267,arc_pair_180939,26.691192881262587
8268,arc_pair_277004,24.88468747021887
8269,arc_pair_155823,16.005240742786306
8270,arc_pair_229254,17.38836881928559
8271,arc_pair_289521,18.843228464561697
8272,arc_pair_181144,16.133947258267057
8273,arc_pair_132288,12.12334077293551
8274,arc_pair_614581,8.26954653462529
8275,arc_pair_485958,25.56106182260821
8276,arc_pair_683742,18.184930339049103
8277,arc_pair_398402,8.026863757967279
8278,arc_pair_323604,15.691284264099798
8279,arc_pair_60052,9.480831337218309
8280,arc_pair_314577,30.0421526702374
8281,arc_pair_243234,21.40155207704428
8282,arc_pair_46863,10.248121827411168
8283,arc_pair_657419,17.295348922311266
8284,arc_pair_203580,10.310795770728992
8285,arc_pair_122288,23.158965182655592
8286,arc_pair_268534,18.340412425566864
8287,arc_pair_32221,14.876199603859176
8288,arc_pair_355128,29.037662415424226
8289,arc_pair_433195,12.520174658365004
8290,arc_pair_285447,57.8993293927426
8291,arc_pair_563955,16.082130046905174
8292,arc_pair_398814,15.618203279028744
8293,arc_pair_58938,13.056995205313333
8294,arc_pair_692446,54.01682027954459
8295,arc_pair_523218,13.782248039500436
8296,arc_pair_438366,13.004401364917658
8297,arc_pair_596903,103.58292976068435
8298,arc_pair_43677,18.074729967344886
8299,arc_pair_35858,9.883198387149221
8300,arc_pair_305809,12.119693786919683
8301,arc_pair_35788,13.82263774842318
8302,arc_pair_251966,32.58984813431981
8303,arc_pair_236158,13.169522235290378
8304,arc_pair_648979,27.76881036465595
8305,arc_pair_310758,29.549638527138562
8306,arc_pair_124560,26.890800975203664
8307,arc_pair_254637,66.18355824841642
8308,arc_pair_647675,30.623764005445107
8309,arc_pair_111784,13.622742564930697
8310,arc_pair_589526,102.9974947257384
8311,arc_pair_169059,11.067690533451472
8312,arc_pair_472319,9.504024915332119
8313,arc_pair_154727,21.86574036010853
8314,arc_pair_420869,13.71136877971877
8315,arc_pair_672184,36.15578889575183
8316,arc_pair_564005,27.102683283050645
8317,arc_pair_298019,20.373949119754727
8318,arc_pair_1613,9.18420808066727
8319,arc_pair_402918,9.864647404421014
8320,arc_pair_504757,26.635446197087543
8321,arc_pair_536276,31.00280293470614
8322,arc_pair_162615,10.621408946624342
8323,arc_pair_715621,12.450725362681341
8324,arc_pair_383864,7.197555308617032
8325,arc_pair_349672,10.609084402231337
8326,arc_pair_204642,30.740920716112534
8327,arc_pair_549055,32.557864221495706
8328,arc_pair_433438,19.66081334176339
8329,arc_pair_506044,15.009410754676486
8330,arc_pair_696147,13.359956713452746
8331,arc_pair_442982,11.534142726858187
8332,arc_pair_435016,49.04382071130839
8333,arc_pair_276984,11.000445143484583
8334,arc_pair_621732,8.78381601362862
8335,arc_pair_79224,12.151064080646115
8336,arc_pair_640221,28.957619647355166
8337,arc_pair_425915,10.052606542239136
8338,arc_pair_649903,7.300523600132171
8339,arc_pair_439936,20.341838510627078
8340,arc_pair_578358,11.553446178339165
8341,arc_pair_724202,8.746492311146033
8342,arc_pair_123134,8.763262618873448
8343,arc_pair_493971,10.37966824349558
8344,arc_pair_621677,13.034071470415935
8345,arc_pair_335338,10.424350576010841
8346,arc_pair_189466,54.92391657972381
8347,arc_pair_729575,25.38281489473878
8348,arc_pair_245708,68.34455771572917
8349,arc_pair_105513,15.370461436071878
8350,arc_pair_489869,9.690236578041455
8351,arc_pair_276068,16.050400368783187
8352,arc_pair_420701,19.870668375581502
8353,arc_pair_185445,6.581787521079258
8354,arc_pair_322557,49.15453700836172
8355,arc_pair_471974,10.243718501867228
8356,arc_pair_389182,10.946843634442684
8357,arc_pair_166314,25.226719013211934
8358,arc_pair_327885,7.243933567028554
8359,arc_pair_598360,38.74520475370556
8360,arc_pair_414177,20.270421712005895
8361,arc_pair_206940,26.24869536175009
8362,arc_pair_60793,13.997719727708661
8363,arc_pair_599822,6.817887906149689
8364,arc_pair_539838,32.55230983752324
8365,arc_pair_262752,10.950296859184506
8366,arc_pair_680705,11.394232441646084
8367,arc_pair_6494,14.53963576461975
8368,arc_pair_163815,12.709202596198423
8369,arc_pair_294128,45.76265681808384
8370,arc_pair_388269,8.937693804532044
8371,arc_pair_533166,21.03826246478412
8372,arc_pair_573328,24.771106894048422
8373,arc_pair_171081,25.03030599808479
8374,arc_pair_258643,26.039408174172316
8375,arc_pair_556820,8.067804275076124
8376,arc_pair_258706,17.639392962739798
8377,arc_pair_89359,14.500091233740847
8378,arc_pair_40260,9.414024890346967
8379,arc_pair_383999,22.568899082568805
8380,arc_pair_601557,13.179181755142924
8381,arc_pair_447903,16.807755822561354
8382,arc_pair_433711,19.696748215071228
8383,arc_pair_440395,12.319808638353567
8384,arc_pair_148303,14.62760396039604
8385,arc_pair_181390,14.316861550837476
8386,arc_pair_369339,20.89657664167645
8387,arc_pair_708414,8.256138865368332
8388,arc_pair_681401,11.951420137750084
8389,arc_pair_607483,15.436202534710034
8390,arc_pair_689031,23.50088528854139
8391,arc_pair_202352,18.916515793625912
8392,arc_pair_190796,13.243920717657323
8393,arc_pair_484723,12.415516465090283
8394,arc_pair_266443,9.3093973318568
8395,arc_pair_148114,10.558426319045893
8396,arc_pair_623261,394.1861324239841
8397,arc_pair_258842,10.784251380803106
8398,arc_pair_547525,55.82877040909166
8399,arc_pair_265795,26.345866052361657
8400,arc_pair_690904,10.404173612764945
8401,arc_pair_518534,11.218166990778496
8402,arc_pair_709012,8.162402428447528
8403,arc_pair_97150,11.186644517360204
8404,arc_pair_588032,27.0769274857287
8405,arc_pair_406218,18.84179430313951
8406,arc_pair_167657,23.91561714811867
8407,arc_pair_376371,11.950300061587818
8408,arc_pair_480760,21.84954823229483
8409,arc_pair_258141,10.721541304310975
8410,arc_pair_349432,26.088920661543327
8411,arc_pair_533721,16.300274133542196
8412,arc_pair_362277,8.929332512873659
8413,arc_pair_649581,47.123769454340895
8414,arc_pair_682485,23.309144528797987
8415,arc_pair_706758,28.128773452377235
8416,arc_pair_309693,21.850759171547203
8417,arc_pair_481937,9.74592850132251
8418,arc_pair_125561,20.44618980597165
8419,arc_pair_124720,17.88988860325621
8420,arc_pair_121522,17.45150591391294
8421,arc_pair_681753,12.394665406335587
8422,arc_pair_311759,20.69011192894945
8423,arc_pair_642267,49.73916129269098
8424,arc_pair_151270,12.156347005504738
8425,arc_pair_159640,33.00437577079974
8426,arc_pair_728173,42.1366574506626
8427,arc_pair_580394,12.009863013698629
8428,arc_pair_612750,14.561676669308873
8429,arc_pair_309410,17.34867658718058
8430,arc_pair_696215,49.11202308519471
8431,arc_pair_149569,12.391113161966288
8432,arc_pair_412467,11.149985472154965
8433,arc_pair_605996,14.119038234134806
8434,arc_pair_658543,29.270658063110893
8435,arc_pair_32124,8.069073054210072
8436,arc_pair_534637,9.654601195383346
8437,arc_pair_562057,21.39187726659958
8438,arc_pair_387108,42.68059090156159
8439,arc_pair_330287,10.381688668147955
8440,arc_pair_325986,11.615687507690627
8441,arc_pair_466376,34.98844697826644
8442,arc_pair_243832,28.4518794686809
8443,arc_pair_391875,19.66265001641517
8444,arc_pair_551737,19.315872362931188
8445,arc_pair_466726,21.60868079289132
8446,arc_pair_423290,12.872160491486213
8447,arc_pair_2506,12.314580769115306
8448,arc_pair_207629,16.742293185105357
8449,arc_pair_677345,54.72106097305702
8450,arc_pair_525860,46.1540999921431
8451,arc_pair_86891,24.83512982618312
8452,arc_pair_364966,8.48935711203797
8453,arc_pair_720406,46.965971668827386
8454,arc_pair_19331,9.343890748316188
8455,arc_pair_727793,12.935263996163794
8456,arc_pair_673756,13.814202130935518
8457,arc_pair_193047,10.992474538856463
8458,arc_pair_399287,20.61031782588669
8459,arc_pair_194782,11.58353911856134
8460,arc_pair_701025,41.309262146665326
8461,arc_pair_379529,14.216927703784714
8462,arc_pair_734691,19.85069098729539
8463,arc_pair_350644,30.79663279366173
8464,arc_pair_436753,10.303503454109686
8465,arc_pair_167250,20.95395209273697
8466,arc_pair_382131,13.056252485448827
8467,arc_pair_499146,17.96711509715994
8468,arc_pair_671946,17.896810313075505
8469,arc_pair_656336,14.493624669999441
8470,arc_pair_121060,11.666659285176491
8471,arc_pair_340214,15.744603234298609
8472,arc_pair_616528,10.718833461793544
8473,arc_pair_176857,8.818464076068501
8474,arc_pair_168849,10.550626518522565
8475,arc_pair_686491,8.584619213539073
8476,arc_pair_433947,10.234970039474058
8477,arc_pair_477619,28.312032474661084
8478,arc_pair_678321,26.0754454694806
8479,arc_pair_719100,19.599469678234826
8480,arc_pair_456514,11.29112277828621
8481,arc_pair_201895,71.16635221082743
8482,arc_pair_68419,21.84850149467283
8483,arc_pair_282746,92.99672394479319
8484,arc_pair_427457,11.247701238561586
8485,arc_pair_435893,12.377843322321851
8486,arc_pair_37408,13.573564798899966
8487,arc_pair_643421,204.60785946649315
8488,arc_pair_83451,21.517853430069046
8489,arc_pair_504405,14.630836923218688
8490,arc_pair_212240,26.390932361690844
8491,arc_pair_525358,37.99088707462612
8492,arc_pair_492136,105.34769360092467
8493,arc_pair_26999,22.507868182910226
8494,arc_pair_52621,10.399002608385905
8495,arc_pair_708592,28.156769774968012
8496,arc_pair_189626,9.891410889018985
8497,arc_pair_256364,29.64810316909554
8498,arc_pair_497764,33.46694970607446
8499,arc_pair_82539,21.381315079059007
8500,arc_pair_43899,9.213431487548707
8501,arc_pair_342946,16.11680232738077
8502,arc_pair_416920,17.850227210825842
8503,arc_pair_81600,16.4569722514928
8504,arc_pair_457169,41.04184062545964
8505,arc_pair_346513,86.44626524924016
8506,arc_pair_24418,32.112289657491324
8507,arc_pair_493662,202.3270637630145
8508,arc_pair_279562,16.066150724827384
8509,arc_pair_284807,12.383894850989044
8510,arc_pair_409769,9.210612998177826
8511,arc_pair_479191,7.058512316916965
8512,arc_pair_165514,236.89575860666346
8513,arc_pair_161804,15.210509989964418
8514,arc_pair_243023,11.698689628415165
8515,arc_pair_159882,12.678324274161476
8516,arc_pair_665285,4.488262639678919
8517,arc_pair_122565,56.37408225197689
8518,arc_pair_205213,11.08081094894656
8519,arc_pair_300373,6.466796022313849
8520,arc_pair_692344,18.165561850954212
8521,arc_pair_73469,30.88322391395446
8522,arc_pair_278373,10.496627481210254
8523,arc_pair_325894,14.74477658254034
8524,arc_pair_726585,111.75249913822819
8525,arc_pair_242632,65.09832998625939
8526,arc_pair_266697,20.222603139974282
8527,arc_pair_566393,9.925697811558118
8528,arc_pair_313660,9.560298048108853
8529,arc_pair_686468,10.44599280167697
8530,arc_pair_298648,17.14434566810015
8531,arc_pair_166457,17.320980871997204
8532,arc_pair_225963,15.958189045341236
8533,arc_pair_498311,16.16014181376295
8534,arc_pair_205086,10.61347506594649
8535,arc_pair_595641,15.175134565318086
8536,arc_pair_730294,13.77709215511478
8537,arc_pair_619761,38.96800466157249
8538,arc_pair_28354,27.55253914542671
8539,arc_pair_615312,24.357659928146283
8540,arc_pair_441678,9.64553354578765
8541,arc_pair_665010,25.783059845559848
8542,arc_pair_576393,23.364661238625057
8543,arc_pair_442957,106.71452326914003
8544,arc_pair_474536,10.671527516288412
8545,arc_pair_115483,9.389471196619215
8546,arc_pair_317273,12.392467013820914
8547,arc_pair_291469,9.292411888479748
8548,arc_pair_182640,9.957217214675637
8549,arc_pair_609761,196.74418604651163
8550,arc_pair_267643,14.992002536132688
8551,arc_pair_417448,21.224117731104442
8552,arc_pair_125465,15.01779152968478
8553,arc_pair_399291,16.113440481682005
8554,arc_pair_267356,17.36853835828078
8555,arc_pair_29050,22.992333724704743
8556,arc_pair_401573,9.2920269202213
8557,arc_pair_51762,42.63252885308968
8558,arc_pair_234734,12.966039751824283
8559,arc_pair_538985,7.831347229418251
8560,arc_pair_571143,25.27983807782711
8561,arc_pair_653964,33.63933609715366
8562,arc_pair_612438,11.233306954199229
8563,arc_pair_382961,16.34402842380765
8564,arc_pair_363427,14.157704708806342
8565,arc_pair_392598,14.467561988263405
8566,arc_pair_87054,16.698486128092974
8567,arc_pair_345145,11.023363626812355
8568,arc_pair_130688,17.224241816883588
8569,arc_pair_508430,35.840630897816126
8570,arc_pair_281486,13.113507873729162
8571,arc_pair_489445,16.12946542034961
8572,arc_pair_670707,11.177430713782677
8573,arc_pair_669526,11.722130646565295
8574,arc_pair_719546,19.936687315140354
8575,arc_pair_440086,12.006182187830632
8576,arc_pair_201929,16.59516378461971
8577,arc_pair_179464,9.379549863656715
8578,arc_pair_153826,14.208925471030803
8579,arc_pair_558107,10.448688580918567
8580,arc_pair_703798,38.70373276126264
8581,arc_pair_574068,6.6391299034583895
8582,arc_pair_562446,33.75656027485934
8583,arc_pair_179034,15.47393834344435
8584,arc_pair_703632,19.074346356791366
8585,arc_pair_387149,33.86985436171794
8586,arc_pair_459927,23.3963314875409
8587,arc_pair_682217,18.695927601809956
8588,arc_pair_290444,22.339942237139958
8589,arc_pair_429776,42.75256462864178
8590,arc_pair_445457,15.335037479077215
8591,arc_pair_256372,14.4986907338873
8592,arc_pair_442392,39.99641435313349
8593,arc_pair_708584,23.890635885362865
8594,arc_pair_535437,11.97324529282525
8595,arc_pair_402076,17.93868324760036
8596,arc_pair_614295,23.322299627049475
8597,arc_pair_702023,7.793664788962365
8598,arc_pair_192093,9.071944716165472
8599,arc_pair_105600,10.044285470958952
8600,arc_pair_624766,9.372917486553849
8601,arc_pair_297694,30.962281284606863
8602,arc_pair_367608,14.418421148764658
8603,arc_pair_29396,14.80431252970062
8604,arc_pair_327446,8.18775256450109
8605,arc_pair_724957,21.459803909354797
8606,arc_pair_291310,12.742010312376053
8607,arc_pair_416873,9.299600516405622
8608,arc_pair_541633,20.34621340718902
8609,arc_pair_16085,21.113972414320102
8610,arc_pair_459862,6.051733273389958
8611,arc_pair_665339,71.19818378205385
8612,arc_pair_131021,175.29172078370686
8613,arc_pair_594007,17.234101871172992
8614,arc_pair_522599,10.44287561597875
8615,arc_pair_362324,17.08828351012536
8616,arc_pair_77312,9.843598636608267
8617,arc_pair_207845,11.285217882618829
8618,arc_pair_677979,13.362574735664008
8619,arc_pair_343183,18.42355020971264
8620,arc_pair_154121,13.241895375284306
8621,arc_pair_248157,27.29157851433945
8622,arc_pair_44188,20.721278239042288
8623,arc_pair_274891,6.575584083069593
8624,arc_pair_320854,9.187157556178576
8625,arc_pair_229014,17.437519668144756
8626,arc_pair_526165,15.501700638355558
8627,arc_pair_421038,41.97439589728043
8628,arc_pair_402758,7.218177347975741
8629,arc_pair_626130,39.990207604320815
8630,arc_pair_732211,67.28617638927287
8631,arc_pair_553435,6.310544063418193
8632,arc_pair_536165,10.304910286699444
8633,arc_pair_439408,48.92101990881255
8634,arc_pair_35474,11.88907316329254
8635,arc_pair_457714,19.365364562444853
8636,arc_pair_42119,8.700848438102584
8637,arc_pair_212201,28.29905541476372
8638,arc_pair_722211,18.161347310878153
8639,arc_pair_16894,20.738119275978946
8640,arc_pair_76295,7.853448632545824
8641,arc_pair_583404,113.74643343492639
8642,arc_pair_289798,44.533465330084184
8643,arc_pair_7207,10.061954076230808
8644,arc_pair_289632,13.19487735046042
8645,arc_pair_311036,13.64016791986609
8646,arc_pair_370525,8.785552747106557
8647,arc_pair_184055,13.283880994671403
8648,arc_pair_467988,8.074504061112957
8649,arc_pair_10940,8.451776272797481
8650,arc_pair_6416,42.19966430708604
8651,arc_pair_103296,15.168120574134619
8652,arc_pair_346047,30.845063837439305
8653,arc_pair_498829,18.57761000162364
8654,arc_pair_566901,8.385796218451642
8655,arc_pair_277881,11.778456925383463
8656,arc_pair_143488,23.92992419274454
8657,arc_pair_334378,41.00433307747542
8658,arc_pair_541664,13.617276099629041
8659,arc_pair_215252,12.432938520257316
8660,arc_pair_406577,18.146503445547857
8661,arc_pair_6103,59.71583240102493
8662,arc_pair_666811,18.917848312055305
8663,arc_pair_112468,145.3594192135824
8664,arc_pair_176683,14.379132528858989
8665,arc_pair_654960,12.257745360005774
8666,arc_pair_523808,16.436224202097662
8667,arc_pair_167092,21.023925906869053
8668,arc_pair_418990,10.720878767648294
8669,arc_pair_361621,11.953721450247565
8670,arc_pair_408569,11.515736198438471
8671,arc_pair_27275,14.559962834035648
8672,arc_pair_91641,13.767587259982447
8673,arc_pair_537148,22.80791401465114
8674,arc_pair_149969,12.840625106980246
8675,arc_pair_723396,35.38706220095693
8676,arc_pair_283680,13.986787664809402
8677,arc_pair_686346,10.555564961229809
8678,arc_pair_447578,10.000115376849635
8679,arc_pair_237773,85.8762925880668
8680,arc_pair_464218,16.583528895341967
