,cell_name,cell_type,total_mass
0,arc_pair_7,T cells,24.03546506680283
1,arc_pair_18,CD4+ T cells,13.49718398987502
2,arc_pair_31,CD4+ T cells,16.177840967050905
3,arc_pair_56,T cells,11.60045799989934
4,arc_pair_57,CD8+ T cells,14.965568232366342
5,arc_pair_171,NK cells,106.23027001538688
6,arc_pair_194,CD4+ T cells,18.47398672351449
7,arc_pair_200,B cells,13.333306411447188
8,arc_pair_284,Monocytes,36.52294111285352
9,arc_pair_454,NK cells,7.633322084558646
10,arc_pair_465,Monocytes,21.61254975487559
11,arc_pair_591,NK cells,11.861931401320618
12,arc_pair_779,Monocytes,22.01838939857289
13,arc_pair_798,NK cells,27.710063728604712
14,arc_pair_833,Monocytes,23.18593355352633
15,arc_pair_1034,Monocytes,25.57054176774274
16,arc_pair_1076,CD4+ T cells,13.359994857950896
17,arc_pair_1144,T cells,5.766288648764309
18,arc_pair_1191,CD4+ T cells,10.764712267799233
19,arc_pair_1195,Monocytes,19.61003115019124
20,arc_pair_1197,T cells,21.027042980493363
21,arc_pair_1525,CD4+ T cells,14.655768761404444
22,arc_pair_1586,T cells,13.773027559267728
23,arc_pair_1613,CD4+ T cells,9.18420808066727
24,arc_pair_1813,T cells,12.74019195150699
25,arc_pair_1843,T cells,12.053867860786156
26,arc_pair_1859,B cells,14.85102783182472
27,arc_pair_1926,B cells,8.229010404064843
28,arc_pair_1992,T cells,7.468729682033499
29,arc_pair_2049,T cells,7.713500280088799
30,arc_pair_2147,CD4+ T cells,7.745890640724588
31,arc_pair_2178,T cells,109.40453686200378
32,arc_pair_2506,T cells,12.314580769115306
33,arc_pair_2508,NK cells,8.626760220714889
34,arc_pair_2549,T cells,12.0042738129635
35,arc_pair_2563,Monocytes,11.674371280870702
36,arc_pair_2787,T cells,12.58613074204947
37,arc_pair_2887,CD4+ T cells,12.222251129672738
38,arc_pair_2889,CD4+ T cells,8.552249660100546
39,arc_pair_3064,T cells,6.827442691179604
40,arc_pair_3191,Monocytes,74.20608827685105
41,arc_pair_3199,T cells,6.949333460596226
42,arc_pair_3231,T cells,16.69762413311183
43,arc_pair_3868,CD4+ T cells,40.54396498905908
44,arc_pair_3947,Monocytes,18.027216786577146
45,arc_pair_3980,Monocytes,20.862322304005247
46,arc_pair_4033,T cells,18.229546368265883
47,arc_pair_4103,CD4+ T cells,13.22039271834731
48,arc_pair_4279,CD4+ T cells,25.68938595711729
49,arc_pair_4436,CD4+ T cells,14.421049746971882
50,arc_pair_4447,T cells,15.394311350381338
51,arc_pair_4569,CD4+ T cells,7.841790164417902
52,arc_pair_4656,Monocytes,15.307811008590516
53,arc_pair_5055,CD4+ T cells,30.168404837094663
54,arc_pair_5220,CD4+ T cells,20.30483653334324
55,arc_pair_5230,T cells,8.309230152722739
56,arc_pair_5350,CD4+ T cells,9.829090166236815
57,arc_pair_5593,B cells,50.391539464187616
58,arc_pair_5713,CD4+ T cells,11.817297258836296
59,arc_pair_5844,CD4+ T cells,8.166125015186491
60,arc_pair_6047,Monocytes,35.4569414801211
61,arc_pair_6069,Dendritic cells,31.962306334016866
62,arc_pair_6103,Monocytes,59.71583240102493
63,arc_pair_6366,T cells,27.678456252272113
64,arc_pair_6416,Monocytes,42.19966430708604
65,arc_pair_6435,Monocytes,27.063914468550028
66,arc_pair_6600,Dendritic cells,33.367572804934625
67,arc_pair_6672,NK cells,15.467119365131309
68,arc_pair_6822,CD4+ T cells,7.56083068767658
69,arc_pair_6873,T cells,5.599254580839423
70,arc_pair_6891,T cells,15.033420707732637
71,arc_pair_7115,T cells,34.54965910247278
72,arc_pair_7207,NK cells,10.061954076230808
73,arc_pair_7222,NK cells,26.954093333508062
74,arc_pair_7256,NK cells,20.434460723192014
75,arc_pair_7452,Monocytes,18.13480051607781
76,arc_pair_7525,Monocytes,39.03028526052165
77,arc_pair_7673,NK cells,13.212416034240196
78,arc_pair_7757,NK cells,19.731088809755047
79,arc_pair_7764,NK cells,9.373212607624517
80,arc_pair_7851,B cells,21.71467957121925
81,arc_pair_7884,T cells,17.9426688580045
82,arc_pair_8143,T cells,15.276660942182712
83,arc_pair_8248,CD4+ T cells,16.33150075830691
84,arc_pair_8464,T cells,12.848296770189304
85,arc_pair_8519,NK cells,13.63365122018898
86,arc_pair_8766,Monocytes,18.603286384976528
87,arc_pair_8784,CD8+ T cells,13.475972334501035
88,arc_pair_8867,Monocytes,6.95359600634619
89,arc_pair_8878,T cells,10.942611683848796
90,arc_pair_9280,CD8+ T cells,10.998826260465844
91,arc_pair_9328,CD8+ T cells,3.864111563655473
92,arc_pair_9469,CD4+ T cells,14.53270395396908
93,arc_pair_9539,Dendritic cells,13.633365155773085
94,arc_pair_9548,NK cells,9.835072128553168
95,arc_pair_9561,Monocytes,88.60692991148659
96,arc_pair_9687,CD4+ T cells,9.33324357593476
97,arc_pair_9866,NK cells,15.533231628864462
98,arc_pair_9885,CD4+ T cells,14.158124069586762
99,arc_pair_9926,CD4+ T cells,8.472474128458092
100,arc_pair_10032,Monocytes,26.200900364349778
101,arc_pair_10217,T cells,26.65279598228452
102,arc_pair_10493,Monocytes,15.278740136907562
103,arc_pair_10523,T cells,14.535462247850612
104,arc_pair_10575,T cells,13.640457865319023
105,arc_pair_10617,CD4+ T cells,11.230911184099144
106,arc_pair_10618,B cells,21.59234122042341
107,arc_pair_10713,T cells,20.339119752163228
108,arc_pair_10940,CD4+ T cells,8.451776272797481
109,arc_pair_10963,CD4+ T cells,12.794898065051616
110,arc_pair_10972,Monocytes,12.911815832035916
111,arc_pair_11028,Dendritic cells,33.944116043501964
112,arc_pair_11307,B cells,14.140667733113164
113,arc_pair_11331,Monocytes,46.512340250908665
114,arc_pair_11432,Monocytes,25.496804693635568
115,arc_pair_11596,CD4+ T cells,9.526852062173475
116,arc_pair_11767,T cells,10.098295574846496
117,arc_pair_11799,T cells,9.51925537674098
118,arc_pair_11804,Monocytes,16.149170952857652
119,arc_pair_11822,Monocytes,11.817135377802783
120,arc_pair_11846,T cells,16.335104712041883
121,arc_pair_11919,CD4+ T cells,12.022324909747294
122,arc_pair_12155,CD4+ T cells,10.183015740031015
123,arc_pair_12407,T cells,7.642172403381642
124,arc_pair_12465,NK cells,14.26772789115646
125,arc_pair_12906,T cells,19.353038189190823
126,arc_pair_13042,NK cells,21.155439715442167
127,arc_pair_13112,CD4+ T cells,16.388367475303085
128,arc_pair_13123,T cells,8.125357510582312
129,arc_pair_13148,T cells,16.889658902674014
130,arc_pair_13160,Dendritic cells,10.717296936305202
131,arc_pair_13242,T cells,15.159974905897116
132,arc_pair_13312,T cells,9.287034346486896
133,arc_pair_13327,Monocytes,39.845057253375
134,arc_pair_13337,CD4+ T cells,9.889113719142046
135,arc_pair_13545,T cells,20.948872971862805
136,arc_pair_13877,CD8+ T cells,12.455358434868176
137,arc_pair_14056,Monocytes,13.895711380515262
138,arc_pair_14061,CD4+ T cells,40.17920783614446
139,arc_pair_14154,Monocytes,14.726824182618287
140,arc_pair_14218,NK cells,16.799449233716476
141,arc_pair_14275,T cells,14.956199222889436
142,arc_pair_14286,CD4+ T cells,9.527759567617966
143,arc_pair_14345,NK cells,14.664849397181875
144,arc_pair_14361,CD4+ T cells,25.933750394424553
145,arc_pair_14479,NK cells,28.473237696651875
146,arc_pair_14668,Monocytes,15.56834175014488
147,arc_pair_14783,CD8+ T cells,63.08141272712972
148,arc_pair_14845,Monocytes,56.55571113234276
149,arc_pair_14946,NK cells,85.2523918548057
150,arc_pair_14975,B cells,21.982700707637974
151,arc_pair_15034,Monocytes,12.850601238916555
152,arc_pair_15122,CD4+ T cells,13.120638688838923
153,arc_pair_15573,T cells,13.609927947459031
154,arc_pair_15665,T cells,12.135318085158191
155,arc_pair_15677,NK cells,14.375996096926327
156,arc_pair_15707,Dendritic cells,60.781052357045056
157,arc_pair_15714,T cells,50.88239424490931
158,arc_pair_15748,T cells,9.85778632759349
159,arc_pair_15931,T cells,21.598845050391112
160,arc_pair_15991,CD4+ T cells,43.416765861207
161,arc_pair_16025,T cells,14.889491543902206
162,arc_pair_16085,NK cells,21.113972414320106
163,arc_pair_16091,B cells,25.35537098252729
164,arc_pair_16131,T cells,12.112033596264627
165,arc_pair_16167,NK cells,6.437984789435847
166,arc_pair_16301,T cells,9.4807914534349
167,arc_pair_16372,Monocytes,15.019293967984732
168,arc_pair_16493,CD4+ T cells,14.716080956975622
169,arc_pair_16513,B cells,8.494214698950074
170,arc_pair_16519,T cells,9.730123984608806
171,arc_pair_16535,CD4+ T cells,12.926354907914329
172,arc_pair_16669,Monocytes,39.104466766947965
173,arc_pair_16839,T cells,20.405705864678865
174,arc_pair_16894,T cells,20.738119275978946
175,arc_pair_16936,NK cells,25.599746047692804
176,arc_pair_16989,CD4+ T cells,11.759211273167
177,arc_pair_17008,NK cells,13.945399726763084
178,arc_pair_17014,CD4+ T cells,7.210192997575006
179,arc_pair_17190,NK cells,68.45990137197641
180,arc_pair_17281,Monocytes,30.421084192852003
181,arc_pair_17442,Monocytes,41.50546436191057
182,arc_pair_17533,Monocytes,15.34878836409462
183,arc_pair_17547,CD4+ T cells,18.025547445255476
184,arc_pair_17560,T cells,8.377392481893914
185,arc_pair_17576,Monocytes,41.070603262226
186,arc_pair_17614,NK cells,15.584072537377496
187,arc_pair_17652,NK cells,33.668476268366284
188,arc_pair_17968,NK cells,5.423950764559159
189,arc_pair_17997,CD4+ T cells,19.728404265232495
190,arc_pair_18011,NK cells,8.45421065553646
191,arc_pair_18299,CD4+ T cells,19.564724304284248
192,arc_pair_18610,T cells,14.181528848741562
193,arc_pair_18677,T cells,10.309928667315944
194,arc_pair_18771,Monocytes,23.49424917793204
195,arc_pair_19523,B cells,32.03444955996889
196,arc_pair_19708,B cells,30.677819269988554
197,arc_pair_19710,Monocytes,16.517868220968648
198,arc_pair_20032,CD4+ T cells,9.476667658828587
199,arc_pair_20134,T cells,16.46089029553208
200,arc_pair_20174,NK cells,10.563027064516636
201,arc_pair_20194,CD8+ T cells,8.748685496868973
202,arc_pair_20196,CD4+ T cells,15.218184745236478
203,arc_pair_20231,NK cells,25.95469211465251
204,arc_pair_20300,Monocytes,36.45645611219382
205,arc_pair_20628,CD4+ T cells,8.865668339763001
206,arc_pair_20742,NK cells,6.679356821943722
207,arc_pair_20847,NK cells,16.488338466160897
208,arc_pair_20976,CD4+ T cells,8.286415155150493
209,arc_pair_21018,T cells,27.014527750730288
210,arc_pair_21282,Monocytes,13.162956366874443
211,arc_pair_21290,Monocytes,22.590651606119195
212,arc_pair_21417,Monocytes,15.799693016116654
213,arc_pair_21436,NK cells,10.248013628620104
214,arc_pair_21447,Monocytes,11.58162142802323
215,arc_pair_21449,T cells,15.961136151033251
216,arc_pair_21451,CD4+ T cells,10.888844101191532
217,arc_pair_21747,CD4+ T cells,14.18194770365404
218,arc_pair_21926,CD8+ T cells,8.17879742846338
219,arc_pair_22081,NK cells,40.78176597272075
220,arc_pair_22127,NK cells,15.14443457464981
221,arc_pair_22154,T cells,18.847659119748883
222,arc_pair_22184,NK cells,16.908670738618472
223,arc_pair_22191,T cells,12.053838005616594
224,arc_pair_22362,NK cells,20.300062483623243
225,arc_pair_22407,Dendritic cells,24.581511670989254
226,arc_pair_22410,Monocytes,14.83386665924648
227,arc_pair_22568,Monocytes,45.95591209550119
228,arc_pair_22701,Monocytes,15.77543291304449
229,arc_pair_22724,T cells,27.167194512988907
230,arc_pair_22794,CD4+ T cells,18.822062095784727
231,arc_pair_22864,NK cells,15.20491057333358
232,arc_pair_22903,Monocytes,32.715232347820205
233,arc_pair_22933,T cells,11.581797324622803
234,arc_pair_22950,NK cells,10.993061085200775
235,arc_pair_22954,NK cells,14.843084869534245
236,arc_pair_22983,CD8+ T cells,14.533875611862944
237,arc_pair_22997,NK cells,13.817310026705512
238,arc_pair_23117,CD4+ T cells,14.557775532856908
239,arc_pair_23124,CD4+ T cells,7.962962962962963
240,arc_pair_23224,T cells,13.52647663577726
241,arc_pair_23258,B cells,151.56735382566973
242,arc_pair_23330,CD4+ T cells,11.000748137787465
243,arc_pair_23401,CD4+ T cells,11.965777352915616
244,arc_pair_23417,Monocytes,12.267422170118536
245,arc_pair_23513,NK cells,9.419293872743708
246,arc_pair_23703,CD4+ T cells,16.84648668986925
247,arc_pair_23750,B cells,24.417398862498345
248,arc_pair_23752,Monocytes,10.612001591164358
249,arc_pair_23870,CD4+ T cells,28.73155115606521
250,arc_pair_23988,Monocytes,25.120942086299323
251,arc_pair_24162,NK cells,13.135934880526772
252,arc_pair_24319,CD4+ T cells,14.04286720352736
253,arc_pair_24334,CD4+ T cells,7.244050988015847
254,arc_pair_24335,CD4+ T cells,39.31992127706101
255,arc_pair_24339,CD4+ T cells,15.731841668347633
256,arc_pair_24407,CD4+ T cells,22.395117120641594
257,arc_pair_24418,Monocytes,32.112289657491324
258,arc_pair_24655,CD8+ T cells,9.62000140065831
259,arc_pair_24686,T cells,14.841818748257824
260,arc_pair_24692,T cells,9.025556097314928
261,arc_pair_24711,CD4+ T cells,10.494224900021049
262,arc_pair_24723,Monocytes,22.634926086899085
263,arc_pair_25145,NK cells,10.02152421304218
264,arc_pair_25163,CD4+ T cells,9.58973423182701
265,arc_pair_25382,NK cells,7.912792976405111
266,arc_pair_25418,T cells,13.60915212108846
267,arc_pair_25440,CD4+ T cells,12.96390903620182
268,arc_pair_25587,CD4+ T cells,5.608229692789514
269,arc_pair_25626,Monocytes,26.779908361363457
270,arc_pair_25812,Monocytes,70.10793778145867
271,arc_pair_26012,Monocytes,28.0132481579616
272,arc_pair_26045,Monocytes,26.135305230841897
273,arc_pair_26047,Dendritic cells,11.853713944104022
274,arc_pair_26179,NK cells,137.54932093414246
275,arc_pair_26249,Dendritic cells,18.087025505927432
276,arc_pair_26709,Monocytes,43.732978611157165
277,arc_pair_26927,Monocytes,30.86457980823463
278,arc_pair_26999,T cells,22.507868182910222
279,arc_pair_27275,NK cells,14.559962834035648
280,arc_pair_27321,Monocytes,35.619977898808116
281,arc_pair_27498,Monocytes,14.466448336670156
282,arc_pair_27742,Dendritic cells,42.3407987535994
283,arc_pair_27955,NK cells,64.02954804204506
284,arc_pair_28086,NK cells,15.067584216840128
285,arc_pair_28154,NK cells,15.649521592523495
286,arc_pair_28206,T cells,22.64664641862819
287,arc_pair_28276,Monocytes,27.42837203981238
288,arc_pair_28333,B cells,10.982420726688355
289,arc_pair_28354,Monocytes,27.55253914542671
290,arc_pair_28407,Dendritic cells,72.68156334880983
291,arc_pair_28427,Monocytes,13.817245795838254
292,arc_pair_28663,CD8+ T cells,7.925918609245357
293,arc_pair_28886,Monocytes,43.34749127207189
294,arc_pair_28974,NK cells,21.126731050629207
295,arc_pair_28989,NK cells,46.71338632025753
296,arc_pair_29021,CD4+ T cells,17.812919498353537
297,arc_pair_29034,CD4+ T cells,24.952155824508317
298,arc_pair_29050,Dendritic cells,22.992333724704743
299,arc_pair_29221,T cells,10.43075400507206
300,arc_pair_29303,CD4+ T cells,49.99626676434125
301,arc_pair_29367,CD4+ T cells,20.592955788775676
302,arc_pair_29396,Monocytes,14.80431252970062
303,arc_pair_29476,CD4+ T cells,19.696963103416117
304,arc_pair_29703,CD4+ T cells,8.109960604770016
305,arc_pair_29979,T cells,23.60072700158449
306,arc_pair_30064,Monocytes,15.451522315352104
307,arc_pair_30188,CD4+ T cells,5.620090495356852
308,arc_pair_30243,CD4+ T cells,8.314717980896603
309,arc_pair_30330,Monocytes,17.406066956387313
310,arc_pair_30391,T cells,15.881765523025711
311,arc_pair_30425,CD4+ T cells,14.054435264373936
312,arc_pair_30783,Monocytes,30.46661523439854
313,arc_pair_30880,Monocytes,17.69170725108225
314,arc_pair_30903,T cells,63.68959619952494
315,arc_pair_30904,T cells,14.186389381821714
316,arc_pair_31256,NK cells,11.524596848934198
317,arc_pair_31278,CD4+ T cells,10.883746346734778
318,arc_pair_31363,T cells,14.93815431366983
319,arc_pair_31613,Monocytes,72.72073436273806
320,arc_pair_31642,Monocytes,14.894097194275876
321,arc_pair_31836,CD4+ T cells,13.946702763307218
322,arc_pair_31914,CD4+ T cells,14.159448035803084
323,arc_pair_31963,T cells,14.764559116213333
324,arc_pair_32124,CD4+ T cells,8.069073054210072
325,arc_pair_32161,CD4+ T cells,26.07669845120568
326,arc_pair_32162,CD4+ T cells,13.47913329773981
327,arc_pair_32221,Monocytes,14.876199603859176
328,arc_pair_32458,CD4+ T cells,15.007996231383398
329,arc_pair_32733,B cells,12.606039626809087
330,arc_pair_32752,CD4+ T cells,9.115652084546609
331,arc_pair_32814,Monocytes,26.90373741906532
332,arc_pair_32825,Monocytes,12.95951184493898
333,arc_pair_32875,NK cells,18.31402973446731
334,arc_pair_33074,Monocytes,157.71055254367232
335,arc_pair_33186,CD4+ T cells,16.818213783403657
336,arc_pair_33325,Monocytes,50.58421849494925
337,arc_pair_33337,Dendritic cells,14.39563831143987
338,arc_pair_33613,T cells,8.736925609344944
339,arc_pair_33757,CD8+ T cells,290.4674153185164
340,arc_pair_33919,CD4+ T cells,9.327301964988427
341,arc_pair_34026,CD4+ T cells,9.16400497146752
342,arc_pair_34030,T cells,17.471665400746346
343,arc_pair_34131,CD8+ T cells,10.105802637719735
344,arc_pair_34254,Monocytes,31.283851336665947
345,arc_pair_34403,B cells,34.05844276733163
346,arc_pair_34467,CD4+ T cells,21.28064606153631
347,arc_pair_34616,Monocytes,37.35302570049283
348,arc_pair_34679,CD4+ T cells,6.2702290734962105
349,arc_pair_34724,T cells,14.53223180955878
350,arc_pair_34793,CD4+ T cells,10.682506678417008
351,arc_pair_34920,CD4+ T cells,11.078645183689735
352,arc_pair_35003,NK cells,9.926573139716137
353,arc_pair_35006,Monocytes,12.47946403806354
354,arc_pair_35325,CD4+ T cells,10.715860144737988
355,arc_pair_35333,NK cells,11.99395172903746
356,arc_pair_35377,T cells,9.871034622519447
357,arc_pair_35379,Dendritic cells,28.80139049826187
358,arc_pair_35540,NK cells,11.8545316615138
359,arc_pair_35586,CD4+ T cells,36.70785497510557
360,arc_pair_35678,CD4+ T cells,13.481863568896358
361,arc_pair_35733,Monocytes,47.193901870369416
362,arc_pair_35734,CD4+ T cells,35.50321171634121
363,arc_pair_35788,T cells,13.82263774842318
364,arc_pair_35858,T cells,9.88319838714922
365,arc_pair_35983,Monocytes,47.35283540802213
366,arc_pair_36018,T cells,18.169597558649627
367,arc_pair_36192,Monocytes,40.89961565922798
368,arc_pair_36267,Dendritic cells,13.370963525543129
369,arc_pair_36279,NK cells,15.286544678074677
370,arc_pair_36393,T cells,8.863144276420979
371,arc_pair_36441,CD4+ T cells,6.00838883378206
372,arc_pair_36496,CD4+ T cells,5.359465501473428
373,arc_pair_36510,NK cells,14.91603966424564
374,arc_pair_36556,CD4+ T cells,30.431975200355655
375,arc_pair_36561,T cells,11.876921988074386
376,arc_pair_36745,CD4+ T cells,19.73341357003159
377,arc_pair_36818,B cells,11.252977338476374
378,arc_pair_36909,CD8+ T cells,25.96193295327194
379,arc_pair_37056,B cells,8.64905087319666
380,arc_pair_37299,Monocytes,32.016155326313545
381,arc_pair_37379,NK cells,13.132349728367732
382,arc_pair_37407,CD4+ T cells,9.729259646527758
383,arc_pair_37408,B cells,13.573564798899966
384,arc_pair_37421,CD4+ T cells,13.535012190568237
385,arc_pair_37476,CD4+ T cells,12.14202556759691
386,arc_pair_37493,Monocytes,21.874141179390563
387,arc_pair_37565,NK cells,105.31581576026636
388,arc_pair_37868,CD8+ T cells,32.260274912517446
389,arc_pair_37871,CD4+ T cells,18.045093786201967
390,arc_pair_37872,CD4+ T cells,311.1084887964257
391,arc_pair_38137,CD8+ T cells,9.776018000379878
392,arc_pair_38323,T cells,14.278939879802078
393,arc_pair_38384,B cells,13.728710373766036
394,arc_pair_38443,CD4+ T cells,15.042182714076445
395,arc_pair_38460,Monocytes,12.349350442759423
396,arc_pair_38475,NK cells,60.738864438748365
397,arc_pair_38492,Monocytes,65.22961784929137
398,arc_pair_38551,NK cells,8.668775203605598
399,arc_pair_38609,CD4+ T cells,14.079214561171453
400,arc_pair_38744,T cells,13.993157723929034
401,arc_pair_38778,Monocytes,66.67715554817552
402,arc_pair_38865,NK cells,13.417990181923187
403,arc_pair_39111,Monocytes,53.08533449889443
404,arc_pair_39365,CD4+ T cells,20.17578321748766
405,arc_pair_39389,CD4+ T cells,14.675434484747964
406,arc_pair_39397,CD4+ T cells,9.35229386236826
407,arc_pair_39421,Dendritic cells,48.27301792644613
408,arc_pair_39562,T cells,13.924049575268068
409,arc_pair_40260,T cells,9.414024890346967
410,arc_pair_40276,T cells,32.270307433997225
411,arc_pair_40352,CD4+ T cells,15.91218577038434
412,arc_pair_40412,T cells,17.453287878601405
413,arc_pair_40600,T cells,32.75917704137679
414,arc_pair_40666,NK cells,26.455818924386428
415,arc_pair_40706,CD4+ T cells,13.204455937935151
416,arc_pair_40754,CD4+ T cells,114.9410217412985
417,arc_pair_40828,Monocytes,46.367534394389
418,arc_pair_41028,T cells,17.89408637873754
419,arc_pair_41195,T cells,8.372966697074887
420,arc_pair_41207,T cells,14.810077684518482
421,arc_pair_41312,NK cells,21.552156254700716
422,arc_pair_41316,CD4+ T cells,11.099184593549104
423,arc_pair_41329,CD4+ T cells,19.22241717952075
424,arc_pair_41532,CD4+ T cells,16.330920080591
425,arc_pair_41579,CD4+ T cells,13.054603427660425
426,arc_pair_41681,Monocytes,47.75120154904741
427,arc_pair_41698,Dendritic cells,16.55423860294781
428,arc_pair_41895,T cells,13.27253240033509
429,arc_pair_41917,T cells,16.377210374022077
430,arc_pair_42119,T cells,8.700848438102584
431,arc_pair_42191,B cells,46.37192127254069
432,arc_pair_42544,CD4+ T cells,7.683693177898876
433,arc_pair_42568,CD8+ T cells,20.846756825447784
434,arc_pair_42601,CD8+ T cells,14.625546982512022
435,arc_pair_42612,CD4+ T cells,10.180057747834454
436,arc_pair_42709,NK cells,23.0208694492599
437,arc_pair_42831,CD4+ T cells,18.945951510160587
438,arc_pair_42858,CD4+ T cells,12.697801031429892
439,arc_pair_42986,T cells,10.646294789500647
440,arc_pair_43219,NK cells,12.81915237787124
441,arc_pair_43318,CD4+ T cells,10.261228090361678
442,arc_pair_43333,Monocytes,21.923384937131782
443,arc_pair_43371,CD4+ T cells,11.82882882882883
444,arc_pair_43381,Monocytes,39.77853678529954
445,arc_pair_43397,NK cells,11.818090647826606
446,arc_pair_43494,Monocytes,53.28452170650492
447,arc_pair_43532,T cells,13.81002849002849
448,arc_pair_43654,CD4+ T cells,22.55627861546914
449,arc_pair_43659,T cells,20.18753417167851
450,arc_pair_43660,Monocytes,24.256629281864026
451,arc_pair_43677,Monocytes,18.074729967344886
452,arc_pair_43682,CD4+ T cells,13.452733671632018
453,arc_pair_43704,Monocytes,43.85710025984352
454,arc_pair_43899,Dendritic cells,9.213431487548709
455,arc_pair_43901,NK cells,14.122862622388208
456,arc_pair_44092,Monocytes,39.316924265842346
457,arc_pair_44097,B cells,19.58599775365032
458,arc_pair_44162,T cells,13.90899472299004
459,arc_pair_44188,Dendritic cells,20.721278239042288
460,arc_pair_44239,NK cells,7.573701484018264
461,arc_pair_44266,Monocytes,18.46506810231473
462,arc_pair_44315,T cells,14.939076022663595
463,arc_pair_44342,T cells,9.158923882347114
464,arc_pair_44554,CD4+ T cells,10.525007771469706
465,arc_pair_44726,CD4+ T cells,11.04670180660056
466,arc_pair_44877,Dendritic cells,26.923299737261488
467,arc_pair_44912,NK cells,22.82191646552886
468,arc_pair_44944,T cells,8.632263291920674
469,arc_pair_44952,CD4+ T cells,8.623726337423086
470,arc_pair_45029,CD4+ T cells,14.74124581647435
471,arc_pair_45235,Monocytes,21.597728958428988
472,arc_pair_45291,T cells,7.0151454585831665
473,arc_pair_45327,NK cells,11.383539839223143
474,arc_pair_45445,T cells,17.798637552775403
475,arc_pair_45484,CD4+ T cells,9.396810059392676
476,arc_pair_46319,Monocytes,17.416669875868088
477,arc_pair_46560,CD4+ T cells,7.977078681203205
478,arc_pair_46696,CD4+ T cells,11.53619623110177
479,arc_pair_46821,T cells,10.418914635066798
480,arc_pair_46837,B cells,17.513885148277822
481,arc_pair_46863,T cells,10.248121827411168
482,arc_pair_46940,CD4+ T cells,26.89205373223361
483,arc_pair_46945,CD4+ T cells,17.78852307568718
484,arc_pair_46960,NK cells,13.539296469532903
485,arc_pair_47034,CD4+ T cells,17.696816633384238
486,arc_pair_47150,T cells,22.034318154439227
487,arc_pair_47156,T cells,10.59176347550807
488,arc_pair_47194,CD4+ T cells,109.82943303442292
489,arc_pair_47269,CD4+ T cells,12.941181865828092
490,arc_pair_47416,T cells,9.567546603277869
491,arc_pair_47447,T cells,7.62105783277477
492,arc_pair_47538,CD8+ T cells,8.829849112122353
493,arc_pair_47946,Monocytes,39.17811106465998
494,arc_pair_48093,NK cells,12.65757821216243
495,arc_pair_48106,Monocytes,16.96751663378711
496,arc_pair_48188,NK cells,44.607263482393975
497,arc_pair_48281,B cells,11.395805361359322
498,arc_pair_48468,Neutrophils,57.91133774676447
499,arc_pair_48534,CD4+ T cells,11.263299036777584
500,arc_pair_48736,Monocytes,201.2899322417359
501,arc_pair_48777,Monocytes,30.81578267830398
502,arc_pair_48812,T cells,24.32743036559549
503,arc_pair_48867,Monocytes,38.23163069253803
504,arc_pair_48916,T cells,14.82851800578918
505,arc_pair_48944,CD4+ T cells,12.375578497686009
506,arc_pair_48973,Monocytes,272.3870147228983
507,arc_pair_49018,NK cells,14.230461863908802
508,arc_pair_49125,T cells,28.70727909692488
509,arc_pair_49390,T cells,305.35595917985205
510,arc_pair_49460,Monocytes,17.897304964539007
511,arc_pair_49574,Dendritic cells,37.07475472462593
512,arc_pair_50015,CD4+ T cells,299.90715624797986
513,arc_pair_50084,Monocytes,7.5952036534484195
514,arc_pair_50114,CD4+ T cells,11.730313325783314
515,arc_pair_50157,NK cells,10.2438058347292
516,arc_pair_50279,Dendritic cells,132.44959801371482
517,arc_pair_50399,NK cells,30.207465237136567
518,arc_pair_50407,CD8+ T cells,14.653620856131315
519,arc_pair_50429,T cells,8.020122447232096
520,arc_pair_50524,T cells,9.693051608763406
521,arc_pair_50826,CD4+ T cells,11.049609963802
522,arc_pair_50957,NK cells,9.084277750150497
523,arc_pair_51238,CD4+ T cells,14.627041937847508
524,arc_pair_51312,T cells,27.03977825685248
525,arc_pair_51364,NK cells,13.262577353164694
526,arc_pair_51394,Monocytes,11.7925041634376
527,arc_pair_51476,CD4+ T cells,10.866069715382157
528,arc_pair_51693,Monocytes,43.17515147223936
529,arc_pair_51709,CD4+ T cells,23.789606737583615
530,arc_pair_51712,T cells,15.09144024975864
531,arc_pair_51762,CD4+ T cells,42.63252885308968
532,arc_pair_51770,T cells,35.91349015567766
533,arc_pair_51783,Dendritic cells,20.121288589511387
534,arc_pair_51812,CD8+ T cells,14.39404709667983
535,arc_pair_51858,Monocytes,71.10527618369967
536,arc_pair_51880,Monocytes,27.650076507072523
537,arc_pair_51885,CD4+ T cells,9.118806154839405
538,arc_pair_51901,T cells,19.02018269485977
539,arc_pair_51954,CD4+ T cells,15.892432457589647
540,arc_pair_52051,CD4+ T cells,10.642730730624963
541,arc_pair_52058,Monocytes,28.70684291284823
542,arc_pair_52083,Monocytes,36.82549595885378
543,arc_pair_52117,Monocytes,77.65254100737971
544,arc_pair_52239,Monocytes,11.099647628652896
545,arc_pair_52289,NK cells,46.2012903748296
546,arc_pair_52621,T cells,10.399002608385905
547,arc_pair_52634,CD4+ T cells,10.364416436464088
548,arc_pair_52910,Monocytes,29.350219606202753
549,arc_pair_53033,NK cells,25.37872747568171
550,arc_pair_53216,CD4+ T cells,15.18803325609922
551,arc_pair_53280,CD4+ T cells,17.503559731407837
552,arc_pair_53399,T cells,7.901100643473434
553,arc_pair_53443,NK cells,13.818062533450735
554,arc_pair_53798,NK cells,13.996636492923091
555,arc_pair_53954,Monocytes,16.56853612708535
556,arc_pair_54025,CD4+ T cells,23.095636222968167
557,arc_pair_54226,NK cells,27.87252333011538
558,arc_pair_54236,CD4+ T cells,39.533386730307136
559,arc_pair_54246,CD8+ T cells,11.876986562990249
560,arc_pair_54318,T cells,13.375851005555994
561,arc_pair_54348,T cells,14.967363489626392
562,arc_pair_54353,T cells,11.150294418391452
563,arc_pair_54429,T cells,15.945124152593364
564,arc_pair_54579,CD4+ T cells,8.23610382614366
565,arc_pair_54636,CD4+ T cells,16.591940801176385
566,arc_pair_54681,NK cells,18.198771111570977
567,arc_pair_54831,NK cells,13.604188013488084
568,arc_pair_55072,CD4+ T cells,325.7385333442512
569,arc_pair_55074,B cells,20.02990870888277
570,arc_pair_55091,NK cells,16.392904965096143
571,arc_pair_55202,T cells,9.371538749242298
572,arc_pair_55290,Monocytes,19.229047217537943
573,arc_pair_55314,T cells,43.48813261850242
574,arc_pair_55389,CD8+ T cells,13.685932743875926
575,arc_pair_55391,T cells,7.863693317422435
576,arc_pair_55552,CD4+ T cells,21.414041246160597
577,arc_pair_55580,NK cells,5.497015747411963
578,arc_pair_55691,CD4+ T cells,19.29963230534193
579,arc_pair_55935,CD4+ T cells,8.317333728995882
580,arc_pair_56027,CD8+ T cells,9.301536469270614
581,arc_pair_56028,Dendritic cells,14.037929392383232
582,arc_pair_56095,T cells,27.82352562617448
583,arc_pair_56226,CD4+ T cells,25.94056892399158
584,arc_pair_56339,Monocytes,17.379374725435643
585,arc_pair_56430,NK cells,18.56479263960404
586,arc_pair_56445,T cells,19.32329146656815
587,arc_pair_56473,Monocytes,22.157600014358273
588,arc_pair_56558,CD8+ T cells,8.571815549784407
589,arc_pair_56754,B cells,14.54833823196925
590,arc_pair_56775,T cells,14.778646302830504
591,arc_pair_56779,T cells,11.595124874352432
592,arc_pair_57139,B cells,27.255816680739283
593,arc_pair_57300,Monocytes,29.588550802003105
594,arc_pair_57349,CD4+ T cells,9.240314422942172
595,arc_pair_57489,CD4+ T cells,7.464983945047352
596,arc_pair_57647,T cells,11.579919001706308
597,arc_pair_57788,CD4+ T cells,21.71501003485793
598,arc_pair_57816,CD4+ T cells,11.037834115267076
599,arc_pair_57840,Monocytes,50.49833633994788
600,arc_pair_57971,CD4+ T cells,9.273341045724363
601,arc_pair_58013,T cells,13.44196361756262
602,arc_pair_58054,Dendritic cells,44.63082640289558
603,arc_pair_58274,T cells,7.133357514206261
604,arc_pair_58367,CD8+ T cells,15.357347176607693
605,arc_pair_58389,CD4+ T cells,29.426368206169023
606,arc_pair_58545,CD4+ T cells,51.35723687541133
607,arc_pair_58598,Monocytes,18.15482671369422
608,arc_pair_58609,NK cells,14.158867436460818
609,arc_pair_58634,T cells,15.649392666590987
610,arc_pair_58651,Monocytes,19.865719452337895
611,arc_pair_58682,Monocytes,10.501494815851409
612,arc_pair_58785,T cells,15.914483058898035
613,arc_pair_58811,B cells,10.962721503623817
614,arc_pair_58824,CD4+ T cells,14.84650160174845
615,arc_pair_58825,CD4+ T cells,12.055270383192074
616,arc_pair_58938,NK cells,13.056995205313331
617,arc_pair_59077,NK cells,21.817151031870083
618,arc_pair_59088,NK cells,7.53064116823939
619,arc_pair_59106,CD4+ T cells,21.960914572717584
620,arc_pair_59157,Monocytes,28.089887775599312
621,arc_pair_59221,T cells,17.248371406236426
622,arc_pair_59230,Monocytes,54.76954771943273
623,arc_pair_59243,NK cells,9.356926771457085
624,arc_pair_59277,CD8+ T cells,11.998736824667125
625,arc_pair_59357,T cells,5.2821964950968106
626,arc_pair_59369,Monocytes,19.265069437934407
627,arc_pair_59434,NK cells,23.79614808153477
628,arc_pair_59574,T cells,16.00933588761175
629,arc_pair_59630,T cells,9.62504956747786
630,arc_pair_59706,Monocytes,17.690149506655366
631,arc_pair_59906,Dendritic cells,22.2245708295112
632,arc_pair_59921,NK cells,114.09486801281726
633,arc_pair_59944,Monocytes,29.552218106787087
634,arc_pair_60052,CD4+ T cells,9.480831337218309
635,arc_pair_60169,CD4+ T cells,13.919282739002336
636,arc_pair_60198,CD4+ T cells,12.611695137976346
637,arc_pair_60208,CD8+ T cells,12.592652755216792
638,arc_pair_60273,Monocytes,29.297641503766627
639,arc_pair_60338,Monocytes,18.589050210298694
640,arc_pair_60422,Monocytes,21.481587386424373
641,arc_pair_60493,T cells,9.61837075085979
642,arc_pair_60522,B cells,19.39621938931967
643,arc_pair_60565,Monocytes,13.23513166978992
644,arc_pair_60665,CD4+ T cells,15.6025724308172
645,arc_pair_60793,T cells,13.99771972770866
646,arc_pair_61022,B cells,15.57244281730621
647,arc_pair_61105,NK cells,10.9435930722224
648,arc_pair_61346,Monocytes,19.10282374159342
649,arc_pair_61349,B cells,8.759303023722232
650,arc_pair_61378,CD8+ T cells,5.4322772963604855
651,arc_pair_61430,CD4+ T cells,13.676432227982655
652,arc_pair_61455,CD4+ T cells,14.43681822949444
653,arc_pair_61659,CD4+ T cells,12.014668632565876
654,arc_pair_61725,NK cells,18.52984294299686
655,arc_pair_62184,CD4+ T cells,9.75660120687851
656,arc_pair_62191,CD4+ T cells,10.844585213467546
657,arc_pair_62205,NK cells,13.626430226341116
658,arc_pair_62376,CD4+ T cells,14.61068291808568
659,arc_pair_62552,NK cells,10.985299204427534
660,arc_pair_62795,T cells,7.742870570140774
661,arc_pair_62822,B cells,21.387597836269677
662,arc_pair_62837,CD4+ T cells,12.99793545582962
663,arc_pair_63029,CD4+ T cells,12.150628468821418
664,arc_pair_63053,Dendritic cells,24.01717650697111
665,arc_pair_63269,Monocytes,18.045493716337525
666,arc_pair_63404,CD4+ T cells,7.998440465506333
667,arc_pair_63478,B cells,9.533682735318395
668,arc_pair_63482,NK cells,18.86809063710825
669,arc_pair_63655,NK cells,16.34768104443162
670,arc_pair_63666,T cells,9.629148369447844
671,arc_pair_64273,Monocytes,30.936464088397795
672,arc_pair_64306,NK cells,27.144137822394704
673,arc_pair_64367,CD8+ T cells,11.633035279649508
674,arc_pair_64470,CD4+ T cells,7.499528037319252
675,arc_pair_64591,Monocytes,29.44470588235294
676,arc_pair_64622,CD8+ T cells,11.423795144341105
677,arc_pair_64626,T cells,8.751681927476744
678,arc_pair_64676,Monocytes,15.065788580351686
679,arc_pair_64753,T cells,14.307849117913031
680,arc_pair_64791,NK cells,10.527378140433756
681,arc_pair_65008,Monocytes,13.014917233978924
682,arc_pair_65061,CD4+ T cells,9.626857028046
683,arc_pair_65166,CD4+ T cells,12.36052677838978
684,arc_pair_65271,CD4+ T cells,11.159775550858413
685,arc_pair_65331,T cells,27.88290705640557
686,arc_pair_65384,CD8+ T cells,8.284286490730116
687,arc_pair_65415,B cells,21.009333635026582
688,arc_pair_65568,B cells,16.272146304983345
689,arc_pair_65919,CD4+ T cells,14.177244297277408
690,arc_pair_66065,Monocytes,45.45155181969333
691,arc_pair_66147,B cells,13.223040772259624
692,arc_pair_66181,CD4+ T cells,7.419742670322718
693,arc_pair_66228,CD4+ T cells,25.464811234472137
694,arc_pair_66403,CD4+ T cells,128.04210756313012
695,arc_pair_66447,T cells,9.990718588764304
696,arc_pair_66576,CD4+ T cells,9.277220995413623
697,arc_pair_66582,T cells,10.167328651005086
698,arc_pair_66643,CD4+ T cells,26.03016418032883
699,arc_pair_66644,CD8+ T cells,14.785448875323471
700,arc_pair_66695,CD4+ T cells,11.393483820420714
701,arc_pair_66726,CD4+ T cells,10.091946617579383
702,arc_pair_66809,T cells,9.68479421990017
703,arc_pair_66819,Monocytes,32.671003037580114
704,arc_pair_66821,T cells,22.86277014430712
705,arc_pair_66842,NK cells,12.688112936473232
706,arc_pair_67027,CD4+ T cells,14.488812042310824
707,arc_pair_67167,Dendritic cells,27.571339623545185
708,arc_pair_67265,T cells,14.294905361915673
709,arc_pair_67554,NK cells,31.73470715420087
710,arc_pair_67587,CD4+ T cells,13.41261675240997
711,arc_pair_67750,CD8+ T cells,16.292548032816967
712,arc_pair_67791,CD4+ T cells,13.327365496468634
713,arc_pair_67853,NK cells,14.497548169222586
714,arc_pair_67863,NK cells,8.32180270278824
715,arc_pair_67893,NK cells,22.23632101659367
716,arc_pair_68097,CD4+ T cells,14.32247757587024
717,arc_pair_68145,T cells,18.50950193831114
718,arc_pair_68258,NK cells,11.5513997162983
719,arc_pair_68404,B cells,26.6661749864141
720,arc_pair_68419,T cells,21.84850149467283
721,arc_pair_68559,NK cells,22.308033205619417
722,arc_pair_68624,B cells,9.151398072173984
723,arc_pair_69076,CD4+ T cells,9.75291305646848
724,arc_pair_69269,Monocytes,17.00157459170471
725,arc_pair_69283,T cells,13.906438817725586
726,arc_pair_69335,T cells,13.639455977504555
727,arc_pair_69464,T cells,10.70489252018286
728,arc_pair_69490,B cells,14.317940743620357
729,arc_pair_69771,T cells,64.05847509457041
730,arc_pair_69828,CD4+ T cells,15.76015794390876
731,arc_pair_69966,CD4+ T cells,36.82771375539146
732,arc_pair_70042,T cells,10.966439028953648
733,arc_pair_70148,Monocytes,36.25162930568336
734,arc_pair_70189,Monocytes,39.889655286489344
735,arc_pair_70467,T cells,8.72570923552806
736,arc_pair_70471,CD4+ T cells,14.860234819734345
737,arc_pair_70910,Monocytes,10.81851176719508
738,arc_pair_70987,Dendritic cells,50.55341971617068
739,arc_pair_71059,Monocytes,44.17845643826468
740,arc_pair_71174,NK cells,17.36016529887667
741,arc_pair_71208,Monocytes,30.348881577128324
742,arc_pair_71245,CD4+ T cells,14.445081998991974
743,arc_pair_71299,NK cells,11.316051347438862
744,arc_pair_71349,CD4+ T cells,12.08688790831648
745,arc_pair_71443,CD4+ T cells,41.12783746774109
746,arc_pair_71613,CD4+ T cells,10.229110137940609
747,arc_pair_71981,Monocytes,45.01783837523079
748,arc_pair_72120,T cells,185.0242222373281
749,arc_pair_72162,T cells,13.403394978314868
750,arc_pair_72493,CD4+ T cells,29.929289618765583
751,arc_pair_72502,T cells,16.709848965892597
752,arc_pair_72591,T cells,9.658529860485633
753,arc_pair_72850,NK cells,41.73808039193853
754,arc_pair_73070,NK cells,12.46951571465758
755,arc_pair_73122,Monocytes,13.023125400555436
756,arc_pair_73192,T cells,7.149915626054672
757,arc_pair_73224,T cells,9.07819276837682
758,arc_pair_73405,NK cells,17.32420157162425
759,arc_pair_73469,NK cells,30.88322391395446
760,arc_pair_73472,CD4+ T cells,16.735118573442
761,arc_pair_73603,Monocytes,31.835302352217532
762,arc_pair_73790,CD4+ T cells,11.22236872346345
763,arc_pair_73801,NK cells,11.002350344111154
764,arc_pair_73826,CD4+ T cells,19.611034632101592
765,arc_pair_73852,Monocytes,34.28429778746268
766,arc_pair_73865,B cells,17.248346906104267
767,arc_pair_73940,CD4+ T cells,10.647547767262784
768,arc_pair_74061,CD4+ T cells,10.439651302005387
769,arc_pair_74149,Dendritic cells,145.16804421492253
770,arc_pair_74357,NK cells,17.599453870462984
771,arc_pair_74510,NK cells,9.4910971910528
772,arc_pair_74717,CD4+ T cells,14.028718655203932
773,arc_pair_74792,NK cells,6.749081001600138
774,arc_pair_74818,CD8+ T cells,15.879281104254018
775,arc_pair_74865,CD4+ T cells,9.666942474389284
776,arc_pair_75064,T cells,20.428269092219026
777,arc_pair_75107,Monocytes,75.38926939144328
778,arc_pair_75169,T cells,10.395091807909605
779,arc_pair_75226,NK cells,11.350405839877723
780,arc_pair_75331,Monocytes,28.567548168942196
781,arc_pair_75419,CD4+ T cells,10.731663227544807
782,arc_pair_75491,T cells,171.38456669655574
783,arc_pair_75573,Dendritic cells,24.786089138059033
784,arc_pair_75709,NK cells,13.696525735294117
785,arc_pair_75752,T cells,14.435807192042844
786,arc_pair_75754,CD8+ T cells,15.79737913674391
787,arc_pair_75803,CD4+ T cells,13.355286016120196
788,arc_pair_75889,CD8+ T cells,8.603417456903081
789,arc_pair_75969,CD4+ T cells,13.651225063596195
790,arc_pair_75981,CD4+ T cells,20.804526281829155
791,arc_pair_76070,CD8+ T cells,12.061007057546146
792,arc_pair_76093,CD4+ T cells,9.538144714739
793,arc_pair_76107,Monocytes,14.300188227639254
794,arc_pair_76115,Monocytes,44.366521594540274
795,arc_pair_76176,B cells,8.495194539882998
796,arc_pair_76295,T cells,7.853448632545824
797,arc_pair_76410,CD4+ T cells,10.22255620264262
798,arc_pair_76595,Monocytes,14.99173302632
799,arc_pair_76609,CD8+ T cells,6.106021459618834
800,arc_pair_76756,T cells,12.21234690971233
801,arc_pair_76813,CD4+ T cells,43.53396156266088
802,arc_pair_76938,CD4+ T cells,7.475271229574069
803,arc_pair_76966,T cells,18.597899848254933
804,arc_pair_77165,T cells,9.587032472023694
805,arc_pair_77235,NK cells,13.505302102280458
806,arc_pair_77312,Dendritic cells,9.843598636608268
807,arc_pair_77362,T cells,12.86521328570842
808,arc_pair_77365,Monocytes,28.403969524122175
809,arc_pair_77387,T cells,8.302368868159338
810,arc_pair_77647,T cells,10.645505097312329
811,arc_pair_77728,CD4+ T cells,7.472695101242883
812,arc_pair_77961,Monocytes,16.35447931348976
813,arc_pair_78017,CD4+ T cells,13.00405655413548
814,arc_pair_78438,CD4+ T cells,8.575366996816413
815,arc_pair_78495,Dendritic cells,26.054039621936244
816,arc_pair_78795,Dendritic cells,47.528287994530416
817,arc_pair_78908,CD4+ T cells,9.034610337028454
818,arc_pair_79046,NK cells,23.330085966652497
819,arc_pair_79224,T cells,12.151064080646115
820,arc_pair_79385,B cells,21.94369526900372
821,arc_pair_79559,T cells,20.14055090565158
822,arc_pair_79585,T cells,18.76027347863088
823,arc_pair_79726,T cells,13.398401030208726
824,arc_pair_79774,T cells,11.965349953676409
825,arc_pair_79806,T cells,11.558574848895809
826,arc_pair_79874,CD4+ T cells,8.370558375634518
827,arc_pair_80108,B cells,10.71116064320968
828,arc_pair_80125,CD8+ T cells,11.671225312448232
829,arc_pair_80148,NK cells,15.569769785461547
830,arc_pair_80324,CD4+ T cells,9.198542269540862
831,arc_pair_80358,B cells,9.983007904871291
832,arc_pair_80531,CD4+ T cells,21.16617698321797
833,arc_pair_80627,Monocytes,26.620000860992725
834,arc_pair_80628,NK cells,10.804180374954306
835,arc_pair_80804,CD4+ T cells,13.187575887655608
836,arc_pair_80823,CD4+ T cells,25.178885743200823
837,arc_pair_80892,T cells,33.058994999390166
838,arc_pair_80999,NK cells,21.12639453685371
839,arc_pair_81066,Monocytes,65.10996059215773
840,arc_pair_81076,B cells,11.477436453086565
841,arc_pair_81153,CD4+ T cells,12.25924700588897
842,arc_pair_81210,NK cells,23.9779179291266
843,arc_pair_81262,CD4+ T cells,11.184460584878352
844,arc_pair_81416,NK cells,27.948144374459677
845,arc_pair_81544,T cells,18.482884457798416
846,arc_pair_81649,NK cells,14.349087042161615
847,arc_pair_81703,CD4+ T cells,13.074505205624533
848,arc_pair_81825,Monocytes,10.851978484163542
849,arc_pair_81873,NK cells,15.814716352002884
850,arc_pair_82020,Dendritic cells,50.36163007352201
851,arc_pair_82230,T cells,18.38822727811352
852,arc_pair_82241,Monocytes,23.972267494834647
853,arc_pair_82479,CD4+ T cells,14.52794579053482
854,arc_pair_82521,CD4+ T cells,10.708147443867478
855,arc_pair_82539,NK cells,21.381315079059007
856,arc_pair_82663,T cells,20.0390671641791
857,arc_pair_82729,B cells,47.2341044872472
858,arc_pair_82782,Monocytes,16.858112043318798
859,arc_pair_82861,NK cells,9.9784637376271
860,arc_pair_82934,B cells,24.24674605372473
861,arc_pair_83036,T cells,8.967962245773522
862,arc_pair_83146,T cells,11.10252567018124
863,arc_pair_83154,T cells,13.323671837608044
864,arc_pair_83364,CD4+ T cells,8.18858743497399
865,arc_pair_83420,NK cells,21.03928877308532
866,arc_pair_83451,CD4+ T cells,21.51785343006905
867,arc_pair_83455,CD4+ T cells,9.406302831783602
868,arc_pair_83458,Monocytes,56.49188946790579
869,arc_pair_83592,T cells,14.530551881246325
870,arc_pair_83900,T cells,19.32469129086656
871,arc_pair_83994,CD4+ T cells,10.031342733226811
872,arc_pair_84022,T cells,15.1070483921947
873,arc_pair_84309,CD4+ T cells,10.242940096962393
874,arc_pair_84658,Dendritic cells,30.10981847496734
875,arc_pair_84677,T cells,5.218957724009572
876,arc_pair_84917,CD4+ T cells,9.644874909887058
877,arc_pair_85066,NK cells,12.408648024293456
878,arc_pair_85109,Dendritic cells,41.81866659374316
879,arc_pair_85208,T cells,13.128060759138426
880,arc_pair_85219,NK cells,31.130090024805597
881,arc_pair_85265,Monocytes,20.631208283633228
882,arc_pair_85290,NK cells,16.942252539448575
883,arc_pair_85327,NK cells,11.134403597210758
884,arc_pair_85355,CD4+ T cells,16.995287542124444
885,arc_pair_85382,T cells,7.212657097029622
886,arc_pair_85899,B cells,12.65370879925063
887,arc_pair_85968,T cells,12.394836618332322
888,arc_pair_86175,Monocytes,38.895063129352465
889,arc_pair_86279,T cells,20.608959508959508
890,arc_pair_86281,Monocytes,53.476098553980066
891,arc_pair_86314,Dendritic cells,18.088863094086538
892,arc_pair_86542,T cells,10.83863022577509
893,arc_pair_86548,B cells,46.56677796327212
894,arc_pair_86559,CD4+ T cells,13.02571590386181
895,arc_pair_86754,T cells,12.836480846315965
896,arc_pair_86920,T cells,13.87275175780491
897,arc_pair_86958,T cells,6.987759010728213
898,arc_pair_87005,CD4+ T cells,9.644155497321028
899,arc_pair_87030,Monocytes,30.386516876820597
900,arc_pair_87054,CD4+ T cells,16.698486128092974
901,arc_pair_87062,CD4+ T cells,20.32426435708711
902,arc_pair_87152,T cells,13.160664299143512
903,arc_pair_87182,B cells,11.966371398930653
904,arc_pair_87274,CD8+ T cells,6.339983904500034
905,arc_pair_87484,Monocytes,32.110693877551014
906,arc_pair_87571,Monocytes,16.952857528575286
907,arc_pair_87583,T cells,18.66945881580028
908,arc_pair_87609,NK cells,10.91970431603211
909,arc_pair_87675,T cells,12.585842159593874
910,arc_pair_87811,NK cells,17.052948845555356
911,arc_pair_87955,Dendritic cells,34.936679065796696
912,arc_pair_87977,T cells,9.963294648024611
913,arc_pair_88031,NK cells,13.16279738104758
914,arc_pair_88037,Monocytes,11.951302603001002
915,arc_pair_88072,CD4+ T cells,15.158988377748331
916,arc_pair_88140,T cells,38.66920180535122
917,arc_pair_88221,CD4+ T cells,17.396043140757023
918,arc_pair_88413,Monocytes,90.83898630041482
919,arc_pair_88429,Monocytes,24.076647968979408
920,arc_pair_88522,T cells,26.251478834003105
921,arc_pair_88641,Monocytes,34.74423144301517
922,arc_pair_88929,Monocytes,24.552097367159135
923,arc_pair_89050,CD4+ T cells,19.66158602655417
924,arc_pair_89066,CD4+ T cells,209.96781179249928
925,arc_pair_89168,B cells,7.907200552749765
926,arc_pair_89187,T cells,12.847288629737609
927,arc_pair_89225,NK cells,44.88073055991144
928,arc_pair_89236,T cells,9.394843880846992
929,arc_pair_89302,Progenitors,52.76001994294103
930,arc_pair_89337,Monocytes,21.2348055672122
931,arc_pair_89359,CD4+ T cells,14.500091233740848
932,arc_pair_89665,Monocytes,22.917861117442783
933,arc_pair_89677,CD4+ T cells,14.447602613090105
934,arc_pair_89679,Monocytes,25.805663248290813
935,arc_pair_89715,CD4+ T cells,9.343158228349576
936,arc_pair_89748,CD4+ T cells,18.70969491035281
937,arc_pair_89898,Dendritic cells,18.1982139829311
938,arc_pair_89940,T cells,14.834103400705104
939,arc_pair_90175,Monocytes,34.26754943833764
940,arc_pair_90199,CD4+ T cells,18.222079420484583
941,arc_pair_90202,CD4+ T cells,20.081630771257327
942,arc_pair_90407,NK cells,109.05133159707636
943,arc_pair_90518,NK cells,29.70221171089222
944,arc_pair_90669,CD4+ T cells,8.32483693389462
945,arc_pair_90677,Monocytes,35.92011155086691
946,arc_pair_91023,T cells,21.350187852222916
947,arc_pair_91141,T cells,12.81446914582186
948,arc_pair_91204,Monocytes,38.30319806178073
949,arc_pair_91267,Dendritic cells,15.804693089140075
950,arc_pair_91454,CD4+ T cells,7.305154711921814
951,arc_pair_91514,T cells,12.821419101659863
952,arc_pair_91549,NK cells,16.15877092494734
953,arc_pair_91641,CD8+ T cells,13.767587259982449
954,arc_pair_91696,NK cells,9.74403757873385
955,arc_pair_91723,T cells,17.25320368781577
956,arc_pair_91830,CD8+ T cells,13.69103886250597
957,arc_pair_91855,CD4+ T cells,24.669086123352415
958,arc_pair_91869,CD4+ T cells,23.776170779779584
959,arc_pair_91873,Monocytes,21.09771492788912
960,arc_pair_91904,NK cells,47.59923385851097
961,arc_pair_92059,CD8+ T cells,15.897341638038975
962,arc_pair_92142,Monocytes,17.621014698909438
963,arc_pair_92168,CD8+ T cells,10.68559335095977
964,arc_pair_92208,T cells,9.628861591746285
965,arc_pair_92341,CD4+ T cells,9.223489494975858
966,arc_pair_92397,T cells,30.309359307883113
967,arc_pair_92436,CD4+ T cells,16.054072517078296
968,arc_pair_92543,NK cells,11.975012476552685
969,arc_pair_92584,T cells,9.054987663024322
970,arc_pair_92799,Monocytes,39.03790770020205
971,arc_pair_92840,T cells,9.63887533544767
972,arc_pair_92850,Dendritic cells,35.221383968987205
973,arc_pair_92877,T cells,10.840175353865586
974,arc_pair_92958,NK cells,34.000195446105735
975,arc_pair_93376,CD4+ T cells,44.35883779275933
976,arc_pair_93453,CD4+ T cells,9.757235291167175
977,arc_pair_93812,NK cells,13.947875399149364
978,arc_pair_93840,CD4+ T cells,11.783463951883771
979,arc_pair_93855,T cells,22.80243905352301
980,arc_pair_93992,CD4+ T cells,7.651279859429168
981,arc_pair_94060,Monocytes,25.279779811815914
982,arc_pair_94076,T cells,11.196812183520024
983,arc_pair_94119,Monocytes,14.404645723855174
984,arc_pair_94206,T cells,22.81432640337303
985,arc_pair_94244,NK cells,22.508363367526105
986,arc_pair_94420,T cells,29.896046924902755
987,arc_pair_94499,NK cells,20.942621289454777
988,arc_pair_94567,Dendritic cells,32.85861276877901
989,arc_pair_94571,NK cells,14.260344595956203
990,arc_pair_94597,Dendritic cells,25.72685218735657
991,arc_pair_94919,B cells,90.31496043702997
992,arc_pair_94968,T cells,12.208925449871463
993,arc_pair_95019,NK cells,12.487831902575364
994,arc_pair_95074,CD4+ T cells,12.644376777915785
995,arc_pair_95104,Monocytes,20.738141770547216
996,arc_pair_95204,NK cells,10.79009989897856
997,arc_pair_95211,CD4+ T cells,16.20749043193002
998,arc_pair_95367,CD4+ T cells,9.27425233326521
999,arc_pair_95573,CD4+ T cells,15.652841178306042
1000,arc_pair_95793,Monocytes,9.212624146236845
1001,arc_pair_95980,NK cells,18.97129469315965
1002,arc_pair_96012,CD4+ T cells,9.593864413598872
1003,arc_pair_96319,Monocytes,15.000734115390957
1004,arc_pair_96327,T cells,6.726774661651909
1005,arc_pair_96345,CD4+ T cells,10.068569502191256
1006,arc_pair_96822,Monocytes,47.320905056481976
1007,arc_pair_97150,CD4+ T cells,11.186644517360204
1008,arc_pair_97232,NK cells,23.223278262483756
1009,arc_pair_97793,Monocytes,15.860749973138502
1010,arc_pair_97861,B cells,44.07489190438638
1011,arc_pair_97915,CD4+ T cells,11.096739529632602
1012,arc_pair_97999,T cells,14.162789083539243
1013,arc_pair_98060,T cells,44.776779899741015
1014,arc_pair_98087,CD4+ T cells,9.650167564437735
1015,arc_pair_98310,Monocytes,44.95708008416884
1016,arc_pair_98470,CD4+ T cells,29.471314929933623
1017,arc_pair_98585,T cells,9.320892539964476
1018,arc_pair_98640,CD4+ T cells,27.697684519530313
1019,arc_pair_98670,T cells,15.271366984764777
1020,arc_pair_98880,CD4+ T cells,8.465522058263279
1021,arc_pair_98940,CD4+ T cells,20.555416863943528
1022,arc_pair_98986,Monocytes,31.12461501341243
1023,arc_pair_99061,Monocytes,30.2633268408396
1024,arc_pair_99130,Dendritic cells,14.629720410939626
1025,arc_pair_99187,Monocytes,24.285149463027565
1026,arc_pair_99366,T cells,38.89591232662247
1027,arc_pair_99482,T cells,17.125441080880304
1028,arc_pair_99959,T cells,25.646067071301573
1029,arc_pair_99978,Monocytes,17.402002491362495
1030,arc_pair_100024,Dendritic cells,37.142242076326
1031,arc_pair_100114,T cells,18.50204511912292
1032,arc_pair_100141,NK cells,33.03009755626388
1033,arc_pair_100299,Monocytes,100.57293792288692
1034,arc_pair_100358,CD4+ T cells,13.758283049917718
1035,arc_pair_100532,T cells,21.164073880905704
1036,arc_pair_100536,CD4+ T cells,13.219534158801627
1037,arc_pair_100559,Monocytes,19.409568958163227
1038,arc_pair_100567,B cells,9.70141322620167
1039,arc_pair_100628,NK cells,13.045435113459533
1040,arc_pair_100757,CD4+ T cells,16.278246181387694
1041,arc_pair_100861,Dendritic cells,109.63015834472888
1042,arc_pair_101155,Monocytes,13.121741150402944
1043,arc_pair_101269,B cells,5.477297297297296
1044,arc_pair_101480,CD8+ T cells,7.026754192409532
1045,arc_pair_101755,CD8+ T cells,12.594047441998812
1046,arc_pair_101842,T cells,10.276470405853718
1047,arc_pair_101858,CD4+ T cells,12.355291046137868
1048,arc_pair_101963,CD8+ T cells,21.067184137527832
1049,arc_pair_102064,CD4+ T cells,8.491052858400945
1050,arc_pair_102124,CD4+ T cells,11.035722403212365
1051,arc_pair_102161,Monocytes,22.799199671660165
1052,arc_pair_102224,T cells,9.56694970607446
1053,arc_pair_102353,Monocytes,19.005305552253
1054,arc_pair_102378,Monocytes,24.442771513276284
1055,arc_pair_102467,NK cells,9.357089054985806
1056,arc_pair_102644,CD4+ T cells,11.266674220496286
1057,arc_pair_102671,CD4+ T cells,9.024817623952355
1058,arc_pair_102919,CD4+ T cells,31.59916464196992
1059,arc_pair_103071,T cells,15.265863133778264
1060,arc_pair_103109,CD4+ T cells,14.764894720379305
1061,arc_pair_103155,NK cells,12.49955969304315
1062,arc_pair_103296,T cells,15.16812057413462
1063,arc_pair_103391,B cells,72.4334271275181
1064,arc_pair_103507,Monocytes,22.49484111066542
1065,arc_pair_103528,T cells,22.12212335072108
1066,arc_pair_103544,Monocytes,22.69014688296744
1067,arc_pair_103639,NK cells,50.974565259149614
1068,arc_pair_103712,Monocytes,58.93310160566522
1069,arc_pair_103773,Monocytes,19.45570359223175
1070,arc_pair_103950,T cells,10.642218280624952
1071,arc_pair_104056,T cells,14.23389826179134
1072,arc_pair_104211,Monocytes,47.30414159000864
1073,arc_pair_104224,CD4+ T cells,16.676321047737744
1074,arc_pair_104747,Monocytes,17.39052210353845
1075,arc_pair_104799,CD4+ T cells,11.768410889402144
1076,arc_pair_104951,NK cells,12.125368592548709
1077,arc_pair_104969,T cells,23.17002059094757
1078,arc_pair_105255,T cells,11.776806232834485
1079,arc_pair_105513,CD4+ T cells,15.370461436071878
1080,arc_pair_105597,CD4+ T cells,12.30753505513806
1081,arc_pair_105600,T cells,10.044285470958952
1082,arc_pair_105689,NK cells,51.11618269543854
1083,arc_pair_105690,T cells,14.950026798156284
1084,arc_pair_105779,T cells,27.36396627616564
1085,arc_pair_105794,Monocytes,26.513925535033714
1086,arc_pair_105859,Monocytes,53.49885662016923
1087,arc_pair_105998,CD4+ T cells,10.820006859956017
1088,arc_pair_106062,CD4+ T cells,7.690819905158051
1089,arc_pair_106098,CD4+ T cells,24.942957982775543
1090,arc_pair_106107,Dendritic cells,58.3675608292165
1091,arc_pair_106131,NK cells,11.678647765941076
1092,arc_pair_106211,NK cells,10.631270874801794
1093,arc_pair_106701,T cells,13.136177028951112
1094,arc_pair_106709,T cells,16.078649403401876
1095,arc_pair_106759,T cells,12.973067412106223
1096,arc_pair_106773,Monocytes,53.29705290875157
1097,arc_pair_106777,T cells,25.989349430944323
1098,arc_pair_106778,CD4+ T cells,13.17849668643181
1099,arc_pair_106924,NK cells,9.980386684652
1100,arc_pair_107018,CD4+ T cells,8.131242807825085
1101,arc_pair_107057,CD4+ T cells,11.622582657517157
1102,arc_pair_107064,CD4+ T cells,12.466357014137412
1103,arc_pair_107068,B cells,12.227246157967802
1104,arc_pair_107132,CD4+ T cells,8.28769911954807
1105,arc_pair_107186,CD4+ T cells,11.875841174585602
1106,arc_pair_107286,CD4+ T cells,18.801226730374324
1107,arc_pair_107393,Monocytes,22.67242474279182
1108,arc_pair_107777,CD4+ T cells,11.174635765314733
1109,arc_pair_107789,CD4+ T cells,8.925139947079394
1110,arc_pair_107814,CD4+ T cells,7.383154602323502
1111,arc_pair_108285,T cells,8.36259300184162
1112,arc_pair_108303,T cells,19.868097325071783
1113,arc_pair_108532,T cells,13.408306811410968
1114,arc_pair_108969,NK cells,20.13326409705667
1115,arc_pair_109120,Monocytes,27.544683421308335
1116,arc_pair_109177,NK cells,9.794019683954822
1117,arc_pair_109204,NK cells,14.405376864522374
1118,arc_pair_109263,T cells,19.55903696747204
1119,arc_pair_109334,NK cells,14.283476734897
1120,arc_pair_109397,CD4+ T cells,10.66349274502128
1121,arc_pair_109617,CD4+ T cells,12.418961956656965
1122,arc_pair_109701,CD8+ T cells,12.353630149639756
1123,arc_pair_109790,T cells,16.390255625955866
1124,arc_pair_109912,Monocytes,24.326137758941663
1125,arc_pair_110369,CD8+ T cells,25.761652786085676
1126,arc_pair_110541,Monocytes,17.440145985401458
1127,arc_pair_110730,Monocytes,17.044043024235418
1128,arc_pair_110897,CD4+ T cells,18.951714473839715
1129,arc_pair_111018,B cells,13.540112668408728
1130,arc_pair_111065,T cells,13.72216637851313
1131,arc_pair_111212,NK cells,12.007789584371022
1132,arc_pair_111312,Monocytes,25.643889297085476
1133,arc_pair_111315,Monocytes,12.207306402216712
1134,arc_pair_111424,CD4+ T cells,24.397769658945272
1135,arc_pair_111586,T cells,27.054327602887547
1136,arc_pair_111672,CD4+ T cells,8.752547668927315
1137,arc_pair_111784,T cells,13.622742564930697
1138,arc_pair_111814,Monocytes,40.82467210116528
1139,arc_pair_111956,T cells,11.219414121873704
1140,arc_pair_112081,Dendritic cells,42.72659280480694
1141,arc_pair_112195,NK cells,10.229230345587222
1142,arc_pair_112264,NK cells,15.632942528735631
1143,arc_pair_112412,CD8+ T cells,32.618615291646286
1144,arc_pair_112437,CD4+ T cells,9.527047846683274
1145,arc_pair_112468,CD4+ T cells,145.3594192135824
1146,arc_pair_112624,T cells,11.37544483985765
1147,arc_pair_112706,Monocytes,28.07067548376917
1148,arc_pair_112778,CD4+ T cells,12.553484119223295
1149,arc_pair_112897,Monocytes,24.052502706959345
1150,arc_pair_112982,CD4+ T cells,28.65736409098242
1151,arc_pair_113022,Monocytes,13.066378252728091
1152,arc_pair_113086,T cells,9.09876134162504
1153,arc_pair_113147,CD4+ T cells,8.000206801902577
1154,arc_pair_113231,NK cells,13.531737659597686
1155,arc_pair_113299,Monocytes,11.497496185946334
1156,arc_pair_113374,T cells,15.966682879377434
1157,arc_pair_113465,CD4+ T cells,20.394732089102952
1158,arc_pair_113501,Monocytes,12.466856139764271
1159,arc_pair_114150,CD4+ T cells,9.291966418284016
1160,arc_pair_114382,T cells,22.012938566079605
1161,arc_pair_114413,NK cells,23.369828386697392
1162,arc_pair_114415,CD4+ T cells,9.379816417243102
1163,arc_pair_114572,T cells,15.326955631668044
1164,arc_pair_114670,NK cells,14.263834818123192
1165,arc_pair_114678,CD4+ T cells,12.635056718205982
1166,arc_pair_114685,NK cells,14.22400260426086
1167,arc_pair_114852,CD4+ T cells,9.214536545528787
1168,arc_pair_114908,Monocytes,87.0637448731488
1169,arc_pair_115067,T cells,11.42078868082834
1170,arc_pair_115112,CD4+ T cells,11.69095094826851
1171,arc_pair_115135,Monocytes,25.114636724970893
1172,arc_pair_115275,NK cells,20.59870420274067
1173,arc_pair_115483,CD8+ T cells,9.389471196619215
1174,arc_pair_115634,B cells,34.807182238116525
1175,arc_pair_115681,NK cells,9.992412323828257
1176,arc_pair_115785,NK cells,10.710279314410084
1177,arc_pair_115872,NK cells,10.52263229355857
1178,arc_pair_116015,CD8+ T cells,12.133843864326906
1179,arc_pair_116110,CD8+ T cells,7.302607925733144
1180,arc_pair_116248,Monocytes,40.252884741753185
1181,arc_pair_116509,CD4+ T cells,14.97819662243667
1182,arc_pair_116693,CD4+ T cells,17.291087236023465
1183,arc_pair_116754,B cells,73.12900129179062
1184,arc_pair_116809,Monocytes,29.660130092215244
1185,arc_pair_116841,Monocytes,15.576020134505091
1186,arc_pair_116849,CD4+ T cells,16.205176532731485
1187,arc_pair_116857,Monocytes,25.054241402562376
1188,arc_pair_116896,T cells,20.549236866125177
1189,arc_pair_117009,T cells,17.587553732127944
1190,arc_pair_117106,T cells,16.004166366063053
1191,arc_pair_117149,NK cells,11.687200883543994
1192,arc_pair_117169,NK cells,17.80312861796936
1193,arc_pair_117188,Monocytes,10.32115436075832
1194,arc_pair_117384,Monocytes,20.20773010076017
1195,arc_pair_117388,CD4+ T cells,13.233996919577953
1196,arc_pair_117464,NK cells,25.147299439506313
1197,arc_pair_117481,Monocytes,33.432974273391274
1198,arc_pair_117548,CD4+ T cells,9.23647020062772
1199,arc_pair_117691,B cells,10.844949220869836
1200,arc_pair_117714,B cells,9.937988988698928
1201,arc_pair_117896,NK cells,7.193547411250434
1202,arc_pair_118388,CD8+ T cells,8.977326146505257
1203,arc_pair_118428,NK cells,12.774185298845534
1204,arc_pair_118576,Monocytes,13.86568677141409
1205,arc_pair_118580,T cells,21.99374363451186
1206,arc_pair_118613,Dendritic cells,51.41260953880699
1207,arc_pair_118716,CD4+ T cells,30.39828297281374
1208,arc_pair_118912,Monocytes,10.057600434310531
1209,arc_pair_119016,Monocytes,16.25782593421223
1210,arc_pair_119264,CD8+ T cells,11.652378381620778
1211,arc_pair_119379,CD8+ T cells,11.673062047451785
1212,arc_pair_119428,Monocytes,49.7426559754498
1213,arc_pair_119762,CD4+ T cells,12.691843943377686
1214,arc_pair_119844,T cells,11.720050259806552
1215,arc_pair_119847,CD8+ T cells,12.386139193281736
1216,arc_pair_119865,Monocytes,36.31867736757624
1217,arc_pair_119907,CD4+ T cells,12.570929575535503
1218,arc_pair_119913,CD4+ T cells,7.469149019505445
1219,arc_pair_120006,NK cells,8.907001240209986
1220,arc_pair_120137,T cells,17.819879873624277
1221,arc_pair_120139,Monocytes,20.598621099407097
1222,arc_pair_120428,CD4+ T cells,19.76166957555052
1223,arc_pair_120503,Monocytes,10.821034560396264
1224,arc_pair_120514,T cells,8.4885767930905
1225,arc_pair_120857,CD4+ T cells,18.48367523837041
1226,arc_pair_121010,NK cells,7.740428130725505
1227,arc_pair_121060,CD8+ T cells,11.666659285176491
1228,arc_pair_121155,CD4+ T cells,17.237594061419564
1229,arc_pair_121293,NK cells,11.343521904250965
1230,arc_pair_121452,CD4+ T cells,10.601057668861252
1231,arc_pair_121483,CD4+ T cells,28.618642910420323
1232,arc_pair_121522,NK cells,17.45150591391294
1233,arc_pair_121546,Dendritic cells,11.769166897315252
1234,arc_pair_121582,Monocytes,51.35929105609796
1235,arc_pair_121838,Monocytes,19.089356612032983
1236,arc_pair_121884,CD8+ T cells,12.56977989292088
1237,arc_pair_121952,T cells,14.219720075911615
1238,arc_pair_122077,Dendritic cells,21.47347385615236
1239,arc_pair_122288,CD4+ T cells,23.158965182655592
1240,arc_pair_122377,T cells,21.659316811788347
1241,arc_pair_122550,T cells,10.895262179248792
1242,arc_pair_122565,Monocytes,56.37408225197689
1243,arc_pair_122676,NK cells,9.346017199171428
1244,arc_pair_122756,CD4+ T cells,11.495572137858948
1245,arc_pair_122760,CD8+ T cells,6.629582213887737
1246,arc_pair_122842,T cells,17.832034548147327
1247,arc_pair_122864,Monocytes,13.720564676242244
1248,arc_pair_123134,CD4+ T cells,8.763262618873448
1249,arc_pair_123254,T cells,11.354497838986156
1250,arc_pair_123513,NK cells,18.007085731654033
1251,arc_pair_123553,T cells,7.463188916003253
1252,arc_pair_123602,CD4+ T cells,10.033270237782723
1253,arc_pair_123685,T cells,14.966369222998566
1254,arc_pair_123872,NK cells,15.533563861902408
1255,arc_pair_123927,CD4+ T cells,8.874137951570447
1256,arc_pair_123933,T cells,16.906990222010876
1257,arc_pair_124029,CD4+ T cells,10.316568098648954
1258,arc_pair_124152,T cells,30.15898431182274
1259,arc_pair_124177,Monocytes,16.21982732376186
1260,arc_pair_124240,Monocytes,34.02854922279792
1261,arc_pair_124560,Monocytes,26.890800975203664
1262,arc_pair_124612,B cells,22.826782856126627
1263,arc_pair_124720,T cells,17.88988860325621
1264,arc_pair_125022,NK cells,11.414041606846268
1265,arc_pair_125192,T cells,7.248710927776394
1266,arc_pair_125204,NK cells,10.246143355392595
1267,arc_pair_125270,CD8+ T cells,21.56659209723535
1268,arc_pair_125373,CD8+ T cells,13.358449349548431
1269,arc_pair_125465,CD4+ T cells,15.01779152968478
1270,arc_pair_125561,NK cells,20.44618980597165
1271,arc_pair_125667,CD8+ T cells,10.758512360745268
1272,arc_pair_125734,T cells,15.944979838948075
1273,arc_pair_125785,Monocytes,15.409430142434442
1274,arc_pair_125923,Monocytes,18.857426983435047
1275,arc_pair_125939,CD4+ T cells,11.82856320667618
1276,arc_pair_126021,CD4+ T cells,20.512349588347053
1277,arc_pair_126263,CD4+ T cells,35.487777365083296
1278,arc_pair_126388,T cells,19.047175684088018
1279,arc_pair_126415,T cells,11.090962610220046
1280,arc_pair_126426,NK cells,6.618500809002873
1281,arc_pair_126486,T cells,9.966983771684388
1282,arc_pair_126614,CD4+ T cells,9.921459591145004
1283,arc_pair_126640,CD4+ T cells,11.028753454422716
1284,arc_pair_126689,Dendritic cells,19.827476784945578
1285,arc_pair_126739,NK cells,21.159718696992584
1286,arc_pair_126869,CD4+ T cells,23.42578233678888
1287,arc_pair_127029,CD8+ T cells,10.277349722226427
1288,arc_pair_127161,T cells,10.574442655739304
1289,arc_pair_127202,CD4+ T cells,7.840783270881181
1290,arc_pair_127236,T cells,74.90216960439736
1291,arc_pair_127314,CD4+ T cells,18.788773234200743
1292,arc_pair_127425,CD4+ T cells,6.375800935571366
1293,arc_pair_127439,B cells,8.76656437156106
1294,arc_pair_127522,T cells,11.675134769778598
1295,arc_pair_127573,Monocytes,37.06883393165802
1296,arc_pair_127604,NK cells,23.88923726407525
1297,arc_pair_127697,Monocytes,11.146797932319233
1298,arc_pair_127735,T cells,11.883813572946998
1299,arc_pair_127816,CD4+ T cells,72.52519576100755
1300,arc_pair_127896,Dendritic cells,28.69323471274629
1301,arc_pair_128215,T cells,19.24052374052374
1302,arc_pair_128391,NK cells,56.066092664304755
1303,arc_pair_128415,B cells,20.901454385191716
1304,arc_pair_128603,Monocytes,21.994332223057917
1305,arc_pair_128668,CD4+ T cells,18.824200775371683
1306,arc_pair_128671,Monocytes,29.66337598585067
1307,arc_pair_128712,Monocytes,78.6411523354432
1308,arc_pair_128755,CD4+ T cells,16.485079609655884
1309,arc_pair_128788,CD4+ T cells,6.616712273594181
1310,arc_pair_128943,NK cells,18.01185914293586
1311,arc_pair_128958,Monocytes,18.673987296260783
1312,arc_pair_129010,NK cells,13.207024871843553
1313,arc_pair_129268,T cells,9.191664430730704
1314,arc_pair_129281,CD8+ T cells,9.240406869785051
1315,arc_pair_129282,T cells,11.811077448924102
1316,arc_pair_129371,NK cells,9.54881664237978
1317,arc_pair_129381,NK cells,44.63538147973945
1318,arc_pair_129516,Monocytes,27.14839019580579
1319,arc_pair_129583,Monocytes,13.605858160684292
1320,arc_pair_129586,CD4+ T cells,19.65816166212089
1321,arc_pair_129619,Monocytes,19.135751782176193
1322,arc_pair_129749,T cells,9.655894156416196
1323,arc_pair_129936,T cells,11.09644180973919
1324,arc_pair_130106,T cells,11.948013990704805
1325,arc_pair_130118,T cells,5.127302296677287
1326,arc_pair_130156,B cells,20.99812913636257
1327,arc_pair_130172,CD4+ T cells,10.40815865849726
1328,arc_pair_130213,CD4+ T cells,24.26103208389575
1329,arc_pair_130392,NK cells,24.996321920643368
1330,arc_pair_130422,T cells,5.762236390387445
1331,arc_pair_130459,NK cells,21.35112486937319
1332,arc_pair_130586,NK cells,37.70352623536916
1333,arc_pair_130652,Dendritic cells,132.47462636760184
1334,arc_pair_130688,NK cells,17.224241816883588
1335,arc_pair_130788,T cells,7.054193548387097
1336,arc_pair_130808,CD4+ T cells,19.96253765621738
1337,arc_pair_130853,T cells,19.92096845010349
1338,arc_pair_130882,NK cells,13.252719372430082
1339,arc_pair_130899,T cells,15.359553765106911
1340,arc_pair_130914,Monocytes,61.17794067613127
1341,arc_pair_130969,CD4+ T cells,55.70674943797262
1342,arc_pair_131005,T cells,18.409982020855807
1343,arc_pair_131021,CD4+ T cells,175.29172078370686
1344,arc_pair_131142,CD4+ T cells,14.914318727224249
1345,arc_pair_131231,B cells,15.140818892472527
1346,arc_pair_131306,CD4+ T cells,13.938393003777303
1347,arc_pair_131562,Neutrophils,24.271802798568174
1348,arc_pair_131638,T cells,14.929438962114416
1349,arc_pair_131673,T cells,14.040829221730773
1350,arc_pair_131730,NK cells,15.587129165993648
1351,arc_pair_131776,Monocytes,28.92577687790032
1352,arc_pair_132016,CD4+ T cells,13.556057683227886
1353,arc_pair_132026,NK cells,48.08994487474705
1354,arc_pair_132035,Monocytes,22.18372551292454
1355,arc_pair_132039,B cells,29.86833219281812
1356,arc_pair_132060,NK cells,9.848379115650571
1357,arc_pair_132076,Monocytes,30.2330604487976
1358,arc_pair_132141,NK cells,15.573331619977726
1359,arc_pair_132144,CD4+ T cells,27.480807682188896
1360,arc_pair_132182,NK cells,51.2925986772821
1361,arc_pair_132226,CD4+ T cells,34.08478816857556
1362,arc_pair_132275,T cells,12.476736836056467
1363,arc_pair_132288,NK cells,12.12334077293551
1364,arc_pair_132425,CD4+ T cells,11.278058873645955
1365,arc_pair_132466,T cells,73.33191810793915
1366,arc_pair_132469,NK cells,9.775242120627006
1367,arc_pair_132490,Monocytes,233.5439608719127
1368,arc_pair_132584,NK cells,26.93098657731833
1369,arc_pair_132749,CD4+ T cells,16.87079478291229
1370,arc_pair_132752,Dendritic cells,29.504527279762673
1371,arc_pair_132859,Dendritic cells,16.85364091862825
1372,arc_pair_132926,CD4+ T cells,9.23032483429868
1373,arc_pair_133287,T cells,11.378694833374274
1374,arc_pair_133477,CD4+ T cells,10.037184115523466
1375,arc_pair_133490,Monocytes,38.56527244915871
1376,arc_pair_133547,CD4+ T cells,29.09043008386513
1377,arc_pair_133683,Monocytes,26.69428574984753
1378,arc_pair_133715,T cells,30.04337624711811
1379,arc_pair_133774,T cells,18.215336486536813
1380,arc_pair_134015,CD8+ T cells,10.474803647672765
1381,arc_pair_134116,NK cells,16.506749717857453
1382,arc_pair_134177,CD4+ T cells,23.8286831616154
1383,arc_pair_134276,CD4+ T cells,16.258261475014727
1384,arc_pair_134350,NK cells,14.934197748444412
1385,arc_pair_134407,NK cells,21.16756168271171
1386,arc_pair_134421,T cells,7.474678046754033
1387,arc_pair_134450,Monocytes,42.922102304424314
1388,arc_pair_134659,Monocytes,18.99048533273102
1389,arc_pair_134690,NK cells,49.70210990582906
1390,arc_pair_134783,CD4+ T cells,52.81065148457769
1391,arc_pair_134795,CD8+ T cells,5.097680589845654
1392,arc_pair_134803,T cells,263.62663871310065
1393,arc_pair_134831,T cells,8.584498993087683
1394,arc_pair_134856,NK cells,17.21019242444893
1395,arc_pair_134915,CD4+ T cells,6.341545412264965
1396,arc_pair_135011,NK cells,26.59224154953596
1397,arc_pair_135078,T cells,40.07508177994704
1398,arc_pair_135142,CD4+ T cells,17.829014043723756
1399,arc_pair_135213,T cells,22.49562022832252
1400,arc_pair_135255,CD8+ T cells,10.916980961969015
1401,arc_pair_135325,Monocytes,19.09282230998869
1402,arc_pair_135373,T cells,11.909802199556896
1403,arc_pair_135516,CD8+ T cells,18.48915433597508
1404,arc_pair_135545,T cells,23.66210899957712
1405,arc_pair_135608,T cells,26.78138246485676
1406,arc_pair_135615,T cells,25.606187462946608
1407,arc_pair_135667,CD4+ T cells,7.177214185072732
1408,arc_pair_135784,NK cells,14.933025001675714
1409,arc_pair_135918,T cells,20.73266180386708
1410,arc_pair_135954,NK cells,286.48151339202093
1411,arc_pair_136163,NK cells,10.89210718606629
1412,arc_pair_136198,CD4+ T cells,17.03357839924693
1413,arc_pair_136252,Dendritic cells,15.78330015715034
1414,arc_pair_136383,T cells,14.593750579852667
1415,arc_pair_136590,Monocytes,57.12696550635054
1416,arc_pair_136657,T cells,12.437487294165482
1417,arc_pair_136665,Dendritic cells,24.868249995498495
1418,arc_pair_136666,T cells,13.233459251821037
1419,arc_pair_136679,Monocytes,13.883720930232558
1420,arc_pair_136762,NK cells,27.16561253284032
1421,arc_pair_137099,CD4+ T cells,11.256912845642283
1422,arc_pair_137132,CD4+ T cells,21.990882013945154
1423,arc_pair_137187,NK cells,9.928929727757764
1424,arc_pair_137538,T cells,18.859555623231437
1425,arc_pair_137764,T cells,9.999014334997534
1426,arc_pair_138551,CD4+ T cells,14.502166396161174
1427,arc_pair_138590,NK cells,18.22865196484829
1428,arc_pair_138783,Monocytes,23.374184428012175
1429,arc_pair_138788,Monocytes,18.949184248286123
1430,arc_pair_138944,CD4+ T cells,13.655008916105665
1431,arc_pair_139009,T cells,7.96392879291589
1432,arc_pair_139250,Monocytes,40.51711391208883
1433,arc_pair_139441,T cells,20.506970322511464
1434,arc_pair_139475,Monocytes,192.18150884697647
1435,arc_pair_139563,T cells,33.39627905812877
1436,arc_pair_139628,CD8+ T cells,11.55177439504002
1437,arc_pair_139642,T cells,12.893481972730196
1438,arc_pair_139703,Monocytes,17.212289048261496
1439,arc_pair_139784,T cells,13.13143536275728
1440,arc_pair_139971,T cells,23.95523326572008
1441,arc_pair_139983,Dendritic cells,16.926024096385547
1442,arc_pair_140104,Monocytes,21.881461939767604
1443,arc_pair_140151,Monocytes,16.24096053888628
1444,arc_pair_140263,CD4+ T cells,18.91681405208964
1445,arc_pair_140506,NK cells,13.831169065722696
1446,arc_pair_140545,Monocytes,29.988061976123955
1447,arc_pair_140587,Monocytes,13.391488497283024
1448,arc_pair_140635,Monocytes,19.183972454766405
1449,arc_pair_140675,CD4+ T cells,15.632667631452
1450,arc_pair_140716,T cells,9.685647025082751
1451,arc_pair_140904,Monocytes,34.69733420026007
1452,arc_pair_140910,CD4+ T cells,23.376627169559416
1453,arc_pair_140943,CD4+ T cells,13.138429570148098
1454,arc_pair_140950,CD8+ T cells,10.973225276979894
1455,arc_pair_140951,CD4+ T cells,12.237440580682064
1456,arc_pair_141359,CD4+ T cells,19.822586995777495
1457,arc_pair_141566,Monocytes,20.661456785721363
1458,arc_pair_141618,CD4+ T cells,13.752909560723513
1459,arc_pair_141646,T cells,8.282882482823272
1460,arc_pair_141755,Monocytes,11.213518149042669
1461,arc_pair_141998,CD8+ T cells,28.94968810337145
1462,arc_pair_142069,NK cells,46.22415870683321
1463,arc_pair_142217,CD4+ T cells,25.18052291421857
1464,arc_pair_142296,NK cells,16.988075287572535
1465,arc_pair_142569,Monocytes,14.941648238242667
1466,arc_pair_142660,Dendritic cells,20.88936805951299
1467,arc_pair_142858,CD4+ T cells,275.81504935541295
1468,arc_pair_142895,CD4+ T cells,11.988665373225777
1469,arc_pair_143204,T cells,25.146423202976763
1470,arc_pair_143295,NK cells,9.146574212392142
1471,arc_pair_143335,NK cells,5.854560786039009
1472,arc_pair_143362,NK cells,15.208153574427424
1473,arc_pair_143394,NK cells,10.045841461251996
1474,arc_pair_143488,Monocytes,23.92992419274454
1475,arc_pair_143639,T cells,19.421085681456837
1476,arc_pair_143754,NK cells,11.902602749981286
1477,arc_pair_143776,CD4+ T cells,22.763084931076875
1478,arc_pair_143872,CD4+ T cells,9.628454305698888
1479,arc_pair_144043,T cells,10.9498735162483
1480,arc_pair_144080,Monocytes,24.60635968443085
1481,arc_pair_144090,CD4+ T cells,7.857931583332298
1482,arc_pair_144099,CD4+ T cells,7.7145406241325984
1483,arc_pair_144158,CD8+ T cells,13.850905919331217
1484,arc_pair_144468,Dendritic cells,67.4136435762749
1485,arc_pair_144629,T cells,28.96012086070437
1486,arc_pair_144640,T cells,30.606364063338702
1487,arc_pair_144674,CD4+ T cells,13.026888248090252
1488,arc_pair_144798,NK cells,7.778697948777765
1489,arc_pair_144954,NK cells,13.093053806995457
1490,arc_pair_144955,CD8+ T cells,8.501835001516529
1491,arc_pair_145139,NK cells,8.22545980574499
1492,arc_pair_145174,CD4+ T cells,12.488939047201065
1493,arc_pair_145380,CD4+ T cells,5.112734539802376
1494,arc_pair_145421,Monocytes,19.73019490726187
1495,arc_pair_145635,Monocytes,42.39318890348309
1496,arc_pair_145677,T cells,7.640778284554458
1497,arc_pair_145695,NK cells,18.439938152025164
1498,arc_pair_145743,Monocytes,26.55980405976882
1499,arc_pair_145856,T cells,27.644046952377817
1500,arc_pair_145894,Monocytes,39.44382259888296
1501,arc_pair_145925,CD4+ T cells,9.99938138532196
1502,arc_pair_145984,T cells,14.011958184927543
1503,arc_pair_146072,T cells,8.205862591902942
1504,arc_pair_146088,T cells,8.236778164736373
1505,arc_pair_146148,NK cells,11.177431893463126
1506,arc_pair_146229,T cells,21.947286040940767
1507,arc_pair_146325,T cells,15.892613161645452
1508,arc_pair_146489,NK cells,14.56563309369932
1509,arc_pair_146535,CD8+ T cells,8.139065251645196
1510,arc_pair_146565,T cells,12.749082817901275
1511,arc_pair_146663,CD8+ T cells,11.149312041251216
1512,arc_pair_146925,Monocytes,13.6775368286211
1513,arc_pair_147192,CD4+ T cells,45.57521364377583
1514,arc_pair_147243,NK cells,10.789145341743
1515,arc_pair_147445,NK cells,10.161064620299316
1516,arc_pair_147478,B cells,13.074775568733475
1517,arc_pair_147568,NK cells,11.541240985576923
1518,arc_pair_147585,CD4+ T cells,12.725888495873336
1519,arc_pair_147627,Monocytes,12.488769498560622
1520,arc_pair_147702,CD8+ T cells,7.895819290068125
1521,arc_pair_147908,T cells,21.61405017140992
1522,arc_pair_148114,T cells,10.558426319045893
1523,arc_pair_148303,T cells,14.62760396039604
1524,arc_pair_148409,Monocytes,26.120568638798613
1525,arc_pair_148500,CD8+ T cells,8.404973386017046
1526,arc_pair_148889,NK cells,13.192193722261704
1527,arc_pair_148903,CD4+ T cells,7.613247395262977
1528,arc_pair_148951,T cells,17.164188155519113
1529,arc_pair_149052,Monocytes,47.35821528652595
1530,arc_pair_149065,CD4+ T cells,207.22674292148056
1531,arc_pair_149078,T cells,6.7303374903809745
1532,arc_pair_149089,T cells,10.54334521285394
1533,arc_pair_149219,Monocytes,53.6677712185342
1534,arc_pair_149322,Monocytes,15.797970417625605
1535,arc_pair_149371,NK cells,16.909944309984258
1536,arc_pair_149388,Monocytes,24.593094388455356
1537,arc_pair_149569,CD4+ T cells,12.391113161966288
1538,arc_pair_149969,NK cells,12.840625106980246
1539,arc_pair_150167,NK cells,12.321269188532444
1540,arc_pair_150259,NK cells,12.225419180716912
1541,arc_pair_150278,Monocytes,27.34467919099808
1542,arc_pair_150312,NK cells,7.609442318700852
1543,arc_pair_150411,CD4+ T cells,15.01338858782276
1544,arc_pair_150547,T cells,9.110544087176732
1545,arc_pair_150614,T cells,12.951621023724158
1546,arc_pair_150641,NK cells,20.84538762248058
1547,arc_pair_150644,NK cells,8.256067903857959
1548,arc_pair_150695,T cells,13.568602073221882
1549,arc_pair_151083,Monocytes,48.07872991195904
1550,arc_pair_151127,CD4+ T cells,14.357005993531278
1551,arc_pair_151178,Monocytes,34.2034885072164
1552,arc_pair_151191,CD4+ T cells,19.513539353892895
1553,arc_pair_151217,Monocytes,61.333913632932266
1554,arc_pair_151270,T cells,12.156347005504738
1555,arc_pair_151282,Monocytes,31.94520632313693
1556,arc_pair_151300,CD4+ T cells,26.05871927554981
1557,arc_pair_151341,Monocytes,21.45657833565783
1558,arc_pair_151415,CD8+ T cells,10.829335012693605
1559,arc_pair_151535,T cells,17.309453112346812
1560,arc_pair_151599,CD8+ T cells,14.705520059863003
1561,arc_pair_151609,CD8+ T cells,20.402667726811615
1562,arc_pair_151626,NK cells,19.003311501178935
1563,arc_pair_151700,T cells,16.26634581765081
1564,arc_pair_151860,T cells,11.833566840988222
1565,arc_pair_151935,Dendritic cells,22.655311144782903
1566,arc_pair_151938,NK cells,13.668069538427684
1567,arc_pair_151957,CD8+ T cells,124.29324430280496
1568,arc_pair_152067,NK cells,32.86441842447631
1569,arc_pair_152235,T cells,18.53058293493871
1570,arc_pair_152259,B cells,13.011969160768452
1571,arc_pair_152491,T cells,30.636951080297017
1572,arc_pair_152548,CD4+ T cells,10.607243045273904
1573,arc_pair_152615,CD4+ T cells,25.665777076419673
1574,arc_pair_152620,Monocytes,62.80986447018672
1575,arc_pair_152662,T cells,13.55170095468603
1576,arc_pair_152850,CD4+ T cells,9.966050566695728
1577,arc_pair_152936,NK cells,7.812035020867354
1578,arc_pair_153025,T cells,28.786392337098928
1579,arc_pair_153083,Monocytes,12.444516352710044
1580,arc_pair_153095,NK cells,14.721905705556932
1581,arc_pair_153145,CD4+ T cells,32.12148085585586
1582,arc_pair_153181,CD4+ T cells,10.586451043233698
1583,arc_pair_153297,CD4+ T cells,12.26889154123975
1584,arc_pair_153398,Monocytes,19.749928421454477
1585,arc_pair_153431,NK cells,13.661293384977595
1586,arc_pair_153489,CD4+ T cells,6.653316003693949
1587,arc_pair_153725,Monocytes,90.89789940412898
1588,arc_pair_153742,CD4+ T cells,8.30729642487362
1589,arc_pair_153771,T cells,32.72350905432596
1590,arc_pair_153826,CD4+ T cells,14.208925471030804
1591,arc_pair_154071,B cells,19.479244568561555
1592,arc_pair_154091,CD4+ T cells,13.677038936646682
1593,arc_pair_154121,CD4+ T cells,13.241895375284306
1594,arc_pair_154131,Monocytes,31.206920446499858
1595,arc_pair_154661,T cells,14.523128744439584
1596,arc_pair_154679,NK cells,45.89671572536794
1597,arc_pair_154681,Monocytes,37.62840859038187
1598,arc_pair_154709,NK cells,7.745694833800561
1599,arc_pair_154727,Dendritic cells,21.86574036010853
1600,arc_pair_154747,CD4+ T cells,12.49485261128424
1601,arc_pair_154861,NK cells,18.216874103240016
1602,arc_pair_154941,CD4+ T cells,19.27277452141022
1603,arc_pair_155068,CD4+ T cells,18.422933019361594
1604,arc_pair_155091,Monocytes,22.565890501673437
1605,arc_pair_155179,NK cells,14.285763419164011
1606,arc_pair_155269,T cells,197.8556153156614
1607,arc_pair_155294,NK cells,12.904370537211866
1608,arc_pair_155323,NK cells,13.452314320803724
1609,arc_pair_155347,B cells,41.21470757488567
1610,arc_pair_155356,Monocytes,70.38968051387057
1611,arc_pair_155627,NK cells,11.61664598566345
1612,arc_pair_155782,CD4+ T cells,21.15598111129776
1613,arc_pair_155831,NK cells,17.6305852070558
1614,arc_pair_155890,CD8+ T cells,9.470545863419948
1615,arc_pair_155986,NK cells,6.7136556383120904
1616,arc_pair_156245,NK cells,19.64905604792183
1617,arc_pair_156255,CD8+ T cells,13.572387499999996
1618,arc_pair_156269,B cells,9.763694643341251
1619,arc_pair_156522,CD4+ T cells,12.033248928388195
1620,arc_pair_156567,NK cells,12.76591066882666
1621,arc_pair_156647,CD4+ T cells,16.077984466223683
1622,arc_pair_156711,Dendritic cells,29.276045406366464
1623,arc_pair_156817,CD8+ T cells,15.448427098290042
1624,arc_pair_156853,T cells,83.30430403223227
1625,arc_pair_156934,T cells,9.538899966473153
1626,arc_pair_156966,T cells,13.22915216817451
1627,arc_pair_157140,B cells,32.54579260674653
1628,arc_pair_157147,CD4+ T cells,17.172528782741537
1629,arc_pair_157456,CD8+ T cells,11.662504002561638
1630,arc_pair_157496,Monocytes,11.738500297223087
1631,arc_pair_157586,NK cells,10.168439226519334
1632,arc_pair_157692,CD4+ T cells,23.68731283324812
1633,arc_pair_157747,T cells,9.312709199715997
1634,arc_pair_157855,T cells,52.34421251768596
1635,arc_pair_158019,NK cells,17.316177271736755
1636,arc_pair_158128,CD8+ T cells,10.267167275960876
1637,arc_pair_158133,Monocytes,15.98365663295371
1638,arc_pair_158188,T cells,23.015359221833027
1639,arc_pair_158486,CD4+ T cells,27.980233433734934
1640,arc_pair_158698,CD8+ T cells,15.568072366634752
1641,arc_pair_158758,NK cells,26.94547827505575
1642,arc_pair_158970,CD4+ T cells,11.374378441961182
1643,arc_pair_159092,NK cells,19.911701622121477
1644,arc_pair_159167,T cells,14.692474916387962
1645,arc_pair_159303,Dendritic cells,18.18893858405149
1646,arc_pair_159366,CD4+ T cells,7.414207241985251
1647,arc_pair_159374,T cells,18.1864850190039
1648,arc_pair_159511,Monocytes,16.46117048708054
1649,arc_pair_159570,CD4+ T cells,11.130852735845608
1650,arc_pair_159640,NK cells,33.00437577079974
1651,arc_pair_159700,Monocytes,32.748590574155585
1652,arc_pair_159706,NK cells,14.037853736642417
1653,arc_pair_159714,T cells,18.06613124115039
1654,arc_pair_159855,T cells,13.097032134816128
1655,arc_pair_159882,T cells,12.678324274161476
1656,arc_pair_159958,Monocytes,49.449080410328605
1657,arc_pair_160240,Monocytes,102.51476880607316
1658,arc_pair_160244,CD8+ T cells,11.857228412256267
1659,arc_pair_160250,T cells,10.9935828664521
1660,arc_pair_160263,CD4+ T cells,9.16513621448376
1661,arc_pair_160336,Monocytes,46.43699864247809
1662,arc_pair_160527,Monocytes,96.39782333643112
1663,arc_pair_160546,T cells,10.303204786113527
1664,arc_pair_160566,Monocytes,36.65347227336328
1665,arc_pair_160580,B cells,11.313921952689466
1666,arc_pair_160615,Monocytes,46.828698430337546
1667,arc_pair_160644,Monocytes,21.6353993302721
1668,arc_pair_160678,T cells,13.461079038638406
1669,arc_pair_160815,T cells,13.01776885941953
1670,arc_pair_160866,NK cells,23.06252964086055
1671,arc_pair_160918,T cells,12.475078851678486
1672,arc_pair_160981,NK cells,12.284195704341272
1673,arc_pair_161029,T cells,24.917861535610182
1674,arc_pair_161204,CD4+ T cells,25.237088871697495
1675,arc_pair_161282,Monocytes,25.665635957041495
1676,arc_pair_161329,T cells,11.397043164246362
1677,arc_pair_161346,T cells,5.322435521278678
1678,arc_pair_161365,Monocytes,38.9959502237747
1679,arc_pair_161493,NK cells,13.516399145256672
1680,arc_pair_161542,Monocytes,55.00599015743647
1681,arc_pair_161673,Monocytes,14.043898431081027
1682,arc_pair_161899,NK cells,12.431701583706523
1683,arc_pair_162094,Monocytes,32.378376492749915
1684,arc_pair_162268,B cells,17.576308524581023
1685,arc_pair_162384,NK cells,8.808042811049027
1686,arc_pair_162465,Monocytes,17.78619014406311
1687,arc_pair_162539,CD4+ T cells,9.69523117889131
1688,arc_pair_162615,NK cells,10.621408946624342
1689,arc_pair_162671,B cells,17.845615519197125
1690,arc_pair_162790,NK cells,5.946605256463468
1691,arc_pair_162819,T cells,7.955407164956458
1692,arc_pair_162825,Monocytes,364.2566746681037
1693,arc_pair_162890,Monocytes,106.40454934245696
1694,arc_pair_162913,NK cells,21.928209270535604
1695,arc_pair_163046,CD8+ T cells,9.62228693747511
1696,arc_pair_163198,Dendritic cells,20.406157173380585
1697,arc_pair_163290,NK cells,6.525200889984002
1698,arc_pair_163452,NK cells,16.313291570202914
1699,arc_pair_163485,T cells,76.66313600123252
1700,arc_pair_163508,T cells,16.10009010168619
1701,arc_pair_163514,NK cells,10.003618515333908
1702,arc_pair_163563,NK cells,10.233566257248857
1703,arc_pair_163612,CD4+ T cells,8.244740032215747
1704,arc_pair_163784,Monocytes,41.737796409322
1705,arc_pair_163815,CD4+ T cells,12.709202596198423
1706,arc_pair_163862,Monocytes,18.885868278737775
1707,arc_pair_163957,CD4+ T cells,11.90616084771091
1708,arc_pair_163989,T cells,16.693254680687353
1709,arc_pair_164153,CD4+ T cells,14.098367163310131
1710,arc_pair_164292,CD4+ T cells,18.73148048661103
1711,arc_pair_164574,Monocytes,33.1225090276849
1712,arc_pair_164712,CD4+ T cells,15.32593746438205
1713,arc_pair_164744,Monocytes,29.92572407543047
1714,arc_pair_164820,CD4+ T cells,13.704914069711222
1715,arc_pair_165041,T cells,27.37260777451336
1716,arc_pair_165076,CD4+ T cells,9.307507563706686
1717,arc_pair_165263,NK cells,12.553002461911728
1718,arc_pair_165383,CD4+ T cells,24.08793480250197
1719,arc_pair_165426,NK cells,67.95891787099049
1720,arc_pair_165530,CD4+ T cells,9.756763759964638
1721,arc_pair_165653,CD4+ T cells,8.225267449299944
1722,arc_pair_165684,B cells,19.939354157644004
1723,arc_pair_165764,Monocytes,28.24906620747288
1724,arc_pair_165789,Dendritic cells,95.71468310376945
1725,arc_pair_166004,CD8+ T cells,9.75724892880202
1726,arc_pair_166057,NK cells,33.08428841589562
1727,arc_pair_166096,T cells,11.654585926162778
1728,arc_pair_166131,CD4+ T cells,11.346053086846918
1729,arc_pair_166181,CD4+ T cells,14.397568919781069
1730,arc_pair_166191,Monocytes,47.96636238735067
1731,arc_pair_166218,Monocytes,17.130298984912216
1732,arc_pair_166246,NK cells,9.058368188958497
1733,arc_pair_166312,Monocytes,15.382272574743135
1734,arc_pair_166433,NK cells,13.441525148025246
1735,arc_pair_166457,NK cells,17.320980871997204
1736,arc_pair_166500,Monocytes,38.3204133144029
1737,arc_pair_166555,B cells,18.005675227837614
1738,arc_pair_166563,NK cells,10.910699065940756
1739,arc_pair_166773,Dendritic cells,32.54844328624331
1740,arc_pair_166938,Monocytes,27.223216483911894
1741,arc_pair_166991,Monocytes,22.21603111633737
1742,arc_pair_167032,CD4+ T cells,7.491325909020711
1743,arc_pair_167067,T cells,12.639395994158146
1744,arc_pair_167128,NK cells,50.68458047154276
1745,arc_pair_167146,Monocytes,45.26404519571358
1746,arc_pair_167249,B cells,20.496585726611613
1747,arc_pair_167250,NK cells,20.95395209273697
1748,arc_pair_167376,Monocytes,20.206933761274968
1749,arc_pair_167620,Monocytes,29.972253145162252
1750,arc_pair_167650,T cells,12.122056295036996
1751,arc_pair_167657,Monocytes,23.91561714811867
1752,arc_pair_167670,Monocytes,26.500260972716493
1753,arc_pair_167899,T cells,35.5779130702836
1754,arc_pair_168077,T cells,24.80709351848538
1755,arc_pair_168210,NK cells,8.597337961302907
1756,arc_pair_168429,Dendritic cells,18.844087187098708
1757,arc_pair_168456,CD8+ T cells,7.591502659574467
1758,arc_pair_168526,T cells,13.379260532475133
1759,arc_pair_168849,NK cells,10.550626518522565
1760,arc_pair_168984,NK cells,23.964912280701753
1761,arc_pair_169005,CD4+ T cells,11.58119685596258
1762,arc_pair_169047,B cells,15.719306178555923
1763,arc_pair_169059,NK cells,11.067690533451472
1764,arc_pair_169138,CD4+ T cells,10.939385675682376
1765,arc_pair_169176,T cells,10.49056603773585
1766,arc_pair_169201,B cells,21.283949645062947
1767,arc_pair_169237,CD4+ T cells,8.960823432238389
1768,arc_pair_169291,Monocytes,43.10529948723729
1769,arc_pair_169385,Monocytes,32.63808681197887
1770,arc_pair_169398,CD8+ T cells,5.505513689159292
1771,arc_pair_169443,CD4+ T cells,14.120237573899717
1772,arc_pair_169538,Monocytes,52.19924155402748
1773,arc_pair_169591,NK cells,12.389983456158822
1774,arc_pair_169598,CD4+ T cells,10.151987144811788
1775,arc_pair_169771,NK cells,24.211458179524012
1776,arc_pair_169858,Monocytes,145.83504285165017
1777,arc_pair_170265,NK cells,24.129358488733487
1778,arc_pair_170293,CD4+ T cells,6.983771055968122
1779,arc_pair_170360,Monocytes,18.544388428760055
1780,arc_pair_170410,Monocytes,13.521040885842115
1781,arc_pair_170492,CD4+ T cells,18.914563390379588
1782,arc_pair_170562,CD8+ T cells,13.159631151217235
1783,arc_pair_170577,NK cells,23.152859452661836
1784,arc_pair_170634,B cells,11.876304752080138
1785,arc_pair_171081,CD8+ T cells,25.03030599808479
1786,arc_pair_171119,CD8+ T cells,15.816372077644758
1787,arc_pair_171126,NK cells,11.34036379078491
1788,arc_pair_171273,T cells,240.8505030158058
1789,arc_pair_171355,Monocytes,97.57982371352298
1790,arc_pair_171407,CD4+ T cells,152.0040851935966
1791,arc_pair_171524,CD8+ T cells,15.186382870324506
1792,arc_pair_171529,Monocytes,17.501779996865412
1793,arc_pair_171540,CD4+ T cells,10.466215024688456
1794,arc_pair_171821,NK cells,39.81591034356054
1795,arc_pair_171839,T cells,14.520790036332103
1796,arc_pair_172253,CD4+ T cells,10.059283805451631
1797,arc_pair_172266,T cells,7.433214272426238
1798,arc_pair_172277,T cells,15.281311866010268
1799,arc_pair_172464,NK cells,10.49650207504023
1800,arc_pair_172466,Monocytes,15.3445862982085
1801,arc_pair_172545,CD4+ T cells,8.52441543960909
1802,arc_pair_172561,Monocytes,17.925487941748102
1803,arc_pair_172565,Monocytes,25.935544858909303
1804,arc_pair_172643,CD8+ T cells,17.96640478661043
1805,arc_pair_172674,B cells,21.2132811109133
1806,arc_pair_172803,NK cells,8.863497581620315
1807,arc_pair_172868,NK cells,9.035203788923743
1808,arc_pair_172924,Monocytes,63.67941879111169
1809,arc_pair_173071,CD4+ T cells,13.519426485600272
1810,arc_pair_173542,CD4+ T cells,11.856835139168236
1811,arc_pair_173619,NK cells,11.019174841031202
1812,arc_pair_173629,Dendritic cells,16.994293478260868
1813,arc_pair_173669,NK cells,14.136085453158229
1814,arc_pair_173867,Monocytes,9.179744499235806
1815,arc_pair_173901,CD4+ T cells,14.287782632267117
1816,arc_pair_173927,CD8+ T cells,14.025261233920752
1817,arc_pair_173929,T cells,10.439517037832037
1818,arc_pair_174138,Monocytes,10.46364525595044
1819,arc_pair_174345,B cells,18.587849897455797
1820,arc_pair_174373,Monocytes,84.20756146270918
1821,arc_pair_174483,T cells,12.782926964270889
1822,arc_pair_174501,NK cells,8.125031208388815
1823,arc_pair_174550,CD8+ T cells,16.79013339869052
1824,arc_pair_174668,Monocytes,43.29673048315115
1825,arc_pair_174697,CD4+ T cells,9.465457364841946
1826,arc_pair_174809,CD8+ T cells,9.169920411149576
1827,arc_pair_175018,T cells,14.34226263285221
1828,arc_pair_175148,NK cells,8.539151442944135
1829,arc_pair_175161,Monocytes,24.359885912193135
1830,arc_pair_175613,Monocytes,16.5800773495287
1831,arc_pair_175671,NK cells,7.120345385860767
1832,arc_pair_175683,Monocytes,42.49100636869585
1833,arc_pair_175775,NK cells,13.08136966798693
1834,arc_pair_175822,T cells,28.731172168412733
1835,arc_pair_175946,T cells,15.453475916735105
1836,arc_pair_175983,T cells,9.716728298339078
1837,arc_pair_176070,Monocytes,31.2789829133257
1838,arc_pair_176092,T cells,18.269370695237537
1839,arc_pair_176169,NK cells,14.903957628873094
1840,arc_pair_176202,Monocytes,28.676988178398705
1841,arc_pair_176422,T cells,10.82603889023504
1842,arc_pair_176581,T cells,29.243708446195512
1843,arc_pair_176683,T cells,14.379132528858989
1844,arc_pair_176753,Monocytes,111.91275707609311
1845,arc_pair_176857,CD4+ T cells,8.818464076068501
1846,arc_pair_176927,Monocytes,16.433852190634582
1847,arc_pair_176995,T cells,14.524822967980295
1848,arc_pair_177006,Monocytes,18.78965325477583
1849,arc_pair_177029,T cells,11.913781348467818
1850,arc_pair_177188,CD4+ T cells,8.594391561615641
1851,arc_pair_177240,CD8+ T cells,22.003929974991067
1852,arc_pair_177397,Monocytes,15.588344718223954
1853,arc_pair_177399,Monocytes,33.22379053837097
1854,arc_pair_177412,CD4+ T cells,6.964668459120688
1855,arc_pair_177707,Monocytes,59.80682474764068
1856,arc_pair_177945,CD4+ T cells,18.151470787249487
1857,arc_pair_178009,CD4+ T cells,22.61460255562132
1858,arc_pair_178015,T cells,8.57044837378993
1859,arc_pair_178035,CD4+ T cells,369.36586856485474
1860,arc_pair_178064,CD4+ T cells,14.29859579275838
1861,arc_pair_178102,CD8+ T cells,120.76214447839924
1862,arc_pair_178319,B cells,39.190387001336134
1863,arc_pair_178321,CD4+ T cells,10.024625114468863
1864,arc_pair_178404,CD4+ T cells,17.052515683598454
1865,arc_pair_178412,CD4+ T cells,11.886373748609566
1866,arc_pair_178454,Monocytes,24.89732712056935
1867,arc_pair_178677,CD8+ T cells,12.882155322291796
1868,arc_pair_178788,T cells,21.24257307710648
1869,arc_pair_178837,CD4+ T cells,12.302868318122558
1870,arc_pair_178899,CD4+ T cells,41.30900808360502
1871,arc_pair_178904,NK cells,10.718923346115186
1872,arc_pair_178968,NK cells,16.495874436172947
1873,arc_pair_179034,CD4+ T cells,15.47393834344435
1874,arc_pair_179037,CD4+ T cells,19.15874742933665
1875,arc_pair_179073,NK cells,28.168219237435004
1876,arc_pair_179133,T cells,12.680680889259325
1877,arc_pair_179196,T cells,14.773333799077824
1878,arc_pair_179209,Monocytes,21.211826524570753
1879,arc_pair_179275,CD8+ T cells,14.5698035389596
1880,arc_pair_179313,T cells,12.897385485230004
1881,arc_pair_179427,CD4+ T cells,20.498356750240387
1882,arc_pair_179464,NK cells,9.379549863656717
1883,arc_pair_179627,Monocytes,21.68746249113427
1884,arc_pair_179640,T cells,86.49891795557252
1885,arc_pair_179696,NK cells,14.90087029433875
1886,arc_pair_179756,CD4+ T cells,7.937546997256376
1887,arc_pair_179978,NK cells,7.906478673943803
1888,arc_pair_179992,T cells,36.39479872383155
1889,arc_pair_180037,CD4+ T cells,7.695877094495687
1890,arc_pair_180121,T cells,15.10643487635604
1891,arc_pair_180395,T cells,10.860955316750154
1892,arc_pair_180443,CD4+ T cells,32.27658627281536
1893,arc_pair_180737,T cells,26.39897103474866
1894,arc_pair_180939,NK cells,26.691192881262587
1895,arc_pair_181027,Monocytes,15.03389162561576
1896,arc_pair_181110,Monocytes,50.442199228487475
1897,arc_pair_181144,NK cells,16.133947258267057
1898,arc_pair_181153,CD4+ T cells,7.028502337103172
1899,arc_pair_181263,CD4+ T cells,10.822832388354463
1900,arc_pair_181357,CD4+ T cells,20.419171354473356
1901,arc_pair_181369,CD4+ T cells,16.197199639841845
1902,arc_pair_181390,CD4+ T cells,14.316861550837476
1903,arc_pair_181397,CD4+ T cells,10.567644904702696
1904,arc_pair_181734,T cells,11.353912986243666
1905,arc_pair_181820,CD4+ T cells,9.078792549775208
1906,arc_pair_182144,T cells,7.827370415230286
1907,arc_pair_182640,T cells,9.957217214675635
1908,arc_pair_182818,T cells,16.829489459323714
1909,arc_pair_183004,NK cells,7.057249575551783
1910,arc_pair_183075,CD4+ T cells,11.93791067709913
1911,arc_pair_183123,Dendritic cells,62.029325398379086
1912,arc_pair_183219,CD4+ T cells,14.456035461887932
1913,arc_pair_183220,CD4+ T cells,12.936448515810802
1914,arc_pair_183604,NK cells,15.554685294947785
1915,arc_pair_183696,Monocytes,26.913454666122114
1916,arc_pair_183722,Dendritic cells,28.43926977888192
1917,arc_pair_183866,Monocytes,36.295878448297614
1918,arc_pair_183892,T cells,14.8679672555418
1919,arc_pair_183959,CD4+ T cells,8.302105458793541
1920,arc_pair_184055,T cells,13.283880994671405
1921,arc_pair_184129,B cells,29.672357165157663
1922,arc_pair_184168,CD4+ T cells,22.280966348707757
1923,arc_pair_184225,NK cells,18.55824034924366
1924,arc_pair_184270,Monocytes,37.21433558296486
1925,arc_pair_184404,NK cells,28.616605157092216
1926,arc_pair_184578,Monocytes,22.862023205961417
1927,arc_pair_184636,T cells,14.31709697206268
1928,arc_pair_184886,NK cells,27.87120323523748
1929,arc_pair_185062,NK cells,27.083584887455373
1930,arc_pair_185445,CD4+ T cells,6.581787521079258
1931,arc_pair_185608,Monocytes,28.205156289493637
1932,arc_pair_185634,Monocytes,19.910037465749596
1933,arc_pair_185658,NK cells,19.431858109998323
1934,arc_pair_185692,B cells,23.790073808485552
1935,arc_pair_185711,T cells,21.997944291501867
1936,arc_pair_185725,Dendritic cells,22.84444551886412
1937,arc_pair_185728,T cells,18.251444611630227
1938,arc_pair_185806,T cells,15.23529106029106
1939,arc_pair_185863,T cells,12.115933105915634
1940,arc_pair_186105,B cells,24.969848903441452
1941,arc_pair_186201,NK cells,13.289061584068868
1942,arc_pair_186436,Monocytes,42.2273769139085
1943,arc_pair_186441,Monocytes,48.48343860931301
1944,arc_pair_186569,Dendritic cells,10.58224492182931
1945,arc_pair_186637,T cells,15.62847011529126
1946,arc_pair_186672,CD4+ T cells,10.690438034188034
1947,arc_pair_187019,Monocytes,41.239978629711175
1948,arc_pair_187022,T cells,11.928211525291069
1949,arc_pair_187034,NK cells,9.084016038769976
1950,arc_pair_187054,T cells,7.014714801444043
1951,arc_pair_187210,T cells,10.978728402150647
1952,arc_pair_187246,CD4+ T cells,20.19727147818373
1953,arc_pair_187272,NK cells,17.778108651911467
1954,arc_pair_187335,Monocytes,38.6761615718395
1955,arc_pair_187534,Monocytes,25.11786468091161
1956,arc_pair_187561,CD4+ T cells,7.905918088598047
1957,arc_pair_187697,NK cells,13.409852657345947
1958,arc_pair_187705,T cells,17.705275546939905
1959,arc_pair_187722,CD4+ T cells,8.540663533108084
1960,arc_pair_187810,Dendritic cells,23.199544975306587
1961,arc_pair_187843,Monocytes,15.787488675916656
1962,arc_pair_188012,Monocytes,17.460692324652733
1963,arc_pair_188018,CD4+ T cells,24.75707578322946
1964,arc_pair_188225,T cells,16.44369273591835
1965,arc_pair_188351,Monocytes,44.94540659488334
1966,arc_pair_188507,T cells,12.329061931757408
1967,arc_pair_188697,Monocytes,22.996570300185347
1968,arc_pair_188720,CD4+ T cells,8.465650811402742
1969,arc_pair_188898,CD8+ T cells,11.568588742998806
1970,arc_pair_188940,NK cells,19.018357170255904
1971,arc_pair_189030,NK cells,11.48170323607619
1972,arc_pair_189072,CD4+ T cells,9.597210209602329
1973,arc_pair_189316,T cells,10.96306510127311
1974,arc_pair_189341,CD8+ T cells,10.320535896216803
1975,arc_pair_189406,NK cells,13.819251747511116
1976,arc_pair_189466,Dendritic cells,54.92391657972381
1977,arc_pair_189626,CD8+ T cells,9.891410889018983
1978,arc_pair_189627,NK cells,8.42083128646913
1979,arc_pair_189753,T cells,22.38161150958433
1980,arc_pair_189914,T cells,8.941370698758025
1981,arc_pair_190015,NK cells,12.285538136339616
1982,arc_pair_190019,CD8+ T cells,6.689623020657503
1983,arc_pair_190105,Monocytes,48.924882126018005
1984,arc_pair_190166,NK cells,15.12623427975177
1985,arc_pair_190227,NK cells,15.913135120390804
1986,arc_pair_190281,T cells,12.72056881143112
1987,arc_pair_190466,Monocytes,249.88578714117097
1988,arc_pair_190472,T cells,25.56362285010858
1989,arc_pair_190582,B cells,19.5268454288114
1990,arc_pair_190649,T cells,10.945065569735965
1991,arc_pair_190660,T cells,10.425669687268256
1992,arc_pair_190796,B cells,13.243920717657325
1993,arc_pair_190797,Monocytes,17.48632501327669
1994,arc_pair_190887,CD4+ T cells,39.3636173427874
1995,arc_pair_190924,T cells,12.032767620791176
1996,arc_pair_191065,NK cells,14.92428018671771
1997,arc_pair_191226,CD8+ T cells,11.61689156694673
1998,arc_pair_191267,Monocytes,70.6936866566424
1999,arc_pair_191341,Monocytes,19.94817820987379
2000,arc_pair_191411,CD4+ T cells,9.964619588666764
2001,arc_pair_191415,CD4+ T cells,20.952773719187448
2002,arc_pair_191532,CD4+ T cells,11.82316676801778
2003,arc_pair_191592,Monocytes,21.423161820151087
2004,arc_pair_191620,CD8+ T cells,10.119458603885988
2005,arc_pair_191624,Monocytes,29.82685400203819
2006,arc_pair_191679,Monocytes,21.96506665072629
2007,arc_pair_191692,T cells,9.83093845524346
2008,arc_pair_191791,CD8+ T cells,11.32886632914035
2009,arc_pair_191850,Dendritic cells,21.30824794451209
2010,arc_pair_191962,CD8+ T cells,22.323510654938815
2011,arc_pair_191982,NK cells,13.09578996220911
2012,arc_pair_192093,CD4+ T cells,9.071944716165472
2013,arc_pair_192119,B cells,6.697404930737911
2014,arc_pair_192282,Monocytes,24.163401263551215
2015,arc_pair_192697,CD4+ T cells,16.78138100426601
2016,arc_pair_192718,CD4+ T cells,14.860460508064836
2017,arc_pair_192740,NK cells,8.493563964411596
2018,arc_pair_192770,Monocytes,33.66951365466217
2019,arc_pair_193047,CD4+ T cells,10.992474538856465
2020,arc_pair_193318,CD4+ T cells,11.848949189948335
2021,arc_pair_193556,Dendritic cells,28.68906052061624
2022,arc_pair_193670,T cells,47.94235178918926
2023,arc_pair_193714,T cells,15.076504297994273
2024,arc_pair_193866,CD8+ T cells,10.378546239275751
2025,arc_pair_194310,T cells,10.773382987063895
2026,arc_pair_194498,CD4+ T cells,18.83546344271733
2027,arc_pair_194502,Monocytes,19.94546504910457
2028,arc_pair_194516,Monocytes,20.593656613104955
2029,arc_pair_194544,NK cells,179.87689766156825
2030,arc_pair_194782,CD8+ T cells,11.58353911856134
2031,arc_pair_195253,Monocytes,24.53156033786586
2032,arc_pair_195315,CD4+ T cells,12.165400617366796
2033,arc_pair_195342,Monocytes,37.54340124498486
2034,arc_pair_195378,NK cells,28.98995054065849
2035,arc_pair_195399,CD4+ T cells,14.50075897662352
2036,arc_pair_195434,Monocytes,28.599658047970063
2037,arc_pair_195478,T cells,9.103747234011678
2038,arc_pair_195575,NK cells,12.860321384425216
2039,arc_pair_195625,NK cells,21.26739305301645
2040,arc_pair_195674,T cells,17.69365432354158
2041,arc_pair_195901,NK cells,66.13102281373139
2042,arc_pair_195985,CD4+ T cells,19.81252088332675
2043,arc_pair_196125,CD4+ T cells,15.6339993993039
2044,arc_pair_196208,CD4+ T cells,9.207836742927263
2045,arc_pair_196265,Dendritic cells,24.460320353896265
2046,arc_pair_196337,T cells,9.930043520988344
2047,arc_pair_196369,NK cells,17.451565925221896
2048,arc_pair_196461,T cells,11.19419944378228
2049,arc_pair_196532,T cells,9.279932465026532
2050,arc_pair_196644,CD4+ T cells,9.805556511070597
2051,arc_pair_196730,CD4+ T cells,11.892809495330544
2052,arc_pair_196780,T cells,7.159254046446164
2053,arc_pair_196809,B cells,13.518496291139543
2054,arc_pair_196872,Monocytes,304.08792051183764
2055,arc_pair_196944,CD8+ T cells,16.655255942267903
2056,arc_pair_197122,B cells,14.95721357850071
2057,arc_pair_197140,Monocytes,62.51322542439795
2058,arc_pair_197152,T cells,7.515760115692235
2059,arc_pair_197195,NK cells,13.211825941474446
2060,arc_pair_197381,Monocytes,39.14785793523622
2061,arc_pair_197396,CD4+ T cells,20.184119130890434
2062,arc_pair_197397,Dendritic cells,38.69980119284294
2063,arc_pair_197569,NK cells,49.15955241124986
2064,arc_pair_197581,NK cells,7.779062430406057
2065,arc_pair_197636,T cells,12.039866211215488
2066,arc_pair_197782,B cells,14.295964679713304
2067,arc_pair_197893,CD4+ T cells,11.668962495117793
2068,arc_pair_197947,NK cells,13.566937730065646
2069,arc_pair_198029,B cells,29.174929788164896
2070,arc_pair_198046,T cells,8.872709114482953
2071,arc_pair_198078,CD4+ T cells,12.37161232995536
2072,arc_pair_198339,CD4+ T cells,16.297956578930233
2073,arc_pair_198453,Dendritic cells,39.251844256458455
2074,arc_pair_198665,CD4+ T cells,15.379687858033964
2075,arc_pair_198858,CD4+ T cells,16.886996278278808
2076,arc_pair_198877,CD8+ T cells,11.746222987186844
2077,arc_pair_198915,Monocytes,14.271133522138562
2078,arc_pair_198966,CD8+ T cells,12.491301420826984
2079,arc_pair_199013,CD4+ T cells,9.29431299294313
2080,arc_pair_199129,CD4+ T cells,12.424884446634287
2081,arc_pair_199130,T cells,33.323080489076894
2082,arc_pair_199320,Monocytes,12.993564633463906
2083,arc_pair_199379,NK cells,11.9768989153476
2084,arc_pair_199383,Monocytes,22.711693786110125
2085,arc_pair_199486,Monocytes,84.64117189905716
2086,arc_pair_199497,T cells,10.710756143667297
2087,arc_pair_199605,Monocytes,33.766197692595895
2088,arc_pair_199720,Monocytes,11.944383027705914
2089,arc_pair_199756,NK cells,10.558396566001385
2090,arc_pair_199766,B cells,29.517992424242426
2091,arc_pair_199787,T cells,15.814722135335208
2092,arc_pair_200430,Monocytes,66.0255877698655
2093,arc_pair_200450,Monocytes,27.71201149081334
2094,arc_pair_200464,CD8+ T cells,16.21498833386361
2095,arc_pair_200478,T cells,9.49762476647985
2096,arc_pair_200593,CD4+ T cells,9.899195021478691
2097,arc_pair_200618,CD4+ T cells,8.74515115034778
2098,arc_pair_200660,Monocytes,36.13527501648481
2099,arc_pair_200735,T cells,7.517508074111848
2100,arc_pair_200764,T cells,50.42183547237785
2101,arc_pair_200785,Monocytes,9.956096500760705
2102,arc_pair_200824,CD8+ T cells,9.993942037413976
2103,arc_pair_201061,Monocytes,19.433729558389167
2104,arc_pair_201135,T cells,15.73799972119391
2105,arc_pair_201145,CD4+ T cells,26.488658481808656
2106,arc_pair_201183,CD4+ T cells,26.37062740974413
2107,arc_pair_201353,Monocytes,13.055875237804448
2108,arc_pair_201424,CD8+ T cells,17.25169392668338
2109,arc_pair_201494,CD4+ T cells,16.921989437133433
2110,arc_pair_201543,CD8+ T cells,3.547703225475879
2111,arc_pair_201643,NK cells,10.613716006448946
2112,arc_pair_201659,CD4+ T cells,6.172691394518782
2113,arc_pair_201683,T cells,10.474200267232572
2114,arc_pair_201740,CD4+ T cells,24.752438006608052
2115,arc_pair_201765,T cells,10.47990034678318
2116,arc_pair_201803,T cells,11.94453225181165
2117,arc_pair_201842,T cells,6.740856139236738
2118,arc_pair_201895,CD4+ T cells,71.16635221082743
2119,arc_pair_201929,CD8+ T cells,16.59516378461971
2120,arc_pair_202018,Dendritic cells,34.74210947930575
2121,arc_pair_202303,T cells,19.981797287979777
2122,arc_pair_202352,T cells,18.916515793625912
2123,arc_pair_202503,NK cells,14.715934517234544
2124,arc_pair_202536,T cells,9.561241826700304
2125,arc_pair_202572,CD4+ T cells,9.026963327763609
2126,arc_pair_202573,CD8+ T cells,10.097839058216415
2127,arc_pair_202604,CD4+ T cells,21.03268555165207
2128,arc_pair_202685,Monocytes,33.99738500838913
2129,arc_pair_202760,NK cells,25.34301766579786
2130,arc_pair_203062,T cells,9.343225806451612
2131,arc_pair_203312,CD8+ T cells,17.90356340986456
2132,arc_pair_203499,NK cells,14.047439934329017
2133,arc_pair_203626,Monocytes,10.832803922245624
2134,arc_pair_203717,Monocytes,27.507664533070745
2135,arc_pair_203730,NK cells,10.714583684476654
2136,arc_pair_203750,CD4+ T cells,28.800840257896336
2137,arc_pair_203765,CD4+ T cells,7.771200094775501
2138,arc_pair_203894,T cells,19.5986270684298
2139,arc_pair_203974,CD8+ T cells,21.89052623931417
2140,arc_pair_204060,T cells,25.296286601950584
2141,arc_pair_204201,NK cells,20.218433075203315
2142,arc_pair_204240,T cells,11.724078887396988
2143,arc_pair_204331,T cells,21.091504915553315
2144,arc_pair_204356,NK cells,14.301515766287968
2145,arc_pair_204491,CD4+ T cells,28.18622318441252
2146,arc_pair_204516,CD4+ T cells,33.137149866467915
2147,arc_pair_204602,CD4+ T cells,18.402046955418207
2148,arc_pair_204642,Monocytes,30.740920716112537
2149,arc_pair_204842,T cells,11.70588567449039
2150,arc_pair_204869,CD4+ T cells,21.177931088244463
2151,arc_pair_205057,Monocytes,57.7743292532838
2152,arc_pair_205086,NK cells,10.61347506594649
2153,arc_pair_205213,CD8+ T cells,11.08081094894656
2154,arc_pair_206205,CD4+ T cells,28.01501239060948
2155,arc_pair_206257,CD4+ T cells,11.116360400884814
2156,arc_pair_206295,Monocytes,30.464712486521936
2157,arc_pair_206454,Monocytes,23.136123060291432
2158,arc_pair_206589,Dendritic cells,20.752729805584575
2159,arc_pair_206634,T cells,36.3550152735036
2160,arc_pair_206742,CD8+ T cells,6.388218477279566
2161,arc_pair_206893,CD8+ T cells,9.913751923995545
2162,arc_pair_206940,Monocytes,26.24869536175009
2163,arc_pair_207010,B cells,25.795994042734264
2164,arc_pair_207203,CD4+ T cells,16.820061210849097
2165,arc_pair_207250,Monocytes,30.29946760254023
2166,arc_pair_207386,NK cells,6.917570709027509
2167,arc_pair_207390,T cells,10.173077630272497
2168,arc_pair_207396,T cells,10.300277988375033
2169,arc_pair_207604,T cells,13.466430385296963
2170,arc_pair_207617,Monocytes,113.52526132404182
2171,arc_pair_207626,T cells,11.040570003562522
2172,arc_pair_207629,NK cells,16.742293185105357
2173,arc_pair_207654,Monocytes,27.807063584911624
2174,arc_pair_207797,Monocytes,15.592892019530936
2175,arc_pair_207845,CD4+ T cells,11.285217882618827
2176,arc_pair_207889,B cells,21.37345685927453
2177,arc_pair_207922,B cells,8.977825538862138
2178,arc_pair_207925,T cells,14.437709172870704
2179,arc_pair_208012,T cells,7.030975446952067
2180,arc_pair_208075,Monocytes,37.9145511605506
2181,arc_pair_208146,T cells,7.615801499329645
2182,arc_pair_208250,B cells,10.25346632188154
2183,arc_pair_208387,Monocytes,29.71453931668704
2184,arc_pair_208583,T cells,9.818076161766577
2185,arc_pair_208645,CD4+ T cells,9.652908121886224
2186,arc_pair_208654,T cells,15.853817768946922
2187,arc_pair_208665,T cells,9.170048080425438
2188,arc_pair_208737,Monocytes,11.18445510944633
2189,arc_pair_208865,CD4+ T cells,15.796107916850954
2190,arc_pair_208946,Monocytes,12.336563744271654
2191,arc_pair_208994,T cells,17.09744522309944
2192,arc_pair_209012,Monocytes,11.44514416696827
2193,arc_pair_209062,NK cells,35.98506250708162
2194,arc_pair_209166,NK cells,10.402556150267625
2195,arc_pair_209193,Monocytes,21.06881060576637
2196,arc_pair_209258,NK cells,8.624441064638782
2197,arc_pair_209412,T cells,26.342693446633184
2198,arc_pair_209446,NK cells,18.84186902133922
2199,arc_pair_209521,T cells,24.086856086856084
2200,arc_pair_209536,CD4+ T cells,9.841379310344829
2201,arc_pair_209820,CD4+ T cells,22.938458727036235
2202,arc_pair_209961,Monocytes,23.532048259603386
2203,arc_pair_209976,T cells,10.84476728544525
2204,arc_pair_210034,CD4+ T cells,10.548410154993508
2205,arc_pair_210082,NK cells,29.20982229324036
2206,arc_pair_210174,NK cells,13.969716767226467
2207,arc_pair_210180,T cells,6.61765334741979
2208,arc_pair_210506,NK cells,7.162810327706058
2209,arc_pair_210530,B cells,10.26753095158266
2210,arc_pair_210598,T cells,14.981044694340802
2211,arc_pair_210621,Monocytes,42.059444332668775
2212,arc_pair_210626,T cells,13.552806590574852
2213,arc_pair_210628,CD4+ T cells,15.67995877873262
2214,arc_pair_210641,B cells,9.058874495171818
2215,arc_pair_210745,T cells,338.2641633646764
2216,arc_pair_210788,T cells,8.507322836249568
2217,arc_pair_210872,CD4+ T cells,20.086500794070936
2218,arc_pair_210895,NK cells,13.005192614947628
2219,arc_pair_210909,T cells,61.873406866368995
2220,arc_pair_211142,Monocytes,42.81578225319651
2221,arc_pair_211168,NK cells,105.36789364464616
2222,arc_pair_211192,CD4+ T cells,19.195186908390824
2223,arc_pair_211332,CD4+ T cells,242.84972832798223
2224,arc_pair_211357,T cells,10.369298020997183
2225,arc_pair_211445,NK cells,9.899484087878966
2226,arc_pair_211544,T cells,18.485608117764755
2227,arc_pair_211612,NK cells,17.656016227599842
2228,arc_pair_211618,T cells,17.806642402183805
2229,arc_pair_211730,NK cells,19.27678659438147
2230,arc_pair_211785,B cells,23.412223335100848
2231,arc_pair_211891,NK cells,12.774877551020406
2232,arc_pair_212031,T cells,13.381869198461157
2233,arc_pair_212191,T cells,10.1415695359444
2234,arc_pair_212201,Monocytes,28.29905541476372
2235,arc_pair_212240,T cells,26.390932361690844
2236,arc_pair_212385,NK cells,13.041533776860582
2237,arc_pair_212623,Dendritic cells,92.16088749263696
2238,arc_pair_212638,T cells,11.530169998131887
2239,arc_pair_212649,T cells,13.071366145354189
2240,arc_pair_212837,CD4+ T cells,11.665340011044885
2241,arc_pair_212887,CD4+ T cells,22.824766526053985
2242,arc_pair_212929,T cells,14.313265645379914
2243,arc_pair_212964,CD4+ T cells,33.39992660271824
2244,arc_pair_212990,T cells,14.090234805459016
2245,arc_pair_213047,Monocytes,39.917776475601954
2246,arc_pair_213060,CD4+ T cells,8.110655665294441
2247,arc_pair_213140,CD4+ T cells,13.79873010154684
2248,arc_pair_213281,Monocytes,20.33369572841411
2249,arc_pair_213527,CD4+ T cells,12.297146458742084
2250,arc_pair_213547,T cells,8.849110542413083
2251,arc_pair_213809,CD4+ T cells,7.920468995128397
2252,arc_pair_213818,CD4+ T cells,9.93747453621968
2253,arc_pair_213849,CD8+ T cells,31.34149875707344
2254,arc_pair_213970,T cells,16.53885094961438
2255,arc_pair_214127,CD8+ T cells,11.434575313438108
2256,arc_pair_214192,Monocytes,16.105043576381156
2257,arc_pair_214197,NK cells,6.902023452177856
2258,arc_pair_214387,NK cells,18.92256694129763
2259,arc_pair_214794,CD4+ T cells,8.6938202247191
2260,arc_pair_214816,Monocytes,20.88769655349464
2261,arc_pair_214856,NK cells,18.6437498832365
2262,arc_pair_215073,T cells,12.53693066053237
2263,arc_pair_215245,Monocytes,37.59376253063043
2264,arc_pair_215252,CD4+ T cells,12.432938520257316
2265,arc_pair_215305,Monocytes,45.162909122096075
2266,arc_pair_215487,Monocytes,21.90639705380891
2267,arc_pair_215673,Dendritic cells,74.98601621863227
2268,arc_pair_215679,CD4+ T cells,15.59593931703252
2269,arc_pair_215780,NK cells,14.026061776061775
2270,arc_pair_215812,NK cells,10.804425027464807
2271,arc_pair_215934,NK cells,343.9547797043589
2272,arc_pair_215979,CD4+ T cells,12.502828840841984
2273,arc_pair_216044,NK cells,15.33725156247624
2274,arc_pair_216045,CD4+ T cells,7.654366041315346
2275,arc_pair_216063,B cells,14.857425656103986
2276,arc_pair_216098,T cells,15.82586405529954
2277,arc_pair_216141,Monocytes,38.53478954302753
2278,arc_pair_216313,Monocytes,12.56576328489244
2279,arc_pair_216336,Monocytes,15.03715938476256
2280,arc_pair_216478,CD4+ T cells,10.457963280604792
2281,arc_pair_216567,CD4+ T cells,7.281248748180691
2282,arc_pair_216579,NK cells,23.835281207133058
2283,arc_pair_216641,Monocytes,88.15546081217943
2284,arc_pair_216663,NK cells,20.968182668912597
2285,arc_pair_216833,T cells,140.37939819401592
2286,arc_pair_217403,CD4+ T cells,12.776797656739411
2287,arc_pair_217428,Monocytes,49.4938677543772
2288,arc_pair_217450,Dendritic cells,43.062054099647376
2289,arc_pair_217718,T cells,14.787490129453712
2290,arc_pair_217721,Monocytes,59.23116378557708
2291,arc_pair_217858,CD4+ T cells,18.57929541062239
2292,arc_pair_218136,Monocytes,72.04443289410838
2293,arc_pair_218197,T cells,18.85825946817083
2294,arc_pair_218228,Monocytes,28.588961591584468
2295,arc_pair_218284,CD4+ T cells,11.657719743682746
2296,arc_pair_218472,CD4+ T cells,9.34055072173884
2297,arc_pair_218505,NK cells,41.38494691593424
2298,arc_pair_218510,Monocytes,37.111539995214926
2299,arc_pair_218516,T cells,11.99611732846096
2300,arc_pair_218559,Dendritic cells,9.847179411000113
2301,arc_pair_218602,T cells,11.728327239008344
2302,arc_pair_218611,T cells,16.510616159639017
2303,arc_pair_218682,NK cells,13.51713343528962
2304,arc_pair_218818,T cells,8.241821721104257
2305,arc_pair_218892,Monocytes,31.036647119868967
2306,arc_pair_218894,Monocytes,14.310708898944192
2307,arc_pair_218988,Monocytes,15.3530531483244
2308,arc_pair_219016,B cells,12.401583692163788
2309,arc_pair_219021,CD4+ T cells,24.070889375199783
2310,arc_pair_219107,NK cells,12.38963468536069
2311,arc_pair_219196,NK cells,17.158602374629336
2312,arc_pair_219265,CD4+ T cells,12.692384056897318
2313,arc_pair_219292,Monocytes,41.451972866611435
2314,arc_pair_219687,CD4+ T cells,9.34550972912018
2315,arc_pair_219760,NK cells,14.744476187032149
2316,arc_pair_219917,T cells,16.42385212276973
2317,arc_pair_220021,B cells,19.28661327231121
2318,arc_pair_220081,B cells,21.2032519355339
2319,arc_pair_220195,T cells,5.452810180275716
2320,arc_pair_220233,T cells,9.1664795289607
2321,arc_pair_220272,CD8+ T cells,15.211342738822209
2322,arc_pair_220345,CD4+ T cells,14.2221840724845
2323,arc_pair_220347,CD4+ T cells,13.252159071951956
2324,arc_pair_220544,T cells,106.71562629375777
2325,arc_pair_220753,NK cells,11.12886108173034
2326,arc_pair_220852,T cells,14.660768325910135
2327,arc_pair_220908,CD4+ T cells,11.531650064108888
2328,arc_pair_221029,CD4+ T cells,14.942202062440202
2329,arc_pair_221107,CD8+ T cells,8.871949371601747
2330,arc_pair_221230,Monocytes,12.241118887569325
2331,arc_pair_221253,CD4+ T cells,13.315071598594477
2332,arc_pair_221309,CD4+ T cells,9.219274977895669
2333,arc_pair_221519,CD4+ T cells,9.568941816753636
2334,arc_pair_221583,NK cells,8.919674240314087
2335,arc_pair_221634,T cells,9.450899585980578
2336,arc_pair_221702,CD4+ T cells,6.863695459157788
2337,arc_pair_221769,NK cells,18.34476409666283
2338,arc_pair_221856,Dendritic cells,48.0650771346116
2339,arc_pair_221861,NK cells,9.054058745920422
2340,arc_pair_221968,B cells,58.57066169783279
2341,arc_pair_222081,CD8+ T cells,10.21668032843825
2342,arc_pair_222229,NK cells,13.157916392363395
2343,arc_pair_222429,T cells,9.182379376759346
2344,arc_pair_222444,T cells,19.18362695892656
2345,arc_pair_222514,B cells,19.779858657243818
2346,arc_pair_222540,CD4+ T cells,11.131003222275329
2347,arc_pair_222685,NK cells,102.94879885166428
2348,arc_pair_222847,CD4+ T cells,8.568814860358094
2349,arc_pair_223124,B cells,34.29833840092501
2350,arc_pair_223173,CD4+ T cells,25.048727777335444
2351,arc_pair_223240,CD4+ T cells,32.3544963939729
2352,arc_pair_223322,Monocytes,19.702328306726216
2353,arc_pair_223348,NK cells,11.063747924344902
2354,arc_pair_223368,NK cells,10.874792515467028
2355,arc_pair_223387,T cells,8.088914269051322
2356,arc_pair_223613,CD4+ T cells,14.32603127730738
2357,arc_pair_223652,T cells,25.60813208949855
2358,arc_pair_223834,T cells,8.821379534163816
2359,arc_pair_223891,Monocytes,32.52491432384072
2360,arc_pair_223907,T cells,11.147858395039115
2361,arc_pair_224169,NK cells,11.354601814096696
2362,arc_pair_224185,T cells,11.577603501732629
2363,arc_pair_224210,Dendritic cells,26.812008554567527
2364,arc_pair_224318,Monocytes,54.84537244179302
2365,arc_pair_224477,Monocytes,21.298880017440116
2366,arc_pair_224492,NK cells,12.577329152209009
2367,arc_pair_224860,Dendritic cells,25.83649066499667
2368,arc_pair_225061,T cells,9.88478754157471
2369,arc_pair_225219,Monocytes,16.269217740254327
2370,arc_pair_225230,CD8+ T cells,22.40419442448453
2371,arc_pair_225579,T cells,14.063137005096042
2372,arc_pair_225610,NK cells,12.898583020055456
2373,arc_pair_225729,CD4+ T cells,51.101161771153
2374,arc_pair_225906,CD4+ T cells,25.8463380063604
2375,arc_pair_225963,NK cells,15.958189045341236
2376,arc_pair_226060,T cells,13.940053963164274
2377,arc_pair_226131,Monocytes,30.73126406793534
2378,arc_pair_226293,CD4+ T cells,10.450067154802651
2379,arc_pair_226326,B cells,17.612793358522698
2380,arc_pair_226422,CD4+ T cells,194.8478358828412
2381,arc_pair_226522,Monocytes,11.46124006835219
2382,arc_pair_226561,NK cells,12.2583712676491
2383,arc_pair_226773,CD4+ T cells,11.063675574004412
2384,arc_pair_226900,Monocytes,49.22000051700961
2385,arc_pair_227163,T cells,13.559443619895728
2386,arc_pair_227168,T cells,8.431458600165747
2387,arc_pair_227203,B cells,22.798134682263672
2388,arc_pair_227206,CD4+ T cells,8.020298151042125
2389,arc_pair_227284,B cells,13.811523983451975
2390,arc_pair_227497,B cells,11.498989758238697
2391,arc_pair_227650,T cells,12.425498125378608
2392,arc_pair_227877,CD4+ T cells,66.63922003391157
2393,arc_pair_227932,CD4+ T cells,15.61522603046291
2394,arc_pair_228205,Monocytes,22.895272736119896
2395,arc_pair_228212,T cells,17.273400454693082
2396,arc_pair_228328,Dendritic cells,26.942354215830324
2397,arc_pair_228341,T cells,19.12879074730646
2398,arc_pair_228385,NK cells,10.219664841273108
2399,arc_pair_228396,CD4+ T cells,23.322498995580556
2400,arc_pair_228418,NK cells,21.671688661258365
2401,arc_pair_228424,NK cells,15.219737488221476
2402,arc_pair_228454,T cells,16.75614607964569
2403,arc_pair_228500,NK cells,28.0813322706705
2404,arc_pair_228523,Monocytes,33.3319194845117
2405,arc_pair_228858,T cells,8.939635194737235
2406,arc_pair_228990,T cells,27.744070993475773
2407,arc_pair_229014,Dendritic cells,17.437519668144756
2408,arc_pair_229182,CD8+ T cells,28.05601498728757
2409,arc_pair_229194,CD4+ T cells,9.460881697094
2410,arc_pair_229216,NK cells,14.719064025265578
2411,arc_pair_229254,Monocytes,17.38836881928559
2412,arc_pair_229477,NK cells,8.384701298371642
2413,arc_pair_229684,CD8+ T cells,10.449732528948648
2414,arc_pair_229697,Monocytes,20.13422623931731
2415,arc_pair_229806,T cells,10.840384195060349
2416,arc_pair_229970,T cells,6.021049688448634
2417,arc_pair_230163,NK cells,11.323470774232051
2418,arc_pair_230189,T cells,16.096451607790932
2419,arc_pair_230354,CD4+ T cells,19.64739767423037
2420,arc_pair_230384,CD8+ T cells,9.228225951994224
2421,arc_pair_230411,CD4+ T cells,10.209631612561315
2422,arc_pair_230437,T cells,14.583766191071074
2423,arc_pair_230450,CD4+ T cells,10.91514070662248
2424,arc_pair_230451,T cells,19.50296615594725
2425,arc_pair_230596,CD4+ T cells,12.112792297111415
2426,arc_pair_230683,CD4+ T cells,11.101320879976194
2427,arc_pair_230730,T cells,16.42797263681592
2428,arc_pair_230744,Monocytes,16.34703695067925
2429,arc_pair_230757,NK cells,10.39222914340298
2430,arc_pair_230795,T cells,9.715912584703554
2431,arc_pair_230895,Monocytes,15.579324256177507
2432,arc_pair_230935,T cells,33.54073717119955
2433,arc_pair_231300,T cells,11.767264408126362
2434,arc_pair_231471,T cells,7.991551263052106
2435,arc_pair_231781,T cells,8.526665003175756
2436,arc_pair_231916,CD4+ T cells,13.076603188730491
2437,arc_pair_232063,CD4+ T cells,13.877234729091656
2438,arc_pair_232524,Monocytes,13.58890542174277
2439,arc_pair_233113,CD8+ T cells,15.471121576771178
2440,arc_pair_233510,T cells,63.252883000559805
2441,arc_pair_233659,NK cells,17.954211102913227
2442,arc_pair_233731,Monocytes,23.980146094774305
2443,arc_pair_233814,NK cells,19.8433328732822
2444,arc_pair_234393,CD4+ T cells,25.41220054334404
2445,arc_pair_234448,T cells,144.38809864139108
2446,arc_pair_234474,B cells,28.094686752154487
2447,arc_pair_234641,CD4+ T cells,112.8909283331908
2448,arc_pair_234719,T cells,17.407777777777778
2449,arc_pair_234727,CD4+ T cells,11.850316955225376
2450,arc_pair_234734,CD4+ T cells,12.966039751824283
2451,arc_pair_234787,CD4+ T cells,13.973029045643154
2452,arc_pair_234847,CD4+ T cells,13.021780097726932
2453,arc_pair_234967,Monocytes,33.61847627317099
2454,arc_pair_234995,Dendritic cells,39.58767429734412
2455,arc_pair_235139,CD8+ T cells,9.317563250702786
2456,arc_pair_235199,CD8+ T cells,14.00355983368457
2457,arc_pair_235376,CD4+ T cells,12.722191511577911
2458,arc_pair_235407,T cells,28.54149568279201
2459,arc_pair_235414,CD4+ T cells,14.354432944123172
2460,arc_pair_235418,CD4+ T cells,67.3986565272497
2461,arc_pair_235527,CD4+ T cells,13.392940612452808
2462,arc_pair_235533,CD4+ T cells,23.239418289494107
2463,arc_pair_235550,CD4+ T cells,85.64043702430641
2464,arc_pair_235688,CD4+ T cells,17.763352211628074
2465,arc_pair_235767,T cells,10.95880318073588
2466,arc_pair_235836,Monocytes,13.50512544467328
2467,arc_pair_235936,NK cells,16.069729462578163
2468,arc_pair_235970,CD4+ T cells,9.142836606193036
2469,arc_pair_236052,CD4+ T cells,7.807539248698999
2470,arc_pair_236090,CD4+ T cells,6.65245817089635
2471,arc_pair_236100,T cells,11.52202654727969
2472,arc_pair_236158,Monocytes,13.169522235290378
2473,arc_pair_236356,NK cells,15.893837213269496
2474,arc_pair_236688,T cells,26.257046437568327
2475,arc_pair_236743,CD4+ T cells,19.224566068024483
2476,arc_pair_236788,Monocytes,102.56119011494845
2477,arc_pair_236807,Monocytes,46.70825585023401
2478,arc_pair_236878,Monocytes,15.974988110807278
2479,arc_pair_236895,T cells,17.44120154200435
2480,arc_pair_236981,CD4+ T cells,21.009874581465297
2481,arc_pair_237575,Monocytes,110.4434014200816
2482,arc_pair_237648,T cells,23.860737400916296
2483,arc_pair_237747,CD4+ T cells,26.34657635972549
2484,arc_pair_237773,Monocytes,85.8762925880668
2485,arc_pair_237887,CD4+ T cells,26.277340494490232
2486,arc_pair_237911,T cells,23.057145285584767
2487,arc_pair_238059,Monocytes,36.22879717111442
2488,arc_pair_238152,CD4+ T cells,16.396227080394922
2489,arc_pair_238302,CD8+ T cells,8.712461578236766
2490,arc_pair_238368,Monocytes,41.48123978124824
2491,arc_pair_238376,CD4+ T cells,9.646252864596033
2492,arc_pair_238544,CD4+ T cells,14.015724447772373
2493,arc_pair_238604,Monocytes,21.48769806779434
2494,arc_pair_238656,NK cells,22.473285929437328
2495,arc_pair_238697,T cells,10.727486174170098
2496,arc_pair_238720,T cells,10.97957158962796
2497,arc_pair_238741,T cells,9.22492834217256
2498,arc_pair_238882,T cells,10.430862962090888
2499,arc_pair_238899,B cells,66.99850398314487
2500,arc_pair_238910,T cells,10.313535850230313
2501,arc_pair_238916,NK cells,11.579289272325784
2502,arc_pair_239415,T cells,7.463988347572773
2503,arc_pair_239555,Monocytes,13.392118592871416
2504,arc_pair_239594,T cells,12.988066761267651
2505,arc_pair_239632,Monocytes,15.096417113609093
2506,arc_pair_239653,T cells,7.432948877359973
2507,arc_pair_239771,CD8+ T cells,12.831487322428424
2508,arc_pair_239814,T cells,18.058191972803275
2509,arc_pair_239858,T cells,14.356797741362753
2510,arc_pair_240014,CD4+ T cells,8.733223927431425
2511,arc_pair_240054,CD4+ T cells,17.522503413302125
2512,arc_pair_240190,T cells,21.921420468146668
2513,arc_pair_240193,CD4+ T cells,64.61117443635169
2514,arc_pair_240203,CD4+ T cells,24.39312536106297
2515,arc_pair_240204,T cells,23.88678828624358
2516,arc_pair_240218,NK cells,6.515742906048843
2517,arc_pair_240296,CD8+ T cells,14.68042829197982
2518,arc_pair_240400,NK cells,20.150399518097903
2519,arc_pair_240536,CD8+ T cells,13.971080058673667
2520,arc_pair_240576,T cells,6.977502732818506
2521,arc_pair_240583,CD4+ T cells,23.870623207849945
2522,arc_pair_240643,NK cells,16.76780168276018
2523,arc_pair_240652,NK cells,19.057646536770346
2524,arc_pair_240734,T cells,12.287860554084697
2525,arc_pair_240824,CD8+ T cells,11.679530022775165
2526,arc_pair_241324,CD4+ T cells,11.673125090897338
2527,arc_pair_241334,Monocytes,30.544835073068896
2528,arc_pair_241447,Monocytes,11.520508570832517
2529,arc_pair_241487,T cells,12.214085668631125
2530,arc_pair_241652,CD4+ T cells,6.604407076150438
2531,arc_pair_241784,B cells,41.05844556877835
2532,arc_pair_242032,T cells,56.34730623767016
2533,arc_pair_242055,Monocytes,27.887435113418185
2534,arc_pair_242166,T cells,23.056970971321768
2535,arc_pair_242178,T cells,16.824535750840766
2536,arc_pair_242240,NK cells,15.230366557401569
2537,arc_pair_242245,T cells,10.663545357403969
2538,arc_pair_242311,Monocytes,48.82049704036075
2539,arc_pair_242461,CD4+ T cells,16.006352269529206
2540,arc_pair_242491,T cells,14.22112898306658
2541,arc_pair_242494,T cells,21.995410940513096
2542,arc_pair_242505,CD4+ T cells,14.987632202508236
2543,arc_pair_242596,Monocytes,63.16144216159081
2544,arc_pair_242632,CD4+ T cells,65.09832998625939
2545,arc_pair_242801,Monocytes,25.46140454092475
2546,arc_pair_242953,Monocytes,74.6331889049365
2547,arc_pair_243023,T cells,11.698689628415163
2548,arc_pair_243079,Monocytes,20.52930664760543
2549,arc_pair_243234,T cells,21.40155207704428
2550,arc_pair_243319,Monocytes,23.312953367875643
2551,arc_pair_243346,CD4+ T cells,7.050674591547723
2552,arc_pair_243379,CD4+ T cells,9.97036586265398
2553,arc_pair_243480,CD4+ T cells,9.48186129753915
2554,arc_pair_243499,T cells,11.751168476306896
2555,arc_pair_243666,Monocytes,17.57687584742511
2556,arc_pair_243832,NK cells,28.4518794686809
2557,arc_pair_243874,T cells,17.17468162218689
2558,arc_pair_243926,T cells,29.751326596530085
2559,arc_pair_243930,NK cells,13.724761051373957
2560,arc_pair_244077,CD4+ T cells,8.95284932450534
2561,arc_pair_244110,T cells,15.02613474103241
2562,arc_pair_244225,CD4+ T cells,9.781680859691807
2563,arc_pair_244403,CD4+ T cells,10.183362931869553
2564,arc_pair_244460,NK cells,18.372081046482545
2565,arc_pair_244492,Monocytes,28.215642854403928
2566,arc_pair_244528,T cells,12.617443868739205
2567,arc_pair_244560,T cells,13.328547209181012
2568,arc_pair_244581,Monocytes,9.926881476009168
2569,arc_pair_244681,CD8+ T cells,13.546178462454415
2570,arc_pair_244760,T cells,12.552517787046124
2571,arc_pair_244853,T cells,16.95668357561933
2572,arc_pair_244902,CD4+ T cells,14.17718748560107
2573,arc_pair_245141,NK cells,18.92054243928801
2574,arc_pair_245280,T cells,9.188708077531434
2575,arc_pair_245384,CD4+ T cells,8.74850119340713
2576,arc_pair_245708,T cells,68.34455771572917
2577,arc_pair_245804,B cells,11.190784865960332
2578,arc_pair_245815,CD4+ T cells,32.5711150053989
2579,arc_pair_245868,T cells,10.394881054598716
2580,arc_pair_245934,Monocytes,13.34980514642673
2581,arc_pair_246090,CD8+ T cells,7.083813823392301
2582,arc_pair_246132,CD4+ T cells,14.94337420593884
2583,arc_pair_246141,CD4+ T cells,34.794958963344385
2584,arc_pair_246163,NK cells,17.0625
2585,arc_pair_246527,Monocytes,23.512069312915575
2586,arc_pair_246622,Monocytes,72.09991756947716
2587,arc_pair_246773,Monocytes,21.16040980342468
2588,arc_pair_246782,T cells,11.59113897001211
2589,arc_pair_246807,B cells,7.447026976570521
2590,arc_pair_246858,Monocytes,41.03509989407941
2591,arc_pair_246945,Monocytes,16.076085080679956
2592,arc_pair_247141,Dendritic cells,38.38005422359258
2593,arc_pair_247271,T cells,12.26156319757731
2594,arc_pair_247343,T cells,19.28133367713271
2595,arc_pair_247461,Monocytes,14.282390862588466
2596,arc_pair_247558,CD4+ T cells,15.749555746632272
2597,arc_pair_247638,T cells,13.154906097399053
2598,arc_pair_247784,T cells,15.564131038312052
2599,arc_pair_247866,T cells,16.109512211855105
2600,arc_pair_248020,NK cells,11.81779288215709
2601,arc_pair_248050,NK cells,12.5002837773924
2602,arc_pair_248069,CD8+ T cells,15.348027137408446
2603,arc_pair_248139,NK cells,10.316857564752365
2604,arc_pair_248215,T cells,92.86051900696894
2605,arc_pair_248332,Monocytes,8.008117870722433
2606,arc_pair_248409,Monocytes,22.159069484126412
2607,arc_pair_248464,T cells,23.728470237355538
2608,arc_pair_248581,T cells,8.660235140681639
2609,arc_pair_248627,Dendritic cells,37.96007854206296
2610,arc_pair_248782,CD4+ T cells,9.846526141501624
2611,arc_pair_248867,T cells,11.43277347871966
2612,arc_pair_249058,B cells,18.405294825511433
2613,arc_pair_249156,CD4+ T cells,19.886262778595004
2614,arc_pair_249346,Monocytes,57.27908571148737
2615,arc_pair_249543,T cells,46.89377300644949
2616,arc_pair_249601,NK cells,11.789402851161398
2617,arc_pair_249616,Monocytes,14.008118189131867
2618,arc_pair_249749,Monocytes,26.338507866273353
2619,arc_pair_249778,T cells,6.154172308618167
2620,arc_pair_249971,CD4+ T cells,9.145376652748784
2621,arc_pair_250063,Monocytes,33.06693518572568
2622,arc_pair_250120,CD4+ T cells,25.064461420932012
2623,arc_pair_250142,T cells,24.36514893669119
2624,arc_pair_250172,T cells,8.521266395296248
2625,arc_pair_250426,T cells,15.742298453369294
2626,arc_pair_250447,Monocytes,16.08855428380931
2627,arc_pair_250510,CD4+ T cells,19.381714114324275
2628,arc_pair_250665,CD4+ T cells,15.248809919185211
2629,arc_pair_250703,CD8+ T cells,29.52272284279181
2630,arc_pair_250898,CD4+ T cells,23.404383006021977
2631,arc_pair_250999,T cells,13.870712860933054
2632,arc_pair_251014,CD4+ T cells,9.112245861891616
2633,arc_pair_251231,B cells,22.001968503937007
2634,arc_pair_251244,T cells,15.127104034103375
2635,arc_pair_251262,Dendritic cells,25.62265286704596
2636,arc_pair_251295,CD4+ T cells,9.951651308553917
2637,arc_pair_251358,Monocytes,12.944244966442952
2638,arc_pair_251384,NK cells,29.491250200967116
2639,arc_pair_251475,Monocytes,32.444844325410116
2640,arc_pair_251547,NK cells,12.77701972583003
2641,arc_pair_251857,T cells,10.737363075853724
2642,arc_pair_251894,Monocytes,7.81659697188176
2643,arc_pair_251980,Monocytes,14.55509580589666
2644,arc_pair_252286,T cells,25.04917797143114
2645,arc_pair_252545,Dendritic cells,19.249917950089344
2646,arc_pair_252765,B cells,19.0738165121972
2647,arc_pair_252998,NK cells,15.26211308516136
2648,arc_pair_253125,T cells,19.0072567006611
2649,arc_pair_253137,CD8+ T cells,14.541341596119445
2650,arc_pair_253143,Monocytes,32.81689356901091
2651,arc_pair_253171,Monocytes,26.74005289392703
2652,arc_pair_253274,CD4+ T cells,10.43800282999798
2653,arc_pair_253306,CD8+ T cells,12.840937398202616
2654,arc_pair_253324,T cells,11.581707884470848
2655,arc_pair_253349,NK cells,25.6883206634416
2656,arc_pair_253368,Monocytes,27.814054768521657
2657,arc_pair_253468,Monocytes,43.02760949917926
2658,arc_pair_253639,NK cells,34.21485109664849
2659,arc_pair_253744,T cells,64.18153571029396
2660,arc_pair_253877,T cells,47.75270496887276
2661,arc_pair_253960,NK cells,8.757633319262698
2662,arc_pair_254205,Monocytes,24.35735399576723
2663,arc_pair_254522,T cells,16.66097021947003
2664,arc_pair_254537,Monocytes,24.26417488746289
2665,arc_pair_254637,Monocytes,66.18355824841642
2666,arc_pair_254667,Monocytes,22.230360934182592
2667,arc_pair_254815,T cells,11.617211003224586
2668,arc_pair_254951,CD8+ T cells,63.13321775069174
2669,arc_pair_255056,T cells,15.14215480981081
2670,arc_pair_255091,T cells,11.15828319791602
2671,arc_pair_255137,Dendritic cells,24.729270446147304
2672,arc_pair_255153,CD4+ T cells,18.864859920551957
2673,arc_pair_255164,Monocytes,20.512547917807566
2674,arc_pair_255246,Dendritic cells,37.85020968145083
2675,arc_pair_255377,CD4+ T cells,19.59955678099312
2676,arc_pair_255622,NK cells,12.858491515192163
2677,arc_pair_255652,T cells,15.729675830500303
2678,arc_pair_255660,T cells,12.513935933417208
2679,arc_pair_255755,CD4+ T cells,21.232192565907976
2680,arc_pair_255967,T cells,10.828425294482331
2681,arc_pair_256238,T cells,9.240021130480718
2682,arc_pair_256246,CD8+ T cells,9.35771852771986
2683,arc_pair_256322,CD4+ T cells,15.67919625040605
2684,arc_pair_256364,Dendritic cells,29.64810316909554
2685,arc_pair_256371,CD4+ T cells,25.678177072876935
2686,arc_pair_256372,NK cells,14.4986907338873
2687,arc_pair_256470,CD4+ T cells,9.625798097387117
2688,arc_pair_256601,Monocytes,20.760257763116105
2689,arc_pair_256662,T cells,5.015953767221998
2690,arc_pair_256813,T cells,16.62059177291316
2691,arc_pair_256869,CD4+ T cells,14.101741932149071
2692,arc_pair_256884,T cells,34.75255545603035
2693,arc_pair_256996,Monocytes,18.129635952931288
2694,arc_pair_257072,CD4+ T cells,9.366668980838655
2695,arc_pair_257343,NK cells,17.42838748878794
2696,arc_pair_257554,Monocytes,15.3662702672943
2697,arc_pair_257574,CD4+ T cells,16.792334153991433
2698,arc_pair_257650,Monocytes,21.730296889662583
2699,arc_pair_257720,T cells,11.309422957870384
2700,arc_pair_257743,Monocytes,14.788370153422427
2701,arc_pair_257841,Monocytes,23.798533950617283
2702,arc_pair_257878,Monocytes,22.365842926289197
2703,arc_pair_257950,B cells,11.89958871082116
2704,arc_pair_257982,Monocytes,61.947472772210006
2705,arc_pair_258096,CD4+ T cells,57.36991739941381
2706,arc_pair_258141,NK cells,10.721541304310977
2707,arc_pair_258326,T cells,9.234875772113485
2708,arc_pair_258567,Monocytes,16.839559434865215
2709,arc_pair_258584,Monocytes,80.94841163190712
2710,arc_pair_258706,Monocytes,17.639392962739798
2711,arc_pair_258817,NK cells,14.918074482277106
2712,arc_pair_258831,NK cells,29.003436580490103
2713,arc_pair_258842,NK cells,10.784251380803106
2714,arc_pair_258970,CD4+ T cells,12.575898494955949
2715,arc_pair_259001,NK cells,10.1830288487757
2716,arc_pair_259177,CD8+ T cells,11.088326082201103
2717,arc_pair_259257,CD4+ T cells,9.406155739006191
2718,arc_pair_259381,CD4+ T cells,8.532246495614395
2719,arc_pair_259398,NK cells,8.652774968942305
2720,arc_pair_259679,T cells,14.269366749197218
2721,arc_pair_259720,Monocytes,16.21836409282128
2722,arc_pair_259755,Monocytes,78.6177256896776
2723,arc_pair_259784,CD4+ T cells,18.16920178621267
2724,arc_pair_259913,CD4+ T cells,9.793497836944615
2725,arc_pair_259922,NK cells,40.268678350243775
2726,arc_pair_260260,NK cells,37.08788534972525
2727,arc_pair_260316,Monocytes,28.70562794720835
2728,arc_pair_260321,NK cells,16.01925616197183
2729,arc_pair_260376,Dendritic cells,26.355617625561237
2730,arc_pair_260398,CD8+ T cells,15.967525301464256
2731,arc_pair_260474,T cells,8.087936734727784
2732,arc_pair_260549,NK cells,11.430628638602776
2733,arc_pair_260654,Monocytes,22.03760908897403
2734,arc_pair_260677,CD4+ T cells,10.196976602856274
2735,arc_pair_260749,NK cells,12.477516098365948
2736,arc_pair_261030,T cells,23.54041506156895
2737,arc_pair_261076,Monocytes,17.37628034466026
2738,arc_pair_261081,T cells,9.913334690553746
2739,arc_pair_261242,Monocytes,35.91977508298896
2740,arc_pair_261349,CD4+ T cells,11.21463098619624
2741,arc_pair_261364,NK cells,9.394060212738092
2742,arc_pair_261394,T cells,12.618336778824814
2743,arc_pair_261455,CD8+ T cells,11.572305129450962
2744,arc_pair_261462,T cells,9.028850848723325
2745,arc_pair_261559,CD4+ T cells,11.625773721387478
2746,arc_pair_262062,T cells,8.566999512907941
2747,arc_pair_262113,T cells,13.430915062181892
2748,arc_pair_262285,T cells,14.017817847757817
2749,arc_pair_262460,NK cells,12.43617836091778
2750,arc_pair_262563,NK cells,35.11780721445558
2751,arc_pair_262636,Monocytes,110.25623952793764
2752,arc_pair_262652,T cells,8.317427764745542
2753,arc_pair_262752,T cells,10.950296859184506
2754,arc_pair_263031,CD8+ T cells,18.326160053799597
2755,arc_pair_263132,Monocytes,56.29732537003375
2756,arc_pair_263236,T cells,16.372067553411
2757,arc_pair_263332,NK cells,9.908981782234148
2758,arc_pair_263391,NK cells,13.06371161924179
2759,arc_pair_263572,CD4+ T cells,29.309983651840575
2760,arc_pair_263624,Monocytes,21.76814145444588
2761,arc_pair_263718,CD4+ T cells,12.76564776686728
2762,arc_pair_263829,CD4+ T cells,11.243692211252151
2763,arc_pair_263875,Monocytes,8.935642755433133
2764,arc_pair_263913,Monocytes,15.61004321084243
2765,arc_pair_263939,T cells,18.870966382422772
2766,arc_pair_263984,CD4+ T cells,17.114939512425536
2767,arc_pair_264000,NK cells,8.955325238995005
2768,arc_pair_264031,NK cells,32.39392067359943
2769,arc_pair_264056,CD4+ T cells,8.018526806746443
2770,arc_pair_264134,B cells,21.742579255916503
2771,arc_pair_264151,Dendritic cells,27.65272560313883
2772,arc_pair_264250,CD8+ T cells,4.837213215908454
2773,arc_pair_264298,NK cells,9.130446238975772
2774,arc_pair_264477,Monocytes,30.913713759779107
2775,arc_pair_264858,NK cells,14.697416974169744
2776,arc_pair_264919,Monocytes,35.54041126347543
2777,arc_pair_264925,Monocytes,40.47997427481593
2778,arc_pair_264967,CD4+ T cells,8.126527606136639
2779,arc_pair_265032,T cells,9.380223184426372
2780,arc_pair_265064,CD4+ T cells,21.3597396385007
2781,arc_pair_265142,Monocytes,32.340093274788515
2782,arc_pair_265159,NK cells,26.152402565115953
2783,arc_pair_265171,NK cells,12.026555371427404
2784,arc_pair_265350,B cells,8.191745465071401
2785,arc_pair_265401,T cells,8.041531448486607
2786,arc_pair_265469,T cells,7.136857892763405
2787,arc_pair_265527,NK cells,17.3400998420865
2788,arc_pair_265636,CD4+ T cells,13.857910659114314
2789,arc_pair_265656,Monocytes,32.079075748892215
2790,arc_pair_265713,Dendritic cells,32.37565285415181
2791,arc_pair_265795,T cells,26.345866052361657
2792,arc_pair_265868,Monocytes,16.386997857712927
2793,arc_pair_266224,NK cells,22.8178808321186
2794,arc_pair_266248,T cells,9.512870801667074
2795,arc_pair_266296,T cells,9.274271523665378
2796,arc_pair_266383,NK cells,16.436298998970905
2797,arc_pair_266443,CD4+ T cells,9.3093973318568
2798,arc_pair_266684,Monocytes,27.0904129646268
2799,arc_pair_266697,NK cells,20.22260313997428
2800,arc_pair_266726,CD4+ T cells,10.782415038312973
2801,arc_pair_266893,Monocytes,37.13636242717672
2802,arc_pair_266948,CD4+ T cells,10.31722650127248
2803,arc_pair_266994,Monocytes,13.927404858507526
2804,arc_pair_267036,NK cells,10.45257229282828
2805,arc_pair_267037,NK cells,16.745127375657095
2806,arc_pair_267095,T cells,8.600488115449917
2807,arc_pair_267356,CD4+ T cells,17.36853835828078
2808,arc_pair_267510,T cells,16.92949993648643
2809,arc_pair_267643,Monocytes,14.992002536132688
2810,arc_pair_267824,Monocytes,23.422027136811728
2811,arc_pair_267870,T cells,11.35180022303648
2812,arc_pair_267871,CD4+ T cells,97.17063287614008
2813,arc_pair_267872,T cells,13.139596712515026
2814,arc_pair_268040,CD8+ T cells,8.121362453162755
2815,arc_pair_268059,CD8+ T cells,21.801448365648397
2816,arc_pair_268137,Dendritic cells,72.27687718113249
2817,arc_pair_268307,CD4+ T cells,13.66048255310968
2818,arc_pair_268326,CD4+ T cells,9.519677704049949
2819,arc_pair_268336,NK cells,11.807329805619398
2820,arc_pair_268368,T cells,19.611645977576575
2821,arc_pair_268490,T cells,28.99515203365059
2822,arc_pair_268497,CD4+ T cells,12.325948847489736
2823,arc_pair_268534,T cells,18.340412425566864
2824,arc_pair_268639,CD4+ T cells,13.450633448934814
2825,arc_pair_268836,NK cells,6.3787639640191856
2826,arc_pair_268902,NK cells,13.354343921656026
2827,arc_pair_268934,T cells,12.25441127138544
2828,arc_pair_268943,T cells,11.93628161049931
2829,arc_pair_269433,T cells,9.077894006090157
2830,arc_pair_269441,T cells,27.21375437279685
2831,arc_pair_269453,T cells,25.76307131649542
2832,arc_pair_269461,T cells,18.87657473171237
2833,arc_pair_269542,CD8+ T cells,28.40131718370474
2834,arc_pair_269546,CD4+ T cells,9.272217662364875
2835,arc_pair_269621,Monocytes,57.18798183678052
2836,arc_pair_269800,CD4+ T cells,11.403919194976169
2837,arc_pair_269809,Monocytes,18.56652935950246
2838,arc_pair_269903,Monocytes,14.65979192912586
2839,arc_pair_269928,NK cells,24.427654062996584
2840,arc_pair_270075,CD4+ T cells,13.750126653532227
2841,arc_pair_270090,Monocytes,27.55071349637246
2842,arc_pair_270131,CD8+ T cells,44.61621792650405
2843,arc_pair_270347,T cells,17.728605417276718
2844,arc_pair_270366,CD4+ T cells,13.848343343967771
2845,arc_pair_270482,CD4+ T cells,20.585294483874986
2846,arc_pair_270518,CD4+ T cells,11.6893579961264
2847,arc_pair_270559,T cells,8.10744694644941
2848,arc_pair_270589,CD4+ T cells,183.6927211460939
2849,arc_pair_270697,T cells,14.655677350338294
2850,arc_pair_270749,CD8+ T cells,16.843041549011698
2851,arc_pair_270800,CD4+ T cells,23.70312373319126
2852,arc_pair_271027,NK cells,20.981367894803174
2853,arc_pair_271042,T cells,14.842813182449872
2854,arc_pair_271075,NK cells,10.411010469356544
2855,arc_pair_271138,CD4+ T cells,8.66062867939849
2856,arc_pair_271252,T cells,22.309125388960855
2857,arc_pair_271260,CD8+ T cells,145.05522221823014
2858,arc_pair_271285,NK cells,15.18886311772848
2859,arc_pair_271442,T cells,12.684859372214529
2860,arc_pair_271452,T cells,26.701263932590265
2861,arc_pair_271491,Monocytes,17.21015610538656
2862,arc_pair_271532,CD4+ T cells,10.855662207699377
2863,arc_pair_271550,CD4+ T cells,17.102036817029408
2864,arc_pair_271576,Monocytes,23.06731845414445
2865,arc_pair_271656,CD4+ T cells,17.616363024204105
2866,arc_pair_271719,Monocytes,19.220494282552565
2867,arc_pair_271745,T cells,28.16257570441336
2868,arc_pair_271865,NK cells,10.964919728311209
2869,arc_pair_271917,T cells,15.65284948736144
2870,arc_pair_271931,CD4+ T cells,14.310735666157353
2871,arc_pair_271965,CD4+ T cells,21.38819115968031
2872,arc_pair_272052,NK cells,20.492881697929903
2873,arc_pair_272064,T cells,22.162570597774423
2874,arc_pair_272187,NK cells,14.505208868432408
2875,arc_pair_272219,B cells,10.260428577193666
2876,arc_pair_272244,T cells,15.610619343288674
2877,arc_pair_272285,CD4+ T cells,13.523814597762383
2878,arc_pair_272325,T cells,19.99164807296048
2879,arc_pair_272393,NK cells,14.961511407425531
2880,arc_pair_272394,CD4+ T cells,23.22599697655069
2881,arc_pair_272526,NK cells,10.81447726453136
2882,arc_pair_272568,CD4+ T cells,12.036469845279443
2883,arc_pair_272615,CD8+ T cells,7.330784772016003
2884,arc_pair_272662,Monocytes,24.23428050909643
2885,arc_pair_272682,NK cells,21.54517387521401
2886,arc_pair_272720,Monocytes,25.741914548404544
2887,arc_pair_272753,T cells,15.825680084381975
2888,arc_pair_273193,T cells,21.720520213852343
2889,arc_pair_273259,T cells,12.262516914749664
2890,arc_pair_273322,T cells,21.77525398717294
2891,arc_pair_273536,CD4+ T cells,11.546982817869416
2892,arc_pair_273849,Monocytes,15.223253281862837
2893,arc_pair_273902,CD8+ T cells,17.384493873543096
2894,arc_pair_273919,NK cells,12.872513894630472
2895,arc_pair_273963,Monocytes,23.135796798566936
2896,arc_pair_274061,CD8+ T cells,8.448667062537114
2897,arc_pair_274107,T cells,8.06689770051121
2898,arc_pair_274600,T cells,12.616270949720668
2899,arc_pair_274722,NK cells,16.007254702864472
2900,arc_pair_274881,CD4+ T cells,27.274512538350365
2901,arc_pair_274885,Monocytes,54.56367791369808
2902,arc_pair_274891,T cells,6.575584083069593
2903,arc_pair_274911,NK cells,7.826933856502241
2904,arc_pair_274964,CD4+ T cells,16.90505339932274
2905,arc_pair_275029,CD4+ T cells,21.64926184926185
2906,arc_pair_275095,Dendritic cells,20.062405579615262
2907,arc_pair_275116,T cells,20.324834739129944
2908,arc_pair_275466,CD4+ T cells,20.02139304517928
2909,arc_pair_275496,Monocytes,297.8039252278312
2910,arc_pair_275507,CD4+ T cells,17.771243297498614
2911,arc_pair_275577,Monocytes,37.40361375784336
2912,arc_pair_275597,CD4+ T cells,14.782755423697386
2913,arc_pair_275650,NK cells,35.67475483591288
2914,arc_pair_275694,CD4+ T cells,9.936847218848676
2915,arc_pair_275741,T cells,24.081063108436627
2916,arc_pair_275748,T cells,10.90232184054014
2917,arc_pair_276068,CD4+ T cells,16.050400368783187
2918,arc_pair_276229,CD4+ T cells,12.61506161678641
2919,arc_pair_276248,T cells,10.204387579869111
2920,arc_pair_276308,Monocytes,149.94501862094802
2921,arc_pair_276358,T cells,15.342357292530972
2922,arc_pair_276439,T cells,10.726116517797628
2923,arc_pair_276631,NK cells,88.57259972265275
2924,arc_pair_276665,CD4+ T cells,79.46818022203614
2925,arc_pair_276693,T cells,11.767998710058851
2926,arc_pair_276718,NK cells,10.815843044696855
2927,arc_pair_276804,CD4+ T cells,12.732148685876927
2928,arc_pair_276905,CD4+ T cells,8.449923400995788
2929,arc_pair_276984,CD4+ T cells,11.000445143484583
2930,arc_pair_277004,Monocytes,24.88468747021887
2931,arc_pair_277074,CD4+ T cells,23.744390587131576
2932,arc_pair_277601,CD8+ T cells,10.981368651781402
2933,arc_pair_277678,NK cells,11.771858518410992
2934,arc_pair_277739,CD4+ T cells,9.623226578106909
2935,arc_pair_277776,T cells,44.20572503961965
2936,arc_pair_277881,NK cells,11.778456925383464
2937,arc_pair_277900,CD8+ T cells,9.566663430970465
2938,arc_pair_278013,CD4+ T cells,16.69059831638657
2939,arc_pair_278258,T cells,18.78998661145188
2940,arc_pair_278356,NK cells,13.26696705153478
2941,arc_pair_278373,CD4+ T cells,10.496627481210254
2942,arc_pair_278470,Monocytes,60.03486659222125
2943,arc_pair_278497,Monocytes,83.06792250268396
2944,arc_pair_278524,CD8+ T cells,12.876455811829183
2945,arc_pair_278581,Monocytes,92.0165445371333
2946,arc_pair_278594,CD8+ T cells,6.034100891787568
2947,arc_pair_278644,CD8+ T cells,7.955454722011334
2948,arc_pair_278664,Monocytes,19.58343574023308
2949,arc_pair_278722,Monocytes,23.71639409652972
2950,arc_pair_278780,B cells,22.951578602977257
2951,arc_pair_278823,CD4+ T cells,9.94759777753568
2952,arc_pair_279057,Dendritic cells,35.405618743496824
2953,arc_pair_279306,CD4+ T cells,9.435586241616772
2954,arc_pair_279414,B cells,22.81115714227692
2955,arc_pair_279518,NK cells,13.791238670694865
2956,arc_pair_279562,NK cells,16.066150724827384
2957,arc_pair_279632,Monocytes,26.984093876651233
2958,arc_pair_279793,T cells,10.47048747412747
2959,arc_pair_279828,Monocytes,29.202376354172415
2960,arc_pair_279872,Monocytes,49.97541099661764
2961,arc_pair_279976,B cells,12.03822940084058
2962,arc_pair_280099,CD4+ T cells,12.064883568967566
2963,arc_pair_280101,CD4+ T cells,11.679832658993597
2964,arc_pair_280348,CD4+ T cells,8.469524253581364
2965,arc_pair_280387,CD4+ T cells,10.744618974072491
2966,arc_pair_280399,CD4+ T cells,10.135113398745377
2967,arc_pair_280409,CD4+ T cells,15.134565548257942
2968,arc_pair_280460,T cells,13.771728519806134
2969,arc_pair_280655,Monocytes,12.761150894319384
2970,arc_pair_280724,B cells,14.101715573544292
2971,arc_pair_280792,Monocytes,28.14228496928552
2972,arc_pair_280909,CD4+ T cells,13.145341148718682
2973,arc_pair_281002,Dendritic cells,35.28272980501393
2974,arc_pair_281049,T cells,8.219070618587626
2975,arc_pair_281112,Monocytes,39.75304067660089
2976,arc_pair_281137,Monocytes,25.78903767059263
2977,arc_pair_281162,Monocytes,30.45838123916415
2978,arc_pair_281264,T cells,40.929681472500825
2979,arc_pair_281410,CD4+ T cells,13.523724818141062
2980,arc_pair_281486,NK cells,13.113507873729162
2981,arc_pair_281962,CD8+ T cells,6.784591679506933
2982,arc_pair_282016,Monocytes,14.065983985217123
2983,arc_pair_282024,Monocytes,29.707936781361703
2984,arc_pair_282151,CD4+ T cells,11.460132634176434
2985,arc_pair_282178,CD4+ T cells,7.689949729007933
2986,arc_pair_282201,CD8+ T cells,11.879732978737692
2987,arc_pair_282206,CD4+ T cells,8.80428405757555
2988,arc_pair_282432,Monocytes,13.661546918989156
2989,arc_pair_282463,T cells,17.09090261147223
2990,arc_pair_282502,CD4+ T cells,23.73795885119689
2991,arc_pair_282746,Monocytes,92.9967239447932
2992,arc_pair_282771,B cells,7.4679871537281075
2993,arc_pair_282816,NK cells,12.840331551968587
2994,arc_pair_282862,Monocytes,34.115061284733365
2995,arc_pair_282941,CD8+ T cells,24.063328979437944
2996,arc_pair_282988,Monocytes,22.63922918715908
2997,arc_pair_283122,NK cells,18.234234234234233
2998,arc_pair_283324,T cells,44.358295562804926
2999,arc_pair_283382,CD4+ T cells,11.443570895919889
3000,arc_pair_283414,CD4+ T cells,9.987607411385603
3001,arc_pair_283483,Monocytes,25.6944075528352
3002,arc_pair_283589,CD8+ T cells,9.696577995250312
3003,arc_pair_283616,CD8+ T cells,18.156702402378905
3004,arc_pair_283642,CD4+ T cells,11.309182459297094
3005,arc_pair_283680,Monocytes,13.986787664809402
3006,arc_pair_283851,CD4+ T cells,11.377782622076325
3007,arc_pair_284005,NK cells,15.645314663392458
3008,arc_pair_284372,NK cells,27.078178896866326
3009,arc_pair_284634,Monocytes,21.25989135405861
3010,arc_pair_284696,T cells,12.043487439307578
3011,arc_pair_284781,T cells,16.936207532061466
3012,arc_pair_284807,CD8+ T cells,12.383894850989044
3013,arc_pair_284863,CD4+ T cells,9.738857915377135
3014,arc_pair_284865,Dendritic cells,15.877080827015082
3015,arc_pair_284988,Monocytes,19.73412740940337
3016,arc_pair_285108,T cells,17.452824435240004
3017,arc_pair_285118,CD4+ T cells,16.59725501180425
3018,arc_pair_285352,CD4+ T cells,9.607267331046124
3019,arc_pair_285447,Monocytes,57.8993293927426
3020,arc_pair_285515,T cells,14.326208740801468
3021,arc_pair_285533,T cells,10.585140105664417
3022,arc_pair_285544,T cells,12.978577756301846
3023,arc_pair_285719,CD4+ T cells,9.904392945553209
3024,arc_pair_285794,B cells,7.24744337905541
3025,arc_pair_285834,Monocytes,28.842376052385404
3026,arc_pair_285941,CD4+ T cells,12.471611314244797
3027,arc_pair_285951,B cells,12.12202990259942
3028,arc_pair_286095,CD4+ T cells,6.108204961698956
3029,arc_pair_286354,T cells,8.144364207866381
3030,arc_pair_286386,T cells,12.541099583152524
3031,arc_pair_286478,Monocytes,21.04779918906492
3032,arc_pair_286650,NK cells,11.125986794142763
3033,arc_pair_286665,Monocytes,37.94250392987505
3034,arc_pair_286715,T cells,28.297969562316688
3035,arc_pair_286756,CD4+ T cells,8.585531479892662
3036,arc_pair_287012,T cells,15.591183543537309
3037,arc_pair_287166,B cells,15.348497087708855
3038,arc_pair_287268,NK cells,19.59039559885772
3039,arc_pair_287319,CD4+ T cells,7.400268523957372
3040,arc_pair_287431,NK cells,11.748769207817396
3041,arc_pair_287460,CD4+ T cells,24.326270585900964
3042,arc_pair_287566,Monocytes,26.490710690360423
3043,arc_pair_287808,CD4+ T cells,8.0308126341613
3044,arc_pair_287896,T cells,17.38432172609388
3045,arc_pair_287907,Monocytes,33.581509823613445
3046,arc_pair_287962,T cells,7.635000513505187
3047,arc_pair_288100,Monocytes,57.448691017777186
3048,arc_pair_288106,NK cells,29.59092093993223
3049,arc_pair_288230,NK cells,14.333984233745571
3050,arc_pair_288306,CD4+ T cells,26.62340296332281
3051,arc_pair_288537,CD4+ T cells,16.664708825512843
3052,arc_pair_288574,CD4+ T cells,23.558142219485916
3053,arc_pair_288607,Monocytes,21.90506178392824
3054,arc_pair_288779,Monocytes,92.45442377598977
3055,arc_pair_288820,T cells,25.717638545498403
3056,arc_pair_289156,CD8+ T cells,9.524421327743925
3057,arc_pair_289190,NK cells,19.385637724203153
3058,arc_pair_289203,CD4+ T cells,12.666705764075068
3059,arc_pair_289282,Monocytes,16.59031937585834
3060,arc_pair_289317,Monocytes,12.113224545547013
3061,arc_pair_289403,B cells,21.31217616580311
3062,arc_pair_289511,CD4+ T cells,21.93531536033069
3063,arc_pair_289514,CD4+ T cells,28.69470362081827
3064,arc_pair_289518,Monocytes,22.181506713406975
3065,arc_pair_289521,Monocytes,18.843228464561697
3066,arc_pair_289621,T cells,14.347220317062176
3067,arc_pair_289632,CD4+ T cells,13.19487735046042
3068,arc_pair_289798,Monocytes,44.533465330084184
3069,arc_pair_289865,CD4+ T cells,11.323347816144524
3070,arc_pair_289875,NK cells,15.279342631803878
3071,arc_pair_289942,CD4+ T cells,7.479578496385086
3072,arc_pair_289956,Dendritic cells,27.968300575263655
3073,arc_pair_290144,CD4+ T cells,38.73859553101873
3074,arc_pair_290181,CD4+ T cells,16.540966599760942
3075,arc_pair_290439,Monocytes,17.903682510836333
3076,arc_pair_290444,CD8+ T cells,22.33994223713996
3077,arc_pair_290668,CD4+ T cells,8.111416601204503
3078,arc_pair_290741,NK cells,17.48994754147737
3079,arc_pair_290847,B cells,13.12920540308112
3080,arc_pair_290908,NK cells,11.664440964610083
3081,arc_pair_290929,CD4+ T cells,11.849888928003498
3082,arc_pair_291095,B cells,17.818841932036033
3083,arc_pair_291190,T cells,11.63366192331134
3084,arc_pair_291310,Monocytes,12.742010312376053
3085,arc_pair_291410,NK cells,27.712822200036303
3086,arc_pair_291432,T cells,20.923056722689076
3087,arc_pair_291469,CD8+ T cells,9.292411888479748
3088,arc_pair_291478,T cells,11.410581572992406
3089,arc_pair_291479,CD4+ T cells,11.789444429004195
3090,arc_pair_291487,NK cells,11.723512659636006
3091,arc_pair_292012,T cells,9.632091566785444
3092,arc_pair_292054,Monocytes,8.552084752691101
3093,arc_pair_292105,T cells,7.1495676157094845
3094,arc_pair_292158,Monocytes,27.203320777922976
3095,arc_pair_292336,NK cells,14.48865090435404
3096,arc_pair_292349,CD4+ T cells,15.989616175462649
3097,arc_pair_292373,T cells,14.4682923028981
3098,arc_pair_292430,CD4+ T cells,24.340405095890993
3099,arc_pair_292473,CD8+ T cells,10.111253455599757
3100,arc_pair_292483,NK cells,8.758071019934977
3101,arc_pair_292580,CD8+ T cells,9.970909019577071
3102,arc_pair_292617,CD4+ T cells,10.270533115638532
3103,arc_pair_292663,B cells,12.461885595804365
3104,arc_pair_292717,CD4+ T cells,9.431909540472542
3105,arc_pair_292836,NK cells,7.242701104586703
3106,arc_pair_292950,Monocytes,29.94166192749732
3107,arc_pair_293009,CD8+ T cells,8.906439284684165
3108,arc_pair_293043,Monocytes,53.50988811916064
3109,arc_pair_293066,Monocytes,20.606923727195877
3110,arc_pair_293093,Monocytes,42.58063293785606
3111,arc_pair_293138,T cells,18.018596995061817
3112,arc_pair_293247,T cells,32.83229323577936
3113,arc_pair_293298,CD4+ T cells,15.006124677122996
3114,arc_pair_293322,T cells,24.494249575890628
3115,arc_pair_293330,CD4+ T cells,12.282542590932128
3116,arc_pair_293538,CD4+ T cells,8.292520204196205
3117,arc_pair_293642,CD4+ T cells,13.004407788846924
3118,arc_pair_293766,CD4+ T cells,156.6532542543707
3119,arc_pair_293819,B cells,7.259338983259326
3120,arc_pair_293923,Monocytes,9.452389483584897
3121,arc_pair_293963,Monocytes,16.16703531084604
3122,arc_pair_294050,Monocytes,45.400354533734415
3123,arc_pair_294128,Dendritic cells,45.76265681808384
3124,arc_pair_294152,CD4+ T cells,6.893247708922427
3125,arc_pair_294359,Monocytes,21.59507904287384
3126,arc_pair_294744,B cells,61.80616549173698
3127,arc_pair_294838,T cells,9.407691129155817
3128,arc_pair_294853,Monocytes,12.487720969619984
3129,arc_pair_294971,CD8+ T cells,13.661653190330552
3130,arc_pair_294977,CD4+ T cells,13.661176215799989
3131,arc_pair_294980,NK cells,8.041253948387865
3132,arc_pair_295008,NK cells,20.97566299246971
3133,arc_pair_295013,NK cells,12.865639670024157
3134,arc_pair_295062,NK cells,19.25534485145151
3135,arc_pair_295101,B cells,14.634754647643751
3136,arc_pair_295147,Monocytes,20.794574302494407
3137,arc_pair_295266,CD4+ T cells,23.108160078464778
3138,arc_pair_295420,NK cells,16.746768484269975
3139,arc_pair_295568,Dendritic cells,12.161003154665018
3140,arc_pair_295622,CD8+ T cells,6.842514184457582
3141,arc_pair_295652,T cells,11.083060804711662
3142,arc_pair_295790,CD4+ T cells,37.05401881872803
3143,arc_pair_295992,Monocytes,19.71740396322634
3144,arc_pair_296033,T cells,15.840252831326952
3145,arc_pair_296283,Monocytes,27.430558292744728
3146,arc_pair_296344,T cells,12.858896531301736
3147,arc_pair_296365,NK cells,19.19545657584073
3148,arc_pair_296530,CD4+ T cells,33.687839238349525
3149,arc_pair_296531,T cells,8.072763412096894
3150,arc_pair_296533,T cells,13.787943848059452
3151,arc_pair_296660,CD4+ T cells,8.629503588074277
3152,arc_pair_296670,T cells,8.846168862859932
3153,arc_pair_296702,NK cells,16.923018831737053
3154,arc_pair_296739,CD4+ T cells,7.31951219512195
3155,arc_pair_296740,CD4+ T cells,11.42884652009226
3156,arc_pair_296873,CD8+ T cells,12.793358629798115
3157,arc_pair_296906,CD4+ T cells,15.582541082164328
3158,arc_pair_296954,T cells,8.533301306923862
3159,arc_pair_297003,CD4+ T cells,10.917349023927189
3160,arc_pair_297039,CD4+ T cells,12.359234837109096
3161,arc_pair_297079,T cells,10.651292306154076
3162,arc_pair_297367,T cells,8.37360591912392
3163,arc_pair_297370,CD4+ T cells,12.866198145659157
3164,arc_pair_297424,B cells,34.64636581205622
3165,arc_pair_297590,T cells,13.102927721866424
3166,arc_pair_297694,T cells,30.962281284606863
3167,arc_pair_297718,T cells,54.80102437346312
3168,arc_pair_297735,T cells,6.415562071388761
3169,arc_pair_297765,Neutrophils,74.26101736629185
3170,arc_pair_297885,NK cells,11.321144462797363
3171,arc_pair_297935,Monocytes,10.057819733139691
3172,arc_pair_297992,NK cells,10.242045975920387
3173,arc_pair_298019,T cells,20.373949119754727
3174,arc_pair_298020,T cells,12.59831063409342
3175,arc_pair_298044,Monocytes,66.63959091014385
3176,arc_pair_298060,B cells,9.599786703470771
3177,arc_pair_298097,CD4+ T cells,19.61044675090253
3178,arc_pair_298283,CD4+ T cells,13.886949594438008
3179,arc_pair_298333,T cells,17.64990462181977
3180,arc_pair_298443,CD8+ T cells,11.983786768396747
3181,arc_pair_298446,CD4+ T cells,10.455983817349308
3182,arc_pair_298502,T cells,27.841060091539937
3183,arc_pair_298537,NK cells,6.26699366741096
3184,arc_pair_298591,CD8+ T cells,11.67160183344826
3185,arc_pair_298594,Monocytes,16.327309105935058
3186,arc_pair_298648,T cells,17.14434566810015
3187,arc_pair_298649,Monocytes,256.80764356161865
3188,arc_pair_298825,NK cells,59.0541369216351
3189,arc_pair_298884,CD4+ T cells,8.783587070527286
3190,arc_pair_298941,CD4+ T cells,17.331299911268857
3191,arc_pair_299011,NK cells,9.246154756270704
3192,arc_pair_299254,T cells,8.712464537047271
3193,arc_pair_299430,NK cells,7.739202918685142
3194,arc_pair_299485,Monocytes,40.07939936775553
3195,arc_pair_299583,CD4+ T cells,22.880677391264495
3196,arc_pair_299662,T cells,15.923473059278582
3197,arc_pair_299664,NK cells,11.68133838901414
3198,arc_pair_299708,CD4+ T cells,8.605901650848232
3199,arc_pair_299896,CD4+ T cells,19.381792519407195
3200,arc_pair_300056,CD4+ T cells,22.00916462334005
3201,arc_pair_300126,NK cells,129.10134980553647
3202,arc_pair_300149,Monocytes,34.54441760770875
3203,arc_pair_300165,Monocytes,48.465591669372195
3204,arc_pair_300172,T cells,42.57311290197196
3205,arc_pair_300202,T cells,15.671314033677838
3206,arc_pair_300373,CD8+ T cells,6.466796022313849
3207,arc_pair_300396,B cells,10.64895311346774
3208,arc_pair_300431,CD4+ T cells,11.070826069346856
3209,arc_pair_300567,Monocytes,29.705785973592057
3210,arc_pair_300763,CD4+ T cells,20.42657208792845
3211,arc_pair_300818,NK cells,21.2078314770952
3212,arc_pair_300832,Monocytes,44.24216705757941
3213,arc_pair_300861,T cells,10.984661377196414
3214,arc_pair_300936,NK cells,26.64351744857869
3215,arc_pair_300983,T cells,21.141753074634146
3216,arc_pair_301027,CD4+ T cells,18.48700079602289
3217,arc_pair_301419,T cells,11.081606114487409
3218,arc_pair_301460,B cells,20.189071856287427
3219,arc_pair_301509,CD8+ T cells,12.267739295707724
3220,arc_pair_301669,NK cells,13.150935517329632
3221,arc_pair_301699,CD4+ T cells,11.97176406873123
3222,arc_pair_302193,CD4+ T cells,8.865994053574196
3223,arc_pair_302610,CD8+ T cells,29.51355478265085
3224,arc_pair_302621,Monocytes,28.355620323647123
3225,arc_pair_302632,CD4+ T cells,93.53611236845084
3226,arc_pair_302646,T cells,10.028619797915166
3227,arc_pair_302717,T cells,185.75610729271244
3228,arc_pair_302739,Monocytes,130.54114288399632
3229,arc_pair_303016,NK cells,10.499949142198414
3230,arc_pair_303227,T cells,89.61122514973428
3231,arc_pair_303299,B cells,13.436722524930603
3232,arc_pair_303355,T cells,20.528832313218928
3233,arc_pair_303404,Monocytes,23.099357591991463
3234,arc_pair_303501,B cells,11.096973055343906
3235,arc_pair_303678,T cells,12.072224461404447
3236,arc_pair_303900,CD4+ T cells,16.503646406046588
3237,arc_pair_303934,CD8+ T cells,11.445467210667728
3238,arc_pair_303942,T cells,239.72755005877832
3239,arc_pair_303971,T cells,26.28371184145741
3240,arc_pair_304106,NK cells,30.071382546246937
3241,arc_pair_304517,T cells,14.158483009143549
3242,arc_pair_304534,CD4+ T cells,29.873312207219616
3243,arc_pair_304585,CD4+ T cells,14.692847559087626
3244,arc_pair_304682,T cells,18.764329886827504
3245,arc_pair_304711,T cells,22.443410024188555
3246,arc_pair_304752,CD4+ T cells,23.06462720334137
3247,arc_pair_304758,Monocytes,32.25169140330205
3248,arc_pair_304825,CD8+ T cells,10.906275140788416
3249,arc_pair_304962,CD4+ T cells,18.256843572120268
3250,arc_pair_305175,Monocytes,46.46148580632172
3251,arc_pair_305195,T cells,37.64467060759339
3252,arc_pair_305333,Dendritic cells,20.356122033898306
3253,arc_pair_305442,T cells,30.626953740276733
3254,arc_pair_305487,Dendritic cells,37.381200759477096
3255,arc_pair_305535,CD4+ T cells,12.885298929208805
3256,arc_pair_305583,Monocytes,78.36895897211272
3257,arc_pair_305609,NK cells,44.763449107045034
3258,arc_pair_305648,Monocytes,12.18909214092141
3259,arc_pair_305809,Monocytes,12.119693786919685
3260,arc_pair_305967,T cells,10.946654917643867
3261,arc_pair_306274,CD4+ T cells,15.198569080537562
3262,arc_pair_306539,Monocytes,42.212605432175195
3263,arc_pair_306546,NK cells,8.92119385980692
3264,arc_pair_306598,CD4+ T cells,16.398842220907632
3265,arc_pair_306687,T cells,10.314981130971535
3266,arc_pair_306690,NK cells,11.854329473290996
3267,arc_pair_306728,Dendritic cells,18.469701726844583
3268,arc_pair_306751,Monocytes,53.32311603725075
3269,arc_pair_306753,Monocytes,17.507406566588156
3270,arc_pair_306867,CD4+ T cells,20.53109665907544
3271,arc_pair_306878,B cells,10.197552905719714
3272,arc_pair_306879,Monocytes,19.19048975311679
3273,arc_pair_307024,T cells,24.77142750578114
3274,arc_pair_307329,CD4+ T cells,17.88899970080782
3275,arc_pair_307419,B cells,34.69648020462633
3276,arc_pair_307505,CD4+ T cells,14.358534964344091
3277,arc_pair_307657,NK cells,19.05102496095977
3278,arc_pair_307768,CD4+ T cells,16.847625266995905
3279,arc_pair_307825,CD4+ T cells,11.028184499172184
3280,arc_pair_307947,CD4+ T cells,15.05032819529464
3281,arc_pair_307953,Dendritic cells,20.70457977488167
3282,arc_pair_307970,T cells,8.901655345777398
3283,arc_pair_308341,CD4+ T cells,13.736919372834576
3284,arc_pair_308409,Dendritic cells,28.081671971854583
3285,arc_pair_308436,CD4+ T cells,28.044864094129274
3286,arc_pair_308922,NK cells,18.210665221386996
3287,arc_pair_308931,NK cells,10.478412741199987
3288,arc_pair_309058,Monocytes,19.36867492542928
3289,arc_pair_309070,Monocytes,29.978842457276773
3290,arc_pair_309079,T cells,11.8042348124123
3291,arc_pair_309227,CD4+ T cells,8.291174380969924
3292,arc_pair_309287,Monocytes,56.31930725030667
3293,arc_pair_309401,Monocytes,11.142077269422584
3294,arc_pair_309603,Dendritic cells,30.691526192144416
3295,arc_pair_309693,Monocytes,21.850759171547203
3296,arc_pair_309711,NK cells,25.617812630595637
3297,arc_pair_309755,CD4+ T cells,16.380168633183672
3298,arc_pair_309857,CD4+ T cells,17.569876084262702
3299,arc_pair_309877,NK cells,9.286907103825136
3300,arc_pair_309940,T cells,12.66521136103238
3301,arc_pair_310062,NK cells,13.756946966376557
3302,arc_pair_310395,CD4+ T cells,13.019679752066114
3303,arc_pair_310548,NK cells,12.575939368061483
3304,arc_pair_310655,Dendritic cells,24.117915047568
3305,arc_pair_310716,T cells,14.29831322353229
3306,arc_pair_310758,Dendritic cells,29.54963852713856
3307,arc_pair_310866,CD4+ T cells,15.38291784843509
3308,arc_pair_310895,T cells,13.658894525100578
3309,arc_pair_310924,Dendritic cells,17.161967061720794
3310,arc_pair_310969,Dendritic cells,23.290501096230553
3311,arc_pair_311005,Monocytes,25.800007486150623
3312,arc_pair_311036,NK cells,13.64016791986609
3313,arc_pair_311130,NK cells,18.51612852168408
3314,arc_pair_311226,T cells,10.775282399124094
3315,arc_pair_311300,T cells,11.643749266542606
3316,arc_pair_311579,Monocytes,22.926807527905517
3317,arc_pair_311596,T cells,6.083641202032641
3318,arc_pair_311600,NK cells,21.963748012315182
3319,arc_pair_311676,NK cells,7.438002171552661
3320,arc_pair_311680,T cells,15.22548627320218
3321,arc_pair_311757,NK cells,17.500694723993302
3322,arc_pair_311759,Monocytes,20.69011192894945
3323,arc_pair_311777,CD4+ T cells,14.555796501145169
3324,arc_pair_311785,Monocytes,99.87063351842502
3325,arc_pair_311791,Monocytes,35.482754316621595
3326,arc_pair_311815,T cells,8.35491711547877
3327,arc_pair_311890,T cells,21.049091457893148
3328,arc_pair_311895,Monocytes,41.10911882879971
3329,arc_pair_311980,Monocytes,13.52154494558722
3330,arc_pair_312065,CD4+ T cells,37.81172363156869
3331,arc_pair_312093,Monocytes,33.97485930094787
3332,arc_pair_312151,CD4+ T cells,15.727852278312154
3333,arc_pair_312454,B cells,6.732165206508135
3334,arc_pair_312487,T cells,12.614073246130763
3335,arc_pair_312515,NK cells,11.255598511926472
3336,arc_pair_312604,NK cells,21.9400596187861
3337,arc_pair_312637,NK cells,253.9709263412515
3338,arc_pair_312720,T cells,10.256621911080927
3339,arc_pair_312760,CD4+ T cells,234.88482135612475
3340,arc_pair_313135,Monocytes,323.05394477317554
3341,arc_pair_313281,CD8+ T cells,19.7231357505864
3342,arc_pair_313388,Monocytes,22.492159048680787
3343,arc_pair_313438,Monocytes,64.41631618086286
3344,arc_pair_313615,CD4+ T cells,10.295898357035744
3345,arc_pair_313622,Monocytes,60.311320223136306
3346,arc_pair_313660,T cells,9.560298048108852
3347,arc_pair_313665,T cells,12.38221802142407
3348,arc_pair_313717,NK cells,43.89125523774822
3349,arc_pair_313718,CD4+ T cells,22.93474762082478
3350,arc_pair_313724,B cells,28.86174048225449
3351,arc_pair_314140,CD8+ T cells,10.98513583695983
3352,arc_pair_314153,CD4+ T cells,209.6275264403204
3353,arc_pair_314255,NK cells,11.085330990531174
3354,arc_pair_314325,NK cells,9.974818650801495
3355,arc_pair_314351,T cells,17.620833053860085
3356,arc_pair_314357,CD4+ T cells,11.058994117159664
3357,arc_pair_314359,CD4+ T cells,8.00524805650244
3358,arc_pair_314575,NK cells,16.398434893806296
3359,arc_pair_314579,T cells,25.18473836855061
3360,arc_pair_314584,CD4+ T cells,18.8861604147606
3361,arc_pair_314595,Monocytes,14.645841007883298
3362,arc_pair_314606,CD4+ T cells,10.856352840972212
3363,arc_pair_314704,T cells,15.613573381091523
3364,arc_pair_314719,CD4+ T cells,12.454300802274805
3365,arc_pair_314863,T cells,17.22627039711628
3366,arc_pair_314923,NK cells,34.12173188653452
3367,arc_pair_314944,T cells,16.696532224283406
3368,arc_pair_314950,CD8+ T cells,10.876411382017364
3369,arc_pair_314978,NK cells,14.915563244394171
3370,arc_pair_314989,T cells,14.929036986042792
3371,arc_pair_315053,CD4+ T cells,4.298308831974274
3372,arc_pair_315229,T cells,30.558623864999134
3373,arc_pair_315247,NK cells,22.23266058606637
3374,arc_pair_315252,CD4+ T cells,22.711396653726837
3375,arc_pair_315262,CD4+ T cells,11.721326759584084
3376,arc_pair_315512,NK cells,25.49422325114115
3377,arc_pair_315524,CD8+ T cells,13.369055603723274
3378,arc_pair_315553,T cells,11.809204152249134
3379,arc_pair_315616,Monocytes,15.036195635916442
3380,arc_pair_316076,NK cells,24.094143455427773
3381,arc_pair_316147,CD4+ T cells,25.23321598881482
3382,arc_pair_316805,NK cells,9.506770613426625
3383,arc_pair_316866,Monocytes,36.30175970873786
3384,arc_pair_316919,NK cells,11.001486138896828
3385,arc_pair_316961,NK cells,11.517050924752976
3386,arc_pair_316997,Dendritic cells,11.979825453201125
3387,arc_pair_317058,CD4+ T cells,11.388894622768088
3388,arc_pair_317071,NK cells,16.41355757931845
3389,arc_pair_317273,T cells,12.392467013820914
3390,arc_pair_317349,T cells,9.300530820062832
3391,arc_pair_317397,Monocytes,18.34210657993495
3392,arc_pair_317407,Monocytes,16.90422825296826
3393,arc_pair_317443,B cells,14.419013954177
3394,arc_pair_317474,T cells,14.038108156527526
3395,arc_pair_317485,T cells,5.894769325721339
3396,arc_pair_317512,Monocytes,18.999768580123344
3397,arc_pair_317516,CD4+ T cells,66.64230596631022
3398,arc_pair_317563,T cells,13.64854324933513
3399,arc_pair_317574,T cells,34.24822749691739
3400,arc_pair_317695,CD4+ T cells,11.299602272727274
3401,arc_pair_317753,Monocytes,44.02230514919761
3402,arc_pair_317765,CD8+ T cells,12.301340257999666
3403,arc_pair_317857,T cells,13.336843185286838
3404,arc_pair_318018,T cells,37.945655592925064
3405,arc_pair_318050,CD4+ T cells,24.745686304989896
3406,arc_pair_318123,CD4+ T cells,8.787070334013674
3407,arc_pair_318166,CD4+ T cells,11.097785633199694
3408,arc_pair_318299,CD4+ T cells,14.602661528271213
3409,arc_pair_318418,Monocytes,18.458624127617146
3410,arc_pair_318420,Monocytes,10.634168570608136
3411,arc_pair_318459,CD4+ T cells,14.179449693124612
3412,arc_pair_318463,B cells,10.78855499907253
3413,arc_pair_318472,CD4+ T cells,14.027214004510183
3414,arc_pair_318555,Monocytes,29.82767456758488
3415,arc_pair_318645,T cells,10.283930881312084
3416,arc_pair_318664,CD4+ T cells,10.774785197788177
3417,arc_pair_318894,B cells,23.84395669976626
3418,arc_pair_319008,CD4+ T cells,22.926444013988377
3419,arc_pair_319079,CD4+ T cells,18.40212592195595
3420,arc_pair_319187,NK cells,21.40305673063802
3421,arc_pair_319261,B cells,28.00283531542884
3422,arc_pair_319320,T cells,7.881927324721428
3423,arc_pair_319460,CD4+ T cells,23.285708792617275
3424,arc_pair_319605,Monocytes,76.38068013617524
3425,arc_pair_319631,CD4+ T cells,30.386304332494888
3426,arc_pair_319640,T cells,92.27366430570127
3427,arc_pair_319826,Monocytes,27.643296713315408
3428,arc_pair_320082,T cells,12.76897681514644
3429,arc_pair_320364,NK cells,43.599797402409465
3430,arc_pair_320616,CD4+ T cells,10.76972360972361
3431,arc_pair_320762,CD8+ T cells,13.300901066568592
3432,arc_pair_320765,T cells,9.901951506053583
3433,arc_pair_320777,CD8+ T cells,22.45614739146297
3434,arc_pair_320851,NK cells,8.35186564385194
3435,arc_pair_320854,CD4+ T cells,9.187157556178576
3436,arc_pair_320892,CD4+ T cells,8.283203070675604
3437,arc_pair_320895,T cells,30.953076224530335
3438,arc_pair_320955,T cells,11.90990241450436
3439,arc_pair_321252,NK cells,12.287064235437564
3440,arc_pair_321662,Monocytes,25.83148254149971
3441,arc_pair_321800,CD4+ T cells,21.3231481818292
3442,arc_pair_321904,CD4+ T cells,17.601319460284596
3443,arc_pair_322064,CD4+ T cells,11.642807594481411
3444,arc_pair_322297,T cells,18.550244893236833
3445,arc_pair_322377,CD4+ T cells,8.565935987089834
3446,arc_pair_323321,Monocytes,13.87631600900976
3447,arc_pair_323365,T cells,6.991071640868346
3448,arc_pair_323370,Monocytes,8.316214361324693
3449,arc_pair_323381,NK cells,10.11704539320991
3450,arc_pair_323436,CD4+ T cells,12.26518025712488
3451,arc_pair_323490,CD4+ T cells,15.759385959108055
3452,arc_pair_323604,T cells,15.691284264099798
3453,arc_pair_323868,NK cells,28.761858142297704
3454,arc_pair_323910,T cells,18.282482106029356
3455,arc_pair_323959,Monocytes,69.23909481182541
3456,arc_pair_323974,T cells,13.253518861095468
3457,arc_pair_324022,CD4+ T cells,11.53448845723584
3458,arc_pair_324272,CD4+ T cells,8.925383502170765
3459,arc_pair_325038,Dendritic cells,39.426738527697616
3460,arc_pair_325056,CD4+ T cells,39.18057576621312
3461,arc_pair_325155,T cells,51.53199391371214
3462,arc_pair_325250,B cells,10.378026430018329
3463,arc_pair_325305,Monocytes,33.515749646112525
3464,arc_pair_325324,T cells,14.986521256066895
3465,arc_pair_325346,CD4+ T cells,26.37518166049412
3466,arc_pair_325448,CD4+ T cells,7.744972874387547
3467,arc_pair_325547,Monocytes,12.109214845581832
3468,arc_pair_325722,T cells,13.038715007589293
3469,arc_pair_325764,T cells,13.510376258980292
3470,arc_pair_325767,NK cells,23.40711720062569
3471,arc_pair_325824,CD4+ T cells,17.692225744426544
3472,arc_pair_325894,CD4+ T cells,14.74477658254034
3473,arc_pair_325986,NK cells,11.615687507690629
3474,arc_pair_326215,NK cells,21.869793297839024
3475,arc_pair_326498,T cells,9.17846594730532
3476,arc_pair_326530,Dendritic cells,24.703849229806323
3477,arc_pair_326541,T cells,13.0228173439955
3478,arc_pair_326544,NK cells,37.16922969383475
3479,arc_pair_326553,T cells,13.377786023796414
3480,arc_pair_326707,Monocytes,47.18375197026882
3481,arc_pair_326709,T cells,9.065979625681118
3482,arc_pair_326783,T cells,9.46594789548402
3483,arc_pair_326912,CD4+ T cells,12.50811877281247
3484,arc_pair_327117,CD4+ T cells,11.420996165886947
3485,arc_pair_327184,T cells,13.0941850245244
3486,arc_pair_327196,T cells,10.208393518396932
3487,arc_pair_327313,CD4+ T cells,14.259362364949954
3488,arc_pair_327412,CD4+ T cells,8.949146502672567
3489,arc_pair_327446,T cells,8.18775256450109
3490,arc_pair_327467,T cells,17.28720543485953
3491,arc_pair_327559,NK cells,61.64100902068816
3492,arc_pair_327579,CD4+ T cells,8.254023217247099
3493,arc_pair_327635,T cells,8.66249773755656
3494,arc_pair_327743,CD4+ T cells,10.898958461728087
3495,arc_pair_327759,B cells,6.555091971721385
3496,arc_pair_327766,NK cells,10.222673610164406
3497,arc_pair_327885,T cells,7.243933567028554
3498,arc_pair_327934,NK cells,27.487580849309666
3499,arc_pair_327936,T cells,20.02689345532271
3500,arc_pair_328079,NK cells,22.614119165648212
3501,arc_pair_328108,CD4+ T cells,6.155167210381846
3502,arc_pair_328141,T cells,14.352858224353168
3503,arc_pair_328182,CD4+ T cells,12.538001674933968
3504,arc_pair_328250,CD4+ T cells,11.135343342691677
3505,arc_pair_328263,CD4+ T cells,9.92774752224064
3506,arc_pair_328703,CD8+ T cells,16.817717049487836
3507,arc_pair_328806,T cells,12.712487045180808
3508,arc_pair_328874,B cells,9.311128905793836
3509,arc_pair_328918,T cells,23.220004233963863
3510,arc_pair_328939,T cells,12.287528250780673
3511,arc_pair_328964,CD4+ T cells,52.14688110431046
3512,arc_pair_329115,Monocytes,15.066270760596469
3513,arc_pair_329228,T cells,13.045496228922202
3514,arc_pair_329296,CD4+ T cells,12.1923531655225
3515,arc_pair_329440,NK cells,18.208174378985987
3516,arc_pair_329501,Monocytes,19.324235942071745
3517,arc_pair_329549,CD4+ T cells,18.64794024110643
3518,arc_pair_329615,T cells,23.583006169377455
3519,arc_pair_329673,Monocytes,71.01019223793979
3520,arc_pair_329849,CD4+ T cells,9.65342114777032
3521,arc_pair_329887,Monocytes,24.90607314618052
3522,arc_pair_329928,T cells,7.5674946673088845
3523,arc_pair_329964,NK cells,20.740657377634868
3524,arc_pair_330006,NK cells,21.14111928175494
3525,arc_pair_330014,T cells,8.29484772482981
3526,arc_pair_330150,T cells,20.51917420124439
3527,arc_pair_330280,CD4+ T cells,9.394700547498642
3528,arc_pair_330287,NK cells,10.381688668147955
3529,arc_pair_330596,T cells,13.037145212578023
3530,arc_pair_330771,Monocytes,24.074247239008123
3531,arc_pair_330789,B cells,18.353558052434455
3532,arc_pair_330813,CD4+ T cells,13.10966381142526
3533,arc_pair_330855,Monocytes,110.13622671121912
3534,arc_pair_330875,Monocytes,22.816936802973977
3535,arc_pair_330939,T cells,7.601975877325899
3536,arc_pair_330961,T cells,13.947787055228115
3537,arc_pair_331021,Monocytes,20.023558380576077
3538,arc_pair_331023,Monocytes,64.42060744535992
3539,arc_pair_331034,Monocytes,14.01494776540542
3540,arc_pair_331041,T cells,12.084751340573398
3541,arc_pair_331152,CD4+ T cells,8.106531021928856
3542,arc_pair_331166,CD4+ T cells,8.976144027646175
3543,arc_pair_331352,B cells,13.935291383490574
3544,arc_pair_331399,B cells,10.642436269271869
3545,arc_pair_331414,Monocytes,44.08851235175688
3546,arc_pair_331608,Monocytes,18.8297006164398
3547,arc_pair_331769,Monocytes,46.0289923156941
3548,arc_pair_331799,CD4+ T cells,11.426959162398589
3549,arc_pair_331926,CD4+ T cells,18.0716180843676
3550,arc_pair_331937,Monocytes,49.14929689427373
3551,arc_pair_332028,T cells,15.416860916860914
3552,arc_pair_332041,CD4+ T cells,13.933878755364804
3553,arc_pair_332257,CD4+ T cells,9.749535714285711
3554,arc_pair_332309,CD4+ T cells,12.197441665708798
3555,arc_pair_332461,Monocytes,62.76736456155981
3556,arc_pair_332522,NK cells,17.575180321805068
3557,arc_pair_332539,Monocytes,27.250570322032996
3558,arc_pair_332544,CD4+ T cells,11.421836886202142
3559,arc_pair_332649,CD4+ T cells,72.34630832992224
3560,arc_pair_332830,CD8+ T cells,48.60307822190473
3561,arc_pair_332910,Monocytes,23.99080274495395
3562,arc_pair_333096,T cells,12.084497687690645
3563,arc_pair_333357,CD8+ T cells,12.964303279338736
3564,arc_pair_333479,CD4+ T cells,11.7900207570788
3565,arc_pair_333631,B cells,42.96095164919598
3566,arc_pair_333656,Monocytes,117.44108660998936
3567,arc_pair_333737,Monocytes,13.6017316017316
3568,arc_pair_333859,Monocytes,16.271284916201118
3569,arc_pair_333976,Monocytes,77.1190651037989
3570,arc_pair_334049,CD4+ T cells,6.743780971258673
3571,arc_pair_334296,T cells,17.603080872913992
3572,arc_pair_334324,CD4+ T cells,15.1486916171365
3573,arc_pair_334371,CD4+ T cells,11.16353263688227
3574,arc_pair_334378,Monocytes,41.00433307747542
3575,arc_pair_334393,Monocytes,22.562292404529025
3576,arc_pair_334396,T cells,9.63743011080614
3577,arc_pair_334444,Monocytes,55.95922388493088
3578,arc_pair_334595,CD4+ T cells,10.704784024409683
3579,arc_pair_334647,Dendritic cells,13.26904561880759
3580,arc_pair_334864,Monocytes,30.08497016164091
3581,arc_pair_335006,CD4+ T cells,9.292020750489494
3582,arc_pair_335080,CD4+ T cells,55.93363277091567
3583,arc_pair_335083,CD8+ T cells,11.009613417876867
3584,arc_pair_335138,CD8+ T cells,12.527601024708702
3585,arc_pair_335237,T cells,25.13696669487728
3586,arc_pair_335417,CD4+ T cells,62.259407142773746
3587,arc_pair_335456,Monocytes,45.575322630528305
3588,arc_pair_336003,CD4+ T cells,24.715844373838497
3589,arc_pair_336006,NK cells,18.329172042194735
3590,arc_pair_336028,CD4+ T cells,8.97876923473797
3591,arc_pair_336036,Monocytes,8.046172109534625
3592,arc_pair_336202,CD8+ T cells,12.139638595051643
3593,arc_pair_336218,CD8+ T cells,88.9193767775442
3594,arc_pair_336260,Monocytes,17.64669488360513
3595,arc_pair_336359,CD8+ T cells,13.753624573813845
3596,arc_pair_336405,CD4+ T cells,15.820866644272757
3597,arc_pair_336419,CD4+ T cells,23.918655298973192
3598,arc_pair_336574,Monocytes,20.330621133619708
3599,arc_pair_336806,NK cells,37.673542566317096
3600,arc_pair_336808,T cells,11.061170105382164
3601,arc_pair_336817,T cells,15.814034902307885
3602,arc_pair_337055,CD4+ T cells,11.444057597813806
3603,arc_pair_337111,B cells,12.64365900719172
3604,arc_pair_337126,CD4+ T cells,8.148491287717807
3605,arc_pair_337133,CD4+ T cells,8.42246966613912
3606,arc_pair_337308,CD4+ T cells,10.30500074836607
3607,arc_pair_337506,T cells,14.26971403812825
3608,arc_pair_337560,CD4+ T cells,9.911584719720253
3609,arc_pair_337607,T cells,17.262711092014634
3610,arc_pair_337657,CD4+ T cells,20.490673992327
3611,arc_pair_337659,Monocytes,16.78137283860853
3612,arc_pair_337754,CD4+ T cells,12.646704418729271
3613,arc_pair_337790,T cells,33.172733912196705
3614,arc_pair_337841,Monocytes,28.99021468640601
3615,arc_pair_338183,B cells,21.95014196479273
3616,arc_pair_338442,T cells,5.917918952585406
3617,arc_pair_338625,Monocytes,42.810807094733946
3618,arc_pair_338635,NK cells,21.08688741721854
3619,arc_pair_338697,NK cells,28.23333976529198
3620,arc_pair_338794,CD4+ T cells,9.4841094696597
3621,arc_pair_338883,Monocytes,82.6494000095616
3622,arc_pair_338890,T cells,10.257814841223096
3623,arc_pair_338897,Monocytes,17.141692303844327
3624,arc_pair_338969,CD4+ T cells,15.396583564173593
3625,arc_pair_339007,Monocytes,18.805067792842856
3626,arc_pair_339048,CD4+ T cells,20.412794980567483
3627,arc_pair_339084,CD4+ T cells,7.211974149198818
3628,arc_pair_339193,NK cells,15.594106947981084
3629,arc_pair_339296,Monocytes,74.81446109921484
3630,arc_pair_339327,T cells,12.914201762977472
3631,arc_pair_339365,Monocytes,32.40368558382257
3632,arc_pair_339843,CD4+ T cells,16.33195889288191
3633,arc_pair_339960,Monocytes,32.542218355806874
3634,arc_pair_340045,T cells,9.932267627303087
3635,arc_pair_340088,CD8+ T cells,7.849347396811637
3636,arc_pair_340180,CD4+ T cells,22.181812440795703
3637,arc_pair_340182,Monocytes,14.290392152315576
3638,arc_pair_340214,Monocytes,15.744603234298609
3639,arc_pair_340519,Monocytes,24.19340413638904
3640,arc_pair_340618,Dendritic cells,15.522281142431856
3641,arc_pair_340648,CD4+ T cells,10.951436705044244
3642,arc_pair_340737,CD4+ T cells,14.700192662260983
3643,arc_pair_340777,NK cells,13.904872302090292
3644,arc_pair_340830,T cells,30.66141688847209
3645,arc_pair_340847,NK cells,20.88737999756957
3646,arc_pair_340880,Monocytes,17.38466530019467
3647,arc_pair_340910,CD4+ T cells,7.698005939753925
3648,arc_pair_340998,CD4+ T cells,18.171635468775214
3649,arc_pair_341308,T cells,57.20741215422407
3650,arc_pair_341369,Monocytes,88.22204501576873
3651,arc_pair_341597,CD4+ T cells,115.4024223758505
3652,arc_pair_341691,Monocytes,32.11982865081815
3653,arc_pair_341859,T cells,18.00691829564904
3654,arc_pair_342044,T cells,8.736238677392791
3655,arc_pair_342189,Monocytes,29.020900501661835
3656,arc_pair_342232,CD4+ T cells,13.989945578756416
3657,arc_pair_342346,CD4+ T cells,6.879144548511714
3658,arc_pair_342385,CD4+ T cells,16.496789173133642
3659,arc_pair_342529,CD4+ T cells,11.572631059736862
3660,arc_pair_342532,CD4+ T cells,12.104228941820589
3661,arc_pair_342635,CD4+ T cells,13.991917745153206
3662,arc_pair_342703,NK cells,10.639213867884148
3663,arc_pair_342708,CD4+ T cells,6.818196374246117
3664,arc_pair_342941,CD8+ T cells,14.961078722546109
3665,arc_pair_342946,Monocytes,16.11680232738077
3666,arc_pair_343113,NK cells,21.7172768160326
3667,arc_pair_343117,Monocytes,16.75955474098431
3668,arc_pair_343155,B cells,7.051967488380017
3669,arc_pair_343364,CD8+ T cells,71.92011365046964
3670,arc_pair_343484,CD8+ T cells,10.963000377298783
3671,arc_pair_343578,NK cells,26.703131554919427
3672,arc_pair_343649,T cells,19.09126560833281
3673,arc_pair_343684,NK cells,17.224424420674026
3674,arc_pair_343691,CD4+ T cells,12.257663671373557
3675,arc_pair_343983,Monocytes,11.425877368413255
3676,arc_pair_344149,CD4+ T cells,9.63037848905483
3677,arc_pair_344401,T cells,12.939972864948114
3678,arc_pair_344527,T cells,12.183111762230569
3679,arc_pair_344592,Monocytes,67.23529777523535
3680,arc_pair_344775,T cells,21.30455820260733
3681,arc_pair_344985,NK cells,26.805066650582063
3682,arc_pair_344989,CD4+ T cells,17.0039746573132
3683,arc_pair_345145,Monocytes,11.023363626812356
3684,arc_pair_345196,NK cells,12.46744426398937
3685,arc_pair_345197,T cells,19.866302093154815
3686,arc_pair_345239,NK cells,15.598867507059886
3687,arc_pair_345250,CD4+ T cells,17.877962264150945
3688,arc_pair_345259,Monocytes,27.40438410907381
3689,arc_pair_345270,CD4+ T cells,24.958023538825724
3690,arc_pair_345537,CD8+ T cells,23.460584008748892
3691,arc_pair_345840,Monocytes,21.509890315927628
3692,arc_pair_345899,T cells,11.38100443219933
3693,arc_pair_345988,NK cells,24.36875592256667
3694,arc_pair_345998,T cells,11.72449779170822
3695,arc_pair_346047,CD8+ T cells,30.845063837439305
3696,arc_pair_346060,CD4+ T cells,17.992973063409735
3697,arc_pair_346106,CD4+ T cells,13.000069178619194
3698,arc_pair_346115,CD4+ T cells,12.845774677304815
3699,arc_pair_346148,CD4+ T cells,9.309465616607826
3700,arc_pair_346154,T cells,26.29212914377431
3701,arc_pair_346350,T cells,16.028168633699735
3702,arc_pair_346485,CD4+ T cells,24.342260421143106
3703,arc_pair_346499,T cells,24.55408961799316
3704,arc_pair_346513,T cells,86.44626524924016
3705,arc_pair_346584,CD8+ T cells,13.353291968748744
3706,arc_pair_346646,CD8+ T cells,8.980219942431175
3707,arc_pair_346988,Dendritic cells,342.9233053931582
3708,arc_pair_347010,T cells,11.125186258700577
3709,arc_pair_347045,T cells,11.78997022701898
3710,arc_pair_347081,CD4+ T cells,11.416607378798656
3711,arc_pair_347100,B cells,20.287331776562404
3712,arc_pair_347277,T cells,7.930882149434218
3713,arc_pair_347280,NK cells,22.71682109494495
3714,arc_pair_347311,T cells,16.06137274549098
3715,arc_pair_347367,CD8+ T cells,9.944923040612304
3716,arc_pair_347716,CD4+ T cells,12.35474615648288
3717,arc_pair_347739,CD4+ T cells,32.18179645012849
3718,arc_pair_347846,CD4+ T cells,14.70717470498052
3719,arc_pair_347923,T cells,14.800308372997254
3720,arc_pair_348025,NK cells,24.97525042660449
3721,arc_pair_348148,Dendritic cells,25.82562118969167
3722,arc_pair_348292,NK cells,11.23118392494574
3723,arc_pair_348324,T cells,17.656451706693026
3724,arc_pair_348676,NK cells,8.648065997353878
3725,arc_pair_348684,T cells,16.548145425760488
3726,arc_pair_348759,T cells,9.806712696586114
3727,arc_pair_348826,T cells,10.332822765931718
3728,arc_pair_348878,CD4+ T cells,18.631063120744173
3729,arc_pair_348910,CD4+ T cells,6.011944585529889
3730,arc_pair_349037,CD4+ T cells,16.44065051935133
3731,arc_pair_349140,B cells,13.4090459748707
3732,arc_pair_349309,NK cells,17.57156096915133
3733,arc_pair_349432,T cells,26.088920661543327
3734,arc_pair_349452,CD4+ T cells,15.07796321110976
3735,arc_pair_349461,T cells,7.5191936099248
3736,arc_pair_349555,Monocytes,52.1729047525143
3737,arc_pair_349672,CD4+ T cells,10.609084402231336
3738,arc_pair_349698,T cells,13.104627186661642
3739,arc_pair_350091,T cells,13.895402981343167
3740,arc_pair_350335,CD8+ T cells,15.256924029088657
3741,arc_pair_350362,T cells,12.266517241379308
3742,arc_pair_350519,CD4+ T cells,12.976796174198476
3743,arc_pair_350644,CD4+ T cells,30.79663279366173
3744,arc_pair_350691,CD4+ T cells,12.044832477573772
3745,arc_pair_350857,T cells,9.543155423550964
3746,arc_pair_350931,CD4+ T cells,13.137786303768458
3747,arc_pair_350998,T cells,27.781662217555933
3748,arc_pair_351063,CD4+ T cells,6.923156801661475
3749,arc_pair_351077,B cells,18.07102083598918
3750,arc_pair_351343,CD8+ T cells,16.70472169903228
3751,arc_pair_351547,T cells,17.923461497722702
3752,arc_pair_351727,CD4+ T cells,22.23329742517373
3753,arc_pair_351762,Monocytes,16.512343098884116
3754,arc_pair_351771,Monocytes,20.23346582475913
3755,arc_pair_351799,T cells,8.145010008938801
3756,arc_pair_351826,Monocytes,132.0462356534966
3757,arc_pair_351857,T cells,11.38684257925072
3758,arc_pair_351880,Monocytes,25.77605005225546
3759,arc_pair_352073,NK cells,11.20334832716723
3760,arc_pair_352583,CD4+ T cells,12.400129018385122
3761,arc_pair_352630,NK cells,16.038778081604203
3762,arc_pair_352665,Monocytes,35.48304117407256
3763,arc_pair_352717,CD4+ T cells,127.58748212867356
3764,arc_pair_352744,T cells,11.715166054597342
3765,arc_pair_352793,T cells,14.473514481934906
3766,arc_pair_353026,Monocytes,15.89001013013325
3767,arc_pair_353064,T cells,38.76396894935055
3768,arc_pair_353210,CD4+ T cells,7.600441862368057
3769,arc_pair_353361,CD4+ T cells,128.4557663003754
3770,arc_pair_353434,T cells,104.730375636705
3771,arc_pair_353455,Monocytes,30.209543810523854
3772,arc_pair_353633,CD4+ T cells,13.625018419536769
3773,arc_pair_353813,B cells,16.10019245424368
3774,arc_pair_353818,CD4+ T cells,11.166105341940312
3775,arc_pair_353881,CD4+ T cells,12.529002986446129
3776,arc_pair_353897,T cells,15.745744393407186
3777,arc_pair_353955,CD8+ T cells,13.428624450996969
3778,arc_pair_354024,B cells,22.844076801979085
3779,arc_pair_354138,Monocytes,22.41811548509143
3780,arc_pair_354182,NK cells,18.162236930554837
3781,arc_pair_354288,NK cells,12.2967330648511
3782,arc_pair_354351,T cells,15.108340913476116
3783,arc_pair_354476,NK cells,11.131644606081109
3784,arc_pair_354557,CD4+ T cells,10.613200413245146
3785,arc_pair_354648,CD4+ T cells,13.12141340710242
3786,arc_pair_354755,CD4+ T cells,24.20586717136958
3787,arc_pair_355061,T cells,8.453940012639153
3788,arc_pair_355128,Monocytes,29.037662415424226
3789,arc_pair_355371,NK cells,20.758499352492574
3790,arc_pair_355420,CD4+ T cells,7.701058057022559
3791,arc_pair_355456,CD4+ T cells,16.71865169329186
3792,arc_pair_355461,CD4+ T cells,12.03567965523433
3793,arc_pair_355482,CD4+ T cells,10.154873739550116
3794,arc_pair_355645,NK cells,9.297226875116325
3795,arc_pair_355871,T cells,10.445796700835668
3796,arc_pair_355982,T cells,16.906086242299793
3797,arc_pair_356312,CD4+ T cells,11.582735218642942
3798,arc_pair_356382,T cells,12.951677390693744
3799,arc_pair_356488,CD4+ T cells,13.741776169430192
3800,arc_pair_356499,T cells,10.47467356263191
3801,arc_pair_356590,Monocytes,67.3759982902522
3802,arc_pair_356594,NK cells,19.84825239566676
3803,arc_pair_356657,T cells,21.60213957097722
3804,arc_pair_356709,T cells,6.329572023991054
3805,arc_pair_356802,B cells,9.677310645820672
3806,arc_pair_356854,Monocytes,24.35780775075988
3807,arc_pair_356962,CD4+ T cells,8.725961469598223
3808,arc_pair_356968,NK cells,8.736758811690436
3809,arc_pair_357135,T cells,28.39397373726366
3810,arc_pair_357229,Monocytes,12.80524389822902
3811,arc_pair_357253,T cells,11.73491354631856
3812,arc_pair_357359,CD4+ T cells,20.971652930736877
3813,arc_pair_357419,T cells,14.13376035426922
3814,arc_pair_357436,NK cells,21.33952304294111
3815,arc_pair_357478,CD4+ T cells,25.0750397159144
3816,arc_pair_357486,NK cells,13.267138330511171
3817,arc_pair_357491,Monocytes,53.235873554714125
3818,arc_pair_357517,T cells,15.650741029641186
3819,arc_pair_357612,Monocytes,33.84367972485213
3820,arc_pair_357665,T cells,16.658213757718062
3821,arc_pair_357725,NK cells,12.220792105402404
3822,arc_pair_357908,CD4+ T cells,9.483834450280746
3823,arc_pair_357921,CD4+ T cells,8.120826731159482
3824,arc_pair_358016,B cells,11.12315200486244
3825,arc_pair_358141,CD4+ T cells,12.62494498425703
3826,arc_pair_358275,CD4+ T cells,9.83098261195897
3827,arc_pair_358358,Monocytes,20.16039511575154
3828,arc_pair_358378,CD8+ T cells,13.046487093535706
3829,arc_pair_358404,B cells,20.833013384878132
3830,arc_pair_358459,CD8+ T cells,17.0089858487759
3831,arc_pair_358495,B cells,41.42494140513348
3832,arc_pair_358574,CD4+ T cells,15.067204570512178
3833,arc_pair_358646,T cells,7.339852611514559
3834,arc_pair_358793,T cells,25.037588476490953
3835,arc_pair_358867,CD8+ T cells,17.357727879538647
3836,arc_pair_358946,Monocytes,6.263247418207065
3837,arc_pair_358966,Dendritic cells,15.8972604450216
3838,arc_pair_359216,CD4+ T cells,22.055867214157654
3839,arc_pair_359466,T cells,7.30498392559355
3840,arc_pair_359728,B cells,31.846206652659607
3841,arc_pair_359777,Dendritic cells,29.552324889998815
3842,arc_pair_359817,T cells,22.63671749071675
3843,arc_pair_359895,T cells,34.57819110907962
3844,arc_pair_359918,CD8+ T cells,14.73241468657068
3845,arc_pair_359934,Monocytes,49.136445659170775
3846,arc_pair_359988,Monocytes,20.481087470449175
3847,arc_pair_360020,NK cells,7.614178795192472
3848,arc_pair_360029,T cells,28.33952458858628
3849,arc_pair_360109,Monocytes,80.29937306562971
3850,arc_pair_360210,NK cells,19.36732071540198
3851,arc_pair_360286,CD4+ T cells,27.257723270440252
3852,arc_pair_360333,T cells,15.733556930732046
3853,arc_pair_360403,CD4+ T cells,16.780297036823935
3854,arc_pair_360405,Monocytes,34.22199694985198
3855,arc_pair_360418,CD4+ T cells,14.66174556946338
3856,arc_pair_360450,T cells,14.556310162736152
3857,arc_pair_360504,Monocytes,225.48818698521265
3858,arc_pair_360591,CD4+ T cells,12.187095879006524
3859,arc_pair_360699,T cells,13.963552937177816
3860,arc_pair_360879,CD4+ T cells,10.250272278813505
3861,arc_pair_360985,T cells,15.08109168702609
3862,arc_pair_361012,Monocytes,17.16792923122037
3863,arc_pair_361031,CD4+ T cells,14.178853377671038
3864,arc_pair_361050,Monocytes,19.67761332793498
3865,arc_pair_361331,Monocytes,18.73317384370016
3866,arc_pair_361340,T cells,201.72822664087457
3867,arc_pair_361430,NK cells,17.553460798974577
3868,arc_pair_361444,CD8+ T cells,13.502315954028314
3869,arc_pair_361537,Monocytes,19.454924898492298
3870,arc_pair_361621,CD4+ T cells,11.953721450247563
3871,arc_pair_361662,T cells,7.978408841396472
3872,arc_pair_361695,Monocytes,11.930369255878002
3873,arc_pair_361818,NK cells,12.128960615931302
3874,arc_pair_361874,NK cells,38.395625138796355
3875,arc_pair_362013,Monocytes,21.101285471743875
3876,arc_pair_362064,T cells,15.389637807811448
3877,arc_pair_362078,NK cells,11.299417600609791
3878,arc_pair_362127,Monocytes,89.12699933906147
3879,arc_pair_362195,CD4+ T cells,13.551744600047474
3880,arc_pair_362277,CD4+ T cells,8.929332512873659
3881,arc_pair_362283,NK cells,13.010095583876703
3882,arc_pair_362289,T cells,12.757015601668297
3883,arc_pair_362323,Monocytes,51.13489691760124
3884,arc_pair_362324,Monocytes,17.08828351012536
3885,arc_pair_362336,CD4+ T cells,9.045154766092155
3886,arc_pair_362380,Monocytes,34.797095454754356
3887,arc_pair_362500,T cells,8.595104688882335
3888,arc_pair_362563,Monocytes,22.122074077119976
3889,arc_pair_362829,T cells,12.576113687754798
3890,arc_pair_363118,Dendritic cells,28.66139320538399
3891,arc_pair_363199,CD4+ T cells,11.397476132271812
3892,arc_pair_363427,CD4+ T cells,14.157704708806342
3893,arc_pair_363478,CD4+ T cells,11.56694858709177
3894,arc_pair_363502,NK cells,6.605573191085512
3895,arc_pair_363554,T cells,15.423129315609
3896,arc_pair_364083,B cells,13.058590847940886
3897,arc_pair_364242,Monocytes,39.659356779671555
3898,arc_pair_364330,NK cells,8.730743217022031
3899,arc_pair_364753,CD4+ T cells,10.091395172381088
3900,arc_pair_364949,B cells,17.22528769216938
3901,arc_pair_364966,CD4+ T cells,8.48935711203797
3902,arc_pair_365021,T cells,10.576405524907257
3903,arc_pair_365022,CD4+ T cells,9.547353258912496
3904,arc_pair_365081,T cells,10.646326473970102
3905,arc_pair_365102,B cells,22.02397334592849
3906,arc_pair_365196,T cells,13.463312686793431
3907,arc_pair_365226,CD4+ T cells,13.803388398211755
3908,arc_pair_365355,T cells,17.760946978069207
3909,arc_pair_365956,NK cells,31.125189393939394
3910,arc_pair_366033,CD4+ T cells,17.563216060022306
3911,arc_pair_366035,CD4+ T cells,21.988126649076516
3912,arc_pair_366060,CD4+ T cells,30.6178774057181
3913,arc_pair_366068,Monocytes,28.467743533842043
3914,arc_pair_366186,CD4+ T cells,14.635108510262894
3915,arc_pair_366278,CD4+ T cells,12.582462535439449
3916,arc_pair_366361,NK cells,21.654607721046077
3917,arc_pair_366401,NK cells,13.444021492668584
3918,arc_pair_366501,NK cells,11.316256958779007
3919,arc_pair_366748,T cells,12.672833603569895
3920,arc_pair_366797,CD4+ T cells,22.4671801135464
3921,arc_pair_366812,CD4+ T cells,18.62207666333167
3922,arc_pair_366825,T cells,11.442092940665818
3923,arc_pair_367017,CD4+ T cells,139.49398856250843
3924,arc_pair_367108,CD4+ T cells,37.480033466632634
3925,arc_pair_367141,Monocytes,22.33642106757524
3926,arc_pair_367253,T cells,9.397623323122424
3927,arc_pair_367290,CD4+ T cells,8.733447488584476
3928,arc_pair_367305,CD4+ T cells,13.345358163663606
3929,arc_pair_367352,CD4+ T cells,11.553439334509171
3930,arc_pair_367431,CD4+ T cells,11.919823766615224
3931,arc_pair_367474,CD4+ T cells,18.74649114936488
3932,arc_pair_367520,CD4+ T cells,10.821506714575346
3933,arc_pair_367608,T cells,14.418421148764658
3934,arc_pair_367671,T cells,13.622245601730084
3935,arc_pair_367941,T cells,15.079414151563164
3936,arc_pair_368020,Monocytes,16.878712871287128
3937,arc_pair_368367,T cells,11.00969523881102
3938,arc_pair_368370,T cells,28.66524155063084
3939,arc_pair_368427,CD4+ T cells,9.313983701429075
3940,arc_pair_368759,NK cells,12.246298849028904
3941,arc_pair_368843,Monocytes,32.92910896490162
3942,arc_pair_368846,Monocytes,19.557166844756523
3943,arc_pair_368859,Dendritic cells,36.97643477988014
3944,arc_pair_369070,CD8+ T cells,11.271208727693084
3945,arc_pair_369339,T cells,20.89657664167645
3946,arc_pair_369461,CD4+ T cells,9.291050890662458
3947,arc_pair_369521,T cells,17.57420089613523
3948,arc_pair_369707,CD4+ T cells,10.312462174702445
3949,arc_pair_369757,T cells,8.530379630480741
3950,arc_pair_369959,NK cells,14.013064798598949
3951,arc_pair_370059,T cells,11.082205947173906
3952,arc_pair_370061,Monocytes,37.38942102517901
3953,arc_pair_370148,CD4+ T cells,13.671766785476253
3954,arc_pair_370285,Monocytes,29.206569062227892
3955,arc_pair_370338,NK cells,22.491706514181935
3956,arc_pair_370506,CD4+ T cells,8.347708321241317
3957,arc_pair_370511,CD4+ T cells,63.09328884232853
3958,arc_pair_370525,NK cells,8.785552747106557
3959,arc_pair_370614,T cells,21.143295734263837
3960,arc_pair_370710,T cells,21.68388304207277
3961,arc_pair_370739,NK cells,32.36775811659069
3962,arc_pair_370771,CD8+ T cells,11.519968591774294
3963,arc_pair_370815,T cells,11.538759453525252
3964,arc_pair_370859,T cells,28.38163792898987
3965,arc_pair_370968,NK cells,10.138539611787914
3966,arc_pair_371039,Monocytes,47.47195138604397
3967,arc_pair_371139,CD4+ T cells,21.880045642561686
3968,arc_pair_371153,Monocytes,37.15245827169697
3969,arc_pair_371159,T cells,14.044881981318554
3970,arc_pair_371236,Monocytes,24.15938660392868
3971,arc_pair_371330,NK cells,15.891371654866196
3972,arc_pair_371434,B cells,35.48070022517615
3973,arc_pair_371535,NK cells,9.226266492093869
3974,arc_pair_371590,B cells,8.648347204188926
3975,arc_pair_371619,T cells,9.68106058335082
3976,arc_pair_371645,Dendritic cells,31.106501715473428
3977,arc_pair_371668,Monocytes,161.0850330070567
3978,arc_pair_371675,T cells,35.831374570061726
3979,arc_pair_371687,NK cells,10.920495349529697
3980,arc_pair_371759,B cells,32.53246459514945
3981,arc_pair_371796,T cells,13.059046147399297
3982,arc_pair_371800,B cells,13.423501931542535
3983,arc_pair_371844,NK cells,6.816069136647557
3984,arc_pair_371901,Dendritic cells,17.549339155522635
3985,arc_pair_372031,Monocytes,28.9163257663056
3986,arc_pair_372420,CD4+ T cells,10.621752280539798
3987,arc_pair_372512,CD8+ T cells,7.336836001751334
3988,arc_pair_372636,B cells,16.31341633500017
3989,arc_pair_372698,CD4+ T cells,12.908863205352992
3990,arc_pair_372710,T cells,13.291453602717684
3991,arc_pair_372760,Monocytes,152.8995962035342
3992,arc_pair_372789,T cells,20.583310752956223
3993,arc_pair_372796,CD4+ T cells,27.43464753310156
3994,arc_pair_373102,T cells,12.348935481914312
3995,arc_pair_373103,T cells,13.20094059007959
3996,arc_pair_373184,Monocytes,18.074639201474984
3997,arc_pair_373194,CD4+ T cells,22.337136186050813
3998,arc_pair_373340,T cells,8.395663810115975
3999,arc_pair_373380,NK cells,11.264557368436414
4000,arc_pair_373622,T cells,10.580488837657906
4001,arc_pair_374132,CD4+ T cells,16.452314618060473
4002,arc_pair_374152,T cells,10.23077698276731
4003,arc_pair_374246,CD8+ T cells,16.74488871269185
4004,arc_pair_374258,CD4+ T cells,11.564658203486434
4005,arc_pair_374312,NK cells,24.15306710580486
4006,arc_pair_374445,NK cells,19.215356193238716
4007,arc_pair_374486,CD4+ T cells,11.382836284560424
4008,arc_pair_374530,T cells,34.66066852004691
4009,arc_pair_374532,CD4+ T cells,25.64799106612493
4010,arc_pair_374740,T cells,16.6116084356311
4011,arc_pair_374754,T cells,12.824908225022323
4012,arc_pair_374786,CD4+ T cells,11.964598249801114
4013,arc_pair_374805,Dendritic cells,27.84020871992514
4014,arc_pair_374990,Dendritic cells,15.979738468170716
4015,arc_pair_374992,Monocytes,14.33347240051348
4016,arc_pair_375044,B cells,75.50032789518062
4017,arc_pair_375352,Monocytes,65.53348067268709
4018,arc_pair_375376,NK cells,27.456178058601893
4019,arc_pair_375653,NK cells,9.925966963844331
4020,arc_pair_375672,Monocytes,22.00890492889348
4021,arc_pair_376128,T cells,11.705950943239078
4022,arc_pair_376190,CD4+ T cells,10.687292252620814
4023,arc_pair_376212,NK cells,11.199120946777944
4024,arc_pair_376331,CD4+ T cells,13.98865266448284
4025,arc_pair_376371,T cells,11.950300061587818
4026,arc_pair_376379,Monocytes,29.97646198007542
4027,arc_pair_376401,CD4+ T cells,9.352686099735005
4028,arc_pair_376500,NK cells,12.793846316048429
4029,arc_pair_376502,CD4+ T cells,11.729455175607644
4030,arc_pair_376682,CD4+ T cells,11.829217330740882
4031,arc_pair_376716,Monocytes,15.19719211993214
4032,arc_pair_376933,CD4+ T cells,21.10515833988985
4033,arc_pair_377010,NK cells,13.689976250612585
4034,arc_pair_377054,CD4+ T cells,15.338684460777204
4035,arc_pair_377057,NK cells,21.399690396968023
4036,arc_pair_377210,Monocytes,18.434583194253857
4037,arc_pair_377247,T cells,26.070013177195992
4038,arc_pair_377264,T cells,410.4851143009038
4039,arc_pair_377313,CD4+ T cells,9.327925901422429
4040,arc_pair_377414,NK cells,20.75526858577706
4041,arc_pair_377480,T cells,9.25079488270786
4042,arc_pair_377675,CD4+ T cells,12.23923575900977
4043,arc_pair_377769,Monocytes,63.37946262475937
4044,arc_pair_377805,NK cells,11.35229586688925
4045,arc_pair_377850,CD8+ T cells,19.84925293489861
4046,arc_pair_377863,Monocytes,26.233399592054152
4047,arc_pair_377875,CD8+ T cells,9.87029082833548
4048,arc_pair_377923,Monocytes,23.16976606938811
4049,arc_pair_377942,CD4+ T cells,62.93381765436196
4050,arc_pair_377985,NK cells,15.020412468156223
4051,arc_pair_378045,Dendritic cells,18.78931605390956
4052,arc_pair_378130,T cells,15.691848418756816
4053,arc_pair_378143,CD4+ T cells,13.836205410994316
4054,arc_pair_378304,Monocytes,29.354646115214575
4055,arc_pair_378352,T cells,23.81783448275862
4056,arc_pair_378371,CD4+ T cells,10.757454754057791
4057,arc_pair_378398,CD8+ T cells,21.25514420352943
4058,arc_pair_378450,NK cells,36.66352492943558
4059,arc_pair_378759,CD4+ T cells,9.482261005470177
4060,arc_pair_378760,CD4+ T cells,23.371524250291607
4061,arc_pair_378815,CD4+ T cells,8.55256446585435
4062,arc_pair_378854,NK cells,22.17883580080754
4063,arc_pair_378873,CD4+ T cells,6.89419989201171
4064,arc_pair_379270,T cells,16.47467518847089
4065,arc_pair_379416,T cells,46.00589467041478
4066,arc_pair_379461,Monocytes,17.286167627387574
4067,arc_pair_379470,Dendritic cells,19.388886950453593
4068,arc_pair_379507,CD4+ T cells,9.68035490404089
4069,arc_pair_379529,CD4+ T cells,14.216927703784714
4070,arc_pair_379560,NK cells,15.457142857142856
4071,arc_pair_379672,CD4+ T cells,6.513130312593582
4072,arc_pair_379779,T cells,12.481908649358456
4073,arc_pair_379879,Monocytes,21.525045888270817
4074,arc_pair_379937,Monocytes,54.15473989656706
4075,arc_pair_380012,CD4+ T cells,10.437691478497673
4076,arc_pair_380062,B cells,18.437708314566255
4077,arc_pair_380367,Monocytes,15.334435842450237
4078,arc_pair_380372,CD4+ T cells,20.43990228892248
4079,arc_pair_380416,T cells,12.975725587175038
4080,arc_pair_380535,Monocytes,12.6468606763471
4081,arc_pair_380631,CD8+ T cells,57.2430571174587
4082,arc_pair_380696,CD4+ T cells,10.700929016898272
4083,arc_pair_380748,NK cells,24.96551515151515
4084,arc_pair_380779,CD8+ T cells,7.641816121970891
4085,arc_pair_380818,CD8+ T cells,16.529900230800227
4086,arc_pair_380833,Monocytes,17.47417583847215
4087,arc_pair_380866,Dendritic cells,18.15576981453909
4088,arc_pair_381142,CD4+ T cells,10.34262295081967
4089,arc_pair_381329,T cells,11.84043025703416
4090,arc_pair_381443,NK cells,37.47073923836048
4091,arc_pair_381498,NK cells,19.56056579971549
4092,arc_pair_381692,CD4+ T cells,10.63921541542924
4093,arc_pair_381893,NK cells,72.66541830982189
4094,arc_pair_382007,CD4+ T cells,10.852772904111678
4095,arc_pair_382010,NK cells,19.14249264775001
4096,arc_pair_382028,CD4+ T cells,13.807631421744324
4097,arc_pair_382105,NK cells,9.33397531296507
4098,arc_pair_382131,CD4+ T cells,13.056252485448828
4099,arc_pair_382165,CD4+ T cells,8.011468415982385
4100,arc_pair_382271,NK cells,18.252552950075646
4101,arc_pair_382431,CD4+ T cells,18.98011149113845
4102,arc_pair_382439,T cells,8.34812147840768
4103,arc_pair_382455,T cells,10.095547139285188
4104,arc_pair_382524,T cells,11.789113672799452
4105,arc_pair_382564,NK cells,13.499425043878231
4106,arc_pair_382601,CD4+ T cells,13.166433155865125
4107,arc_pair_382640,CD4+ T cells,27.283955602873338
4108,arc_pair_382859,CD4+ T cells,10.52544787250088
4109,arc_pair_382874,CD4+ T cells,9.65960074336071
4110,arc_pair_382961,Monocytes,16.34402842380765
4111,arc_pair_383097,CD4+ T cells,8.07467153852134
4112,arc_pair_383134,CD4+ T cells,18.866505710332852
4113,arc_pair_383352,T cells,15.182881612616848
4114,arc_pair_383422,Monocytes,63.49001371562928
4115,arc_pair_383612,T cells,18.172015572349267
4116,arc_pair_383731,NK cells,78.424839055794
4117,arc_pair_383864,NK cells,7.197555308617032
4118,arc_pair_383902,Monocytes,16.48999542334096
4119,arc_pair_383913,Monocytes,30.214089920027128
4120,arc_pair_383999,Monocytes,22.568899082568805
4121,arc_pair_384107,T cells,11.643558121228024
4122,arc_pair_384183,CD4+ T cells,11.213716059437283
4123,arc_pair_384211,Monocytes,25.59342650487888
4124,arc_pair_384305,NK cells,12.862473940236276
4125,arc_pair_384485,CD4+ T cells,8.587430551406893
4126,arc_pair_384528,B cells,15.02964458095656
4127,arc_pair_384538,CD4+ T cells,10.146462459151934
4128,arc_pair_384700,CD4+ T cells,12.12986127468604
4129,arc_pair_384852,NK cells,24.55687092568448
4130,arc_pair_384892,T cells,21.4672467519199
4131,arc_pair_384979,NK cells,18.947591178539135
4132,arc_pair_384995,CD4+ T cells,12.455172517432077
4133,arc_pair_385201,T cells,9.319773727215589
4134,arc_pair_385292,Monocytes,33.631683168316826
4135,arc_pair_385416,CD4+ T cells,10.704918032786887
4136,arc_pair_385607,NK cells,11.8992927612029
4137,arc_pair_385636,Monocytes,12.171212989847058
4138,arc_pair_385714,NK cells,16.36932300287936
4139,arc_pair_385866,Monocytes,17.055325323582334
4140,arc_pair_385930,NK cells,10.55114236661384
4141,arc_pair_385970,CD4+ T cells,17.853245303822828
4142,arc_pair_386011,CD4+ T cells,36.65430912893342
4143,arc_pair_386073,Monocytes,19.499163912113552
4144,arc_pair_386215,CD8+ T cells,26.790493589534464
4145,arc_pair_386360,Monocytes,28.672937835559303
4146,arc_pair_386453,CD4+ T cells,11.79144459131028
4147,arc_pair_386500,T cells,13.610176756567745
4148,arc_pair_386590,B cells,24.8713360176302
4149,arc_pair_386609,Monocytes,54.28067745388151
4150,arc_pair_386623,NK cells,11.600552913492075
4151,arc_pair_386669,Monocytes,37.104051050939205
4152,arc_pair_386684,CD4+ T cells,10.081286901583242
4153,arc_pair_386767,CD8+ T cells,9.680405051307629
4154,arc_pair_387008,Dendritic cells,45.69514539138408
4155,arc_pair_387059,Monocytes,119.01639064880906
4156,arc_pair_387097,CD4+ T cells,38.19607493508375
4157,arc_pair_387108,Monocytes,42.68059090156159
4158,arc_pair_387149,Dendritic cells,33.86985436171794
4159,arc_pair_387269,Monocytes,78.10000242371363
4160,arc_pair_387327,CD4+ T cells,8.701168569145985
4161,arc_pair_387439,CD8+ T cells,11.668055167509078
4162,arc_pair_387556,Monocytes,9.517682561336064
4163,arc_pair_387597,CD4+ T cells,10.972195279663758
4164,arc_pair_387727,Monocytes,23.63655373752461
4165,arc_pair_387738,Monocytes,19.675812949915027
4166,arc_pair_388269,T cells,8.937693804532044
4167,arc_pair_388387,T cells,22.80710931235921
4168,arc_pair_388396,T cells,16.850251220126392
4169,arc_pair_388433,CD8+ T cells,8.580013258634363
4170,arc_pair_388435,T cells,8.145258016153212
4171,arc_pair_388560,Monocytes,37.50106781832851
4172,arc_pair_388726,NK cells,11.1184595530455
4173,arc_pair_388821,T cells,8.142407812359583
4174,arc_pair_388926,CD4+ T cells,19.546053648305552
4175,arc_pair_388959,T cells,18.320806044041053
4176,arc_pair_388971,CD4+ T cells,10.859500493433538
4177,arc_pair_388981,T cells,20.272768752453818
4178,arc_pair_389103,T cells,15.409182656685148
4179,arc_pair_389151,B cells,18.173617679938086
4180,arc_pair_389182,T cells,10.946843634442684
4181,arc_pair_389196,T cells,11.406831001872323
4182,arc_pair_389205,CD4+ T cells,14.78640432718426
4183,arc_pair_389221,CD4+ T cells,13.652831280632268
4184,arc_pair_389502,T cells,8.408749462258843
4185,arc_pair_389555,CD8+ T cells,19.21192686445462
4186,arc_pair_389672,Dendritic cells,26.97255536626916
4187,arc_pair_389798,CD4+ T cells,17.407633078695284
4188,arc_pair_389944,CD4+ T cells,22.906579167902223
4189,arc_pair_389994,CD4+ T cells,8.82979937737807
4190,arc_pair_390052,CD4+ T cells,7.994987797087681
4191,arc_pair_390136,Monocytes,32.30896339491788
4192,arc_pair_390257,CD4+ T cells,6.806177730060592
4193,arc_pair_390262,Monocytes,33.96327649934423
4194,arc_pair_390307,T cells,21.2548671274214
4195,arc_pair_390316,NK cells,9.206036637842711
4196,arc_pair_390357,T cells,7.260258598158142
4197,arc_pair_390389,NK cells,28.478000174157508
4198,arc_pair_390520,T cells,219.23397906558745
4199,arc_pair_390571,CD8+ T cells,10.94557823129252
4200,arc_pair_390608,NK cells,18.653960079186696
4201,arc_pair_390687,CD4+ T cells,7.4519680613645
4202,arc_pair_391022,T cells,39.73055161505975
4203,arc_pair_391296,NK cells,14.095945226601074
4204,arc_pair_391330,CD4+ T cells,8.346192115092894
4205,arc_pair_391470,Monocytes,37.18206690256447
4206,arc_pair_391488,B cells,12.031880067822788
4207,arc_pair_391596,CD4+ T cells,8.649137605718217
4208,arc_pair_391607,CD4+ T cells,11.566680374464791
4209,arc_pair_391864,NK cells,75.70975064488393
4210,arc_pair_391875,B cells,19.66265001641517
4211,arc_pair_391893,NK cells,16.872359749137814
4212,arc_pair_391997,CD4+ T cells,20.353547009071605
4213,arc_pair_392013,Monocytes,37.71936650796216
4214,arc_pair_392098,CD8+ T cells,17.9057984066505
4215,arc_pair_392116,Monocytes,32.52217892492974
4216,arc_pair_392341,CD4+ T cells,14.293232399008842
4217,arc_pair_392380,T cells,11.870158154763644
4218,arc_pair_392403,CD8+ T cells,27.92615525607736
4219,arc_pair_392525,NK cells,21.618983218279965
4220,arc_pair_392549,Monocytes,19.69045033865881
4221,arc_pair_392551,Monocytes,22.50977688403716
4222,arc_pair_392575,Dendritic cells,32.972004619865416
4223,arc_pair_392598,NK cells,14.467561988263403
4224,arc_pair_392614,T cells,7.817579532270868
4225,arc_pair_392622,CD8+ T cells,23.772237407732973
4226,arc_pair_392764,Monocytes,23.012239250744997
4227,arc_pair_392897,CD4+ T cells,13.511270511194803
4228,arc_pair_393023,NK cells,13.082866953766764
4229,arc_pair_393181,T cells,12.754291319274156
4230,arc_pair_393260,Monocytes,28.661863615982167
4231,arc_pair_393516,Dendritic cells,11.128779868894055
4232,arc_pair_393701,B cells,14.897161648203816
4233,arc_pair_393716,CD4+ T cells,7.880468246581225
4234,arc_pair_393821,NK cells,11.47121243523316
4235,arc_pair_393948,Monocytes,17.881506090808415
4236,arc_pair_393985,CD4+ T cells,16.53834004580273
4237,arc_pair_394003,CD4+ T cells,10.983214267225758
4238,arc_pair_394065,NK cells,18.240645033375188
4239,arc_pair_394206,T cells,12.297053386974014
4240,arc_pair_394267,B cells,31.38005548081388
4241,arc_pair_394466,Monocytes,17.024126152907247
4242,arc_pair_394566,Dendritic cells,16.386874491456467
4243,arc_pair_394659,T cells,12.330934799685782
4244,arc_pair_394685,T cells,12.627854691752454
4245,arc_pair_394692,Monocytes,17.532079103955198
4246,arc_pair_394840,CD4+ T cells,11.937471500894436
4247,arc_pair_394915,NK cells,16.388389920558623
4248,arc_pair_394923,T cells,16.365265200517463
4249,arc_pair_394995,CD4+ T cells,12.439215109673452
4250,arc_pair_395078,CD8+ T cells,21.75716566286917
4251,arc_pair_395507,T cells,8.96208288703963
4252,arc_pair_395651,CD4+ T cells,12.9140395734666
4253,arc_pair_395715,CD4+ T cells,8.765230089489647
4254,arc_pair_395855,Monocytes,14.88289089020486
4255,arc_pair_395923,CD4+ T cells,25.56559784382214
4256,arc_pair_395950,T cells,16.18731426036815
4257,arc_pair_396007,Monocytes,26.904492912187234
4258,arc_pair_396033,CD8+ T cells,11.62994262676384
4259,arc_pair_396065,T cells,10.202076452814278
4260,arc_pair_396081,CD4+ T cells,21.815302409361813
4261,arc_pair_396122,Monocytes,22.003568879371876
4262,arc_pair_396586,NK cells,19.411551326841597
4263,arc_pair_396648,Monocytes,32.54522380753821
4264,arc_pair_396696,Monocytes,13.787307302801844
4265,arc_pair_396763,CD4+ T cells,16.641018497882776
4266,arc_pair_396783,B cells,29.88551791850761
4267,arc_pair_397002,Dendritic cells,16.360745966597946
4268,arc_pair_397032,CD4+ T cells,19.260930553244098
4269,arc_pair_397228,Monocytes,27.254660440021883
4270,arc_pair_397335,T cells,18.060035442748525
4271,arc_pair_397645,Monocytes,16.936627450980392
4272,arc_pair_397691,Dendritic cells,24.021391247550618
4273,arc_pair_397937,T cells,15.7616867634035
4274,arc_pair_398007,CD4+ T cells,26.801725870471785
4275,arc_pair_398035,NK cells,10.16034790636654
4276,arc_pair_398103,NK cells,14.548940009021198
4277,arc_pair_398246,Monocytes,13.635938543754175
4278,arc_pair_398256,NK cells,16.04896619954665
4279,arc_pair_398321,NK cells,17.63648994833051
4280,arc_pair_398402,NK cells,8.026863757967279
4281,arc_pair_398488,NK cells,39.2352387254403
4282,arc_pair_398543,T cells,13.144014467609608
4283,arc_pair_398565,CD4+ T cells,9.916830617632716
4284,arc_pair_398656,T cells,8.920508581459957
4285,arc_pair_398712,CD8+ T cells,12.270633680922025
4286,arc_pair_398814,CD4+ T cells,15.618203279028744
4287,arc_pair_398835,Monocytes,42.0281302073881
4288,arc_pair_398859,CD4+ T cells,19.861913122980543
4289,arc_pair_398981,CD4+ T cells,24.488723054472914
4290,arc_pair_399083,T cells,8.540511162518463
4291,arc_pair_399092,CD4+ T cells,11.354994333323123
4292,arc_pair_399164,NK cells,14.57077466461821
4293,arc_pair_399170,T cells,10.167638252731347
4294,arc_pair_399263,CD4+ T cells,11.469341489261808
4295,arc_pair_399287,NK cells,20.61031782588669
4296,arc_pair_399291,T cells,16.113440481682005
4297,arc_pair_399339,CD4+ T cells,11.150889818568054
4298,arc_pair_399492,NK cells,10.016495806150978
4299,arc_pair_399651,NK cells,14.234854639161528
4300,arc_pair_399654,CD4+ T cells,7.401236840167857
4301,arc_pair_400019,Monocytes,18.9898599066044
4302,arc_pair_400038,T cells,18.909326601623796
4303,arc_pair_400176,Monocytes,14.345194977239736
4304,arc_pair_400375,NK cells,23.368084396073986
4305,arc_pair_400378,CD4+ T cells,16.667179688693864
4306,arc_pair_400382,NK cells,5.673747586050211
4307,arc_pair_400652,CD4+ T cells,16.197281259541484
4308,arc_pair_400680,T cells,50.85241517244587
4309,arc_pair_400729,B cells,83.80913580246914
4310,arc_pair_400731,CD4+ T cells,7.946131227134408
4311,arc_pair_400878,Monocytes,14.998123678945644
4312,arc_pair_400999,B cells,10.144957621913768
4313,arc_pair_401108,NK cells,12.781803250510876
4314,arc_pair_401128,Monocytes,13.363557079717964
4315,arc_pair_401150,NK cells,9.656441344015596
4316,arc_pair_401192,T cells,14.16383836846511
4317,arc_pair_401270,Monocytes,291.6965658151115
4318,arc_pair_401405,CD4+ T cells,15.839183833723911
4319,arc_pair_401566,CD8+ T cells,11.660964806084518
4320,arc_pair_401567,CD4+ T cells,16.971560672322042
4321,arc_pair_401573,CD4+ T cells,9.2920269202213
4322,arc_pair_401641,CD4+ T cells,15.993962219033955
4323,arc_pair_401687,Monocytes,13.527144295185533
4324,arc_pair_402068,Monocytes,51.75918347540559
4325,arc_pair_402076,CD4+ T cells,17.93868324760036
4326,arc_pair_402096,CD4+ T cells,19.321050840039877
4327,arc_pair_402105,CD4+ T cells,11.925019765077929
4328,arc_pair_402285,Monocytes,52.54055723631065
4329,arc_pair_402402,T cells,16.047847438205928
4330,arc_pair_402451,T cells,12.056902471071927
4331,arc_pair_402509,Monocytes,39.33326506821261
4332,arc_pair_402700,CD4+ T cells,15.359583820504096
4333,arc_pair_402758,T cells,7.218177347975741
4334,arc_pair_402772,T cells,16.37039334905075
4335,arc_pair_402869,T cells,10.273283661522084
4336,arc_pair_402918,CD4+ T cells,9.864647404421014
4337,arc_pair_402923,NK cells,6.462199055486751
4338,arc_pair_402982,Dendritic cells,61.89536913024068
4339,arc_pair_403167,NK cells,32.975768604539795
4340,arc_pair_403171,CD4+ T cells,26.072914453023543
4341,arc_pair_403202,Monocytes,21.89344633576503
4342,arc_pair_403249,CD4+ T cells,13.123711686306104
4343,arc_pair_403292,T cells,20.680620755093887
4344,arc_pair_403343,CD4+ T cells,12.717668133494296
4345,arc_pair_403352,NK cells,12.60827489481066
4346,arc_pair_403498,CD8+ T cells,147.53127318042905
4347,arc_pair_403727,Monocytes,16.95611399990851
4348,arc_pair_403863,NK cells,12.778188127149685
4349,arc_pair_403966,T cells,9.350384555825116
4350,arc_pair_403994,T cells,14.05660243995533
4351,arc_pair_404208,NK cells,10.918325207915114
4352,arc_pair_404244,T cells,15.188882431369867
4353,arc_pair_404393,NK cells,11.28453592451192
4354,arc_pair_404396,T cells,11.229633959231386
4355,arc_pair_404424,Monocytes,29.100972114558672
4356,arc_pair_404492,CD8+ T cells,15.540652092753142
4357,arc_pair_404510,CD4+ T cells,10.8537019693712
4358,arc_pair_404515,Monocytes,13.3203046611329
4359,arc_pair_404516,Monocytes,36.190959442558515
4360,arc_pair_404616,CD4+ T cells,15.07525498483874
4361,arc_pair_404757,CD4+ T cells,13.206209229282436
4362,arc_pair_404777,Monocytes,10.198138990109316
4363,arc_pair_404801,CD4+ T cells,17.948010309926445
4364,arc_pair_404821,T cells,16.933542436046608
4365,arc_pair_404898,T cells,16.13251205141939
4366,arc_pair_404961,NK cells,21.71877534468775
4367,arc_pair_405027,Monocytes,18.411664376747048
4368,arc_pair_405122,CD8+ T cells,11.497546819216236
4369,arc_pair_405257,CD4+ T cells,17.052057111012893
4370,arc_pair_405262,Monocytes,35.4982262370625
4371,arc_pair_405398,T cells,9.811451168607304
4372,arc_pair_405453,Monocytes,49.22234053695493
4373,arc_pair_405518,B cells,8.14547319516095
4374,arc_pair_405693,Dendritic cells,30.45940542039434
4375,arc_pair_405938,CD8+ T cells,59.06748426108922
4376,arc_pair_406141,Monocytes,23.59051900286065
4377,arc_pair_406218,NK cells,18.84179430313951
4378,arc_pair_406275,CD4+ T cells,12.0260855457569
4379,arc_pair_406286,CD4+ T cells,8.775106082036777
4380,arc_pair_406327,CD4+ T cells,8.063049298863962
4381,arc_pair_406331,CD4+ T cells,24.677315481738837
4382,arc_pair_406412,NK cells,6.828514776697196
4383,arc_pair_406502,NK cells,23.368675053336275
4384,arc_pair_406544,NK cells,16.86259155416672
4385,arc_pair_406577,Monocytes,18.146503445547857
4386,arc_pair_406846,CD8+ T cells,14.19305845326921
4387,arc_pair_407349,NK cells,24.823188704997182
4388,arc_pair_407427,CD4+ T cells,15.143093420820737
4389,arc_pair_407441,NK cells,13.647375079063885
4390,arc_pair_407510,T cells,9.680972899421702
4391,arc_pair_407516,NK cells,32.34692682926829
4392,arc_pair_407581,NK cells,44.05054841968538
4393,arc_pair_407677,Monocytes,18.38712564997038
4394,arc_pair_407723,Monocytes,12.020137396424712
4395,arc_pair_407825,NK cells,11.730349829772535
4396,arc_pair_407926,CD4+ T cells,10.515602052472214
4397,arc_pair_407949,NK cells,6.939383653669367
4398,arc_pair_408066,T cells,8.347884165831783
4399,arc_pair_408108,T cells,17.272057515941363
4400,arc_pair_408129,Monocytes,56.42298536475427
4401,arc_pair_408151,CD4+ T cells,35.36014083066719
4402,arc_pair_408326,CD4+ T cells,7.905276237813039
4403,arc_pair_408429,Monocytes,19.84270805588513
4404,arc_pair_408569,CD4+ T cells,11.515736198438471
4405,arc_pair_408679,CD8+ T cells,16.042321290905708
4406,arc_pair_409011,Monocytes,45.64339697278841
4407,arc_pair_409018,CD8+ T cells,25.080150801131005
4408,arc_pair_409088,CD8+ T cells,9.68503090985534
4409,arc_pair_409138,T cells,21.978509030494667
4410,arc_pair_409154,Monocytes,29.1873864852394
4411,arc_pair_409300,T cells,19.015636090774507
4412,arc_pair_409314,CD4+ T cells,32.55055082134753
4413,arc_pair_409583,CD4+ T cells,29.78316847819273
4414,arc_pair_409597,T cells,14.337347981904704
4415,arc_pair_409769,CD4+ T cells,9.210612998177826
4416,arc_pair_409843,Monocytes,58.15303384896397
4417,arc_pair_410031,Monocytes,32.29770273334613
4418,arc_pair_410082,CD4+ T cells,12.977559721188332
4419,arc_pair_410088,Monocytes,30.974161306949327
4420,arc_pair_410258,T cells,17.491980250495132
4421,arc_pair_410940,T cells,10.10455232771261
4422,arc_pair_411117,Monocytes,13.035634538374946
4423,arc_pair_411124,Monocytes,40.57221128934068
4424,arc_pair_411262,T cells,15.97739449280006
4425,arc_pair_411373,T cells,9.721845085178751
4426,arc_pair_411753,T cells,7.789781122221076
4427,arc_pair_411765,Monocytes,30.398819703721543
4428,arc_pair_412168,NK cells,11.850149222472382
4429,arc_pair_412206,T cells,23.449088678583948
4430,arc_pair_412268,NK cells,11.138732364529933
4431,arc_pair_412384,T cells,13.856634336854544
4432,arc_pair_412433,NK cells,13.095827323565878
4433,arc_pair_412467,T cells,11.149985472154963
4434,arc_pair_412560,T cells,6.59716264880611
4435,arc_pair_412697,CD4+ T cells,11.97442099258414
4436,arc_pair_412797,NK cells,35.471627942642435
4437,arc_pair_412861,NK cells,17.878070069099287
4438,arc_pair_412926,CD4+ T cells,25.886292615305088
4439,arc_pair_412995,CD4+ T cells,20.000901779185963
4440,arc_pair_413116,CD4+ T cells,12.201089546075409
4441,arc_pair_413163,Dendritic cells,19.371290155684115
4442,arc_pair_413582,B cells,11.860873282442746
4443,arc_pair_414018,CD8+ T cells,12.617228451993896
4444,arc_pair_414177,NK cells,20.270421712005895
4445,arc_pair_414227,Monocytes,50.90149122598723
4446,arc_pair_414342,Monocytes,12.155686682864744
4447,arc_pair_414420,T cells,39.85605664031827
4448,arc_pair_414427,Dendritic cells,15.121129964925586
4449,arc_pair_414432,NK cells,21.812889896027727
4450,arc_pair_414436,Monocytes,8.94448132780083
4451,arc_pair_414488,Monocytes,16.68674929925716
4452,arc_pair_414530,T cells,18.15702294180906
4453,arc_pair_414709,T cells,12.823774037790615
4454,arc_pair_414809,CD8+ T cells,9.82343052494773
4455,arc_pair_415011,Dendritic cells,90.00988563035334
4456,arc_pair_415059,NK cells,12.444202453987732
4457,arc_pair_415085,T cells,15.42941452815785
4458,arc_pair_415136,CD4+ T cells,35.07218450011707
4459,arc_pair_415193,CD8+ T cells,10.440015942606616
4460,arc_pair_415310,CD8+ T cells,15.731923511055042
4461,arc_pair_415401,NK cells,7.819787985865724
4462,arc_pair_415474,CD8+ T cells,12.85972910039028
4463,arc_pair_415528,T cells,23.474689722493373
4464,arc_pair_415591,NK cells,10.27628328300851
4465,arc_pair_415606,Dendritic cells,32.010953399442606
4466,arc_pair_416031,Monocytes,16.08505967550655
4467,arc_pair_416093,NK cells,13.343427740280118
4468,arc_pair_416223,Monocytes,60.531134442291
4469,arc_pair_416232,CD4+ T cells,12.062477856645453
4470,arc_pair_416314,T cells,20.937158594665327
4471,arc_pair_416448,T cells,7.520111509358821
4472,arc_pair_416647,CD4+ T cells,7.556292627072236
4473,arc_pair_416861,Monocytes,19.525615600727154
4474,arc_pair_416873,CD4+ T cells,9.299600516405622
4475,arc_pair_416889,CD4+ T cells,32.67320105662476
4476,arc_pair_416920,CD8+ T cells,17.850227210825842
4477,arc_pair_416939,CD4+ T cells,11.747902233314685
4478,arc_pair_416979,CD4+ T cells,18.04774490867812
4479,arc_pair_416995,Monocytes,33.03211155183389
4480,arc_pair_417034,Monocytes,19.486928759233756
4481,arc_pair_417216,T cells,9.437346160350238
4482,arc_pair_417278,CD4+ T cells,17.561788226226035
4483,arc_pair_417286,CD4+ T cells,12.450137117485744
4484,arc_pair_417338,T cells,15.509131228802506
4485,arc_pair_417339,Monocytes,49.92025241569711
4486,arc_pair_417342,B cells,28.675368118298056
4487,arc_pair_417353,T cells,23.055855728596484
4488,arc_pair_417355,Monocytes,9.326286894756205
4489,arc_pair_417367,CD4+ T cells,12.947977573087703
4490,arc_pair_417379,NK cells,134.9930929971238
4491,arc_pair_417437,CD4+ T cells,53.50181786269494
4492,arc_pair_417448,Monocytes,21.22411773110444
4493,arc_pair_417498,B cells,16.760125111445653
4494,arc_pair_417554,CD4+ T cells,10.099988478377757
4495,arc_pair_417622,CD4+ T cells,17.114021782375172
4496,arc_pair_417729,NK cells,26.36550463342369
4497,arc_pair_417831,B cells,14.805847125578223
4498,arc_pair_417859,Monocytes,24.391147700769313
4499,arc_pair_417923,CD4+ T cells,9.967967525421004
4500,arc_pair_417949,CD4+ T cells,26.267851384758696
4501,arc_pair_418105,CD4+ T cells,24.59340769019637
4502,arc_pair_418306,NK cells,34.925521821631875
4503,arc_pair_418404,Monocytes,17.39608324803821
4504,arc_pair_418548,Monocytes,31.51420356526739
4505,arc_pair_418658,CD4+ T cells,14.52849375755135
4506,arc_pair_418880,T cells,12.932998528273831
4507,arc_pair_418990,CD4+ T cells,10.720878767648294
4508,arc_pair_418994,Monocytes,17.207641005660854
4509,arc_pair_419019,Monocytes,25.955667003988328
4510,arc_pair_419078,CD4+ T cells,5.408860832579534
4511,arc_pair_419105,CD4+ T cells,9.2201585728444
4512,arc_pair_419182,T cells,12.64559377094828
4513,arc_pair_419269,Monocytes,38.86845525843057
4514,arc_pair_419278,T cells,19.47388220269576
4515,arc_pair_419291,T cells,28.35442789584192
4516,arc_pair_419303,Monocytes,15.969608464442178
4517,arc_pair_419322,NK cells,11.980811922421656
4518,arc_pair_419365,CD8+ T cells,12.337911688036732
4519,arc_pair_419396,CD4+ T cells,9.944605962600424
4520,arc_pair_419413,NK cells,19.451152158976797
4521,arc_pair_419426,T cells,9.611049234443982
4522,arc_pair_419521,NK cells,19.20462064402294
4523,arc_pair_419525,Monocytes,25.906768191500632
4524,arc_pair_419540,CD4+ T cells,26.93901319968942
4525,arc_pair_419645,T cells,8.62294222501835
4526,arc_pair_419683,NK cells,11.411144271451343
4527,arc_pair_419738,NK cells,45.13260499369706
4528,arc_pair_419797,T cells,6.216288863005106
4529,arc_pair_419887,CD4+ T cells,52.7803619551196
4530,arc_pair_419942,NK cells,57.07327956386991
4531,arc_pair_420082,T cells,6.753632334791876
4532,arc_pair_420132,T cells,13.156412381440996
4533,arc_pair_420137,CD4+ T cells,23.114366921567296
4534,arc_pair_420289,T cells,13.09346537233696
4535,arc_pair_420358,T cells,41.02588905030177
4536,arc_pair_420433,T cells,27.969271785115275
4537,arc_pair_420594,Dendritic cells,16.10746624305004
4538,arc_pair_420611,CD4+ T cells,31.82739663641391
4539,arc_pair_420666,Monocytes,19.29776838440977
4540,arc_pair_420701,NK cells,19.870668375581506
4541,arc_pair_420843,T cells,13.423975383003798
4542,arc_pair_420869,CD4+ T cells,13.71136877971877
4543,arc_pair_420933,CD4+ T cells,10.216967141918946
4544,arc_pair_420992,Monocytes,27.716155234657037
4545,arc_pair_421038,NK cells,41.97439589728043
4546,arc_pair_421066,Monocytes,32.925118270442994
4547,arc_pair_421234,Monocytes,16.938466768655445
4548,arc_pair_421752,CD4+ T cells,12.88490487331556
4549,arc_pair_421815,NK cells,17.879726250169398
4550,arc_pair_421876,T cells,8.893252794944356
4551,arc_pair_421878,T cells,13.029724303413154
4552,arc_pair_421902,CD4+ T cells,10.498323010761538
4553,arc_pair_422323,B cells,42.57186149467693
4554,arc_pair_422477,T cells,13.417500294852411
4555,arc_pair_422647,CD4+ T cells,15.824609236084063
4556,arc_pair_422685,Monocytes,26.67423890386224
4557,arc_pair_422692,CD4+ T cells,6.600427496814326
4558,arc_pair_422762,NK cells,17.406768480837172
4559,arc_pair_422904,Monocytes,21.480744452397996
4560,arc_pair_422964,CD8+ T cells,11.862063214077224
4561,arc_pair_422975,T cells,33.03154712351575
4562,arc_pair_422994,B cells,13.982790909551046
4563,arc_pair_423024,T cells,11.096817615288742
4564,arc_pair_423262,T cells,36.42154292482334
4565,arc_pair_423268,CD4+ T cells,7.593081528319655
4566,arc_pair_423290,T cells,12.872160491486213
4567,arc_pair_423356,Monocytes,26.591270260436836
4568,arc_pair_423363,CD4+ T cells,24.500483142252747
4569,arc_pair_423856,Monocytes,53.12430199900875
4570,arc_pair_423892,T cells,8.390270216438719
4571,arc_pair_423938,CD4+ T cells,29.07082771761863
4572,arc_pair_423993,Monocytes,39.701048387096776
4573,arc_pair_424006,T cells,14.045038191168864
4574,arc_pair_424014,NK cells,9.13380524013174
4575,arc_pair_424032,CD4+ T cells,13.697494806305755
4576,arc_pair_424049,CD4+ T cells,12.46346436285097
4577,arc_pair_424055,CD4+ T cells,19.085765603951504
4578,arc_pair_424140,T cells,12.524363195286778
4579,arc_pair_424187,T cells,14.265797860463229
4580,arc_pair_424239,CD4+ T cells,11.087684649644306
4581,arc_pair_424277,Dendritic cells,22.143684820393975
4582,arc_pair_424284,Dendritic cells,41.92455893494967
4583,arc_pair_424319,Monocytes,19.860787648828996
4584,arc_pair_424342,T cells,19.327271807582388
4585,arc_pair_424349,Monocytes,12.166998233019063
4586,arc_pair_424542,CD4+ T cells,16.791048522730126
4587,arc_pair_424547,CD4+ T cells,8.275406765343226
4588,arc_pair_424609,T cells,11.35411749831423
4589,arc_pair_424842,CD4+ T cells,103.042520233226
4590,arc_pair_424983,CD4+ T cells,12.807226719171588
4591,arc_pair_425002,NK cells,22.528221086590342
4592,arc_pair_425055,T cells,17.44960649911145
4593,arc_pair_425614,Dendritic cells,12.359229785691111
4594,arc_pair_425758,Monocytes,38.482215345042405
4595,arc_pair_425790,T cells,15.136148905677738
4596,arc_pair_425870,T cells,9.93159529842947
4597,arc_pair_425873,NK cells,47.27572240193547
4598,arc_pair_425915,Monocytes,10.052606542239136
4599,arc_pair_425957,CD4+ T cells,9.865061207511292
4600,arc_pair_426117,NK cells,12.241783173902377
4601,arc_pair_426136,B cells,12.153996726346165
4602,arc_pair_426247,T cells,20.394821472746763
4603,arc_pair_426269,T cells,9.412794384391912
4604,arc_pair_426272,T cells,17.14827062988756
4605,arc_pair_426305,T cells,8.474674426234184
4606,arc_pair_426365,CD4+ T cells,12.164346459344916
4607,arc_pair_426367,Monocytes,16.393563410141454
4608,arc_pair_426369,T cells,14.788180975862558
4609,arc_pair_426381,Monocytes,24.253090002099103
4610,arc_pair_426540,CD4+ T cells,15.676940031451606
4611,arc_pair_426542,Monocytes,57.054277007145856
4612,arc_pair_426630,Monocytes,29.00004364842647
4613,arc_pair_426729,Monocytes,31.292889282005923
4614,arc_pair_426779,Monocytes,26.008803306014727
4615,arc_pair_426799,T cells,10.034068550184257
4616,arc_pair_426805,NK cells,9.735904422552924
4617,arc_pair_426966,CD4+ T cells,16.052000228760974
4618,arc_pair_427104,T cells,9.374297323536815
4619,arc_pair_427236,T cells,7.578833693304536
4620,arc_pair_427240,T cells,10.173242264591307
4621,arc_pair_427296,B cells,16.10517461315191
4622,arc_pair_427298,CD4+ T cells,7.339615612798188
4623,arc_pair_427344,T cells,8.761719311126363
4624,arc_pair_427406,B cells,19.651104313562836
4625,arc_pair_427457,NK cells,11.247701238561586
4626,arc_pair_427519,Monocytes,30.24032060861296
4627,arc_pair_427547,T cells,9.305573282280363
4628,arc_pair_427605,Monocytes,53.13743588488046
4629,arc_pair_427796,CD4+ T cells,9.587347998360432
4630,arc_pair_427810,CD4+ T cells,6.800880074960563
4631,arc_pair_427881,NK cells,22.124058797060147
4632,arc_pair_427949,B cells,15.835871887626665
4633,arc_pair_427995,Monocytes,35.78979553853926
4634,arc_pair_428119,CD4+ T cells,11.447233478413128
4635,arc_pair_428202,NK cells,10.6392728871949
4636,arc_pair_428249,CD8+ T cells,12.791665893959903
4637,arc_pair_428280,Monocytes,16.19000884173298
4638,arc_pair_428327,CD8+ T cells,12.786335860487108
4639,arc_pair_428379,Monocytes,32.28808579403555
4640,arc_pair_428419,B cells,8.911288101844988
4641,arc_pair_428504,Monocytes,29.175139217513923
4642,arc_pair_428594,T cells,13.65825319297394
4643,arc_pair_428622,T cells,9.29932022059204
4644,arc_pair_428657,CD4+ T cells,8.520591235971832
4645,arc_pair_428824,T cells,26.128276430300215
4646,arc_pair_428846,B cells,32.02049262328745
4647,arc_pair_428915,T cells,7.689897766158685
4648,arc_pair_428940,CD4+ T cells,8.684087929581423
4649,arc_pair_428991,B cells,21.147889173806995
4650,arc_pair_429047,CD4+ T cells,14.90125831530015
4651,arc_pair_429061,T cells,15.027143636453804
4652,arc_pair_429240,Monocytes,33.70349292261976
4653,arc_pair_429665,CD4+ T cells,12.08934535738143
4654,arc_pair_429697,Monocytes,30.367269837938327
4655,arc_pair_429761,T cells,11.383806313208703
4656,arc_pair_429776,NK cells,42.75256462864178
4657,arc_pair_430001,T cells,320.7792731126763
4658,arc_pair_430056,NK cells,14.988856457157684
4659,arc_pair_430208,CD4+ T cells,12.25389883421693
4660,arc_pair_430265,Monocytes,27.51502240606687
4661,arc_pair_430294,NK cells,11.55596474583042
4662,arc_pair_430311,CD4+ T cells,9.93962681011503
4663,arc_pair_430323,Monocytes,34.64624629880833
4664,arc_pair_430417,CD4+ T cells,13.82668276574388
4665,arc_pair_430543,CD8+ T cells,10.302344148122982
4666,arc_pair_430587,Monocytes,111.04023307436182
4667,arc_pair_430595,NK cells,6.894255610720464
4668,arc_pair_430700,CD4+ T cells,10.790586785604264
4669,arc_pair_430832,Monocytes,59.256910735271575
4670,arc_pair_431003,CD4+ T cells,14.310363195447092
4671,arc_pair_431090,Monocytes,213.90264094918157
4672,arc_pair_431102,NK cells,21.62481815086514
4673,arc_pair_431163,Monocytes,20.254329617354628
4674,arc_pair_431288,CD8+ T cells,22.508699578161423
4675,arc_pair_431295,CD4+ T cells,15.568864085102955
4676,arc_pair_431341,Monocytes,10.782103372195362
4677,arc_pair_431370,NK cells,24.346758160713144
4678,arc_pair_431418,NK cells,10.603641567941482
4679,arc_pair_431471,Monocytes,73.43780691540525
4680,arc_pair_431509,Monocytes,38.95438463001712
4681,arc_pair_431510,NK cells,9.24859475719811
4682,arc_pair_431523,Monocytes,12.631054647071
4683,arc_pair_431603,NK cells,11.56954939123886
4684,arc_pair_431982,CD8+ T cells,44.11387247605731
4685,arc_pair_432013,CD8+ T cells,34.356948586034015
4686,arc_pair_432034,CD4+ T cells,11.239681614513136
4687,arc_pair_432085,CD4+ T cells,31.445857666818835
4688,arc_pair_432173,CD8+ T cells,8.800418958679801
4689,arc_pair_432208,Monocytes,25.88834580129909
4690,arc_pair_432235,CD8+ T cells,10.432887552910866
4691,arc_pair_432236,Monocytes,19.094156676253668
4692,arc_pair_432381,CD4+ T cells,7.071505833826096
4693,arc_pair_432404,CD4+ T cells,10.299298262712895
4694,arc_pair_432508,NK cells,43.756248439623846
4695,arc_pair_432539,NK cells,20.01951502027044
4696,arc_pair_432580,T cells,17.35249051614418
4697,arc_pair_432628,Monocytes,18.56392929814438
4698,arc_pair_432748,CD4+ T cells,23.388787625006152
4699,arc_pair_432804,Monocytes,27.098384094526423
4700,arc_pair_432816,CD4+ T cells,20.784533545452284
4701,arc_pair_432838,CD4+ T cells,8.816240940807141
4702,arc_pair_432865,T cells,11.833830045880552
4703,arc_pair_432935,T cells,28.536197210176663
4704,arc_pair_433020,CD4+ T cells,15.325185590640071
4705,arc_pair_433089,Monocytes,14.660840257093588
4706,arc_pair_433195,Monocytes,12.520174658365004
4707,arc_pair_433323,T cells,9.759892053086222
4708,arc_pair_433389,B cells,19.936174823911863
4709,arc_pair_433428,NK cells,19.854613219973658
4710,arc_pair_433438,Monocytes,19.66081334176339
4711,arc_pair_433477,NK cells,11.731303487722014
4712,arc_pair_433595,Dendritic cells,44.26178811409539
4713,arc_pair_433650,Monocytes,25.312454937050525
4714,arc_pair_433711,CD4+ T cells,19.696748215071228
4715,arc_pair_433914,CD4+ T cells,9.349146373169251
4716,arc_pair_433943,CD4+ T cells,19.956257848472163
4717,arc_pair_433947,CD4+ T cells,10.234970039474058
4718,arc_pair_434039,Monocytes,39.10445248941315
4719,arc_pair_434120,NK cells,7.461026417137302
4720,arc_pair_434497,Monocytes,18.02469783490385
4721,arc_pair_434549,T cells,10.72302236263396
4722,arc_pair_434578,Monocytes,23.76348048825113
4723,arc_pair_434618,T cells,9.211127670144062
4724,arc_pair_434690,T cells,13.63899344910055
4725,arc_pair_434786,T cells,17.32052627436577
4726,arc_pair_434791,T cells,12.4079138381562
4727,arc_pair_434805,T cells,9.402452869134445
4728,arc_pair_434878,CD8+ T cells,15.740281253938814
4729,arc_pair_435016,Monocytes,49.04382071130839
4730,arc_pair_435098,NK cells,9.281027258196898
4731,arc_pair_435132,Monocytes,19.821930450833236
4732,arc_pair_435243,CD8+ T cells,14.008386752831338
4733,arc_pair_435419,CD4+ T cells,48.01230787922969
4734,arc_pair_435459,T cells,8.469608357701633
4735,arc_pair_435515,NK cells,9.48730833876445
4736,arc_pair_435529,CD4+ T cells,10.174568427238668
4737,arc_pair_435729,Dendritic cells,21.994418874352192
4738,arc_pair_435737,T cells,13.116698129397632
4739,arc_pair_435891,T cells,15.332736306201312
4740,arc_pair_435893,CD4+ T cells,12.377843322321851
4741,arc_pair_435918,NK cells,57.944517668604405
4742,arc_pair_436014,CD4+ T cells,12.527586079639812
4743,arc_pair_436031,NK cells,8.447781537321106
4744,arc_pair_436525,CD4+ T cells,15.844674044014791
4745,arc_pair_436690,T cells,21.910979717087045
4746,arc_pair_436711,Monocytes,43.217817923382015
4747,arc_pair_436753,NK cells,10.303503454109686
4748,arc_pair_436766,T cells,7.971286845368692
4749,arc_pair_437002,T cells,8.82241948153967
4750,arc_pair_437073,Monocytes,49.66980433426878
4751,arc_pair_437110,CD4+ T cells,16.058493486392365
4752,arc_pair_437207,NK cells,29.474322135729587
4753,arc_pair_437489,Monocytes,17.61200517594442
4754,arc_pair_437532,NK cells,29.44264585045193
4755,arc_pair_437580,Monocytes,14.515150620636726
4756,arc_pair_437751,Monocytes,50.67718369507677
4757,arc_pair_437795,B cells,12.89983972253606
4758,arc_pair_437849,Dendritic cells,37.93699211241466
4759,arc_pair_438127,NK cells,11.988097740834776
4760,arc_pair_438186,NK cells,21.937080049211133
4761,arc_pair_438226,NK cells,29.3554115407147
4762,arc_pair_438299,NK cells,16.58655994298324
4763,arc_pair_438366,B cells,13.004401364917658
4764,arc_pair_438592,CD4+ T cells,15.650386615574106
4765,arc_pair_438650,T cells,11.200950696045318
4766,arc_pair_438785,Dendritic cells,11.761279536074642
4767,arc_pair_438851,T cells,23.76085006167994
4768,arc_pair_438861,B cells,177.9969783127
4769,arc_pair_438887,T cells,12.538076333865948
4770,arc_pair_438897,T cells,15.949489148580966
4771,arc_pair_438933,NK cells,17.831858627341173
4772,arc_pair_438953,NK cells,9.780509257223274
4773,arc_pair_438987,B cells,14.973186754256602
4774,arc_pair_439123,NK cells,5.2978294106022945
4775,arc_pair_439144,NK cells,25.19979332874064
4776,arc_pair_439160,T cells,16.43977846153846
4777,arc_pair_439227,CD4+ T cells,10.26489464854632
4778,arc_pair_439348,Dendritic cells,16.970201160928745
4779,arc_pair_439357,T cells,19.72448891678667
4780,arc_pair_439360,Dendritic cells,116.25367172701569
4781,arc_pair_439649,NK cells,16.1593446958566
4782,arc_pair_439699,CD4+ T cells,15.701453039621672
4783,arc_pair_439751,CD4+ T cells,11.785682708577871
4784,arc_pair_439757,B cells,17.92434830837493
4785,arc_pair_439759,T cells,12.96195020798721
4786,arc_pair_439784,T cells,22.81907234167605
4787,arc_pair_439868,CD8+ T cells,9.271764345860356
4788,arc_pair_439911,T cells,25.45507740898452
4789,arc_pair_439936,CD4+ T cells,20.34183851062708
4790,arc_pair_440023,CD4+ T cells,10.748136666891302
4791,arc_pair_440086,CD4+ T cells,12.006182187830632
4792,arc_pair_440152,T cells,11.266484339877117
4793,arc_pair_440395,T cells,12.319808638353567
4794,arc_pair_440539,CD4+ T cells,15.373760597787037
4795,arc_pair_440563,T cells,21.930666666666667
4796,arc_pair_440606,T cells,15.749308393366196
4797,arc_pair_440636,CD4+ T cells,16.775556167263076
4798,arc_pair_440886,T cells,16.200208451771843
4799,arc_pair_441069,Monocytes,13.38451666899149
4800,arc_pair_441348,T cells,8.477826999300536
4801,arc_pair_441351,NK cells,28.565389046380076
4802,arc_pair_441363,CD4+ T cells,24.22063097751832
4803,arc_pair_441408,CD4+ T cells,27.4647795318454
4804,arc_pair_441599,T cells,14.568548049931316
4805,arc_pair_441613,CD8+ T cells,11.092888261949645
4806,arc_pair_441673,Monocytes,14.638187982070946
4807,arc_pair_441678,T cells,9.64553354578765
4808,arc_pair_441699,CD8+ T cells,9.972467364812982
4809,arc_pair_441708,CD8+ T cells,12.520131599561337
4810,arc_pair_441860,NK cells,14.699731138992997
4811,arc_pair_441950,Monocytes,18.422676436559968
4812,arc_pair_442064,Monocytes,14.171343054243962
4813,arc_pair_442157,Monocytes,12.231621230469328
4814,arc_pair_442218,CD4+ T cells,9.98965344048217
4815,arc_pair_442305,CD8+ T cells,12.433080080991214
4816,arc_pair_442367,Monocytes,60.04044392645294
4817,arc_pair_442403,CD4+ T cells,12.901271840548626
4818,arc_pair_442418,CD8+ T cells,22.66727888708256
4819,arc_pair_442525,B cells,31.371037168015143
4820,arc_pair_442602,CD4+ T cells,8.202934447616707
4821,arc_pair_442640,T cells,20.453702521137192
4822,arc_pair_442664,CD4+ T cells,10.81782731515598
4823,arc_pair_442679,CD8+ T cells,23.75110686782634
4824,arc_pair_442705,NK cells,12.300444248091695
4825,arc_pair_442745,NK cells,36.14116311340987
4826,arc_pair_442810,CD4+ T cells,32.865755883526134
4827,arc_pair_442839,NK cells,18.38142578493676
4828,arc_pair_442882,T cells,17.60088723732158
4829,arc_pair_442957,Monocytes,106.71452326914005
4830,arc_pair_442982,NK cells,11.534142726858189
4831,arc_pair_443048,CD4+ T cells,15.082601825842696
4832,arc_pair_443087,Monocytes,29.896058002802658
4833,arc_pair_443129,T cells,9.32014595485339
4834,arc_pair_443175,NK cells,19.73044476149122
4835,arc_pair_443238,T cells,12.608958668438357
4836,arc_pair_443334,T cells,11.082800683093438
4837,arc_pair_443386,Monocytes,37.84269269084603
4838,arc_pair_443404,Monocytes,70.3586924142933
4839,arc_pair_443666,Monocytes,21.25319270741589
4840,arc_pair_443816,CD8+ T cells,10.85059537616949
4841,arc_pair_443962,CD4+ T cells,19.459258893402644
4842,arc_pair_444031,NK cells,22.86419507538088
4843,arc_pair_444032,B cells,34.66888259436961
4844,arc_pair_444033,Monocytes,21.65609264853978
4845,arc_pair_444158,T cells,17.81914999502339
4846,arc_pair_444314,Monocytes,23.079600446705545
4847,arc_pair_444356,CD4+ T cells,13.484534456188037
4848,arc_pair_444659,T cells,14.105192479856758
4849,arc_pair_444713,Monocytes,14.472927949745351
4850,arc_pair_444777,T cells,17.094639156881534
4851,arc_pair_444828,CD4+ T cells,25.496016961986975
4852,arc_pair_445136,CD4+ T cells,13.303466223298516
4853,arc_pair_445265,CD4+ T cells,17.37885997024909
4854,arc_pair_445274,Monocytes,61.120269382814605
4855,arc_pair_445286,Monocytes,46.85281936922587
4856,arc_pair_445306,CD4+ T cells,7.41742798911107
4857,arc_pair_445388,CD4+ T cells,10.970642435025734
4858,arc_pair_445442,NK cells,15.269627138759766
4859,arc_pair_445457,T cells,15.335037479077217
4860,arc_pair_445633,T cells,13.936533197530078
4861,arc_pair_445637,CD4+ T cells,15.675955144319053
4862,arc_pair_445776,Monocytes,23.377120809034693
4863,arc_pair_445810,T cells,17.88964963280294
4864,arc_pair_445942,CD4+ T cells,9.036636466591164
4865,arc_pair_445950,T cells,11.28845915458039
4866,arc_pair_445992,T cells,8.228042368950055
4867,arc_pair_446081,T cells,11.193427106612331
4868,arc_pair_446116,B cells,29.304404761904763
4869,arc_pair_446399,Monocytes,20.847386821852627
4870,arc_pair_446517,Monocytes,26.166162458313483
4871,arc_pair_446526,CD8+ T cells,15.40098356723042
4872,arc_pair_446533,CD4+ T cells,15.97122284977372
4873,arc_pair_446688,CD4+ T cells,12.867231828101392
4874,arc_pair_446704,CD4+ T cells,17.593902376430737
4875,arc_pair_446862,Monocytes,18.297274912082987
4876,arc_pair_446881,Dendritic cells,17.81094269789165
4877,arc_pair_447253,T cells,9.586404327636554
4878,arc_pair_447266,NK cells,11.71178720295647
4879,arc_pair_447365,CD4+ T cells,15.547312065128033
4880,arc_pair_447447,Monocytes,20.36352436524914
4881,arc_pair_447448,B cells,8.823754689453938
4882,arc_pair_447560,NK cells,24.533503291351167
4883,arc_pair_447567,CD4+ T cells,10.188027920011525
4884,arc_pair_447576,NK cells,15.150340376046934
4885,arc_pair_447645,T cells,14.911364788667475
4886,arc_pair_447675,NK cells,17.518452112221865
4887,arc_pair_447692,Monocytes,65.06122405352829
4888,arc_pair_447717,Monocytes,38.6491283233763
4889,arc_pair_447808,T cells,10.784346957812724
4890,arc_pair_447897,T cells,13.139329021827
4891,arc_pair_447903,CD4+ T cells,16.807755822561354
4892,arc_pair_448087,NK cells,9.97115411005901
4893,arc_pair_448149,Monocytes,8.039000487147893
4894,arc_pair_448322,CD4+ T cells,18.822905140327936
4895,arc_pair_448505,T cells,14.968462269405943
4896,arc_pair_448557,CD4+ T cells,17.562580778576233
4897,arc_pair_448686,CD4+ T cells,9.570147174083427
4898,arc_pair_448819,Monocytes,70.75526690955171
4899,arc_pair_448843,CD4+ T cells,9.264443882634623
4900,arc_pair_448976,Monocytes,29.26324653766464
4901,arc_pair_449038,Monocytes,265.2141476658307
4902,arc_pair_449092,Monocytes,16.48552497775518
4903,arc_pair_449190,T cells,18.856602540156892
4904,arc_pair_449252,NK cells,9.84412278445019
4905,arc_pair_449373,T cells,15.617331729512056
4906,arc_pair_449425,CD4+ T cells,16.95341825582272
4907,arc_pair_449442,CD4+ T cells,10.115403956777175
4908,arc_pair_449519,NK cells,7.834018846162216
4909,arc_pair_449688,CD8+ T cells,8.035047643910715
4910,arc_pair_449733,T cells,8.406197523406828
4911,arc_pair_449795,Monocytes,29.804141166021346
4912,arc_pair_449900,Monocytes,23.240697269551735
4913,arc_pair_450002,NK cells,26.32724155235865
4914,arc_pair_450016,Monocytes,15.025295078990377
4915,arc_pair_450035,Dendritic cells,15.723323182634498
4916,arc_pair_450168,NK cells,8.231945126275022
4917,arc_pair_450284,NK cells,11.737101321908527
4918,arc_pair_450326,T cells,8.997366783166562
4919,arc_pair_450656,CD4+ T cells,7.812065253395164
4920,arc_pair_450732,CD4+ T cells,9.06190845796504
4921,arc_pair_450799,Monocytes,14.136406203604304
4922,arc_pair_450827,Monocytes,25.408760806916423
4923,arc_pair_450834,T cells,232.3312124731289
4924,arc_pair_450836,CD4+ T cells,18.978865741205777
4925,arc_pair_450838,Monocytes,44.95637756855199
4926,arc_pair_450861,T cells,18.156360593828794
4927,arc_pair_451063,Monocytes,86.14439329393981
4928,arc_pair_451073,Dendritic cells,32.16388716760514
4929,arc_pair_451143,T cells,78.74150574074613
4930,arc_pair_451186,NK cells,15.13087282645755
4931,arc_pair_451559,CD8+ T cells,23.288981927119146
4932,arc_pair_451729,T cells,10.845888052727364
4933,arc_pair_451842,Monocytes,39.17340900325087
4934,arc_pair_451967,CD4+ T cells,9.01354104812137
4935,arc_pair_452004,T cells,8.106661256831906
4936,arc_pair_452080,CD4+ T cells,10.478327276557646
4937,arc_pair_452099,T cells,15.258790614866154
4938,arc_pair_452173,T cells,11.563179030173004
4939,arc_pair_452214,CD4+ T cells,24.708473123545975
4940,arc_pair_452393,NK cells,9.084596561477102
4941,arc_pair_452449,T cells,7.289591210672755
4942,arc_pair_452523,T cells,18.791261733685296
4943,arc_pair_452573,CD4+ T cells,27.530888415067515
4944,arc_pair_452714,Monocytes,17.646448600712766
4945,arc_pair_452790,Monocytes,22.614594474975103
4946,arc_pair_452923,NK cells,14.132027802294797
4947,arc_pair_453213,CD4+ T cells,20.110550114240976
4948,arc_pair_453475,T cells,104.74318767766246
4949,arc_pair_453658,T cells,25.080267223046985
4950,arc_pair_453710,Monocytes,28.9635340186001
4951,arc_pair_453715,T cells,16.32948484938772
4952,arc_pair_453758,CD4+ T cells,6.819380382872771
4953,arc_pair_453773,CD4+ T cells,13.152299900798829
4954,arc_pair_453845,Monocytes,69.16142199792192
4955,arc_pair_453856,CD4+ T cells,12.040382555470542
4956,arc_pair_453932,NK cells,15.335066991473813
4957,arc_pair_454167,NK cells,13.473013088652005
4958,arc_pair_454263,CD4+ T cells,9.416018875861944
4959,arc_pair_454370,CD4+ T cells,13.02876953616462
4960,arc_pair_454574,CD4+ T cells,31.10320491833097
4961,arc_pair_454757,T cells,14.3932637075718
4962,arc_pair_454836,CD4+ T cells,10.11582725826148
4963,arc_pair_454986,CD4+ T cells,14.447346887392207
4964,arc_pair_455201,NK cells,25.055323291907683
4965,arc_pair_455278,Monocytes,16.458495373474587
4966,arc_pair_455466,Monocytes,19.906940403060673
4967,arc_pair_455492,NK cells,13.962434259954922
4968,arc_pair_455654,NK cells,12.125357973867908
4969,arc_pair_455692,CD4+ T cells,15.32098480110933
4970,arc_pair_455703,CD4+ T cells,9.805370320974482
4971,arc_pair_455709,Monocytes,24.637948207171313
4972,arc_pair_455753,T cells,12.24628445247875
4973,arc_pair_455779,Monocytes,17.596686427814532
4974,arc_pair_455818,CD4+ T cells,16.301104686413986
4975,arc_pair_455832,Monocytes,20.04652614394776
4976,arc_pair_456006,Monocytes,42.45867415455988
4977,arc_pair_456123,NK cells,13.185158406730643
4978,arc_pair_456225,CD4+ T cells,13.644080797749936
4979,arc_pair_456434,Monocytes,27.21832872812526
4980,arc_pair_456438,Dendritic cells,17.59532192472502
4981,arc_pair_456514,T cells,11.29112277828621
4982,arc_pair_456521,T cells,7.833253987145918
4983,arc_pair_456586,Monocytes,44.36086396628425
4984,arc_pair_456600,CD4+ T cells,12.525270802865428
4985,arc_pair_456604,Dendritic cells,64.04684797169874
4986,arc_pair_456638,T cells,16.333900697990472
4987,arc_pair_456668,CD4+ T cells,18.864923036785804
4988,arc_pair_456688,CD4+ T cells,131.99080122650315
4989,arc_pair_456717,CD4+ T cells,16.308109590347655
4990,arc_pair_456818,Monocytes,40.84013685954682
4991,arc_pair_456877,B cells,31.718506926865192
4992,arc_pair_456880,T cells,13.637918540729634
4993,arc_pair_457010,T cells,8.088440373244012
4994,arc_pair_457077,CD4+ T cells,41.50386815250082
4995,arc_pair_457169,NK cells,41.04184062545964
4996,arc_pair_457182,T cells,16.244054930477077
4997,arc_pair_457380,Dendritic cells,21.7696437958397
4998,arc_pair_457424,T cells,9.338467126770794
4999,arc_pair_457541,Monocytes,29.32325956233339
5000,arc_pair_457714,Dendritic cells,19.365364562444853
5001,arc_pair_457716,Monocytes,78.11621590478856
5002,arc_pair_457775,CD4+ T cells,10.00349125742974
5003,arc_pair_457798,Monocytes,21.874549149563336
5004,arc_pair_457998,NK cells,6.712250742135462
5005,arc_pair_458001,B cells,12.821755527406722
5006,arc_pair_458133,NK cells,12.948070237989125
5007,arc_pair_458182,CD4+ T cells,11.212858357159416
5008,arc_pair_458234,Monocytes,51.400649517135285
5009,arc_pair_458371,T cells,14.533128307824343
5010,arc_pair_458547,NK cells,29.530645296735724
5011,arc_pair_458646,T cells,35.12521229323221
5012,arc_pair_459159,CD8+ T cells,19.083753385832424
5013,arc_pair_459281,CD4+ T cells,10.912804291019118
5014,arc_pair_459283,Monocytes,39.722885674576624
5015,arc_pair_459312,CD4+ T cells,24.4417180082225
5016,arc_pair_459395,T cells,8.596490285852388
5017,arc_pair_459479,T cells,6.564679149245591
5018,arc_pair_459584,T cells,11.738059120964609
5019,arc_pair_459617,NK cells,15.753489147189931
5020,arc_pair_459627,Monocytes,22.00476315329488
5021,arc_pair_459714,CD4+ T cells,17.072554476623363
5022,arc_pair_459824,Monocytes,18.44899003819349
5023,arc_pair_459831,T cells,12.766925966919732
5024,arc_pair_459853,T cells,11.551521346017768
5025,arc_pair_459862,CD4+ T cells,6.051733273389958
5026,arc_pair_459898,Dendritic cells,27.75352083505923
5027,arc_pair_459927,CD4+ T cells,23.3963314875409
5028,arc_pair_459988,NK cells,15.024514400535834
5029,arc_pair_460240,Dendritic cells,28.854053726274937
5030,arc_pair_460295,Monocytes,22.23869662469527
5031,arc_pair_460361,CD4+ T cells,18.378906296047433
5032,arc_pair_460667,Monocytes,67.36778031229127
5033,arc_pair_460729,NK cells,17.838639663975766
5034,arc_pair_460741,CD4+ T cells,11.110771747325913
5035,arc_pair_460771,Monocytes,21.88192820095596
5036,arc_pair_460778,T cells,24.92750745995981
5037,arc_pair_460808,Monocytes,31.431686934310623
5038,arc_pair_460816,T cells,14.65566863110153
5039,arc_pair_460874,NK cells,7.993757003361613
5040,arc_pair_460884,CD4+ T cells,12.575154402682196
5041,arc_pair_460885,Monocytes,20.22160177787779
5042,arc_pair_460896,CD4+ T cells,43.9021374268618
5043,arc_pair_460920,T cells,16.1597700265354
5044,arc_pair_460941,CD8+ T cells,7.478138995392596
5045,arc_pair_460985,B cells,9.417975472150216
5046,arc_pair_461036,Monocytes,15.674305565909735
5047,arc_pair_461086,Monocytes,37.66634885901844
5048,arc_pair_461112,CD4+ T cells,6.235769697203026
5049,arc_pair_461127,CD4+ T cells,12.087062125546504
5050,arc_pair_461170,Monocytes,19.253943622233052
5051,arc_pair_461199,Monocytes,26.385281544135182
5052,arc_pair_461323,NK cells,7.665586935249857
5053,arc_pair_461747,CD4+ T cells,8.502927116087633
5054,arc_pair_461754,NK cells,145.4293247042597
5055,arc_pair_461800,T cells,36.00514622045545
5056,arc_pair_461822,Monocytes,38.20780711825488
5057,arc_pair_461841,NK cells,14.320563333053904
5058,arc_pair_462000,T cells,10.745554253302656
5059,arc_pair_462049,T cells,23.16510069168146
5060,arc_pair_462115,Monocytes,18.308554498563243
5061,arc_pair_462131,CD4+ T cells,16.906740027510317
5062,arc_pair_462188,NK cells,16.86604329708304
5063,arc_pair_462287,CD4+ T cells,10.361566777867251
5064,arc_pair_462324,CD4+ T cells,14.465921972416398
5065,arc_pair_462375,CD4+ T cells,9.83763471694506
5066,arc_pair_462402,T cells,14.122727071627658
5067,arc_pair_462404,T cells,24.449678930821428
5068,arc_pair_462466,T cells,11.104130359010108
5069,arc_pair_462540,CD4+ T cells,9.903994763734635
5070,arc_pair_462575,CD4+ T cells,16.577889099219725
5071,arc_pair_462715,Monocytes,20.05817616726708
5072,arc_pair_462756,Monocytes,33.69895978005159
5073,arc_pair_463054,NK cells,48.29434502111504
5074,arc_pair_463084,NK cells,71.89654725868851
5075,arc_pair_463102,T cells,13.930204894876145
5076,arc_pair_463111,CD4+ T cells,13.926390670994037
5077,arc_pair_463134,B cells,30.741835555213072
5078,arc_pair_463235,B cells,11.01479753617378
5079,arc_pair_463384,CD4+ T cells,9.232242400699231
5080,arc_pair_463438,Monocytes,42.13122711026784
5081,arc_pair_463493,NK cells,20.40612578910451
5082,arc_pair_463672,NK cells,51.11136880939796
5083,arc_pair_463717,CD4+ T cells,15.101936914513283
5084,arc_pair_463950,Monocytes,21.344020242613684
5085,arc_pair_464015,Monocytes,31.71641355140187
5086,arc_pair_464018,CD4+ T cells,6.330286783491058
5087,arc_pair_464063,CD4+ T cells,13.281554849053016
5088,arc_pair_464218,T cells,16.583528895341967
5089,arc_pair_464774,Dendritic cells,17.90607908394815
5090,arc_pair_465006,B cells,10.223580158159598
5091,arc_pair_465060,CD4+ T cells,19.357179932078715
5092,arc_pair_465088,T cells,277.0592444346968
5093,arc_pair_465157,NK cells,14.6366180140664
5094,arc_pair_465586,CD4+ T cells,14.615031120935372
5095,arc_pair_465617,NK cells,10.544258618402806
5096,arc_pair_465911,T cells,12.411092649123486
5097,arc_pair_465917,NK cells,14.757645395085731
5098,arc_pair_466046,Dendritic cells,22.31661664473587
5099,arc_pair_466237,CD4+ T cells,10.359773494185289
5100,arc_pair_466372,CD4+ T cells,23.856611899998903
5101,arc_pair_466376,NK cells,34.98844697826644
5102,arc_pair_466502,CD4+ T cells,81.90018229354058
5103,arc_pair_466515,T cells,10.152129564743442
5104,arc_pair_466726,CD4+ T cells,21.60868079289132
5105,arc_pair_467082,Monocytes,80.04900395960588
5106,arc_pair_467091,Monocytes,84.37661231961175
5107,arc_pair_467144,CD8+ T cells,77.1853194981206
5108,arc_pair_467185,Monocytes,19.19751641418364
5109,arc_pair_467257,CD4+ T cells,10.718495475113125
5110,arc_pair_467310,NK cells,9.941689449169706
5111,arc_pair_467513,Monocytes,19.433193470593977
5112,arc_pair_467562,CD4+ T cells,21.086737847369506
5113,arc_pair_467682,T cells,11.2592357326736
5114,arc_pair_467699,Monocytes,21.323484589307377
5115,arc_pair_467851,NK cells,9.903912919168402
5116,arc_pair_467928,T cells,18.880551707522734
5117,arc_pair_467988,CD4+ T cells,8.074504061112957
5118,arc_pair_467997,NK cells,16.536925781147524
5119,arc_pair_468103,CD4+ T cells,17.978732553567916
5120,arc_pair_468303,T cells,21.30151642013211
5121,arc_pair_468384,Monocytes,10.489663049685891
5122,arc_pair_468425,T cells,8.541353748543312
5123,arc_pair_468483,CD4+ T cells,17.888049966399176
5124,arc_pair_468520,CD4+ T cells,14.968151100329234
5125,arc_pair_468528,Monocytes,18.0100147275405
5126,arc_pair_468540,CD4+ T cells,24.161620987707945
5127,arc_pair_468626,CD4+ T cells,17.109114660649606
5128,arc_pair_469074,T cells,11.466862284820031
5129,arc_pair_469302,CD8+ T cells,8.432178845109515
5130,arc_pair_469308,Dendritic cells,40.54816921436189
5131,arc_pair_469495,NK cells,31.579763021250315
5132,arc_pair_469544,CD4+ T cells,13.404453164988908
5133,arc_pair_469576,CD4+ T cells,15.563815960488691
5134,arc_pair_469705,Monocytes,45.85192612009712
5135,arc_pair_469827,T cells,15.260669463172732
5136,arc_pair_469941,Dendritic cells,35.468930164776864
5137,arc_pair_469999,Monocytes,21.40006969855375
5138,arc_pair_470012,NK cells,287.2729215754439
5139,arc_pair_470029,CD4+ T cells,7.870819864825155
5140,arc_pair_470038,T cells,10.38788383470386
5141,arc_pair_470083,CD8+ T cells,16.777419195900666
5142,arc_pair_470185,NK cells,8.978252533552451
5143,arc_pair_470264,Dendritic cells,39.802927569578735
5144,arc_pair_470356,NK cells,16.154147850464707
5145,arc_pair_470381,CD4+ T cells,12.439120737376722
5146,arc_pair_470425,B cells,15.833337362504531
5147,arc_pair_470448,CD4+ T cells,6.685552914717986
5148,arc_pair_470449,CD4+ T cells,9.53271860514986
5149,arc_pair_470543,T cells,8.691126070991432
5150,arc_pair_470574,T cells,10.626624120727042
5151,arc_pair_470771,CD8+ T cells,18.13407595114912
5152,arc_pair_470842,T cells,8.71877996000767
5153,arc_pair_470863,CD4+ T cells,10.636096219231112
5154,arc_pair_470948,Monocytes,23.106022235166
5155,arc_pair_471022,B cells,15.72318578167437
5156,arc_pair_471402,CD4+ T cells,9.104151466511016
5157,arc_pair_471445,T cells,8.647704724620581
5158,arc_pair_471469,Monocytes,60.66224950680095
5159,arc_pair_471581,CD8+ T cells,31.504304058111934
5160,arc_pair_471612,T cells,8.150843195907573
5161,arc_pair_471895,Monocytes,45.43435553830315
5162,arc_pair_471974,T cells,10.243718501867228
5163,arc_pair_472207,CD4+ T cells,16.548467767545255
5164,arc_pair_472271,T cells,11.890528098211451
5165,arc_pair_472319,CD8+ T cells,9.50402491533212
5166,arc_pair_472351,CD4+ T cells,23.539003206841254
5167,arc_pair_472360,Monocytes,69.07362020289766
5168,arc_pair_472378,CD8+ T cells,10.164905089310183
5169,arc_pair_472393,T cells,15.522998676953211
5170,arc_pair_472498,CD4+ T cells,20.991575091575093
5171,arc_pair_472629,T cells,13.510040790712267
5172,arc_pair_472681,CD4+ T cells,6.595431938416701
5173,arc_pair_473036,CD8+ T cells,21.197763480392155
5174,arc_pair_473130,NK cells,12.820275241858564
5175,arc_pair_473159,CD4+ T cells,10.196856723119993
5176,arc_pair_473183,Monocytes,50.74937980034533
5177,arc_pair_473201,Monocytes,28.905638636920813
5178,arc_pair_473236,T cells,17.294790026246716
5179,arc_pair_473377,Monocytes,45.449952096690986
5180,arc_pair_473883,NK cells,23.969625598960448
5181,arc_pair_473920,T cells,19.299114247592716
5182,arc_pair_473935,Monocytes,21.882228057433373
5183,arc_pair_473989,T cells,8.18790170132325
5184,arc_pair_474081,Monocytes,7.649213721802107
5185,arc_pair_474157,NK cells,16.801390055754986
5186,arc_pair_474256,CD4+ T cells,19.470788407834146
5187,arc_pair_474346,Monocytes,23.681381105949875
5188,arc_pair_474536,T cells,10.671527516288412
5189,arc_pair_474678,CD4+ T cells,15.77590170100723
5190,arc_pair_474704,NK cells,8.061652801824248
5191,arc_pair_474707,CD4+ T cells,8.487304461740003
5192,arc_pair_474798,T cells,9.014149232071592
5193,arc_pair_474826,T cells,7.387079418946322
5194,arc_pair_474889,Monocytes,31.77764278751748
5195,arc_pair_474988,Monocytes,23.873371290923025
5196,arc_pair_474997,T cells,29.981799190808346
5197,arc_pair_475302,CD8+ T cells,10.761117045199008
5198,arc_pair_475413,T cells,18.19165316722056
5199,arc_pair_475509,CD8+ T cells,18.83744161070352
5200,arc_pair_475598,CD8+ T cells,12.681966994942773
5201,arc_pair_475630,CD8+ T cells,27.29289540358874
5202,arc_pair_475718,T cells,9.208741621082734
5203,arc_pair_475788,NK cells,19.6231697813991
5204,arc_pair_475939,NK cells,17.86236547209586
5205,arc_pair_475996,NK cells,12.195810812562378
5206,arc_pair_476054,NK cells,10.5563257616153
5207,arc_pair_476078,NK cells,9.661539218419456
5208,arc_pair_476269,T cells,21.8541011094012
5209,arc_pair_476271,Dendritic cells,43.128546887032755
5210,arc_pair_476341,T cells,8.116688825322644
5211,arc_pair_476413,Monocytes,19.42888895878548
5212,arc_pair_476426,NK cells,10.904656721837272
5213,arc_pair_476456,T cells,25.06161202723444
5214,arc_pair_476635,T cells,24.787750330777037
5215,arc_pair_476744,Monocytes,26.82252564536129
5216,arc_pair_476942,CD4+ T cells,5.7040548890924985
5217,arc_pair_477083,CD4+ T cells,9.120673702967585
5218,arc_pair_477174,T cells,23.159805189863786
5219,arc_pair_477296,Monocytes,29.435340484134628
5220,arc_pair_477460,T cells,23.943893572387196
5221,arc_pair_477518,CD4+ T cells,8.229075263947465
5222,arc_pair_477595,CD8+ T cells,19.700814817473702
5223,arc_pair_477619,T cells,28.312032474661084
5224,arc_pair_477632,CD4+ T cells,12.22170730488658
5225,arc_pair_477682,CD4+ T cells,17.83046664947884
5226,arc_pair_477703,CD4+ T cells,16.642690689563487
5227,arc_pair_477737,CD4+ T cells,8.98338077090067
5228,arc_pair_477751,T cells,36.31639172308573
5229,arc_pair_477803,B cells,11.930919803331864
5230,arc_pair_477833,Monocytes,57.87930096559228
5231,arc_pair_478734,CD4+ T cells,16.617651223562426
5232,arc_pair_479004,Monocytes,40.280177717019825
5233,arc_pair_479191,CD4+ T cells,7.058512316916965
5234,arc_pair_479366,Monocytes,21.76607057730623
5235,arc_pair_479635,NK cells,14.69920139755428
5236,arc_pair_479960,CD4+ T cells,7.932245058511161
5237,arc_pair_479981,B cells,15.511794663896415
5238,arc_pair_480315,CD8+ T cells,10.204180664427025
5239,arc_pair_480399,NK cells,10.55501704461242
5240,arc_pair_480504,CD4+ T cells,8.20934004559852
5241,arc_pair_480567,CD4+ T cells,12.399311562539015
5242,arc_pair_480623,T cells,12.25479397329072
5243,arc_pair_480728,B cells,17.97697378897417
5244,arc_pair_480735,CD4+ T cells,14.192024184730176
5245,arc_pair_480748,CD4+ T cells,9.06818069551472
5246,arc_pair_480760,CD8+ T cells,21.84954823229483
5247,arc_pair_480833,NK cells,19.39526325721834
5248,arc_pair_480964,NK cells,8.658013774587054
5249,arc_pair_480994,T cells,11.296723580987544
5250,arc_pair_481014,NK cells,14.122789890443649
5251,arc_pair_481015,CD4+ T cells,11.06480083613982
5252,arc_pair_481110,Dendritic cells,35.74163635817127
5253,arc_pair_481203,NK cells,8.867968210859063
5254,arc_pair_481648,T cells,9.18670499744024
5255,arc_pair_481892,NK cells,14.068591492986148
5256,arc_pair_481900,T cells,8.65002894356006
5257,arc_pair_481937,T cells,9.74592850132251
5258,arc_pair_481959,Monocytes,221.36529081595137
5259,arc_pair_482148,NK cells,7.478898175978919
5260,arc_pair_482282,T cells,12.609808852463289
5261,arc_pair_482375,CD8+ T cells,31.748820754716984
5262,arc_pair_482419,T cells,9.908623601693876
5263,arc_pair_482530,CD4+ T cells,6.92031798163768
5264,arc_pair_482592,NK cells,11.615909065381722
5265,arc_pair_482608,CD4+ T cells,19.64614950734141
5266,arc_pair_482637,NK cells,12.274460069379684
5267,arc_pair_482730,T cells,9.804106760477213
5268,arc_pair_482864,T cells,12.616180493486093
5269,arc_pair_483079,Monocytes,19.72992828406507
5270,arc_pair_483263,T cells,8.29049295774648
5271,arc_pair_483458,CD8+ T cells,10.980411431431076
5272,arc_pair_483480,CD8+ T cells,9.776204926235591
5273,arc_pair_483514,CD4+ T cells,10.017863661807295
5274,arc_pair_483548,Monocytes,23.22142986331809
5275,arc_pair_483549,CD4+ T cells,10.076985014000552
5276,arc_pair_483630,Monocytes,19.531259401218954
5277,arc_pair_483709,CD4+ T cells,35.320511575647444
5278,arc_pair_483717,CD4+ T cells,14.049790504105369
5279,arc_pair_483738,Monocytes,16.81575575808753
5280,arc_pair_483835,CD4+ T cells,8.136335448170588
5281,arc_pair_483839,Dendritic cells,25.11465421135586
5282,arc_pair_483902,NK cells,21.9500208355037
5283,arc_pair_483903,T cells,15.130317434740574
5284,arc_pair_484054,NK cells,13.464266619140972
5285,arc_pair_484212,NK cells,3.0889710813502136
5286,arc_pair_484329,Monocytes,25.156792536090272
5287,arc_pair_484444,CD8+ T cells,20.765541478759875
5288,arc_pair_484479,CD4+ T cells,10.460805448808074
5289,arc_pair_484707,T cells,6.592592056717066
5290,arc_pair_484723,NK cells,12.415516465090285
5291,arc_pair_484914,CD8+ T cells,39.781869043359464
5292,arc_pair_485214,Monocytes,45.53203458438811
5293,arc_pair_485266,T cells,13.438460910500968
5294,arc_pair_485313,CD4+ T cells,11.571582362483412
5295,arc_pair_485403,Dendritic cells,23.148550493109248
5296,arc_pair_485505,B cells,11.300917598305972
5297,arc_pair_485510,Monocytes,11.955471453017076
5298,arc_pair_485517,T cells,22.363203094070712
5299,arc_pair_485635,Monocytes,75.03641020652985
5300,arc_pair_485654,T cells,10.885639220740591
5301,arc_pair_485841,T cells,8.180997466328844
5302,arc_pair_485863,Monocytes,29.091829181952757
5303,arc_pair_485958,CD4+ T cells,25.56106182260821
5304,arc_pair_486249,NK cells,24.852588379673
5305,arc_pair_486263,T cells,12.764755502491694
5306,arc_pair_486413,Monocytes,85.50463385077038
5307,arc_pair_486643,T cells,8.997586581392543
5308,arc_pair_486831,T cells,14.060257416954013
5309,arc_pair_486845,NK cells,11.856990340620232
5310,arc_pair_486941,Dendritic cells,21.004658837231876
5311,arc_pair_487238,NK cells,6.655160827882806
5312,arc_pair_487337,Monocytes,55.32028364345947
5313,arc_pair_487470,CD4+ T cells,7.336276735571753
5314,arc_pair_487668,CD8+ T cells,13.044015444015445
5315,arc_pair_487703,CD4+ T cells,16.01758829104582
5316,arc_pair_487783,CD4+ T cells,58.20080820640348
5317,arc_pair_487872,B cells,9.740900180651114
5318,arc_pair_488050,CD8+ T cells,7.620171504995673
5319,arc_pair_488052,T cells,92.83406941606822
5320,arc_pair_488128,Monocytes,105.86385219609524
5321,arc_pair_488232,Monocytes,23.50666820090904
5322,arc_pair_488501,B cells,12.785834837899364
5323,arc_pair_488768,Monocytes,14.789941672478284
5324,arc_pair_488791,T cells,25.510513900162337
5325,arc_pair_488978,T cells,18.511666230306012
5326,arc_pair_489194,Monocytes,14.871627701658774
5327,arc_pair_489325,CD4+ T cells,10.588742004264391
5328,arc_pair_489341,T cells,17.710969249525874
5329,arc_pair_489369,CD4+ T cells,8.623518200326322
5330,arc_pair_489383,CD4+ T cells,15.181690239954964
5331,arc_pair_489408,Monocytes,43.18502422890546
5332,arc_pair_489423,CD4+ T cells,17.50710963279045
5333,arc_pair_489445,NK cells,16.12946542034961
5334,arc_pair_489478,NK cells,20.23530876494024
5335,arc_pair_489524,T cells,17.59234082299829
5336,arc_pair_489657,Monocytes,24.3124719157222
5337,arc_pair_489670,CD4+ T cells,10.582208606279648
5338,arc_pair_489721,T cells,5.948416339413513
5339,arc_pair_489869,NK cells,9.690236578041455
5340,arc_pair_489872,Monocytes,18.212485464381412
5341,arc_pair_490003,Monocytes,17.478705118411
5342,arc_pair_490417,NK cells,12.545709816865156
5343,arc_pair_490602,NK cells,17.031795713821474
5344,arc_pair_490787,NK cells,30.87661749671389
5345,arc_pair_491263,NK cells,14.286893801021357
5346,arc_pair_491652,CD8+ T cells,21.179968448380805
5347,arc_pair_491863,NK cells,15.95291771438481
5348,arc_pair_491891,CD4+ T cells,24.23219310639611
5349,arc_pair_491992,CD4+ T cells,15.769631421268176
5350,arc_pair_492023,Monocytes,47.70637532197039
5351,arc_pair_492048,Monocytes,12.636110670569067
5352,arc_pair_492068,T cells,19.73681909113766
5353,arc_pair_492132,T cells,12.927976681745529
5354,arc_pair_492136,NK cells,105.34769360092469
5355,arc_pair_492300,CD4+ T cells,9.388698630136986
5356,arc_pair_492350,T cells,20.020146883684
5357,arc_pair_492380,CD4+ T cells,8.00977843022605
5358,arc_pair_492443,CD8+ T cells,21.018708343574247
5359,arc_pair_492573,T cells,23.055348576412683
5360,arc_pair_492637,NK cells,13.096901545485164
5361,arc_pair_492710,Dendritic cells,93.7624562487132
5362,arc_pair_492861,Monocytes,38.78391553808865
5363,arc_pair_492864,T cells,16.490652944153872
5364,arc_pair_492886,Monocytes,26.39047990445782
5365,arc_pair_492913,CD4+ T cells,12.682121284424408
5366,arc_pair_492943,B cells,14.295851098720894
5367,arc_pair_493026,T cells,11.763616192368222
5368,arc_pair_493177,Monocytes,19.5552128102038
5369,arc_pair_493221,Monocytes,16.662447101663222
5370,arc_pair_493242,T cells,13.33765972788633
5371,arc_pair_493305,Monocytes,40.314455583040406
5372,arc_pair_493371,NK cells,16.055212568388292
5373,arc_pair_493374,T cells,8.192958983715116
5374,arc_pair_493411,Monocytes,14.013087800065769
5375,arc_pair_493438,CD4+ T cells,10.095819220725495
5376,arc_pair_493468,Monocytes,36.53434756383621
5377,arc_pair_493523,CD4+ T cells,23.03277157010977
5378,arc_pair_493537,NK cells,8.168425189114844
5379,arc_pair_493658,CD4+ T cells,10.058710198130646
5380,arc_pair_493687,Monocytes,51.39667161045516
5381,arc_pair_493828,T cells,20.64672248315295
5382,arc_pair_493851,CD4+ T cells,10.68583579881657
5383,arc_pair_493947,T cells,32.194757134830375
5384,arc_pair_493971,CD4+ T cells,10.37966824349558
5385,arc_pair_493985,CD8+ T cells,8.30963281028005
5386,arc_pair_494306,CD4+ T cells,27.0172689579694
5387,arc_pair_494437,T cells,9.598378177835096
5388,arc_pair_494567,CD4+ T cells,13.86215278359848
5389,arc_pair_494598,T cells,9.328004581136216
5390,arc_pair_495023,Monocytes,24.813540709531388
5391,arc_pair_495078,CD4+ T cells,18.0176659466402
5392,arc_pair_495142,T cells,11.833435443388208
5393,arc_pair_495167,Monocytes,38.764009339559706
5394,arc_pair_495210,NK cells,10.82639312588977
5395,arc_pair_495308,NK cells,9.791237493417588
5396,arc_pair_495328,NK cells,14.9845170235711
5397,arc_pair_495490,CD4+ T cells,9.980873776811308
5398,arc_pair_495661,T cells,23.564044693642085
5399,arc_pair_495680,Monocytes,20.30435917515009
5400,arc_pair_495681,CD4+ T cells,19.043223103801083
5401,arc_pair_495859,CD4+ T cells,10.768465157904728
5402,arc_pair_495861,NK cells,23.22593801983858
5403,arc_pair_495867,Monocytes,39.659399656574
5404,arc_pair_495905,CD4+ T cells,9.201330602033972
5405,arc_pair_496001,B cells,9.724035097020463
5406,arc_pair_496068,CD4+ T cells,9.009966361791442
5407,arc_pair_496166,Monocytes,25.82664354406432
5408,arc_pair_496220,T cells,14.230377701050507
5409,arc_pair_496522,CD8+ T cells,15.533524784617306
5410,arc_pair_496582,NK cells,17.369734808527337
5411,arc_pair_496658,NK cells,80.59555454407527
5412,arc_pair_496682,B cells,13.225318121983324
5413,arc_pair_496781,CD4+ T cells,20.163130159621296
5414,arc_pair_496804,NK cells,12.741350108879749
5415,arc_pair_496881,Monocytes,15.76838123050375
5416,arc_pair_496906,CD4+ T cells,10.599489006925303
5417,arc_pair_497348,Monocytes,29.57185090290951
5418,arc_pair_497373,Monocytes,40.25305016928286
5419,arc_pair_497409,T cells,20.460258290781155
5420,arc_pair_497584,T cells,20.2517582288467
5421,arc_pair_497630,Monocytes,21.896221317675877
5422,arc_pair_497650,NK cells,12.395385514018692
5423,arc_pair_497696,NK cells,11.211037068364444
5424,arc_pair_497764,Monocytes,33.46694970607446
5425,arc_pair_498175,CD4+ T cells,29.970842835480525
5426,arc_pair_498176,Monocytes,9.8981896280548
5427,arc_pair_498207,NK cells,8.879852089528878
5428,arc_pair_498311,CD4+ T cells,16.16014181376295
5429,arc_pair_498344,Monocytes,19.968364456819167
5430,arc_pair_498420,NK cells,15.302039038885187
5431,arc_pair_498480,T cells,7.843927485514314
5432,arc_pair_498516,Monocytes,34.678072273474235
5433,arc_pair_498529,T cells,10.195299018149356
5434,arc_pair_498636,Monocytes,21.108753946342944
5435,arc_pair_498829,CD4+ T cells,18.57761000162364
5436,arc_pair_498944,Monocytes,6.957021914882798
5437,arc_pair_499084,CD4+ T cells,36.203258307139656
5438,arc_pair_499146,T cells,17.96711509715994
5439,arc_pair_499207,Monocytes,34.435466386214706
5440,arc_pair_499263,CD8+ T cells,28.662572948648837
5441,arc_pair_499292,T cells,12.415901883781002
5442,arc_pair_499382,T cells,10.482510643194107
5443,arc_pair_499555,T cells,10.743206641555073
5444,arc_pair_499561,Monocytes,18.797770964007174
5445,arc_pair_499856,Monocytes,257.07574571082796
5446,arc_pair_500118,NK cells,25.864523333725167
5447,arc_pair_500423,B cells,37.055841903706735
5448,arc_pair_500525,CD4+ T cells,12.238332968772117
5449,arc_pair_500687,Monocytes,26.990591307088028
5450,arc_pair_500804,CD4+ T cells,11.193607975370178
5451,arc_pair_500916,CD8+ T cells,12.14870801728621
5452,arc_pair_501164,CD4+ T cells,7.947559305149119
5453,arc_pair_501224,T cells,20.314928354521
5454,arc_pair_501245,NK cells,48.28286988382991
5455,arc_pair_501297,CD4+ T cells,31.91459074733096
5456,arc_pair_501365,NK cells,9.7452628883578
5457,arc_pair_501389,T cells,11.644769991602129
5458,arc_pair_501412,CD4+ T cells,12.802302423859716
5459,arc_pair_501452,T cells,16.030314529665034
5460,arc_pair_501730,Monocytes,38.26240330547702
5461,arc_pair_501788,CD4+ T cells,12.173140372987438
5462,arc_pair_501924,CD4+ T cells,9.057359952324196
5463,arc_pair_502032,Monocytes,34.75689347079039
5464,arc_pair_502049,CD8+ T cells,10.912700398712111
5465,arc_pair_502171,CD4+ T cells,11.28890841923375
5466,arc_pair_502172,CD8+ T cells,23.74030036699484
5467,arc_pair_502219,T cells,14.47764689674175
5468,arc_pair_502260,T cells,19.761821450354724
5469,arc_pair_502487,NK cells,10.114552346462649
5470,arc_pair_502511,CD4+ T cells,20.842555574869152
5471,arc_pair_502565,T cells,36.934087959810356
5472,arc_pair_502599,Monocytes,48.14093888349708
5473,arc_pair_502660,NK cells,9.660797224998529
5474,arc_pair_502749,CD4+ T cells,18.519977052760147
5475,arc_pair_502872,T cells,21.275161433979072
5476,arc_pair_502900,CD4+ T cells,17.520315636464318
5477,arc_pair_502902,CD4+ T cells,11.310852395117449
5478,arc_pair_502906,CD4+ T cells,9.680962306756992
5479,arc_pair_503045,T cells,9.15885383129427
5480,arc_pair_503212,NK cells,12.596597215215418
5481,arc_pair_503242,Monocytes,10.890704425472496
5482,arc_pair_503372,NK cells,17.671656770092834
5483,arc_pair_503427,CD4+ T cells,22.422714277706152
5484,arc_pair_503576,Monocytes,79.62784016714545
5485,arc_pair_503678,CD8+ T cells,29.35575422911737
5486,arc_pair_503688,B cells,15.071273639259813
5487,arc_pair_503934,T cells,18.070546058251026
5488,arc_pair_503971,CD4+ T cells,13.21257938234015
5489,arc_pair_504056,T cells,9.452720732010327
5490,arc_pair_504116,T cells,10.011468901632114
5491,arc_pair_504127,NK cells,17.813912305620626
5492,arc_pair_504137,CD4+ T cells,9.0539829293084
5493,arc_pair_504148,T cells,13.807394863863038
5494,arc_pair_504265,NK cells,21.027707874939065
5495,arc_pair_504368,NK cells,13.64973523274188
5496,arc_pair_504405,B cells,14.630836923218688
5497,arc_pair_504486,CD4+ T cells,8.410091620282703
5498,arc_pair_504729,NK cells,10.009263974778708
5499,arc_pair_504741,CD4+ T cells,8.734899137093548
5500,arc_pair_504757,T cells,26.635446197087543
5501,arc_pair_504784,CD4+ T cells,18.453433134082424
5502,arc_pair_504857,CD4+ T cells,16.737982104288804
5503,arc_pair_505060,B cells,15.196532382927757
5504,arc_pair_505279,CD4+ T cells,14.839258830341633
5505,arc_pair_505344,T cells,10.73442740776234
5506,arc_pair_505368,Monocytes,118.36187271726622
5507,arc_pair_505414,CD4+ T cells,8.17071565513492
5508,arc_pair_505468,T cells,22.762649476831093
5509,arc_pair_505542,CD4+ T cells,7.285928036197361
5510,arc_pair_505621,Monocytes,33.67453146780939
5511,arc_pair_505649,NK cells,22.448634076204165
5512,arc_pair_505653,Monocytes,45.615056705001194
5513,arc_pair_505765,CD4+ T cells,27.120297617543773
5514,arc_pair_505832,CD8+ T cells,15.560498425620152
5515,arc_pair_505907,Monocytes,38.6779982232751
5516,arc_pair_505928,T cells,20.431164463001625
5517,arc_pair_505936,Monocytes,50.11666481268617
5518,arc_pair_505955,NK cells,9.513023893458676
5519,arc_pair_505961,CD8+ T cells,14.802930480156013
5520,arc_pair_505992,CD4+ T cells,14.003132613992346
5521,arc_pair_506133,CD4+ T cells,12.206356427921488
5522,arc_pair_506144,Monocytes,47.536217816263175
5523,arc_pair_506192,Monocytes,15.370494124936378
5524,arc_pair_506464,Monocytes,38.60691260744986
5525,arc_pair_506594,CD8+ T cells,14.481983778752827
5526,arc_pair_506872,CD8+ T cells,6.1003309822665415
5527,arc_pair_506891,CD4+ T cells,12.33015657870586
5528,arc_pair_506909,Monocytes,13.684807153140865
5529,arc_pair_506996,CD4+ T cells,21.49973439313751
5530,arc_pair_507522,NK cells,10.519251345980742
5531,arc_pair_507631,Monocytes,60.5049690480174
5532,arc_pair_507825,NK cells,15.343326032731037
5533,arc_pair_507869,CD8+ T cells,10.230062416185165
5534,arc_pair_507969,CD4+ T cells,14.005696842432728
5535,arc_pair_508275,NK cells,114.5607020586012
5536,arc_pair_508405,CD4+ T cells,8.629600694444445
5537,arc_pair_508430,Monocytes,35.840630897816126
5538,arc_pair_508585,T cells,52.66177045194715
5539,arc_pair_508591,NK cells,44.744541670206445
5540,arc_pair_508748,CD4+ T cells,10.85153858546802
5541,arc_pair_508906,Monocytes,23.95494737665793
5542,arc_pair_509275,CD4+ T cells,22.61241824614908
5543,arc_pair_509342,Monocytes,37.750097120569365
5544,arc_pair_509360,CD4+ T cells,8.525388758578751
5545,arc_pair_509390,CD4+ T cells,117.5186533544381
5546,arc_pair_509576,NK cells,14.04039139633286
5547,arc_pair_509692,CD8+ T cells,10.812395873651615
5548,arc_pair_509906,T cells,14.466285362853627
5549,arc_pair_510454,CD4+ T cells,44.34450925406618
5550,arc_pair_510491,CD4+ T cells,8.443254956918924
5551,arc_pair_510507,T cells,17.758194758836844
5552,arc_pair_510701,T cells,11.570396696906704
5553,arc_pair_510767,T cells,11.223497575140248
5554,arc_pair_510973,T cells,26.889996744752416
5555,arc_pair_511039,T cells,12.099859806957204
5556,arc_pair_511226,Monocytes,12.594928293285214
5557,arc_pair_511258,T cells,15.285037604859705
5558,arc_pair_511373,CD4+ T cells,16.99365339084948
5559,arc_pair_511488,CD4+ T cells,13.912411371693484
5560,arc_pair_511500,Monocytes,20.639921997153948
5561,arc_pair_511578,T cells,5.730959787994008
5562,arc_pair_511648,NK cells,16.613173789462998
5563,arc_pair_511736,CD4+ T cells,21.575298160501315
5564,arc_pair_511823,CD4+ T cells,15.730612637891664
5565,arc_pair_511835,Monocytes,13.183783415166396
5566,arc_pair_511862,CD4+ T cells,9.339427859081407
5567,arc_pair_512152,T cells,9.357850250052827
5568,arc_pair_512334,CD8+ T cells,8.818356584314031
5569,arc_pair_512476,T cells,10.111599970790127
5570,arc_pair_512484,NK cells,16.95755573306223
5571,arc_pair_512602,T cells,16.995380720230564
5572,arc_pair_512759,CD8+ T cells,14.66010678011467
5573,arc_pair_512924,T cells,20.719020430480636
5574,arc_pair_513135,Monocytes,62.9874052894925
5575,arc_pair_513150,Monocytes,43.47255315940281
5576,arc_pair_513410,CD8+ T cells,9.42632587859425
5577,arc_pair_513485,Monocytes,21.78132613144377
5578,arc_pair_513610,T cells,15.7049452104646
5579,arc_pair_513625,T cells,12.043813127047937
5580,arc_pair_513691,T cells,13.534245828334605
5581,arc_pair_513706,Monocytes,31.86497013439522
5582,arc_pair_513763,T cells,7.582846436407563
5583,arc_pair_513839,Monocytes,57.456901184961495
5584,arc_pair_513844,T cells,8.246736136064197
5585,arc_pair_513864,T cells,9.0640691540075
5586,arc_pair_514221,Monocytes,23.530420785231016
5587,arc_pair_514289,Monocytes,21.372653502840137
5588,arc_pair_514339,NK cells,23.578336862732705
5589,arc_pair_514373,T cells,18.972635931178587
5590,arc_pair_514446,Monocytes,25.996732952934103
5591,arc_pair_514468,CD4+ T cells,12.81831269444275
5592,arc_pair_514535,Monocytes,31.14978306787692
5593,arc_pair_514613,T cells,11.722534690101758
5594,arc_pair_514773,Monocytes,23.97923230154133
5595,arc_pair_514793,CD4+ T cells,17.688733298191735
5596,arc_pair_514864,T cells,11.727719058086429
5597,arc_pair_515041,T cells,11.696749439325568
5598,arc_pair_515422,CD4+ T cells,16.475371780921293
5599,arc_pair_515485,T cells,27.117152111441236
5600,arc_pair_515553,T cells,14.313721827916822
5601,arc_pair_515708,CD4+ T cells,15.303832792300245
5602,arc_pair_515720,CD4+ T cells,16.887696570712507
5603,arc_pair_515744,CD8+ T cells,8.989359092881534
5604,arc_pair_515878,T cells,6.987291761492944
5605,arc_pair_515927,T cells,15.3260567972965
5606,arc_pair_515939,CD4+ T cells,13.649269888064858
5607,arc_pair_516074,NK cells,25.83859720251369
5608,arc_pair_516119,NK cells,8.947012379374208
5609,arc_pair_516405,Monocytes,16.273476301208625
5610,arc_pair_516656,Monocytes,18.685278266707797
5611,arc_pair_516686,NK cells,13.344086204838792
5612,arc_pair_516749,T cells,11.672144652926722
5613,arc_pair_516829,T cells,13.376903178559193
5614,arc_pair_516918,T cells,10.332778919218605
5615,arc_pair_516925,Monocytes,21.90377256072737
5616,arc_pair_516927,CD4+ T cells,9.587211910503
5617,arc_pair_517036,T cells,8.153428011753181
5618,arc_pair_517148,CD4+ T cells,12.663046786154757
5619,arc_pair_517315,CD4+ T cells,20.299091632660794
5620,arc_pair_517501,Monocytes,26.488783763161912
5621,arc_pair_517555,T cells,15.11110894105699
5622,arc_pair_517619,CD4+ T cells,8.48339973439575
5623,arc_pair_517644,T cells,16.172966271035463
5624,arc_pair_517671,NK cells,10.698126390235556
5625,arc_pair_517838,B cells,39.46839049794036
5626,arc_pair_517900,Monocytes,18.073395963003893
5627,arc_pair_517942,Monocytes,19.797169151095247
5628,arc_pair_517947,CD4+ T cells,15.303741918193696
5629,arc_pair_517960,Monocytes,14.002958646701448
5630,arc_pair_518080,T cells,29.208613752092013
5631,arc_pair_518183,B cells,9.782359039795836
5632,arc_pair_518199,T cells,11.809775429326288
5633,arc_pair_518534,T cells,11.218166990778496
5634,arc_pair_518548,Dendritic cells,38.80725701045627
5635,arc_pair_518715,CD4+ T cells,12.072519788488474
5636,arc_pair_518980,NK cells,15.958465257209
5637,arc_pair_518993,T cells,12.322871744699476
5638,arc_pair_519026,T cells,16.83461949184985
5639,arc_pair_519116,CD4+ T cells,23.392535104411525
5640,arc_pair_519197,T cells,31.820366161616157
5641,arc_pair_519321,CD4+ T cells,12.390442584181088
5642,arc_pair_519357,Monocytes,25.682036503362152
5643,arc_pair_519374,CD4+ T cells,8.701972185118253
5644,arc_pair_519405,Monocytes,10.826938862914451
5645,arc_pair_519522,CD4+ T cells,8.807119205298015
5646,arc_pair_519538,NK cells,17.484703102343317
5647,arc_pair_519583,CD4+ T cells,11.766744852749545
5648,arc_pair_519847,CD8+ T cells,15.087404041986527
5649,arc_pair_520347,CD4+ T cells,11.113438746123173
5650,arc_pair_520541,CD4+ T cells,20.817390358036786
5651,arc_pair_520810,CD4+ T cells,4.883179385359116
5652,arc_pair_520935,CD4+ T cells,9.733486669046014
5653,arc_pair_520983,Monocytes,16.366075043424885
5654,arc_pair_521124,CD4+ T cells,9.568340567420735
5655,arc_pair_521147,CD4+ T cells,12.144899421736763
5656,arc_pair_521299,NK cells,20.817932028282875
5657,arc_pair_521491,T cells,29.94340833801396
5658,arc_pair_521504,Dendritic cells,14.881291747170854
5659,arc_pair_521724,CD4+ T cells,11.035209704859827
5660,arc_pair_521725,T cells,7.160872085873404
5661,arc_pair_521750,T cells,15.214644006887774
5662,arc_pair_521866,B cells,20.77912016842569
5663,arc_pair_521884,Monocytes,36.38069028473239
5664,arc_pair_521889,T cells,23.358477880865937
5665,arc_pair_521935,NK cells,52.83062842960464
5666,arc_pair_522092,NK cells,9.488558240031429
5667,arc_pair_522220,Monocytes,28.12547228404327
5668,arc_pair_522221,T cells,8.396943936296136
5669,arc_pair_522447,CD4+ T cells,15.546904092471102
5670,arc_pair_522532,Monocytes,13.623217145908018
5671,arc_pair_522599,B cells,10.44287561597875
5672,arc_pair_522837,B cells,16.729205020920503
5673,arc_pair_522875,CD4+ T cells,8.566634998003497
5674,arc_pair_522878,Monocytes,52.49838328193766
5675,arc_pair_522986,CD8+ T cells,7.858914531621666
5676,arc_pair_523003,CD8+ T cells,9.438069480665828
5677,arc_pair_523088,CD4+ T cells,15.065150403521644
5678,arc_pair_523119,CD4+ T cells,14.673875981948855
5679,arc_pair_523180,T cells,19.893580595039424
5680,arc_pair_523207,NK cells,28.28201280512205
5681,arc_pair_523218,CD4+ T cells,13.782248039500436
5682,arc_pair_523220,CD4+ T cells,5.422399064316757
5683,arc_pair_523269,NK cells,18.686899816323763
5684,arc_pair_523292,CD8+ T cells,20.410259193593127
5685,arc_pair_523348,NK cells,13.02568873221047
5686,arc_pair_523521,CD4+ T cells,12.939024548054402
5687,arc_pair_523622,CD4+ T cells,14.01527359585527
5688,arc_pair_523654,CD8+ T cells,23.200212040313207
5689,arc_pair_523759,CD4+ T cells,10.139522989583512
5690,arc_pair_523808,NK cells,16.436224202097662
5691,arc_pair_523980,T cells,15.579206197232136
5692,arc_pair_524036,NK cells,8.517005545286507
5693,arc_pair_524051,T cells,7.905817608420964
5694,arc_pair_524299,CD4+ T cells,11.787010733261225
5695,arc_pair_524511,Monocytes,34.80876359878786
5696,arc_pair_524697,NK cells,17.482470315464063
5697,arc_pair_524928,Monocytes,22.540810752442297
5698,arc_pair_525063,CD4+ T cells,11.189832183445272
5699,arc_pair_525076,NK cells,21.044189119048745
5700,arc_pair_525121,NK cells,13.739527230845171
5701,arc_pair_525170,NK cells,21.154690715409757
5702,arc_pair_525253,CD4+ T cells,13.492953764823948
5703,arc_pair_525264,T cells,21.903496074044835
5704,arc_pair_525358,CD8+ T cells,37.99088707462612
5705,arc_pair_525380,Monocytes,104.6850862444735
5706,arc_pair_525667,T cells,18.965436954654365
5707,arc_pair_525860,Monocytes,46.1540999921431
5708,arc_pair_525890,NK cells,17.09712883051091
5709,arc_pair_526165,T cells,15.501700638355558
5710,arc_pair_526251,T cells,8.908164008448038
5711,arc_pair_526298,Monocytes,29.503005458188436
5712,arc_pair_526310,Monocytes,27.789802847901655
5713,arc_pair_526404,T cells,28.415280174313892
5714,arc_pair_526624,Monocytes,79.73527681788104
5715,arc_pair_526814,Monocytes,23.448017433213035
5716,arc_pair_527035,CD8+ T cells,10.545074722802504
5717,arc_pair_527110,T cells,10.672138042599084
5718,arc_pair_527121,CD8+ T cells,21.177960342510232
5719,arc_pair_527165,CD4+ T cells,9.352056811292975
5720,arc_pair_527443,CD4+ T cells,12.891250503300428
5721,arc_pair_527490,T cells,14.571333930170098
5722,arc_pair_527584,Dendritic cells,12.624090935119968
5723,arc_pair_527605,CD4+ T cells,10.785187271191214
5724,arc_pair_527768,T cells,20.35365066898544
5725,arc_pair_527920,T cells,11.456537816783356
5726,arc_pair_527938,Monocytes,31.49229055197172
5727,arc_pair_527944,Monocytes,18.349867323401376
5728,arc_pair_527982,Monocytes,21.12861630673379
5729,arc_pair_528195,T cells,19.79045024004152
5730,arc_pair_528203,T cells,17.874230644638807
5731,arc_pair_528353,Dendritic cells,20.843055288335403
5732,arc_pair_528486,B cells,17.86189575785569
5733,arc_pair_528499,NK cells,13.265207303540803
5734,arc_pair_528553,CD8+ T cells,5.615797799294244
5735,arc_pair_528590,Monocytes,34.098543696586
5736,arc_pair_528728,CD4+ T cells,18.85790349895232
5737,arc_pair_528860,CD4+ T cells,349.7071907332128
5738,arc_pair_528889,CD4+ T cells,23.267432737455792
5739,arc_pair_528990,CD4+ T cells,14.932063483058418
5740,arc_pair_529159,CD4+ T cells,21.77245194694659
5741,arc_pair_529323,B cells,9.770269846742094
5742,arc_pair_529419,T cells,20.887349360104544
5743,arc_pair_529469,CD4+ T cells,16.3794402211472
5744,arc_pair_529475,CD4+ T cells,15.437834469613664
5745,arc_pair_529502,Monocytes,33.4121164549736
5746,arc_pair_529644,T cells,15.800201115005253
5747,arc_pair_529792,T cells,8.183052488416587
5748,arc_pair_529804,CD4+ T cells,22.03136256663945
5749,arc_pair_529857,T cells,29.352497903288395
5750,arc_pair_530022,NK cells,11.173863677108606
5751,arc_pair_530173,T cells,13.236071742129688
5752,arc_pair_530220,CD4+ T cells,7.88128420385151
5753,arc_pair_530360,NK cells,12.213124079775133
5754,arc_pair_530477,Monocytes,39.474840664096305
5755,arc_pair_530621,T cells,13.880965838439105
5756,arc_pair_530688,CD4+ T cells,17.56104158169289
5757,arc_pair_530980,CD8+ T cells,9.792375481064196
5758,arc_pair_531121,CD4+ T cells,17.720288913401532
5759,arc_pair_531202,CD8+ T cells,28.27979628083134
5760,arc_pair_531236,Monocytes,80.5619599395875
5761,arc_pair_531250,CD4+ T cells,23.794931200752675
5762,arc_pair_531476,Monocytes,36.89939362415649
5763,arc_pair_531749,NK cells,21.90377152753279
5764,arc_pair_531949,CD8+ T cells,7.918036561219323
5765,arc_pair_532010,Monocytes,30.250255898140058
5766,arc_pair_532065,Monocytes,12.763631462750936
5767,arc_pair_532156,CD8+ T cells,11.168327346929033
5768,arc_pair_532329,NK cells,11.911224449915975
5769,arc_pair_532351,T cells,16.10509330972929
5770,arc_pair_532374,T cells,25.13974683544304
5771,arc_pair_532438,Monocytes,18.597635969177823
5772,arc_pair_532740,NK cells,9.41675009156391
5773,arc_pair_532756,T cells,18.007233658656606
5774,arc_pair_532998,CD4+ T cells,11.605662568019362
5775,arc_pair_533084,NK cells,18.734695909427096
5776,arc_pair_533115,T cells,8.18295893880816
5777,arc_pair_533166,Monocytes,21.03826246478412
5778,arc_pair_533223,CD4+ T cells,8.880393751694509
5779,arc_pair_533317,CD4+ T cells,9.084613484811063
5780,arc_pair_533350,CD4+ T cells,8.12653825575174
5781,arc_pair_533360,CD4+ T cells,16.061585567404883
5782,arc_pair_533418,Monocytes,41.342173976113344
5783,arc_pair_533447,NK cells,20.523506769312448
5784,arc_pair_533483,Monocytes,19.281030986060124
5785,arc_pair_533506,Monocytes,13.839492057067693
5786,arc_pair_533513,Monocytes,15.554335125029215
5787,arc_pair_533576,T cells,7.764812829871238
5788,arc_pair_533620,CD4+ T cells,10.819161585751512
5789,arc_pair_533680,CD4+ T cells,16.677842923370605
5790,arc_pair_533693,CD4+ T cells,9.808880869159232
5791,arc_pair_533699,CD4+ T cells,8.314658060875393
5792,arc_pair_533704,NK cells,14.272280092592592
5793,arc_pair_533721,NK cells,16.300274133542196
5794,arc_pair_533732,CD4+ T cells,12.184033150153835
5795,arc_pair_533882,T cells,9.321607681886244
5796,arc_pair_533887,T cells,17.780448219897096
5797,arc_pair_533888,CD4+ T cells,11.410592236502175
5798,arc_pair_533895,Monocytes,24.999070539087327
5799,arc_pair_534030,CD8+ T cells,19.2788453511862
5800,arc_pair_534066,NK cells,25.31987467162872
5801,arc_pair_534069,Monocytes,15.93196661297408
5802,arc_pair_534082,T cells,16.802481718951846
5803,arc_pair_534085,NK cells,23.693640136149575
5804,arc_pair_534291,CD4+ T cells,26.86560454003857
5805,arc_pair_534369,CD4+ T cells,41.73180090764859
5806,arc_pair_534377,CD4+ T cells,11.274090980639068
5807,arc_pair_534429,Monocytes,31.190674012245474
5808,arc_pair_534469,Monocytes,69.675200929602
5809,arc_pair_534636,B cells,55.11027055361632
5810,arc_pair_534637,T cells,9.654601195383346
5811,arc_pair_534690,CD4+ T cells,9.674518049518053
5812,arc_pair_534702,Monocytes,43.425712421144226
5813,arc_pair_534838,T cells,28.24142064319705
5814,arc_pair_534858,T cells,10.846594972923263
5815,arc_pair_535012,T cells,14.257484518471069
5816,arc_pair_535054,T cells,19.425632078867935
5817,arc_pair_535095,CD8+ T cells,9.177749360613811
5818,arc_pair_535098,CD4+ T cells,25.58006300853344
5819,arc_pair_535229,CD8+ T cells,27.61617844472145
5820,arc_pair_535274,CD4+ T cells,7.035359840870134
5821,arc_pair_535306,T cells,13.352226574486902
5822,arc_pair_535432,CD4+ T cells,13.543529411764704
5823,arc_pair_535437,NK cells,11.97324529282525
5824,arc_pair_535483,CD4+ T cells,15.46619526871211
5825,arc_pair_535557,CD4+ T cells,10.003869521191955
5826,arc_pair_535577,NK cells,19.342180812887108
5827,arc_pair_535589,NK cells,17.8474265925405
5828,arc_pair_535769,NK cells,13.204484062668826
5829,arc_pair_535936,CD4+ T cells,11.052494633448251
5830,arc_pair_536025,CD4+ T cells,12.442681749206786
5831,arc_pair_536047,T cells,19.34121213712006
5832,arc_pair_536064,T cells,14.978959144886709
5833,arc_pair_536065,Monocytes,41.60312145124189
5834,arc_pair_536165,NK cells,10.304910286699444
5835,arc_pair_536266,CD4+ T cells,8.458423107453548
5836,arc_pair_536276,B cells,31.00280293470614
5837,arc_pair_536288,CD4+ T cells,10.139004919151178
5838,arc_pair_536384,Monocytes,28.241678247634177
5839,arc_pair_536444,Dendritic cells,32.40908914853786
5840,arc_pair_536450,T cells,8.313500223513635
5841,arc_pair_536481,CD4+ T cells,16.479730898274013
5842,arc_pair_536878,Monocytes,27.95839197850388
5843,arc_pair_537119,CD4+ T cells,19.123365175679556
5844,arc_pair_537148,T cells,22.80791401465114
5845,arc_pair_537234,Monocytes,80.71615618101546
5846,arc_pair_537290,T cells,232.5873511092293
5847,arc_pair_537305,Dendritic cells,29.54335100571573
5848,arc_pair_537343,T cells,14.303195431959807
5849,arc_pair_537387,NK cells,14.610856403456925
5850,arc_pair_537414,Dendritic cells,20.05461661279645
5851,arc_pair_537416,Monocytes,43.037262937196225
5852,arc_pair_537450,NK cells,11.81014518309528
5853,arc_pair_537611,B cells,13.799928057553956
5854,arc_pair_537767,Monocytes,40.15200850704949
5855,arc_pair_537770,T cells,9.574793875147233
5856,arc_pair_537903,NK cells,28.25470543436871
5857,arc_pair_538927,Monocytes,7.503027876482658
5858,arc_pair_538974,CD4+ T cells,18.86849820469743
5859,arc_pair_538985,CD4+ T cells,7.831347229418251
5860,arc_pair_539254,NK cells,18.8467200990678
5861,arc_pair_539373,NK cells,14.316803735712297
5862,arc_pair_539439,CD8+ T cells,11.969190409370997
5863,arc_pair_539515,Monocytes,37.89204993106165
5864,arc_pair_539526,CD4+ T cells,8.755016688784334
5865,arc_pair_539670,NK cells,13.836710167741495
5866,arc_pair_539816,T cells,15.53601666542668
5867,arc_pair_539838,NK cells,32.55230983752324
5868,arc_pair_539871,T cells,16.695203185698457
5869,arc_pair_539930,NK cells,20.518823409021135
5870,arc_pair_540228,CD8+ T cells,5.539356216730356
5871,arc_pair_540246,Monocytes,19.73626182450799
5872,arc_pair_540254,CD4+ T cells,12.198798638730572
5873,arc_pair_540346,CD4+ T cells,6.249242235509051
5874,arc_pair_540380,CD4+ T cells,19.178604058805615
5875,arc_pair_540423,CD4+ T cells,18.84019364824448
5876,arc_pair_540470,NK cells,20.844922585953277
5877,arc_pair_540503,T cells,16.79811788334764
5878,arc_pair_540566,T cells,9.994014847781465
5879,arc_pair_540639,CD4+ T cells,12.967249093792478
5880,arc_pair_540776,NK cells,10.247728155339804
5881,arc_pair_540806,T cells,22.272805740566582
5882,arc_pair_540946,CD4+ T cells,15.689154464249292
5883,arc_pair_541015,CD4+ T cells,4.905185973912833
5884,arc_pair_541096,CD4+ T cells,23.66425041186161
5885,arc_pair_541156,Monocytes,71.12836520767165
5886,arc_pair_541187,CD4+ T cells,9.827655094217372
5887,arc_pair_541188,Monocytes,22.57647960386701
5888,arc_pair_541351,CD4+ T cells,11.178189281779629
5889,arc_pair_541354,Monocytes,43.91678961345529
5890,arc_pair_541509,NK cells,24.63865356056856
5891,arc_pair_541517,CD4+ T cells,14.196351250973784
5892,arc_pair_541633,CD4+ T cells,20.34621340718902
5893,arc_pair_541664,T cells,13.61727609962904
5894,arc_pair_541700,Dendritic cells,19.185360914219583
5895,arc_pair_541728,T cells,11.79563628267686
5896,arc_pair_541994,B cells,24.547460060621255
5897,arc_pair_542019,Monocytes,40.43622072231512
5898,arc_pair_542128,CD8+ T cells,38.59997656913569
5899,arc_pair_542272,B cells,21.59297551231782
5900,arc_pair_542495,Monocytes,19.446562360949095
5901,arc_pair_542579,Monocytes,15.266172821077378
5902,arc_pair_542593,T cells,11.94110237292752
5903,arc_pair_542733,CD4+ T cells,20.1800448974639
5904,arc_pair_542791,Progenitors,47.27556025421957
5905,arc_pair_542810,T cells,15.702445712923083
5906,arc_pair_543004,NK cells,14.752962387154934
5907,arc_pair_543020,CD4+ T cells,11.897011621472052
5908,arc_pair_543142,T cells,16.018546165330214
5909,arc_pair_543363,CD4+ T cells,8.298054749946948
5910,arc_pair_543556,Monocytes,22.59536221830016
5911,arc_pair_543564,T cells,11.496221051935748
5912,arc_pair_543569,T cells,15.467153284671532
5913,arc_pair_543680,CD8+ T cells,34.0666468378554
5914,arc_pair_543724,T cells,9.580527009222664
5915,arc_pair_543774,CD4+ T cells,287.4646363868644
5916,arc_pair_543792,T cells,13.558882483860712
5917,arc_pair_543809,T cells,9.16374211356467
5918,arc_pair_543851,T cells,7.785896285663018
5919,arc_pair_543920,CD4+ T cells,9.301040957567505
5920,arc_pair_544199,NK cells,15.00253320027635
5921,arc_pair_544221,T cells,17.626067573624727
5922,arc_pair_544383,NK cells,19.597261733267157
5923,arc_pair_544459,NK cells,5.498436974457393
5924,arc_pair_544481,CD4+ T cells,9.864372168503618
5925,arc_pair_544561,CD4+ T cells,7.876278893520272
5926,arc_pair_544840,Monocytes,16.276149165612388
5927,arc_pair_544850,B cells,11.091208002408134
5928,arc_pair_544960,T cells,10.808479688536163
5929,arc_pair_545108,Monocytes,48.32332155477032
5930,arc_pair_545289,CD4+ T cells,12.807961929166286
5931,arc_pair_545457,T cells,12.230230834209664
5932,arc_pair_545502,Dendritic cells,108.58851625868272
5933,arc_pair_545506,Monocytes,22.17913837223471
5934,arc_pair_545567,NK cells,17.274152204059334
5935,arc_pair_545598,NK cells,33.37677588708006
5936,arc_pair_545606,CD4+ T cells,19.604427906976746
5937,arc_pair_545714,CD4+ T cells,11.645527021433583
5938,arc_pair_546099,T cells,7.83206026583227
5939,arc_pair_546129,T cells,8.22741408181166
5940,arc_pair_546168,Monocytes,13.012396694214877
5941,arc_pair_546255,CD8+ T cells,71.32048908934485
5942,arc_pair_546377,Monocytes,45.63965775401069
5943,arc_pair_546658,CD4+ T cells,119.57455933379596
5944,arc_pair_546722,T cells,11.839109858370742
5945,arc_pair_546810,T cells,78.93454973981434
5946,arc_pair_546832,Monocytes,10.65446784291406
5947,arc_pair_546910,Monocytes,61.63108896357245
5948,arc_pair_546942,Monocytes,158.76982992358887
5949,arc_pair_546976,NK cells,29.287509694354405
5950,arc_pair_546982,Monocytes,65.54425295654113
5951,arc_pair_547190,T cells,19.115443398317645
5952,arc_pair_547246,NK cells,14.628055105111684
5953,arc_pair_547258,CD8+ T cells,6.479708785382167
5954,arc_pair_547304,T cells,8.872357293868921
5955,arc_pair_547348,T cells,9.73059837993206
5956,arc_pair_547388,CD4+ T cells,43.84143153468018
5957,arc_pair_547415,T cells,11.504539435225064
5958,arc_pair_547525,Monocytes,55.82877040909166
5959,arc_pair_547598,CD4+ T cells,5.987610116510371
5960,arc_pair_547607,CD4+ T cells,12.987007649275032
5961,arc_pair_547776,CD4+ T cells,21.22458002857284
5962,arc_pair_547904,T cells,14.750965755213702
5963,arc_pair_548012,Monocytes,15.908739626556017
5964,arc_pair_548069,T cells,14.389475093407327
5965,arc_pair_548137,CD4+ T cells,16.2698224852071
5966,arc_pair_548253,Dendritic cells,48.153110641996776
5967,arc_pair_548286,CD4+ T cells,10.83310701463941
5968,arc_pair_548497,T cells,25.64104314424223
5969,arc_pair_548547,T cells,13.453394154012363
5970,arc_pair_548593,CD4+ T cells,18.170537312700787
5971,arc_pair_548670,T cells,8.659335591777372
5972,arc_pair_548860,T cells,10.86144490795509
5973,arc_pair_548908,Monocytes,19.39905524130461
5974,arc_pair_548952,T cells,14.867475083587964
5975,arc_pair_548993,Dendritic cells,43.660900944087146
5976,arc_pair_549055,Monocytes,32.557864221495706
5977,arc_pair_549182,Monocytes,13.549358530064923
5978,arc_pair_549342,B cells,10.658624528860788
5979,arc_pair_549730,T cells,11.383767596308594
5980,arc_pair_549802,NK cells,6.144615431777076
5981,arc_pair_549847,NK cells,33.19963432498815
5982,arc_pair_549989,T cells,19.39185487379052
5983,arc_pair_550037,T cells,22.685724670096175
5984,arc_pair_550169,CD4+ T cells,12.251560018152936
5985,arc_pair_550208,T cells,8.70268615445388
5986,arc_pair_550242,CD4+ T cells,19.366344959388435
5987,arc_pair_550246,T cells,23.362063545656707
5988,arc_pair_550409,CD4+ T cells,9.83833321191812
5989,arc_pair_550456,CD4+ T cells,8.43874607924433
5990,arc_pair_550467,NK cells,22.774570646942603
5991,arc_pair_551087,T cells,16.46661536145082
5992,arc_pair_551110,Progenitors,27.721644930584773
5993,arc_pair_551257,NK cells,14.585969307860948
5994,arc_pair_551380,T cells,15.397652601562177
5995,arc_pair_551429,Monocytes,14.396682641438977
5996,arc_pair_551433,T cells,11.133502755410689
5997,arc_pair_551617,Progenitors,46.26345103979298
5998,arc_pair_551684,CD4+ T cells,10.56242411506491
5999,arc_pair_551687,Monocytes,16.105120811018963
6000,arc_pair_551693,Monocytes,11.862714113389623
6001,arc_pair_551737,CD4+ T cells,19.315872362931188
6002,arc_pair_551837,CD8+ T cells,10.240990092936231
6003,arc_pair_552051,CD4+ T cells,9.248598899046003
6004,arc_pair_552075,CD4+ T cells,11.157707548081568
6005,arc_pair_552135,Monocytes,23.950098764364085
6006,arc_pair_552161,CD4+ T cells,10.126254833263747
6007,arc_pair_552207,NK cells,18.516958446191452
6008,arc_pair_552213,T cells,16.847364863751007
6009,arc_pair_552259,CD8+ T cells,23.249648066612757
6010,arc_pair_552613,T cells,14.789497957570166
6011,arc_pair_552713,CD4+ T cells,16.56156588844388
6012,arc_pair_552815,T cells,10.039677463123413
6013,arc_pair_552839,CD4+ T cells,34.61361084618078
6014,arc_pair_552969,CD4+ T cells,8.823888488344146
6015,arc_pair_552998,CD4+ T cells,21.824649777548995
6016,arc_pair_553085,Monocytes,21.324165306007547
6017,arc_pair_553330,NK cells,18.287771872627392
6018,arc_pair_553348,T cells,16.244453507340943
6019,arc_pair_553406,CD4+ T cells,9.330538368125833
6020,arc_pair_553421,Monocytes,13.7850643238155
6021,arc_pair_553435,B cells,6.310544063418193
6022,arc_pair_553550,T cells,8.87882979278668
6023,arc_pair_553666,NK cells,16.729342693401712
6024,arc_pair_553759,T cells,12.550948374826516
6025,arc_pair_553763,Monocytes,38.07008143694344
6026,arc_pair_553864,CD4+ T cells,12.809934270737998
6027,arc_pair_553868,CD8+ T cells,10.104652500215655
6028,arc_pair_553909,NK cells,25.029495543508222
6029,arc_pair_554004,T cells,26.223461827685252
6030,arc_pair_554145,CD4+ T cells,18.938563252104704
6031,arc_pair_554241,Monocytes,14.755473227345757
6032,arc_pair_554537,CD4+ T cells,49.15286156669343
6033,arc_pair_554547,CD4+ T cells,12.124898694281857
6034,arc_pair_554597,Monocytes,14.760358768604068
6035,arc_pair_554646,CD4+ T cells,11.694720429929175
6036,arc_pair_554655,T cells,13.110711589926575
6037,arc_pair_554683,CD8+ T cells,9.355927547114522
6038,arc_pair_554896,Monocytes,61.75596266851021
6039,arc_pair_555025,Monocytes,17.538829194667045
6040,arc_pair_555051,Monocytes,24.892332182813615
6041,arc_pair_555087,NK cells,15.623888794518995
6042,arc_pair_555156,CD8+ T cells,7.0493537015276155
6043,arc_pair_555217,CD4+ T cells,11.316966797974114
6044,arc_pair_555370,T cells,25.19602173250048
6045,arc_pair_555418,CD8+ T cells,4.417532385154279
6046,arc_pair_555521,CD4+ T cells,15.490809558059617
6047,arc_pair_555555,CD4+ T cells,10.591798311417056
6048,arc_pair_555592,Monocytes,30.750722801993557
6049,arc_pair_555596,T cells,5.33560262589568
6050,arc_pair_555668,T cells,8.869556586425944
6051,arc_pair_555728,T cells,11.766764059245546
6052,arc_pair_555810,T cells,9.033861405384393
6053,arc_pair_555848,CD4+ T cells,8.933903472893581
6054,arc_pair_555912,Monocytes,53.72600258732213
6055,arc_pair_555923,NK cells,17.385860139860142
6056,arc_pair_555953,NK cells,9.879748724965792
6057,arc_pair_555979,NK cells,16.135705545090815
6058,arc_pair_556065,CD4+ T cells,13.779093608597286
6059,arc_pair_556143,NK cells,10.91580096549136
6060,arc_pair_556147,CD4+ T cells,18.74835419014293
6061,arc_pair_556212,T cells,23.487080725405228
6062,arc_pair_556350,CD4+ T cells,9.994402985074627
6063,arc_pair_556561,T cells,7.191341079732761
6064,arc_pair_556595,Monocytes,45.25544853232542
6065,arc_pair_556815,NK cells,20.060399213982834
6066,arc_pair_556820,CD4+ T cells,8.067804275076124
6067,arc_pair_556854,NK cells,10.544259818731115
6068,arc_pair_556871,T cells,12.23438154530616
6069,arc_pair_556972,CD4+ T cells,15.703866335604292
6070,arc_pair_557064,T cells,12.513005085211654
6071,arc_pair_557411,T cells,5.526726356422904
6072,arc_pair_557435,T cells,9.529326998851689
6073,arc_pair_557449,CD4+ T cells,8.964481246424972
6074,arc_pair_557517,CD4+ T cells,16.12575997334888
6075,arc_pair_557699,NK cells,14.801665564307616
6076,arc_pair_557703,Monocytes,78.13848420363396
6077,arc_pair_557730,T cells,13.885304729782726
6078,arc_pair_557833,T cells,118.19839095606338
6079,arc_pair_557853,NK cells,112.58131128848348
6080,arc_pair_557854,CD8+ T cells,7.123942908117751
6081,arc_pair_557859,NK cells,8.612099644128115
6082,arc_pair_557908,NK cells,7.275870646766169
6083,arc_pair_558107,T cells,10.448688580918567
6084,arc_pair_558235,CD4+ T cells,9.015050423035737
6085,arc_pair_558761,Monocytes,18.039660702829853
6086,arc_pair_558843,CD4+ T cells,19.41874499822888
6087,arc_pair_559013,T cells,9.37882849798017
6088,arc_pair_559075,Monocytes,33.220813145759145
6089,arc_pair_559086,T cells,9.259055954985934
6090,arc_pair_559136,T cells,9.926256983240222
6091,arc_pair_559445,T cells,10.11892112791173
6092,arc_pair_559563,NK cells,24.801070862700104
6093,arc_pair_559570,CD4+ T cells,25.80105875353626
6094,arc_pair_559935,T cells,12.96579899614801
6095,arc_pair_560015,CD4+ T cells,14.082137603395472
6096,arc_pair_560203,T cells,21.358769902413968
6097,arc_pair_560386,Monocytes,35.0593281082923
6098,arc_pair_560514,NK cells,17.428875915114446
6099,arc_pair_560567,T cells,17.602228639254527
6100,arc_pair_560583,NK cells,39.468910467617405
6101,arc_pair_560700,T cells,14.215076906924246
6102,arc_pair_560703,B cells,14.607922316967809
6103,arc_pair_560843,CD4+ T cells,23.106153974268224
6104,arc_pair_560867,T cells,15.680428682309394
6105,arc_pair_560887,Monocytes,20.426015739385065
6106,arc_pair_560906,CD4+ T cells,22.62562631800928
6107,arc_pair_561056,NK cells,20.365081627364603
6108,arc_pair_561149,CD4+ T cells,13.540120267812863
6109,arc_pair_561172,CD4+ T cells,9.113549933862434
6110,arc_pair_561252,CD8+ T cells,11.66399640896378
6111,arc_pair_561272,CD4+ T cells,6.132393477694428
6112,arc_pair_561364,T cells,20.82829535809885
6113,arc_pair_561410,CD8+ T cells,18.218750415155498
6114,arc_pair_561509,T cells,9.722077614765738
6115,arc_pair_561517,T cells,16.1277462462276
6116,arc_pair_561610,CD4+ T cells,10.079109163450845
6117,arc_pair_561614,CD8+ T cells,11.37457545743905
6118,arc_pair_561639,NK cells,17.170222328338085
6119,arc_pair_561822,NK cells,53.95304625199361
6120,arc_pair_562046,CD4+ T cells,28.948393329777492
6121,arc_pair_562057,B cells,21.39187726659958
6122,arc_pair_562062,B cells,35.61222417269944
6123,arc_pair_562173,Monocytes,13.03252590521787
6124,arc_pair_562249,Monocytes,23.869497576640008
6125,arc_pair_562270,T cells,81.51327749340777
6126,arc_pair_562290,NK cells,13.999410415984276
6127,arc_pair_562432,NK cells,127.293268209811
6128,arc_pair_562437,T cells,13.325547826354018
6129,arc_pair_562446,Dendritic cells,33.75656027485934
6130,arc_pair_562467,Monocytes,12.341510517250375
6131,arc_pair_562624,CD4+ T cells,11.282251668439889
6132,arc_pair_562719,T cells,18.37935376100127
6133,arc_pair_562813,NK cells,19.094648045511143
6134,arc_pair_562834,NK cells,9.168488589012677
6135,arc_pair_563269,Monocytes,41.03070302739674
6136,arc_pair_563415,NK cells,6.57576238566695
6137,arc_pair_563444,NK cells,9.499325814178526
6138,arc_pair_563488,NK cells,29.497347821608816
6139,arc_pair_563609,Monocytes,30.965319024191285
6140,arc_pair_563700,NK cells,44.5247754307884
6141,arc_pair_563752,CD4+ T cells,10.520776992642997
6142,arc_pair_563812,Monocytes,41.13654174019681
6143,arc_pair_563848,CD4+ T cells,8.80565343046043
6144,arc_pair_563862,T cells,11.000928224742225
6145,arc_pair_563947,Monocytes,16.728897449105283
6146,arc_pair_563955,T cells,16.082130046905174
6147,arc_pair_564005,Monocytes,27.102683283050645
6148,arc_pair_564013,B cells,21.624046882841466
6149,arc_pair_564387,CD4+ T cells,11.742146032222369
6150,arc_pair_564538,T cells,10.393481735424242
6151,arc_pair_564543,T cells,9.26137001684447
6152,arc_pair_564619,NK cells,29.816663362410782
6153,arc_pair_564626,B cells,17.839526144831538
6154,arc_pair_564745,T cells,8.855752137475662
6155,arc_pair_564801,B cells,10.375657771495716
6156,arc_pair_564839,CD4+ T cells,9.047412205006886
6157,arc_pair_565003,B cells,9.548055626157366
6158,arc_pair_565013,Monocytes,27.632066704189956
6159,arc_pair_565020,T cells,9.862773961400066
6160,arc_pair_565058,T cells,21.707145127271673
6161,arc_pair_565087,T cells,106.07141838547
6162,arc_pair_565094,Monocytes,91.13129649309246
6163,arc_pair_565172,B cells,5.7271459329171694
6164,arc_pair_565202,T cells,13.649055781336138
6165,arc_pair_565231,CD8+ T cells,14.342517050389418
6166,arc_pair_565382,T cells,20.15110225282358
6167,arc_pair_565596,CD4+ T cells,20.391174702700155
6168,arc_pair_565748,CD4+ T cells,226.96413922418844
6169,arc_pair_565906,B cells,16.05385265662669
6170,arc_pair_565928,Monocytes,17.42965036875171
6171,arc_pair_565937,CD4+ T cells,10.33800114807094
6172,arc_pair_566048,T cells,8.571847507331379
6173,arc_pair_566052,NK cells,9.688679579335007
6174,arc_pair_566053,Dendritic cells,50.994022189881534
6175,arc_pair_566340,Dendritic cells,17.69395113042383
6176,arc_pair_566393,NK cells,9.925697811558118
6177,arc_pair_566652,CD8+ T cells,13.119298751596553
6178,arc_pair_566717,Monocytes,37.25803602374749
6179,arc_pair_566901,CD4+ T cells,8.385796218451642
6180,arc_pair_567228,Monocytes,63.66032122296939
6181,arc_pair_567242,T cells,9.651731386215287
6182,arc_pair_567370,T cells,7.725738579671163
6183,arc_pair_567387,B cells,12.550505421797464
6184,arc_pair_567416,B cells,8.32110889864094
6185,arc_pair_567430,NK cells,264.37025747974656
6186,arc_pair_567526,CD4+ T cells,29.266022544283416
6187,arc_pair_567584,T cells,12.34523946490393
6188,arc_pair_567913,NK cells,9.68281023247873
6189,arc_pair_567987,Monocytes,15.73280921271177
6190,arc_pair_568180,NK cells,7.036232861923782
6191,arc_pair_568238,T cells,12.333141414588775
6192,arc_pair_568273,CD4+ T cells,7.474028230765117
6193,arc_pair_568826,CD8+ T cells,10.083906437019456
6194,arc_pair_568849,CD4+ T cells,13.054935460273262
6195,arc_pair_568904,CD4+ T cells,6.838439613123278
6196,arc_pair_568947,CD8+ T cells,10.4791447247438
6197,arc_pair_568971,Monocytes,31.69794345929409
6198,arc_pair_569079,CD4+ T cells,8.914506731946146
6199,arc_pair_569170,T cells,8.440505785774327
6200,arc_pair_569212,CD4+ T cells,11.759537004741052
6201,arc_pair_569353,Dendritic cells,20.40483460157251
6202,arc_pair_569507,NK cells,57.43963697762769
6203,arc_pair_569552,T cells,6.988807170765342
6204,arc_pair_569555,CD8+ T cells,23.7384122866329
6205,arc_pair_569750,NK cells,27.469458756041853
6206,arc_pair_569929,CD4+ T cells,18.47293925509232
6207,arc_pair_569987,CD4+ T cells,17.568250920147225
6208,arc_pair_569995,T cells,10.40684678738055
6209,arc_pair_570013,T cells,44.87620664187517
6210,arc_pair_570149,CD4+ T cells,23.980764511341462
6211,arc_pair_570264,Monocytes,44.99025166923472
6212,arc_pair_570426,CD4+ T cells,15.237964217570443
6213,arc_pair_570503,NK cells,17.561123922806164
6214,arc_pair_570550,Monocytes,33.622076184937484
6215,arc_pair_570552,T cells,382.4438861374237
6216,arc_pair_570684,Monocytes,16.81314884024441
6217,arc_pair_570840,Monocytes,18.377600960816693
6218,arc_pair_570866,CD4+ T cells,6.655140743260481
6219,arc_pair_570925,CD4+ T cells,15.133017401333936
6220,arc_pair_571027,B cells,14.347651859453649
6221,arc_pair_571052,NK cells,17.27841500208073
6222,arc_pair_571143,CD8+ T cells,25.27983807782711
6223,arc_pair_571226,T cells,12.242155660190718
6224,arc_pair_571244,T cells,23.901688468852647
6225,arc_pair_571596,T cells,7.856267591130637
6226,arc_pair_571824,CD8+ T cells,10.227013093883874
6227,arc_pair_571980,CD8+ T cells,14.153551216565775
6228,arc_pair_572272,T cells,19.45930635561823
6229,arc_pair_572345,T cells,11.11699287363244
6230,arc_pair_573219,Monocytes,80.94856855238473
6231,arc_pair_573328,CD4+ T cells,24.771106894048422
6232,arc_pair_573336,CD4+ T cells,10.906972265023114
6233,arc_pair_573355,CD4+ T cells,8.727493842835507
6234,arc_pair_573405,NK cells,15.499987281560806
6235,arc_pair_573433,CD8+ T cells,9.362600503923868
6236,arc_pair_573455,Monocytes,57.196305360618034
6237,arc_pair_573457,Monocytes,20.4691941080762
6238,arc_pair_573462,T cells,10.056377843174207
6239,arc_pair_573608,T cells,12.41951806569842
6240,arc_pair_573749,T cells,76.73483915995178
6241,arc_pair_573893,NK cells,8.595588816569608
6242,arc_pair_573912,CD8+ T cells,11.867738998482547
6243,arc_pair_574068,CD4+ T cells,6.6391299034583895
6244,arc_pair_574088,CD4+ T cells,74.66283306763835
6245,arc_pair_574220,CD4+ T cells,10.96232677550673
6246,arc_pair_574247,NK cells,44.86413959794848
6247,arc_pair_574318,NK cells,17.847876272533462
6248,arc_pair_574343,Monocytes,34.31323298766357
6249,arc_pair_574409,CD8+ T cells,11.539674678470275
6250,arc_pair_574414,T cells,14.740122589510417
6251,arc_pair_574422,T cells,28.51165317608566
6252,arc_pair_574451,CD4+ T cells,8.316225543514753
6253,arc_pair_574490,CD4+ T cells,9.099663872352489
6254,arc_pair_574552,NK cells,46.65565655759206
6255,arc_pair_574580,T cells,12.280558767578052
6256,arc_pair_574805,NK cells,12.184707429880763
6257,arc_pair_574835,NK cells,20.80953502456093
6258,arc_pair_575058,CD4+ T cells,15.272762940714884
6259,arc_pair_575084,T cells,8.790754865607408
6260,arc_pair_575189,B cells,11.271839004369124
6261,arc_pair_575228,NK cells,11.145703456703188
6262,arc_pair_575391,T cells,12.333057429160135
6263,arc_pair_575430,CD8+ T cells,9.063878884599625
6264,arc_pair_575434,NK cells,9.130424021162383
6265,arc_pair_575531,T cells,26.299792716943468
6266,arc_pair_575704,Monocytes,27.82796394357088
6267,arc_pair_575727,CD4+ T cells,23.06815385372576
6268,arc_pair_575841,Monocytes,26.348227465498255
6269,arc_pair_575873,Monocytes,33.93509604095242
6270,arc_pair_575925,T cells,18.997997457850687
6271,arc_pair_575930,NK cells,272.9865618356131
6272,arc_pair_575949,CD4+ T cells,6.443912658707941
6273,arc_pair_576102,NK cells,52.90830107648405
6274,arc_pair_576170,T cells,34.806386244095776
6275,arc_pair_576201,CD8+ T cells,10.854410560292914
6276,arc_pair_576204,T cells,24.05560372327373
6277,arc_pair_576307,Monocytes,27.262375493585097
6278,arc_pair_576338,Monocytes,26.440743584475133
6279,arc_pair_576393,CD4+ T cells,23.364661238625057
6280,arc_pair_576771,B cells,14.985899549182768
6281,arc_pair_576842,Monocytes,53.32485180981208
6282,arc_pair_577021,T cells,15.05243845962025
6283,arc_pair_577382,NK cells,25.6980437399679
6284,arc_pair_577386,Monocytes,10.834171957049923
6285,arc_pair_577553,Monocytes,15.31276862648323
6286,arc_pair_577556,CD4+ T cells,25.89631484881275
6287,arc_pair_577569,Monocytes,23.26154398212334
6288,arc_pair_577714,Monocytes,15.748336880329797
6289,arc_pair_577731,Monocytes,17.415117588324023
6290,arc_pair_577962,T cells,8.828384991843393
6291,arc_pair_578068,NK cells,14.018540367436376
6292,arc_pair_578116,Dendritic cells,36.95439185687335
6293,arc_pair_578272,CD4+ T cells,12.98243290616601
6294,arc_pair_578292,CD4+ T cells,16.25102147192844
6295,arc_pair_578358,NK cells,11.553446178339165
6296,arc_pair_578416,NK cells,22.772194304857624
6297,arc_pair_578481,B cells,7.125448495370369
6298,arc_pair_578536,CD4+ T cells,14.9682432584396
6299,arc_pair_578624,T cells,19.806959247648905
6300,arc_pair_578633,CD4+ T cells,18.126689892156048
6301,arc_pair_578731,Monocytes,23.671469591535825
6302,arc_pair_578757,CD8+ T cells,221.3115289460663
6303,arc_pair_578797,NK cells,25.72723047092884
6304,arc_pair_578801,T cells,11.40952854987479
6305,arc_pair_578852,CD4+ T cells,9.258343012001548
6306,arc_pair_578969,T cells,14.977555923654322
6307,arc_pair_578971,Monocytes,43.71624255248065
6308,arc_pair_579079,CD8+ T cells,9.268017643674488
6309,arc_pair_579112,NK cells,12.199421290289097
6310,arc_pair_579545,NK cells,107.06361105631176
6311,arc_pair_579602,Monocytes,19.587504783537227
6312,arc_pair_579704,Monocytes,51.30419226025474
6313,arc_pair_579843,NK cells,15.18144351217206
6314,arc_pair_579845,T cells,27.62174249972324
6315,arc_pair_579930,CD4+ T cells,21.506816798539255
6316,arc_pair_579940,Monocytes,19.429503092523245
6317,arc_pair_579962,T cells,20.178930767632068
6318,arc_pair_579980,CD4+ T cells,14.540643089086547
6319,arc_pair_580106,Monocytes,21.226964920071048
6320,arc_pair_580165,CD4+ T cells,7.561834968078468
6321,arc_pair_580368,Monocytes,21.381561563918428
6322,arc_pair_580394,NK cells,12.009863013698627
6323,arc_pair_580683,CD4+ T cells,10.210367421414944
6324,arc_pair_580747,T cells,15.040867019546384
6325,arc_pair_580856,Monocytes,28.66516958838396
6326,arc_pair_581049,CD4+ T cells,68.53384929409764
6327,arc_pair_581087,CD4+ T cells,13.34041212121212
6328,arc_pair_581207,CD4+ T cells,15.758094967154603
6329,arc_pair_581368,Monocytes,27.03008666266965
6330,arc_pair_582018,CD4+ T cells,17.8861155254612
6331,arc_pair_582046,Dendritic cells,28.43395584913908
6332,arc_pair_582077,T cells,10.91632557595603
6333,arc_pair_582129,B cells,22.05152305806168
6334,arc_pair_582213,Monocytes,65.67900373341601
6335,arc_pair_582329,CD4+ T cells,14.060089940686954
6336,arc_pair_582333,Monocytes,20.64117833386126
6337,arc_pair_582747,Dendritic cells,54.5026466721733
6338,arc_pair_582966,CD4+ T cells,8.991597069221704
6339,arc_pair_582998,T cells,21.394883237251
6340,arc_pair_583058,CD4+ T cells,13.038987607148291
6341,arc_pair_583092,NK cells,15.361276820937167
6342,arc_pair_583169,T cells,13.628099365064656
6343,arc_pair_583337,CD4+ T cells,8.670994227068633
6344,arc_pair_583404,Dendritic cells,113.7464334349264
6345,arc_pair_583482,CD4+ T cells,12.004325271742973
6346,arc_pair_583587,Monocytes,67.66853103944682
6347,arc_pair_583604,NK cells,16.506417679984562
6348,arc_pair_583660,T cells,15.765019631959882
6349,arc_pair_583816,NK cells,9.546295378252433
6350,arc_pair_583840,NK cells,9.931791148845411
6351,arc_pair_583855,CD4+ T cells,11.82328632581584
6352,arc_pair_583903,T cells,13.986954869759783
6353,arc_pair_583993,B cells,9.22660832041815
6354,arc_pair_584096,NK cells,25.738012748119367
6355,arc_pair_584276,Monocytes,14.705057806003405
6356,arc_pair_584330,Monocytes,25.93762187114489
6357,arc_pair_584559,CD8+ T cells,11.814515554415518
6358,arc_pair_584655,Monocytes,21.03548684317498
6359,arc_pair_584693,T cells,81.08262292258675
6360,arc_pair_584867,CD4+ T cells,7.048600134846861
6361,arc_pair_584901,CD4+ T cells,27.668060369825877
6362,arc_pair_585038,T cells,12.028703585465172
6363,arc_pair_585090,CD4+ T cells,12.443010794667083
6364,arc_pair_585101,CD4+ T cells,6.320740456059441
6365,arc_pair_585214,CD4+ T cells,21.912787392622537
6366,arc_pair_585236,NK cells,59.241459792064504
6367,arc_pair_585516,CD8+ T cells,81.4011064831812
6368,arc_pair_585533,CD4+ T cells,16.85514590249869
6369,arc_pair_585557,CD4+ T cells,59.28900668075283
6370,arc_pair_585593,Monocytes,32.94458292844367
6371,arc_pair_585748,NK cells,21.554826593213978
6372,arc_pair_586468,CD4+ T cells,8.493291253381425
6373,arc_pair_586507,CD4+ T cells,12.88586377443107
6374,arc_pair_586535,NK cells,10.371777555933996
6375,arc_pair_586564,NK cells,29.45098119672148
6376,arc_pair_586674,Monocytes,19.247698458999135
6377,arc_pair_586719,T cells,12.892845333553774
6378,arc_pair_586773,CD4+ T cells,28.198048325021063
6379,arc_pair_586874,Dendritic cells,29.879812670984094
6380,arc_pair_586936,T cells,27.910522645971017
6381,arc_pair_586946,CD8+ T cells,10.354188703194415
6382,arc_pair_587112,T cells,11.440561593645125
6383,arc_pair_587204,Monocytes,18.77207581478161
6384,arc_pair_587209,CD4+ T cells,12.903761637831884
6385,arc_pair_587296,CD4+ T cells,25.70198988383081
6386,arc_pair_587338,NK cells,16.51861002745268
6387,arc_pair_587500,CD4+ T cells,13.175290495580494
6388,arc_pair_587511,T cells,14.200083471365408
6389,arc_pair_587790,T cells,12.148995796356845
6390,arc_pair_587937,Dendritic cells,31.345445458687955
6391,arc_pair_587988,NK cells,15.512375958148812
6392,arc_pair_588011,NK cells,10.198789176418474
6393,arc_pair_588020,T cells,27.438248355071956
6394,arc_pair_588032,CD4+ T cells,27.0769274857287
6395,arc_pair_588130,B cells,10.081570899726382
6396,arc_pair_588226,NK cells,18.716642597698133
6397,arc_pair_588228,CD4+ T cells,19.462406487145905
6398,arc_pair_588307,CD8+ T cells,15.612870415647922
6399,arc_pair_588363,CD8+ T cells,17.063931583039295
6400,arc_pair_588393,CD8+ T cells,6.666717515330872
6401,arc_pair_588398,T cells,8.664437540876389
6402,arc_pair_588399,CD4+ T cells,6.910776967733225
6403,arc_pair_588517,Monocytes,47.492004649961245
6404,arc_pair_588521,T cells,5.755164555100841
6405,arc_pair_588558,NK cells,7.584124345440944
6406,arc_pair_588593,T cells,11.95683950446637
6407,arc_pair_588620,T cells,11.783434928883114
6408,arc_pair_588753,CD4+ T cells,12.437289254639346
6409,arc_pair_588802,CD4+ T cells,13.35831028413377
6410,arc_pair_589322,Monocytes,19.84178408087412
6411,arc_pair_589526,T cells,102.9974947257384
6412,arc_pair_589558,NK cells,20.01736770691995
6413,arc_pair_589572,Monocytes,19.20788448623237
6414,arc_pair_589664,Monocytes,9.543765194189149
6415,arc_pair_589689,Monocytes,17.40620574224282
6416,arc_pair_589700,Monocytes,14.457231229978028
6417,arc_pair_589901,CD4+ T cells,10.189208300120852
6418,arc_pair_590174,CD4+ T cells,12.149240686113844
6419,arc_pair_590203,Monocytes,29.93236655677913
6420,arc_pair_590242,NK cells,8.291215229057876
6421,arc_pair_590294,Monocytes,13.590270147387566
6422,arc_pair_590325,Monocytes,60.4421165525584
6423,arc_pair_590528,NK cells,11.66923751489668
6424,arc_pair_590534,Monocytes,26.899732342213653
6425,arc_pair_590627,Monocytes,38.1886192645968
6426,arc_pair_590744,Monocytes,53.326127952477485
6427,arc_pair_590760,T cells,7.228088304368247
6428,arc_pair_591066,T cells,23.50314229434387
6429,arc_pair_591083,T cells,13.709147295040689
6430,arc_pair_591161,NK cells,15.310665077208837
6431,arc_pair_591175,B cells,21.834012419920967
6432,arc_pair_591198,Monocytes,8.842898904288207
6433,arc_pair_591227,T cells,18.439402035314405
6434,arc_pair_591308,Monocytes,47.39201835597772
6435,arc_pair_591309,B cells,14.14973634725893
6436,arc_pair_591405,Dendritic cells,26.46872546080153
6437,arc_pair_591430,Monocytes,13.480619685003564
6438,arc_pair_591557,T cells,18.427524327056744
6439,arc_pair_591642,CD4+ T cells,13.758471328279942
6440,arc_pair_591895,Monocytes,22.68444107089204
6441,arc_pair_592295,Monocytes,16.0515911842258
6442,arc_pair_592358,CD4+ T cells,9.390423215103134
6443,arc_pair_592481,NK cells,13.049156425744638
6444,arc_pair_592569,CD4+ T cells,23.470258812761195
6445,arc_pair_592585,T cells,8.385811414051233
6446,arc_pair_592589,CD4+ T cells,9.61387388365591
6447,arc_pair_592603,NK cells,31.020841739130436
6448,arc_pair_592676,Dendritic cells,19.22786551285846
6449,arc_pair_592857,CD4+ T cells,12.853310493781189
6450,arc_pair_592902,T cells,31.28005880876394
6451,arc_pair_592911,Monocytes,37.035127600969034
6452,arc_pair_593091,Dendritic cells,41.9704704911267
6453,arc_pair_593116,Monocytes,21.482707509881426
6454,arc_pair_593287,Monocytes,23.12454949102371
6455,arc_pair_593288,CD4+ T cells,7.83056640625
6456,arc_pair_593386,CD8+ T cells,17.945345940847865
6457,arc_pair_593450,B cells,24.60844576494082
6458,arc_pair_593533,Monocytes,41.411354257846696
6459,arc_pair_593564,CD4+ T cells,14.739813277443588
6460,arc_pair_593618,T cells,14.158092426412558
6461,arc_pair_593702,T cells,21.47850168446297
6462,arc_pair_593738,CD4+ T cells,12.5306019460346
6463,arc_pair_593942,CD4+ T cells,12.74784671287262
6464,arc_pair_593978,NK cells,10.007481217872677
6465,arc_pair_594007,T cells,17.234101871172992
6466,arc_pair_594078,CD4+ T cells,31.4574981280764
6467,arc_pair_594112,T cells,28.023986203378712
6468,arc_pair_594164,NK cells,7.708158027600135
6469,arc_pair_594182,Monocytes,52.98440974422043
6470,arc_pair_594223,NK cells,75.24454907642159
6471,arc_pair_594335,CD4+ T cells,10.0360484178106
6472,arc_pair_594363,CD4+ T cells,16.61828064028032
6473,arc_pair_594387,CD8+ T cells,14.330371171292931
6474,arc_pair_594469,Progenitors,44.55337646583097
6475,arc_pair_594520,T cells,12.039401169032566
6476,arc_pair_594620,Monocytes,21.133707043626615
6477,arc_pair_594629,CD4+ T cells,10.027549553589092
6478,arc_pair_594638,T cells,8.998786511476867
6479,arc_pair_594678,T cells,12.037884676281775
6480,arc_pair_594752,T cells,9.213240806932504
6481,arc_pair_595003,B cells,8.884227890311825
6482,arc_pair_595035,T cells,17.25901659725244
6483,arc_pair_595373,Monocytes,15.265813842000352
6484,arc_pair_595393,T cells,14.180295904138404
6485,arc_pair_595455,Monocytes,23.08201715415163
6486,arc_pair_595459,CD4+ T cells,12.748398321896648
6487,arc_pair_595504,Monocytes,41.30248690740588
6488,arc_pair_595641,CD4+ T cells,15.175134565318086
6489,arc_pair_595664,Monocytes,19.911367700017628
6490,arc_pair_595915,Monocytes,30.387190721984584
6491,arc_pair_595939,CD8+ T cells,9.155526015951388
6492,arc_pair_596076,Monocytes,58.33280121368567
6493,arc_pair_596181,Monocytes,218.8967545757558
6494,arc_pair_596903,Monocytes,103.58292976068437
6495,arc_pair_597060,T cells,12.889281833084675
6496,arc_pair_597134,T cells,22.945279284562385
6497,arc_pair_597202,T cells,113.2820502398179
6498,arc_pair_597302,NK cells,4.65521583992164
6499,arc_pair_597361,CD4+ T cells,34.915144615086476
6500,arc_pair_597544,T cells,12.808041589034673
6501,arc_pair_597696,CD4+ T cells,8.964795736455928
6502,arc_pair_597886,NK cells,18.403346012840153
6503,arc_pair_598305,NK cells,13.365770016872196
6504,arc_pair_598319,NK cells,5.60466555683613
6505,arc_pair_598360,Monocytes,38.74520475370556
6506,arc_pair_598391,T cells,13.103921778976568
6507,arc_pair_598406,CD4+ T cells,9.89513640291322
6508,arc_pair_598640,Monocytes,48.001009641521776
6509,arc_pair_598644,NK cells,8.21664624096691
6510,arc_pair_598786,CD4+ T cells,12.85579677948184
6511,arc_pair_598798,NK cells,34.464792503346715
6512,arc_pair_599021,T cells,7.925143463313013
6513,arc_pair_599471,Progenitors,12.320220850600329
6514,arc_pair_599542,T cells,18.45701629753448
6515,arc_pair_599566,NK cells,9.840989580660064
6516,arc_pair_599671,T cells,162.94638876504683
6517,arc_pair_599723,CD4+ T cells,18.50732279848271
6518,arc_pair_599757,CD4+ T cells,26.843905239220188
6519,arc_pair_599773,CD4+ T cells,25.186742411161376
6520,arc_pair_599822,CD4+ T cells,6.817887906149689
6521,arc_pair_599827,CD8+ T cells,17.73587657857734
6522,arc_pair_599837,T cells,14.502621739667427
6523,arc_pair_599975,Monocytes,45.632586155307216
6524,arc_pair_600064,Monocytes,70.99963361737836
6525,arc_pair_600119,NK cells,13.449493264378363
6526,arc_pair_600155,B cells,409.0542334783915
6527,arc_pair_600172,CD4+ T cells,5.139137778032233
6528,arc_pair_600325,Monocytes,77.49209567796927
6529,arc_pair_600326,NK cells,9.272569952876657
6530,arc_pair_600496,NK cells,13.801154711811332
6531,arc_pair_600544,Monocytes,39.24315592320899
6532,arc_pair_600663,CD4+ T cells,10.53931636325288
6533,arc_pair_600773,CD4+ T cells,12.930808437471214
6534,arc_pair_600826,Monocytes,30.558074805163542
6535,arc_pair_600966,NK cells,11.061952074810051
6536,arc_pair_600977,NK cells,38.46231732641979
6537,arc_pair_601023,CD4+ T cells,16.90505723808144
6538,arc_pair_601089,T cells,18.810042550468697
6539,arc_pair_601157,Monocytes,31.23721840682127
6540,arc_pair_601304,CD4+ T cells,30.329036025514327
6541,arc_pair_601320,Monocytes,51.54578420390109
6542,arc_pair_601449,NK cells,8.7934818804384
6543,arc_pair_601557,CD4+ T cells,13.179181755142924
6544,arc_pair_601700,Monocytes,119.33851917522236
6545,arc_pair_601793,CD4+ T cells,25.8176236780467
6546,arc_pair_601814,CD4+ T cells,9.336361598804633
6547,arc_pair_601960,Monocytes,11.057921487674989
6548,arc_pair_602048,T cells,10.725582374403592
6549,arc_pair_602065,Monocytes,20.28649394125136
6550,arc_pair_602192,T cells,7.608878732636659
6551,arc_pair_602211,CD4+ T cells,15.529321889780515
6552,arc_pair_602311,T cells,16.481662489557223
6553,arc_pair_602440,Monocytes,13.65723780817683
6554,arc_pair_602539,Monocytes,52.650318939649864
6555,arc_pair_602551,T cells,16.313219366768557
6556,arc_pair_602831,T cells,14.640835787863502
6557,arc_pair_602910,T cells,12.081561405358542
6558,arc_pair_603380,CD4+ T cells,8.097782808962448
6559,arc_pair_603448,T cells,21.12404272693165
6560,arc_pair_603610,Monocytes,12.67509428507602
6561,arc_pair_603616,CD4+ T cells,9.183804114980322
6562,arc_pair_603639,NK cells,21.784198673839608
6563,arc_pair_603677,T cells,20.73910543743279
6564,arc_pair_603746,T cells,10.072610255622724
6565,arc_pair_603834,T cells,8.10437907573035
6566,arc_pair_603954,CD4+ T cells,11.600866597645616
6567,arc_pair_603976,CD4+ T cells,10.24019647185348
6568,arc_pair_604071,CD8+ T cells,14.23758637885588
6569,arc_pair_604131,Monocytes,57.66004225021516
6570,arc_pair_604161,CD4+ T cells,58.428827904590925
6571,arc_pair_604281,CD8+ T cells,52.81122891244916
6572,arc_pair_604548,CD4+ T cells,14.214375729827848
6573,arc_pair_604688,NK cells,25.52313205327058
6574,arc_pair_604706,Dendritic cells,11.286849252784856
6575,arc_pair_604831,CD4+ T cells,13.08857889478134
6576,arc_pair_604963,CD4+ T cells,30.539316207449385
6577,arc_pair_605267,T cells,20.46510435201273
6578,arc_pair_605352,NK cells,7.867573599744924
6579,arc_pair_605454,NK cells,23.87146902572024
6580,arc_pair_605458,T cells,12.253774569012847
6581,arc_pair_605578,CD4+ T cells,12.547918852745717
6582,arc_pair_605601,NK cells,13.944426143740191
6583,arc_pair_605614,T cells,13.263582402234638
6584,arc_pair_605791,Monocytes,16.163251817580967
6585,arc_pair_605830,CD8+ T cells,9.88563734290844
6586,arc_pair_605864,T cells,10.568380670345942
6587,arc_pair_605887,CD4+ T cells,10.140246883402591
6588,arc_pair_605914,NK cells,9.379440441491958
6589,arc_pair_605920,CD4+ T cells,23.693030734030057
6590,arc_pair_605929,Monocytes,71.94733605816182
6591,arc_pair_605930,NK cells,18.703359007274283
6592,arc_pair_605996,T cells,14.119038234134806
6593,arc_pair_606038,Monocytes,34.027388093868495
6594,arc_pair_606102,CD4+ T cells,17.301507537688444
6595,arc_pair_606128,CD4+ T cells,25.82272342390886
6596,arc_pair_606191,CD4+ T cells,20.60814268052342
6597,arc_pair_606425,Dendritic cells,43.92669676496644
6598,arc_pair_606458,T cells,244.75126392687577
6599,arc_pair_606671,Monocytes,17.127707987674803
6600,arc_pair_606783,T cells,25.51349196405181
6601,arc_pair_606870,CD4+ T cells,10.656390941368391
6602,arc_pair_606966,CD4+ T cells,74.90359529934972
6603,arc_pair_606982,T cells,16.612949426436614
6604,arc_pair_607038,T cells,12.218678846734152
6605,arc_pair_607145,CD4+ T cells,9.901654333329269
6606,arc_pair_607234,T cells,34.75373337274608
6607,arc_pair_607306,T cells,26.037280148110742
6608,arc_pair_607340,T cells,8.9725799101621
6609,arc_pair_607379,CD4+ T cells,7.395026606631191
6610,arc_pair_607428,CD4+ T cells,23.536104502090502
6611,arc_pair_607469,CD8+ T cells,8.769551392231007
6612,arc_pair_607483,T cells,15.436202534710034
6613,arc_pair_607538,CD8+ T cells,39.659175685010354
6614,arc_pair_607557,T cells,12.51151912641076
6615,arc_pair_607973,T cells,18.06902731504312
6616,arc_pair_608137,Monocytes,29.48790810927959
6617,arc_pair_608270,CD4+ T cells,7.666257963393669
6618,arc_pair_608295,CD8+ T cells,20.04319603592443
6619,arc_pair_608374,NK cells,8.735305694876516
6620,arc_pair_608736,CD4+ T cells,25.08029691332788
6621,arc_pair_608798,NK cells,36.13444092078067
6622,arc_pair_608826,T cells,10.410231593501557
6623,arc_pair_609010,T cells,17.796529685053518
6624,arc_pair_609114,B cells,14.021576448243112
6625,arc_pair_609124,NK cells,32.15969752425676
6626,arc_pair_609127,T cells,11.881543502002184
6627,arc_pair_609200,Monocytes,15.20449419545876
6628,arc_pair_609328,CD4+ T cells,14.937063810130216
6629,arc_pair_609350,T cells,8.473169684903255
6630,arc_pair_609427,T cells,15.35063664849396
6631,arc_pair_609650,T cells,53.157595518769334
6632,arc_pair_609695,NK cells,67.54827930506558
6633,arc_pair_609708,CD8+ T cells,42.158296295399225
6634,arc_pair_609761,NK cells,196.74418604651163
6635,arc_pair_609788,T cells,6.09277160952845
6636,arc_pair_609893,NK cells,33.05124265574097
6637,arc_pair_609941,B cells,26.42477999720631
6638,arc_pair_609982,T cells,8.788401071386978
6639,arc_pair_610128,CD4+ T cells,8.957715460284833
6640,arc_pair_610252,CD4+ T cells,29.049380292060377
6641,arc_pair_610308,T cells,6.856786509704104
6642,arc_pair_610325,T cells,17.13605452083121
6643,arc_pair_610339,T cells,16.237322858642468
6644,arc_pair_610366,T cells,18.29943827828912
6645,arc_pair_610399,T cells,8.441385481235573
6646,arc_pair_610404,NK cells,24.473523955734663
6647,arc_pair_610407,NK cells,71.85539799192631
6648,arc_pair_610507,CD4+ T cells,7.256295017917281
6649,arc_pair_610553,CD4+ T cells,8.902156862745098
6650,arc_pair_610916,T cells,322.9683317054381
6651,arc_pair_610925,CD4+ T cells,18.81420198556676
6652,arc_pair_611101,CD4+ T cells,7.9216539855997565
6653,arc_pair_611522,CD4+ T cells,10.260902358749314
6654,arc_pair_611525,CD4+ T cells,17.246867346132575
6655,arc_pair_611744,CD8+ T cells,11.297634999912988
6656,arc_pair_611789,T cells,11.2668917115867
6657,arc_pair_611929,CD4+ T cells,4.494998343822457
6658,arc_pair_612119,NK cells,19.68696518735052
6659,arc_pair_612254,Monocytes,23.990221876682018
6660,arc_pair_612359,NK cells,7.657856208639975
6661,arc_pair_612438,CD4+ T cells,11.233306954199229
6662,arc_pair_612469,NK cells,14.536843397152674
6663,arc_pair_612750,Monocytes,14.561676669308872
6664,arc_pair_612755,T cells,12.992909593810989
6665,arc_pair_613030,CD8+ T cells,19.14060444980272
6666,arc_pair_613159,Monocytes,10.803898374144026
6667,arc_pair_613247,B cells,35.89312530773019
6668,arc_pair_613254,Monocytes,37.3634525685722
6669,arc_pair_613440,CD4+ T cells,13.570398106520733
6670,arc_pair_613520,CD8+ T cells,7.776789386479278
6671,arc_pair_613526,T cells,9.379694937086668
6672,arc_pair_613541,Monocytes,49.18604218444731
6673,arc_pair_613930,CD4+ T cells,20.099472970474014
6674,arc_pair_614130,Monocytes,27.71999438303677
6675,arc_pair_614257,CD8+ T cells,12.551131958443172
6676,arc_pair_614295,T cells,23.322299627049475
6677,arc_pair_614394,CD8+ T cells,6.455763523134726
6678,arc_pair_614453,Monocytes,72.19150992316033
6679,arc_pair_614546,CD4+ T cells,10.742611030706726
6680,arc_pair_614581,CD4+ T cells,8.26954653462529
6681,arc_pair_614614,T cells,11.468831424755315
6682,arc_pair_614662,CD4+ T cells,70.74885048629984
6683,arc_pair_614753,CD4+ T cells,8.328866283166565
6684,arc_pair_614891,T cells,12.272882907990605
6685,arc_pair_614970,T cells,9.107080488010505
6686,arc_pair_614990,NK cells,14.322263970895207
6687,arc_pair_615013,Monocytes,74.11405884074942
6688,arc_pair_615379,CD4+ T cells,9.957094366967112
6689,arc_pair_615469,CD4+ T cells,33.28071960233858
6690,arc_pair_615493,CD4+ T cells,16.215104882988054
6691,arc_pair_615585,CD4+ T cells,13.910482901415978
6692,arc_pair_615765,CD4+ T cells,5.465414979893211
6693,arc_pair_615854,Monocytes,13.33610741420846
6694,arc_pair_615903,Monocytes,89.91181752353367
6695,arc_pair_615906,B cells,12.521877979027646
6696,arc_pair_615925,Monocytes,21.07461452754915
6697,arc_pair_616010,NK cells,16.138638228055783
6698,arc_pair_616030,T cells,5.5451902963788
6699,arc_pair_616042,CD4+ T cells,8.084957602509004
6700,arc_pair_616089,CD4+ T cells,14.432571981251396
6701,arc_pair_616252,Monocytes,12.81289718206446
6702,arc_pair_616280,NK cells,7.690907645843268
6703,arc_pair_616456,Monocytes,34.437564560985294
6704,arc_pair_616528,T cells,10.718833461793544
6705,arc_pair_616598,CD4+ T cells,9.53534973675728
6706,arc_pair_616915,Monocytes,15.962032246585093
6707,arc_pair_617007,T cells,31.71915521107536
6708,arc_pair_617038,CD4+ T cells,13.39975944940642
6709,arc_pair_617112,Monocytes,19.27570297317663
6710,arc_pair_617251,T cells,19.41373341772479
6711,arc_pair_617454,CD4+ T cells,15.229653055529717
6712,arc_pair_617570,Monocytes,37.9137572077915
6713,arc_pair_618119,CD4+ T cells,10.14852566436112
6714,arc_pair_618237,T cells,16.324698297889068
6715,arc_pair_618440,CD4+ T cells,8.61998851479252
6716,arc_pair_618477,Monocytes,28.99968601033311
6717,arc_pair_618531,T cells,17.39069483344258
6718,arc_pair_618616,CD4+ T cells,17.06660474990049
6719,arc_pair_618795,T cells,14.22567514677104
6720,arc_pair_618818,Monocytes,18.479100186051756
6721,arc_pair_618835,CD4+ T cells,9.24864731923266
6722,arc_pair_618854,NK cells,14.114868421052634
6723,arc_pair_618958,NK cells,31.78259339272277
6724,arc_pair_618982,T cells,37.98513308697059
6725,arc_pair_618988,Monocytes,22.51532922426346
6726,arc_pair_619037,CD4+ T cells,14.204647448694402
6727,arc_pair_619239,CD4+ T cells,14.705768978054234
6728,arc_pair_619429,CD4+ T cells,15.248815650138406
6729,arc_pair_619467,Monocytes,12.06423929887617
6730,arc_pair_619473,CD4+ T cells,12.83304097932373
6731,arc_pair_619483,CD4+ T cells,26.246643507651868
6732,arc_pair_619486,T cells,15.67174494425914
6733,arc_pair_619541,Monocytes,34.25986928533894
6734,arc_pair_619636,Monocytes,13.324081670925244
6735,arc_pair_619761,Monocytes,38.96800466157249
6736,arc_pair_619806,T cells,8.045073314351018
6737,arc_pair_619814,CD8+ T cells,8.63400750537604
6738,arc_pair_619852,CD4+ T cells,176.1990464839094
6739,arc_pair_619896,T cells,22.157471789813055
6740,arc_pair_619923,NK cells,7.568644865623391
6741,arc_pair_619937,NK cells,7.124233244982961
6742,arc_pair_619941,T cells,15.934622080806868
6743,arc_pair_620006,T cells,11.47065241884792
6744,arc_pair_620032,CD4+ T cells,19.69278709416719
6745,arc_pair_620211,T cells,12.765240121348572
6746,arc_pair_620309,Monocytes,24.56709947035555
6747,arc_pair_620479,CD4+ T cells,13.83848935315388
6748,arc_pair_620562,CD8+ T cells,14.73829922611385
6749,arc_pair_620601,T cells,11.211860759328577
6750,arc_pair_620609,Monocytes,23.021192002344755
6751,arc_pair_620674,NK cells,16.835898078006636
6752,arc_pair_620719,NK cells,12.741153689359969
6753,arc_pair_620912,CD8+ T cells,6.8966837208726135
6754,arc_pair_620963,NK cells,14.00920687390079
6755,arc_pair_621082,CD4+ T cells,63.637040169133186
6756,arc_pair_621147,T cells,9.319788942701964
6757,arc_pair_621185,NK cells,39.42974763076601
6758,arc_pair_621191,B cells,13.818461755028068
6759,arc_pair_621305,Monocytes,68.20894708911231
6760,arc_pair_621308,NK cells,23.20629899601155
6761,arc_pair_621410,NK cells,23.229257200004763
6762,arc_pair_621510,NK cells,15.22723168479376
6763,arc_pair_621574,T cells,16.89280688460706
6764,arc_pair_621677,T cells,13.034071470415936
6765,arc_pair_621711,NK cells,11.679654244901158
6766,arc_pair_621732,CD4+ T cells,8.78381601362862
6767,arc_pair_621761,Monocytes,36.37551614347545
6768,arc_pair_621793,NK cells,29.901269310819924
6769,arc_pair_621950,Monocytes,14.472704874589963
6770,arc_pair_621963,T cells,10.51773151471644
6771,arc_pair_622017,CD4+ T cells,12.45403823537456
6772,arc_pair_622291,T cells,21.44312361302705
6773,arc_pair_622578,Monocytes,20.22589376151969
6774,arc_pair_622586,CD4+ T cells,16.043996118973535
6775,arc_pair_622739,B cells,7.706284737067124
6776,arc_pair_622781,Monocytes,33.23591696391272
6777,arc_pair_622867,Monocytes,17.360728358501188
6778,arc_pair_622881,CD4+ T cells,8.385925895699012
6779,arc_pair_623000,CD8+ T cells,85.69094818478976
6780,arc_pair_623005,NK cells,69.67896927255963
6781,arc_pair_623261,CD4+ T cells,394.1861324239841
6782,arc_pair_623280,Dendritic cells,15.45487444336764
6783,arc_pair_623302,T cells,11.71275286516422
6784,arc_pair_623382,CD8+ T cells,9.154148994018488
6785,arc_pair_623598,CD8+ T cells,12.522284568580222
6786,arc_pair_624029,NK cells,12.08689965119399
6787,arc_pair_624099,Monocytes,34.725943491783546
6788,arc_pair_624148,Monocytes,42.99783219988357
6789,arc_pair_624184,T cells,16.42979405958363
6790,arc_pair_624279,T cells,14.990662675745616
6791,arc_pair_624445,Monocytes,24.90420366060397
6792,arc_pair_624496,NK cells,25.821020369069664
6793,arc_pair_624548,T cells,15.007254464285714
6794,arc_pair_624573,T cells,10.703177362163665
6795,arc_pair_624766,CD4+ T cells,9.372917486553847
6796,arc_pair_624868,NK cells,13.279510355134866
6797,arc_pair_624956,T cells,6.950582731108232
6798,arc_pair_624967,Dendritic cells,11.713691418473658
6799,arc_pair_625056,NK cells,6.090490099839586
6800,arc_pair_625252,NK cells,12.607935968193347
6801,arc_pair_625294,CD8+ T cells,10.69819861149341
6802,arc_pair_625395,CD8+ T cells,17.04280284250537
6803,arc_pair_625421,Dendritic cells,33.233039882281304
6804,arc_pair_625487,T cells,24.418094379320703
6805,arc_pair_625567,CD8+ T cells,22.998851722416376
6806,arc_pair_625582,CD4+ T cells,13.136041859033549
6807,arc_pair_625675,NK cells,16.241158602733776
6808,arc_pair_625761,B cells,21.336418086615858
6809,arc_pair_625825,NK cells,17.421242840554747
6810,arc_pair_625932,B cells,15.632231806453705
6811,arc_pair_625991,Monocytes,49.85950399495025
6812,arc_pair_626130,Monocytes,39.990207604320815
6813,arc_pair_626262,T cells,10.997632012308728
6814,arc_pair_626426,NK cells,24.305908351960984
6815,arc_pair_626450,NK cells,14.898547262817312
6816,arc_pair_626482,CD4+ T cells,16.84296046656673
6817,arc_pair_626558,NK cells,12.170288619524444
6818,arc_pair_626810,NK cells,21.702983685695173
6819,arc_pair_626860,T cells,13.8540886827942
6820,arc_pair_626901,T cells,14.204240707356854
6821,arc_pair_626918,Monocytes,34.60249471013899
6822,arc_pair_627037,CD4+ T cells,13.773130091177638
6823,arc_pair_627101,CD4+ T cells,13.913674610640744
6824,arc_pair_627106,Monocytes,32.655977928664655
6825,arc_pair_627362,CD4+ T cells,5.305230416632561
6826,arc_pair_627444,CD4+ T cells,10.721157110844516
6827,arc_pair_627464,Monocytes,55.573220555378235
6828,arc_pair_627485,T cells,8.717790673201238
6829,arc_pair_627502,Monocytes,18.241182829602273
6830,arc_pair_627681,CD4+ T cells,22.01679272355845
6831,arc_pair_627686,NK cells,12.35211192585622
6832,arc_pair_627706,NK cells,15.147973131780454
6833,arc_pair_627782,Monocytes,25.51878384006664
6834,arc_pair_627796,Monocytes,13.860280285405793
6835,arc_pair_628014,CD4+ T cells,20.832208765506177
6836,arc_pair_628017,CD4+ T cells,13.60008001066809
6837,arc_pair_628110,CD4+ T cells,13.23578558225508
6838,arc_pair_628142,Monocytes,28.452636564572153
6839,arc_pair_628266,NK cells,35.52227004467052
6840,arc_pair_628338,Monocytes,24.98536795736685
6841,arc_pair_628455,T cells,31.960819078536648
6842,arc_pair_628646,CD4+ T cells,10.791674355662176
6843,arc_pair_628761,Monocytes,93.37679198073864
6844,arc_pair_628822,NK cells,23.996042720629568
6845,arc_pair_629059,NK cells,8.0906533199076
6846,arc_pair_629269,NK cells,44.16986621747665
6847,arc_pair_629339,CD4+ T cells,23.587158859708616
6848,arc_pair_629487,Dendritic cells,47.15385370780842
6849,arc_pair_629523,T cells,12.444379298680795
6850,arc_pair_629556,Monocytes,9.636360850176992
6851,arc_pair_629698,CD4+ T cells,13.80349061568146
6852,arc_pair_629718,NK cells,24.78456907355012
6853,arc_pair_629775,CD4+ T cells,9.70004809761284
6854,arc_pair_629897,T cells,14.730137409294429
6855,arc_pair_630032,CD4+ T cells,11.646963169710574
6856,arc_pair_630084,Monocytes,21.394895942332287
6857,arc_pair_630307,Monocytes,26.19753491364628
6858,arc_pair_630429,CD4+ T cells,12.509429675073848
6859,arc_pair_630538,Monocytes,13.807051262800686
6860,arc_pair_630759,Monocytes,52.370507230625634
6861,arc_pair_630836,T cells,8.19251480883145
6862,arc_pair_630967,NK cells,26.713545742089774
6863,arc_pair_631183,T cells,18.780115371564307
6864,arc_pair_631332,Monocytes,10.077225313906988
6865,arc_pair_631434,Monocytes,25.592027300682517
6866,arc_pair_631484,Monocytes,49.81879254587361
6867,arc_pair_631574,T cells,12.11035044824776
6868,arc_pair_631598,CD4+ T cells,22.920217723091888
6869,arc_pair_632107,CD4+ T cells,11.681054631439387
6870,arc_pair_632135,NK cells,19.840938145343692
6871,arc_pair_632146,NK cells,17.105467509598455
6872,arc_pair_632182,CD4+ T cells,12.549376232332724
6873,arc_pair_632196,CD4+ T cells,14.059103808812548
6874,arc_pair_632255,CD4+ T cells,17.756188530139465
6875,arc_pair_632307,T cells,9.38817831718987
6876,arc_pair_632331,CD4+ T cells,8.904220336305805
6877,arc_pair_632563,T cells,57.280341504927655
6878,arc_pair_632661,Monocytes,32.878873944458945
6879,arc_pair_632794,Monocytes,32.52600897973358
6880,arc_pair_632871,CD8+ T cells,25.8395972918109
6881,arc_pair_633408,CD4+ T cells,10.71158884666771
6882,arc_pair_633565,NK cells,14.077835667726728
6883,arc_pair_633587,Monocytes,17.520377500943752
6884,arc_pair_633595,Monocytes,18.520230876865668
6885,arc_pair_633621,T cells,28.566062358916476
6886,arc_pair_633634,NK cells,19.29157804802676
6887,arc_pair_633662,T cells,9.016207550489746
6888,arc_pair_633800,CD4+ T cells,9.520930147126352
6889,arc_pair_633826,CD4+ T cells,9.249428396371624
6890,arc_pair_633863,Monocytes,17.19648093841642
6891,arc_pair_634038,T cells,13.262776924764204
6892,arc_pair_634060,CD4+ T cells,188.4881214206389
6893,arc_pair_634120,Monocytes,51.81948693480031
6894,arc_pair_634163,T cells,10.389429826547712
6895,arc_pair_634257,Monocytes,15.970668621263698
6896,arc_pair_634262,CD4+ T cells,13.405841456963651
6897,arc_pair_634317,NK cells,13.094352239444715
6898,arc_pair_634363,CD8+ T cells,10.170271893362225
6899,arc_pair_634522,T cells,14.18138684542724
6900,arc_pair_634528,T cells,11.169914607704044
6901,arc_pair_634743,CD4+ T cells,20.563333644249603
6902,arc_pair_634749,CD4+ T cells,19.46412771686863
6903,arc_pair_634846,T cells,6.655411943599669
6904,arc_pair_634856,NK cells,12.695182248284134
6905,arc_pair_634886,T cells,10.570186893005792
6906,arc_pair_635015,NK cells,15.238702265018052
6907,arc_pair_635169,T cells,41.17378846229676
6908,arc_pair_635235,T cells,10.448512416286375
6909,arc_pair_635353,NK cells,8.824507737391393
6910,arc_pair_635421,CD4+ T cells,11.787076396657234
6911,arc_pair_635539,CD4+ T cells,6.327415341181949
6912,arc_pair_635694,NK cells,13.67206812652068
6913,arc_pair_635705,NK cells,12.524811477956336
6914,arc_pair_635725,B cells,14.961317730401058
6915,arc_pair_635795,NK cells,20.775811583185515
6916,arc_pair_635922,CD4+ T cells,9.214903479017565
6917,arc_pair_636132,B cells,45.15767512377067
6918,arc_pair_636175,Monocytes,18.351259939522905
6919,arc_pair_636393,T cells,35.70350746419002
6920,arc_pair_636485,Monocytes,40.12048978237163
6921,arc_pair_636557,NK cells,28.12983578219533
6922,arc_pair_636627,Monocytes,17.734911415068805
6923,arc_pair_637037,Dendritic cells,39.93250956632653
6924,arc_pair_637095,T cells,12.489750104179269
6925,arc_pair_637163,CD4+ T cells,22.473030553261765
6926,arc_pair_637210,Dendritic cells,19.80259314574219
6927,arc_pair_637424,CD8+ T cells,12.139942337547126
6928,arc_pair_637570,CD4+ T cells,5.635717365587236
6929,arc_pair_637743,T cells,8.521258373139108
6930,arc_pair_637747,NK cells,13.442642657684168
6931,arc_pair_637797,NK cells,11.091284239375868
6932,arc_pair_638000,CD8+ T cells,7.522984775168183
6933,arc_pair_638096,Monocytes,18.8962109826974
6934,arc_pair_638235,T cells,9.427684653476856
6935,arc_pair_638298,T cells,11.29252171818305
6936,arc_pair_638452,T cells,44.228848821081826
6937,arc_pair_638493,CD8+ T cells,16.914697824712576
6938,arc_pair_638765,Monocytes,26.156586523957557
6939,arc_pair_638814,CD4+ T cells,8.314086978318084
6940,arc_pair_638933,T cells,12.755694199142145
6941,arc_pair_638988,T cells,13.193274515283376
6942,arc_pair_639042,NK cells,26.071842435725145
6943,arc_pair_639076,Monocytes,43.582833840378015
6944,arc_pair_639111,Monocytes,59.91029275366105
6945,arc_pair_639118,NK cells,16.052462401620822
6946,arc_pair_639124,CD8+ T cells,11.729353623878255
6947,arc_pair_639132,NK cells,9.530618801807783
6948,arc_pair_639361,CD4+ T cells,8.778204159947745
6949,arc_pair_639394,CD4+ T cells,15.993989887747636
6950,arc_pair_639432,Monocytes,19.62138514491588
6951,arc_pair_639482,T cells,24.599417128889723
6952,arc_pair_639551,CD4+ T cells,21.283756821782756
6953,arc_pair_639703,T cells,12.139643038117224
6954,arc_pair_639743,NK cells,13.687574026794412
6955,arc_pair_639893,CD4+ T cells,13.019517854400902
6956,arc_pair_639949,NK cells,15.190173158219372
6957,arc_pair_639981,CD4+ T cells,25.06681390126183
6958,arc_pair_640102,T cells,14.528428038158442
6959,arc_pair_640168,T cells,16.419917219260608
6960,arc_pair_640213,T cells,18.818913166343993
6961,arc_pair_640221,T cells,28.95761964735517
6962,arc_pair_640275,T cells,16.892486683487522
6963,arc_pair_640308,T cells,14.230820820447851
6964,arc_pair_640408,CD4+ T cells,19.932839000126652
6965,arc_pair_640448,T cells,6.333066277281715
6966,arc_pair_640692,T cells,18.719061074698963
6967,arc_pair_640725,Monocytes,44.48921682659687
6968,arc_pair_640788,CD4+ T cells,8.87092897913022
6969,arc_pair_640932,T cells,27.81534839266149
6970,arc_pair_640954,Monocytes,13.274513393988904
6971,arc_pair_641008,T cells,10.867487810131788
6972,arc_pair_641015,NK cells,20.504246501514615
6973,arc_pair_641033,NK cells,6.585930252171714
6974,arc_pair_641046,NK cells,87.11045876223154
6975,arc_pair_641076,CD4+ T cells,10.222359513637858
6976,arc_pair_641181,T cells,9.85651708361725
6977,arc_pair_641326,Monocytes,43.89916383122339
6978,arc_pair_641347,CD8+ T cells,9.559592610137376
6979,arc_pair_641449,T cells,12.4938072719084
6980,arc_pair_641653,CD4+ T cells,18.525641387884267
6981,arc_pair_641664,Monocytes,52.74353976240023
6982,arc_pair_641885,CD4+ T cells,13.989606790230384
6983,arc_pair_642045,Monocytes,15.03442875639682
6984,arc_pair_642267,Progenitors,49.73916129269098
6985,arc_pair_642315,CD4+ T cells,8.364730311643662
6986,arc_pair_642582,NK cells,14.785284157541742
6987,arc_pair_642629,T cells,22.241716564697192
6988,arc_pair_642743,Monocytes,16.567410700009596
6989,arc_pair_642781,CD4+ T cells,12.600134417288132
6990,arc_pair_642818,Monocytes,19.785134980225827
6991,arc_pair_642900,CD8+ T cells,8.768669564476264
6992,arc_pair_642927,Monocytes,17.22138475933049
6993,arc_pair_643029,CD4+ T cells,13.561414071907793
6994,arc_pair_643087,CD4+ T cells,21.015928017339725
6995,arc_pair_643172,Monocytes,33.36206030781591
6996,arc_pair_643215,NK cells,11.810988693073604
6997,arc_pair_643236,NK cells,14.11699697056882
6998,arc_pair_643241,CD4+ T cells,18.436685745434723
6999,arc_pair_643371,T cells,29.655046847510334
7000,arc_pair_643421,T cells,204.60785946649315
7001,arc_pair_643453,T cells,30.868577891299104
7002,arc_pair_643553,CD4+ T cells,16.809302155778255
7003,arc_pair_643582,T cells,11.741428908276353
7004,arc_pair_643624,CD4+ T cells,31.521954508908888
7005,arc_pair_643888,T cells,10.526636203866431
7006,arc_pair_644052,NK cells,10.74139172874942
7007,arc_pair_644200,T cells,10.625678012444393
7008,arc_pair_644251,CD4+ T cells,13.889589118023276
7009,arc_pair_644320,CD4+ T cells,15.805550042177344
7010,arc_pair_644674,NK cells,9.86214841302024
7011,arc_pair_644955,CD4+ T cells,16.602375607469718
7012,arc_pair_644970,CD8+ T cells,8.714879637706712
7013,arc_pair_645012,T cells,8.873031440372683
7014,arc_pair_645054,Monocytes,20.427232699708952
7015,arc_pair_645358,NK cells,14.259480314960626
7016,arc_pair_645375,T cells,28.08874194036212
7017,arc_pair_645690,CD4+ T cells,12.851900934547269
7018,arc_pair_645807,CD4+ T cells,9.175303378156771
7019,arc_pair_645968,T cells,8.861897093781153
7020,arc_pair_646286,CD4+ T cells,15.299700532516107
7021,arc_pair_646296,CD4+ T cells,23.508321367199457
7022,arc_pair_646309,T cells,15.65338889883159
7023,arc_pair_646381,Monocytes,58.55080472473579
7024,arc_pair_646676,CD4+ T cells,14.069383701609976
7025,arc_pair_646730,Monocytes,120.53135135135136
7026,arc_pair_646733,B cells,18.288488437573797
7027,arc_pair_646865,T cells,25.64571286532876
7028,arc_pair_647010,CD4+ T cells,17.313785270205646
7029,arc_pair_647122,CD4+ T cells,13.421526834581714
7030,arc_pair_647189,NK cells,8.831473657603006
7031,arc_pair_647231,T cells,9.517192397014725
7032,arc_pair_647340,NK cells,13.4982152945406
7033,arc_pair_647368,Monocytes,12.05646592709984
7034,arc_pair_647450,T cells,27.94535189581061
7035,arc_pair_647611,NK cells,13.441469258701185
7036,arc_pair_647621,CD4+ T cells,14.51513932349873
7037,arc_pair_647641,NK cells,81.66501866057042
7038,arc_pair_647675,Monocytes,30.623764005445107
7039,arc_pair_647739,CD4+ T cells,17.79655964226725
7040,arc_pair_647841,Monocytes,31.811458700357377
7041,arc_pair_647848,Monocytes,28.715007244043782
7042,arc_pair_647990,CD4+ T cells,8.895919499064211
7043,arc_pair_648041,NK cells,25.215756104572243
7044,arc_pair_648092,NK cells,10.397729276118614
7045,arc_pair_648116,T cells,14.3919395465995
7046,arc_pair_648979,T cells,27.76881036465595
7047,arc_pair_649011,Monocytes,16.05968495382944
7048,arc_pair_649052,B cells,47.973444328266176
7049,arc_pair_649105,NK cells,6.485510106278015
7050,arc_pair_649138,Monocytes,16.81248992747784
7051,arc_pair_649220,T cells,11.221268923121606
7052,arc_pair_649307,T cells,15.27756076388889
7053,arc_pair_649364,T cells,15.87079701120797
7054,arc_pair_649403,CD4+ T cells,10.821725359841952
7055,arc_pair_649457,T cells,13.081685405955138
7056,arc_pair_649523,CD8+ T cells,21.042348356780607
7057,arc_pair_649551,NK cells,28.242696292971235
7058,arc_pair_649554,T cells,12.441036717062634
7059,arc_pair_649558,CD4+ T cells,9.443845408286892
7060,arc_pair_649581,CD4+ T cells,47.123769454340895
7061,arc_pair_649598,CD4+ T cells,19.602903660963523
7062,arc_pair_649615,T cells,13.018088297350626
7063,arc_pair_649636,T cells,15.73849509580292
7064,arc_pair_649716,CD4+ T cells,27.682994880753093
7065,arc_pair_649769,NK cells,28.734590787468655
7066,arc_pair_649812,NK cells,10.528972657590664
7067,arc_pair_649821,Monocytes,46.6254777374355
7068,arc_pair_649864,NK cells,20.18987529875051
7069,arc_pair_649898,T cells,16.386241204559667
7070,arc_pair_649903,T cells,7.300523600132171
7071,arc_pair_649938,CD4+ T cells,20.042749981793023
7072,arc_pair_649965,CD4+ T cells,29.516394768462888
7073,arc_pair_649966,CD4+ T cells,20.14651584871762
7074,arc_pair_650126,T cells,7.615912780566271
7075,arc_pair_650342,CD4+ T cells,30.63827086004475
7076,arc_pair_650420,T cells,20.0410910102978
7077,arc_pair_650650,NK cells,14.897233351449046
7078,arc_pair_650801,CD4+ T cells,12.927355973754416
7079,arc_pair_650844,Dendritic cells,30.18091305569469
7080,arc_pair_650914,CD8+ T cells,9.68046040010962
7081,arc_pair_650918,CD8+ T cells,58.48506116964854
7082,arc_pair_650957,Monocytes,39.72284377542718
7083,arc_pair_651087,CD4+ T cells,8.304426868580853
7084,arc_pair_651097,CD4+ T cells,31.23534628003902
7085,arc_pair_651195,NK cells,12.51449084249084
7086,arc_pair_651208,CD8+ T cells,14.472627168530767
7087,arc_pair_651331,Monocytes,21.519802249144345
7088,arc_pair_651954,CD4+ T cells,41.04738684500865
7089,arc_pair_652016,T cells,8.072852081488042
7090,arc_pair_652129,CD4+ T cells,12.612442044720932
7091,arc_pair_652159,CD4+ T cells,18.069885622629627
7092,arc_pair_652169,Monocytes,44.07357583045243
7093,arc_pair_652221,CD4+ T cells,8.479549923105376
7094,arc_pair_652424,CD8+ T cells,27.063187084187337
7095,arc_pair_652755,NK cells,10.582095609122636
7096,arc_pair_652860,CD4+ T cells,16.43195579897528
7097,arc_pair_652903,B cells,8.992213277022568
7098,arc_pair_653081,CD4+ T cells,10.136994773171608
7099,arc_pair_653121,NK cells,19.42890264098318
7100,arc_pair_653180,Monocytes,22.49508028039186
7101,arc_pair_653217,CD4+ T cells,12.292688118192064
7102,arc_pair_653236,T cells,30.87061338332457
7103,arc_pair_653341,Monocytes,52.774599915453834
7104,arc_pair_653468,T cells,12.04663221360896
7105,arc_pair_653513,Monocytes,36.0702245158801
7106,arc_pair_653762,Neutrophils,31.763418942791137
7107,arc_pair_653805,T cells,14.77030765126304
7108,arc_pair_653872,Monocytes,48.59516049032806
7109,arc_pair_653897,Monocytes,25.817020010414343
7110,arc_pair_653964,Monocytes,33.63933609715366
7111,arc_pair_653977,T cells,25.102906258903975
7112,arc_pair_653989,B cells,12.725943970767355
7113,arc_pair_654005,NK cells,48.04740019580116
7114,arc_pair_654032,Monocytes,26.84966139954853
7115,arc_pair_654044,Monocytes,29.18093215232586
7116,arc_pair_654068,Dendritic cells,25.536718822453928
7117,arc_pair_654100,CD8+ T cells,12.715851838029485
7118,arc_pair_654200,B cells,10.099859250630946
7119,arc_pair_654242,T cells,14.469013768542666
7120,arc_pair_654253,T cells,9.162710809970111
7121,arc_pair_654273,T cells,23.84410871033086
7122,arc_pair_654316,Monocytes,37.12858452271834
7123,arc_pair_654455,CD4+ T cells,11.877790548963103
7124,arc_pair_654568,NK cells,10.244574000204562
7125,arc_pair_654602,T cells,42.711541804276024
7126,arc_pair_654769,NK cells,11.419876272201156
7127,arc_pair_654886,T cells,12.324647989548556
7128,arc_pair_654960,Monocytes,12.257745360005774
7129,arc_pair_654977,Monocytes,23.28960265399985
7130,arc_pair_655028,Monocytes,51.44063589769047
7131,arc_pair_655264,NK cells,11.749535545469511
7132,arc_pair_655444,CD4+ T cells,17.24886191198786
7133,arc_pair_655466,CD4+ T cells,14.613401503759397
7134,arc_pair_655518,Monocytes,241.47934853095228
7135,arc_pair_655597,Monocytes,17.350554338017275
7136,arc_pair_655975,Monocytes,29.159387158151816
7137,arc_pair_656014,T cells,10.395789111353338
7138,arc_pair_656148,Monocytes,25.853616608052075
7139,arc_pair_656190,Monocytes,23.742787407732138
7140,arc_pair_656209,T cells,13.85475623800384
7141,arc_pair_656328,CD4+ T cells,26.864792932389506
7142,arc_pair_656336,NK cells,14.49362466999944
7143,arc_pair_656354,T cells,8.245174370309883
7144,arc_pair_656372,Dendritic cells,20.744021048275044
7145,arc_pair_656489,T cells,13.89347219944235
7146,arc_pair_656572,NK cells,14.458227605031068
7147,arc_pair_656844,Monocytes,23.610310470039835
7148,arc_pair_656858,CD8+ T cells,8.667009386090012
7149,arc_pair_656999,CD4+ T cells,24.8022325233334
7150,arc_pair_657313,NK cells,19.321543886967874
7151,arc_pair_657321,Dendritic cells,20.009710331245383
7152,arc_pair_657353,T cells,11.886938731560246
7153,arc_pair_657397,T cells,7.98384532213954
7154,arc_pair_657410,CD4+ T cells,20.067418152699496
7155,arc_pair_657420,B cells,15.939857665885064
7156,arc_pair_657685,B cells,9.724407983087133
7157,arc_pair_657703,CD4+ T cells,18.73052480015888
7158,arc_pair_657704,NK cells,45.74182444061962
7159,arc_pair_657711,T cells,12.004973853459155
7160,arc_pair_657729,T cells,16.388684061259216
7161,arc_pair_657808,CD4+ T cells,10.470759189118368
7162,arc_pair_657900,Monocytes,16.902295250028477
7163,arc_pair_657938,T cells,11.881047809905525
7164,arc_pair_658028,T cells,21.75053430787942
7165,arc_pair_658213,B cells,296.42662375484974
7166,arc_pair_658373,NK cells,9.499296538382623
7167,arc_pair_658491,Monocytes,24.984511654254806
7168,arc_pair_658543,Monocytes,29.270658063110893
7169,arc_pair_658546,NK cells,12.30309409197146
7170,arc_pair_658689,T cells,20.74662091392433
7171,arc_pair_658738,NK cells,20.433463490823897
7172,arc_pair_658890,CD4+ T cells,12.768690320782667
7173,arc_pair_659095,T cells,7.994603649569699
7174,arc_pair_659435,Monocytes,20.756051577281752
7175,arc_pair_659604,NK cells,11.57489932885906
7176,arc_pair_659667,T cells,11.59134468061398
7177,arc_pair_659771,CD4+ T cells,10.45533897991641
7178,arc_pair_659785,CD4+ T cells,9.149966082827474
7179,arc_pair_659793,B cells,8.015433058622298
7180,arc_pair_659871,Monocytes,19.226112140871177
7181,arc_pair_659880,T cells,74.51447074093508
7182,arc_pair_659947,Monocytes,40.76584446728331
7183,arc_pair_659973,NK cells,17.445147286821705
7184,arc_pair_659987,T cells,15.246538747187213
7185,arc_pair_660020,Monocytes,144.228440944148
7186,arc_pair_660062,NK cells,16.36735300308294
7187,arc_pair_660112,B cells,60.463520515334
7188,arc_pair_660119,T cells,12.32506896551724
7189,arc_pair_660141,T cells,13.640545411801586
7190,arc_pair_660160,B cells,10.924700166995596
7191,arc_pair_660332,Monocytes,17.86148992203593
7192,arc_pair_660436,CD4+ T cells,15.760758215200372
7193,arc_pair_660632,CD4+ T cells,11.204122952328364
7194,arc_pair_660734,T cells,97.01626713269802
7195,arc_pair_660966,NK cells,14.003718900833078
7196,arc_pair_661346,Monocytes,71.82277354307263
7197,arc_pair_661366,NK cells,18.554622981351237
7198,arc_pair_661400,CD4+ T cells,9.070652781053337
7199,arc_pair_661631,T cells,9.994804295116037
7200,arc_pair_662038,NK cells,7.315824475708898
7201,arc_pair_662139,CD4+ T cells,12.540538978397514
7202,arc_pair_662152,Monocytes,34.17490751030398
7203,arc_pair_662191,T cells,12.86478468039198
7204,arc_pair_662386,CD4+ T cells,12.231955313014826
7205,arc_pair_662592,Monocytes,21.347207460000284
7206,arc_pair_662625,T cells,23.742822506381938
7207,arc_pair_662670,CD4+ T cells,18.155774243051667
7208,arc_pair_662689,T cells,12.529658612090463
7209,arc_pair_662694,T cells,42.25973354210063
7210,arc_pair_662739,T cells,103.46246568670858
7211,arc_pair_662811,CD4+ T cells,30.556655488597137
7212,arc_pair_662968,NK cells,27.25784949768689
7213,arc_pair_663215,T cells,7.0590677316005594
7214,arc_pair_663252,Monocytes,18.192439679710567
7215,arc_pair_663551,CD4+ T cells,24.242489442454698
7216,arc_pair_663598,T cells,8.860415926057591
7217,arc_pair_663878,Dendritic cells,32.58214644772118
7218,arc_pair_663887,CD4+ T cells,18.568562073833768
7219,arc_pair_663998,CD4+ T cells,25.144488841493967
7220,arc_pair_664056,Dendritic cells,24.3240679628128
7221,arc_pair_664080,CD8+ T cells,10.960358103378402
7222,arc_pair_664163,T cells,16.73861036115113
7223,arc_pair_664180,Monocytes,53.26882718915406
7224,arc_pair_664273,T cells,27.68071932179613
7225,arc_pair_664358,CD4+ T cells,10.541450418123295
7226,arc_pair_664399,Monocytes,43.67355559530525
7227,arc_pair_664440,T cells,7.968659524372797
7228,arc_pair_664490,Monocytes,96.39413259341242
7229,arc_pair_664503,Monocytes,64.70142804522143
7230,arc_pair_664582,T cells,54.27586393088553
7231,arc_pair_664611,NK cells,18.16248335785859
7232,arc_pair_664626,T cells,12.607386142467885
7233,arc_pair_664629,Monocytes,55.840109766424774
7234,arc_pair_664663,Monocytes,26.313487387885637
7235,arc_pair_664775,T cells,12.63707784919906
7236,arc_pair_664874,Monocytes,20.95826588050081
7237,arc_pair_664884,T cells,14.57145657123042
7238,arc_pair_664893,T cells,11.0255562619199
7239,arc_pair_664994,CD4+ T cells,11.346157703397267
7240,arc_pair_665010,CD4+ T cells,25.783059845559848
7241,arc_pair_665037,NK cells,15.757701855589092
7242,arc_pair_665109,CD8+ T cells,257.13720972464984
7243,arc_pair_665149,CD4+ T cells,10.927713342762846
7244,arc_pair_665156,Monocytes,14.61021967406441
7245,arc_pair_665182,NK cells,12.490682046957044
7246,arc_pair_665209,T cells,10.417345033844278
7247,arc_pair_665260,T cells,8.515010618084274
7248,arc_pair_665261,B cells,13.693456877678765
7249,arc_pair_665339,Monocytes,71.19818378205385
7250,arc_pair_665352,Monocytes,12.770945858865158
7251,arc_pair_665358,B cells,19.894577636070064
7252,arc_pair_665365,NK cells,11.371200323351442
7253,arc_pair_665380,T cells,14.839863596438352
7254,arc_pair_665433,T cells,10.6521139232686
7255,arc_pair_665447,NK cells,13.43617860683432
7256,arc_pair_665457,CD4+ T cells,11.979066817028476
7257,arc_pair_665485,T cells,10.649834208344846
7258,arc_pair_665546,T cells,11.410162921456124
7259,arc_pair_665576,CD4+ T cells,24.276282226473533
7260,arc_pair_666310,T cells,10.9693545209036
7261,arc_pair_666603,NK cells,10.131914435817896
7262,arc_pair_666620,NK cells,29.60540799808142
7263,arc_pair_666742,T cells,28.322120769418067
7264,arc_pair_666811,T cells,18.917848312055305
7265,arc_pair_667231,CD4+ T cells,14.703457926092398
7266,arc_pair_667355,NK cells,20.029058202888525
7267,arc_pair_667549,NK cells,8.805306012583694
7268,arc_pair_667572,CD4+ T cells,9.759271956616592
7269,arc_pair_667720,NK cells,72.11769943019944
7270,arc_pair_667801,B cells,7.415545132573944
7271,arc_pair_667905,T cells,13.978530487202292
7272,arc_pair_668031,Dendritic cells,28.810121932266128
7273,arc_pair_668036,T cells,13.16698020357058
7274,arc_pair_668043,T cells,54.95234784221017
7275,arc_pair_668089,NK cells,24.905325009181052
7276,arc_pair_668106,CD4+ T cells,9.911826948664988
7277,arc_pair_668193,Monocytes,31.736505218525764
7278,arc_pair_668424,Monocytes,23.888089730108653
7279,arc_pair_668522,CD4+ T cells,13.42120975193688
7280,arc_pair_668576,CD4+ T cells,16.846164252158303
7281,arc_pair_668760,CD4+ T cells,13.551032896025063
7282,arc_pair_668844,CD4+ T cells,8.466932932206028
7283,arc_pair_669290,CD4+ T cells,15.240001415102682
7284,arc_pair_669363,CD4+ T cells,7.470822369516704
7285,arc_pair_669383,Monocytes,15.15751415430303
7286,arc_pair_669454,CD8+ T cells,25.0371887642457
7287,arc_pair_669458,Monocytes,10.436616550459348
7288,arc_pair_669526,CD4+ T cells,11.722130646565295
7289,arc_pair_669548,Monocytes,95.59195127613376
7290,arc_pair_669573,CD4+ T cells,10.23677750769341
7291,arc_pair_669582,CD4+ T cells,7.702701832005326
7292,arc_pair_669593,CD4+ T cells,6.278835287729135
7293,arc_pair_669643,T cells,28.312336530078465
7294,arc_pair_669653,T cells,10.260823188076005
7295,arc_pair_669656,Monocytes,30.578008528736415
7296,arc_pair_669698,Monocytes,41.89216110870507
7297,arc_pair_669902,Monocytes,62.13423671903105
7298,arc_pair_669916,T cells,15.183771480027014
7299,arc_pair_669924,T cells,17.66113363326247
7300,arc_pair_670134,CD8+ T cells,8.17347032865705
7301,arc_pair_670152,T cells,29.832176322705976
7302,arc_pair_670188,CD4+ T cells,8.454891979590114
7303,arc_pair_670264,NK cells,72.37070805043646
7304,arc_pair_670280,NK cells,6.9460465301411025
7305,arc_pair_670286,T cells,14.873807045577824
7306,arc_pair_670355,T cells,6.470362101536388
7307,arc_pair_670707,NK cells,11.177430713782677
7308,arc_pair_670784,Monocytes,22.590703679793418
7309,arc_pair_670787,CD4+ T cells,6.541854709564711
7310,arc_pair_670873,Monocytes,27.033928831560967
7311,arc_pair_671154,T cells,8.62659338629226
7312,arc_pair_671240,T cells,12.458107425492509
7313,arc_pair_671243,NK cells,20.5336182415502
7314,arc_pair_671339,T cells,10.384616933048836
7315,arc_pair_671450,Monocytes,21.76514426281158
7316,arc_pair_671595,T cells,13.789537991599849
7317,arc_pair_671737,NK cells,32.82293938766737
7318,arc_pair_671821,NK cells,11.188328855912328
7319,arc_pair_671873,Dendritic cells,20.43709878079125
7320,arc_pair_671946,B cells,17.896810313075505
7321,arc_pair_672067,Monocytes,22.47237486262364
7322,arc_pair_672127,NK cells,20.47608673098869
7323,arc_pair_672184,CD8+ T cells,36.15578889575183
7324,arc_pair_672225,Monocytes,22.45021569819624
7325,arc_pair_672397,T cells,12.416658955900584
7326,arc_pair_672464,Monocytes,30.908680162164373
7327,arc_pair_672502,CD4+ T cells,21.556317932604443
7328,arc_pair_672511,T cells,7.028622744713854
7329,arc_pair_672654,CD4+ T cells,13.202422655702645
7330,arc_pair_672836,NK cells,32.83739430749077
7331,arc_pair_672945,NK cells,10.904298410011489
7332,arc_pair_673041,CD4+ T cells,8.107747494936927
7333,arc_pair_673088,CD4+ T cells,14.715932456187078
7334,arc_pair_673158,CD4+ T cells,7.205104467606262
7335,arc_pair_673163,CD4+ T cells,16.189515406931626
7336,arc_pair_673221,Monocytes,10.70065905845049
7337,arc_pair_673311,Dendritic cells,55.47666867200395
7338,arc_pair_673462,Monocytes,42.34096733464179
7339,arc_pair_673525,Monocytes,15.448059270756286
7340,arc_pair_673549,CD4+ T cells,22.467491282001433
7341,arc_pair_673630,CD8+ T cells,9.253520371214762
7342,arc_pair_673735,T cells,10.115031870784083
7343,arc_pair_673756,CD4+ T cells,13.814202130935518
7344,arc_pair_673824,Dendritic cells,28.20638186787875
7345,arc_pair_673981,NK cells,25.23026117906557
7346,arc_pair_674031,Monocytes,25.674880613517136
7347,arc_pair_674055,CD4+ T cells,21.542710810316443
7348,arc_pair_674080,T cells,12.727089552238803
7349,arc_pair_674161,Monocytes,23.081101269875145
7350,arc_pair_674164,CD4+ T cells,13.157604291282368
7351,arc_pair_674216,CD4+ T cells,8.46761569983104
7352,arc_pair_674273,Monocytes,20.645197328190413
7353,arc_pair_674339,T cells,10.022295574486588
7354,arc_pair_674359,Dendritic cells,55.54655314084946
7355,arc_pair_674550,T cells,34.01661174712097
7356,arc_pair_674717,Monocytes,19.438617423889333
7357,arc_pair_674772,Neutrophils,43.91486181725983
7358,arc_pair_675016,T cells,28.481194750257604
7359,arc_pair_675361,T cells,7.989211989518757
7360,arc_pair_675520,T cells,20.731365164421305
7361,arc_pair_675571,T cells,21.36272948987196
7362,arc_pair_675688,T cells,12.40431707189906
7363,arc_pair_675902,CD8+ T cells,15.330467479674796
7364,arc_pair_675936,CD4+ T cells,22.98828151657844
7365,arc_pair_676093,Monocytes,37.12595109176487
7366,arc_pair_676196,NK cells,37.18409964518036
7367,arc_pair_676221,T cells,45.57425531112981
7368,arc_pair_676284,CD4+ T cells,32.75247806620254
7369,arc_pair_676681,NK cells,20.65705011479693
7370,arc_pair_676951,T cells,18.78782022040287
7371,arc_pair_676990,Monocytes,20.49219353004103
7372,arc_pair_677138,CD8+ T cells,15.976131928897372
7373,arc_pair_677176,CD4+ T cells,11.94679652375693
7374,arc_pair_677228,T cells,15.368571428571428
7375,arc_pair_677232,T cells,9.961378892410966
7376,arc_pair_677251,T cells,6.9640700282714585
7377,arc_pair_677258,CD4+ T cells,17.940907305912685
7378,arc_pair_677305,CD4+ T cells,13.569513339589758
7379,arc_pair_677344,Monocytes,14.48658952353761
7380,arc_pair_677345,NK cells,54.72106097305702
7381,arc_pair_677495,T cells,9.65952838534517
7382,arc_pair_677686,Dendritic cells,31.93611697552584
7383,arc_pair_677724,T cells,17.631653863288168
7384,arc_pair_677745,T cells,11.142155608164307
7385,arc_pair_677812,T cells,11.359286320046968
7386,arc_pair_677913,B cells,15.471520904867702
7387,arc_pair_677975,CD4+ T cells,6.86370191926716
7388,arc_pair_677979,CD4+ T cells,13.362574735664008
7389,arc_pair_678006,CD4+ T cells,7.511757696610086
7390,arc_pair_678119,Monocytes,61.337207429058026
7391,arc_pair_678207,CD4+ T cells,18.464774619226738
7392,arc_pair_678287,CD4+ T cells,4.664543137968693
7393,arc_pair_678321,NK cells,26.0754454694806
7394,arc_pair_678401,CD4+ T cells,14.487589961247462
7395,arc_pair_678710,CD4+ T cells,6.971528484231943
7396,arc_pair_678792,CD8+ T cells,6.273423538422263
7397,arc_pair_678882,CD8+ T cells,16.230547465654695
7398,arc_pair_678960,CD4+ T cells,13.60123459038185
7399,arc_pair_678983,CD4+ T cells,19.976095923261397
7400,arc_pair_679017,T cells,7.807755659914488
7401,arc_pair_679136,Monocytes,20.204868572816125
7402,arc_pair_679185,T cells,59.68880584143046
7403,arc_pair_679304,CD8+ T cells,23.89251549611987
7404,arc_pair_679387,B cells,11.990180313792834
7405,arc_pair_680043,T cells,22.10441281320024
7406,arc_pair_680369,Dendritic cells,42.31950370618475
7407,arc_pair_680549,Monocytes,24.53976204578816
7408,arc_pair_680606,NK cells,8.840758835758836
7409,arc_pair_680627,CD8+ T cells,20.703914919852032
7410,arc_pair_680665,Monocytes,12.282865080940097
7411,arc_pair_680705,Monocytes,11.394232441646084
7412,arc_pair_680849,CD4+ T cells,22.03541477485177
7413,arc_pair_681118,T cells,11.722227004321104
7414,arc_pair_681175,CD4+ T cells,13.514496146593943
7415,arc_pair_681253,Dendritic cells,36.59652442091909
7416,arc_pair_681341,NK cells,9.358077203723148
7417,arc_pair_681356,T cells,9.666790843220893
7418,arc_pair_681401,CD4+ T cells,11.951420137750084
7419,arc_pair_681422,CD4+ T cells,12.75439337989945
7420,arc_pair_681434,CD4+ T cells,12.298052876027151
7421,arc_pair_681439,NK cells,13.936063161558788
7422,arc_pair_681574,CD4+ T cells,9.5907904733591
7423,arc_pair_681620,CD4+ T cells,20.642033430281906
7424,arc_pair_681650,CD4+ T cells,15.768410507191009
7425,arc_pair_681683,CD4+ T cells,17.948352073144086
7426,arc_pair_681722,CD4+ T cells,36.62733237107991
7427,arc_pair_681739,Monocytes,14.836608962496191
7428,arc_pair_681753,T cells,12.394665406335587
7429,arc_pair_681903,Monocytes,24.390060158349943
7430,arc_pair_682066,Monocytes,17.997438675992512
7431,arc_pair_682126,CD4+ T cells,47.1445962379363
7432,arc_pair_682138,NK cells,16.31162304796556
7433,arc_pair_682197,T cells,8.837608795235912
7434,arc_pair_682217,Monocytes,18.695927601809956
7435,arc_pair_682246,CD8+ T cells,16.999343176171575
7436,arc_pair_682268,Monocytes,26.304469743704782
7437,arc_pair_682404,T cells,50.349524878413774
7438,arc_pair_682438,T cells,15.709117580215286
7439,arc_pair_682485,Monocytes,23.309144528797987
7440,arc_pair_682496,CD4+ T cells,12.673405682557814
7441,arc_pair_682572,Monocytes,30.496917460654068
7442,arc_pair_682629,T cells,13.3280359675907
7443,arc_pair_682726,NK cells,20.990390104662225
7444,arc_pair_682961,CD4+ T cells,14.855190307662244
7445,arc_pair_683064,CD4+ T cells,19.708743534123144
7446,arc_pair_683141,CD4+ T cells,11.569185929410091
7447,arc_pair_683184,B cells,31.514953042783244
7448,arc_pair_683198,CD4+ T cells,14.2008399863786
7449,arc_pair_683289,CD4+ T cells,15.417192331478043
7450,arc_pair_683332,CD4+ T cells,18.707547654523967
7451,arc_pair_683334,NK cells,19.26188687067603
7452,arc_pair_683408,CD4+ T cells,7.445989201463962
7453,arc_pair_683422,Monocytes,22.034495542982413
7454,arc_pair_683598,NK cells,46.93330563722357
7455,arc_pair_683742,Dendritic cells,18.184930339049103
7456,arc_pair_683773,T cells,12.428860952533835
7457,arc_pair_683881,CD4+ T cells,24.682184746587037
7458,arc_pair_684009,Monocytes,18.343145156132067
7459,arc_pair_684024,B cells,12.75163893636816
7460,arc_pair_684034,Monocytes,52.877219560315666
7461,arc_pair_684066,Monocytes,23.272553687131637
7462,arc_pair_684079,Monocytes,42.960546385113375
7463,arc_pair_684134,NK cells,30.586799602345582
7464,arc_pair_684265,CD4+ T cells,11.282442748091604
7465,arc_pair_684313,Monocytes,36.40083439857281
7466,arc_pair_684361,CD8+ T cells,13.75986842105263
7467,arc_pair_684367,CD4+ T cells,7.511441293037366
7468,arc_pair_684406,Monocytes,25.60840052898288
7469,arc_pair_684528,CD4+ T cells,12.986918464843374
7470,arc_pair_684529,T cells,12.092609067280687
7471,arc_pair_684799,Dendritic cells,11.181425407102694
7472,arc_pair_685032,T cells,15.076125306045576
7473,arc_pair_685044,Monocytes,20.820567045413817
7474,arc_pair_685202,NK cells,23.214266154031524
7475,arc_pair_685376,Monocytes,47.71549876993889
7476,arc_pair_685489,CD4+ T cells,16.678483079660253
7477,arc_pair_685490,CD4+ T cells,16.75716287260434
7478,arc_pair_685562,CD4+ T cells,24.03303901338836
7479,arc_pair_685648,Monocytes,22.40998020263189
7480,arc_pair_685686,Dendritic cells,24.09643746269309
7481,arc_pair_685807,NK cells,14.858446562563373
7482,arc_pair_686072,NK cells,20.61259134769719
7483,arc_pair_686113,CD4+ T cells,8.711234763406026
7484,arc_pair_686125,B cells,11.489285040953558
7485,arc_pair_686160,CD4+ T cells,21.955786394659867
7486,arc_pair_686211,Monocytes,26.040611585395265
7487,arc_pair_686231,Dendritic cells,13.549743846953032
7488,arc_pair_686241,CD4+ T cells,21.210994181868756
7489,arc_pair_686346,NK cells,10.555564961229807
7490,arc_pair_686390,T cells,12.990766227115603
7491,arc_pair_686490,T cells,16.272270346919008
7492,arc_pair_686563,Monocytes,14.883909480787532
7493,arc_pair_686568,Monocytes,38.20455149207474
7494,arc_pair_686770,T cells,12.178583955504331
7495,arc_pair_686948,CD4+ T cells,14.456442250087798
7496,arc_pair_686966,NK cells,13.113494758049471
7497,arc_pair_687029,T cells,14.237790252946285
7498,arc_pair_687032,T cells,20.185082655323363
7499,arc_pair_687177,NK cells,29.191682061370887
7500,arc_pair_687191,Monocytes,86.54821668947886
7501,arc_pair_687805,T cells,8.86360436163819
7502,arc_pair_687920,Monocytes,26.48603516756745
7503,arc_pair_687970,T cells,11.766493418832264
7504,arc_pair_687976,T cells,25.67690966121328
7505,arc_pair_688082,NK cells,12.061566319601631
7506,arc_pair_688144,CD4+ T cells,10.459291852464345
7507,arc_pair_688189,NK cells,14.049874903198903
7508,arc_pair_688195,Monocytes,33.32704670952597
7509,arc_pair_688264,T cells,10.545698261718124
7510,arc_pair_688376,Dendritic cells,19.34441348723489
7511,arc_pair_688438,Monocytes,25.333553262955853
7512,arc_pair_688486,NK cells,27.49513579824261
7513,arc_pair_688528,T cells,11.732450836886656
7514,arc_pair_688542,NK cells,10.372040257361878
7515,arc_pair_688613,Monocytes,41.82826224237901
7516,arc_pair_688755,Monocytes,41.688743713098624
7517,arc_pair_688856,Monocytes,21.46824971731239
7518,arc_pair_688919,Monocytes,14.200070296024368
7519,arc_pair_688992,T cells,20.042727073277753
7520,arc_pair_689031,NK cells,23.50088528854139
7521,arc_pair_689045,T cells,16.56521739130435
7522,arc_pair_689099,Monocytes,13.321805129258864
7523,arc_pair_689278,CD4+ T cells,11.595319188826048
7524,arc_pair_689361,NK cells,11.565868565944337
7525,arc_pair_689448,Monocytes,11.15751226529935
7526,arc_pair_689452,Monocytes,77.76809901224345
7527,arc_pair_689566,Monocytes,13.42985381452718
7528,arc_pair_689647,CD4+ T cells,8.464664713078609
7529,arc_pair_689675,CD4+ T cells,8.710133119571074
7530,arc_pair_690172,T cells,11.582608985802231
7531,arc_pair_690238,Monocytes,54.32299185344645
7532,arc_pair_690264,CD8+ T cells,10.084409492593322
7533,arc_pair_690274,CD4+ T cells,24.776198039747413
7534,arc_pair_690316,Monocytes,91.77603593907205
7535,arc_pair_690319,CD4+ T cells,10.40327360508704
7536,arc_pair_690451,Monocytes,29.67887605800145
7537,arc_pair_690583,B cells,12.139667876388431
7538,arc_pair_690778,CD4+ T cells,27.50375990241679
7539,arc_pair_690870,NK cells,17.830989242622472
7540,arc_pair_690872,CD4+ T cells,15.054385987809807
7541,arc_pair_690904,T cells,10.404173612764945
7542,arc_pair_690947,Monocytes,14.483245704976303
7543,arc_pair_690993,CD4+ T cells,13.736882258201238
7544,arc_pair_691131,Monocytes,19.244731393990868
7545,arc_pair_691332,NK cells,6.233177272801423
7546,arc_pair_691339,Monocytes,16.739394541271498
7547,arc_pair_691428,T cells,10.806166945667226
7548,arc_pair_691644,CD8+ T cells,7.237420042643923
7549,arc_pair_691652,T cells,9.899915798031415
7550,arc_pair_691663,T cells,11.846107797233444
7551,arc_pair_691706,T cells,13.015076190958336
7552,arc_pair_691752,CD4+ T cells,7.197952218430034
7553,arc_pair_691830,Monocytes,32.315123324560865
7554,arc_pair_691854,Monocytes,31.562865414088662
7555,arc_pair_691936,CD8+ T cells,11.263697737770933
7556,arc_pair_692039,CD4+ T cells,31.20187597824496
7557,arc_pair_692210,CD4+ T cells,10.190325430717126
7558,arc_pair_692222,NK cells,11.4887327660965
7559,arc_pair_692226,NK cells,42.289916020923386
7560,arc_pair_692342,T cells,7.746875000000001
7561,arc_pair_692344,T cells,18.165561850954212
7562,arc_pair_692380,T cells,7.826260099485322
7563,arc_pair_692430,Monocytes,11.51151995230186
7564,arc_pair_692465,NK cells,5.93949668474985
7565,arc_pair_692544,B cells,12.172183731075185
7566,arc_pair_692553,T cells,15.472839545878497
7567,arc_pair_692704,B cells,13.88207820653224
7568,arc_pair_692731,T cells,9.498288131643571
7569,arc_pair_692765,CD4+ T cells,10.942887026206856
7570,arc_pair_692845,CD4+ T cells,8.637489563039242
7571,arc_pair_692900,CD4+ T cells,43.24086364898639
7572,arc_pair_692937,CD4+ T cells,9.494341558288896
7573,arc_pair_692982,B cells,13.227568884152838
7574,arc_pair_693031,NK cells,42.1693574997643
7575,arc_pair_693082,T cells,9.537450926577808
7576,arc_pair_693085,Monocytes,38.61243322000972
7577,arc_pair_693086,NK cells,39.13563704164078
7578,arc_pair_693171,T cells,11.795257590556744
7579,arc_pair_693403,T cells,273.99670655030553
7580,arc_pair_693426,CD4+ T cells,8.508315941218239
7581,arc_pair_693436,T cells,13.33465802831953
7582,arc_pair_693602,T cells,9.486031882809137
7583,arc_pair_693631,CD4+ T cells,13.10695050830173
7584,arc_pair_693672,T cells,13.244735091997342
7585,arc_pair_693688,T cells,10.523518824337112
7586,arc_pair_693836,NK cells,15.641793765570888
7587,arc_pair_694200,Monocytes,25.128803458261636
7588,arc_pair_694660,CD8+ T cells,11.048250993025936
7589,arc_pair_694857,CD4+ T cells,19.270174122093913
7590,arc_pair_694928,CD4+ T cells,8.88139499816901
7591,arc_pair_694992,CD4+ T cells,14.47283488531724
7592,arc_pair_695283,Dendritic cells,22.447364785521863
7593,arc_pair_695324,T cells,19.373078820032255
7594,arc_pair_695407,Dendritic cells,35.45525664446932
7595,arc_pair_695422,CD4+ T cells,15.635381383746882
7596,arc_pair_695423,Monocytes,51.522721738601085
7597,arc_pair_695595,Monocytes,59.54145051750496
7598,arc_pair_695720,CD4+ T cells,9.500567536889898
7599,arc_pair_695798,B cells,30.598411414477617
7600,arc_pair_696121,CD4+ T cells,13.959330975361189
7601,arc_pair_696136,NK cells,8.502167978159626
7602,arc_pair_696145,B cells,77.7914192818773
7603,arc_pair_696194,NK cells,7.559050789798479
7604,arc_pair_696215,NK cells,49.11202308519471
7605,arc_pair_696250,CD4+ T cells,10.677637577039496
7606,arc_pair_696513,Monocytes,46.83537155840685
7607,arc_pair_696630,Monocytes,26.837153054301975
7608,arc_pair_696677,NK cells,44.63645314573552
7609,arc_pair_696789,Monocytes,22.78738470902196
7610,arc_pair_696812,T cells,12.702523477673871
7611,arc_pair_696831,NK cells,16.97318891739707
7612,arc_pair_696878,T cells,12.255226875525924
7613,arc_pair_696961,CD4+ T cells,13.87075205617246
7614,arc_pair_696997,CD4+ T cells,17.950096798727788
7615,arc_pair_696998,NK cells,10.884490082065238
7616,arc_pair_697017,CD4+ T cells,59.16531173279626
7617,arc_pair_697103,T cells,9.615262362907997
7618,arc_pair_697115,CD4+ T cells,6.078707365175344
7619,arc_pair_697123,Monocytes,13.059954535200514
7620,arc_pair_697139,CD4+ T cells,10.857355126300147
7621,arc_pair_697189,NK cells,61.34841342108599
7622,arc_pair_697257,T cells,50.62446443873179
7623,arc_pair_697268,NK cells,7.4280044547939665
7624,arc_pair_697282,T cells,16.4404029863725
7625,arc_pair_697638,Monocytes,34.17905331063317
7626,arc_pair_698280,NK cells,18.207490979898058
7627,arc_pair_698294,CD4+ T cells,10.944186292111098
7628,arc_pair_698334,T cells,7.500476052932806
7629,arc_pair_698432,CD4+ T cells,10.603660326406011
7630,arc_pair_698464,T cells,10.019509803921569
7631,arc_pair_698606,T cells,10.879476633371072
7632,arc_pair_698673,CD4+ T cells,30.720130466056503
7633,arc_pair_698827,NK cells,29.40469079409698
7634,arc_pair_698904,Monocytes,15.388436600169864
7635,arc_pair_699022,T cells,12.978641765704584
7636,arc_pair_699029,Monocytes,58.50210938563199
7637,arc_pair_699664,NK cells,26.087266128527624
7638,arc_pair_699827,CD4+ T cells,13.536523249083542
7639,arc_pair_699876,Dendritic cells,43.63021747748768
7640,arc_pair_699977,CD4+ T cells,6.661228585764462
7641,arc_pair_700005,B cells,18.38398919803176
7642,arc_pair_700064,T cells,9.702292340884574
7643,arc_pair_700113,T cells,11.354056942709608
7644,arc_pair_700325,Monocytes,16.58952286355443
7645,arc_pair_700400,NK cells,91.85209332399376
7646,arc_pair_700489,CD4+ T cells,9.682142929018497
7647,arc_pair_700507,NK cells,22.55561859987571
7648,arc_pair_700773,Monocytes,13.039430528023068
7649,arc_pair_700894,CD4+ T cells,19.71003301244315
7650,arc_pair_700897,NK cells,7.201063182879226
7651,arc_pair_700954,Monocytes,14.149160236041762
7652,arc_pair_701025,CD4+ T cells,41.309262146665326
7653,arc_pair_701052,CD4+ T cells,10.682513210329512
7654,arc_pair_701073,CD4+ T cells,18.07181933506
7655,arc_pair_701078,NK cells,20.218842306451208
7656,arc_pair_701143,T cells,17.783492877753858
7657,arc_pair_701224,B cells,6.830313448553552
7658,arc_pair_701280,T cells,8.585235501703284
7659,arc_pair_701295,CD4+ T cells,12.508578717101202
7660,arc_pair_701302,Monocytes,15.456488830970528
7661,arc_pair_701394,T cells,18.4072547144671
7662,arc_pair_701449,CD4+ T cells,6.351525691699605
7663,arc_pair_701488,Monocytes,46.543515530455835
7664,arc_pair_701505,CD4+ T cells,25.8089917464009
7665,arc_pair_701593,CD4+ T cells,28.782478125463445
7666,arc_pair_701769,T cells,18.87202438614846
7667,arc_pair_701792,T cells,16.0809076000615
7668,arc_pair_702023,T cells,7.793664788962365
7669,arc_pair_702174,CD4+ T cells,17.85799057445709
7670,arc_pair_702332,NK cells,17.74564115120538
7671,arc_pair_702336,CD4+ T cells,9.697607997143876
7672,arc_pair_702341,CD4+ T cells,17.570864934048384
7673,arc_pair_702362,CD4+ T cells,10.839317822699286
7674,arc_pair_702400,NK cells,14.557760627220388
7675,arc_pair_702460,Monocytes,70.26951672862454
7676,arc_pair_702591,Monocytes,41.153774908784726
7677,arc_pair_702693,CD4+ T cells,8.952969423063344
7678,arc_pair_702740,Monocytes,60.502271367832265
7679,arc_pair_702801,CD4+ T cells,7.836559399951609
7680,arc_pair_702829,Monocytes,46.977301942487145
7681,arc_pair_702842,NK cells,15.686656700035954
7682,arc_pair_703079,T cells,17.773260272617073
7683,arc_pair_703325,Monocytes,10.645050065116678
7684,arc_pair_703458,CD4+ T cells,14.075632436520031
7685,arc_pair_703518,Monocytes,17.03639376694115
7686,arc_pair_703525,CD4+ T cells,12.201039465417786
7687,arc_pair_703613,Monocytes,7.637968002638958
7688,arc_pair_703679,T cells,12.284182237659408
7689,arc_pair_703798,Dendritic cells,38.70373276126264
7690,arc_pair_703849,B cells,8.748246750887223
7691,arc_pair_703887,T cells,12.728721809021112
7692,arc_pair_703890,NK cells,10.469187237440543
7693,arc_pair_703933,Monocytes,48.896049800888
7694,arc_pair_704086,NK cells,13.163130909984035
7695,arc_pair_704094,CD4+ T cells,15.366301611278956
7696,arc_pair_704098,CD4+ T cells,14.552461117461636
7697,arc_pair_704214,NK cells,35.87288598803935
7698,arc_pair_704390,CD4+ T cells,22.826305369624652
7699,arc_pair_704496,CD4+ T cells,13.55308247031394
7700,arc_pair_704555,NK cells,104.1416511807098
7701,arc_pair_704634,NK cells,22.73964679096671
7702,arc_pair_704748,NK cells,12.753603791386006
7703,arc_pair_705460,Monocytes,21.876757379865285
7704,arc_pair_705491,CD4+ T cells,10.6080782068431
7705,arc_pair_705500,NK cells,7.986000536720637
7706,arc_pair_705608,CD4+ T cells,44.33710357412535
7707,arc_pair_705830,NK cells,12.88910888206263
7708,arc_pair_705894,Monocytes,20.725757317540797
7709,arc_pair_706310,Monocytes,237.78818548133225
7710,arc_pair_706337,T cells,15.93207600281492
7711,arc_pair_706424,Monocytes,29.035316844238498
7712,arc_pair_706501,CD4+ T cells,12.723368062938553
7713,arc_pair_706562,Monocytes,13.08701173482586
7714,arc_pair_706571,CD4+ T cells,10.164797225991256
7715,arc_pair_706758,Monocytes,28.128773452377235
7716,arc_pair_706880,T cells,16.09877797913503
7717,arc_pair_706995,CD4+ T cells,11.164747191011234
7718,arc_pair_707107,Monocytes,37.14830122857576
7719,arc_pair_707208,Monocytes,52.20505284867234
7720,arc_pair_707247,Monocytes,23.25579592615561
7721,arc_pair_707353,CD4+ T cells,20.21145231448419
7722,arc_pair_707406,CD4+ T cells,28.15311472113299
7723,arc_pair_707418,CD8+ T cells,12.178044091019396
7724,arc_pair_707432,T cells,22.329502122212492
7725,arc_pair_707533,CD4+ T cells,12.90726757904672
7726,arc_pair_707571,CD4+ T cells,10.66468362228285
7727,arc_pair_707644,CD8+ T cells,9.310069365043066
7728,arc_pair_707678,T cells,8.954010272619518
7729,arc_pair_707859,Monocytes,11.05426203954385
7730,arc_pair_707929,T cells,7.985845762264677
7731,arc_pair_708046,CD4+ T cells,14.00004011231448
7732,arc_pair_708077,NK cells,36.98254880517486
7733,arc_pair_708093,CD4+ T cells,8.277843411019225
7734,arc_pair_708100,CD4+ T cells,12.185097583578848
7735,arc_pair_708129,CD4+ T cells,81.74050840829096
7736,arc_pair_708144,Dendritic cells,21.756479065110707
7737,arc_pair_708260,CD8+ T cells,19.527417406055875
7738,arc_pair_708407,Dendritic cells,24.649510107900287
7739,arc_pair_708414,CD8+ T cells,8.256138865368332
7740,arc_pair_708455,T cells,14.315484973208044
7741,arc_pair_708534,CD4+ T cells,9.978274473308408
7742,arc_pair_708570,NK cells,8.864046804872835
7743,arc_pair_708584,T cells,23.890635885362865
7744,arc_pair_708592,CD4+ T cells,28.156769774968012
7745,arc_pair_708899,CD4+ T cells,10.18134636144712
7746,arc_pair_708916,CD4+ T cells,12.021391915407722
7747,arc_pair_708917,T cells,11.030059180138569
7748,arc_pair_708970,NK cells,14.223564158008545
7749,arc_pair_709012,CD4+ T cells,8.162402428447528
7750,arc_pair_709099,NK cells,21.29364149030541
7751,arc_pair_709204,Monocytes,21.611349428474274
7752,arc_pair_709286,CD4+ T cells,11.271333609554864
7753,arc_pair_709326,Monocytes,20.961511058334573
7754,arc_pair_709339,T cells,16.227406100109356
7755,arc_pair_709397,NK cells,27.540713957759408
7756,arc_pair_709499,T cells,41.40085603753395
7757,arc_pair_709600,Monocytes,17.906851306376954
7758,arc_pair_709612,T cells,13.799366274797944
7759,arc_pair_709714,Dendritic cells,32.06552290095912
7760,arc_pair_709931,CD4+ T cells,12.129063072831952
7761,arc_pair_709934,T cells,186.7037689899107
7762,arc_pair_710016,CD4+ T cells,10.326554602092395
7763,arc_pair_710182,NK cells,86.71481623321613
7764,arc_pair_710345,Monocytes,22.36703479157757
7765,arc_pair_710362,CD4+ T cells,14.45439462970762
7766,arc_pair_710477,CD4+ T cells,13.272564519879095
7767,arc_pair_710912,NK cells,21.305516265912303
7768,arc_pair_710986,NK cells,11.134495764301652
7769,arc_pair_711046,CD4+ T cells,14.116096889442458
7770,arc_pair_711488,Dendritic cells,20.058438512230538
7771,arc_pair_711700,T cells,7.94722979276033
7772,arc_pair_711783,CD4+ T cells,9.08761450509283
7773,arc_pair_711888,NK cells,11.496375355633068
7774,arc_pair_712038,T cells,29.991916079812206
7775,arc_pair_712133,Monocytes,20.49061906109741
7776,arc_pair_712162,T cells,20.740697895968864
7777,arc_pair_712548,Monocytes,18.424548912764095
7778,arc_pair_712567,CD8+ T cells,14.436762828695429
7779,arc_pair_712935,Monocytes,63.05170426477852
7780,arc_pair_713028,CD8+ T cells,16.65990678926817
7781,arc_pair_713163,Monocytes,29.702924284273752
7782,arc_pair_713349,CD8+ T cells,7.074513381995134
7783,arc_pair_713378,Monocytes,17.997777089199346
7784,arc_pair_713418,CD4+ T cells,11.589339890389509
7785,arc_pair_713455,T cells,6.7702145819719135
7786,arc_pair_713548,Dendritic cells,36.338977874304334
7787,arc_pair_713574,T cells,14.58960451593158
7788,arc_pair_713630,T cells,12.06668050653934
7789,arc_pair_713640,T cells,10.67792205134502
7790,arc_pair_713694,T cells,10.24827643630308
7791,arc_pair_713767,NK cells,12.798416733442016
7792,arc_pair_713797,T cells,8.063503907630679
7793,arc_pair_713999,B cells,12.246588563309292
7794,arc_pair_714072,CD4+ T cells,11.847440867020014
7795,arc_pair_714293,CD8+ T cells,8.37306413973552
7796,arc_pair_714299,NK cells,12.915410870042516
7797,arc_pair_714315,NK cells,12.011539629517156
7798,arc_pair_714439,NK cells,42.11411750424861
7799,arc_pair_714512,CD4+ T cells,12.411593794798277
7800,arc_pair_714528,NK cells,30.722191601501944
7801,arc_pair_714628,CD4+ T cells,8.856716941424061
7802,arc_pair_714744,Dendritic cells,12.47843793035609
7803,arc_pair_714878,CD4+ T cells,11.08205219198743
7804,arc_pair_714905,NK cells,28.65404985523621
7805,arc_pair_714960,CD4+ T cells,7.187037967415488
7806,arc_pair_715065,CD4+ T cells,8.752370008618213
7807,arc_pair_715172,T cells,13.132740202933912
7808,arc_pair_715542,CD4+ T cells,10.374692995382649
7809,arc_pair_715544,T cells,14.72571724075906
7810,arc_pair_715575,T cells,12.279172933281092
7811,arc_pair_715621,NK cells,12.45072536268134
7812,arc_pair_715672,CD8+ T cells,15.228078909701908
7813,arc_pair_715688,CD4+ T cells,7.176715126172995
7814,arc_pair_715768,CD4+ T cells,16.8044482094213
7815,arc_pair_715817,CD4+ T cells,12.812633206963543
7816,arc_pair_715935,T cells,26.54001507519651
7817,arc_pair_716007,CD4+ T cells,6.633820521961012
7818,arc_pair_716043,Dendritic cells,17.86807884071493
7819,arc_pair_716092,CD4+ T cells,12.08743328885924
7820,arc_pair_716093,Dendritic cells,20.721065982091012
7821,arc_pair_716141,CD4+ T cells,23.728032317960555
7822,arc_pair_716224,CD4+ T cells,19.799264981468372
7823,arc_pair_716266,NK cells,10.096386824414212
7824,arc_pair_716405,CD4+ T cells,11.70346600202508
7825,arc_pair_716462,CD4+ T cells,18.135442926841502
7826,arc_pair_716503,CD4+ T cells,13.640846352744092
7827,arc_pair_716505,T cells,21.99345722623253
7828,arc_pair_716551,NK cells,14.798055896145922
7829,arc_pair_716576,NK cells,10.129931643253135
7830,arc_pair_716690,CD4+ T cells,7.751198721363878
7831,arc_pair_716732,Monocytes,41.90390558431153
7832,arc_pair_716775,CD8+ T cells,15.247747918005317
7833,arc_pair_716977,Dendritic cells,30.42693001166669
7834,arc_pair_717232,NK cells,21.79033479996503
7835,arc_pair_717256,Monocytes,46.26550598476605
7836,arc_pair_717412,T cells,27.62354927199831
7837,arc_pair_717444,CD4+ T cells,12.815227031633134
7838,arc_pair_717460,CD8+ T cells,25.423824044949217
7839,arc_pair_717467,CD4+ T cells,11.020574846023386
7840,arc_pair_717487,CD8+ T cells,14.999873403985964
7841,arc_pair_717516,T cells,26.91270347709671
7842,arc_pair_717664,T cells,16.12148370412776
7843,arc_pair_718324,T cells,21.39330370757635
7844,arc_pair_718433,CD4+ T cells,8.153495799234246
7845,arc_pair_718540,CD4+ T cells,11.494855383618246
7846,arc_pair_718673,NK cells,18.499650272105363
7847,arc_pair_718783,Monocytes,26.062326720195877
7848,arc_pair_718797,NK cells,60.36152247169253
7849,arc_pair_719066,CD4+ T cells,21.781942320124884
7850,arc_pair_719100,CD4+ T cells,19.599469678234826
7851,arc_pair_719117,Monocytes,327.71786149321133
7852,arc_pair_719162,NK cells,8.414325842696629
7853,arc_pair_719178,CD8+ T cells,11.068770337152388
7854,arc_pair_719282,Monocytes,30.759288769604968
7855,arc_pair_719289,T cells,12.056167571761057
7856,arc_pair_719324,Monocytes,12.662832767201198
7857,arc_pair_719362,CD4+ T cells,14.37835451299574
7858,arc_pair_719546,B cells,19.93668731514035
7859,arc_pair_719566,CD4+ T cells,11.917378865462762
7860,arc_pair_719634,NK cells,10.595745880230744
7861,arc_pair_719636,B cells,18.941201795928407
7862,arc_pair_719726,CD4+ T cells,15.752760754808568
7863,arc_pair_719822,CD4+ T cells,24.91562316161022
7864,arc_pair_719937,Monocytes,18.041604374852465
7865,arc_pair_720015,B cells,29.123293569384295
7866,arc_pair_720036,T cells,48.48749198965182
7867,arc_pair_720037,T cells,7.05990215980565
7868,arc_pair_720051,T cells,18.293698812071128
7869,arc_pair_720071,T cells,17.717875723961914
7870,arc_pair_720180,T cells,20.317254272097745
7871,arc_pair_720206,B cells,16.585738539898134
7872,arc_pair_720343,NK cells,22.03519131313531
7873,arc_pair_720406,T cells,46.965971668827386
7874,arc_pair_720458,Dendritic cells,30.077075828946153
7875,arc_pair_720466,CD4+ T cells,10.490961677512654
7876,arc_pair_720477,T cells,11.782363699273391
7877,arc_pair_720508,CD4+ T cells,39.41444182785172
7878,arc_pair_720681,Monocytes,19.811500575668415
7879,arc_pair_720756,Monocytes,44.99493383917831
7880,arc_pair_720934,Monocytes,22.760529277805407
7881,arc_pair_721267,CD4+ T cells,24.41683438591621
7882,arc_pair_721411,NK cells,14.375627553998834
7883,arc_pair_721608,Monocytes,15.43141295277669
7884,arc_pair_721747,T cells,11.60695921128939
7885,arc_pair_721831,Monocytes,10.400674669732206
7886,arc_pair_721879,Monocytes,16.006404291422626
7887,arc_pair_721949,B cells,9.037799844124354
7888,arc_pair_721957,T cells,26.03845374465093
7889,arc_pair_721979,NK cells,28.080203910401465
7890,arc_pair_721993,T cells,9.45870940320524
7891,arc_pair_722008,T cells,7.1103124222056255
7892,arc_pair_722058,CD4+ T cells,12.119191107539844
7893,arc_pair_722158,T cells,18.35358606685022
7894,arc_pair_722211,CD4+ T cells,18.161347310878153
7895,arc_pair_722307,Monocytes,90.3715281981742
7896,arc_pair_722429,T cells,9.701932302771857
7897,arc_pair_722435,Monocytes,19.080495841832732
7898,arc_pair_722439,Monocytes,23.659340097194985
7899,arc_pair_722514,CD4+ T cells,8.311715092900005
7900,arc_pair_722555,CD4+ T cells,9.224199674443842
7901,arc_pair_722681,T cells,7.0568767928554275
7902,arc_pair_722813,NK cells,13.331441519662864
7903,arc_pair_722837,NK cells,12.983260683149922
7904,arc_pair_722863,T cells,8.447298670758684
7905,arc_pair_722983,CD4+ T cells,7.346047967757606
7906,arc_pair_723054,CD4+ T cells,12.93406995661605
7907,arc_pair_723164,CD4+ T cells,9.942680760807711
7908,arc_pair_723167,NK cells,27.31508320561864
7909,arc_pair_723252,T cells,19.941674945241715
7910,arc_pair_723396,Neutrophils,35.38706220095693
7911,arc_pair_723730,CD4+ T cells,19.59524300543067
7912,arc_pair_723763,T cells,28.175196902950205
7913,arc_pair_723849,CD4+ T cells,30.209872020879597
7914,arc_pair_723891,CD4+ T cells,32.5933606471268
7915,arc_pair_723952,Monocytes,41.78320011732785
7916,arc_pair_724013,CD4+ T cells,13.55516285047519
7917,arc_pair_724068,T cells,17.550646041261697
7918,arc_pair_724104,Monocytes,47.21787382465211
7919,arc_pair_724174,CD8+ T cells,6.12566646657957
7920,arc_pair_724185,T cells,11.571049245845996
7921,arc_pair_724202,CD4+ T cells,8.746492311146033
7922,arc_pair_724204,NK cells,24.831197034559366
7923,arc_pair_724239,T cells,28.921148314348176
7924,arc_pair_724372,NK cells,16.729303187292004
7925,arc_pair_724385,T cells,99.42518814468608
7926,arc_pair_724396,CD4+ T cells,13.696306972776611
7927,arc_pair_724420,T cells,22.00839880414378
7928,arc_pair_724506,CD8+ T cells,6.974156645838445
7929,arc_pair_724559,CD4+ T cells,13.1357508558272
7930,arc_pair_724858,NK cells,9.262519252383132
7931,arc_pair_724901,T cells,13.617932329146738
7932,arc_pair_724902,Monocytes,12.397381717960496
7933,arc_pair_724957,NK cells,21.459803909354797
7934,arc_pair_725073,NK cells,41.67514260975858
7935,arc_pair_725084,NK cells,14.90389908256881
7936,arc_pair_725142,T cells,9.927424764816925
7937,arc_pair_725317,T cells,12.499643323183992
7938,arc_pair_725454,CD4+ T cells,14.074748708835454
7939,arc_pair_725477,B cells,17.95765487701175
7940,arc_pair_725488,CD4+ T cells,5.227229425346746
7941,arc_pair_725685,CD4+ T cells,13.529359180650273
7942,arc_pair_725713,Monocytes,19.85089677699696
7943,arc_pair_725826,CD4+ T cells,24.98938110895906
7944,arc_pair_725831,Monocytes,21.912302371541504
7945,arc_pair_725922,CD4+ T cells,9.215309779825908
7946,arc_pair_725999,CD4+ T cells,12.9454264677495
7947,arc_pair_726091,CD4+ T cells,13.61811543540744
7948,arc_pair_726153,NK cells,8.525623735670939
7949,arc_pair_726309,Monocytes,14.113017526035051
7950,arc_pair_726366,NK cells,11.674999673300835
7951,arc_pair_726495,CD4+ T cells,13.58933729470991
7952,arc_pair_726543,T cells,10.95535761437851
7953,arc_pair_726555,NK cells,12.430904191273434
7954,arc_pair_726559,CD4+ T cells,8.444791933692215
7955,arc_pair_726576,CD4+ T cells,12.64380920907689
7956,arc_pair_726585,Monocytes,111.7524991382282
7957,arc_pair_726656,Monocytes,37.18714521406
7958,arc_pair_726873,CD4+ T cells,8.107113407062478
7959,arc_pair_726945,NK cells,19.051531383357045
7960,arc_pair_726964,T cells,9.563167681481753
7961,arc_pair_727436,Monocytes,27.475173703901657
7962,arc_pair_727560,CD8+ T cells,9.909464520700476
7963,arc_pair_727571,CD4+ T cells,10.469683146344472
7964,arc_pair_727695,Monocytes,15.748045830681097
7965,arc_pair_727875,Monocytes,28.835003251656143
7966,arc_pair_727884,Monocytes,13.261204800972347
7967,arc_pair_728003,Monocytes,57.05726507151449
7968,arc_pair_728173,Monocytes,42.1366574506626
7969,arc_pair_728268,T cells,24.76696517658073
7970,arc_pair_728341,CD4+ T cells,8.45295806672594
7971,arc_pair_728416,NK cells,12.56697792687878
7972,arc_pair_728622,NK cells,11.978934195432268
7973,arc_pair_728966,T cells,25.838171166274083
7974,arc_pair_728983,T cells,73.47943534645118
7975,arc_pair_729010,Monocytes,24.814756001775777
7976,arc_pair_729012,B cells,22.11185609747306
7977,arc_pair_729032,Monocytes,18.95558616175528
7978,arc_pair_729183,Monocytes,18.678372074739904
7979,arc_pair_729211,CD8+ T cells,23.66221706326175
7980,arc_pair_729313,T cells,12.1185751216545
7981,arc_pair_729370,CD4+ T cells,6.628525259397856
7982,arc_pair_729449,Monocytes,17.712219196732473
7983,arc_pair_729466,CD4+ T cells,21.25499174005229
7984,arc_pair_729473,T cells,12.990386990531082
7985,arc_pair_729484,T cells,15.842535435441892
7986,arc_pair_729575,B cells,25.38281489473878
7987,arc_pair_729619,CD4+ T cells,11.765833547227926
7988,arc_pair_729695,T cells,9.97300628198764
7989,arc_pair_729721,CD8+ T cells,11.13292631976172
7990,arc_pair_729754,NK cells,9.51733867973565
7991,arc_pair_729797,CD4+ T cells,9.412276597735568
7992,arc_pair_729877,Monocytes,32.20205881648012
7993,arc_pair_729919,CD4+ T cells,16.82272838221503
7994,arc_pair_729974,Monocytes,31.535552233672433
7995,arc_pair_730023,Monocytes,17.813861014403713
7996,arc_pair_730074,Monocytes,39.8164504512649
7997,arc_pair_730294,CD8+ T cells,13.77709215511478
7998,arc_pair_730396,Monocytes,36.19648885887914
7999,arc_pair_730413,Dendritic cells,21.455128919749647
8000,arc_pair_730516,CD4+ T cells,9.29385355606004
8001,arc_pair_730547,NK cells,12.974678742472378
8002,arc_pair_730666,Monocytes,14.543493685256138
8003,arc_pair_730864,NK cells,32.941909671462646
8004,arc_pair_730889,Dendritic cells,17.715444896579204
8005,arc_pair_730899,Monocytes,16.42619579269009
8006,arc_pair_731013,T cells,10.764620549591744
8007,arc_pair_731134,NK cells,46.551381855742825
8008,arc_pair_731136,Monocytes,24.663147683177357
8009,arc_pair_731214,CD4+ T cells,10.865944667996034
8010,arc_pair_731386,CD4+ T cells,11.640969351389876
8011,arc_pair_731513,Monocytes,22.48396376545477
8012,arc_pair_731574,Monocytes,19.712612342329415
8013,arc_pair_731593,NK cells,17.342736969742898
8014,arc_pair_731617,NK cells,15.563656147986944
8015,arc_pair_731792,CD4+ T cells,13.106892821169652
8016,arc_pair_731810,T cells,8.277367529988112
8017,arc_pair_731832,CD4+ T cells,13.435324833673496
8018,arc_pair_731860,Monocytes,16.522277495403912
8019,arc_pair_732001,Monocytes,26.793044110857736
8020,arc_pair_732197,CD8+ T cells,17.81892633504538
8021,arc_pair_732199,Monocytes,12.00905566108928
8022,arc_pair_732211,Monocytes,67.28617638927287
8023,arc_pair_732240,T cells,16.53139728050206
8024,arc_pair_732253,B cells,12.349819619235856
8025,arc_pair_732319,T cells,9.934400197339006
8026,arc_pair_732452,Monocytes,23.20728240573005
8027,arc_pair_732630,B cells,14.871652827592984
8028,arc_pair_732680,NK cells,13.46814701378254
8029,arc_pair_732744,CD4+ T cells,33.98099359734408
8030,arc_pair_732749,CD8+ T cells,11.256908770755416
8031,arc_pair_732915,T cells,316.9010257219504
8032,arc_pair_733726,CD4+ T cells,6.38964081539108
8033,arc_pair_733769,CD4+ T cells,9.138649408593404
8034,arc_pair_733852,NK cells,17.38035183178475
8035,arc_pair_734170,T cells,13.567951198091595
8036,arc_pair_734218,T cells,6.676634645181283
8037,arc_pair_734292,NK cells,79.99406447608334
8038,arc_pair_734312,CD4+ T cells,10.161351098413949
8039,arc_pair_734489,CD4+ T cells,12.443830321532324
8040,arc_pair_734520,CD4+ T cells,13.22047084614102
8041,arc_pair_734584,Dendritic cells,29.051840283443276
8042,arc_pair_734588,T cells,6.653567274137262
8043,arc_pair_734691,Monocytes,19.85069098729539
8044,arc_pair_734787,Monocytes,31.801417013443064
8045,arc_pair_734917,CD8+ T cells,16.972680215902525
8046,arc_pair_734972,NK cells,16.138048566413108
8047,arc_pair_735002,NK cells,7.252006545624562
8048,arc_pair_735103,CD4+ T cells,9.624850913281785
8049,arc_pair_735113,CD8+ T cells,13.67999299795325
8050,arc_pair_735332,NK cells,9.194433339996005
8051,arc_pair_735481,Monocytes,9.281118435398112
8052,arc_pair_735561,T cells,10.8665500623337
8053,arc_pair_735610,NK cells,28.448522703347603
8054,arc_pair_735630,Monocytes,29.99665661376384
8055,arc_pair_735667,CD4+ T cells,14.008468757152665
8056,arc_pair_735745,T cells,15.886010141294438
8057,arc_pair_736074,CD8+ T cells,15.21464678645767
8058,arc_pair_736107,T cells,13.66440623493492
8059,arc_pair_736132,CD8+ T cells,7.776261476051527
8060,arc_pair_736144,CD8+ T cells,7.7878573995174785
8061,arc_pair_736230,Monocytes,17.368913857677903
8062,arc_pair_736297,NK cells,8.863620363444362
