,arc_pair_649812,arc_pair_48468,arc_pair_503212,arc_pair_255137,arc_pair_405122,arc_pair_206742,arc_pair_42858,arc_pair_356382,arc_pair_534069,arc_pair_346988,arc_pair_207889,arc_pair_735332,arc_pair_468520,arc_pair_397691,arc_pair_130392,arc_pair_95573,arc_pair_113299,arc_pair_147702,arc_pair_179313,arc_pair_542791,arc_pair_37056,arc_pair_444032,arc_pair_58367,arc_pair_336218,arc_pair_438299,arc_pair_713574,arc_pair_144158,arc_pair_115275,arc_pair_679387,arc_pair_505765,arc_pair_272219,arc_pair_118580,arc_pair_221968,arc_pair_252545,arc_pair_415606,arc_pair_508585,arc_pair_320762,arc_pair_726555,arc_pair_461822,arc_pair_434878,arc_pair_386767,arc_pair_282201,arc_pair_485863,arc_pair_528353,arc_pair_265401,arc_pair_392525,arc_pair_334393,arc_pair_626860,arc_pair_589689,arc_pair_506996,arc_pair_475509,arc_pair_457182,arc_pair_193556,arc_pair_208665,arc_pair_594469,arc_pair_599471,arc_pair_230163,arc_pair_146925,arc_pair_54246,arc_pair_316997,arc_pair_445388,arc_pair_483514,arc_pair_669902,arc_pair_107064,arc_pair_168210,arc_pair_337659,arc_pair_551617,arc_pair_573749,arc_pair_118613,arc_pair_461841,arc_pair_621191,arc_pair_711700,arc_pair_624868,arc_pair_224210,arc_pair_574409,arc_pair_21282,arc_pair_575189,arc_pair_642743,arc_pair_155890,arc_pair_497630,arc_pair_92142,arc_pair_653762,arc_pair_136665,arc_pair_296739,arc_pair_457010,arc_pair_598798,arc_pair_674216,arc_pair_68624,arc_pair_228212,arc_pair_453710,arc_pair_7256,arc_pair_263939,arc_pair_569555,arc_pair_669916,arc_pair_287431,arc_pair_1926,arc_pair_65061,arc_pair_603976,arc_pair_263132,arc_pair_184225,arc_pair_503688,arc_pair_716093,arc_pair_190227,arc_pair_379470,arc_pair_131562,arc_pair_732197,arc_pair_530360,arc_pair_625567,arc_pair_663887,arc_pair_709204,arc_pair_265350,arc_pair_628142,arc_pair_281002,arc_pair_85382,arc_pair_588398,arc_pair_669593,arc_pair_551110,arc_pair_369070,arc_pair_83364,arc_pair_655444,arc_pair_134795,arc_pair_234847,arc_pair_703890,arc_pair_75573,arc_pair_537305,arc_pair_542593,arc_pair_282771,arc_pair_622739,arc_pair_192119,arc_pair_544850,arc_pair_96327,arc_pair_541994,arc_pair_89302,arc_pair_318299,arc_pair_674772,arc_pair_478734,arc_pair_49574,arc_pair_289956,arc_pair_338183,arc_pair_297765,arc_pair_657321,arc_pair_713999,arc_pair_353455,arc_pair_683742,arc_pair_355128,arc_pair_327885,arc_pair_539838,arc_pair_480760,arc_pair_642267,arc_pair_382131,arc_pair_619761,arc_pair_553435,arc_pair_723396
arc_pair_649812,1.0,0.4302105344674012,0.5455467276555995,0.5250665038215704,0.6018178762029309,0.5279882390850018,0.5469070819702845,0.47996252586488125,0.597732039672879,0.18032225495699702,0.5470975212608181,0.7202577698506708,0.4756524367768584,0.36106960855134174,0.4779504237618857,0.44710586803379865,0.4700425879996681,0.4120219446302602,0.6753964893796852,0.5150821161718258,0.4733976988795606,0.6639198015859251,0.3418744913504191,0.44367005035711604,0.6768051868132997,0.5460582842828645,0.6215837242578558,0.46468836912681644,0.5665407667375643,0.5611985068063322,0.5942444698935193,0.5304036657440734,0.40091575550845737,0.5086094444939541,0.4356745165282145,0.5660368477297979,0.567167207673913,0.5407135835789434,0.5064287889224931,0.49839724556547865,0.536257846630973,0.5573718098005064,0.3647534574255279,0.46008019538584616,0.5809823476263671,0.5997162518107562,0.5782947978029173,0.6364089469386723,0.5593281335560454,0.5727324373460372,0.5932753188123113,0.679953158040129,0.45827123254599844,0.546282281837808,0.608160094629188,0.5194260139822251,0.48413668031148466,0.6182963559778637,0.6205208310886662,0.4514593403804959,0.5726201265619973,0.38987573338118997,0.5506827148727431,0.5491475976993536,0.6245536123107477,0.5893419066080609,0.5993457950698171,0.5347846700059095,0.4279168128286325,0.7493498235337406,0.4888037007831571,0.6532583720030017,0.3665520254564507,0.5973510680402735,0.4692490520354025,0.611239423008653,0.6568206386858175,0.3940910292718284,0.6489159600752223,0.46313027519376493,0.6142472419457414,0.6067085495021448,0.5839662085877222,0.5781590785592177,0.6069809625858057,0.6559616615730282,0.6026966462834458,0.47893784843503917,0.5404558562180404,0.5749682571415999,0.4724304093111871,0.49425591173253475,0.6337635227325388,0.5011231914037587,0.5127316661960558,0.5813669949048574,0.5887076110409128,0.6002125981234451,0.3617936951122612,0.5589273866728466,0.5289215175494291,0.3558340854027781,0.581638266374007,0.6160160290580002,0.327788751412371,0.4945627275743229,0.6022520213652045,0.6213484432639634,0.5647488639133577,0.6319983691676347,0.5709332550464978,0.5165674283463343,0.5367503007542156,0.49614647273144863,0.5750922007309247,0.49678395076971765,0.6228615797077119,0.5193164161049107,0.4765929249371455,0.5476215595416248,0.5888968187966948,0.627541454868913,0.5317131686659274,0.4570373743112488,0.5257615887800138,0.6644645232140728,0.5919877408240076,0.5720357356727324,0.508748247874639,0.45905629088786176,0.5807851923039733,0.5359455819851654,0.5146713373346433,0.4486478683192572,0.5991177638705134,0.5865912604545365,0.49054916362530676,0.6845155546207773,0.4425989569745609,0.32044365917209267,0.5588521394101728,0.5817280798880472,0.5000633388750046,0.4650279538330719,0.4563093066852912,0.5119597794265333,0.599685655793751,0.5474546025215155,0.5257219883295811,0.5251835668157984,0.4028816556210945,0.6222746368058228,0.4834480220145207
arc_pair_48468,0.4302105344674012,1.0,0.4157271399692757,0.44724414255862427,0.5090246777321024,0.37300110770894573,0.34804908790224603,0.3790104529481193,0.5125066129935055,0.29656232821621714,0.42658908168449683,0.4024462592556123,0.35644663996642184,0.31829335620738236,0.3705075686140868,0.35186550006390993,0.5286018984834576,0.3583777564095979,0.4238689112070112,0.5231163175510992,0.37395882429028593,0.5457809302389994,0.3134290949546412,0.5388546040421013,0.4623959791012498,0.5210044411355023,0.49514382861396455,0.47108371970782836,0.36960668004689384,0.39793544771644124,0.5539009476489649,0.3585665977451385,0.5105830139353208,0.43942910880175984,0.43380032571442084,0.5630351220388657,0.46045657282846053,0.43409512462145533,0.5011552180862408,0.3770518967628142,0.38498681264340184,0.36488394357583237,0.3780092241662389,0.430646024982302,0.49077263987707725,0.429114039395915,0.5228229042039658,0.4611326222140422,0.4932350256817343,0.4404358039564631,0.39165412509489056,0.38717865324264245,0.6036591604280053,0.3902942962690593,0.5692152913662659,0.39156016498771884,0.433834900880715,0.5022069439773461,0.43920914889646834,0.3322910540020304,0.4067481241094216,0.3181955364896242,0.6191066659637993,0.4280494137729009,0.38808062899383056,0.47017586716226956,0.5908575509509453,0.6402750713174661,0.5142019342413348,0.4393009529366126,0.38409962174349827,0.43351369013668284,0.3626980930414025,0.568342122020964,0.40490233667866665,0.5154725399532466,0.5546515657228833,0.2851125186026183,0.4445568309141532,0.3770553895149359,0.49999042105168784,0.5792224675382348,0.47725730202127165,0.42230887774243636,0.4053423722533592,0.4741773547517094,0.42550102964943987,0.3493348772379313,0.45289485531660695,0.5414602136386103,0.39586514219241736,0.40603672838992766,0.5404638451777483,0.37877251206090823,0.4858501009577664,0.42593778690440237,0.4472289690724141,0.4321384940515336,0.4721823913740639,0.4011028761214086,0.4087394199337083,0.2839418826350511,0.43758752320264904,0.5300044944940093,0.4322006704089007,0.3685261352666411,0.4008970850746113,0.4781435917391601,0.2942228289318738,0.533646212637312,0.46047802577653213,0.43584854231577713,0.46459339054229376,0.330312893806084,0.3890371943229855,0.35923166488686004,0.5577950503232193,0.36525379787375994,0.34737258933382936,0.42794292010280016,0.41100324939619537,0.45425811782573206,0.43618512638869295,0.5241454718431229,0.46554518741440837,0.46048244437470226,0.45890217750745216,0.4418382925154679,0.43880047314577886,0.37674668139972733,0.41315695619403725,0.41556980642879765,0.5517535015369814,0.39783414206095835,0.6357129805006537,0.4990350937690496,0.46965578915744244,0.5385881642027571,0.3829385621420765,0.4086463742079648,0.42093451716457164,0.5184850734780028,0.4740521869005712,0.3964033953942465,0.5226501393315502,0.44011346021841863,0.3907024694615191,0.4224581157094295,0.5463880973060274,0.3973506913843182,0.45869505056673454,0.5281976460856985,0.38656291227257056
arc_pair_503212,0.5455467276555995,0.4157271399692757,1.0,0.7254947433816549,0.5847632230455986,0.5211060397978707,0.6772586007377117,0.5077289948611049,0.4730175136556372,0.1769112619882127,0.6963648475679124,0.6763701170610772,0.5130471428794063,0.40126018216837833,0.6889409392725887,0.6760466617077003,0.5049749826387189,0.47048034039575565,0.6762346249443993,0.5884691852978956,0.5092995951245421,0.6409453067043427,0.38677758275417795,0.4055338888219011,0.6687132904981021,0.5478070592830396,0.6255531767405095,0.5123570784897544,0.5666230104286138,0.7939619939046237,0.5894351948123172,0.6180310340080877,0.3109326351356761,0.5729331382001859,0.4411821723597115,0.556719147497888,0.5264454144075724,0.464624271659571,0.5181349252763737,0.5032331315719609,0.5135737676745558,0.5270895303088134,0.3445068711770942,0.39336320650107953,0.5325938146106308,0.783432825871432,0.5204739990310192,0.6658603811301342,0.4777219806866296,0.5013136411102929,0.6871845545071209,0.735338366550511,0.4308068917525055,0.5793363896750784,0.5496792029856199,0.5941399503900444,0.5229540212792304,0.6904346057598343,0.6300630802336011,0.4852681788272705,0.7362351384347925,0.4333616178934112,0.5323826225588666,0.5258101183401511,0.6167508444337109,0.644862554946185,0.5574037811632065,0.5018060486299075,0.4180417222832605,0.6440707358979276,0.4768708440736504,0.5593029164343774,0.3664749869621446,0.5958928649240073,0.5157122952470639,0.5094314024393426,0.6853267097057492,0.47468118042625557,0.6174245081909272,0.41792772924319604,0.6923312516796915,0.5488249641287523,0.5595858787398638,0.5964090093434334,0.6497746659742893,0.5996041082055645,0.6524463438052873,0.4539657569737461,0.5936472933323107,0.5130042117761615,0.6401145361911758,0.48903210927926666,0.5939843170369764,0.4670821789145489,0.4814387730891003,0.682696127880993,0.6144283733940509,0.732656982906521,0.3693583297888228,0.7041778230808049,0.5641537458590252,0.36266567061938454,0.8059857552807248,0.6569205877009731,0.290959738088239,0.4514073549151151,0.6147817195089503,0.6053925805712916,0.6371512453523414,0.582333056826385,0.643072313192483,0.7609366422212214,0.4930300257622866,0.4437603425232618,0.501933072789411,0.6362687729542303,0.6394226708422186,0.6698759551630153,0.5879667777720639,0.602151641377579,0.5919700268769559,0.7318889129208009,0.45818274251036084,0.43193867069713593,0.45190205808814854,0.6762350075666013,0.6888866156974894,0.5717448527103731,0.5692047250122823,0.5300914884424861,0.5805857387247435,0.5459199980308437,0.5052320108391408,0.6259193526492272,0.5437974443812034,0.6675595655617803,0.4731614724972548,0.6354081398072046,0.4056756756665168,0.2574222552975915,0.6102708772073057,0.6678989454908097,0.5098452494682996,0.5015199814065957,0.4456429801651891,0.5467618198125023,0.709628392850125,0.7532855384228365,0.5348414883865339,0.7223035046783156,0.36802497373255005,0.6144116322520834,0.6037485188498917
arc_pair_255137,0.5250665038215704,0.44724414255862427,0.7254947433816549,1.0,0.5789388079193526,0.5250172820850901,0.5924852902215678,0.49768365764257033,0.4767070859328019,0.17227911724610287,0.7417252279454858,0.6630746957912131,0.49795659464297903,0.3861597653330153,0.6976617055578269,0.671948090672007,0.5819700411980191,0.4649518994153578,0.6261835780165768,0.6135316528088892,0.4961067570091399,0.6382623402920556,0.42683739779533536,0.4355781077155006,0.6762746587153128,0.57550258879905,0.6477671493683249,0.5945572271827065,0.5691043884269602,0.7272078516388528,0.5912856420818495,0.6475322965967089,0.37453481853414833,0.5428155243790571,0.44383073605235573,0.5361916778505164,0.5400556337923369,0.4962818375351948,0.49369092912574974,0.48174016473494324,0.47662216037720384,0.48982032234675926,0.37179554189365976,0.4589846047097555,0.5857441517098755,0.7839870273835828,0.5470831957442411,0.6482934853259125,0.44834375129007975,0.4873597963779009,0.6248865011725488,0.6959920936209312,0.4391511715196876,0.577724085388848,0.5426526733259655,0.5847222673015998,0.49958701174439385,0.7072175525171379,0.6287241131488724,0.5003045793669044,0.6887893347097385,0.4025839839046614,0.5355740722211286,0.5194569933369536,0.6119389716668872,0.6742576866873049,0.5388978690602981,0.5526610683669614,0.3994258741706257,0.6438170715574394,0.496570513348417,0.5665081818703607,0.35040010141506106,0.6137364535703237,0.48642371765348064,0.5524723907844161,0.7138879866183774,0.47509748637673144,0.6258281927777738,0.46472368535886754,0.7023307648356041,0.5865655585244531,0.5287469941804949,0.6089951271039322,0.6237303585741838,0.5425128796249441,0.6604859941318577,0.4770706326174534,0.593276769778225,0.5454298324683791,0.6614242578497094,0.46443595273563715,0.581586381836492,0.39476703672711305,0.5506128092425561,0.6221748981888796,0.612369070006072,0.6897740091954534,0.36109474786632595,0.665696787267438,0.5336730015479548,0.3530591011452399,0.683449155049054,0.6545846493173708,0.313014451362617,0.4943016305060405,0.6402778137723577,0.6080098564847113,0.6050448392774987,0.5715614713976122,0.6230033223522574,0.7125603454881827,0.5018866183846751,0.4647936602241855,0.5310912500324507,0.5353777222950546,0.6388284246226974,0.6010510914586044,0.5679084268715164,0.6262473440795189,0.6009753069328391,0.6996378805131125,0.48013057408520565,0.479247098364713,0.44565421619564455,0.6623721646289848,0.6210740073795572,0.6026434356569554,0.4852406918811453,0.47297373464202364,0.5901502858294817,0.5204690901135607,0.5206775037820015,0.5867556691335287,0.6032485415059806,0.6483209520579946,0.44518979568945793,0.6361394160566507,0.477610385492936,0.28455254499325794,0.6158885428214191,0.6383165618609545,0.5197123655718108,0.5911222709660668,0.43291227183364783,0.5976238826769457,0.7027525846355208,0.721079651826418,0.5304067091789807,0.6663518148912806,0.3965471300600907,0.6468069814485081,0.7277897250002723
arc_pair_405122,0.6018178762029309,0.5090246777321024,0.5847632230455986,0.5789388079193526,1.0,0.6452929570335308,0.5367710513314168,0.5473198707167964,0.5625265254202558,0.2143186034298133,0.6083990360418788,0.6434643631704208,0.5558569828984976,0.3774138521674593,0.5529754924161666,0.5494314149215563,0.6000332490939243,0.4940395638677399,0.6384048240246314,0.5700117959546878,0.5497055014718945,0.7217471928275776,0.38109476475475784,0.5108545387169102,0.6664273416613176,0.5907390702041035,0.6637555974787379,0.5516681454851803,0.6030844429704924,0.5540218444300874,0.7503975974706493,0.528646676547037,0.41011477699965987,0.5761917852326213,0.4983644211050216,0.5947421669998876,0.6425455157756489,0.5578272979552416,0.5969337794832542,0.5085825812430136,0.5874358338545248,0.6078403988788937,0.4323780199236177,0.5195209525793362,0.7134911371907373,0.6356186197123875,0.6791490979029148,0.7741292526612634,0.5358418899054568,0.580325446359872,0.6279989096366152,0.6199237074095673,0.5094581978352812,0.6776327256498356,0.6333295843872462,0.5044270078524394,0.6543864158713197,0.7211751567380018,0.7006871630511661,0.4993149722828781,0.6241437623398206,0.42009887446199445,0.625157664458465,0.591625953775631,0.6328556000273059,0.6157182883492736,0.6605074723532633,0.6157099536435763,0.46318120783627714,0.683562470269964,0.5735025576400115,0.6717843774024379,0.372291267592185,0.6754877670937943,0.5236132883786584,0.7327506641460302,0.7476663245855812,0.4182553128492594,0.7380270840615868,0.5393014040494717,0.7302824106734743,0.675427859581407,0.5935122649336071,0.6795171333550258,0.6770949925210459,0.6614613791837631,0.7415457604803154,0.6196942754826157,0.5229786892941107,0.626839564321996,0.5184359185175582,0.6116898356428931,0.6657841351878412,0.4905060433703657,0.6847586085217116,0.7499009095554475,0.7223342395240394,0.7179042196212377,0.4283615957916335,0.6223578953856949,0.6227055037772022,0.4602267862791106,0.7162810996239759,0.7607756303915105,0.37001679086376643,0.5189769334551975,0.681618002576701,0.641203671213062,0.5089220813437874,0.6717546283474253,0.6632508416449547,0.550805916277805,0.5720099146918772,0.5254724755627433,0.6885355340223686,0.513649215906949,0.694576047120975,0.5864016455002856,0.5794222260199737,0.6366810812772802,0.7397932371594474,0.6951722963455942,0.5934294459739647,0.5121930142832231,0.5329139314639034,0.7334197653596141,0.6913601217562843,0.716440890861715,0.579884709572008,0.529993956320878,0.6957393731541209,0.6346969245698155,0.5924000466696219,0.48656741963423505,0.7001932229036261,0.7059557817360427,0.5514914297132567,0.6963172298404133,0.5368035825221493,0.3833077743808371,0.6442692701005691,0.6717217486949512,0.5822461472322177,0.5140598458438165,0.49448636497287235,0.6358891031002002,0.5447286603940712,0.6284117906514215,0.5590270228684209,0.6325628988681623,0.41844750455769786,0.7097786105506706,0.46568704621371243
arc_pair_206742,0.5279882390850018,0.37300110770894573,0.5211060397978707,0.5250172820850901,0.6452929570335308,1.0,0.4775789130845124,0.5010024853952058,0.458165266981307,0.13875527554473005,0.5219687837138244,0.6053410243340289,0.4886346892531135,0.32754947338886375,0.5421872114062303,0.510227687605212,0.501745041548762,0.4141087063523744,0.5442614018871876,0.44326745695153114,0.5062176810187763,0.5850380733932782,0.3989648295704991,0.3566282474108955,0.5997086964663532,0.5159097476603869,0.5927263626145464,0.4268975721941586,0.5180888158054605,0.5020599730881793,0.5882820294501178,0.462667147843026,0.28297696395544863,0.463008041813653,0.41875966740341963,0.4532651922679709,0.5876770771482593,0.4381091681273743,0.498312364931384,0.4697053338566622,0.5305951262145672,0.5349306382820722,0.3442418064639063,0.4167818196232914,0.5905961073867692,0.5939105207316882,0.5710408143870044,0.6890380545416285,0.39153295652823933,0.48245458962770243,0.5128668893305275,0.5603379944101116,0.36481089642493475,0.6133719475345498,0.49302653173753447,0.48883520980305184,0.4970536747046906,0.6263961368364462,0.5834356595193937,0.49861611191200184,0.5875577131774711,0.35393319438289716,0.47396712163082577,0.5160514103905921,0.5766924432284465,0.5488427330483786,0.5030376636936859,0.45003538542758714,0.3389027809713253,0.61374405618971,0.5154081636661848,0.5793622604479252,0.2841255944307653,0.5272048187576065,0.4587275444227601,0.6192082116725557,0.6532625700585204,0.4090889541526478,0.6592610185942138,0.47449367586195107,0.6558416621910778,0.5596333605646929,0.5041616356848929,0.6511972581648084,0.6062346697190313,0.5200506941432772,0.6496330168271535,0.4809887230145091,0.4684602406054808,0.5031936961531177,0.4371655590552414,0.494371694617536,0.5652597485790829,0.4442219101609086,0.5930771205574514,0.5951789991891173,0.6632580561877954,0.6225632228585014,0.31054209381198883,0.5861374277148528,0.5174465625033938,0.36352069568008916,0.6256157211581147,0.6424207408767113,0.27567145500158835,0.45808453218844186,0.6270122731601259,0.5600803404664415,0.4025484396390542,0.5786591752576316,0.6141259082101137,0.4754189184541639,0.45055353013133864,0.42441856702528175,0.5890310876493757,0.44837608629415127,0.5711950058089665,0.5337406402533666,0.5127380022329708,0.5709406637359825,0.6420436273120116,0.6352330986269175,0.5117119388613304,0.38898992639640106,0.46369506192520493,0.6257355361619726,0.5664912929732289,0.5863651713210883,0.4702745595259711,0.4394803878753817,0.6293019270663929,0.5618920842905604,0.44420350856268787,0.4245898567820339,0.5264194725034209,0.6184138720603243,0.42854750478212117,0.5718850363479412,0.43187944124281186,0.246995911474546,0.5515589280235761,0.5984895968634664,0.461921990391196,0.4743819146612702,0.3777693479713239,0.575402285000187,0.4673828004129224,0.5782570471143401,0.4534447199001201,0.5742240804017084,0.33461278521966603,0.5711469958360135,0.41769275867923916
arc_pair_42858,0.5469070819702845,0.34804908790224603,0.6772586007377117,0.5924852902215678,0.5367710513314168,0.4775789130845124,1.0,0.4119531528491068,0.437926513010023,0.15312659074955742,0.7902548100608339,0.7040383462229137,0.4768665334678571,0.3707943233265224,0.6873857209403131,0.7068024952443911,0.4479739031321086,0.36758092523355707,0.6188182159117775,0.550132641193259,0.4564199598234234,0.6203737245530743,0.35680460449640267,0.3888334526457962,0.70564997285619,0.5443332320053494,0.6448727127780388,0.4979891514326521,0.6238963619341432,0.7401283450866515,0.5238481957962561,0.5627202178618684,0.31738771014504064,0.4822297245028691,0.3954778620279245,0.5004507056240888,0.5387687345396261,0.42959476124036156,0.43749678983023876,0.46270396484852305,0.4446201083656647,0.5514841330653917,0.3229222147207858,0.37335383050246856,0.5209420886381135,0.6729863202407611,0.5368225993152812,0.6415339202255822,0.42318737482000934,0.5116867241398135,0.7179692002552321,0.7222650215707931,0.45431446990139274,0.5269223936209326,0.5178567206514908,0.6541447000469107,0.453057499519696,0.6007263567500979,0.6729318780638858,0.4679049377687489,0.6978155830491423,0.34640938510358,0.47317103095317564,0.47558316328506717,0.5970099965230626,0.5633340526782326,0.5136478483672791,0.4966627456834662,0.3774705528867011,0.6299230090267279,0.43503875921030055,0.5784181230782768,0.3212829758679571,0.48054573411851076,0.41867061275326145,0.5058855502125024,0.5635684965928708,0.37501423018339997,0.5633086157417591,0.3504238452562615,0.6010808053028327,0.550556240886991,0.5025826676862083,0.6439057189979682,0.6294752249894081,0.6181967549180483,0.6258778526971858,0.42399022149952187,0.5461514304828873,0.4816865681535543,0.7351155326204493,0.4610336137781345,0.5232286602901459,0.36658455389080813,0.4894277175660157,0.6396288273291564,0.5412675659969881,0.625619503407177,0.3390559771989034,0.7376339693862586,0.5795564951067584,0.33023346880221843,0.7056261112815418,0.5874433254218556,0.28864788056385704,0.44423272835159056,0.6172057599785883,0.7141194324549551,0.7416910617816473,0.5352071763605872,0.578199540026549,0.649694360567061,0.45830464883986605,0.4460680162520043,0.5265953654683483,0.5715381668264933,0.6389047711851157,0.6816639527942112,0.62324459922773,0.5024383111904335,0.543912377440782,0.6745358095628291,0.4562557685340543,0.3531462203617668,0.4314524285804644,0.5605904541279223,0.6162363457384206,0.5922891772730914,0.4579189010931991,0.4348961558591484,0.5445387346958689,0.47067250044093145,0.4610667091053879,0.5144372970926234,0.5827496538393856,0.6343254651213414,0.44195371144229256,0.6633211874214008,0.3514824675164504,0.2696154858193461,0.5503669347560248,0.59337438867733,0.4568815069945772,0.4920277154456074,0.4390638933155351,0.46643767590586016,0.652189401976928,0.6859915793633478,0.47790262722687704,0.6789682629224425,0.3447414428599621,0.5090202328006431,0.6172000820630441
arc_pair_356382,0.47996252586488125,0.3790104529481193,0.5077289948611049,0.49768365764257033,0.5473198707167964,0.5010024853952058,0.4119531528491068,1.0,0.4069410681923545,0.1501346835080827,0.4708532263419402,0.569648398014536,0.4991053527121634,0.29882905517037023,0.517316464087996,0.4523308082892343,0.4457533254322392,0.5484980420132488,0.584822965810274,0.4745952732601622,0.456704653053763,0.5538851146318675,0.3941331080834787,0.3668911561165772,0.5966566540761871,0.4835489650176358,0.5185618504985562,0.40191849577784383,0.4661447485638791,0.5667723479011897,0.5390990253670658,0.43396027831224876,0.289033424780884,0.4601470064291883,0.4994607680090488,0.46131849196724595,0.5169308506313293,0.47242166262250673,0.5301305652393455,0.463528157186888,0.5013222945983722,0.4828411833765665,0.3385659698481039,0.4446527368451329,0.4922146575432731,0.5539263521881576,0.48915820710103886,0.5803569696669718,0.4390333321259604,0.4711669963041873,0.5315864864873495,0.5377606987472379,0.38667221682970154,0.534270801956149,0.5143235496435273,0.4765437955517897,0.5826941238073605,0.5826887448494277,0.5272655770261678,0.3927101233621093,0.5468559720876984,0.3021471215941968,0.5002168635692694,0.5131831952545054,0.5131002038970348,0.5441192568951082,0.5008554896475588,0.4538350774650699,0.38263949757272964,0.5950692164351176,0.4701660888824541,0.5511844156141132,0.32119659908771814,0.5350073214733467,0.4293797622302424,0.5575504493237061,0.6112061198858643,0.3626795063802206,0.5546478260826154,0.4610932916566081,0.6371047832738775,0.5513495581594815,0.5268553572457623,0.5509536829573564,0.5400443489055391,0.5316098299132324,0.5750646792134375,0.4506702535792529,0.43448171765015137,0.47564219150415954,0.40845547868571147,0.4474970132942452,0.5281636355456513,0.33308647824138976,0.4622638402992479,0.5215003619089065,0.5959494606284108,0.5731541795691278,0.3355822847794265,0.4889532833468426,0.457592229650072,0.32444730000288313,0.5477074087415825,0.6076927028114947,0.29657244401448785,0.44361906584676797,0.5605994337461897,0.4840341210911679,0.4110995046868814,0.5564558379798911,0.5151808750538697,0.4983081468039879,0.4424025677444637,0.4316169549932557,0.522449987949013,0.49344781660082326,0.51252712002774,0.48284684168798675,0.45328224579836224,0.5521312055629043,0.5840629235636919,0.5809182494861402,0.5391126159785866,0.3920433401917418,0.41605261290980483,0.5975740034763263,0.5846641978960881,0.49502897937783114,0.5590272336003997,0.4035206050328588,0.5873277935395504,0.4788471076322911,0.42501403806224486,0.4470526139031747,0.5111032362284234,0.544168024851005,0.4501064760575266,0.5610608239923847,0.43623788629404414,0.25488390451121334,0.49838951245294266,0.5310459381597034,0.44999273786240185,0.4569618601900548,0.38932216522686647,0.5054054170959632,0.5376741066890292,0.5944797410820627,0.45899973318215975,0.560870391416972,0.33949466745233997,0.5247068905320682,0.4009951903181854
arc_pair_534069,0.597732039672879,0.5125066129935055,0.4730175136556372,0.4767070859328019,0.5625265254202558,0.458165266981307,0.437926513010023,0.4069410681923545,1.0,0.21693171742400563,0.48182188227374395,0.5059945971456139,0.39504150835157603,0.3037588577857434,0.39003589877129025,0.4195977884887643,0.5657798236378524,0.38169642554819,0.574199048329731,0.5189095948449468,0.4531910022028819,0.6412542790253354,0.3374804066411253,0.5241023371389456,0.5652654209249218,0.5550755497389621,0.5454310409553182,0.552762285250537,0.5163346596302825,0.4471750531330701,0.6166806658572518,0.40920100186549385,0.42807232425889785,0.5281867451655988,0.4438403944962967,0.6216343790382632,0.5286310878141647,0.49033012064398773,0.5393025727362708,0.4485558571923741,0.5050239338297519,0.44367031894705156,0.37259144200658934,0.5059715400253707,0.5201776592560009,0.4846173018646324,0.5653798243229659,0.5649697135784916,0.6092879612781575,0.47968773798258846,0.4643731748249802,0.45971432715737437,0.5109923910756781,0.485468009384526,0.5794791409450396,0.44039768693457043,0.44179366063159625,0.6255572350791497,0.5319644074478211,0.41161253356141464,0.5107294202806082,0.3980673670466816,0.5938710945055635,0.4990662288474008,0.5192874614366277,0.5532369862556318,0.5967820259182766,0.5868436564637033,0.44971121555812626,0.5763236373599784,0.44319326713977425,0.6055598287314445,0.3404221161052495,0.5751378532780188,0.40936302847752915,0.5932735737136285,0.6202402419355344,0.35436455565435687,0.5162974849878259,0.4095790998850243,0.5689905260671596,0.6239187480570514,0.5376239010978685,0.5332736421927414,0.5213214027723729,0.5472723182902254,0.5048115255744754,0.44704240768818143,0.4851255515384601,0.5664779866850022,0.4693229203598263,0.4739344736360386,0.5718820523759457,0.45424020545779,0.5704532351016015,0.5399071372843008,0.5300161773792887,0.5183999074070544,0.41352559750176915,0.4426917719315032,0.47229403727771846,0.3602100042352899,0.5112860201703493,0.6023741570042874,0.357000247934021,0.5091414242915299,0.513670371377533,0.5333004883988093,0.3994706011113819,0.6402768817944997,0.5460122702741247,0.5101045831787422,0.5459891824172495,0.3988092012166197,0.47843198096930045,0.421673338484803,0.6405710646935645,0.44134991335372803,0.4534508690437118,0.46906399613298877,0.5400474074247588,0.506668299285378,0.486493918583389,0.5639306907930846,0.5159054258372893,0.5415353878912568,0.5010531873433965,0.5390554500653713,0.47850545685191376,0.4448259623007323,0.5574186682020589,0.48355064791891106,0.5396284166449978,0.434646043796238,0.692539621693549,0.5603345661401814,0.5788706705623868,0.6150349850297534,0.386922416374452,0.4559163835632417,0.46545164321230237,0.532477619305311,0.5420790385464175,0.43499295475169664,0.47992710314551756,0.5004109550400553,0.4041814817580789,0.45691157180661396,0.5612388735959335,0.5023395034094994,0.4575753914883442,0.6532702485558871,0.41675721677814037
arc_pair_346988,0.18032225495699702,0.29656232821621714,0.1769112619882127,0.17227911724610287,0.2143186034298133,0.13875527554473005,0.15312659074955742,0.1501346835080827,0.21693171742400563,1.0,0.17231793635162976,0.14865698024405025,0.14615959021201974,0.2302680023164933,0.13662552710431683,0.12886101651412957,0.20710244657337545,0.16649553702882888,0.1770098390208303,0.31108871101363395,0.17646836586263315,0.25704087517018004,0.15917661880104989,0.3917883460249214,0.18964022776831532,0.21676677181448736,0.19009495592040684,0.2302950651808281,0.14707365913547962,0.16825382680896267,0.2508240971969196,0.12647471037867894,0.3148507740458583,0.21907809304275386,0.27663345333410483,0.3317883348377285,0.17857440758891918,0.2266884488746632,0.26318186787375064,0.1351297894394583,0.13669983585111734,0.15072009718119442,0.2085503498982198,0.18290612704671005,0.213294013787727,0.1718273022219761,0.25143067368183436,0.18726873520309034,0.29944848368254795,0.18136448139575181,0.17239908416245064,0.14125797526049863,0.38582698976025737,0.18863432659146429,0.3054296765462653,0.1784833851827227,0.18378520766379586,0.1981802478171887,0.15361981526347757,0.1620713823871296,0.13237952584363594,0.16796671738575428,0.32188738045912935,0.1588664730780968,0.16973833607850583,0.22050431146416816,0.3172328552131597,0.39253208632956355,0.3248798450612215,0.16758151338245508,0.17491204543362018,0.15972475889721102,0.15536496258607196,0.23975108882451088,0.1506867475935068,0.22485187856294456,0.2177847982937512,0.1095435292615601,0.17097834595442987,0.18452604176747592,0.19576489284603887,0.25642503038078934,0.23065868589012486,0.1429658819143951,0.161878506250935,0.2088414305263905,0.15609675017822125,0.1775100694689674,0.22397686627909516,0.25777564621531024,0.17727957463805077,0.21937348062090758,0.24024780343721425,0.1800299546735018,0.1694588177471385,0.17410063734808082,0.16952404290255754,0.1547664667294722,0.30233630305001247,0.142023809853413,0.16798009307695025,0.18742621750569674,0.1876404093610203,0.210974598837141,0.2623601430305422,0.16181211464819345,0.14369041699973967,0.21647066802887263,0.1269873399089817,0.22838908161087798,0.20036772205102402,0.18343730166838276,0.28228151629793397,0.10432410956718496,0.15546905675955505,0.13708087617937592,0.2528975855058698,0.1406581591220719,0.11015159554329912,0.14988027467088064,0.1493160738688261,0.1610389980265597,0.22133083450438554,0.2153099552727594,0.2334510541757586,0.1611634678203204,0.20279545414343278,0.1931689165328976,0.24697237321147222,0.15671346388551408,0.16303255261216926,0.2101186719515888,0.33317819144344246,0.15961991406215942,0.33137863953496355,0.20975090758320347,0.27179677235021016,0.24139146543444276,0.19243448357151707,0.30703850310249436,0.17942418980989105,0.22292456633180188,0.2608553983313254,0.16906380934612095,0.24875823671970582,0.14224241077241956,0.15154886979425272,0.1698670103104089,0.30232193271024355,0.14937315622340405,0.2364289708728752,0.2022229945933505,0.15388064948100086
arc_pair_207889,0.5470975212608181,0.42658908168449683,0.6963648475679124,0.7417252279454858,0.6083990360418788,0.5219687837138244,0.7902548100608339,0.4708532263419402,0.48182188227374395,0.17231793635162976,1.0,0.6861209607362918,0.4980308073816707,0.3736201126060345,0.7498095804335992,0.7371131049952111,0.5328926621963777,0.45108053985586627,0.6027354068673019,0.6730347192906857,0.49376966424347174,0.6506462237097904,0.3955175108297302,0.4247056819935597,0.7253888920537084,0.5572193141965991,0.7035190937966331,0.6442470659927025,0.6139448299062557,0.7885458592360753,0.6277960249325811,0.6729788992226627,0.38057303398834574,0.5252347002158388,0.41165442915652956,0.5805863118064635,0.5835593075971697,0.4937365499103275,0.506347744245256,0.5013519228413987,0.5066781331311935,0.6002078288852682,0.33700933421645335,0.47794644868227937,0.5968433015311366,0.7918853414335321,0.5863408116954859,0.6712720262618103,0.41029793174686063,0.5240651068937741,0.701321375056083,0.7373768387574764,0.46938680808431626,0.5737221784248119,0.5266925247163499,0.6325314128979547,0.5325013083883978,0.6884488253555073,0.7609069891253387,0.4606320568016352,0.7026203622156405,0.4289208893072953,0.5256481990958024,0.4990103582584362,0.6280028407919795,0.5952928561985372,0.5317969759307359,0.5591185048387165,0.3920758875324857,0.6433279980730225,0.48679650151031123,0.5856990094019648,0.3563526098816171,0.5395121420749027,0.5019764133042127,0.5528322246761538,0.6665058239732061,0.3780418057897433,0.6678894954662166,0.44037005964926257,0.6890455003344287,0.6113673939175633,0.5315081665692662,0.6994376735691767,0.584221811325022,0.5913994660412598,0.6586513843146276,0.4674405407949941,0.5648562194245575,0.5434826019076426,0.8408636223401432,0.49678696009287504,0.579575054616146,0.41043106225803777,0.5861012177437656,0.6807000725587776,0.6113306436667542,0.679113126100422,0.33400961474824353,0.7467470437136324,0.6009025635312004,0.35550184686623204,0.7463287843331101,0.6428646058877879,0.2875266510362713,0.5319859343331795,0.6388987634232455,0.6891123201503246,0.7152656915992116,0.5591453750945761,0.6052229092962346,0.7324053090253835,0.478852190253586,0.4731892151628351,0.5865377504222427,0.5519428903020122,0.6364175167602457,0.7226782973814826,0.6527843247414711,0.6308574267282798,0.5908229200633397,0.72040511937575,0.537625758504951,0.4327905112060696,0.45965712554796145,0.61654625968795,0.62588458865273,0.6627902466942359,0.5024791090902839,0.5072924406243645,0.5811408153429408,0.5354399905445868,0.5030934563560744,0.583738575689093,0.6512578162014633,0.6809196920055914,0.4479146198355762,0.7096538139466771,0.4197874753674313,0.29657895300333076,0.601470559449886,0.6572729708755181,0.49345458753999666,0.5457165475093757,0.4645842597570532,0.5759270847703776,0.747603257547479,0.7699568182937885,0.5075178897669856,0.7176914208469173,0.40050572069616874,0.5960858994919638,0.7468226821892415
arc_pair_735332,0.7202577698506708,0.4024462592556123,0.6763701170610772,0.6630746957912131,0.6434643631704208,0.6053410243340289,0.7040383462229137,0.569648398014536,0.5059945971456139,0.14865698024405025,0.6861209607362918,1.0,0.6028713959525461,0.3747714047520131,0.6130330938010761,0.6061846075562052,0.5190513018872844,0.46760881350273614,0.7806000164462983,0.518560841305962,0.5341890978015104,0.6711111176588742,0.4048601367758147,0.41187228044872626,0.7822227695393394,0.5915292674450264,0.7204871128668959,0.48114136114246203,0.6307805071786926,0.6810225727282042,0.6182284779883951,0.5690003170169554,0.3392463912628489,0.5452088889813158,0.4526620202712389,0.532404368906164,0.6447823017552797,0.5712073901399061,0.5081763213665091,0.5696026013024192,0.5647263795657876,0.5658336102236602,0.3952272047358177,0.47099288430782044,0.6479448092168674,0.7291757519934711,0.604676306121551,0.7557257952244245,0.4900275398847663,0.5927447704322782,0.6810776316974471,0.7793063393140164,0.4359517440041285,0.680095619497415,0.5984192258879564,0.6187699707235397,0.5550238065540288,0.7275809659926253,0.7247956828452465,0.5072979034300759,0.7630841907131247,0.39658628813069474,0.5405003014613123,0.6006500261510616,0.7355258387793938,0.6594873524598835,0.5449310451426256,0.4979139753656278,0.39575294764650226,0.8344744625350102,0.5528264295723672,0.750825990561592,0.4190688914173991,0.6140082582669393,0.5287430605762632,0.6391025465201987,0.7191641134475126,0.4581297633846723,0.7102102081941337,0.46724062299951163,0.7385671247083337,0.623197161283156,0.5667926264634171,0.7265152604369489,0.6997684259327893,0.6400926124718457,0.781296639248148,0.539732174131582,0.6011194285331323,0.541322200043954,0.5737333708318192,0.5485597342061742,0.6307194006435901,0.4720039485726419,0.5683021729307753,0.6851405426225409,0.7114858263631932,0.7309510333343876,0.3630775713517904,0.6928941306070384,0.5725317897235023,0.3665418285193686,0.7067757163009237,0.6884810160641216,0.3357906210787821,0.5432581185248825,0.7549976562644971,0.6639641860525721,0.652833706921527,0.6469810987499861,0.6899184873575217,0.6281254402144354,0.5236998179807844,0.5305711312005917,0.6437700460534366,0.6096046504185213,0.6548991573742223,0.6383775473723151,0.626595156956254,0.6528969953793635,0.7010418115566431,0.8104669864556856,0.5405936116569249,0.44689605983317754,0.4737929449138797,0.7554404875122961,0.6966392378511066,0.6273796630002599,0.5521799756743708,0.5071250587901127,0.6760740054588951,0.5531943033230268,0.4817843888295703,0.5459562046914115,0.5691974594022248,0.6822823975176665,0.47815366228455486,0.6948566252929257,0.46039052230864974,0.28462216451136113,0.6374030277452092,0.6769642604887297,0.5092085690027823,0.5605827463046196,0.4617232030838895,0.6077809104929397,0.6759459980361228,0.6751851926892963,0.5206661316362271,0.7045710635505322,0.39332831175021904,0.655344585722548,0.5793287461158015
arc_pair_468520,0.4756524367768584,0.35644663996642184,0.5130471428794063,0.49795659464297903,0.5558569828984976,0.4886346892531135,0.4768665334678571,0.4991053527121634,0.39504150835157603,0.14615959021201974,0.4980308073816707,0.6028713959525461,1.0,0.3255409216396845,0.5050793419936466,0.5294505561929508,0.43194978131012296,0.3938761567027009,0.6083277178656373,0.4683808264647823,0.5205117004508185,0.5684679611897621,0.3961644130354451,0.38042708149736115,0.5828675416469805,0.5130668472243036,0.5622673875663928,0.3750671576449285,0.492877569300774,0.5176858396262286,0.5463915927367352,0.404747194693251,0.2763678763604869,0.5218370062935509,0.45818314551642064,0.44747577598391347,0.4819060581894786,0.43410796720607303,0.5366154780332079,0.4554574628112115,0.4895459934604915,0.46778147974912443,0.36398089592270855,0.4120906566008631,0.5050608468437559,0.5915678384442711,0.48134973915139334,0.6384990377851781,0.46139905065467024,0.48090312089110565,0.5091946529327431,0.5510048590352117,0.3732915568215552,0.6036555032140856,0.5105315914348827,0.4972192173913227,0.47517595576760574,0.5813596885682413,0.5607562726023839,0.4298406905210666,0.5660716842964488,0.3503293253698238,0.4941793396199372,0.5733264058683295,0.6462363683817132,0.544908949647053,0.5335041573245257,0.4721679757501952,0.3865321928034378,0.5735277508944661,0.47690811255017657,0.5569358614517703,0.38304443843341934,0.5407117660444272,0.42770493712563334,0.5644024621118999,0.5986536522893847,0.36903545620419964,0.5858631304870453,0.5009538277454555,0.6451549879112436,0.5002576228284267,0.4697704709495067,0.6013150080347635,0.539310776991434,0.5135580797843845,0.6124940594309347,0.4664396746074035,0.44724029790495623,0.5299286001941723,0.41098404732199245,0.48732517361279915,0.5289163792895957,0.35151026988416245,0.5015657700749556,0.6020480040416806,0.6044751211524972,0.6110536071115922,0.3259197033959982,0.5563043410767856,0.4814721296526542,0.3841488869700301,0.6016144739490518,0.6232626191631131,0.3031206421754255,0.48119367755152515,0.6023046024006642,0.5381436207328522,0.4368506321010858,0.5745597719987354,0.5721118021318915,0.5006975653248869,0.4163061890559448,0.41785175774191036,0.5498812982528075,0.48891649656288977,0.5905212357136843,0.502348248981917,0.5247359787818313,0.5841696373347841,0.663168759493117,0.6136009786101407,0.41972022708208695,0.382886530559016,0.3843862531825429,0.5630144846071359,0.5167584740937894,0.5220966399596904,0.47740796074422887,0.4332334639724798,0.6053746484889946,0.4793221344723337,0.4542904442394072,0.4439988270571388,0.5238537513221823,0.6405935342258541,0.4404003936295577,0.5599886264008891,0.3891157883645187,0.26142297840853557,0.5829564368424194,0.5835731084514639,0.4702565332822107,0.48601591187715854,0.38654650570739907,0.4851896559789311,0.4835056743236811,0.5879239298066828,0.44822708518627896,0.5862802249478027,0.3127915410471128,0.5515147867007397,0.3910023194550232
arc_pair_397691,0.36106960855134174,0.31829335620738236,0.40126018216837833,0.3861597653330153,0.3774138521674593,0.32754947338886375,0.3707943233265224,0.29882905517037023,0.3037588577857434,0.2302680023164933,0.3736201126060345,0.3747714047520131,0.3255409216396845,1.0,0.34972159433548816,0.3412308153989066,0.31763600907368233,0.28092456609543776,0.3935949922343917,0.3902871651126087,0.3520295295394466,0.46123711871756917,0.29792633978164557,0.41632196586074127,0.4264435975420406,0.3661849112877715,0.3754839426801174,0.30181908997999674,0.3784070389797594,0.38195314554061804,0.4012437071248056,0.30053958206736137,0.2952654216969596,0.36269713993198316,0.483191158251431,0.39679497827663573,0.3512233855790518,0.38375675956847594,0.3437246353732077,0.31906485714892213,0.292242016941088,0.34327418733158493,0.28633365851743364,0.35169824778329484,0.3558685932468606,0.4099641525707843,0.397473826807287,0.41034833190671965,0.415094470801359,0.37257923830934975,0.3621442515518051,0.370692100672368,0.3760916919077282,0.3848953716776507,0.44109326865870196,0.41127003537249573,0.369328634576478,0.44606396167349976,0.3694338789146913,0.3474326696272742,0.41662858343490516,0.24808195215555434,0.42394563179603656,0.3258535418904998,0.3625835411100216,0.43137175850695997,0.47907107534268834,0.4330224208411148,0.3832713999188002,0.3763264323943522,0.3694641129421873,0.32260754684404197,0.28447707171757164,0.4136304334924875,0.3148852519362505,0.3978212345291059,0.4132487469594323,0.2609808661735863,0.37972793826101214,0.26814730257938035,0.4347239130458336,0.4058751877452651,0.3965743879973529,0.37833079547367776,0.391575521700507,0.432688513847588,0.3966780489237477,0.30731445489724457,0.37843034145983584,0.39308680430170945,0.32727235704347746,0.35103257951121875,0.3985629063797681,0.35653607536569926,0.3195064906023276,0.4099918631955762,0.36206544923862444,0.43338231467221044,0.36884916862071926,0.3492683121869921,0.36533286468190246,0.24585506147475325,0.40148238621663507,0.4629640459939475,0.29834012637780266,0.34480580120062587,0.3681948306133306,0.4481447878080115,0.32125182968209354,0.3819627154321948,0.42881267733065853,0.3991035501524063,0.3683039429226048,0.27872052624263227,0.31909488092805965,0.3540343975007717,0.4273684734966495,0.387425692473787,0.3113358405350005,0.36686273334310276,0.3449503778758613,0.40099019257023544,0.33871335598497887,0.2691512415838212,0.33240145667954063,0.3962779754513944,0.42554286003213426,0.3674727011878499,0.3419334080777132,0.3648631829365064,0.387320807536677,0.40579750020511385,0.406399746858661,0.28957419173739996,0.42263837768464024,0.41126521814852857,0.38886228374893383,0.4620109163207409,0.34710584287683915,0.24646223799960876,0.4227556685294867,0.4442356838738167,0.35943021612651394,0.3591583037277223,0.3849910506377199,0.33204220854358973,0.3595871360731468,0.3690235789845881,0.4727461525339072,0.34537473630985494,0.29690390587255683,0.37179237122348163,0.29238053037675543
arc_pair_130392,0.4779504237618857,0.3705075686140868,0.6889409392725887,0.6976617055578269,0.5529754924161666,0.5421872114062303,0.6873857209403131,0.517316464087996,0.39003589877129025,0.13662552710431683,0.7498095804335992,0.6130330938010761,0.5050793419936466,0.34972159433548816,1.0,0.7932217567981575,0.5205142227443065,0.402329600301233,0.5793458690159047,0.6237234216901771,0.4838109462913403,0.5723854587583341,0.4044307485005015,0.37354268596987317,0.7051008270144391,0.5209766313952695,0.6848877980301357,0.5430834840889524,0.582484580453531,0.7752339481543579,0.5303148880329874,0.6558243851633947,0.3074157624757237,0.4715820318683887,0.4065037775278609,0.5012707319297661,0.540960688398096,0.4129226461004692,0.47107942926640994,0.43791090837113933,0.480546663227429,0.5404655665523408,0.3122954102015352,0.4022196084200711,0.5294275339569693,0.7969276614403367,0.528148220672777,0.6577836460980578,0.36235565584074353,0.5120769748693822,0.7458886343990315,0.7493041289399035,0.4064426955654671,0.56621967517148,0.47884018824068664,0.6528744055466148,0.48666936003595035,0.6572010480547892,0.6967335479308399,0.5041603827618582,0.6757957603204799,0.34397685857469956,0.46445333496992974,0.4900406958451762,0.5774509910058182,0.5807214116332544,0.4942565588253536,0.507899118475346,0.34549776275816224,0.6309078900591368,0.4384867612460359,0.5488012013045928,0.3122670117768879,0.4864097420706615,0.45318443029821176,0.5112566915422695,0.6526262786068325,0.39342071010082863,0.6554268097524555,0.45623714112515684,0.6975228151477381,0.5687173548521071,0.45922597517315206,0.6534691433229707,0.6051639525588843,0.5964030315769466,0.6175477259872527,0.4516638320236828,0.5451264740550019,0.5379271178063431,0.7250777297919674,0.44466968903636434,0.5846343397641407,0.42044672669452315,0.5460563487881431,0.6669036765485717,0.6396583288707571,0.6691040627525503,0.2954661434629008,0.7839173850563808,0.5761910237416616,0.3154121697358511,0.7165585105700265,0.6353892637646328,0.25157641313844514,0.4915247553903341,0.6342374140130578,0.6554895087558267,0.6532680157027165,0.5390139018498109,0.5408854059456562,0.6374469701479983,0.471047068556823,0.4594720667976489,0.5574578421694197,0.5723793034364764,0.5814863825195902,0.664835785199088,0.6321975973355215,0.6031873007412785,0.5879295624316994,0.6953780714592929,0.5100604838522722,0.385471540261236,0.42076039510383306,0.6139237371264478,0.5742824327552416,0.619622099679146,0.44607736610623977,0.4720978398318277,0.5909760198542517,0.5081883843151609,0.47267639643071957,0.554610427518517,0.574739221377804,0.6290377085858271,0.4072595965794012,0.6762839181283723,0.4173914984510412,0.23570460819216846,0.5816215425825055,0.6711137474517467,0.496696383426991,0.551409041441189,0.39779586671557426,0.5420957427162909,0.7490500884674577,0.8370839601123659,0.45602208659538546,0.6707387672908669,0.3299848893580204,0.5492697604369571,0.65630413612039
arc_pair_95573,0.44710586803379865,0.35186550006390993,0.6760466617077003,0.671948090672007,0.5494314149215563,0.510227687605212,0.7068024952443911,0.4523308082892343,0.4195977884887643,0.12886101651412957,0.7371131049952111,0.6061846075562052,0.5294505561929508,0.3412308153989066,0.7932217567981575,1.0,0.5264035985612205,0.3799579098630125,0.5961342498917208,0.6133928024212896,0.4856902933301186,0.5995686812184599,0.42583487164095407,0.3716595444952979,0.6855586525647455,0.48469240912137557,0.6234540224871571,0.5362826464866741,0.638859491119661,0.7626682325588908,0.5511511809523715,0.5523005457759991,0.26565034834954315,0.4907663726428946,0.4172289093975529,0.5077825107452318,0.48395487501281553,0.40180147284688944,0.47144960507441486,0.4604436886692051,0.5045729546916501,0.5717412107992627,0.2968383060031743,0.3850792254233264,0.492857725777357,0.7655340656004942,0.5143500731145293,0.6493386720429066,0.38056961035488734,0.5183068274875471,0.7086453095825545,0.7140338719559252,0.40070201962206264,0.59033262247817,0.4880779332907748,0.6682992769350239,0.4346433378165202,0.6549953569755674,0.6697739176760356,0.4959319750582123,0.7055016694087473,0.43862455031153097,0.4599776540026638,0.5316761527631579,0.6688867881510805,0.5542320945110473,0.5061624726693139,0.499720754056608,0.35283691429493536,0.6007630565597751,0.4501507332283598,0.5641284668387158,0.35037206265533316,0.506373043827387,0.4369470776765455,0.5420946798867368,0.6274748469355266,0.3880876170186064,0.5689830861502476,0.38350029394655843,0.663906401828336,0.5470730107591031,0.49183243860762715,0.6944554570771946,0.5899961114623592,0.5391958539577425,0.6444078194016134,0.4490964393897092,0.49368077858246495,0.5205652153505136,0.7054347285055336,0.46627297396827383,0.5360520993036164,0.32407459236014613,0.5172160945091252,0.6754434920540529,0.6032400191752368,0.6510231859601524,0.32326419279386603,0.7617253589105143,0.5751295762841053,0.37040457465407844,0.6813375463011996,0.622487596311373,0.26109901666792024,0.464483545623063,0.6399790553625236,0.6116206569631951,0.6137290553963147,0.5445006093559878,0.5440511982155783,0.7006812601418811,0.45733337267779856,0.46218622166004086,0.5599912887995709,0.5929396990934255,0.6230347235392851,0.6585945151247605,0.6819102805993733,0.5910924548091024,0.6124241616384679,0.6881742056254114,0.44334068736474785,0.37595118391444304,0.42992010528379393,0.5440623820597271,0.5692193138416856,0.5688318976627069,0.4328761934645627,0.4655907614366493,0.6180545379404782,0.46241562886942456,0.4577095071524969,0.6355570100602819,0.5993162718061601,0.7128242534796639,0.4171153602315756,0.6190193629713143,0.40267105791887736,0.23409568511984533,0.5481046927862858,0.6152786016067764,0.5465231469216539,0.5440379761862909,0.39048220697519254,0.5331811510058115,0.685625975596193,0.7592205034712894,0.4606389257148256,0.7610053133262866,0.3249331713562885,0.6025706714490482,0.5984294857549447
arc_pair_113299,0.4700425879996681,0.5286018984834576,0.5049749826387189,0.5819700411980191,0.6000332490939243,0.501745041548762,0.4479739031321086,0.4457533254322392,0.5657798236378524,0.20710244657337545,0.5328926621963777,0.5190513018872844,0.43194978131012296,0.31763600907368233,0.5205142227443065,0.5264035985612205,1.0,0.4213242142158379,0.5325303910844076,0.5765901059333276,0.4809299211209079,0.6066498217376685,0.3646848489663697,0.5027884186247383,0.6008157414240701,0.5802540385276393,0.6084130799273091,0.5749028351481769,0.5254457957895455,0.48398741187582695,0.5747076502229228,0.42773615769134665,0.3716243406976425,0.48257379302794445,0.4413682835185099,0.5905054780112737,0.6279025035470474,0.4573193596995284,0.5670168452330764,0.4300134549979608,0.4869478642187696,0.4491094440255228,0.4179774038067473,0.43426638550810487,0.5829770959051896,0.5218924853140057,0.5907793711265891,0.6705633078507269,0.48860213296181354,0.47212875925808095,0.48868513534018515,0.45763607352436725,0.5310627287247489,0.5219169589161189,0.5483840459223973,0.46562756158279683,0.4719328018087609,0.6714177900307632,0.5690850726867316,0.4751458872910958,0.5506088269500752,0.4229364816586101,0.604343816763155,0.5091215530952293,0.5608951650926511,0.5587023649658404,0.6101891219065945,0.6176243066418118,0.4389910044165813,0.5536975855001827,0.46222623768893906,0.5649806366746473,0.31190948670365654,0.578334158344749,0.4480101993728368,0.5984152485670527,0.6410676618332132,0.3349014574042879,0.5531987097609342,0.46240098508942573,0.615716837405951,0.6029935456695109,0.5146312318702572,0.5759760155106604,0.5674841011419287,0.5300143394702899,0.5362000362587118,0.46356501920327986,0.5257786496383079,0.6074350734824786,0.5385077182216143,0.4943619945089918,0.5453727820179314,0.3889886047598611,0.6584629482504276,0.5999530996831592,0.5801130289715176,0.5516379015592788,0.37992987639847187,0.5153959750956265,0.5240753145790913,0.39186775571611626,0.5768140638739988,0.5997667260091728,0.36178517089716483,0.4535919984011452,0.579689741323606,0.5703499623943883,0.42312685830400315,0.5862548994919896,0.5660693997939785,0.5473519345714098,0.5681039056237469,0.4878657481502763,0.5169991906970235,0.45585544465378147,0.6802943740419595,0.45256047948520506,0.5086595696121344,0.4718946984956308,0.5904283610945652,0.5758926553633853,0.4921248255460137,0.5061779561015481,0.4630815110415799,0.566274154941559,0.531216217997289,0.5898810071332765,0.4561030323064652,0.45616462291647547,0.592650243152612,0.5000911523535543,0.5210965331011232,0.4890616441395541,0.6787456466767725,0.6054797770518218,0.4685070973022326,0.5694347132883346,0.43100086669626364,0.3716176318910495,0.5280146268494342,0.5802103657594421,0.5609217435027182,0.46956259557141194,0.4808614961415098,0.6305831830006187,0.4603516754526404,0.5183663626262448,0.527764659389691,0.5289302778415146,0.4183524692499098,0.6873800637731025,0.4669147676531195
arc_pair_147702,0.4120219446302602,0.3583777564095979,0.47048034039575565,0.4649518994153578,0.4940395638677399,0.4141087063523744,0.36758092523355707,0.5484980420132488,0.38169642554819,0.16649553702882888,0.45108053985586627,0.46760881350273614,0.3938761567027009,0.28092456609543776,0.402329600301233,0.3799579098630125,0.4213242142158379,1.0,0.45363150346467496,0.448614106321132,0.38166778438317134,0.5292262055337443,0.31903107735032893,0.3685029766760724,0.49150158916096226,0.5157975971916697,0.4375205435954437,0.43999388030012904,0.406820921730837,0.47116448105369096,0.5146358831187116,0.3644688121891415,0.286646657773099,0.4277188595554854,0.3827496232557884,0.46143786421276967,0.5502222064249577,0.4446958085179824,0.46020549064883104,0.44237037834874704,0.43456235823908124,0.4156574287463912,0.3206652002445028,0.36909093064320414,0.501956662673941,0.4515713101730949,0.47963513984569217,0.5348665855590355,0.3971380110812517,0.40074252758533974,0.48636574887237416,0.4440795371846972,0.41016861939576144,0.47876879068187045,0.4948416424673913,0.41168137316123943,0.5440102727544286,0.5395829219570122,0.4839161869253125,0.3599488495803819,0.5011893504282064,0.34317194172411813,0.4629126892870398,0.4480722328569444,0.4401231492264829,0.46643041240135835,0.4961851424986726,0.47362755934639594,0.3693395023977533,0.4781990092314406,0.437466193915816,0.4947820246721182,0.29963860576529666,0.5157580025303514,0.4030545424375366,0.4803977977576844,0.529051421335453,0.3190825866740587,0.5180455770729614,0.3950043971006354,0.4989023191324479,0.5227941391391504,0.5786042490658403,0.4967317804731759,0.4637184096735489,0.5007438155432697,0.5056881812974372,0.3627154841997033,0.43408543367092334,0.4548448535915686,0.4328651067787667,0.43639515865829726,0.48379180721943604,0.3333665901437484,0.4500574534881294,0.47483350782135,0.5420600658201412,0.510470680061529,0.32867314124770414,0.399140820843643,0.43302729936434764,0.31314368613368465,0.5356927640889468,0.5266347975206352,0.29103719963177893,0.38657420807723225,0.4737273420195262,0.4829804256464169,0.38227092541993574,0.4501938482587803,0.4957843875587452,0.449696349681821,0.4031698890338068,0.37798221674631466,0.44374928262595975,0.4275029798775655,0.5161569300570314,0.43546497009833296,0.40217602793154406,0.4581807622705001,0.48800830767087905,0.5260758980704014,0.4987876935246244,0.38377859869742026,0.3985765105535367,0.5307257466635226,0.5154535063160395,0.4830108621854122,0.519820398387565,0.41304482840164697,0.4921587370231195,0.427392928598422,0.44099247287467147,0.42983130226245947,0.5134438351258978,0.513013771630145,0.4461531708042831,0.5206295581510834,0.37048605845102844,0.2537070162318599,0.46673491769495473,0.5235518756967743,0.39422977936892,0.40773827999842255,0.39262251675276677,0.4793158527693065,0.4373528616775665,0.4609356647275074,0.428295687611221,0.46890234439166384,0.3294460175776644,0.4640648922018158,0.4134720792575321
arc_pair_179313,0.6753964893796852,0.4238689112070112,0.6762346249443993,0.6261835780165768,0.6384048240246314,0.5442614018871876,0.6188182159117775,0.584822965810274,0.574199048329731,0.1770098390208303,0.6027354068673019,0.7806000164462983,0.6083277178656373,0.3935949922343917,0.5793458690159047,0.5961342498917208,0.5325303910844076,0.45363150346467496,1.0,0.5335124890379451,0.5948336953898415,0.7132646611483692,0.4156199925296557,0.47446722547947195,0.7630122644129363,0.5858069571677471,0.6482698822179379,0.4837297708855364,0.6298532756259547,0.6449282084427773,0.6267666818973018,0.5159471117840486,0.3702347918832606,0.5921131715358303,0.5179220173095378,0.5678439627843522,0.5833329281222164,0.575298341315342,0.5432244297025439,0.5634338805343073,0.5498500267366448,0.532108856013143,0.4054848151868309,0.48621232462241015,0.5796823836955076,0.6885768208522735,0.5903492456278464,0.7429085760080714,0.5939928652039658,0.5663282406020651,0.6438740170258989,0.6673887168517648,0.4608081190830892,0.6650627051234365,0.6259150659419558,0.5977107349028894,0.545980932113799,0.692345016644141,0.6541071226813856,0.5425285799688777,0.6964808065372696,0.39128853303710326,0.5746305509707555,0.6272455526934132,0.6962622221223657,0.7075763979362482,0.6120402619420712,0.551013158309029,0.4249699474211039,0.7283384034264738,0.5747590897771266,0.7441866318777569,0.4079476230503959,0.6535740182774794,0.5181770551944513,0.6619197356062034,0.7115650649635791,0.4508185394493012,0.6121364053053796,0.48211874508788943,0.7377130987859952,0.6437343916309272,0.5762980173616319,0.6632569258883027,0.7091121173421427,0.662564853963348,0.7503406268018987,0.5698839054153153,0.5499232448001737,0.6172338362379625,0.547478350763957,0.5555845149316565,0.614263095531745,0.48411593636128136,0.527361732472615,0.6594835246274685,0.6465915368705176,0.7299843645798357,0.3824882818447155,0.6097472796194788,0.5421424664942192,0.40734848644013905,0.7016139762710191,0.7315698547871553,0.35022844485368865,0.5614845674843679,0.696131185287067,0.6375020866761766,0.6111033954692461,0.6859617378242053,0.6989506520547774,0.618361107667945,0.560754523782823,0.512731160286866,0.6062555189775831,0.6292226324607347,0.691364585223798,0.6220885090010192,0.5882887228576691,0.6394354703311348,0.7000845690030034,0.7105367922146776,0.5026356699466665,0.49119591001479646,0.49517744289854415,0.7231212216304664,0.6503232141099686,0.6008110375730311,0.5350712384529891,0.5152128693271294,0.687429522795929,0.5482988644196423,0.5099027360407666,0.525931364921747,0.6392536920582276,0.6644579468842411,0.5202248105790033,0.6815894497701481,0.4599029358610084,0.3356376377624333,0.5934829736080948,0.6346633759582586,0.564936813577049,0.5544325816414265,0.467816587828209,0.5427770123242919,0.5869335122111591,0.6565084152994205,0.5634266923033797,0.712915955894563,0.3991991379259794,0.6690756152566603,0.5006342358801082
arc_pair_542791,0.5150821161718258,0.5231163175510992,0.5884691852978956,0.6135316528088892,0.5700117959546878,0.44326745695153114,0.550132641193259,0.4745952732601622,0.5189095948449468,0.31108871101363395,0.6730347192906857,0.518560841305962,0.4683808264647823,0.3902871651126087,0.6237234216901771,0.6133928024212896,0.5765901059333276,0.448614106321132,0.5335124890379451,1.0,0.46538449473343313,0.6463778485412854,0.4064635314136426,0.5683526061401196,0.6354066823795016,0.5721945332828582,0.6209088691827387,0.7266160335037769,0.5431051091056802,0.6473019118412678,0.6303060321510026,0.5683451909672614,0.45822489990772813,0.528559050015011,0.5058338910468283,0.6689334900178575,0.546097817872014,0.4771905086695469,0.5913649769021756,0.4116877710649446,0.4810790450190291,0.5245144905402958,0.3973861608577264,0.447374328279615,0.532954856262795,0.646828861984476,0.5938922763289939,0.6025415561369158,0.5129655533289884,0.5519245121885001,0.5511302717707797,0.5829808002501332,0.6268008691088359,0.5109966812217782,0.6429661941015542,0.5849582375765722,0.4714980820432432,0.6233004858610337,0.6011226617150202,0.4410283979839404,0.5514809757572453,0.42364816879059913,0.6214375524238116,0.46179190936867703,0.5525250971029142,0.5758115194723059,0.6454743054439462,0.6638950600769983,0.5077870409878995,0.566150854301789,0.4331035951776958,0.5168519129216859,0.3897958061163295,0.5783470201223584,0.4484202342550938,0.5250966552093034,0.6434834830426793,0.33928464961088467,0.5894907684996316,0.48704326664708697,0.6053786456385276,0.6386481883644832,0.573385990941481,0.545342047722393,0.5108029767212159,0.5842665755008308,0.5230383342413977,0.44831150781738505,0.5325343344501613,0.6068901097236538,0.6978844853110037,0.48382948043313756,0.5753728102535907,0.40582252608105585,0.5350740538287776,0.6033042603831609,0.5610897472977494,0.5613790152960125,0.4134422461297814,0.5790244520997012,0.5458336192663665,0.38272675946895307,0.5994174352309193,0.5932840580333733,0.3988177398560958,0.4961819884018671,0.5238252628656244,0.6305430675967758,0.5200536876270656,0.5470765057203423,0.5139893038142609,0.6396339407305955,0.5680308626096978,0.423620997221767,0.5049532604441365,0.46398397957456916,0.6533951414485729,0.5741720036384219,0.4995562097293335,0.557708088265512,0.4840156201883513,0.5899365847949549,0.5367072921862264,0.5188574322607632,0.53392986733131,0.5376897652565917,0.5881600777162923,0.5751012116621563,0.5564366864783145,0.5245964298098509,0.5377098624158277,0.5321526848562681,0.6165954952858639,0.6040594001905758,0.7153946292382785,0.6104182667596708,0.4950031332861459,0.6771762415051326,0.42328345679784096,0.40925620433890875,0.5513942891153295,0.6222402076046055,0.5668039938274139,0.4955730079347876,0.5704179189648614,0.5068483007874959,0.6262434648860064,0.6306133688211674,0.6035779487379916,0.5698859213098945,0.4981144033931701,0.5821287904203681,0.5814576042440398
arc_pair_37056,0.4733976988795606,0.37395882429028593,0.5092995951245421,0.4961067570091399,0.5497055014718945,0.5062176810187763,0.4564199598234234,0.456704653053763,0.4531910022028819,0.17646836586263315,0.49376966424347174,0.5341890978015104,0.5205117004508185,0.3520295295394466,0.4838109462913403,0.4856902933301186,0.4809299211209079,0.38166778438317134,0.5948336953898415,0.46538449473343313,1.0,0.5784938051024731,0.4690480596232476,0.4310192836510735,0.6267503978840525,0.5445734857399024,0.5796492664518218,0.43970201364378164,0.5282248428912698,0.4604943231717158,0.5414535051087377,0.35519973242069264,0.32842081882473706,0.5075177714953314,0.4199505804817575,0.4992769388636568,0.5025172331318901,0.4322665814888676,0.49617241302605486,0.45457056323696543,0.49033807972135235,0.48389029961819213,0.37161167823956476,0.4146955914339013,0.5601562752965401,0.547660698214464,0.5596340748959544,0.6364975076843395,0.4487339266573739,0.47695359983374697,0.5109149269411041,0.49792025795737055,0.41102907275974315,0.7121197148501777,0.48454300002521683,0.46518020459028864,0.49682382658793617,0.6023761344851394,0.5477233639702819,0.4967426747406275,0.5454128986061365,0.4807995401531991,0.5088148983415708,0.5190676163524798,0.6091126167527626,0.5587651928052884,0.5572123823133035,0.5279818702259854,0.4011093246230152,0.530163169847018,0.5059324934574863,0.5287016935528436,0.2879292598294576,0.4942428386448681,0.5011075766683748,0.5662638653684892,0.600310649816701,0.389121547325346,0.5388223802743486,0.4635290150193161,0.6357744486305112,0.5306103473385333,0.4698005879099292,0.599592235357714,0.5695971868920104,0.5187857491969462,0.612104531188973,0.6346841730846708,0.4812148880616079,0.5510856161994578,0.4781467969613813,0.46127158869117374,0.4869735194248913,0.3789146964437139,0.4864576263713721,0.6127298745665308,0.5919953133797007,0.6022376373704706,0.3289938041008258,0.4611909602589574,0.5043924377585111,0.4494452099277057,0.5777252551803019,0.6142281208147308,0.3318728095409321,0.4806788852823216,0.5834444318975297,0.5603506245408478,0.4205161273352683,0.5529773935541845,0.6136720091238301,0.44142784869377155,0.5486355322493721,0.4473447344630265,0.557839385892441,0.4288567883504305,0.5818657209857647,0.5580343156404185,0.5283109673961475,0.5027213853387423,0.6339866584337676,0.589483634633772,0.4639205208244112,0.4045113224715014,0.44206982370952475,0.5590846342611676,0.4840067467980499,0.5687275262290502,0.4689058218228068,0.4104978499686497,0.6454506491373666,0.6185163430526244,0.43659103887148953,0.4059701961488908,0.5984139345983328,0.6080350734706754,0.4507295806665733,0.5442009794803062,0.4762914425864407,0.3689361520425461,0.510070376262805,0.531006040055064,0.5070585073638193,0.5696433358789927,0.3766296601978527,0.4403347739392745,0.43023418100060873,0.518737149841547,0.4595991808840617,0.5720700625993353,0.32799978646048333,0.5380983145875187,0.4343808500712183
arc_pair_444032,0.6639198015859251,0.5457809302389994,0.6409453067043427,0.6382623402920556,0.7217471928275776,0.5850380733932782,0.6203737245530743,0.5538851146318675,0.6412542790253354,0.25704087517018004,0.6506462237097904,0.6711111176588742,0.5684679611897621,0.46123711871756917,0.5723854587583341,0.5995686812184599,0.6066498217376685,0.5292262055337443,0.7132646611483692,0.6463778485412854,0.5784938051024731,1.0,0.47700437066034,0.5860927871246893,0.7419544565085414,0.7002325668724079,0.7035470099735409,0.6146997690158197,0.6766058006533469,0.6361177441545779,0.7649478236012658,0.5197164447392362,0.48159147750171083,0.6059024380595842,0.5988933197787661,0.720066959899418,0.6783593999518179,0.6215339300560727,0.6436068653832453,0.5785545120975426,0.578665350592995,0.6014408729729919,0.4825255264456319,0.5627759208266737,0.6848805255553025,0.6983781762593456,0.6819036104275827,0.7501017421775876,0.6458036643105256,0.6040063529145575,0.620945760330953,0.6072858280643221,0.6028986705679061,0.6412787397274967,0.7175968637156106,0.5774433698809187,0.6212089453948609,0.7694071752939382,0.6547945513051189,0.5681163227535719,0.6699381873208792,0.4702217246891895,0.6792814801590866,0.6019493170757835,0.6886695248253224,0.6942938711897405,0.7271937131487809,0.6886093478198498,0.5477032670403377,0.7039141146106943,0.6293828914028993,0.6665166113288944,0.46302626044798595,0.7021427134004288,0.5418642735381223,0.6948837942035762,0.7813957672561213,0.4398226470066022,0.651276702413965,0.5223847106995757,0.7801003032003389,0.7383315837163335,0.6698099335446422,0.6928199173312967,0.6764090606007922,0.7306208134916506,0.702974076129469,0.5607667376822576,0.5749201923464733,0.6807780668004864,0.6177261215984429,0.6337077652082619,0.6831959963197101,0.4859658124550666,0.6455746191846482,0.6969475211687344,0.6901398736988074,0.7152449822104044,0.47724205272659453,0.627143726910363,0.6229307985839166,0.48647878906853853,0.6736431034392834,0.7958567791107501,0.42668862887390074,0.5654048411964727,0.7078988974514029,0.720297509051902,0.5244217726030845,0.7196087991584024,0.7005820333051622,0.6559122305247211,0.6184312977211968,0.5448113908855351,0.6271411418375461,0.5524019447375272,0.7833638710880885,0.6183863843678048,0.5687230276406154,0.6494509702867618,0.6817954594896404,0.6910633817254291,0.558554388141252,0.554153500214848,0.6206942673109858,0.7263530065516112,0.6716109444408834,0.7134947522032636,0.5884916289650505,0.5714807289369767,0.6989638718340088,0.6334998510706145,0.640250642586679,0.5337910025319338,0.751640158569152,0.7371764981658165,0.6328865883896825,0.763200687423943,0.5524491929162986,0.4214611722523112,0.6260468201904545,0.7093210202698702,0.5953394498277539,0.6128340321471437,0.5379379577692494,0.6173315171002166,0.5740102686742672,0.626832644158194,0.6493762516977726,0.6535464807728248,0.4720217759542629,0.7457362537115371,0.5225734568176289
arc_pair_58367,0.3418744913504191,0.3134290949546412,0.38677758275417795,0.42683739779533536,0.38109476475475784,0.3989648295704991,0.35680460449640267,0.3941331080834787,0.3374804066411253,0.15917661880104989,0.3955175108297302,0.4048601367758147,0.3961644130354451,0.29792633978164557,0.4044307485005015,0.42583487164095407,0.3646848489663697,0.31903107735032893,0.4156199925296557,0.4064635314136426,0.4690480596232476,0.47700437066034,1.0,0.3807770636386171,0.5128917232703787,0.41883255152885307,0.3975604879229327,0.3751878992830603,0.41274007881123476,0.40909762262765864,0.4230705180770294,0.2974538354751876,0.2935716539460069,0.4089635809414605,0.37769310703320585,0.4051446937440544,0.40106766440274855,0.36092377768662487,0.44242776193897926,0.3379941227699432,0.4174393034869924,0.4225607692869954,0.3280687867106554,0.3735353072171634,0.38781446464091834,0.4317407391001257,0.4170981155892028,0.48041270269445474,0.3817283918149331,0.3999433255298281,0.39087742217332,0.3890092195092854,0.3580487930778159,0.4688867730395021,0.4098331110999158,0.4377378704376071,0.3657946851916492,0.450609756367609,0.43712600858672984,0.36588744786185906,0.4450321565547906,0.36523258014516297,0.4159300482464442,0.40945946398679833,0.5078567147063259,0.45251113510295854,0.4666885850048242,0.41955524583542225,0.37546191977429677,0.41771438654319426,0.39067827805833655,0.4000983182909263,0.2729871427949024,0.43311239865700707,0.3565182452423411,0.4171390007832853,0.4472611820340894,0.27923945787281323,0.38432512205938174,0.3701696593871518,0.48293406285048546,0.4534186968692375,0.42024748932032274,0.4376553472317566,0.4130033032498254,0.4150413268440032,0.44154714224388114,0.37870031055679315,0.3646039587603205,0.4288285469130786,0.38333480822764,0.35900437227125426,0.3877449766151275,0.2665131554124741,0.3845855711646693,0.43762850201097137,0.4366894910279134,0.43804010184743236,0.30020576347465044,0.3656202292186628,0.3701472427523972,0.33047961714406787,0.41620080445598007,0.5056302858016584,0.2819017225207068,0.39972579855633905,0.4296437770015183,0.444872516111941,0.3528422766042913,0.44746721773764236,0.43239473572831394,0.38664584022610554,0.4175135156096181,0.34214331599917724,0.42951435247553893,0.3544137371655117,0.4769011364611972,0.3959788887540316,0.3896565183038231,0.42193220642310225,0.46526725226167864,0.446818340462998,0.33735679136088714,0.36824240381925505,0.35572321959315506,0.39921002852714516,0.3675401599580519,0.4131126932090895,0.34954953856722426,0.37966988939897883,0.48139689550198145,0.44570767265443945,0.4074511296495399,0.4131450958283942,0.48392824022759395,0.5262929899938358,0.37383088662510544,0.46227436722857035,0.36645279522428525,0.2363936107113413,0.410581926606134,0.41124662083738295,0.47265681745470456,0.47298302746956983,0.3450167963249633,0.366927651121436,0.38504228971588894,0.4061639673221754,0.38898468247027224,0.42273913849785466,0.2723778213068814,0.41076173519687476,0.3504030467641301
arc_pair_336218,0.44367005035711604,0.5388546040421013,0.4055338888219011,0.4355781077155006,0.5108545387169102,0.3566282474108955,0.3888334526457962,0.3668911561165772,0.5241023371389456,0.3917883460249214,0.4247056819935597,0.41187228044872626,0.38042708149736115,0.41632196586074127,0.37354268596987317,0.3716595444952979,0.5027884186247383,0.3685029766760724,0.47446722547947195,0.5683526061401196,0.4310192836510735,0.5860927871246893,0.3807770636386171,1.0,0.4869922233273505,0.5091334530456152,0.47624029071239776,0.4963258446014602,0.4054191190698763,0.40861849536844846,0.5403886000065159,0.33172880101115954,0.5348578857619171,0.4758886913245844,0.5421797717761918,0.6439053809802725,0.4701676199938958,0.48654105942974757,0.5472370854288648,0.3623463016776374,0.39156172919360555,0.37616679268411624,0.39308142834564197,0.4430141449364312,0.5007979835223246,0.430981224748371,0.554254889996102,0.4947181464461986,0.5965474728216023,0.44983876515017746,0.4283386025727085,0.39522156275598297,0.6161096566722372,0.4397399675610172,0.6293799251589463,0.45738473059226814,0.40737160359502245,0.49709991873550147,0.43404237725259565,0.40320330978225105,0.39464269096648213,0.36326801580604434,0.6821845088756261,0.3865047814596742,0.43919125880914,0.5142004943908951,0.6690715433490465,0.6828084558280012,0.5492724567882084,0.4443243290323706,0.42031153547986816,0.43241033286440944,0.3623803550859096,0.57245285746571,0.3787537445956035,0.5311580267109836,0.5401368079481124,0.29203991419957925,0.4341965687443244,0.44261649203348885,0.49224571234316555,0.5981801770505965,0.5036324087490078,0.40586410712109505,0.4062144159289608,0.49902504133308623,0.42687312425140994,0.40527229926273783,0.47078654893495925,0.5845997427677047,0.41392916504066746,0.45165128338744914,0.5502309797749378,0.4149601393610836,0.49053045769686837,0.44593372051988034,0.4445964033845524,0.4286684270344847,0.4606695251878298,0.38559411642466146,0.4120178957416314,0.38941726832352497,0.4395127820664659,0.5241651872607028,0.4826466646610108,0.47072421406321163,0.43013497919787597,0.49545129095476453,0.3426573806878781,0.5264197896757923,0.48973067875122195,0.44834630552611465,0.5742219681621891,0.32503643383567193,0.4226294366874498,0.3669305280669521,0.6002691855300974,0.3717986192789043,0.3462732530550175,0.41192566014980114,0.4123492405396177,0.42964016682128225,0.47179685194337356,0.4828165182722127,0.49106223878914335,0.4361584325013115,0.45668725435556445,0.4961592428916012,0.502164357508901,0.43175261878400023,0.44304032356186057,0.4659712446347746,0.6344201682079836,0.3841958500812845,0.6828618014018303,0.5020335265673274,0.5811418020132255,0.5726980078399229,0.41189859849080745,0.5649116939730036,0.43106675246685,0.5345837479979761,0.5808601618582886,0.4210758371366869,0.5485018164167659,0.4033831311243439,0.39332145428178084,0.4273889816534591,0.6225747198954863,0.4018318697674613,0.4831180561433807,0.5059109271233261,0.3751265829417097
arc_pair_438299,0.6768051868132997,0.4623959791012498,0.6687132904981021,0.6762746587153128,0.6664273416613176,0.5997086964663532,0.70564997285619,0.5966566540761871,0.5652654209249218,0.18964022776831532,0.7253888920537084,0.7822227695393394,0.5828675416469805,0.4264435975420406,0.7051008270144391,0.6855586525647455,0.6008157414240701,0.49150158916096226,0.7630122644129363,0.6354066823795016,0.6267503978840525,0.7419544565085414,0.5128917232703787,0.4869922233273505,1.0,0.6441544315473816,0.7688964789220104,0.6143106856201803,0.6905395519956659,0.708643963548188,0.6447100389887986,0.5919885468712041,0.4156831061713276,0.5760386913217442,0.48026693417555333,0.6389172275331199,0.7258965648850807,0.5728862177308176,0.5685153984143231,0.6053743084560987,0.6067163771409195,0.6749582743523354,0.43629266086329715,0.5579157764120891,0.663427919385751,0.7666451208660666,0.6738302984021313,0.7947233947239237,0.5296402796986159,0.6975773602697627,0.7083205191928945,0.7212195477330868,0.5098725969633312,0.6877521381066584,0.6478984110918161,0.6839722570053658,0.5995765784051968,0.7710576759018236,0.8003358616154794,0.5685095229803314,0.7756166454929218,0.44903409723619053,0.5879125464520077,0.6357921954224901,0.7437878026911704,0.7025959114850228,0.6254522398584352,0.6117007995994524,0.44578667794193233,0.797204839229044,0.5878283524697615,0.7336216688703093,0.4082624555969731,0.6289633223466512,0.5688426392381303,0.6485384838941477,0.7318151273840299,0.43912877361519853,0.6834776201478059,0.5057042534420169,0.8086856229951472,0.7192532158299676,0.5884261529432232,0.7673532354825788,0.7185517398380841,0.7325645969219561,0.778296499182817,0.5694563591940706,0.6047498086987361,0.6454693875888285,0.7062316040128062,0.5863172866654263,0.653569245344996,0.43831380711731366,0.595450319442981,0.7239245239994423,0.7634376501093393,0.7516661561652433,0.3872581343981239,0.6843651174756392,0.6419786596936197,0.4260606422892117,0.71315136940637,0.7636501390721822,0.36378600062768734,0.6032813073979849,0.8056221762205901,0.7549611817797486,0.7108575267469668,0.6811048377198072,0.70456921720805,0.644657325877141,0.5920166914594428,0.5615073126879829,0.7564082415285898,0.6166040598422331,0.7403350250658155,0.7139759496630952,0.6490477816191468,0.6572194411879609,0.7012360060244074,0.803587948107011,0.6085651092003032,0.5189580705030788,0.540007565125897,0.7625722923477617,0.687433783888741,0.688383792041601,0.5178994611111157,0.5629079880200986,0.7498118746400969,0.5830518904025691,0.5532737511816779,0.5781401324532119,0.7134288985949293,0.7297549141489117,0.5233774654078781,0.7686488015032013,0.5139888437572009,0.35016432944533893,0.6439175837267713,0.6807758809076327,0.5913765928024952,0.6771818721352192,0.4714342309271553,0.6009754671395658,0.717022540419143,0.6930544263130668,0.55913263610698,0.7285223614909926,0.42802224160296193,0.6815604308989441,0.6386390983967585
arc_pair_713574,0.5460582842828645,0.5210044411355023,0.5478070592830396,0.57550258879905,0.5907390702041035,0.5159097476603869,0.5443332320053494,0.4835489650176358,0.5550755497389621,0.21676677181448736,0.5572193141965991,0.5915292674450264,0.5130668472243036,0.3661849112877715,0.5209766313952695,0.48469240912137557,0.5802540385276393,0.5157975971916697,0.5858069571677471,0.5721945332828582,0.5445734857399024,0.7002325668724079,0.41883255152885307,0.5091334530456152,0.6441544315473816,1.0,0.6168702586488113,0.5606530431852731,0.5457364991892526,0.5285940957317767,0.6153947379622104,0.41380036969329526,0.43144344499488974,0.5494602437081654,0.5153340183307163,0.5769157132111542,0.606987844319135,0.5315804184028545,0.5551535004195873,0.49362536964245785,0.4743251348653992,0.4939407307734417,0.5409125675702344,0.47062348310466157,0.5844937659452016,0.5677022180740834,0.6652448014832736,0.6676684939304586,0.5294443247814401,0.5392915764413536,0.5325252304261797,0.5118908709045173,0.5592990891261476,0.5757565422884834,0.5904749610042902,0.5472379830884299,0.5456961056840353,0.6796399874367273,0.569665673613512,0.4816802308590689,0.6043502917507064,0.3695540864448538,0.619987150390677,0.6309368087441717,0.5806429228617797,0.6267664791566654,0.6418409119220168,0.5992631382435862,0.4889481565005871,0.5925876635409442,0.5464383454741536,0.6116483118306341,0.36474244038319037,0.6154666384808701,0.4480005369265474,0.601803997800922,0.6654161177074474,0.3876133896649143,0.5985235322191259,0.46646210112859826,0.6707951216754175,0.688405123272491,0.5750645113891162,0.5957145730818251,0.5936420282668904,0.6181904722416459,0.5893781858845097,0.50012656021535,0.550757729291914,0.624145931084664,0.5644212956236238,0.5425995469212662,0.6106180091763664,0.39676339901693947,0.5898141555151042,0.621201121939248,0.6153280665354716,0.6223888287895587,0.4338840163772729,0.5216677746815556,0.619737980453294,0.37124782299015396,0.6108969486924397,0.6724511758331254,0.44712290825765433,0.48136276502618125,0.6180218288765076,0.6707668836432065,0.44179501867467097,0.6014979189297283,0.6403824081538868,0.5779575067780839,0.5658423950718555,0.47604376982779606,0.519981527200716,0.49689575712656525,0.6772479577368198,0.5014137739025909,0.5047108749494942,0.5404499830639593,0.6003242456220561,0.59375764340231,0.507554019612958,0.5793855018092198,0.5042524588873403,0.597296664043654,0.6015851076131533,0.6135985502399577,0.5284544427776532,0.5030326566746394,0.6096657044797269,0.5260830710621445,0.5626640735809438,0.5189153593836965,0.6879589091877394,0.6454503660553773,0.560619977154863,0.651499436263807,0.43703742098168696,0.3906636355764405,0.577234617503211,0.6896145944248028,0.5541920750753188,0.522133878444971,0.528540163607184,0.56304849224172,0.495440276336588,0.5420686984329229,0.5727152836004179,0.5345492279820757,0.44044021092206337,0.6460202803776728,0.46012192901523624
arc_pair_144158,0.6215837242578558,0.49514382861396455,0.6255531767405095,0.6477671493683249,0.6637555974787379,0.5927263626145464,0.6448727127780388,0.5185618504985562,0.5454310409553182,0.19009495592040684,0.7035190937966331,0.7204871128668959,0.5622673875663928,0.3754839426801174,0.6848877980301357,0.6234540224871571,0.6084130799273091,0.4375205435954437,0.6482698822179379,0.6209088691827387,0.5796492664518218,0.7035470099735409,0.3975604879229327,0.47624029071239776,0.7688964789220104,0.6168702586488113,1.0,0.5989760090718574,0.6276184650092902,0.6277047546263028,0.6805696868487543,0.6274528567148255,0.4250003863115918,0.561620870209603,0.44641452569923123,0.6346866983512626,0.7073302078443001,0.5310499759962535,0.5705003834656647,0.4990640311565074,0.5828714948195106,0.5595200361792573,0.4001765649554547,0.47218173064955793,0.7208316700259054,0.7426247083002073,0.6653277560475204,0.7811917625603102,0.4878838230692986,0.6217903945798614,0.6581615061490924,0.672594500061795,0.5490559394514417,0.6529569471961828,0.6378432451814938,0.6212766927690851,0.5439009546357595,0.7204432021260341,0.7707213139970873,0.5113667951647268,0.6657834802980555,0.41699470775648345,0.5979893300506615,0.6045807795747843,0.6405376289332847,0.6262620991898465,0.6008116740957571,0.625029913939887,0.44647689922099276,0.7216185053623897,0.5252538918816403,0.6480189440602472,0.37797739019779864,0.614948045017936,0.5840884447561113,0.6685092913471234,0.7767290552807572,0.43949978385731614,0.7343754155278348,0.5203014504044938,0.7911659449425175,0.6931720381050088,0.5390870177966735,0.7394322792271171,0.6698340412779863,0.7022416035109735,0.7094381326185444,0.5565305435644089,0.5964596941183419,0.667005958566844,0.643906468611614,0.5547693027602635,0.6719084537244306,0.4919430788025669,0.6394993627397013,0.708041835567708,0.7549405763652075,0.699637141778307,0.3746365650793332,0.6991391244401844,0.6902609370374483,0.387067583105555,0.7204453747440206,0.7175106136748729,0.38781222421918,0.531852031403422,0.7371406345639092,0.7792844683815507,0.5626443953479293,0.6822498701978855,0.6444750907662229,0.5860103074948755,0.5886838008268708,0.5403143526039716,0.6625642001790534,0.5420751246987792,0.7307182379001963,0.6616724483383254,0.6094344920026012,0.6533696099261005,0.6880185502456055,0.7829020724525139,0.6015760884781747,0.48906827226832345,0.5066125187157113,0.7824275956177899,0.6336804453328865,0.7331063779446296,0.4978464155751084,0.5017231889633542,0.6744644179453351,0.6237955651736079,0.5647570701390925,0.5191921729037035,0.6963963120090825,0.7316491030180396,0.4998914248221169,0.7394476223020541,0.457133229877082,0.36663692578529783,0.6274522144340593,0.7060096532177116,0.574126585889084,0.6198375606477804,0.505653905147983,0.599987124498224,0.6631006351581715,0.7176811504251589,0.5540486807825137,0.6254511042266011,0.44655314229516196,0.6953257280598066,0.6318485351698578
arc_pair_115275,0.46468836912681644,0.47108371970782836,0.5123570784897544,0.5945572271827065,0.5516681454851803,0.4268975721941586,0.4979891514326521,0.40191849577784383,0.552762285250537,0.2302950651808281,0.6442470659927025,0.48114136114246203,0.3750671576449285,0.30181908997999674,0.5430834840889524,0.5362826464866741,0.5749028351481769,0.43999388030012904,0.4837297708855364,0.7266160335037769,0.43970201364378164,0.6146997690158197,0.3751878992830603,0.4963258446014602,0.6143106856201803,0.5606530431852731,0.5989760090718574,1.0,0.5157272504326589,0.5380322823997622,0.574121860677679,0.5343864185815176,0.4645278990140402,0.5089207393308646,0.39183661080701526,0.6608677166554005,0.5883468097710867,0.48932103796788196,0.5409384865657231,0.40552210517573356,0.4712463727508749,0.4923324198849979,0.3784141496241287,0.5105264589472789,0.5194065097433438,0.5910504761692129,0.5769609541139691,0.558649628529842,0.4445076216868123,0.49996450423894173,0.4851788231213845,0.5026389198098932,0.5396065753111673,0.45732890723606595,0.5523220221329318,0.5310334420918223,0.4705511244349049,0.6219785479191706,0.5773147248187643,0.4185462652529068,0.5421890692348794,0.44712649066579574,0.5400701386065111,0.43262610175827726,0.5041515861605509,0.5356884069269722,0.5606063667785882,0.607927571709132,0.3955200728109122,0.5338349894753596,0.41170821311427586,0.5257192379838601,0.28739877307133427,0.5110633013419805,0.4291295320196564,0.5034209765877957,0.605050857319107,0.3161086762180147,0.5692169767368331,0.43002740045545657,0.5907370897168377,0.6347164370424191,0.551700026898851,0.5243701522169907,0.5028605827200243,0.55513252932597,0.4938490957732134,0.40931044536608957,0.5188411405027173,0.5445199274026067,0.7013109624480123,0.46240101439572834,0.53409505931262,0.37672720899218787,0.511394201522559,0.597756942506103,0.5053430687616655,0.5246638262869514,0.3403978737018725,0.4810067197132492,0.5323428146577308,0.35034586303513776,0.5456840292941764,0.5778640466607295,0.3236433551093838,0.5083905205851196,0.49956068173180723,0.5694329585764853,0.5249623318686742,0.511480145848824,0.5011344281096785,0.5424785617577205,0.5076456624976851,0.43953716089651174,0.5113108413540661,0.42620404671178763,0.6357876774388472,0.556592149408699,0.4780559123243947,0.5055309701333359,0.48611708233089335,0.5380923617845206,0.5599195587055881,0.5174497268686679,0.5179432766430799,0.5227131444712243,0.5497170635425622,0.6400254196456809,0.4924654510817159,0.5147408102550448,0.5109558699152812,0.4877761588677789,0.5328043087164027,0.5642683741936083,0.7180801572883925,0.5319115723168747,0.4532897430389924,0.6672604140733795,0.39940113943813543,0.40790062722742093,0.5268723662477566,0.5869045613811921,0.4918237649832475,0.46597318236284385,0.5272141497553352,0.5097475368132343,0.5263480435781052,0.5411686578617496,0.4995356262357454,0.5147352029973394,0.4745101333621315,0.5651831018493443,0.6003200145873059
arc_pair_679387,0.5665407667375643,0.36960668004689384,0.5666230104286138,0.5691043884269602,0.6030844429704924,0.5180888158054605,0.6238963619341432,0.4661447485638791,0.5163346596302825,0.14707365913547962,0.6139448299062557,0.6307805071786926,0.492877569300774,0.3784070389797594,0.582484580453531,0.638859491119661,0.5254457957895455,0.406820921730837,0.6298532756259547,0.5431051091056802,0.5282248428912698,0.6766058006533469,0.41274007881123476,0.4054191190698763,0.6905395519956659,0.5457364991892526,0.6276184650092902,0.5157272504326589,1.0,0.6018412382847487,0.6071762295953284,0.5286335070065696,0.36062293245651555,0.534852892121574,0.44888642561951453,0.5126559082909748,0.5559097457534491,0.5008051063511212,0.49309456548550346,0.4499722562943766,0.5133797849496311,0.5715865004466759,0.40211040477509896,0.4675624658737753,0.5817196045994758,0.6204357597488949,0.5669325292957852,0.6511396828619499,0.4985475156060355,0.5461783839653805,0.6527187273440171,0.6090051643466353,0.4420392504358752,0.6180067964836117,0.5439086820445644,0.5826606027755431,0.48546098424939677,0.6578909852048218,0.6544469949845164,0.5496680574788393,0.6635232116568791,0.4105564130767862,0.5416534847064858,0.5558018621379026,0.6419911896243543,0.5858976894065215,0.5601366783397079,0.5439843733505734,0.38435608583792985,0.6841310792988475,0.46904551276354917,0.6162244356356729,0.3663181235037077,0.536015877038501,0.43540739777429793,0.5909448829155941,0.6203904147414643,0.37866423500028157,0.6104644104244519,0.4048799540730746,0.6510614019517986,0.5905869716824403,0.5143266699077784,0.6501462682662431,0.6128900081883804,0.6585031009927358,0.6272500703087032,0.5355198676530167,0.4910963256634017,0.5370750725574778,0.6058960696379411,0.49843947026193447,0.5950130901449584,0.402740717630325,0.5357952958079686,0.6773903591594223,0.5714289339927198,0.6375333928235903,0.3653754590458911,0.6390638465877727,0.5459333488711349,0.4326113068677191,0.6383674920989905,0.6531800961494938,0.3107006736406329,0.5149734127104536,0.6285121720147625,0.6478302586112274,0.5718906053896394,0.6005561442387433,0.5746867884515997,0.6119450196206994,0.5149928279253047,0.4807367189562775,0.5687128213697895,0.5767457854014371,0.6362904148340413,0.5932654978946933,0.667773653505013,0.5184988564837653,0.6219014883728178,0.6105399490165883,0.45426788314342714,0.4007162477809418,0.4833986567389738,0.6231641569018936,0.5967496437932771,0.6278132481211238,0.45574274256250236,0.46030388797942556,0.6575670899867783,0.5336499782504933,0.48382696601718156,0.5219581333336456,0.6231482319739012,0.6527042999544562,0.4831650635196987,0.6486755607131062,0.44523293992056456,0.30882502604753687,0.5466583155265083,0.6059801084306764,0.5637045498300285,0.5464464445456112,0.4349155217030367,0.551996283192788,0.5728046751301656,0.617196118973108,0.4947253815313385,0.6628410331500991,0.3639687413680169,0.6287894165532569,0.5120681209914966
arc_pair_505765,0.5611985068063322,0.39793544771644124,0.7939619939046237,0.7272078516388528,0.5540218444300874,0.5020599730881793,0.7401283450866515,0.5667723479011897,0.4471750531330701,0.16825382680896267,0.7885458592360753,0.6810225727282042,0.5176858396262286,0.38195314554061804,0.7752339481543579,0.7626682325588908,0.48398741187582695,0.47116448105369096,0.6449282084427773,0.6473019118412678,0.4604943231717158,0.6361177441545779,0.40909762262765864,0.40861849536844846,0.708643963548188,0.5285940957317767,0.6277047546263028,0.5380322823997622,0.6018412382847487,1.0,0.5779445930837822,0.6482921134496584,0.34094708669880414,0.5744089006658897,0.45022345489464094,0.5275926654822845,0.490854847612721,0.49047261094821154,0.48392234432380404,0.4589597150449613,0.4897885879895757,0.5459437384663376,0.3465761498121833,0.42545286571395513,0.5105487874643788,0.8217987063622753,0.5161616470363367,0.6172388074159543,0.45673011132380387,0.5197377879692674,0.7342748337925371,0.8060490206216406,0.45753950369041,0.5583957575354712,0.5640903323453134,0.6568716625275993,0.5353557763816282,0.674626537600644,0.6348206925140034,0.51149385922522,0.7334824630908954,0.3946824151571973,0.5202995002281249,0.5055704910201488,0.6307616135593542,0.633665501104882,0.5378039675804164,0.5164680164845162,0.4469342638252365,0.6915023920263058,0.4635405190871847,0.5928983022275554,0.37377845760955,0.5608212454717378,0.4553501511342372,0.5211279937242376,0.6654733312816715,0.4310207077161797,0.5984681814174301,0.40428601194561337,0.6804188944444446,0.587783878601962,0.5553976671318572,0.6170049069938411,0.6296830797119178,0.6027222272454853,0.6225760639982142,0.44510898642448204,0.5615926233850064,0.5161311657911797,0.7531176006248784,0.4569418669339909,0.5855613941866236,0.39546741207600355,0.5092602263971461,0.6348597317317253,0.611602169928049,0.6916464210523268,0.3661315847642414,0.7790929278497751,0.5109678587346995,0.36294432902204515,0.7284714195125311,0.6653236576268483,0.2882768717092665,0.48237044649601496,0.5948089629181875,0.6237059498386937,0.6614841657228384,0.5566320683322638,0.5544579588104187,0.827606796400635,0.5040581792009382,0.44439819200767827,0.533128985579971,0.6306246158244321,0.5803618049047498,0.6899313860611279,0.5919423604343678,0.6542720687673294,0.5776898023471674,0.7009907811022726,0.49140739248879345,0.4184341177968928,0.4993442653420144,0.6181629222122426,0.6389455695499842,0.5320433427230701,0.548907432862129,0.48210842811197036,0.581388287859608,0.49760756293669206,0.5000587420237661,0.620102512723037,0.5650772733321399,0.6742940991027185,0.4745366355645259,0.6802426770450412,0.42880374230292134,0.24963676757945885,0.571776093938311,0.6498019014138635,0.49230872315489066,0.5153697780034155,0.4370306603340221,0.548944018767604,0.769284209854831,0.7904197893660356,0.544410109054281,0.7554342402640335,0.35532799227056827,0.6069518509115233,0.6600722497585084
arc_pair_272219,0.5942444698935193,0.5539009476489649,0.5894351948123172,0.5912856420818495,0.7503975974706493,0.5882820294501178,0.5238481957962561,0.5390990253670658,0.6166806658572518,0.2508240971969196,0.6277960249325811,0.6182284779883951,0.5463915927367352,0.4012437071248056,0.5303148880329874,0.5511511809523715,0.5747076502229228,0.5146358831187116,0.6267666818973018,0.6303060321510026,0.5414535051087377,0.7649478236012658,0.4230705180770294,0.5403886000065159,0.6447100389887986,0.6153947379622104,0.6805696868487543,0.574121860677679,0.6071762295953284,0.5779445930837822,1.0,0.5362034348034802,0.42579561867447263,0.6061227908118867,0.5160718123544248,0.6066206111314671,0.6156432977460001,0.5519316669679333,0.6363566968316327,0.5057161391083042,0.5647869640553431,0.5492830616399046,0.4127685130982894,0.5530638696798768,0.6778315317635037,0.6707227502544179,0.667214297665128,0.7023303049606465,0.559123301564094,0.5103450035495153,0.5563196614896365,0.5998369931900128,0.5777960757318612,0.6318801862879634,0.6612697483539126,0.5193812325275773,0.6476468498875123,0.7152851113561578,0.6643630919087942,0.474452020589228,0.5925222617524213,0.45594956386197333,0.634039268866414,0.5688855897018492,0.6255375132032261,0.6472465782728918,0.6865214315489594,0.628417588640145,0.5140872181626329,0.6695492032517739,0.5738850336777735,0.6544973551879448,0.40589199191794756,0.6775844202610677,0.5113478882506418,0.7142023293851284,0.7774219393360104,0.40919033116090325,0.7120587245424801,0.5493541267735944,0.7293947577923962,0.6662520108379139,0.5858017699753991,0.679185526879985,0.6256768972081524,0.6272713515928408,0.6599918811288483,0.6080769985466201,0.5294598231886918,0.639717270570382,0.571037748307251,0.5950441834959151,0.6608780601297595,0.4681925725391592,0.6497465019081964,0.6888991673782715,0.6572586949862707,0.6856843813445168,0.4548428833349258,0.5951563278949991,0.5928043293801301,0.45394873242777944,0.6998213725559137,0.7457520430395514,0.4117027728083126,0.5319011643451468,0.6257528967378083,0.6566220785332991,0.4320276275407418,0.676556035845158,0.6292446516340024,0.5829488596608912,0.5661113300910257,0.4844668301874941,0.580681678080626,0.48596564963129985,0.6473283981849246,0.5760347442445864,0.5318579370834551,0.6976685163945816,0.6586989744946768,0.6580119690934007,0.5828936798580825,0.49434253770177095,0.5191072212272859,0.7032270394550058,0.6368413525074552,0.6450764945108548,0.6223787937482711,0.5171594534176368,0.6646189789208885,0.6124445850044753,0.5998569616172061,0.5230321294861491,0.700290462370898,0.7135635687097857,0.5608102885330579,0.7333619156398498,0.5647135702397539,0.37973175757860184,0.5826806424030951,0.669206227985381,0.5411705777189417,0.5579746941863305,0.49769841608723153,0.6191400995085463,0.5268445989821949,0.6203865230060327,0.5987333559270723,0.6347941261750175,0.4735943802124684,0.6973610290765964,0.48282573482036695
arc_pair_118580,0.5304036657440734,0.3585665977451385,0.6180310340080877,0.6475322965967089,0.528646676547037,0.462667147843026,0.5627202178618684,0.43396027831224876,0.40920100186549385,0.12647471037867894,0.6729788992226627,0.5690003170169554,0.404747194693251,0.30053958206736137,0.6558243851633947,0.5523005457759991,0.42773615769134665,0.3644688121891415,0.5159471117840486,0.5683451909672614,0.35519973242069264,0.5197164447392362,0.2974538354751876,0.33172880101115954,0.5919885468712041,0.41380036969329526,0.6274528567148255,0.5343864185815176,0.5286335070065696,0.6482921134496584,0.5362034348034802,1.0,0.35039661309496883,0.4166740919924968,0.3287221725620983,0.445476433610389,0.4878723342848732,0.4568060365894295,0.4126282092432981,0.3901182000599154,0.4677699889803568,0.4858254837334834,0.27512058987014637,0.40290040237829206,0.5195983154714549,0.7211656405008187,0.47750143940536416,0.5619083992681827,0.3759181717967842,0.4422545158119866,0.677254918424303,0.7309342002939024,0.4073503845253517,0.4464293216304959,0.494790561630646,0.5369732604423957,0.4323476006271543,0.5537219836532643,0.6651917268734852,0.38147341622579284,0.5584834429386463,0.27477827905405816,0.42849806917222155,0.41912447269260017,0.44462541905559855,0.5089029572174377,0.4432343078524468,0.45763453721477004,0.3382465255905602,0.6113702632631421,0.31859451040906134,0.495387903601098,0.29524021954502566,0.4804879105452868,0.38502756128142696,0.46863408316830335,0.6160929951442397,0.32763132185992,0.6754460871526453,0.4197125868007651,0.5977446333527323,0.5075344287584759,0.4332360614899889,0.5129729581234129,0.5125851318249695,0.5736339406460411,0.5206346092411662,0.3840831294329971,0.4537883539150963,0.4649531694837206,0.6038697708834361,0.35502928766409225,0.5544923965883641,0.4284126833033784,0.4726992194290356,0.5640369175894814,0.5412273004829912,0.582144967276722,0.2564718096302586,0.727358283351756,0.4968699720266637,0.29173192306305884,0.6601385187713971,0.5517680539228623,0.19326439476382054,0.4397952207785391,0.5131864193159126,0.6229217694622206,0.6381405507907676,0.4832469128228187,0.41655811042769025,0.609387071254716,0.38308922341653684,0.39775201416902783,0.46755845052183365,0.4721611345762614,0.5107480095947516,0.5675312301313836,0.5052461361202764,0.5548367494713822,0.47282129141721685,0.6127344628152692,0.4798306565295991,0.3837281029779258,0.4015217547140819,0.6348672210666704,0.5687807652406156,0.5470123368521792,0.41803595399280524,0.39182861379006717,0.4451254424351846,0.5066243491605872,0.4440834056707044,0.4314363600585505,0.4981850693111156,0.5272411469899779,0.36387299602495327,0.629700063023095,0.3675256241206229,0.2109917494609419,0.5290601475001848,0.5346925341578475,0.3817674950987051,0.4412208060826986,0.36415275286658694,0.47482117158068865,0.7520782623176447,0.7237564179531689,0.40667096008322257,0.5597722501122078,0.32684781059390355,0.5147068773889564,0.6681497406481114
arc_pair_221968,0.40091575550845737,0.5105830139353208,0.3109326351356761,0.37453481853414833,0.41011477699965987,0.28297696395544863,0.31738771014504064,0.289033424780884,0.42807232425889785,0.3148507740458583,0.38057303398834574,0.3392463912628489,0.2763678763604869,0.2952654216969596,0.3074157624757237,0.26565034834954315,0.3716243406976425,0.286646657773099,0.3702347918832606,0.45822489990772813,0.32842081882473706,0.48159147750171083,0.2935716539460069,0.5348578857619171,0.4156831061713276,0.43144344499488974,0.4250003863115918,0.4645278990140402,0.36062293245651555,0.34094708669880414,0.42579561867447263,0.35039661309496883,1.0,0.4071329132893573,0.388033379702388,0.5118752960440083,0.4010795728493973,0.4545390627712396,0.4209310267037944,0.2659164421810515,0.3305070319836893,0.326019195442149,0.3492690980150597,0.48249860249908355,0.42279117651568504,0.3694870912145587,0.4577931948637494,0.3822837877527457,0.4952642397197964,0.3814153890913813,0.34876781348585756,0.3346732558422577,0.5031004377245335,0.33458096913649515,0.5016103341239652,0.3641997287068447,0.33107102748732686,0.4218885914277245,0.3992392994615808,0.2885931557413987,0.3292447134083506,0.286248155633079,0.5209575365518924,0.3219122271524439,0.33295960211237857,0.4000131846399983,0.49441383093766694,0.5211686871258275,0.45119920177136197,0.3875898736203509,0.35708800908810867,0.3728350172135835,0.3344990858109911,0.4872776667108816,0.2928217371338975,0.4223196089153146,0.4461172032409105,0.22234743090078768,0.38661544129719555,0.33406344584697767,0.4138595117961568,0.5431228734587844,0.3938412373098558,0.3371918435791994,0.33351610230154144,0.4669847057661585,0.33838827400387006,0.3190012878389524,0.3846774761404498,0.5064883294855448,0.3610678082469363,0.34466829485141354,0.4860568666080779,0.34825224662873616,0.39571290655647784,0.37740966927402153,0.36769464768490057,0.35647178570207716,0.3634911718226308,0.3198780826909539,0.347964661338074,0.2736191264746396,0.3366028212221249,0.44004621384864545,0.3580379717040226,0.4435572372531353,0.35514168724490724,0.43580443727564944,0.32959087652240326,0.4398036348873458,0.37878763539290283,0.3743510672790569,0.4270001163397159,0.2743224644147072,0.3551977062918517,0.2921160597219405,0.46963694289432567,0.341383865915975,0.26987801206744266,0.3545060635118538,0.32409569219649614,0.3635762387881952,0.37312763067440313,0.42101519457706954,0.42662747107579735,0.39398973114372504,0.3837013551570967,0.43408252101783623,0.38359304300115116,0.37624953444385373,0.32861094077611924,0.40414348442889475,0.47885775267503145,0.2933067109367759,0.561364297893842,0.3761138813790539,0.47108861718201056,0.4897082609944218,0.35044744666692945,0.4328512626425674,0.3686045086916913,0.42702587039448564,0.3864977461924132,0.3593739503543458,0.44302392133311785,0.33781786378495066,0.3531716142895121,0.35040037617958536,0.43556729904894165,0.30394924786966293,0.3969950027529213,0.4172182660375789,0.33663775755632347
arc_pair_252545,0.5086094444939541,0.43942910880175984,0.5729331382001859,0.5428155243790571,0.5761917852326213,0.463008041813653,0.4822297245028691,0.4601470064291883,0.5281867451655988,0.21907809304275386,0.5252347002158388,0.5452088889813158,0.5218370062935509,0.36269713993198316,0.4715820318683887,0.4907663726428946,0.48257379302794445,0.4277188595554854,0.5921131715358303,0.528559050015011,0.5075177714953314,0.6059024380595842,0.4089635809414605,0.4758886913245844,0.5760386913217442,0.5494602437081654,0.561620870209603,0.5089207393308646,0.534852892121574,0.5744089006658897,0.6061227908118867,0.4166740919924968,0.4071329132893573,1.0,0.46431720824185657,0.5835024959514775,0.5280846330301857,0.5103488878692001,0.5594759683617182,0.4592392419370912,0.495481972150383,0.49217420405314216,0.3822888621498987,0.5189456661988483,0.5462570407351476,0.5493706313623791,0.5673322666059827,0.5903386587575021,0.5429858962123436,0.5100799474014501,0.49480168896866394,0.5139924338846079,0.5024333442461262,0.5673966801075517,0.5997875162274793,0.4649993936247345,0.5138366319803575,0.6345193513477495,0.5252746252780837,0.4532370967240267,0.5930276712197925,0.42343036180689475,0.5664366040733312,0.5340177502251521,0.5869835294459701,0.5588064864801773,0.5998819751064562,0.5439151167533508,0.4617563085958958,0.5500363096638767,0.5058979898572787,0.5924495286732275,0.4077708228756958,0.5561192065469306,0.4511530946213459,0.5669225755542879,0.6063195389374232,0.4000341452235956,0.5527610447141458,0.441139223258632,0.5899296177828396,0.5760595463363993,0.5395045477694492,0.5657874317372726,0.5280790967224067,0.5680777357399466,0.5832109727448899,0.48005703044411413,0.526227602058752,0.5596791785063124,0.5087209481551073,0.4817047734393436,0.5486727937712859,0.38907035309741156,0.5292213639205002,0.6077160846760473,0.5447280617648744,0.613452729741219,0.4031599844022745,0.5026405453164288,0.4882835484591525,0.39436172392667085,0.6182900021404035,0.6785267783056523,0.37084417693188243,0.5320248417738513,0.5575457618909869,0.5317689267598081,0.45023383889800417,0.5876824960866508,0.6068046646377333,0.6130886961140143,0.5050225273202723,0.4087303702901791,0.522931862491049,0.5074472482362422,0.5812557846317222,0.5205912046731797,0.4713220009158385,0.5367796837306794,0.5561432374115984,0.6010536571976989,0.5079802883066463,0.4171619612855403,0.4839065507182268,0.5706356962617858,0.571572322665146,0.5823394954436344,0.5703797453090055,0.530166695501244,0.590547959735484,0.5337519348123052,0.5539546864519875,0.5533961679099774,0.5835031900526558,0.6367874900115733,0.5713481859079623,0.6024113718204522,0.4059304832988939,0.40938914989550107,0.5541072136563859,0.5998343271812507,0.5140557603858236,0.4857224294865304,0.47405771696623916,0.5205754069663262,0.4983720299017565,0.5376900900372253,0.5286995324899281,0.5849197782666226,0.44086849463009664,0.5888282025437976,0.4842828193316656
arc_pair_415606,0.4356745165282145,0.43380032571442084,0.4411821723597115,0.44383073605235573,0.4983644211050216,0.41875966740341963,0.3954778620279245,0.4994607680090488,0.4438403944962967,0.27663345333410483,0.41165442915652956,0.4526620202712389,0.45818314551642064,0.483191158251431,0.4065037775278609,0.4172289093975529,0.4413682835185099,0.3827496232557884,0.5179220173095378,0.5058338910468283,0.4199505804817575,0.5988933197787661,0.37769310703320585,0.5421797717761918,0.48026693417555333,0.5153340183307163,0.44641452569923123,0.39183661080701526,0.44888642561951453,0.45022345489464094,0.5160718123544248,0.3287221725620983,0.388033379702388,0.46431720824185657,1.0,0.5389513423022965,0.4301972313034113,0.457570512961365,0.5311133717338565,0.40042291021389265,0.3970606037520711,0.3986102170711939,0.3710138282665103,0.39784703601849003,0.45522931207069545,0.4761613481821,0.49792477498061954,0.5007509082959579,0.5530677717354371,0.4473407834463782,0.4151969243202621,0.41766388596931764,0.525072130383826,0.4479025794255571,0.5728665190599865,0.467819755689582,0.43196328286643,0.5273029816951157,0.40568212804940856,0.38827649047951623,0.4547208656508764,0.34220627553147265,0.5794577179018792,0.41699150364583243,0.47570455700663977,0.5523335266847832,0.6001596262021953,0.5751547631074583,0.4710644386046806,0.46183929597139,0.47049408936030845,0.4484941570904823,0.3753925679142855,0.5298220837803167,0.3426269558631899,0.5409112449151364,0.538267818482904,0.29276542225967517,0.43690729485752394,0.3934950940478667,0.5580435977633996,0.5652608049889721,0.48766140296332616,0.44062381605594914,0.4373343063817838,0.47117624320746015,0.4534043336110811,0.3926947330957044,0.4270288612402963,0.4912929639771771,0.3700462292574927,0.4593362574838858,0.5201416367247292,0.3387824197717246,0.4696110903551811,0.4680726605458286,0.46110353586198616,0.4882227361797454,0.4640383895449936,0.4178977596484131,0.401393567643426,0.3298832787007783,0.4606651664651852,0.5871412914048385,0.3725792098733392,0.39512862783815,0.45092797046757876,0.4801996796764641,0.32336787889163915,0.5523303551614641,0.5026184634625788,0.48770522427834717,0.47173285046316193,0.33007153604517514,0.4030243587620706,0.4097730408387291,0.5539406549677347,0.37391487993611433,0.39422170119518024,0.47399218097361157,0.47894479840289866,0.44917422273332713,0.3827838895249024,0.4241195474532807,0.46428424936081664,0.4639357288123543,0.47448111980723945,0.456301559589152,0.4834817604723239,0.42220184601547156,0.49148289767898723,0.448136032325802,0.5247213050115995,0.4025759037738402,0.5917033061590128,0.519910012339824,0.5218303056153124,0.5503122371686853,0.383262527631405,0.3655316807637072,0.45166317646668863,0.5366274040741297,0.4905512509171544,0.41923184406572683,0.46987842255868295,0.4375548390570394,0.4012418422911559,0.4677959545951682,0.6151634030159998,0.4627612730117059,0.4044728618252375,0.5197557268940527,0.3089131945349584
arc_pair_508585,0.5660368477297979,0.5630351220388657,0.556719147497888,0.5361916778505164,0.5947421669998876,0.4532651922679709,0.5004507056240888,0.46131849196724595,0.6216343790382632,0.3317883348377285,0.5805863118064635,0.532404368906164,0.44747577598391347,0.39679497827663573,0.5012707319297661,0.5077825107452318,0.5905054780112737,0.46143786421276967,0.5678439627843522,0.6689334900178575,0.4992769388636568,0.720066959899418,0.4051446937440544,0.6439053809802725,0.6389172275331199,0.5769157132111542,0.6346866983512626,0.6608677166554005,0.5126559082909748,0.5275926654822845,0.6066206111314671,0.445476433610389,0.5118752960440083,0.5835024959514775,0.5389513423022965,1.0,0.606064931885433,0.5381893278229023,0.6146806885254452,0.48612384623221505,0.5255590760958703,0.5102291458401622,0.3863352528847866,0.5364650719118726,0.5711924847820593,0.5649504403687156,0.6440703500927539,0.6024791164115864,0.6243889027205441,0.5629197516015697,0.5194132518246259,0.5005590817287959,0.6315042146810724,0.5297987562993174,0.6507231549060238,0.526708940657842,0.500405750018405,0.6512886004795867,0.5837483354542292,0.4298533180331809,0.5333249489329637,0.5017324302753436,0.6795218279220264,0.4990886339074708,0.5549292351979301,0.5788866133721634,0.6750708650858508,0.7142119084952152,0.5175086200770788,0.5714936156774899,0.5006902325297823,0.5568908112670482,0.41267508045559564,0.6207810245366394,0.4805358096972552,0.5841525038837084,0.6682903086121874,0.331912268372396,0.5536526977310355,0.4781243076847232,0.613281287029157,0.6936416682498361,0.609993816066103,0.5617596708790212,0.515601764007656,0.6276588735250545,0.5391308531647345,0.46227993460889744,0.5720805671387439,0.6368150349552901,0.5666908620839121,0.5315220574003428,0.6161142449772113,0.4326311983260027,0.5542198666532115,0.6056336690605928,0.5628156782082272,0.5584667334066024,0.43262637994966224,0.4836609872379469,0.544784683616414,0.3799039555998183,0.5798724036747931,0.649386983506432,0.40543304723154727,0.5514510162680993,0.5568285224574447,0.5861718519656439,0.4885126256148707,0.6302438588904777,0.5863036247289197,0.5570039063275809,0.6375307030506154,0.4485186512868278,0.5566863437704646,0.4791631949193289,0.6963593956156571,0.5179712518310563,0.4877155243873352,0.5394065180476805,0.5250738464466773,0.5999508030158568,0.5790788947475068,0.5331861836734436,0.5819874085225856,0.5666813249089675,0.5538601328102618,0.6379306771984492,0.5681890779702733,0.5311195804879582,0.563523132637178,0.5577109550177304,0.6271883600427148,0.4999516005844422,0.7617771600247963,0.6251183624814051,0.5954703739527311,0.6863296019440183,0.4411086148553967,0.5360244820208072,0.5270684308980101,0.6278039055746417,0.5778535903361026,0.5201338479271498,0.5567898645815196,0.5228362295055735,0.5358829365713482,0.5500179315729412,0.5925823747484045,0.5231307402152284,0.503671727536486,0.6276184628910789,0.5214987629093548
arc_pair_320762,0.567167207673913,0.46045657282846053,0.5264454144075724,0.5400556337923369,0.6425455157756489,0.5876770771482593,0.5387687345396261,0.5169308506313293,0.5286310878141647,0.17857440758891918,0.5835593075971697,0.6447823017552797,0.4819060581894786,0.3512233855790518,0.540960688398096,0.48395487501281553,0.6279025035470474,0.5502222064249577,0.5833329281222164,0.546097817872014,0.5025172331318901,0.6783593999518179,0.40106766440274855,0.4701676199938958,0.7258965648850807,0.606987844319135,0.7073302078443001,0.5883468097710867,0.5559097457534491,0.490854847612721,0.6156432977460001,0.4878723342848732,0.4010795728493973,0.5280846330301857,0.4301972313034113,0.606064931885433,1.0,0.558894697575284,0.5841510326777518,0.5392498872741496,0.5797001849591688,0.5966807679807835,0.4267764740084974,0.48988259489299907,0.7152602728161886,0.5626113782592372,0.6809253689491351,0.7298775443961268,0.48672815813760356,0.6301807455729584,0.5394642314254728,0.536548059409193,0.5148416947952454,0.5835575999233278,0.6547941591420549,0.4924529602323101,0.616241626875419,0.7235578567644428,0.6951003738898304,0.4781374102331624,0.6710897207996693,0.4250987459882208,0.5962936620964678,0.5194638037340864,0.5628624341488496,0.5621974073482294,0.6059897002021012,0.573726377787625,0.424185234125482,0.6643409416295879,0.5423596946191653,0.6803152929953449,0.35200562932209223,0.6028266635945307,0.5327341523541892,0.6305313060802599,0.6729704715102482,0.3773793469581877,0.6636494694292592,0.4944984827958444,0.6576271944221145,0.6785200037641453,0.5597842137947576,0.6788339124648353,0.6442799108612858,0.70813877282784,0.6647351599309298,0.5017063057927093,0.5509401468735308,0.6092790687474476,0.5680587299778054,0.5637460905944989,0.6042685480903166,0.44604180978747116,0.6354837186001562,0.6506828015213578,0.6907506926788419,0.618185514777636,0.3669723890702643,0.5409035153326682,0.6007248060811475,0.39428530954302154,0.6328009466397142,0.6685450099575893,0.3609358913835353,0.540561773702132,0.7065914630232912,0.6905021556747101,0.5284452773067869,0.5959335384224674,0.6245078075887326,0.5002698592024498,0.5573700652606598,0.5831125292802712,0.6688015671166572,0.4855158488590802,0.7010607412497349,0.5670379299671051,0.5270473308256621,0.5402804281818283,0.6245110142533629,0.7074559084464491,0.6453083010938127,0.4758391487224075,0.4934829313988546,0.7332670197192902,0.6242743057020801,0.7368678412977447,0.4978810261612105,0.5031093409865168,0.6792924442759748,0.5789087405428864,0.53442327213109,0.5229269739426322,0.6732369745729198,0.6325900226461532,0.5110510283515421,0.6668817649104729,0.4579105933891718,0.36960399282491585,0.5934918987935762,0.6422289208542403,0.508351502926073,0.5618716888751183,0.47060165272928894,0.6562711337442305,0.5377326490849261,0.5449202874927987,0.5365362833029894,0.5361286003434937,0.4593743957654281,0.637245196763384,0.5179167793523658
arc_pair_726555,0.5407135835789434,0.43409512462145533,0.464624271659571,0.4962818375351948,0.5578272979552416,0.4381091681273743,0.42959476124036156,0.47242166262250673,0.49033012064398773,0.2266884488746632,0.4937365499103275,0.5712073901399061,0.43410796720607303,0.38375675956847594,0.4129226461004692,0.40180147284688944,0.4573193596995284,0.4446958085179824,0.575298341315342,0.4771905086695469,0.4322665814888676,0.6215339300560727,0.36092377768662487,0.48654105942974757,0.5728862177308176,0.5315804184028545,0.5310499759962535,0.48932103796788196,0.5008051063511212,0.49047261094821154,0.5519316669679333,0.4568060365894295,0.4545390627712396,0.5103488878692001,0.457570512961365,0.5381893278229023,0.558894697575284,1.0,0.47068723930243345,0.41930330173805125,0.47365568543163666,0.4670992255410151,0.3747661870346031,0.49144029290275565,0.5382468782608373,0.5153164464107615,0.534602936741243,0.5610373310185188,0.6140143754962236,0.5116664027284716,0.5102123605916589,0.5093413001525972,0.4767545453582624,0.5221711847183501,0.5870518951467717,0.46344389709213024,0.5762773546185097,0.5973811947818085,0.527548943440122,0.4199698043855933,0.5613243562699018,0.36587672883619726,0.5301537709997208,0.47387780571989513,0.5077083925274051,0.5424021903905197,0.5614771177997485,0.536478914305692,0.41941405930604736,0.5722177047683776,0.473111991057948,0.5786397935634632,0.35473101895122755,0.5661265167630165,0.4675214591523394,0.5781372751087585,0.5808236227300048,0.3405102863197502,0.5497192747215065,0.4147759193374431,0.5877222577875894,0.6129776313969242,0.5578524111998948,0.49109098913539095,0.49397665623999654,0.6029338620263947,0.567919268564314,0.431381709196733,0.4445878028824555,0.5295949677824172,0.45032904985051253,0.46099614842403014,0.5556011598599445,0.397354582256587,0.45359840584966843,0.5342565409959552,0.5177049382358154,0.5752534865304196,0.3970047708592354,0.46480385788719797,0.4711883840820171,0.35441560498080177,0.5001373052425792,0.610684239175726,0.35002326270587136,0.5461499899746615,0.5414615590111755,0.5152152002271159,0.4607129748312937,0.5739881064393756,0.5341664374088058,0.5355269075597625,0.5082629081299369,0.4726389831901077,0.515161102538323,0.4288750796983974,0.5502608535791965,0.467588309175376,0.38834471587534036,0.5255277887414646,0.5311080057143661,0.5273659937011511,0.47943340961210396,0.4686928191396146,0.4728218002670721,0.6261958591365719,0.5738215032955779,0.5662744818655144,0.4919716802618109,0.4433105862078164,0.5302936089973157,0.5047636372696283,0.5059091921567258,0.42529996246162366,0.5987329622129048,0.5351705477093535,0.5262349470841782,0.5919269811961921,0.43204609638439734,0.39353981467609084,0.511832440951606,0.5256924085746144,0.47187722675699245,0.4129629859287656,0.4751806798863093,0.5061834580229372,0.46396909800935104,0.5014804074444895,0.522824407848004,0.4823213200217577,0.3917592969907632,0.5728440341010284,0.4403344591580473
arc_pair_461822,0.5064287889224931,0.5011552180862408,0.5181349252763737,0.49369092912574974,0.5969337794832542,0.498312364931384,0.43749678983023876,0.5301305652393455,0.5393025727362708,0.26318186787375064,0.506347744245256,0.5081763213665091,0.5366154780332079,0.3437246353732077,0.47107942926640994,0.47144960507441486,0.5670168452330764,0.46020549064883104,0.5432244297025439,0.5913649769021756,0.49617241302605486,0.6436068653832453,0.44242776193897926,0.5472370854288648,0.5685153984143231,0.5551535004195873,0.5705003834656647,0.5409384865657231,0.49309456548550346,0.48392234432380404,0.6363566968316327,0.4126282092432981,0.4209310267037944,0.5594759683617182,0.5311133717338565,0.6146806885254452,0.5841510326777518,0.47068723930243345,1.0,0.44085331299571495,0.5661319856807278,0.5195042623264716,0.3751046305355907,0.48155533242026416,0.5804991517721808,0.536340269671045,0.6036779450257077,0.6093881752267193,0.5600071458344198,0.4690947943371785,0.45359291253845535,0.47650124060620436,0.5463250445792834,0.5309848272802814,0.6164596440466885,0.44985107932886326,0.49738111566489285,0.6191137918258506,0.5648664303880215,0.39594000484740666,0.5005698134482639,0.49130362564876795,0.65730338191794,0.489277243672907,0.5530476418645309,0.5283774940451982,0.6617484143999507,0.6111514191870642,0.48545829518672606,0.5601071663691477,0.48599948803712806,0.5481737150031383,0.37028699055189335,0.6046762433523188,0.4601874310565655,0.5967805642681695,0.6389861522254745,0.33241531865869434,0.5867717438781083,0.536668432827373,0.6295548151868318,0.6107647604412259,0.5709831176967276,0.5316290053330974,0.5105528426050772,0.5619713656870853,0.5398328704060905,0.4797644567677642,0.5071384999078633,0.5730342974732139,0.46656725656393994,0.5361126748281199,0.6004020284747505,0.42470668541716183,0.5890104564178155,0.5914357318932556,0.5801417905084822,0.5548520495762145,0.39598668691037026,0.48639262316269993,0.5013453121676428,0.4306262757193261,0.5811148949814428,0.6227793050310226,0.3980513957707085,0.4721063056570613,0.546417211358657,0.5602963192973807,0.40401413564170763,0.6437428549745565,0.5742035673677407,0.5081424294265838,0.5260429214820755,0.41208117287115426,0.5441515639941721,0.5064115776427601,0.6484724020437497,0.4816404660407307,0.45082425550489047,0.5277343505618918,0.560998409658153,0.5768888418346427,0.5331827822848517,0.47551844731845044,0.5076323343551168,0.5511211044849805,0.5424764207670956,0.5979342932547105,0.5621509720918422,0.5258088637333712,0.5400712652760793,0.5751079024157829,0.5754102158340128,0.5374804613236426,0.6747892628387389,0.6281123244221881,0.5229266064024823,0.6422016110056077,0.4346293461596011,0.42111422566086765,0.5471657823364545,0.6154890712365748,0.5534516754757307,0.46282014238962493,0.47320757901645105,0.5363011490258572,0.4621859040545067,0.5340521649287657,0.5289646614362714,0.5210958987098786,0.47013577237991444,0.5897924786983301,0.4248525863824904
arc_pair_434878,0.49839724556547865,0.3770518967628142,0.5032331315719609,0.48174016473494324,0.5085825812430136,0.4697053338566622,0.46270396484852305,0.463528157186888,0.4485558571923741,0.1351297894394583,0.5013519228413987,0.5696026013024192,0.4554574628112115,0.31906485714892213,0.43791090837113933,0.4604436886692051,0.4300134549979608,0.44237037834874704,0.5634338805343073,0.4116877710649446,0.45457056323696543,0.5785545120975426,0.3379941227699432,0.3623463016776374,0.6053743084560987,0.49362536964245785,0.4990640311565074,0.40552210517573356,0.4499722562943766,0.4589597150449613,0.5057161391083042,0.3901182000599154,0.2659164421810515,0.4592392419370912,0.40042291021389265,0.48612384623221505,0.5392498872741496,0.41930330173805125,0.44085331299571495,1.0,0.49186127759525006,0.4891352016073997,0.32708774278061864,0.39454422469552664,0.504065810612205,0.5274425027114997,0.5004147188102682,0.5934637907440456,0.4318644586079995,0.5111989015841951,0.4970544611048187,0.49814570389336665,0.37067979219050196,0.5062422293259953,0.4984251140491187,0.43742807978021886,0.4875066906445398,0.5707068651951485,0.5592495833815487,0.3984936611313098,0.6002264417645297,0.3316121443031638,0.4630714543170541,0.5337220068768811,0.5343189554725553,0.5165817177400643,0.4999804932309234,0.4667155982234348,0.3511352383644161,0.5445603026891619,0.4792805819073487,0.600835492533486,0.3604651839778554,0.5133165411065196,0.43617274402825634,0.5093483715021515,0.5726995034272178,0.3231244357250846,0.5023467862388854,0.3685539541756907,0.568632534293389,0.5144666907232925,0.5000000342112672,0.6027658242938895,0.5109750903115369,0.5514554735442985,0.6441056800315993,0.3790142070106624,0.42292726158562405,0.4621216271817279,0.4509099825637773,0.46842403984973147,0.5177408539991943,0.3376607560368283,0.41889966471237655,0.5520211486134353,0.545591269248566,0.5497610091307666,0.2951585931853578,0.48729285981164805,0.5087539145406899,0.32154583249204044,0.5591498315502594,0.5941755664994676,0.26104077822441424,0.44805511238849616,0.6454791661073286,0.5128625382214426,0.4455189010248705,0.5284472356799247,0.5399685164810861,0.4825119537993582,0.3883387503244818,0.4144462565608837,0.5491045064887631,0.42688248233307874,0.5629847548259966,0.5276432479222126,0.4769179772585329,0.47341379704221653,0.5475574889619266,0.6199563673732761,0.42629885605272416,0.4086456544861804,0.3773391226057018,0.5527770550426584,0.5288103127007969,0.5070915098905486,0.4170884664668425,0.4371318809345069,0.5628573883296014,0.43270737837802126,0.4145182863651182,0.44243746294260333,0.522348161223147,0.5973672526206093,0.4691462593259864,0.5502291828565381,0.3877178987421134,0.27296593402655084,0.48203329348645113,0.5196339343175383,0.42702000418217423,0.4609693887308291,0.36594127161278467,0.4647602021469289,0.46471203142887957,0.47301654559697653,0.4306023866508368,0.5374129143831478,0.3364517283204525,0.511058330105571,0.4110522756634901
arc_pair_386767,0.536257846630973,0.38498681264340184,0.5135737676745558,0.47662216037720384,0.5874358338545248,0.5305951262145672,0.4446201083656647,0.5013222945983722,0.5050239338297519,0.13669983585111734,0.5066781331311935,0.5647263795657876,0.4895459934604915,0.292242016941088,0.480546663227429,0.5045729546916501,0.4869478642187696,0.43456235823908124,0.5498500267366448,0.4810790450190291,0.49033807972135235,0.578665350592995,0.4174393034869924,0.39156172919360555,0.6067163771409195,0.4743251348653992,0.5828714948195106,0.4712463727508749,0.5133797849496311,0.4897885879895757,0.5647869640553431,0.4677699889803568,0.3305070319836893,0.495481972150383,0.3970606037520711,0.5255590760958703,0.5797001849591688,0.47365568543163666,0.5661319856807278,0.49186127759525006,1.0,0.5924730499817907,0.3355782600508313,0.4537588742629217,0.5915702883587394,0.5276013816265646,0.5828888976573772,0.6475204559811949,0.4412893046573285,0.5046275050609036,0.5378358767424833,0.5431840562152961,0.3937731993921144,0.5343748408156099,0.5153044342744357,0.43435709675997936,0.513295562866605,0.5888696054037204,0.616154934860143,0.40967896067200527,0.5326337365142322,0.4176807205177721,0.5095516307599103,0.49912045815424505,0.5894198838988236,0.5072850574261926,0.5406936952794378,0.47490353188338746,0.37798785456977474,0.6106210162803701,0.4466011770235027,0.5869992573461196,0.3749498000904994,0.5461138898638265,0.4772772156163739,0.5944363874189846,0.5776356055642291,0.3021460368460075,0.6014017304579402,0.4475890138695874,0.5952937339870953,0.5664304098580533,0.5270933777746555,0.596396093310897,0.566586362030395,0.5806096128657524,0.5693035141427379,0.4347432242148539,0.4344411489771651,0.5567550184698267,0.4506022458295898,0.4833736658583471,0.5526684240526116,0.42741792795693695,0.5311021527498143,0.6073256723202638,0.5978490391920542,0.5596800091769731,0.3216514484432307,0.5088765789203858,0.509408966752263,0.37839323283409165,0.5761600244965216,0.6222064246635176,0.2975016266301499,0.5066103203318485,0.6020534198297197,0.5440007168802347,0.4720204287849937,0.5585549692443352,0.5120018068069012,0.49710591339478816,0.48294587264902317,0.45841904170409004,0.5767030908963444,0.40931915770299643,0.6019861495374851,0.5063586800706186,0.5255327463644675,0.5246892456467467,0.5794502976714142,0.6164562502225327,0.5295555476178175,0.4343379007416596,0.4366453627686154,0.6091235354580483,0.5154305511803939,0.578674673025874,0.44653560160790423,0.5187983882986151,0.573609138876121,0.5427655746760109,0.4538151021580328,0.49033567861452504,0.5746497537185742,0.6119182907210788,0.4693278610742909,0.6070263294413529,0.38919902379945126,0.32801225148030777,0.5494824954559302,0.5161736276001038,0.5015607184281715,0.4804484045064008,0.3907662512222322,0.4651080388489761,0.4948000319021349,0.5241879997846002,0.42296177376968197,0.5344874179300184,0.347944338510827,0.5509143627117837,0.44211771886949675
arc_pair_282201,0.5573718098005064,0.36488394357583237,0.5270895303088134,0.48982032234675926,0.6078403988788937,0.5349306382820722,0.5514841330653917,0.4828411833765665,0.44367031894705156,0.15072009718119442,0.6002078288852682,0.5658336102236602,0.46778147974912443,0.34327418733158493,0.5404655665523408,0.5717412107992627,0.4491094440255228,0.4156574287463912,0.532108856013143,0.5245144905402958,0.48389029961819213,0.6014408729729919,0.4225607692869954,0.37616679268411624,0.6749582743523354,0.4939407307734417,0.5595200361792573,0.4923324198849979,0.5715865004466759,0.5459437384663376,0.5492830616399046,0.4858254837334834,0.326019195442149,0.49217420405314216,0.3986102170711939,0.5102291458401622,0.5966807679807835,0.4670992255410151,0.5195042623264716,0.4891352016073997,0.5924730499817907,1.0,0.3384373143067612,0.43677302476058855,0.5507173510928066,0.5832708367470796,0.5634891413407709,0.605270445176333,0.39996910925422513,0.5425379149485768,0.5709674881477977,0.6006550284959838,0.3926412102659826,0.558025327752795,0.537298265970604,0.5033191808087408,0.5451738571738971,0.588501184072566,0.6750470052892937,0.44166309923348923,0.5861104098341806,0.393759548074376,0.4690432746327459,0.4904304953221611,0.5843437737656513,0.48650435203161946,0.5377220139045604,0.483564696928053,0.36768061087138065,0.6355952089818171,0.49902576796526926,0.5551366875100706,0.3379404517746884,0.4980600579799684,0.4441300851585667,0.5883843291006492,0.5576627266624746,0.35601601782557074,0.6364163473708313,0.44768122246088715,0.5855623743233227,0.5991442441467344,0.5286504490170847,0.6704185819086174,0.5353320463423098,0.6408834570827057,0.6272139900092027,0.47959600657770834,0.43665328997167546,0.5359377399256585,0.5382804564947832,0.5191699529203428,0.5733734330852021,0.3622142271172286,0.5065957129801658,0.666247817971913,0.5915125886083197,0.5651516807880225,0.3147409389388924,0.5667621719615575,0.5826150760124155,0.39153955913875055,0.5961942344198136,0.6091043587761188,0.2813954159893822,0.5162224278505514,0.6365794137966051,0.5976428308927542,0.540515044315791,0.5430223524948039,0.5297567687439502,0.5283959791015392,0.448666843401474,0.462335535565118,0.6636681279206034,0.5109022978724999,0.5789314299781851,0.5872688056438852,0.539291796397111,0.5294445055564503,0.5826313609849882,0.6324912269592455,0.5537038853790989,0.42077354459641153,0.4671487090385056,0.5644203405924814,0.6172601548158171,0.6272765816338683,0.5086315101616514,0.527866522249525,0.5781119088650164,0.5124149733493906,0.4738759370607697,0.5613469646771903,0.5995031255419808,0.608090542131264,0.44000926096024445,0.7052060806081115,0.447129858342872,0.29810878987643025,0.5659173687706286,0.5686882716336082,0.4764911292232821,0.5073618710365927,0.444882480703953,0.492199345928027,0.559810315483442,0.5608554393828012,0.4580005874513771,0.5783836936251735,0.33511899654421906,0.5117005189472548,0.4886124633336098
arc_pair_485863,0.3647534574255279,0.3780092241662389,0.3445068711770942,0.37179554189365976,0.4323780199236177,0.3442418064639063,0.3229222147207858,0.3385659698481039,0.37259144200658934,0.2085503498982198,0.33700933421645335,0.3952272047358177,0.36398089592270855,0.28633365851743364,0.3122954102015352,0.2968383060031743,0.4179774038067473,0.3206652002445028,0.4054848151868309,0.3973861608577264,0.37161167823956476,0.4825255264456319,0.3280687867106554,0.39308142834564197,0.43629266086329715,0.5409125675702344,0.4001765649554547,0.3784141496241287,0.40211040477509896,0.3465761498121833,0.4127685130982894,0.27512058987014637,0.3492690980150597,0.3822888621498987,0.3710138282665103,0.3863352528847866,0.4267764740084974,0.3747661870346031,0.3751046305355907,0.32708774278061864,0.3355782600508313,0.3384373143067612,1.0,0.3380036901237824,0.4440506326654427,0.3495646371860919,0.45468235425136855,0.4325590923274419,0.38873161099968295,0.48035252601499967,0.3470095939774749,0.3304795690572304,0.41800722614163754,0.35880193823385703,0.47649330840639237,0.3397188189576549,0.3733459833416158,0.46214872171083277,0.37999701948258463,0.3634001596628956,0.4050840118299117,0.22886529455233146,0.4627269392494274,0.3951012091200673,0.3890571121460788,0.4237860675925768,0.4780609505258618,0.49232475546658505,0.4028952495303431,0.4163545941983041,0.37470645131649005,0.42163604435063834,0.26697249549148117,0.45585389704860335,0.2931597865757147,0.4235487824413662,0.42761785343942105,0.28254626408602557,0.37435140015340856,0.3081225730121395,0.43195582896277146,0.4907325589428244,0.37484947645305555,0.38681612356549694,0.4098202222918102,0.422637410716562,0.3867586604385484,0.3348252357161845,0.3450484405208722,0.44482270471796037,0.33228788867721587,0.38539883890309345,0.43402182606729245,0.2682936823381804,0.42483491112690636,0.379738482125529,0.40276603955205154,0.3915308714033507,0.3166872324620488,0.3314212795131442,0.34246198769108077,0.30260319927473417,0.3736304715592921,0.44980243789617574,0.35719201253934185,0.31909801396982795,0.40987523103608625,0.4276491551402998,0.28090366997969046,0.4327401490520649,0.4240148819479591,0.3666650623597945,0.3857398733873998,0.31886986802241923,0.3747188723122742,0.3295703352626766,0.5028924404221768,0.3085015698195159,0.34751311551902164,0.362326175981433,0.39034460886688266,0.40753305238767623,0.35558343446008367,0.47187296394644324,0.3777461327985571,0.42340945536384317,0.4133101125884164,0.3920867526320141,0.36832422140407894,0.33570817875826836,0.44167384614749255,0.34777188613587245,0.430340790004904,0.3408718867087026,0.523121835884418,0.419834567157506,0.4029638127194497,0.4499506243954358,0.3302178818614995,0.2840237651287893,0.388278117416924,0.422827632268845,0.47492104278718633,0.3883804237405619,0.4134503679698634,0.37354790494369733,0.30982210792647263,0.3225961199199093,0.4512349679528878,0.3369195294803018,0.30448548994666924,0.43939972890902007,0.29898869095489405
arc_pair_528353,0.46008019538584616,0.430646024982302,0.39336320650107953,0.4589846047097555,0.5195209525793362,0.4167818196232914,0.37335383050246856,0.4446527368451329,0.5059715400253707,0.18290612704671005,0.47794644868227937,0.47099288430782044,0.4120906566008631,0.35169824778329484,0.4022196084200711,0.3850792254233264,0.43426638550810487,0.36909093064320414,0.48621232462241015,0.447374328279615,0.4146955914339013,0.5627759208266737,0.3735353072171634,0.4430141449364312,0.5579157764120891,0.47062348310466157,0.47218173064955793,0.5105264589472789,0.4675624658737753,0.42545286571395513,0.5530638696798768,0.40290040237829206,0.48249860249908355,0.5189456661988483,0.39784703601849003,0.5364650719118726,0.48988259489299907,0.49144029290275565,0.48155533242026416,0.39454422469552664,0.4537588742629217,0.43677302476058855,0.3380036901237824,1.0,0.48540768384707295,0.48274307652961734,0.5183691341000696,0.5089628537275432,0.48941175328258846,0.3944418746699988,0.40966460914717256,0.4419304790159488,0.4023713828526729,0.46263000306458557,0.5254061569809795,0.4360442126806668,0.4652057683999709,0.5956346449954247,0.5262182536842847,0.40966810844559126,0.4865973296725165,0.3151462137301133,0.4938577448039813,0.4906971546997917,0.4485179613669996,0.5337078963093824,0.509412206319519,0.456774002646615,0.37116176749023516,0.5465257079790419,0.44549822748566703,0.5549627797506017,0.2776157184439231,0.48920660963947515,0.3877044438765017,0.5473684133501423,0.5643257867904529,0.2905521047556337,0.5381360057040611,0.4034644044653196,0.5549670667315342,0.5884529997637317,0.46168669378904564,0.5005565238300419,0.4700321232299245,0.5441925620804077,0.5086080959258698,0.447588690575696,0.4169666610332128,0.48546707060155214,0.45884121128098115,0.4086268705684789,0.5065166962158189,0.3486409442566531,0.4514684308105569,0.515578756919582,0.49386550769440923,0.5395041601980554,0.3535775659183252,0.40078066483581526,0.39357345698271046,0.34105092560093037,0.46270826852751423,0.575581758358769,0.2900074676674392,0.6183557756978802,0.4825963536901118,0.48684326779591414,0.3980138205912424,0.5341557397967821,0.47366132073813466,0.4498907421840971,0.42690640624232024,0.3835215290813725,0.4762268566210057,0.38219332914584414,0.5176193278375797,0.4359281823682446,0.40313459984990435,0.4645838242687382,0.5032541257155212,0.5043740234241422,0.4845394435980235,0.4156320827844425,0.4213929506018436,0.525210625157738,0.4856905914290466,0.529484597569082,0.4520300116338941,0.49208604253699206,0.49680088676630213,0.4680627779811175,0.4399058732478203,0.37147636668943324,0.6061884428442595,0.496858651778175,0.5355599756007904,0.6049411633475504,0.47412840660234645,0.417214122754962,0.46902299152659865,0.524378446832597,0.4240423310130608,0.42647341057016364,0.42314168582179584,0.4994985795854205,0.4059824066219914,0.44063713336932653,0.4223028982588388,0.47823007059035966,0.4500835122068557,0.5129569182397656,0.41032968666875136
arc_pair_265401,0.5809823476263671,0.49077263987707725,0.5325938146106308,0.5857441517098755,0.7134911371907373,0.5905961073867692,0.5209420886381135,0.4922146575432731,0.5201776592560009,0.213294013787727,0.5968433015311366,0.6479448092168674,0.5050608468437559,0.3558685932468606,0.5294275339569693,0.492857725777357,0.5829770959051896,0.501956662673941,0.5796823836955076,0.532954856262795,0.5601562752965401,0.6848805255553025,0.38781446464091834,0.5007979835223246,0.663427919385751,0.5844937659452016,0.7208316700259054,0.5194065097433438,0.5817196045994758,0.5105487874643788,0.6778315317635037,0.5195983154714549,0.42279117651568504,0.5462570407351476,0.45522931207069545,0.5711924847820593,0.7152602728161886,0.5382468782608373,0.5804991517721808,0.504065810612205,0.5915702883587394,0.5507173510928066,0.4440506326654427,0.48540768384707295,1.0,0.5887733523686987,0.6788980587929666,0.7052938533936184,0.5007589476745851,0.5946442044088891,0.5682125357534932,0.5814138622587696,0.512964262466961,0.6667327014964645,0.6327249858341971,0.46291879118722323,0.5692127157011748,0.6899009825646667,0.6999742494434454,0.4932574549037329,0.6211218225246651,0.41810175040241626,0.6227771236543421,0.5631226071986105,0.5960933543474308,0.5951699761197321,0.6353260525187306,0.6286657699831466,0.4551479690045803,0.6832965039263482,0.5141690205103473,0.6656255460881385,0.3623071120781268,0.6468702950808677,0.5329236646026324,0.6889354665139066,0.6865340755572985,0.37410984170874856,0.6785415008284463,0.5080958891417283,0.6736479188883951,0.6595011846449825,0.5522253259268817,0.6720281202599668,0.6477934052831466,0.677295301620115,0.693068535850089,0.5359902265677682,0.5356467522129249,0.6376094574565466,0.5001964182054722,0.5802906448028299,0.6239637750338366,0.47673663762505897,0.6227905970935944,0.6565959573836174,0.700194338969262,0.6221197584746464,0.42803988657268516,0.586518181698839,0.5435275482284454,0.4240625302048511,0.6346282160903305,0.6861555643294823,0.3935707103548477,0.5110575535439682,0.6774534692770586,0.6717643320071228,0.49452542889030576,0.6570807220083285,0.6058807032912344,0.5255886083462474,0.5573035370701054,0.5052595022805086,0.6505681025663563,0.4768791585677356,0.6841698247052777,0.5352839748120937,0.5441123712474857,0.5281244887771033,0.6621796220738518,0.7430040443715304,0.604950032799745,0.47179943295542937,0.47930593958095974,0.7301022650122817,0.6153529515472906,0.7291602777142292,0.4987303643661061,0.4557483061004282,0.6470954053417165,0.6118756472522079,0.554414091238664,0.44980279743648627,0.6774390048959066,0.7029516870342238,0.5508886185329677,0.6502205454940497,0.5128211222871171,0.38471043785771253,0.576018218143127,0.6108827231799502,0.5424289798026165,0.5784391486558156,0.483814370530135,0.5939265883771961,0.5358355492438241,0.5656343365860513,0.5322475127505368,0.5695059173543896,0.41519491197443076,0.6436313477659812,0.5465956878294304
arc_pair_392525,0.5997162518107562,0.429114039395915,0.783432825871432,0.7839870273835828,0.6356186197123875,0.5939105207316882,0.6729863202407611,0.5539263521881576,0.4846173018646324,0.1718273022219761,0.7918853414335321,0.7291757519934711,0.5915678384442711,0.4099641525707843,0.7969276614403367,0.7655340656004942,0.5218924853140057,0.4515713101730949,0.6885768208522735,0.646828861984476,0.547660698214464,0.6983781762593456,0.4317407391001257,0.430981224748371,0.7666451208660666,0.5677022180740834,0.7426247083002073,0.5910504761692129,0.6204357597488949,0.8217987063622753,0.6707227502544179,0.7211656405008187,0.3694870912145587,0.5493706313623791,0.4761613481821,0.5649504403687156,0.5626113782592372,0.5153164464107615,0.536340269671045,0.5274425027114997,0.5276013816265646,0.5832708367470796,0.3495646371860919,0.48274307652961734,0.5887733523686987,1.0,0.5671990440102994,0.7354953745769163,0.47881052304583616,0.5519236876243753,0.7468292547327171,0.8179674832813162,0.4506703554556985,0.6302219499749643,0.5790184458863017,0.6886334952627009,0.5503289649394763,0.7176185026206097,0.7412115530029235,0.49458439936686593,0.7339212361658277,0.41614388982925893,0.5325047095512929,0.5985691467417059,0.6721292624360806,0.673067886081795,0.5583983755117276,0.5389951735933395,0.42842844882946624,0.7206075140555942,0.5222445907557326,0.6246106276666868,0.3795218998150384,0.6034492934977056,0.5460230410677508,0.5953846050396291,0.7912772902475093,0.4533217475320873,0.7281680048262192,0.4968542625645891,0.8030903708696644,0.6188440467852532,0.561000533470204,0.7052247273626402,0.6510314406150854,0.6238034622771608,0.7205292817846065,0.5167637564887552,0.5920591609933192,0.5664668587174109,0.7230040815588229,0.5279593056993354,0.6445710067824519,0.4572311170648633,0.5751353545939553,0.6969173201554866,0.7096795119505153,0.7770274062121336,0.3349840064717217,0.7864960164812637,0.6154129974529603,0.4079537622017557,0.7969752260002068,0.7155334715565306,0.30010714564659063,0.5574905234399156,0.7054428320379781,0.6845309800250157,0.6544411416234993,0.6271278828405068,0.62552885152315,0.7246855956755394,0.5111811670618881,0.4949784178050832,0.6203951468428365,0.598808121749244,0.646274319480533,0.7202022142426541,0.6476059368337201,0.7404593909632449,0.6693958989930004,0.7680449458789407,0.5301655830901708,0.47187903615246574,0.48735976580319695,0.7199235288138502,0.6567807497757551,0.6316554437281849,0.5474979008211184,0.5309848388523193,0.6644259522643338,0.5810333169041422,0.5259631959773574,0.5929862864877354,0.6187275849385638,0.7193399935040115,0.4846220211195688,0.7257612059307201,0.49790629230382977,0.27111685462516205,0.6558392849057432,0.7156826223921716,0.5083634195040095,0.5886255570164838,0.4509280138371707,0.5897254287980929,0.7883168144678453,0.8437682053391169,0.5422167415135284,0.7729126936143363,0.38632753531286385,0.6499051076390043,0.6687174553734785
arc_pair_334393,0.5782947978029173,0.5228229042039658,0.5204739990310192,0.5470831957442411,0.6791490979029148,0.5710408143870044,0.5368225993152812,0.48915820710103886,0.5653798243229659,0.25143067368183436,0.5863408116954859,0.604676306121551,0.48134973915139334,0.397473826807287,0.528148220672777,0.5143500731145293,0.5907793711265891,0.47963513984569217,0.5903492456278464,0.5938922763289939,0.5596340748959544,0.6819036104275827,0.4170981155892028,0.554254889996102,0.6738302984021313,0.6652448014832736,0.6653277560475204,0.5769609541139691,0.5669325292957852,0.5161616470363367,0.667214297665128,0.47750143940536416,0.4577931948637494,0.5673322666059827,0.49792477498061954,0.6440703500927539,0.6809253689491351,0.534602936741243,0.6036779450257077,0.5004147188102682,0.5828888976573772,0.5634891413407709,0.45468235425136855,0.5183691341000696,0.6788980587929666,0.5671990440102994,1.0,0.6769953652310247,0.5219321257764326,0.6009909993193484,0.5412814253781535,0.5512464948052088,0.5971592646651795,0.6354799470719722,0.6573060596038267,0.5209411181069423,0.5857618795039687,0.6947806599263269,0.6436391067127015,0.5013085378229006,0.6139450040160984,0.42144159179459506,0.6576735251472955,0.5369436354705769,0.5928852762960468,0.6137166650208411,0.6516006160993841,0.6546023311752966,0.48477106870461373,0.6413696564058462,0.5372040627141061,0.6626803094544788,0.38124931372493337,0.6213039180709365,0.48828711960621674,0.6740140511766406,0.6797461656795679,0.37565933139491214,0.6452013967941562,0.5319726045523331,0.6810123332865073,0.7055907186957961,0.5821332448493195,0.6589884481952776,0.6079348547253591,0.6480441957942813,0.6428883210092448,0.5541039377003348,0.529876432252041,0.6653908105878289,0.5396416785757233,0.5478405646977799,0.6403583107852133,0.469393806358387,0.6324767515254479,0.6502912497148371,0.6848170432929953,0.6287023384436522,0.44854414856795183,0.543174137429058,0.6162362205316922,0.4095438792019884,0.6045643350916963,0.6971418931581889,0.39492989491070846,0.5449089685773997,0.6268566185100136,0.6886091654323224,0.45129560058769724,0.6378839430116446,0.6186718087713893,0.5361037025020131,0.5905981885594759,0.488563919507561,0.6182822813182219,0.500103466423562,0.6744972326706651,0.5403132311240803,0.5456067669410076,0.549350119391704,0.6167294179397157,0.6715970670205866,0.5833082658199433,0.5038699886446303,0.5398525907663865,0.6428656891625424,0.6302724369491165,0.6522035610244694,0.5195336015332969,0.49455064287314415,0.6288868951981215,0.5867216498977298,0.6049433772117234,0.5584329666417306,0.7454593878931235,0.6825902053636658,0.5746630627855889,0.6803751849607859,0.5182520954061172,0.43080578367983446,0.5725800631822203,0.6450992612533317,0.5646566917650767,0.5582779449345333,0.5123599666998003,0.6073650969536232,0.5246597338227572,0.5393694678313483,0.5791906988432859,0.5613953668268877,0.5348405730721024,0.6547364688676262,0.48239897301523194
arc_pair_626860,0.6364089469386723,0.4611326222140422,0.6658603811301342,0.6482934853259125,0.7741292526612634,0.6890380545416285,0.6415339202255822,0.5803569696669718,0.5649697135784916,0.18726873520309034,0.6712720262618103,0.7557257952244245,0.6384990377851781,0.41034833190671965,0.6577836460980578,0.6493386720429066,0.6705633078507269,0.5348665855590355,0.7429085760080714,0.6025415561369158,0.6364975076843395,0.7501017421775876,0.48041270269445474,0.4947181464461986,0.7947233947239237,0.6676684939304586,0.7811917625603102,0.558649628529842,0.6511396828619499,0.6172388074159543,0.7023303049606465,0.5619083992681827,0.3822837877527457,0.5903386587575021,0.5007509082959579,0.6024791164115864,0.7298775443961268,0.5610373310185188,0.6093881752267193,0.5934637907440456,0.6475204559811949,0.605270445176333,0.4325590923274419,0.5089628537275432,0.7052938533936184,0.7354953745769163,0.6769953652310247,1.0,0.5282882851834856,0.6209143494418241,0.700982168788404,0.6869233638379989,0.5174688552624019,0.7395325939311042,0.6277896889749526,0.6211473816173066,0.6184736443256221,0.7725606449297748,0.7852842902026091,0.5706442466862327,0.72058955333691,0.485849408088114,0.615070727286308,0.6609359580626449,0.7622095289478454,0.6771053849787506,0.6668365837158298,0.6042964327753841,0.44615593038291906,0.732220093037706,0.6165826124380495,0.717835394425786,0.43734918461331074,0.6721636308092865,0.6034533955673036,0.7095438134694592,0.7996948166158113,0.4549487329873223,0.7678589783586054,0.5366728075026013,0.8147396868670739,0.6675462632715078,0.6129735347645482,0.7811467626394925,0.7581983421273626,0.6688980124093826,0.7959208875055742,0.5915081216027412,0.6065609759943315,0.6408537756191272,0.6043421258330234,0.6229437586508451,0.6665814500893029,0.4854968260743844,0.76310097931515,0.7869362761591231,0.7998117915024958,0.7969951165546285,0.3854234674727224,0.7010333124310493,0.7069145472269266,0.46747201382967524,0.8096291846031692,0.7911898040950512,0.39120378506114306,0.5875028191352772,0.8084907633329751,0.7549718097888704,0.5843553325830494,0.6766099027326918,0.7655931210851591,0.5973312593122752,0.5828937329489193,0.5830944751378652,0.7096084821266591,0.591301817465248,0.781137748633717,0.656792977787161,0.688695097968445,0.7050736583792242,0.8099969780447922,0.7849857899389274,0.5859423304204516,0.5053429766863112,0.5244850163959731,0.789600963084819,0.6693212336502528,0.744091197146497,0.5601831012918644,0.6210958175420678,0.7996366727809953,0.6514558694701106,0.5660009757651723,0.5657319285451108,0.6807474352421862,0.7936426168498696,0.5407422923075036,0.7032481063086664,0.4979078735660019,0.3632529739865329,0.7033487983689998,0.7600996951716068,0.5937656289999313,0.6256659978008896,0.4968253208380923,0.6744174077715427,0.618692910525278,0.7140020435303285,0.5537303692723174,0.7124147274418536,0.4397789206672528,0.736742817105703,0.5237823950159944
arc_pair_589689,0.5593281335560454,0.4932350256817343,0.4777219806866296,0.44834375129007975,0.5358418899054568,0.39153295652823933,0.42318737482000934,0.4390333321259604,0.6092879612781575,0.29944848368254795,0.41029793174686063,0.4900275398847663,0.46139905065467024,0.415094470801359,0.36235565584074353,0.38056961035488734,0.48860213296181354,0.3971380110812517,0.5939928652039658,0.5129655533289884,0.4487339266573739,0.6458036643105256,0.3817283918149331,0.5965474728216023,0.5296402796986159,0.5294443247814401,0.4878838230692986,0.4445076216868123,0.4985475156060355,0.45673011132380387,0.559123301564094,0.3759181717967842,0.4952642397197964,0.5429858962123436,0.5530677717354371,0.6243889027205441,0.48672815813760356,0.6140143754962236,0.5600071458344198,0.4318644586079995,0.4412893046573285,0.39996910925422513,0.38873161099968295,0.48941175328258846,0.5007589476745851,0.47881052304583616,0.5219321257764326,0.5282882851834856,1.0,0.4856919966212331,0.47541680354054694,0.4338103240199642,0.5597388424899059,0.4619087730673146,0.6225882651390724,0.4803027281681227,0.4242083852494127,0.5519875827213806,0.4474761517380248,0.3861213160731584,0.4865491122738979,0.3919798638660979,0.6265960238090827,0.48622393501499855,0.5002237311719004,0.56409728741876,0.647127423958232,0.6209553135131408,0.5035934001458103,0.5222024895535351,0.4499981013664163,0.5440992349029145,0.37763586098895835,0.6371059262884651,0.37609913003103373,0.5496089052093722,0.6098715489038874,0.3321803944613777,0.44730996341086243,0.42733625441748235,0.5579101778383088,0.6033498877849452,0.5727995926314335,0.4323745457991586,0.4683558368669361,0.566236170869343,0.49271697683571597,0.40412005306414867,0.4802145528635032,0.529347547779774,0.40429529262006286,0.47692679950789235,0.5545265541000015,0.4284237173469524,0.4781161882921098,0.4742353614835481,0.45482556222293274,0.5031019014584661,0.4460658429135623,0.4297911230615324,0.40573375320044985,0.3669342774681655,0.49336147642323275,0.5848338995824766,0.4257049120902317,0.488874483054211,0.4901174528948445,0.5142490172124332,0.3965174136736522,0.6477223004059438,0.53580008038472,0.5332656612120521,0.5309107523264409,0.3754823626706215,0.4621043060592953,0.4243489233081051,0.6150639481168653,0.4235288581856985,0.3803568930756741,0.4636558777966254,0.48731694522697533,0.48047420114070144,0.42145877495519996,0.49126151335941853,0.4799857226527177,0.5255465914142604,0.5238379837847363,0.4979985613723819,0.5107726336268874,0.4676245284129699,0.5024274070604261,0.4714075562714066,0.565369721183421,0.4253148103766827,0.6686031033623779,0.5633274359985924,0.5728362791382057,0.5523506807340148,0.40787616999263565,0.49906026819750593,0.4853778890154857,0.5220934289564314,0.5174381602758424,0.43671256125730695,0.5007796095900903,0.45286328953448235,0.40843667197878686,0.457828219997343,0.5705457204587209,0.4844746266589305,0.4638576776304399,0.6172490447122362,0.3545634429915833
arc_pair_506996,0.5727324373460372,0.4404358039564631,0.5013136411102929,0.4873597963779009,0.580325446359872,0.48245458962770243,0.5116867241398135,0.4711669963041873,0.47968773798258846,0.18136448139575181,0.5240651068937741,0.5927447704322782,0.48090312089110565,0.37257923830934975,0.5120769748693822,0.5183068274875471,0.47212875925808095,0.40074252758533974,0.5663282406020651,0.5519245121885001,0.47695359983374697,0.6040063529145575,0.3999433255298281,0.44983876515017746,0.6975773602697627,0.5392915764413536,0.6217903945798614,0.49996450423894173,0.5461783839653805,0.5197377879692674,0.5103450035495153,0.4422545158119866,0.3814153890913813,0.5100799474014501,0.4473407834463782,0.5629197516015697,0.6301807455729584,0.5116664027284716,0.4690947943371785,0.5111989015841951,0.5046275050609036,0.5425379149485768,0.48035252601499967,0.3944418746699988,0.5946442044088891,0.5519236876243753,0.6009909993193484,0.6209143494418241,0.4856919966212331,1.0,0.5453181920394642,0.5778863926648438,0.48023718886342576,0.5582092687354525,0.6235451381226901,0.5229654447348351,0.4989152934877268,0.6071345400143133,0.6499182254966921,0.43580941690380065,0.6619900104191672,0.37014199915934387,0.5742134469838371,0.5339674408168762,0.5778632135049375,0.5347480669055319,0.5693556981759131,0.5601324368604741,0.42380526239840244,0.6070810474473136,0.4700501755501076,0.597298699659401,0.3755077380711957,0.5589579783988037,0.4556758599640853,0.5674199487820559,0.5870340620245553,0.359557075204211,0.5469854050800645,0.3914021746126379,0.6183295052515977,0.6171973616854112,0.5478476984256762,0.6032120581947987,0.5448873671065602,0.632807430822615,0.6315677828367712,0.4145872226332187,0.4994699011601672,0.5561721704081772,0.4957377857681652,0.49890548255726397,0.584887050990397,0.42526178979835555,0.4936930248539893,0.5920841393410357,0.5995464852786568,0.5862738289145352,0.364262651916885,0.5090858165161352,0.5415574542489898,0.34887097363601505,0.5461134644073937,0.6374593875779228,0.37181232158367744,0.4701093680363655,0.633252483137736,0.6136089471537117,0.5256470456319037,0.5921862345524229,0.5481642771234484,0.5106999186629587,0.5140933833474288,0.4921566389563436,0.6081238275847397,0.5292988297651706,0.6347041106597664,0.5346450442212942,0.5651372855086838,0.5127600334148181,0.5791702113626414,0.6532360928527909,0.5164975743685593,0.4423763391776759,0.48369110940035936,0.593635459133325,0.5956156299268561,0.5569981087957968,0.4441231737533419,0.44862414639634507,0.6418975663302579,0.49956285493306024,0.511162930973906,0.5011363169388566,0.6412355107548376,0.6114457858063309,0.5091871090719343,0.6220180392474292,0.41839815336736763,0.3390773819559512,0.5352644232489001,0.5920469200645511,0.6131846461034206,0.5027768946170964,0.47898549267157636,0.4984883021540076,0.5570819687345289,0.5391335708986097,0.5458883699031928,0.5267310623265945,0.3739281596449569,0.5916513887110445,0.4868340072815993
arc_pair_475509,0.5932753188123113,0.39165412509489056,0.6871845545071209,0.6248865011725488,0.6279989096366152,0.5128668893305275,0.7179692002552321,0.5315864864873495,0.4643731748249802,0.17239908416245064,0.701321375056083,0.6810776316974471,0.5091946529327431,0.3621442515518051,0.7458886343990315,0.7086453095825545,0.48868513534018515,0.48636574887237416,0.6438740170258989,0.5511302717707797,0.5109149269411041,0.620945760330953,0.39087742217332,0.4283386025727085,0.7083205191928945,0.5325252304261797,0.6581615061490924,0.4851788231213845,0.6527187273440171,0.7342748337925371,0.5563196614896365,0.677254918424303,0.34876781348585756,0.49480168896866394,0.4151969243202621,0.5194132518246259,0.5394642314254728,0.5102123605916589,0.45359291253845535,0.4970544611048187,0.5378358767424833,0.5709674881477977,0.3470095939774749,0.40966460914717256,0.5682125357534932,0.7468292547327171,0.5412814253781535,0.700982168788404,0.47541680354054694,0.5453181920394642,1.0,0.7648977249020639,0.47287152506894115,0.6060499915501594,0.5427479566591215,0.5971019044338628,0.5735105241832594,0.6054089535763615,0.7388219328384856,0.46375747287268215,0.6484512017113307,0.37537350697393157,0.523891112953707,0.5515610739465284,0.6418969730504852,0.5515076358159927,0.5418023425279638,0.5954662475457124,0.4067005977788312,0.6699340648830436,0.47013244616856315,0.5820786717873325,0.3688698140561014,0.5610931071437777,0.4600293468176093,0.562245708782515,0.6602875331074654,0.39031737067181976,0.6264731042369386,0.42602914712699735,0.6777594509230883,0.5869207566718267,0.5162134535560833,0.6502086222770618,0.599568787811032,0.6432879654438158,0.6608441561981679,0.4573765912781158,0.5487592257892658,0.5482619105164934,0.6344387685079887,0.47428437296923914,0.60818851096049,0.4344565837753399,0.5755987176780206,0.6732900727453345,0.64707674531047,0.6675247054428426,0.3594058374233427,0.7552692012394052,0.644470081314157,0.3685468547138781,0.7353981516525357,0.6754391905088757,0.29737164401229005,0.4930324491523374,0.6611615137181259,0.6881635231866762,0.7100669140723334,0.5902458744869331,0.5702263208615911,0.6520440143403857,0.48825756740020304,0.4833148351326404,0.5764125670284035,0.5901345199161119,0.6338062757999483,0.6577796950096413,0.6662094831170017,0.593030199454723,0.6092737578843899,0.6811973500015934,0.5408759286410066,0.4293733812138483,0.4774560393961394,0.6494551841445837,0.6138504130522463,0.6017801549322925,0.516843586759318,0.5012526226636153,0.5956289674952889,0.5042085669018771,0.4989804744317062,0.5361459355977978,0.5948485602723461,0.6831893941640168,0.5059067789866357,0.6838393955026563,0.45380911866884305,0.29469081988045465,0.5480949289454637,0.6347899982479714,0.5350277346091075,0.5182647792162797,0.4233347545660396,0.5085605492615897,0.7474919786727525,0.7878050002869647,0.49684997678261034,0.7328767044703561,0.3256557334181344,0.6134026699104085,0.5999807528529427
arc_pair_457182,0.679953158040129,0.38717865324264245,0.735338366550511,0.6959920936209312,0.6199237074095673,0.5603379944101116,0.7222650215707931,0.5377606987472379,0.45971432715737437,0.14125797526049863,0.7373768387574764,0.7793063393140164,0.5510048590352117,0.370692100672368,0.7493041289399035,0.7140338719559252,0.45763607352436725,0.4440795371846972,0.6673887168517648,0.5829808002501332,0.49792025795737055,0.6072858280643221,0.3890092195092854,0.39522156275598297,0.7212195477330868,0.5118908709045173,0.672594500061795,0.5026389198098932,0.6090051643466353,0.8060490206216406,0.5998369931900128,0.7309342002939024,0.3346732558422577,0.5139924338846079,0.41766388596931764,0.5005590817287959,0.536548059409193,0.5093413001525972,0.47650124060620436,0.49814570389336665,0.5431840562152961,0.6006550284959838,0.3304795690572304,0.4419304790159488,0.5814138622587696,0.8179674832813162,0.5512464948052088,0.6869233638379989,0.4338103240199642,0.5778863926648438,0.7648977249020639,1.0,0.3992436147552122,0.613193484294933,0.5590071453741776,0.6444277021959858,0.5372884945247502,0.6604796211507862,0.740935607948656,0.46736971950053563,0.7436327901655404,0.36741974098820973,0.4979552498320158,0.5709135640741919,0.6542153684331247,0.6210251546966878,0.5310775146081722,0.4884231051641349,0.38667143438707446,0.7793391018098114,0.48521092793407483,0.6257438856540057,0.38879146930144703,0.5592348930934642,0.5082030196928908,0.5818997659903138,0.69775577737543,0.42663045634192137,0.7312252054205459,0.4727675004324951,0.6927517990543082,0.5668668224433431,0.5340034916338128,0.6610482225595385,0.6519160767517393,0.6264820459529882,0.6927529415204854,0.4944641643033826,0.5577007320857564,0.5286723471815478,0.6518044788244076,0.4794533063146589,0.6297862562171436,0.48428885180858533,0.5245852053891331,0.6820441067499713,0.6599663731123051,0.7317049450781495,0.32648114268920325,0.7984406728749215,0.578248402893864,0.34089226488113755,0.7624365350366658,0.6586073182215785,0.26674226104216986,0.529096527886501,0.6633455337561005,0.6380977842035931,0.7436637987484335,0.5885094088225374,0.5746212157454733,0.6701157889099145,0.48147418549298326,0.5075228508542594,0.6034866614510329,0.6086406831921384,0.5972922501826474,0.6602819257204018,0.6336510721468787,0.6553849914127966,0.6403732731943261,0.7690414650282216,0.5324608671260164,0.40885888386853336,0.45601872941846033,0.702098835820463,0.6417258408745026,0.5935472949514928,0.5392558841148812,0.5118391483788617,0.6238646156863297,0.5660783021944462,0.48190593002912674,0.5558976633635927,0.5656848647504921,0.6567798488182293,0.4588191519322189,0.7111833745339922,0.4706958136253417,0.24790021544186036,0.6317420935154517,0.6672807534197505,0.47378122423570446,0.5158134399173105,0.4165931116293414,0.557976957048853,0.7975906037509934,0.8186198027271124,0.49591041866601576,0.7447068299609746,0.35523886020174905,0.5893221973662317,0.6605108304121394
arc_pair_193556,0.45827123254599844,0.6036591604280053,0.4308068917525055,0.4391511715196876,0.5094581978352812,0.36481089642493475,0.45431446990139274,0.38667221682970154,0.5109923910756781,0.38582698976025737,0.46938680808431626,0.4359517440041285,0.3732915568215552,0.3760916919077282,0.4064426955654671,0.40070201962206264,0.5310627287247489,0.41016861939576144,0.4608081190830892,0.6268008691088359,0.41102907275974315,0.6028986705679061,0.3580487930778159,0.6161096566722372,0.5098725969633312,0.5592990891261476,0.5490559394514417,0.5396065753111673,0.4420392504358752,0.45753950369041,0.5777960757318612,0.4073503845253517,0.5031004377245335,0.5024333442461262,0.525072130383826,0.6315042146810724,0.5148416947952454,0.4767545453582624,0.5463250445792834,0.37067979219050196,0.3937731993921144,0.3926412102659826,0.41800722614163754,0.4023713828526729,0.512964262466961,0.4506703554556985,0.5971592646651795,0.5174688552624019,0.5597388424899059,0.48023718886342576,0.47287152506894115,0.3992436147552122,1.0,0.42873464101685776,0.6622305396436791,0.472345053509608,0.4572296615908897,0.5248905623332941,0.45561648895437185,0.3662795889875,0.42830771613417645,0.38068149384744204,0.6590863614588048,0.41423788090551766,0.4423326588514455,0.4911035546183477,0.6442736648848221,0.703640611221502,0.591027861046662,0.4638346278341597,0.4078275035622089,0.4597714145545013,0.36472813559521833,0.5786957000915678,0.3748724335008292,0.5400674278440138,0.5652602513948006,0.2879667895257741,0.4726327508974327,0.3946295617318429,0.5159429647235139,0.6576919430927695,0.5799580580324244,0.45609676117501236,0.4315505707720171,0.569614082929991,0.44103770026206596,0.3667290118325052,0.5253857731889696,0.5881411540979519,0.4660099018168822,0.44592435432615224,0.5551284872196421,0.37009352400936235,0.5162066556060302,0.47778752952078646,0.46590519379190587,0.44550327599594636,0.48038872480764266,0.43829624680132373,0.4855556167379418,0.34166539298940823,0.4801293078888949,0.5722601227961129,0.4663891413380076,0.3734880950909893,0.42011930507471773,0.6178422722098487,0.3447338180596368,0.5244237085188359,0.4786032754073429,0.493359989138238,0.5803305910601818,0.36129649160582344,0.41580234380349684,0.39178091783665336,0.6107048067980003,0.41624474060786715,0.3656159151138939,0.433962358328549,0.41106541940800373,0.4772109465276752,0.4806091903808354,0.4823354678444924,0.5424749319152605,0.4790523472281691,0.5376352596500049,0.5141570370872429,0.5111633606437203,0.39256859898009955,0.4414929008417464,0.45807669301591153,0.6101268557055451,0.4356629806751984,0.6969247843863058,0.5488877681680369,0.5513522549538616,0.5966112188010264,0.40075711794073066,0.48047015192534626,0.4629865492669205,0.5658062801534858,0.5197889239218134,0.4229731907155078,0.5601667389988116,0.48014063867698414,0.4368849501250318,0.43300302671269036,0.6254930949982428,0.4271684981285603,0.48510459846292797,0.5489869578060613,0.401703855968651
arc_pair_208665,0.546282281837808,0.3902942962690593,0.5793363896750784,0.577724085388848,0.6776327256498356,0.6133719475345498,0.5269223936209326,0.534270801956149,0.485468009384526,0.18863432659146429,0.5737221784248119,0.680095619497415,0.6036555032140856,0.3848953716776507,0.56621967517148,0.59033262247817,0.5219169589161189,0.47876879068187045,0.6650627051234365,0.5109966812217782,0.7121197148501777,0.6412787397274967,0.4688867730395021,0.4397399675610172,0.6877521381066584,0.5757565422884834,0.6529569471961828,0.45732890723606595,0.6180067964836117,0.5583957575354712,0.6318801862879634,0.4464293216304959,0.33458096913649515,0.5673966801075517,0.4479025794255571,0.5297987562993174,0.5835575999233278,0.5221711847183501,0.5309848272802814,0.5062422293259953,0.5343748408156099,0.558025327752795,0.35880193823385703,0.46263000306458557,0.6667327014964645,0.6302219499749643,0.6354799470719722,0.7395325939311042,0.4619087730673146,0.5582092687354525,0.6060499915501594,0.613193484294933,0.42873464101685776,1.0,0.5313248153803017,0.5512724596603841,0.5647270770332666,0.7372204359253781,0.6880953769126978,0.5265531240234489,0.6787610302890168,0.46463412547087934,0.5547876963138034,0.6260857455308941,0.7315693674782874,0.6252298340303365,0.5826021367402223,0.5276493740215313,0.40769822031704006,0.6665725133496658,0.5619701665537284,0.6671449137171321,0.36615957761280415,0.5882173159024576,0.5443805952106072,0.660184663513373,0.6950544567874277,0.4401830601288461,0.671067366264545,0.5009053931018245,0.7470430905849145,0.6022719536867305,0.5460964463815976,0.732636243902221,0.651554485238407,0.6040130794913087,0.7767026364928034,0.6892603636494034,0.5171578801810107,0.5938796202598923,0.49971139691424343,0.5413530445496515,0.5942939207493074,0.4316813410080583,0.5679103224826364,0.7382191655196981,0.7155412409681183,0.6976932743548447,0.39477155839286343,0.5830585895414472,0.5828353619321853,0.49207620745069286,0.6724038950466172,0.7205079164022733,0.37537693717402576,0.5469725699228998,0.7005121143376556,0.6096214460452737,0.4957499321040015,0.6247051612885804,0.6946923731934299,0.5380721751159413,0.5679762934361523,0.48138700677898677,0.6678741411083094,0.5934103808011806,0.6278558660604212,0.6093129152907955,0.615338437450129,0.5916537882025575,0.7685223865900324,0.7110327194736463,0.5041730553263322,0.4021304946150626,0.4611690158909556,0.6460578197463408,0.6116761603211391,0.6604967246333068,0.5337236829295791,0.4750016339899482,0.7645394057396222,0.6366352508845111,0.4866887237568611,0.5009392998128187,0.6054985845091123,0.7288438004287358,0.49145814468878346,0.6176397125166416,0.5575179398944248,0.3325725574132226,0.5670906333500177,0.6526219506188432,0.5322547592011746,0.6079925914967542,0.4455752340474982,0.5973391329668538,0.5346674927521526,0.6310877114354437,0.5065789575463181,0.6823731280328609,0.3639732981278311,0.631213174883804,0.4861538751351714
arc_pair_594469,0.608160094629188,0.5692152913662659,0.5496792029856199,0.5426526733259655,0.6333295843872462,0.49302653173753447,0.5178567206514908,0.5143235496435273,0.5794791409450396,0.3054296765462653,0.5266925247163499,0.5984192258879564,0.5105315914348827,0.44109326865870196,0.47884018824068664,0.4880779332907748,0.5483840459223973,0.4948416424673913,0.6259150659419558,0.6429661941015542,0.48454300002521683,0.7175968637156106,0.4098331110999158,0.6293799251589463,0.6478984110918161,0.5904749610042902,0.6378432451814938,0.5523220221329318,0.5439086820445644,0.5640903323453134,0.6612697483539126,0.494790561630646,0.5016103341239652,0.5997875162274793,0.5728665190599865,0.6507231549060238,0.6547941591420549,0.5870518951467717,0.6164596440466885,0.4984251140491187,0.5153044342744357,0.537298265970604,0.47649330840639237,0.5254061569809795,0.6327249858341971,0.5790184458863017,0.6573060596038267,0.6277896889749526,0.6225882651390724,0.6235451381226901,0.5427479566591215,0.5590071453741776,0.6622305396436791,0.5313248153803017,1.0,0.5122296135712976,0.5526887613696506,0.6647713691175805,0.5860608125154153,0.48556731579995754,0.6008502458799663,0.41183272234689045,0.7299448190549179,0.5300069501224799,0.5485801717199202,0.6208711102497934,0.7305560545606515,0.7004084107040337,0.6068548601275344,0.6539396534118105,0.5560193957218229,0.6081565109018543,0.4528053978037228,0.6745385073260977,0.48996278637689755,0.6443901743949221,0.686389473460334,0.42497448261827947,0.5944071151580966,0.5161194887723963,0.635938745002151,0.7290937481201591,0.6081703107892097,0.5907516699848814,0.5896705709258055,0.6871962140139402,0.6011090466685248,0.47727629201445443,0.5602359707493244,0.6487698454774903,0.49918709755499374,0.5606017667747476,0.6802389697701993,0.48414294181063144,0.571228208048162,0.5772067866429779,0.5946926008460266,0.6095188475969286,0.4930111744114986,0.5172398191696569,0.543605242598962,0.42134892353615105,0.5767963288807088,0.6699499425730969,0.44749118022742423,0.5042176187881643,0.5893370997520184,0.6447191649235448,0.46873439678344603,0.6762526116916115,0.5690109306341642,0.5810276959144318,0.6099288107343978,0.48663849045710494,0.5563245691258354,0.49609069743983236,0.7115675493628263,0.5212008347815117,0.4738505837560932,0.6078931528061332,0.5581968343308921,0.642734504186689,0.5743584073501642,0.5859195855439095,0.5809143754198797,0.6634346126838512,0.6332041429571098,0.6137216331864608,0.5718867028067323,0.48705361432920763,0.5918833294804995,0.5767122355916228,0.6655784924815792,0.5922860693481409,0.7340320144963821,0.6199979010530134,0.6125427275150989,0.7200549804750681,0.5251136954815695,0.46217275676667524,0.5802603728007759,0.6439164133240708,0.5880002265800639,0.5102752204347478,0.5773717391868981,0.5624867214449911,0.5356042659173343,0.5361433687584314,0.6903047339535358,0.5400020012691651,0.5357568887169031,0.6555372186481714,0.4726856977872225
arc_pair_599471,0.5194260139822251,0.39156016498771884,0.5941399503900444,0.5847222673015998,0.5044270078524394,0.48883520980305184,0.6541447000469107,0.4765437955517897,0.44039768693457043,0.1784833851827227,0.6325314128979547,0.6187699707235397,0.4972192173913227,0.41127003537249573,0.6528744055466148,0.6682992769350239,0.46562756158279683,0.41168137316123943,0.5977107349028894,0.5849582375765722,0.46518020459028864,0.5774433698809187,0.4377378704376071,0.45738473059226814,0.6839722570053658,0.5472379830884299,0.6212766927690851,0.5310334420918223,0.5826606027755431,0.6568716625275993,0.5193812325275773,0.5369732604423957,0.3641997287068447,0.4649993936247345,0.467819755689582,0.526708940657842,0.4924529602323101,0.46344389709213024,0.44985107932886326,0.43742807978021886,0.43435709675997936,0.5033191808087408,0.3397188189576549,0.4360442126806668,0.46291879118722323,0.6886334952627009,0.5209411181069423,0.6211473816173066,0.4803027281681227,0.5229654447348351,0.5971019044338628,0.6444277021959858,0.472345053509608,0.5512724596603841,0.5122296135712976,1.0,0.440838419029992,0.608869776886559,0.6079330551730804,0.43913784548476553,0.6462819037949366,0.38096685424898824,0.5040025871744362,0.49987688653017626,0.5882228749384018,0.616623642055991,0.5623805368212627,0.5330151714263671,0.40592762709835295,0.6035522536636241,0.45215504600809686,0.581111743716191,0.35283694309387315,0.5318096341934214,0.43774051144896237,0.5092070351987916,0.6171854714986756,0.36058122915424007,0.5557839370522123,0.42216160185609836,0.6522140611643564,0.5790070597074946,0.5228000350280538,0.5873386683792285,0.5699914792371328,0.5236576791659678,0.5731330169239304,0.4351587347434962,0.5246751157156205,0.526222839567223,0.6432038735151697,0.45556111316684716,0.5444818327663331,0.3581949137760432,0.5009788978304817,0.5786872566214926,0.5571801322981994,0.6248587525733951,0.3218056686538948,0.6404268581756892,0.5151464772253281,0.30939589484395763,0.6211056162505492,0.5925320144734121,0.31338813542665167,0.4789787516397048,0.5673429948855687,0.6311288836703689,0.5593260094349829,0.5519086728368073,0.5869193035892869,0.5712995386618975,0.486363256862191,0.427012388667411,0.5405744717397805,0.5966835228839144,0.6052418556495555,0.6158780922533947,0.5652277411209425,0.6002117730095787,0.5553994459700611,0.5969258353758797,0.41672000767469497,0.40103471053246637,0.4652954149501519,0.5226382371459877,0.5595138382926983,0.527323602004777,0.4674050080545266,0.4682293159976069,0.5886444573937333,0.474810813823968,0.5058147716725956,0.5340055938054248,0.6199246030468206,0.6088916663299612,0.4298517085182743,0.6312982418682348,0.3795274672913987,0.29983656657712154,0.5709130385037589,0.6266776485950306,0.49939613557684526,0.5140171638184579,0.44968529374792593,0.5042762278686789,0.5889481226638721,0.6626752159077252,0.5296370890776471,0.6311949826082592,0.39729908988376644,0.527623768617968,0.5105961090006499
arc_pair_230163,0.48413668031148466,0.433834900880715,0.5229540212792304,0.49958701174439385,0.6543864158713197,0.4970536747046906,0.453057499519696,0.5826941238073605,0.44179366063159625,0.18378520766379586,0.5325013083883978,0.5550238065540288,0.47517595576760574,0.369328634576478,0.48666936003595035,0.4346433378165202,0.4719328018087609,0.5440102727544286,0.545980932113799,0.4714980820432432,0.49682382658793617,0.6212089453948609,0.3657946851916492,0.40737160359502245,0.5995765784051968,0.5456961056840353,0.5439009546357595,0.4705511244349049,0.48546098424939677,0.5353557763816282,0.6476468498875123,0.4323476006271543,0.33107102748732686,0.5138366319803575,0.43196328286643,0.500405750018405,0.616241626875419,0.5762773546185097,0.49738111566489285,0.4875066906445398,0.513295562866605,0.5451738571738971,0.3733459833416158,0.4652057683999709,0.5692127157011748,0.5503289649394763,0.5857618795039687,0.6184736443256221,0.4242083852494127,0.4989152934877268,0.5735105241832594,0.5372884945247502,0.4572296615908897,0.5647270770332666,0.5526887613696506,0.440838419029992,1.0,0.6169510357031006,0.5803098462634686,0.4145828799091956,0.5760586310496394,0.35666886908368045,0.5344508646482351,0.509162604534187,0.5293403287109771,0.5377345767249743,0.5473226414302375,0.5281330747671499,0.3982903350866353,0.5780257440334108,0.5066195203557158,0.5840093074943936,0.3259574490546317,0.5546646052138349,0.47648599894359195,0.5993929801834003,0.6316548358118382,0.34542189784700916,0.6178914654374833,0.46778807097706765,0.6324154512804174,0.5891565909539234,0.585925951087063,0.5943481057018364,0.5266915414095252,0.6261784157027712,0.6296687966823113,0.5025848005270454,0.48492345985682284,0.5447632623837275,0.4782204711500006,0.5538811739427081,0.5716734470781347,0.3879441071109296,0.5132792153335356,0.6389990222724716,0.5929447208642392,0.6102017549180812,0.4134619354165299,0.4821378050469644,0.5494722293060134,0.4045701117350135,0.6176488112572776,0.6702858886704385,0.33256873695640865,0.5064428635057405,0.5923473630886961,0.5426022992281718,0.45906884765923545,0.5322149096666575,0.5544392443768299,0.4932492225347041,0.48103742347348605,0.4995630373627186,0.566933583820203,0.40827013562260694,0.5502043553744217,0.5457735308480508,0.4642273111220913,0.5554140356308948,0.6113525041132546,0.6010028519982451,0.6280033958886952,0.4233641742116637,0.4435876191672546,0.6432187563373027,0.6201940419243774,0.6228348697420807,0.6619332602756217,0.42816268542972635,0.601806262062637,0.5668780013025516,0.4791344769330518,0.4656823514014207,0.5755107203886218,0.6039211669842312,0.524031422532536,0.6353727369102401,0.474050150503083,0.30995734621175164,0.5511286294924678,0.5787462515392715,0.46345982459168206,0.4587983363907969,0.4336351627520882,0.5413191409487116,0.5042024305603428,0.5555873455585888,0.481211516162135,0.5593308173813665,0.3795012577137195,0.564586948496679,0.4378316965446195
arc_pair_146925,0.6182963559778637,0.5022069439773461,0.6904346057598343,0.7072175525171379,0.7211751567380018,0.6263961368364462,0.6007263567500979,0.5826887448494277,0.6255572350791497,0.1981802478171887,0.6884488253555073,0.7275809659926253,0.5813596885682413,0.44606396167349976,0.6572010480547892,0.6549953569755674,0.6714177900307632,0.5395829219570122,0.692345016644141,0.6233004858610337,0.6023761344851394,0.7694071752939382,0.450609756367609,0.49709991873550147,0.7710576759018236,0.6796399874367273,0.7204432021260341,0.6219785479191706,0.6578909852048218,0.674626537600644,0.7152851113561578,0.5537219836532643,0.4218885914277245,0.6345193513477495,0.5273029816951157,0.6512886004795867,0.7235578567644428,0.5973811947818085,0.6191137918258506,0.5707068651951485,0.5888696054037204,0.588501184072566,0.46214872171083277,0.5956346449954247,0.6899009825646667,0.7176185026206097,0.6947806599263269,0.7725606449297748,0.5519875827213806,0.6071345400143133,0.6054089535763615,0.6604796211507862,0.5248905623332941,0.7372204359253781,0.6647713691175805,0.608869776886559,0.6169510357031006,1.0,0.7118632935648413,0.5942003532046036,0.7895760275316981,0.48448333163182233,0.6265421257993682,0.6281047597626378,0.6745407986315154,0.7282270733664669,0.6487975278521106,0.5861855119436227,0.47293754360790996,0.7495381329284594,0.6009922612067102,0.7586063625501936,0.4245423877784568,0.6883626325633043,0.5530161131695686,0.6862831713079263,0.8171341654399044,0.501471957464464,0.7208760739399118,0.5120806785326872,0.8146027733842016,0.7390293373469318,0.6357595920012641,0.7518649834611559,0.7237450163629073,0.6958382928179858,0.749055348514701,0.6241239520424539,0.6367147202474416,0.6405997771378172,0.648526151064889,0.6095186912730072,0.6910649133213763,0.4805149814327183,0.6852624139868707,0.7699433446123466,0.7538892940938802,0.8054534079165437,0.4271306076008955,0.6516670921641423,0.6091560582683345,0.4525102412359767,0.7390856829438827,0.7863796616454286,0.3992340203281163,0.5792118943635933,0.7219109185313769,0.6872205088349372,0.5493620589467745,0.6775400811689053,0.7239736597921701,0.6983630263364695,0.6363280680244865,0.5525943185654605,0.6473544657402037,0.618110861128113,0.7343286534722344,0.6381570884920124,0.626974048991562,0.6574759804852351,0.7378971162039165,0.7794000659323541,0.5929269119653381,0.5402651261075385,0.5464260142322848,0.766418103924052,0.7401963143493292,0.7302472015865926,0.5761533154848825,0.5636134899462378,0.7458433469660486,0.6615841871715259,0.5669492154990536,0.6418755373542825,0.7172088854377752,0.7354267071878093,0.5528176498744157,0.7403787827182071,0.5305419510195878,0.36926543122516436,0.709676235190043,0.75553469537417,0.5893798083838435,0.6106924286022112,0.5261096592915323,0.758054333907369,0.6170930349367183,0.671591768293845,0.5846788551232593,0.6939670137594997,0.48637020160890787,0.7885775156064951,0.5766806745640813
arc_pair_54246,0.6205208310886662,0.43920914889646834,0.6300630802336011,0.6287241131488724,0.7006871630511661,0.5834356595193937,0.6729318780638858,0.5272655770261678,0.5319644074478211,0.15361981526347757,0.7609069891253387,0.7247956828452465,0.5607562726023839,0.3694338789146913,0.6967335479308399,0.6697739176760356,0.5690850726867316,0.4839161869253125,0.6541071226813856,0.6011226617150202,0.5477233639702819,0.6547945513051189,0.43712600858672984,0.43404237725259565,0.8003358616154794,0.569665673613512,0.7707213139970873,0.5773147248187643,0.6544469949845164,0.6348206925140034,0.6643630919087942,0.6651917268734852,0.3992392994615808,0.5252746252780837,0.40568212804940856,0.5837483354542292,0.6951003738898304,0.527548943440122,0.5648664303880215,0.5592495833815487,0.616154934860143,0.6750470052892937,0.37999701948258463,0.5262182536842847,0.6999742494434454,0.7412115530029235,0.6436391067127015,0.7852842902026091,0.4474761517380248,0.6499182254966921,0.7388219328384856,0.740935607948656,0.45561648895437185,0.6880953769126978,0.5860608125154153,0.6079330551730804,0.5803098462634686,0.7118632935648413,1.0,0.4788663385385959,0.7140494364119796,0.4188469826707459,0.5478230643399477,0.5927004740072983,0.6491259015439658,0.6116461527834502,0.5784745004712543,0.5538373616723764,0.3899668870075953,0.7497737205474345,0.5369784651407762,0.6826905579885663,0.38872685687458897,0.6016437518087169,0.5716765294772773,0.6632895054823921,0.7031284302807931,0.4016473906512426,0.7641997023042397,0.5055978834007138,0.7350356621291688,0.6711200653445512,0.5595756383487102,0.7920091424654447,0.65445689809984,0.6842825163628053,0.7341511435273775,0.551459659637873,0.5472241006626963,0.628302755345918,0.6667870410790967,0.5645742715602372,0.6505293340056111,0.4794608401753452,0.6474948544795434,0.7604137210314421,0.7507701716777984,0.7143226802081276,0.33787194054999115,0.7095762454651697,0.6824795618661613,0.40264496706385267,0.7528612701262954,0.7221550649072135,0.3365812337844593,0.5989964277728865,0.7563401915812554,0.7469518842757746,0.6632199128818925,0.6540394781794596,0.6087432698734604,0.6328113795949456,0.5071735026753267,0.5338360580612693,0.7251545816896813,0.6134092449108183,0.6857279679621202,0.6909280663503465,0.707058143979553,0.6504125055480766,0.6934351839053654,0.8189020274270967,0.6126435815840611,0.46009633295767954,0.46830637894462124,0.702371307348694,0.6436657621872355,0.7046182002854089,0.5092280269843271,0.5486973350649372,0.6914117772230465,0.5947726499587007,0.51015576495643,0.5565257740237646,0.6693266334143272,0.7319242858960219,0.4823238084620674,0.771018161975669,0.49044154823989805,0.3113686205326686,0.6234082458712356,0.6841181592508051,0.5333855776892437,0.5984500101455965,0.48719128962632624,0.5925886702144676,0.7216596906915046,0.7475980405949078,0.5001642279485536,0.7062411551629832,0.4032962035669595,0.6281841407185942,0.6416281526605171
arc_pair_316997,0.4514593403804959,0.3322910540020304,0.4852681788272705,0.5003045793669044,0.4993149722828781,0.49861611191200184,0.4679049377687489,0.3927101233621093,0.41161253356141464,0.1620713823871296,0.4606320568016352,0.5072979034300759,0.4298406905210666,0.3474326696272742,0.5041603827618582,0.4959319750582123,0.4751458872910958,0.3599488495803819,0.5425285799688777,0.4410283979839404,0.4967426747406275,0.5681163227535719,0.36588744786185906,0.40320330978225105,0.5685095229803314,0.4816802308590689,0.5113667951647268,0.4185462652529068,0.5496680574788393,0.51149385922522,0.474452020589228,0.38147341622579284,0.2885931557413987,0.4532370967240267,0.38827649047951623,0.4298533180331809,0.4781374102331624,0.4199698043855933,0.39594000484740666,0.3984936611313098,0.40967896067200527,0.44166309923348923,0.3634001596628956,0.40966810844559126,0.4932574549037329,0.49458439936686593,0.5013085378229006,0.5706442466862327,0.3861213160731584,0.43580941690380065,0.46375747287268215,0.46736971950053563,0.3662795889875,0.5265531240234489,0.48556731579995754,0.43913784548476553,0.4145828799091956,0.5942003532046036,0.4788663385385959,1.0,0.5759404850666029,0.3563562374222242,0.46135643425885275,0.4725047920419731,0.5438753009473557,0.5279074568372888,0.4915252287151815,0.4962746492084744,0.3276448536868893,0.5239959353793575,0.4399760880923747,0.5092534100097504,0.3290703329002527,0.46251402781313244,0.3837170425789511,0.5046105599394439,0.543266855327566,0.4060101895815113,0.48979011591849747,0.35643495406224374,0.5675442896392601,0.4952394582818481,0.42248558289433197,0.5405232253845678,0.5843468149127738,0.5462903634068585,0.562092674722832,0.44830641183113296,0.44300848570918666,0.4861747896092257,0.4408909360266808,0.42616628261775125,0.4645720277474991,0.4385148393234532,0.4347270272245583,0.5565247704359942,0.5260619172942925,0.5920806551096962,0.3247045690416422,0.4747870608287273,0.4466025928883743,0.3869367571018042,0.5213647654651613,0.5898370536703258,0.32165508641434043,0.44352369579243334,0.5311790976134825,0.5447357048617045,0.4180888023228701,0.4772493845905825,0.5235825401926121,0.5033711316948407,0.44956720614572754,0.39917464475662695,0.4552818039617917,0.4733481688276519,0.5238667641299921,0.5134161024591822,0.4540988940223686,0.431353540578113,0.5407615886354983,0.5460230806956178,0.361716596790427,0.3844053189651839,0.5276682276111709,0.5527296707868016,0.5277353277465202,0.5070214280907744,0.3562886337279168,0.4086269961541199,0.5643651624680928,0.46162106829143484,0.44587716666933525,0.4304325078131575,0.5133959848149413,0.550575995088205,0.42375794365219666,0.5073128134294752,0.3659760134101926,0.25999310967374656,0.47963063766180064,0.5196865803441134,0.4678605885322975,0.42709364475763595,0.3785390725600783,0.49300225649682994,0.4458838243880816,0.48004790592274044,0.4593740072826191,0.52228707559109,0.31538287572624196,0.5572640041780363,0.39314471975405096
arc_pair_445388,0.5726201265619973,0.4067481241094216,0.7362351384347925,0.6887893347097385,0.6241437623398206,0.5875577131774711,0.6978155830491423,0.5468559720876984,0.5107294202806082,0.13237952584363594,0.7026203622156405,0.7630841907131247,0.5660716842964488,0.41662858343490516,0.6757957603204799,0.7055016694087473,0.5506088269500752,0.5011893504282064,0.6964808065372696,0.5514809757572453,0.5454128986061365,0.6699381873208792,0.4450321565547906,0.39464269096648213,0.7756166454929218,0.6043502917507064,0.6657834802980555,0.5421890692348794,0.6635232116568791,0.7334824630908954,0.5925222617524213,0.5584834429386463,0.3292447134083506,0.5930276712197925,0.4547208656508764,0.5333249489329637,0.6710897207996693,0.5613243562699018,0.5005698134482639,0.6002264417645297,0.5326337365142322,0.5861104098341806,0.4050840118299117,0.4865973296725165,0.6211218225246651,0.7339212361658277,0.6139450040160984,0.72058955333691,0.4865491122738979,0.6619900104191672,0.6484512017113307,0.7436327901655404,0.42830771613417645,0.6787610302890168,0.6008502458799663,0.6462819037949366,0.5760586310496394,0.7895760275316981,0.7140494364119796,0.5759404850666029,1.0,0.4321040391960249,0.5306716287930758,0.6151887362851891,0.6605156534624578,0.6757149926074982,0.5648595382002437,0.5006870486988594,0.4053272569401607,0.7272188055198084,0.5827832439269076,0.7091485138355598,0.4070238821640284,0.5826300402769401,0.5273870459167803,0.6043084593103516,0.7077977219951975,0.4870554988103984,0.6432730070924603,0.42030127084974056,0.7368981223955923,0.6249645853575511,0.5966023309484842,0.7270578114736532,0.7049328196545493,0.6908262278965256,0.7859703903727544,0.5315242501578521,0.592564055785206,0.5209984980554775,0.6681013859297,0.5549989808044798,0.6305627900084627,0.45951551373005345,0.5430555291073668,0.721888517940635,0.664500477718721,0.7921490360011835,0.3741158298419335,0.685090118380671,0.5782187302783031,0.40791801790587046,0.7310779631589489,0.720243726191565,0.3209674459069608,0.5544014263949373,0.7415052652034284,0.6522082548007471,0.6695833090929957,0.6242276479030631,0.6967184256860016,0.7212624012616841,0.5281209584551069,0.5382433491234657,0.6187537926918689,0.7006447865588473,0.6627292959186493,0.7420654094318284,0.6673311081489951,0.6110075266118843,0.7034505552836661,0.7891694845720871,0.5106384645754795,0.4400693735776057,0.47104526356331816,0.7335193283298463,0.7279657733564661,0.6404682655837118,0.5011109269311377,0.5050015974301341,0.7493651445241123,0.571207813529826,0.4984145310270852,0.6677436123638076,0.6055000864692014,0.7219549962291109,0.473793330430728,0.6664244157988503,0.4717649769274656,0.2685047611913451,0.6627589540175499,0.6972431465319183,0.5265118186179923,0.5534291601968013,0.463016225698082,0.6764840047543166,0.6614396940825391,0.7078182032934145,0.5275269718762583,0.7542447022214127,0.40659331653452885,0.6859225089997977,0.5946114397642744
arc_pair_483514,0.38987573338118997,0.3181955364896242,0.4333616178934112,0.4025839839046614,0.42009887446199445,0.35393319438289716,0.34640938510358,0.3021471215941968,0.3980673670466816,0.16796671738575428,0.4289208893072953,0.39658628813069474,0.3503293253698238,0.24808195215555434,0.34397685857469956,0.43862455031153097,0.4229364816586101,0.34317194172411813,0.39128853303710326,0.42364816879059913,0.4807995401531991,0.4702217246891895,0.36523258014516297,0.36326801580604434,0.44903409723619053,0.3695540864448538,0.41699470775648345,0.44712649066579574,0.4105564130767862,0.3946824151571973,0.45594956386197333,0.27477827905405816,0.286248155633079,0.42343036180689475,0.34220627553147265,0.5017324302753436,0.4250987459882208,0.36587672883619726,0.49130362564876795,0.3316121443031638,0.4176807205177721,0.393759548074376,0.22886529455233146,0.3151462137301133,0.41810175040241626,0.41614388982925893,0.42144159179459506,0.485849408088114,0.3919798638660979,0.37014199915934387,0.37537350697393157,0.36741974098820973,0.38068149384744204,0.46463412547087934,0.41183272234689045,0.38096685424898824,0.35666886908368045,0.48448333163182233,0.4188469826707459,0.3563562374222242,0.4321040391960249,1.0,0.4367473979877069,0.35887312600172877,0.4864910980832899,0.3713849688390221,0.4571024582395157,0.4444463837243992,0.38954074906746666,0.4071033449597114,0.33765234949069733,0.38953226301911825,0.2082825066938681,0.4319448358178893,0.3473712862137074,0.4393755982171932,0.49211865939501814,0.25071702188468503,0.39567894633410056,0.3198285420553492,0.4709898564466059,0.43351888357135443,0.4964300574592083,0.4405886859152937,0.3496037677018019,0.40284033058774166,0.4523409832460987,0.3604221042616013,0.3833473714367641,0.3809202054473182,0.4175459167877327,0.375509837563146,0.3755086742394899,0.3091767698499304,0.4076389148978916,0.47203401114910076,0.42388392246338513,0.42718064781132703,0.30581652975552964,0.36656386261082485,0.41216885102025824,0.3321616435586446,0.4665565087159792,0.45573139926935463,0.2828729645562932,0.33159671199245266,0.4222089967558044,0.43382085426457007,0.32405899850386227,0.43724392656832184,0.4484249738306802,0.4191518075474503,0.48441016032192985,0.34475312288155446,0.4048262520219469,0.35649437832812675,0.5053036074742239,0.42225462594085195,0.35635120635206813,0.36327179363254114,0.44609814332335423,0.45551952380519634,0.34939500263887646,0.3152342172560936,0.36254259826926927,0.3830370157995392,0.4421038886503779,0.45884002589733236,0.38827355931718116,0.3741530540574968,0.4286904503257665,0.4518451150987758,0.3825926131842099,0.4453414331485786,0.4922752347921339,0.5391420712676329,0.37241422781011646,0.43499481648717353,0.34045151636512566,0.29743710976596577,0.4017403696524299,0.43858593882637065,0.43698848369461346,0.35668418555655046,0.35408371379951237,0.40820084458000466,0.32989760475113133,0.4015362746857645,0.41023515387645365,0.43143767491639456,0.27919139363233914,0.478655170450944,0.3315911446988055
arc_pair_669902,0.5506827148727431,0.6191066659637993,0.5323826225588666,0.5355740722211286,0.625157664458465,0.47396712163082577,0.47317103095317564,0.5002168635692694,0.5938710945055635,0.32188738045912935,0.5256481990958024,0.5405003014613123,0.4941793396199372,0.42394563179603656,0.46445333496992974,0.4599776540026638,0.604343816763155,0.4629126892870398,0.5746305509707555,0.6214375524238116,0.5088148983415708,0.6792814801590866,0.4159300482464442,0.6821845088756261,0.5879125464520077,0.619987150390677,0.5979893300506615,0.5400701386065111,0.5416534847064858,0.5202995002281249,0.634039268866414,0.42849806917222155,0.5209575365518924,0.5664366040733312,0.5794577179018792,0.6795218279220264,0.5962936620964678,0.5301537709997208,0.65730338191794,0.4630714543170541,0.5095516307599103,0.4690432746327459,0.4627269392494274,0.4938577448039813,0.6227771236543421,0.5325047095512929,0.6576735251472955,0.615070727286308,0.6265960238090827,0.5742134469838371,0.523891112953707,0.4979552498320158,0.6590863614588048,0.5547876963138034,0.7299448190549179,0.5040025871744362,0.5344508646482351,0.6265421257993682,0.5478230643399477,0.46135643425885275,0.5306716287930758,0.4367473979877069,1.0,0.5202936985588296,0.5433281651845583,0.6046495619048415,0.7309042802888291,0.7327668698508952,0.5828036107301084,0.5954578902863625,0.5118811873610374,0.5646774443955045,0.42693513675621825,0.678021020977688,0.4654851271939986,0.6401972015460232,0.6657215557963643,0.3777900884962081,0.5529877802805884,0.5269446176287162,0.6380775774186848,0.6931365244550789,0.5936768460035755,0.5447422668271403,0.5308172048946533,0.6104055356750434,0.5460635610615697,0.4755444539609347,0.5486484834762849,0.6587928616435946,0.4972135186362547,0.5316140937774559,0.6417200228324939,0.4826154529599559,0.6160340165922861,0.5620970073489702,0.5881333966086415,0.5469799628197641,0.5124199097124276,0.4922210927274016,0.5089826516507588,0.39109774385115575,0.5660653571302183,0.647312632648139,0.5035119400979344,0.4679990791808322,0.5365717363582242,0.6327152069963865,0.41270742056944265,0.6587814528872536,0.5881862331708392,0.5615763393678311,0.6192574161528513,0.4144382764601726,0.5264627804423946,0.4892170613971504,0.6867649509177353,0.481676291110167,0.484033280177699,0.5397847166347725,0.5452942977347719,0.5872615612624839,0.5416142615344633,0.5576063618215606,0.5530443688248577,0.5607761603553543,0.5662634844166308,0.584868016000285,0.587488060800705,0.4872599048332466,0.5739195887947559,0.5729473781988031,0.6848346316376717,0.5191025011192804,0.7518633185621721,0.6515179955483259,0.6104248100394547,0.6589420556363204,0.5198934271916553,0.4936978372371743,0.5295115483342367,0.6361000379057168,0.6375396472371184,0.5031358018461672,0.5996044596870943,0.548384692500257,0.5067913253070803,0.5313892142236054,0.6733179777387903,0.529144824446897,0.522310673836887,0.6440904960596843,0.4532772144909547
arc_pair_107064,0.5491475976993536,0.4280494137729009,0.5258101183401511,0.5194569933369536,0.591625953775631,0.5160514103905921,0.47558316328506717,0.5131831952545054,0.4990662288474008,0.1588664730780968,0.4990103582584362,0.6006500261510616,0.5733264058683295,0.3258535418904998,0.4900406958451762,0.5316761527631579,0.5091215530952293,0.4480722328569444,0.6272455526934132,0.46179190936867703,0.5190676163524798,0.6019493170757835,0.40945946398679833,0.3865047814596742,0.6357921954224901,0.6309368087441717,0.6045807795747843,0.43262610175827726,0.5558018621379026,0.5055704910201488,0.5688855897018492,0.41912447269260017,0.3219122271524439,0.5340177502251521,0.41699150364583243,0.4990886339074708,0.5194638037340864,0.47387780571989513,0.489277243672907,0.5337220068768811,0.49912045815424505,0.4904304953221611,0.3951012091200673,0.4906971546997917,0.5631226071986105,0.5985691467417059,0.5369436354705769,0.6609359580626449,0.48622393501499855,0.5339674408168762,0.5515610739465284,0.5709135640741919,0.41423788090551766,0.6260857455308941,0.5300069501224799,0.49987688653017626,0.509162604534187,0.6281047597626378,0.5927004740072983,0.4725047920419731,0.6151887362851891,0.35887312600172877,0.5202936985588296,1.0,0.6354428829945087,0.5727684243405773,0.5255066438616243,0.5004428306422714,0.37877876471082783,0.6143188033103664,0.5233110896474191,0.6287205932129174,0.36647676713971933,0.5577270719522698,0.4965095894760162,0.6070410417089054,0.6660349484898161,0.3839742968408571,0.5933043316418302,0.43150733866146823,0.6775831833379422,0.550269273373984,0.49800477599914206,0.6299280707418131,0.5667573496381547,0.6194078009989649,0.6818004647521655,0.5111646931011609,0.4619469305470753,0.5231857432747653,0.4460706239429774,0.4787514953553721,0.5698428307361503,0.4091358538359399,0.5144026056379754,0.6092683610542282,0.6226901656766509,0.6434951631292074,0.3645553791674185,0.5333601464842795,0.5599125162880659,0.38481707087023986,0.6064180677690238,0.6495276910903854,0.34762608133729883,0.49798906995745457,0.6455324385679198,0.5422056538106736,0.4686905135294557,0.6137350243558781,0.5847992677565841,0.5075640197945237,0.4551465592492567,0.4508295917012139,0.5835520192015916,0.5517170589563614,0.5832427357461114,0.5332129490947537,0.5306981565752776,0.5444887908627625,0.6654029946270149,0.6441587399348438,0.47820153127751214,0.5127207217337422,0.4450810580220304,0.6439205278484211,0.5476980212478448,0.5521180560767243,0.4652779101126975,0.47888569785264123,0.6540923047637928,0.5073364704759707,0.4500135026520462,0.47939215046086675,0.5722054766704727,0.647550592384454,0.5072685496286092,0.5744113192252679,0.4551002531644396,0.30020512338932176,0.5306138714215087,0.6018019849416262,0.503323438199328,0.48765521481936147,0.387871945396104,0.5589665639553991,0.5113041465864684,0.5625594765424301,0.46614795910583073,0.6335863596910513,0.3532469342506,0.629161171210378,0.44162532804383725
arc_pair_168210,0.6245536123107477,0.38808062899383056,0.6167508444337109,0.6119389716668872,0.6328556000273059,0.5766924432284465,0.5970099965230626,0.5131002038970348,0.5192874614366277,0.16973833607850583,0.6280028407919795,0.7355258387793938,0.6462363683817132,0.3625835411100216,0.5774509910058182,0.6688867881510805,0.5608951650926511,0.4401231492264829,0.6962622221223657,0.5525250971029142,0.6091126167527626,0.6886695248253224,0.5078567147063259,0.43919125880914,0.7437878026911704,0.5806429228617797,0.6405376289332847,0.5041515861605509,0.6419911896243543,0.6307616135593542,0.6255375132032261,0.44462541905559855,0.33295960211237857,0.5869835294459701,0.47570455700663977,0.5549292351979301,0.5628624341488496,0.5077083925274051,0.5530476418645309,0.5343189554725553,0.5894198838988236,0.5843437737656513,0.3890571121460788,0.4485179613669996,0.5960933543474308,0.6721292624360806,0.5928852762960468,0.7622095289478454,0.5002237311719004,0.5778632135049375,0.6418969730504852,0.6542153684331247,0.4423326588514455,0.7315693674782874,0.5485801717199202,0.5882228749384018,0.5293403287109771,0.6745407986315154,0.6491259015439658,0.5438753009473557,0.6605156534624578,0.4864910980832899,0.5433281651845583,0.6354428829945087,1.0,0.6249904989884513,0.6145651377529068,0.5615557680749084,0.4192272794164476,0.700647660921093,0.573856121380162,0.6347527671347812,0.42098878962780173,0.5749014088995679,0.5066459426481411,0.6438198303667089,0.6770206688139886,0.40102449580090144,0.6224263987480312,0.4775276762103483,0.7305464155510719,0.6005146227251883,0.5922428822980637,0.7380582813922656,0.6328568677630614,0.6080883963003069,0.7216702227238091,0.5274954837882765,0.5471626149105226,0.5822717857610243,0.5516182986699293,0.5716224265125817,0.6027437002870231,0.4071770648405905,0.5700827812182732,0.7139963640536398,0.6852247757627784,0.6764339340710956,0.39256853818067655,0.6061682525954148,0.5939904041513553,0.5087251469439226,0.6786995909390321,0.7069729966796972,0.37360580428632695,0.5385742117032062,0.7048881415282386,0.6212628621294308,0.5699566174016134,0.6486435710427187,0.691256479772564,0.5802321091267663,0.5565040273765537,0.4976999100933444,0.6628295118466,0.5643272290311474,0.6786330811456641,0.6183053974498361,0.610532830182438,0.6045200969893899,0.7431913952142436,0.7007692780742774,0.48530410445531774,0.4339440505279485,0.5018862280237508,0.595391394708933,0.5935950588289153,0.6228071009411904,0.537920914553201,0.5307292913813395,0.7344960795325153,0.5370643458981031,0.530589255499613,0.5571541693477021,0.6344177861252756,0.7820532570628,0.5104487291901271,0.6378620155611641,0.4460589682167992,0.32472751366763014,0.6018775716329706,0.6538381201516336,0.5968702956896884,0.5886531396594202,0.4240106077415759,0.5520578683915339,0.5810847872629028,0.6269536821029863,0.507749530205063,0.7135121965338479,0.3464941128616655,0.6586912188711372,0.4968262395262953
arc_pair_337659,0.5893419066080609,0.47017586716226956,0.644862554946185,0.6742576866873049,0.6157182883492736,0.5488427330483786,0.5633340526782326,0.5441192568951082,0.5532369862556318,0.22050431146416816,0.5952928561985372,0.6594873524598835,0.544908949647053,0.43137175850695997,0.5807214116332544,0.5542320945110473,0.5587023649658404,0.46643041240135835,0.7075763979362482,0.5758115194723059,0.5587651928052884,0.6942938711897405,0.45251113510295854,0.5142004943908951,0.7025959114850228,0.6267664791566654,0.6262620991898465,0.5356884069269722,0.5858976894065215,0.633665501104882,0.6472465782728918,0.5089029572174377,0.4000131846399983,0.5588064864801773,0.5523335266847832,0.5788866133721634,0.5621974073482294,0.5424021903905197,0.5283774940451982,0.5165817177400643,0.5072850574261926,0.48650435203161946,0.4237860675925768,0.5337078963093824,0.5951699761197321,0.673067886081795,0.6137166650208411,0.6771053849787506,0.56409728741876,0.5347480669055319,0.5515076358159927,0.6210251546966878,0.4911035546183477,0.6252298340303365,0.6208711102497934,0.616623642055991,0.5377345767249743,0.7282270733664669,0.6116461527834502,0.5279074568372888,0.6757149926074982,0.3713849688390221,0.6046495619048415,0.5727684243405773,0.6249904989884513,1.0,0.6382378499894498,0.5739966344845965,0.4709225183454274,0.6731562152322578,0.5529149204815645,0.6527893198782089,0.3722715351478187,0.6508507612209163,0.49854215826976345,0.6303896528000701,0.7185182143137693,0.4653329678986199,0.6340103129890273,0.4873237609804405,0.7253096037397441,0.6601789228480196,0.5654695784668503,0.61632048650814,0.6521062638921024,0.6135478140963592,0.650732602322884,0.5602905389841716,0.5453579485492696,0.595301719685681,0.5712443619052523,0.5209679964542493,0.6431448745949025,0.4355633152266113,0.5471617883517909,0.6362287322902281,0.633222699886557,0.7014101303122429,0.4405990002808692,0.581603826771366,0.5115940909540153,0.374885629036882,0.6513557744666676,0.7122910081989139,0.4252642074378059,0.5302631161970028,0.6186347556046935,0.6292652262696998,0.5220084348200585,0.6760799762950308,0.6487753710288716,0.601379288179281,0.5571507057847161,0.4697971084594049,0.5578749155634686,0.5570458039980263,0.6588274193229369,0.5900971080047671,0.5314417315389344,0.6252896354471001,0.6485424848844636,0.6814630632189618,0.4896748673121093,0.5178023477693336,0.5092960857023922,0.6701487058446882,0.6265588618876029,0.5832867687458696,0.54247086970658,0.508410068953009,0.6512439070130466,0.5651884370325293,0.5608815187752152,0.5156226500524829,0.6651114284651083,0.6536528479452259,0.5238416077870327,0.6848565023946395,0.4763399599561352,0.3399859158960377,0.6007365182394272,0.6437735497846264,0.5523719442163924,0.5674303461076966,0.4723031130273225,0.5882712947131329,0.5648236559078094,0.617070975992276,0.5835924934670239,0.6407295632339277,0.48822609462387284,0.6460199968255913,0.5108777561599956
arc_pair_551617,0.5993457950698171,0.5908575509509453,0.5574037811632065,0.5388978690602981,0.6605074723532633,0.5030376636936859,0.5136478483672791,0.5008554896475588,0.5967820259182766,0.3172328552131597,0.5317969759307359,0.5449310451426256,0.5335041573245257,0.47907107534268834,0.4942565588253536,0.5061624726693139,0.6101891219065945,0.4961851424986726,0.6120402619420712,0.6454743054439462,0.5572123823133035,0.7271937131487809,0.4666885850048242,0.6690715433490465,0.6254522398584352,0.6418409119220168,0.6008116740957571,0.5606063667785882,0.5601366783397079,0.5378039675804164,0.6865214315489594,0.4432343078524468,0.49441383093766694,0.5998819751064562,0.6001596262021953,0.6750708650858508,0.6059897002021012,0.5614771177997485,0.6617484143999507,0.4999804932309234,0.5406936952794378,0.5377220139045604,0.4780609505258618,0.509412206319519,0.6353260525187306,0.5583983755117276,0.6516006160993841,0.6668365837158298,0.647127423958232,0.5693556981759131,0.5418023425279638,0.5310775146081722,0.6442736648848221,0.5826021367402223,0.7305560545606515,0.5623805368212627,0.5473226414302375,0.6487975278521106,0.5784745004712543,0.4915252287151815,0.5648595382002437,0.4571024582395157,0.7309042802888291,0.5255066438616243,0.6145651377529068,0.6382378499894498,1.0,0.7395337928932443,0.5849854159368716,0.6037083553451709,0.5744309055017581,0.5863533377161746,0.4542038024772705,0.698148299958432,0.5224460391034446,0.660580726092966,0.6696600725397894,0.40420770491640595,0.5897068921046271,0.5488274940348128,0.6288613813482343,0.689019441875854,0.6270373253239475,0.5640082823788987,0.5953807456383853,0.6702839226809868,0.5640236970352953,0.5119715973202075,0.5718135461940537,0.6891618251982176,0.5201043744034474,0.5983376867752175,0.6654865707119775,0.4807990927079115,0.5948216247719603,0.6265294138990626,0.5908197501661793,0.6001444867810208,0.4752402409147007,0.5219741256542358,0.5640506436137905,0.47679844479026184,0.6069609912321793,0.6842829503734744,0.5082000019414086,0.5191103667603963,0.5618328892353037,0.6436184942588166,0.4747528123602506,0.6621824552674777,0.6123724750615888,0.5594718496604508,0.6387881813716239,0.46354598075021675,0.5671233595832393,0.5143698571961288,0.7178281399708693,0.5208844509431936,0.49146014035271324,0.5801654452815803,0.5706070414253935,0.593667452352779,0.5661634836771631,0.5535509572883116,0.5848188423146534,0.5898853316935665,0.5994342150208066,0.6340862051190664,0.6133542081167379,0.5272400130955056,0.6297458459376897,0.6059978677779918,0.6984405561098153,0.514514166841598,0.7668005062159746,0.6769814582982642,0.6267966668729306,0.7018087633379934,0.5243463458640586,0.47904130027064906,0.5825529874064738,0.6614076160713956,0.6296354725270795,0.5284596855511108,0.6114140766897009,0.5288395064602965,0.5216929355759288,0.5362033176745726,0.6511282319875714,0.5420646540343386,0.5266642127880448,0.642208430084885,0.4678665378100141
arc_pair_573749,0.5347846700059095,0.6402750713174661,0.5018060486299075,0.5526610683669614,0.6157099536435763,0.45003538542758714,0.4966627456834662,0.4538350774650699,0.5868436564637033,0.39253208632956355,0.5591185048387165,0.4979139753656278,0.4721679757501952,0.4330224208411148,0.507899118475346,0.499720754056608,0.6176243066418118,0.47362755934639594,0.551013158309029,0.6638950600769983,0.5279818702259854,0.6886093478198498,0.41955524583542225,0.6828084558280012,0.6117007995994524,0.5992631382435862,0.625029913939887,0.607927571709132,0.5439843733505734,0.5164680164845162,0.628417588640145,0.45763453721477004,0.5211686871258275,0.5439151167533508,0.5751547631074583,0.7142119084952152,0.573726377787625,0.536478914305692,0.6111514191870642,0.4667155982234348,0.47490353188338746,0.483564696928053,0.49232475546658505,0.456774002646615,0.6286657699831466,0.5389951735933395,0.6546023311752966,0.6042964327753841,0.6209553135131408,0.5601324368604741,0.5954662475457124,0.4884231051641349,0.703640611221502,0.5276493740215313,0.7004084107040337,0.5330151714263671,0.5281330747671499,0.5861855119436227,0.5538373616723764,0.4962746492084744,0.5006870486988594,0.4444463837243992,0.7327668698508952,0.5004428306422714,0.5615557680749084,0.5739966344845965,0.7395337928932443,1.0,0.5830942909884675,0.5461907764184323,0.49528956395645723,0.5131846796801014,0.4126109734197007,0.6322269224628164,0.4444009579234544,0.626606591707551,0.6488312860371164,0.3534693307202495,0.5221369994146626,0.49754705422367135,0.6031078392795866,0.6992593219154999,0.5928091747224358,0.5221585673064144,0.5140892443651113,0.6280394361961728,0.5253476439324513,0.4415050870154421,0.6225749316896773,0.6629299340935592,0.5333255951223569,0.6367320071783228,0.643984002773327,0.4527064743972909,0.5933846525439483,0.5477022530738738,0.5539833802567206,0.5135372057789451,0.49826669740911494,0.5077559075843212,0.5422442949117334,0.447973305611258,0.5524545259078261,0.6313549875176161,0.5568454479233328,0.47692475200002976,0.5222665615754465,0.6562125251168343,0.46247370316494807,0.6459574760169199,0.5864281192833577,0.5454730491023378,0.649401944851385,0.4260800413957942,0.5348743443741697,0.46798215336961474,0.7166857747352122,0.4842303544939126,0.47301487701315,0.48946435049511444,0.5197735169249754,0.5606478966472349,0.5586438153073993,0.5868978836484356,0.5642646998992171,0.5374249821319527,0.555826685406467,0.6032402770051607,0.5686309333594425,0.4614980106875307,0.5485599925864043,0.5507472207768778,0.7107896760071529,0.49511244887997796,0.8088787070971554,0.639478875256071,0.6076678495848281,0.6685919581871584,0.4691727512284869,0.5249143742177328,0.5394305368736395,0.6326609581891987,0.6606419164103265,0.5447067666264962,0.6352141344879841,0.5131430378638032,0.5126201691124863,0.5407732138997994,0.6893620511139008,0.5085639348709349,0.5153628982770524,0.6230418341946611,0.4881507867238929
arc_pair_118613,0.4279168128286325,0.5142019342413348,0.4180417222832605,0.3994258741706257,0.46318120783627714,0.3389027809713253,0.3774705528867011,0.38263949757272964,0.44971121555812626,0.3248798450612215,0.3920758875324857,0.39575294764650226,0.3865321928034378,0.3832713999188002,0.34549776275816224,0.35283691429493536,0.4389910044165813,0.3693395023977533,0.4249699474211039,0.5077870409878995,0.4011093246230152,0.5477032670403377,0.37546191977429677,0.5492724567882084,0.44578667794193233,0.4889481565005871,0.44647689922099276,0.3955200728109122,0.38435608583792985,0.4469342638252365,0.5140872181626329,0.3382465255905602,0.45119920177136197,0.4617563085958958,0.4710644386046806,0.5175086200770788,0.424185234125482,0.41941405930604736,0.48545829518672606,0.3511352383644161,0.37798785456977474,0.36768061087138065,0.4028952495303431,0.37116176749023516,0.4551479690045803,0.42842844882946624,0.48477106870461373,0.44615593038291906,0.5035934001458103,0.42380526239840244,0.4067005977788312,0.38667143438707446,0.591027861046662,0.40769822031704006,0.6068548601275344,0.40592762709835295,0.3982903350866353,0.47293754360790996,0.3899668870075953,0.3276448536868893,0.4053272569401607,0.38954074906746666,0.5828036107301084,0.37877876471082783,0.4192272794164476,0.4709225183454274,0.5849854159368716,0.5830942909884675,1.0,0.43461481761222326,0.3836306902549739,0.39908509061232394,0.3918809920099075,0.5245159057633468,0.34758861885852665,0.4903757386913515,0.5018488728594739,0.2860803383975049,0.3968979700600454,0.38356923157087447,0.46298835302409536,0.5347403123356258,0.4831730308177078,0.3919432681258436,0.42555087765924976,0.4804857132153276,0.4214547177160695,0.3458118254461764,0.43587068918102956,0.5218276871250694,0.38526017078883407,0.42020478173402803,0.5284442437458376,0.3741409888912626,0.4348500327936901,0.4217721804155942,0.4213990987477878,0.4283806836943863,0.458650800167892,0.3908444307111317,0.35753151168762587,0.34005870520306797,0.4282108976399424,0.5061277539071198,0.4050241258819939,0.32583560298630876,0.3873538957771523,0.4711022508400301,0.2994103843405976,0.5067049943245867,0.4399405638590185,0.45770505146063956,0.5262069279617518,0.32144139033046315,0.3762774171856541,0.34232638563400625,0.5574381278169541,0.3668774733754274,0.3169607434116103,0.40033506756676857,0.39595156414881544,0.438574148140681,0.4395117477908114,0.4806967404108634,0.46531975033624856,0.42056385697496834,0.45119299457339146,0.4279642926625549,0.4720648162296469,0.3463400150019118,0.4199349073397957,0.4398744362777378,0.563220785569679,0.3606016345618724,0.584741062408538,0.49311744343166963,0.4960437364470982,0.5275118402346627,0.39483689705899055,0.40115887368636965,0.4030940852175659,0.4754495632758923,0.4443965197824079,0.38054392841898843,0.4519573621755905,0.3829809829293244,0.3967547045014597,0.3911749756516741,0.5492145242535448,0.3946031230729213,0.38893380543267553,0.49413029745953324,0.33104482236487687
arc_pair_461841,0.7493498235337406,0.4393009529366126,0.6440707358979276,0.6438170715574394,0.683562470269964,0.61374405618971,0.6299230090267279,0.5950692164351176,0.5763236373599784,0.16758151338245508,0.6433279980730225,0.8344744625350102,0.5735277508944661,0.3763264323943522,0.6309078900591368,0.6007630565597751,0.5536975855001827,0.4781990092314406,0.7283384034264738,0.566150854301789,0.530163169847018,0.7039141146106943,0.41771438654319426,0.4443243290323706,0.797204839229044,0.5925876635409442,0.7216185053623897,0.5338349894753596,0.6841310792988475,0.6915023920263058,0.6695492032517739,0.6113702632631421,0.3875898736203509,0.5500363096638767,0.46183929597139,0.5714936156774899,0.6643409416295879,0.5722177047683776,0.5601071663691477,0.5445603026891619,0.6106210162803701,0.6355952089818171,0.4163545941983041,0.5465257079790419,0.6832965039263482,0.7206075140555942,0.6413696564058462,0.732220093037706,0.5222024895535351,0.6070810474473136,0.6699340648830436,0.7793391018098114,0.4638346278341597,0.6665725133496658,0.6539396534118105,0.6035522536636241,0.5780257440334108,0.7495381329284594,0.7497737205474345,0.5239959353793575,0.7272188055198084,0.4071033449597114,0.5954578902863625,0.6143188033103664,0.700647660921093,0.6731562152322578,0.6037083553451709,0.5461907764184323,0.43461481761222326,1.0,0.5623828868021834,0.7606555453176181,0.4125951267261185,0.6297890999602669,0.5352793445064636,0.6808274440673059,0.7377352223816632,0.437774275177031,0.7322071857885945,0.5115971910449404,0.7360336880783801,0.6853195443651581,0.5937742604969029,0.715134215314527,0.7222494667861333,0.7213489979582982,0.7186773101171363,0.5845408327391314,0.5617789427407798,0.5977053776722502,0.57098984153529,0.5774220043410889,0.6926138870557101,0.5060315152863181,0.6032149817426425,0.6822378867998494,0.7393760925285823,0.7035714048785711,0.383697769383599,0.6970874411004376,0.5695349797289803,0.41505809072515426,0.6619217339321373,0.7167844397678522,0.3430920223584048,0.5847139304534591,0.7450824261745728,0.6799375186564568,0.6149611799862721,0.6970626924230842,0.6112435818958576,0.6214677647367077,0.568882264076604,0.5401355499393656,0.6932463831886321,0.6089728069257699,0.66591146529789,0.6119769599137326,0.6054660061371205,0.6601864117551542,0.7077995481121757,0.7809701531763162,0.5827976336949241,0.48510281247664966,0.517727217952806,0.77219216261867,0.6784799722205724,0.6540311921928726,0.5491975235637576,0.5236524062536878,0.7090042192854041,0.5916082329151775,0.5441097406926324,0.5623160662776344,0.6464449668419173,0.6856681763667672,0.5065786348054211,0.759713391037716,0.5439969666017391,0.32434760251036243,0.6287256432338683,0.6713410749595967,0.5464135636364029,0.5716251284975412,0.47348199831352705,0.6334437079674867,0.6631528295876004,0.6608673889646562,0.5391474754960469,0.6671274711046191,0.4249697516276976,0.6841907991247154,0.570671859132392
arc_pair_621191,0.4888037007831571,0.38409962174349827,0.4768708440736504,0.496570513348417,0.5735025576400115,0.5154081636661848,0.43503875921030055,0.4701660888824541,0.44319326713977425,0.17491204543362018,0.48679650151031123,0.5528264295723672,0.47690811255017657,0.3694641129421873,0.4384867612460359,0.4501507332283598,0.46222623768893906,0.437466193915816,0.5747590897771266,0.4331035951776958,0.5059324934574863,0.6293828914028993,0.39067827805833655,0.42031153547986816,0.5878283524697615,0.5464383454741536,0.5252538918816403,0.41170821311427586,0.46904551276354917,0.4635405190871847,0.5738850336777735,0.31859451040906134,0.35708800908810867,0.5058979898572787,0.47049408936030845,0.5006902325297823,0.5423596946191653,0.473111991057948,0.48599948803712806,0.4792805819073487,0.4466011770235027,0.49902576796526926,0.37470645131649005,0.44549822748566703,0.5141690205103473,0.5222445907557326,0.5372040627141061,0.6165826124380495,0.4499981013664163,0.4700501755501076,0.47013244616856315,0.48521092793407483,0.4078275035622089,0.5619701665537284,0.5560193957218229,0.45215504600809686,0.5066195203557158,0.6009922612067102,0.5369784651407762,0.4399760880923747,0.5827832439269076,0.33765234949069733,0.5118811873610374,0.5233110896474191,0.573856121380162,0.5529149204815645,0.5744309055017581,0.49528956395645723,0.3836306902549739,0.5623828868021834,1.0,0.5431330387506481,0.37615806976877203,0.5297696483787605,0.4897140441489985,0.5946776246360835,0.5964264013623135,0.3909242255865251,0.5275611835014783,0.45745659081058826,0.6142689381464154,0.5780458992819575,0.5074210926182767,0.6161187345077489,0.555873157008609,0.533481809188848,0.5910621798047276,0.4738306430192105,0.443874171602625,0.5433826924429975,0.4226217607918141,0.5552248305791079,0.5561758164514233,0.35549319029311116,0.5122883613051954,0.5610632293273072,0.590257195570099,0.5993918823216031,0.3372900541758002,0.4416885868532137,0.5081721422126483,0.3598935912942502,0.5469640800644517,0.6298256540131314,0.35462696245930303,0.46582211737882273,0.58804650969187,0.512673760719224,0.4089090926074188,0.5782603969899194,0.6186741000006166,0.47780903025833044,0.47195681132218814,0.44254824850395486,0.583483809104524,0.4680172720125089,0.5604237687962697,0.48154751447245836,0.4895718610886014,0.6018010898791981,0.6020138199804759,0.5827977452278953,0.4597425330557262,0.42028428907941995,0.43594193565665595,0.5691318752708218,0.4863177346825242,0.5302504260747677,0.45366159058244643,0.47615389063648367,0.6192663905777053,0.4671464801385276,0.4838777614067396,0.4382998483873537,0.5649641927320764,0.6116546741553426,0.48120754828512574,0.5856727048591414,0.47355392888111997,0.2815058424765161,0.5134850859481668,0.5814046861452016,0.5008356582269958,0.5002817199050736,0.3998484215711621,0.5201924182052526,0.43029254432546643,0.48422230941095024,0.4962399544984318,0.5376270562943761,0.3607650880618473,0.5614417131643482,0.37715044619732996
arc_pair_711700,0.6532583720030017,0.43351369013668284,0.5593029164343774,0.5665081818703607,0.6717843774024379,0.5793622604479252,0.5784181230782768,0.5511844156141132,0.6055598287314445,0.15972475889721102,0.5856990094019648,0.750825990561592,0.5569358614517703,0.32260754684404197,0.5488012013045928,0.5641284668387158,0.5649806366746473,0.4947820246721182,0.7441866318777569,0.5168519129216859,0.5287016935528436,0.6665166113288944,0.4000983182909263,0.43241033286440944,0.7336216688703093,0.6116483118306341,0.6480189440602472,0.5257192379838601,0.6162244356356729,0.5928983022275554,0.6544973551879448,0.495387903601098,0.3728350172135835,0.5924495286732275,0.4484941570904823,0.5568908112670482,0.6803152929953449,0.5786397935634632,0.5481737150031383,0.600835492533486,0.5869992573461196,0.5551366875100706,0.42163604435063834,0.5549627797506017,0.6656255460881385,0.6246106276666868,0.6626803094544788,0.717835394425786,0.5440992349029145,0.597298699659401,0.5820786717873325,0.6257438856540057,0.4597714145545013,0.6671449137171321,0.6081565109018543,0.581111743716191,0.5840093074943936,0.7586063625501936,0.6826905579885663,0.5092534100097504,0.7091485138355598,0.38953226301911825,0.5646774443955045,0.6287205932129174,0.6347527671347812,0.6527893198782089,0.5863533377161746,0.5131846796801014,0.39908509061232394,0.7606555453176181,0.5431330387506481,1.0,0.3900320689332972,0.6313969445448135,0.5001140467684063,0.6864060894137077,0.7275177552875254,0.42308169989932515,0.6578795106712264,0.48482413821551995,0.6858127597944271,0.662501449869233,0.5850971126865169,0.6914650492017308,0.6659952834805218,0.660904439675114,0.7129449531715231,0.5683432542470317,0.5353653678660699,0.5914877159974913,0.5599541615307119,0.5673505657386917,0.6056154251156379,0.45992064401313215,0.5826292479815228,0.6850489915558688,0.6850510876724681,0.693070148735139,0.3674510751628178,0.5985895701783878,0.5185507284514711,0.4207515343792404,0.6536152350051863,0.7094083555474979,0.3327297889244907,0.5893698432293042,0.6856893869179986,0.6093126858259812,0.5368332493276671,0.6475862473427301,0.6434789487132907,0.5727292896963501,0.5426034579481265,0.5199578830553327,0.6707097036602758,0.5884101775044431,0.6591608909896925,0.6010261082098356,0.5569357348301562,0.6090593607211778,0.6819813015185279,0.7375262472847836,0.5820723808118894,0.471701936651577,0.5075995709751526,0.6935030792948421,0.6578462148685308,0.6624325385552385,0.5526133843669274,0.4768667389421871,0.710575333644529,0.5683216126582411,0.4882110288127588,0.5471974681725901,0.6410162858108204,0.6722624334037604,0.5440873948339995,0.6695204223602553,0.48362899122011715,0.35084276467612624,0.6030278685405179,0.6397529290199188,0.5151497274604214,0.5246261567028838,0.4409810568245718,0.6237894464410453,0.5375738697389916,0.5882269321984144,0.5028748779199734,0.6780329142380025,0.43601066156533225,0.6869372950540458,0.49348740582144845
arc_pair_624868,0.3665520254564507,0.3626980930414025,0.3664749869621446,0.35040010141506106,0.372291267592185,0.2841255944307653,0.3212829758679571,0.32119659908771814,0.3404221161052495,0.15536496258607196,0.3563526098816171,0.4190688914173991,0.38304443843341934,0.28447707171757164,0.3122670117768879,0.35037206265533316,0.31190948670365654,0.29963860576529666,0.4079476230503959,0.3897958061163295,0.2879292598294576,0.46302626044798595,0.2729871427949024,0.3623803550859096,0.4082624555969731,0.36474244038319037,0.37797739019779864,0.28739877307133427,0.3663181235037077,0.37377845760955,0.40589199191794756,0.29524021954502566,0.3344990858109911,0.4077708228756958,0.3753925679142855,0.41267508045559564,0.35200562932209223,0.35473101895122755,0.37028699055189335,0.3604651839778554,0.3749498000904994,0.3379404517746884,0.26697249549148117,0.2776157184439231,0.3623071120781268,0.3795218998150384,0.38124931372493337,0.43734918461331074,0.37763586098895835,0.3755077380711957,0.3688698140561014,0.38879146930144703,0.36472813559521833,0.36615957761280415,0.4528053978037228,0.35283694309387315,0.3259574490546317,0.4245423877784568,0.38872685687458897,0.3290703329002527,0.4070238821640284,0.2082825066938681,0.42693513675621825,0.36647676713971933,0.42098878962780173,0.3722715351478187,0.4542038024772705,0.4126109734197007,0.3918809920099075,0.4125951267261185,0.37615806976877203,0.3900320689332972,1.0,0.46393189355906705,0.32688547311148347,0.40653745118924817,0.4225594609859002,0.23961551576448356,0.3762804818923823,0.2880155468558669,0.39478916346413084,0.41100439844449344,0.39206093543973225,0.4039586754834282,0.37015103659197357,0.43731431658234937,0.40604809538437214,0.26429888724426415,0.33704299813702465,0.4485911149798376,0.30532639953070273,0.3656344419844489,0.4787896152135575,0.2588726309422491,0.348632754089652,0.41404588110958956,0.3985875613572746,0.4178461041104171,0.29331347469567237,0.3569022480013858,0.3678975514699471,0.29555364186854544,0.4059091597689507,0.4713262242356993,0.29002929188153226,0.33163480817774643,0.4347421040172627,0.3947758095000801,0.30787021164026096,0.40014475380848186,0.3747945886782794,0.41542715161106863,0.3486479042245664,0.2900620542590506,0.36073603940720683,0.37980433434264654,0.4550942198711403,0.3171400230572534,0.3254431027446922,0.37267185902390054,0.3819113213077033,0.4340935786411512,0.3073115186682967,0.3027337911165416,0.3418779491003595,0.4137160359323867,0.37079933303584867,0.3565624817216278,0.3251740266186354,0.4170338767529622,0.4177065701985494,0.36781719941509916,0.4075399091580887,0.31696406322712534,0.415748194008725,0.45829629625440477,0.40252369946237654,0.45986702305450716,0.29490765956120624,0.22739729792540433,0.39016403632512636,0.4391407669152193,0.3895952006226631,0.32795904832968575,0.3631495750201764,0.346826873099693,0.3990144937563119,0.35669524274622705,0.3969986805931838,0.35896496698239544,0.2983260352943102,0.4191295695291946,0.285962149532454
arc_pair_224210,0.5973510680402735,0.568342122020964,0.5958928649240073,0.6137364535703237,0.6754877670937943,0.5272048187576065,0.48054573411851076,0.5350073214733467,0.5751378532780188,0.23975108882451088,0.5395121420749027,0.6140082582669393,0.5407117660444272,0.4136304334924875,0.4864097420706615,0.506373043827387,0.578334158344749,0.5157580025303514,0.6535740182774794,0.5783470201223584,0.4942428386448681,0.7021427134004288,0.43311239865700707,0.57245285746571,0.6289633223466512,0.6154666384808701,0.614948045017936,0.5110633013419805,0.536015877038501,0.5608212454717378,0.6775844202610677,0.4804879105452868,0.4872776667108816,0.5561192065469306,0.5298220837803167,0.6207810245366394,0.6028266635945307,0.5661265167630165,0.6046762433523188,0.5133165411065196,0.5461138898638265,0.4980600579799684,0.45585389704860335,0.48920660963947515,0.6468702950808677,0.6034492934977056,0.6213039180709365,0.6721636308092865,0.6371059262884651,0.5589579783988037,0.5610931071437777,0.5592348930934642,0.5786957000915678,0.5882173159024576,0.6745385073260977,0.5318096341934214,0.5546646052138349,0.6883626325633043,0.6016437518087169,0.46251402781313244,0.5826300402769401,0.4319448358178893,0.678021020977688,0.5577270719522698,0.5749014088995679,0.6508507612209163,0.698148299958432,0.6322269224628164,0.5245159057633468,0.6297890999602669,0.5297696483787605,0.6313969445448135,0.46393189355906705,1.0,0.5008903923549284,0.6612166495896228,0.7280706377198095,0.4137805682735055,0.6061223169129112,0.5387588509201238,0.6647201477938132,0.692540718772394,0.6033259204976389,0.5715019066459045,0.5899067918598193,0.656832207455737,0.6296337008185934,0.4998648072869259,0.5535369554533592,0.6919571106757788,0.46766835143914953,0.5439888299409434,0.6269998984286189,0.45155019000163804,0.6098532567539194,0.6140632522090083,0.6321329458778084,0.6331530537386947,0.4554436493558902,0.557305892924035,0.5328310147861287,0.3919032455238019,0.6267038204350509,0.7040582917841107,0.46139682418869116,0.5103393473550599,0.6237908933462958,0.613142732219805,0.45913587873340256,0.6749734557750594,0.6334252069038218,0.6065536292350818,0.5654091263970723,0.47362927252394466,0.5720402441991753,0.5232062401510039,0.7166756785818084,0.49850266019545375,0.48919399438876254,0.6118481882563972,0.6029940229808453,0.6544671172025328,0.5278719964724448,0.5323206361559577,0.5128448280736004,0.6680721279435773,0.6391782165178892,0.6157076842435,0.5789965869569486,0.511882175988348,0.6056583859640416,0.576546679676302,0.6078773331851415,0.5172712259683816,0.673631612903004,0.6740411743510377,0.5610280409543738,0.6599927144068108,0.5081567048902984,0.3940862536644138,0.5880514347517652,0.6152616725094846,0.5758096651141952,0.5434851874237078,0.5204777903359978,0.5951355766665426,0.5521880582840084,0.58014952578356,0.5999337924109864,0.5693426051365137,0.47305325423893174,0.6921737124988502,0.4697969536370171
arc_pair_574409,0.4692490520354025,0.40490233667866665,0.5157122952470639,0.48642371765348064,0.5236132883786584,0.4587275444227601,0.41867061275326145,0.4293797622302424,0.40936302847752915,0.1506867475935068,0.5019764133042127,0.5287430605762632,0.42770493712563334,0.3148852519362505,0.45318443029821176,0.4369470776765455,0.4480101993728368,0.4030545424375366,0.5181770551944513,0.4484202342550938,0.5011075766683748,0.5418642735381223,0.3565182452423411,0.3787537445956035,0.5688426392381303,0.4480005369265474,0.5840884447561113,0.4291295320196564,0.43540739777429793,0.4553501511342372,0.5113478882506418,0.38502756128142696,0.2928217371338975,0.4511530946213459,0.3426269558631899,0.4805358096972552,0.5327341523541892,0.4675214591523394,0.4601874310565655,0.43617274402825634,0.4772772156163739,0.4441300851585667,0.2931597865757147,0.3877044438765017,0.5329236646026324,0.5460230410677508,0.48828711960621674,0.6034533955673036,0.37609913003103373,0.4556758599640853,0.4600293468176093,0.5082030196928908,0.3748724335008292,0.5443805952106072,0.48996278637689755,0.43774051144896237,0.47648599894359195,0.5530161131695686,0.5716765294772773,0.3837170425789511,0.5273870459167803,0.3473712862137074,0.4654851271939986,0.4965095894760162,0.5066459426481411,0.49854215826976345,0.5224460391034446,0.4444009579234544,0.34758861885852665,0.5352793445064636,0.4897140441489985,0.5001140467684063,0.32688547311148347,0.5008903923549284,1.0,0.5071899956068555,0.5517700605718878,0.3486350226836023,0.5450029588908177,0.4127979769740011,0.5764881362386521,0.5049836324817261,0.47431917567078313,0.576592845278696,0.5364754031295372,0.5344600892331902,0.5674144972148562,0.44519568577138874,0.4183475939332317,0.5155525494763067,0.43779162203988536,0.44463970922751617,0.49222930213738725,0.40465204275148237,0.4344593554384824,0.5949542052667389,0.5698881766343653,0.5640693542867282,0.30656376813820563,0.4409766845869372,0.5085585836471287,0.3147833994099315,0.5499249135579596,0.5702274469837447,0.3204925090615241,0.4602713724123013,0.563601414551023,0.49516812628908785,0.43454124627769175,0.5265188683776636,0.5230480441257911,0.44596148392573326,0.4329704953247452,0.426930875823055,0.5376437786266643,0.41831344770113105,0.5752618230854346,0.5089778105026649,0.46150461188985265,0.49668140275748657,0.5849682685199828,0.5893665681119299,0.46305130198682215,0.369203592349838,0.3722363238116714,0.5946620475378366,0.4691047991135591,0.5593747557289804,0.3979767547965707,0.4365074701265261,0.5599303690870895,0.49402535543427906,0.4125710290760774,0.4208529002785862,0.5324434106324993,0.5469699270858609,0.42769368943181674,0.546398223940557,0.3942200914800005,0.2766362450854911,0.49126771506845573,0.49974168324245544,0.45001070310366426,0.45184205260168675,0.366337162405067,0.43522445311635954,0.4831194190891781,0.4812229976513805,0.42443769423109995,0.4983020435009515,0.3732302876270262,0.4681744663777694,0.47883227124687794
arc_pair_21282,0.611239423008653,0.5154725399532466,0.5094314024393426,0.5524723907844161,0.7327506641460302,0.6192082116725557,0.5058855502125024,0.5575504493237061,0.5932735737136285,0.22485187856294456,0.5528322246761538,0.6391025465201987,0.5644024621118999,0.3978212345291059,0.5112566915422695,0.5420946798867368,0.5984152485670527,0.4803977977576844,0.6619197356062034,0.5250966552093034,0.5662638653684892,0.6948837942035762,0.4171390007832853,0.5311580267109836,0.6485384838941477,0.601803997800922,0.6685092913471234,0.5034209765877957,0.5909448829155941,0.5211279937242376,0.7142023293851284,0.46863408316830335,0.4223196089153146,0.5669225755542879,0.5409112449151364,0.5841525038837084,0.6305313060802599,0.5781372751087585,0.5967805642681695,0.5093483715021515,0.5944363874189846,0.5883843291006492,0.4235487824413662,0.5473684133501423,0.6889354665139066,0.5953846050396291,0.6740140511766406,0.7095438134694592,0.5496089052093722,0.5674199487820559,0.562245708782515,0.5818997659903138,0.5400674278440138,0.660184663513373,0.6443901743949221,0.5092070351987916,0.5993929801834003,0.6862831713079263,0.6632895054823921,0.5046105599394439,0.6043084593103516,0.4393755982171932,0.6401972015460232,0.6070410417089054,0.6438198303667089,0.6303896528000701,0.660580726092966,0.626606591707551,0.4903757386913515,0.6808274440673059,0.5946776246360835,0.6864060894137077,0.40653745118924817,0.6612166495896228,0.5071899956068555,1.0,0.703588303453265,0.40059402202663597,0.6678393208351295,0.53719606079851,0.7027996953514628,0.6993404552750218,0.5794363637878155,0.6865323180320143,0.6345642827402459,0.630764111776117,0.6812043485380378,0.5622043925427292,0.49909480061699607,0.6519976109808737,0.47731380791647043,0.6193638972649854,0.6598992194052568,0.4759215787274766,0.6460429783193491,0.6607065354247269,0.6985282016524083,0.6468639489300831,0.4418059122123204,0.5706312408463349,0.5607823883169452,0.4445420022734379,0.626551865734546,0.728371085642484,0.41419186136638264,0.5389773128741709,0.6556176100257698,0.6242061350724011,0.43045231022711866,0.6964530113917694,0.6230698162904194,0.5417522177639077,0.5787600224426717,0.5307512863630561,0.6303363408684276,0.5378919234853475,0.6565548111181265,0.531900321336757,0.5480452585417294,0.6181390578594825,0.706261880164559,0.6584082291441375,0.5702338036925119,0.5077164393839078,0.5441549426562405,0.6679876397283733,0.6224334679965937,0.6327402425464923,0.552840291316357,0.48916982076692006,0.6837821508306091,0.5963708220560159,0.5686787942177,0.47601672704055076,0.7068792554496498,0.6929568032150729,0.5621960139236425,0.688652508633582,0.5423024339163287,0.3763421266587755,0.5721801578415898,0.6460596547211394,0.5808989563166931,0.5323852453410027,0.5025645817860274,0.605017212466587,0.5040444019295457,0.5781860050298449,0.5895219204507816,0.6145382095841209,0.4184082659139263,0.7045014555030443,0.44580917538292514
arc_pair_575189,0.6568206386858175,0.5546515657228833,0.6853267097057492,0.7138879866183774,0.7476663245855812,0.6532625700585204,0.5635684965928708,0.6112061198858643,0.6202402419355344,0.2177847982937512,0.6665058239732061,0.7191641134475126,0.5986536522893847,0.4132487469594323,0.6526262786068325,0.6274748469355266,0.6410676618332132,0.529051421335453,0.7115650649635791,0.6434834830426793,0.600310649816701,0.7813957672561213,0.4472611820340894,0.5401368079481124,0.7318151273840299,0.6654161177074474,0.7767290552807572,0.605050857319107,0.6203904147414643,0.6654733312816715,0.7774219393360104,0.6160929951442397,0.4461172032409105,0.6063195389374232,0.538267818482904,0.6682903086121874,0.6729704715102482,0.5808236227300048,0.6389861522254745,0.5726995034272178,0.5776356055642291,0.5576627266624746,0.42761785343942105,0.5643257867904529,0.6865340755572985,0.7912772902475093,0.6797461656795679,0.7996948166158113,0.6098715489038874,0.5870340620245553,0.6602875331074654,0.69775577737543,0.5652602513948006,0.6950544567874277,0.686389473460334,0.6171854714986756,0.6316548358118382,0.8171341654399044,0.7031284302807931,0.543266855327566,0.7077977219951975,0.49211865939501814,0.6657215557963643,0.6660349484898161,0.6770206688139886,0.7185182143137693,0.6696600725397894,0.6488312860371164,0.5018488728594739,0.7377352223816632,0.5964264013623135,0.7275177552875254,0.4225594609859002,0.7280706377198095,0.5517700605718878,0.703588303453265,1.0,0.4894519031553639,0.7797663922500062,0.5792774834374848,0.8600203106868805,0.717352346253899,0.6293491837630514,0.7122831069192616,0.6710350594340294,0.6814970945046509,0.7681237612401195,0.60934439504133,0.6509122585716156,0.6435471872597931,0.6055138537003223,0.5898012544263334,0.7328973027303739,0.518794965691372,0.7221848856771154,0.7279984101152358,0.758678492212247,0.7923148587692604,0.43184379532207573,0.7002258377143968,0.6544669602580199,0.4499549373449945,0.7754225754003634,0.7912317372691701,0.3971357641289253,0.5601672091427574,0.7283600862847724,0.7094374999529721,0.5089850089312516,0.724701337739176,0.7356051988118625,0.6447320830575626,0.6148944363615014,0.524611901662159,0.6597740974086845,0.579666681277054,0.7400970670719402,0.6560821210924402,0.5987620353228044,0.7304624694642601,0.7424570632425984,0.7600474726442997,0.6025960107129134,0.5704107512904352,0.5727484584610031,0.8023359011310651,0.7112614287600958,0.7062139229982906,0.6268032475272989,0.5634171726736498,0.7131641011571707,0.6683871718345954,0.601439238149306,0.5918717140259643,0.7018715911501197,0.7772830765028113,0.5727361493051736,0.7454838259567744,0.5388114288422698,0.3830472384994794,0.6750004469517275,0.7774761978230318,0.5970740270123409,0.5906423974639329,0.5199247042327315,0.705750478353102,0.6262041106297968,0.7345858527561755,0.6254224825338855,0.7037033503926989,0.4840480970612832,0.8375958129755743,0.5366784519145718
arc_pair_642743,0.3940910292718284,0.2851125186026183,0.47468118042625557,0.47509748637673144,0.4182553128492594,0.4090889541526478,0.37501423018339997,0.3626795063802206,0.35436455565435687,0.1095435292615601,0.3780418057897433,0.4581297633846723,0.36903545620419964,0.2609808661735863,0.39342071010082863,0.3880876170186064,0.3349014574042879,0.3190825866740587,0.4508185394493012,0.33928464961088467,0.389121547325346,0.4398226470066022,0.27923945787281323,0.29203991419957925,0.43912877361519853,0.3876133896649143,0.43949978385731614,0.3161086762180147,0.37866423500028157,0.4310207077161797,0.40919033116090325,0.32763132185992,0.22234743090078768,0.4000341452235956,0.29276542225967517,0.331912268372396,0.3773793469581877,0.3405102863197502,0.33241531865869434,0.3231244357250846,0.3021460368460075,0.35601601782557074,0.28254626408602557,0.2905521047556337,0.37410984170874856,0.4533217475320873,0.37565933139491214,0.4549487329873223,0.3321803944613777,0.359557075204211,0.39031737067181976,0.42663045634192137,0.2879667895257741,0.4401830601288461,0.42497448261827947,0.36058122915424007,0.34542189784700916,0.501471957464464,0.4016473906512426,0.4060101895815113,0.4870554988103984,0.25071702188468503,0.3777900884962081,0.3839742968408571,0.40102449580090144,0.4653329678986199,0.40420770491640595,0.3534693307202495,0.2860803383975049,0.437774275177031,0.3909242255865251,0.42308169989932515,0.23961551576448356,0.4137805682735055,0.3486350226836023,0.40059402202663597,0.4894519031553639,1.0,0.4313107923113464,0.3433282143150495,0.488182711019236,0.38690791366914906,0.35526528784183514,0.4263443635472191,0.4835704464026493,0.3823555203112983,0.4765693315718164,0.37896271039491014,0.46021549517022203,0.3650996400999998,0.33337475340297934,0.3542348639416381,0.4206950737936673,0.295115332869962,0.37939355487295445,0.432410363914947,0.4728226498448396,0.5201475424286962,0.23487331220974875,0.41429156561210145,0.35437872704162565,0.25038783616772325,0.4459859472156655,0.47297213413326694,0.21681208062045515,0.32822046091549845,0.42247121323473086,0.39256746300645495,0.3135359030751564,0.4282455666119178,0.4753592710461835,0.41304218877718063,0.3454205172470184,0.34455493872936493,0.3771123385916263,0.40020509991415504,0.4181017001668684,0.3941366283299695,0.35851772832141426,0.47548191790942157,0.463223811725365,0.47432194280224743,0.31249654705639707,0.35771500479990015,0.4201161284675322,0.4869947288877988,0.444419696374118,0.3998568211596995,0.3529142292482383,0.3078829242921938,0.46357519102756356,0.374053907124464,0.37425764754572255,0.40370946920485695,0.36809346894898737,0.4338653523984232,0.3180351685034728,0.42699331940525803,0.39710522109500046,0.17101482505457366,0.420927673461224,0.4688356049641302,0.3760720831473879,0.41586882635969596,0.29419411613200463,0.43045231328287076,0.39620682599582413,0.43215597093425173,0.376585324152749,0.4165517497681819,0.2738146208133585,0.4551607329337638,0.3365253137712775
arc_pair_155890,0.6489159600752223,0.4445568309141532,0.6174245081909272,0.6258281927777738,0.7380270840615868,0.6592610185942138,0.5633086157417591,0.5546478260826154,0.5162974849878259,0.17097834595442987,0.6678894954662166,0.7102102081941337,0.5858631304870453,0.37972793826101214,0.6554268097524555,0.5689830861502476,0.5531987097609342,0.5180455770729614,0.6121364053053796,0.5894907684996316,0.5388223802743486,0.651276702413965,0.38432512205938174,0.4341965687443244,0.6834776201478059,0.5985235322191259,0.7343754155278348,0.5692169767368331,0.6104644104244519,0.5984681814174301,0.7120587245424801,0.6754460871526453,0.38661544129719555,0.5527610447141458,0.43690729485752394,0.5536526977310355,0.6636494694292592,0.5497192747215065,0.5867717438781083,0.5023467862388854,0.6014017304579402,0.6364163473708313,0.37435140015340856,0.5381360057040611,0.6785415008284463,0.7281680048262192,0.6452013967941562,0.7678589783586054,0.44730996341086243,0.5469854050800645,0.6264731042369386,0.7312252054205459,0.4726327508974327,0.671067366264545,0.5944071151580966,0.5557839370522123,0.6178914654374833,0.7208760739399118,0.7641997023042397,0.48979011591849747,0.6432730070924603,0.39567894633410056,0.5529877802805884,0.5933043316418302,0.6224263987480312,0.6340103129890273,0.5897068921046271,0.5221369994146626,0.3968979700600454,0.7322071857885945,0.5275611835014783,0.6578795106712264,0.3762804818923823,0.6061223169129112,0.5450029588908177,0.6678393208351295,0.7797663922500062,0.4313107923113464,1.0,0.5635372098946022,0.756135478197778,0.6580054572873568,0.5855850152810853,0.7266518173382546,0.6249590990484204,0.6835270883837523,0.7239803368303169,0.5676196317998722,0.5779276426293755,0.5995191422680027,0.571817223901057,0.549264722374696,0.7149728192840139,0.5270921732627208,0.6687408801809959,0.7634534933319916,0.7192119439164422,0.7306666690527308,0.3529783668911505,0.7014082545891049,0.6532716157334236,0.40292739912176656,0.7643263727377891,0.7096084228525061,0.32478776871210335,0.575779973603575,0.7150669717801932,0.6957774651033913,0.5483002542757948,0.6354048299434112,0.6438917917681324,0.5582796777832791,0.516762144819619,0.5043389432759098,0.6757335327608027,0.5139637999581559,0.6389468389292599,0.6354609630676106,0.5931110109560871,0.6605650253025451,0.6911142434745716,0.7565293158249892,0.6807836706415795,0.4526176671995776,0.5003341629031149,0.7615681207246361,0.7000410277855634,0.7422938916759284,0.6241471027629234,0.566428183199603,0.6572682436168273,0.6416256952339282,0.5216922397219035,0.5137788636026271,0.6279372512469072,0.6692784755537722,0.4742656945140148,0.7770871075685399,0.49250545114332817,0.29979124215521347,0.6906517721033183,0.7676301985087273,0.4978666874214725,0.5468560479794637,0.49400571380538405,0.6604749430367286,0.6426072676082496,0.712223563788466,0.49112134208417985,0.6300617626492309,0.4378998186966044,0.6500495890969109,0.5814945931503628
arc_pair_497630,0.46313027519376493,0.3770553895149359,0.41792772924319604,0.46472368535886754,0.5393014040494717,0.47449367586195107,0.3504238452562615,0.4610932916566081,0.4095790998850243,0.18452604176747592,0.44037005964926257,0.46724062299951163,0.5009538277454555,0.26814730257938035,0.45623714112515684,0.38350029394655843,0.46240098508942573,0.3950043971006354,0.48211874508788943,0.48704326664708697,0.4635290150193161,0.5223847106995757,0.3701696593871518,0.44261649203348885,0.5057042534420169,0.46646210112859826,0.5203014504044938,0.43002740045545657,0.4048799540730746,0.40428601194561337,0.5493541267735944,0.4197125868007651,0.33406344584697767,0.441139223258632,0.3934950940478667,0.4781243076847232,0.4944984827958444,0.4147759193374431,0.536668432827373,0.3685539541756907,0.4475890138695874,0.44768122246088715,0.3081225730121395,0.4034644044653196,0.5080958891417283,0.4968542625645891,0.5319726045523331,0.5366728075026013,0.42733625441748235,0.3914021746126379,0.42602914712699735,0.4727675004324951,0.3946295617318429,0.5009053931018245,0.5161194887723963,0.42216160185609836,0.46778807097706765,0.5120806785326872,0.5055978834007138,0.35643495406224374,0.42030127084974056,0.3198285420553492,0.5269446176287162,0.43150733866146823,0.4775276762103483,0.4873237609804405,0.5488274940348128,0.49754705422367135,0.38356923157087447,0.5115971910449404,0.45745659081058826,0.48482413821551995,0.2880155468558669,0.5387588509201238,0.4127979769740011,0.53719606079851,0.5792774834374848,0.3433282143150495,0.5635372098946022,1.0,0.5610373719842479,0.507008117050739,0.4288462717476658,0.4794791941457131,0.4360079566924679,0.4689442050178375,0.484944228670619,0.43716618473566904,0.40151887604591935,0.5723621707406369,0.3672320714966673,0.43858918777218553,0.4932636685337624,0.34016259702136703,0.5023771959730737,0.5050523356744826,0.5475488903107996,0.4997290688208642,0.2893560265768534,0.446417242155185,0.4606844767241429,0.3138295952793354,0.5238777329026189,0.5367671681825454,0.29696071294986104,0.420345769910277,0.484248092584829,0.46790125457905163,0.3567936830515062,0.5163491611035067,0.4847453403578042,0.38897657141876313,0.439939857339881,0.37139537247517196,0.5080869103687488,0.3688724878056023,0.5061034523616093,0.419150290441044,0.38925172823887344,0.5569596460336947,0.5094370042738873,0.509296847149986,0.4719991084348522,0.372320314661488,0.39044021751596397,0.5301815344842438,0.4678770569725537,0.5454734553196201,0.47178801390751385,0.39028199999909513,0.49053719732420353,0.492854649519541,0.47673257718972445,0.37568916111431766,0.5387333144949245,0.5289546855502439,0.3961229140713664,0.5331501979369586,0.4158287919467552,0.30548259881607576,0.45088705281594993,0.49312457248586616,0.43454440236294795,0.4597932726180314,0.38865941944800375,0.4346483647553571,0.43284882767256133,0.49323149904700203,0.39921165581927004,0.4467249056749683,0.3220783921531269,0.506686576278411,0.39184251947101034
arc_pair_92142,0.6142472419457414,0.49999042105168784,0.6923312516796915,0.7023307648356041,0.7302824106734743,0.6558416621910778,0.6010808053028327,0.6371047832738775,0.5689905260671596,0.19576489284603887,0.6890455003344287,0.7385671247083337,0.6451549879112436,0.4347239130458336,0.6975228151477381,0.663906401828336,0.615716837405951,0.4989023191324479,0.7377130987859952,0.6053786456385276,0.6357744486305112,0.7801003032003389,0.48293406285048546,0.49224571234316555,0.8086856229951472,0.6707951216754175,0.7911659449425175,0.5907370897168377,0.6510614019517986,0.6804188944444446,0.7293947577923962,0.5977446333527323,0.4138595117961568,0.5899296177828396,0.5580435977633996,0.613281287029157,0.6576271944221145,0.5877222577875894,0.6295548151868318,0.568632534293389,0.5952937339870953,0.5855623743233227,0.43195582896277146,0.5549670667315342,0.6736479188883951,0.8030903708696644,0.6810123332865073,0.8147396868670739,0.5579101778383088,0.6183295052515977,0.6777594509230883,0.6927517990543082,0.5159429647235139,0.7470430905849145,0.635938745002151,0.6522140611643564,0.6324154512804174,0.8146027733842016,0.7350356621291688,0.5675442896392601,0.7368981223955923,0.4709898564466059,0.6380775774186848,0.6775831833379422,0.7305464155510719,0.7253096037397441,0.6288613813482343,0.6031078392795866,0.46298835302409536,0.7360336880783801,0.6142689381464154,0.6858127597944271,0.39478916346413084,0.6647201477938132,0.5764881362386521,0.7027996953514628,0.8600203106868805,0.488182711019236,0.756135478197778,0.5610373719842479,1.0,0.7202163775117798,0.6101317827461331,0.7498426819333012,0.6919868197314385,0.6889267188512859,0.7938276015810278,0.6041752867320419,0.606081232028056,0.6378165907318195,0.6149318880494214,0.6039118562295173,0.7181469668868876,0.4762515845559166,0.6674462002609238,0.7587649482565287,0.7987421293316418,0.8096791194010121,0.42236830836347883,0.7023762192440528,0.6654201604528032,0.44782519895176176,0.7707130238463795,0.8237300356890987,0.3804067870177335,0.5831980580599685,0.7633260583327206,0.7217319961253552,0.5558758522006224,0.7351856998130774,0.73142106791219,0.6571497312105726,0.6020712191167736,0.5264072219503136,0.6880092839725727,0.608458399293886,0.7262548557752367,0.6692129435121708,0.6360068089156051,0.7206312017522829,0.7879452026315428,0.7772091241756698,0.5619577253162332,0.5242012751446498,0.5476893383380159,0.7866054896378094,0.7141925907202147,0.7064064686838377,0.568841315768646,0.5698984335397533,0.7473612033063652,0.6276022976316503,0.5590055775475683,0.5794976754586835,0.6992216553102124,0.7845180052976914,0.5549793559000368,0.7438091927355449,0.5302785412423052,0.3504231940008986,0.6736349971275563,0.772052303759874,0.6061546121772823,0.6318408271389225,0.5017441072895474,0.666723838697111,0.650269238500752,0.7551587204161947,0.5854825801639808,0.7325403869918273,0.44475007563731606,0.7732056977589894,0.564900708177231
arc_pair_653762,0.6067085495021448,0.5792224675382348,0.5488249641287523,0.5865655585244531,0.675427859581407,0.5596333605646929,0.550556240886991,0.5513495581594815,0.6239187480570514,0.25642503038078934,0.6113673939175633,0.623197161283156,0.5002576228284267,0.4058751877452651,0.5687173548521071,0.5470730107591031,0.6029935456695109,0.5227941391391504,0.6437343916309272,0.6386481883644832,0.5306103473385333,0.7383315837163335,0.4534186968692375,0.5981801770505965,0.7192532158299676,0.688405123272491,0.6931720381050088,0.6347164370424191,0.5905869716824403,0.587783878601962,0.6662520108379139,0.5075344287584759,0.5431228734587844,0.5760595463363993,0.5652608049889721,0.6936416682498361,0.6785200037641453,0.6129776313969242,0.6107647604412259,0.5144666907232925,0.5664304098580533,0.5991442441467344,0.4907325589428244,0.5884529997637317,0.6595011846449825,0.6188440467852532,0.7055907186957961,0.6675462632715078,0.6033498877849452,0.6171973616854112,0.5869207566718267,0.5668668224433431,0.6576919430927695,0.6022719536867305,0.7290937481201591,0.5790070597074946,0.5891565909539234,0.7390293373469318,0.6711200653445512,0.4952394582818481,0.6249645853575511,0.43351888357135443,0.6931365244550789,0.550269273373984,0.6005146227251883,0.6601789228480196,0.689019441875854,0.6992593219154999,0.5347403123356258,0.6853195443651581,0.5780458992819575,0.662501449869233,0.41100439844449344,0.692540718772394,0.5049836324817261,0.6993404552750218,0.717352346253899,0.38690791366914906,0.6580054572873568,0.507008117050739,0.7202163775117798,1.0,0.6231913510710352,0.6564621447517824,0.6078420590629213,0.722905412797179,0.6348231442025208,0.5239627275294527,0.5976148791059506,0.690093166555565,0.5950984213205677,0.5867483816846856,0.7141420276631862,0.46642956051677154,0.6472053539990457,0.6371429539830045,0.6565756735914872,0.6426483300053687,0.48741877664829536,0.5632356186140713,0.5690475589106132,0.4039874713992826,0.6023362581280982,0.7362619935492376,0.4479409350088324,0.5712558970234765,0.6361278706021655,0.6993155417785174,0.5048280075583383,0.6974879243362226,0.618093472664058,0.6048029704739623,0.6534697855107426,0.5011174076266762,0.6442811245686975,0.5467841375886301,0.7211090740928394,0.567153851876089,0.557071883423403,0.6184055417374714,0.6203486727755085,0.6678225527574803,0.6176951194798379,0.6121658313039385,0.6046115320063965,0.6685407893051397,0.6591241637270651,0.6956402026718073,0.5710141347434109,0.5510252944379816,0.6316027192536062,0.5815868834300639,0.6485804057152071,0.5534983680781602,0.8132645230836067,0.6651341388639688,0.5947789543087221,0.785043237962222,0.5348721780946754,0.45095265228733916,0.6086862430370451,0.6942305759947525,0.5854123057305134,0.5639142532080922,0.6053849614491911,0.6249722776680601,0.5546486241873944,0.5838123626420053,0.6474867908822344,0.5960581384559602,0.4994096803002919,0.6938886559726041,0.5319644564270434
arc_pair_136665,0.5839662085877222,0.47725730202127165,0.5595858787398638,0.5287469941804949,0.5935122649336071,0.5041616356848929,0.5025826676862083,0.5268553572457623,0.5376239010978685,0.23065868589012486,0.5315081665692662,0.5667926264634171,0.4697704709495067,0.3965743879973529,0.45922597517315206,0.49183243860762715,0.5146312318702572,0.5786042490658403,0.5762980173616319,0.573385990941481,0.4698005879099292,0.6698099335446422,0.42024748932032274,0.5036324087490078,0.5884261529432232,0.5750645113891162,0.5390870177966735,0.551700026898851,0.5143266699077784,0.5553976671318572,0.5858017699753991,0.4332360614899889,0.3938412373098558,0.5395045477694492,0.48766140296332616,0.609993816066103,0.5597842137947576,0.5578524111998948,0.5709831176967276,0.5000000342112672,0.5270933777746555,0.5286504490170847,0.37484947645305555,0.46168669378904564,0.5522253259268817,0.561000533470204,0.5821332448493195,0.6129735347645482,0.5727995926314335,0.5478476984256762,0.5162134535560833,0.5340034916338128,0.5799580580324244,0.5460964463815976,0.6081703107892097,0.5228000350280538,0.585925951087063,0.6357595920012641,0.5595756383487102,0.42248558289433197,0.5966023309484842,0.4964300574592083,0.5936768460035755,0.49800477599914206,0.5922428822980637,0.5654695784668503,0.6270373253239475,0.5928091747224358,0.4831730308177078,0.5937742604969029,0.5074210926182767,0.5850971126865169,0.39206093543973225,0.6033259204976389,0.47431917567078313,0.5794363637878155,0.6293491837630514,0.35526528784183514,0.5855850152810853,0.4288462717476658,0.6101317827461331,0.6231913510710352,1.0,0.5577851876578385,0.5194660909965504,0.6004181923261316,0.5927067733669019,0.4354002827867517,0.5153082030243705,0.5286657472196098,0.50284355399506,0.5153371508509293,0.5696272991921711,0.4388532392236692,0.5270515627579496,0.5829745753113783,0.5589047561109046,0.597777744158749,0.435635254952612,0.5121772186014788,0.5054835251753295,0.40748145529479524,0.5662281335663226,0.6362682022353884,0.38754307775302205,0.47133565363635005,0.5567631679429625,0.5599355478177046,0.4523632170163301,0.5863541393471805,0.6098119342956364,0.5485889115931929,0.5414452371925023,0.4449546545832446,0.5584341428639719,0.4901270394967861,0.6374806769541962,0.5242618765687792,0.46634394214127467,0.5539782070060526,0.5548227116084012,0.5826358413515919,0.5543871498477656,0.481301366188279,0.5157826417250984,0.5737604256968016,0.6171115428178906,0.5914130736421721,0.5944543545704709,0.4791933158482169,0.5703498129531837,0.5340548213011442,0.556037774845765,0.5259096519851839,0.6477313761072143,0.6242115083482472,0.5297534581157249,0.6441712016705066,0.4431987428474015,0.34717980092159917,0.5648230237035148,0.6069274301353386,0.5098313389281246,0.4472866579668877,0.5159556138596393,0.5336493964051994,0.48666425148766,0.5263695258185767,0.551280033624012,0.5646306006930425,0.4245674063953613,0.6153307819654023,0.44995572996473626
arc_pair_296739,0.5781590785592177,0.42230887774243636,0.5964090093434334,0.6089951271039322,0.6795171333550258,0.6511972581648084,0.6439057189979682,0.5509536829573564,0.5332736421927414,0.1429658819143951,0.6994376735691767,0.7265152604369489,0.6013150080347635,0.37833079547367776,0.6534691433229707,0.6944554570771946,0.5759760155106604,0.4967317804731759,0.6632569258883027,0.545342047722393,0.599592235357714,0.6928199173312967,0.4376553472317566,0.40586410712109505,0.7673532354825788,0.5957145730818251,0.7394322792271171,0.5243701522169907,0.6501462682662431,0.6170049069938411,0.679185526879985,0.5129729581234129,0.3371918435791994,0.5657874317372726,0.44062381605594914,0.5617596708790212,0.6788339124648353,0.49109098913539095,0.5316290053330974,0.6027658242938895,0.596396093310897,0.6704185819086174,0.38681612356549694,0.5005565238300419,0.6720281202599668,0.7052247273626402,0.6589884481952776,0.7811467626394925,0.4323745457991586,0.6032120581947987,0.6502086222770618,0.6610482225595385,0.45609676117501236,0.732636243902221,0.5907516699848814,0.5873386683792285,0.5943481057018364,0.7518649834611559,0.7920091424654447,0.5405232253845678,0.7270578114736532,0.4405886859152937,0.5447422668271403,0.6299280707418131,0.7380582813922656,0.61632048650814,0.5640082823788987,0.5221585673064144,0.3919432681258436,0.715134215314527,0.6161187345077489,0.6914650492017308,0.4039586754834282,0.5715019066459045,0.576592845278696,0.6865323180320143,0.7122831069192616,0.4263443635472191,0.7266518173382546,0.4794791941457131,0.7498426819333012,0.6564621447517824,0.5577851876578385,1.0,0.6615663321223955,0.6369386886676913,0.8057461735052245,0.5656377754410759,0.5270259967386896,0.599895209813797,0.6092878871498377,0.589176150331712,0.6212814210496306,0.451332829793288,0.6777553236006598,0.7568930142344013,0.7714556252605502,0.7164006219484792,0.3459406226872817,0.6646584131527503,0.6862709764608761,0.41167987119828237,0.7061860365450318,0.7464401241054133,0.34679828908762006,0.5902691702703649,0.7969911278932397,0.7206357194355345,0.5353400024492451,0.6405768769245811,0.6668490025836193,0.6086608910533176,0.5197809122880985,0.5315480463369138,0.7049501563792301,0.5853221279014008,0.6564858836641504,0.7341254354067832,0.7210888785622024,0.66010670443082,0.7671433852187768,0.7877102875424321,0.5745272467959177,0.4427135907154817,0.4732130848428089,0.6755934832407504,0.6309266744465813,0.6710881096337266,0.520946154314941,0.5255403491781002,0.7580129209835237,0.5467101667901816,0.48893483211985383,0.5481215283560013,0.6321661314515346,0.7785511601384458,0.5052868888666014,0.7134478056918762,0.48142185924340225,0.2948186943962745,0.6073386614409154,0.6778776111739133,0.528737487305643,0.6253545020101248,0.45658330419571275,0.6342868268236896,0.6088956917210445,0.6725640841514661,0.4961754156722725,0.7395093477310778,0.37850274311126275,0.6466079549478397,0.5506438083030403
arc_pair_457010,0.6069809625858057,0.4053423722533592,0.6497746659742893,0.6237303585741838,0.6770949925210459,0.6062346697190313,0.6294752249894081,0.5400443489055391,0.5213214027723729,0.161878506250935,0.584221811325022,0.6997684259327893,0.539310776991434,0.391575521700507,0.6051639525588843,0.5899961114623592,0.5674841011419287,0.4637184096735489,0.7091121173421427,0.5108029767212159,0.5695971868920104,0.6764090606007922,0.4130033032498254,0.4062144159289608,0.7185517398380841,0.5936420282668904,0.6698340412779863,0.5028605827200243,0.6128900081883804,0.6296830797119178,0.6256768972081524,0.5125851318249695,0.33351610230154144,0.5280790967224067,0.4373343063817838,0.515601764007656,0.6442799108612858,0.49397665623999654,0.5105528426050772,0.5109750903115369,0.566586362030395,0.5353320463423098,0.4098202222918102,0.4700321232299245,0.6477934052831466,0.6510314406150854,0.6079348547253591,0.7581983421273626,0.4683558368669361,0.5448873671065602,0.599568787811032,0.6519160767517393,0.4315505707720171,0.651554485238407,0.5896705709258055,0.5699914792371328,0.5266915414095252,0.7237450163629073,0.65445689809984,0.5843468149127738,0.7049328196545493,0.3496037677018019,0.5308172048946533,0.5667573496381547,0.6328568677630614,0.6521062638921024,0.5953807456383853,0.5140892443651113,0.42555087765924976,0.7222494667861333,0.555873157008609,0.6659952834805218,0.37015103659197357,0.5899067918598193,0.5364754031295372,0.6345642827402459,0.6710350594340294,0.4835704464026493,0.6249590990484204,0.4360079566924679,0.6919868197314385,0.6078420590629213,0.5194660909965504,0.6615663321223955,1.0,0.6546352095470576,0.6932616562902113,0.5545860068617833,0.5879576663494491,0.5806602058005075,0.5621940579698861,0.5770825032012571,0.609040520662784,0.43246072273732244,0.5581649405510932,0.6813450132363891,0.6807475118693448,0.7195830792036233,0.3569042137255925,0.6153827658880239,0.5558050631644521,0.4152464959637358,0.6756720014927536,0.7134132529694074,0.3528225389643966,0.5312442775812147,0.6601778473817906,0.6694502278127985,0.5550462825134872,0.599643694303416,0.6516827905247957,0.5732355931286305,0.5350591046190214,0.580306970700141,0.5784950252270686,0.5759501421995626,0.673973452841381,0.5896068506434865,0.6062345953835748,0.5824921551933249,0.7032073578862001,0.7272705318027458,0.5240280304022567,0.450057158955301,0.4752016206150385,0.7372263315179854,0.6297788644993256,0.6279317543099044,0.4730708432941718,0.5168877775345141,0.7186249358251416,0.5711719369544299,0.5119824567115532,0.5202168465611258,0.6083954546913334,0.6616148516032162,0.47946744265339314,0.6604428699518133,0.5292073861048736,0.28877319819121766,0.6278051534720541,0.6529706403288698,0.5069027607331962,0.5684146099098673,0.43064272522514513,0.5853785472799536,0.5589512006356651,0.594683518068487,0.510010635744893,0.6249789808502085,0.38930572453550283,0.6084024943522568,0.4976521838008482
arc_pair_598798,0.6559616615730282,0.4741773547517094,0.5996041082055645,0.5425128796249441,0.6614613791837631,0.5200506941432772,0.6181967549180483,0.5316098299132324,0.5472723182902254,0.2088414305263905,0.5913994660412598,0.6400926124718457,0.5135580797843845,0.432688513847588,0.5964030315769466,0.5391958539577425,0.5300143394702899,0.5007438155432697,0.662564853963348,0.5842665755008308,0.5187857491969462,0.7306208134916506,0.4150413268440032,0.49902504133308623,0.7325645969219561,0.6181904722416459,0.7022416035109735,0.55513252932597,0.6585031009927358,0.6027222272454853,0.6272713515928408,0.5736339406460411,0.4669847057661585,0.5680777357399466,0.47117624320746015,0.6276588735250545,0.70813877282784,0.6029338620263947,0.5619713656870853,0.5514554735442985,0.5806096128657524,0.6408834570827057,0.422637410716562,0.5441925620804077,0.677295301620115,0.6238034622771608,0.6480441957942813,0.6688980124093826,0.566236170869343,0.632807430822615,0.6432879654438158,0.6264820459529882,0.569614082929991,0.6040130794913087,0.6871962140139402,0.5236576791659678,0.6261784157027712,0.6958382928179858,0.6842825163628053,0.5462903634068585,0.6908262278965256,0.40284033058774166,0.6104055356750434,0.6194078009989649,0.6080883963003069,0.6135478140963592,0.6702839226809868,0.6280394361961728,0.4804857132153276,0.7213489979582982,0.533481809188848,0.660904439675114,0.43731431658234937,0.656832207455737,0.5344600892331902,0.630764111776117,0.6814970945046509,0.3823555203112983,0.6835270883837523,0.4689442050178375,0.6889267188512859,0.722905412797179,0.6004181923261316,0.6369386886676913,0.6546352095470576,1.0,0.6863126515144532,0.5393262656585424,0.5586352272292643,0.6511285624087477,0.5785906055437752,0.5510976442034999,0.6661306289615996,0.49133278428692095,0.5249254189804918,0.7194591762482164,0.6380308234299871,0.6518303197113772,0.42455378686886264,0.6084044965895953,0.665287067929908,0.4530253110594898,0.6356542709802283,0.7288742452758861,0.4008245908247376,0.589898065717296,0.6968698396136966,0.7052546575487376,0.6423605410324219,0.641509203381788,0.577134946273828,0.5775478880632572,0.5775336588125571,0.543235939636174,0.6500864440750292,0.5754408738762608,0.6785887283422604,0.6545985564946764,0.5333367790088307,0.5419805949286286,0.5997012068533975,0.7295772245866794,0.6360555885378784,0.4959223471081797,0.5464495540801567,0.751115361375067,0.7132538591962955,0.7363055470659464,0.5561686670617718,0.5262411365732254,0.6498187308039194,0.6217436177156417,0.5778230262807187,0.5102476741045923,0.6896941391261281,0.6546926073020806,0.5706168537952714,0.7831187677361959,0.5046746764429578,0.358267079651903,0.6030788529975034,0.6530926009587785,0.5336005889698058,0.5423391458727139,0.5030513659733243,0.6041918485508161,0.6429286969206598,0.5897445349917806,0.5468862168267942,0.59537777604299,0.4494970944257948,0.6527368368055975,0.5690433468517654
arc_pair_674216,0.6026966462834458,0.42550102964943987,0.6524463438052873,0.6604859941318577,0.7415457604803154,0.6496330168271535,0.6258778526971858,0.5750646792134375,0.5048115255744754,0.15609675017822125,0.6586513843146276,0.781296639248148,0.6124940594309347,0.3966780489237477,0.6175477259872527,0.6444078194016134,0.5362000362587118,0.5056881812974372,0.7503406268018987,0.5230383342413977,0.612104531188973,0.702974076129469,0.44154714224388114,0.42687312425140994,0.778296499182817,0.5893781858845097,0.7094381326185444,0.4938490957732134,0.6272500703087032,0.6225760639982142,0.6599918811288483,0.5206346092411662,0.33838827400387006,0.5832109727448899,0.4534043336110811,0.5391308531647345,0.6647351599309298,0.567919268564314,0.5398328704060905,0.6441056800315993,0.5693035141427379,0.6272139900092027,0.3867586604385484,0.5086080959258698,0.693068535850089,0.7205292817846065,0.6428883210092448,0.7959208875055742,0.49271697683571597,0.6315677828367712,0.6608441561981679,0.6927529415204854,0.44103770026206596,0.7767026364928034,0.6011090466685248,0.5731330169239304,0.6296687966823113,0.749055348514701,0.7341511435273775,0.562092674722832,0.7859703903727544,0.4523409832460987,0.5460635610615697,0.6818004647521655,0.7216702227238091,0.650732602322884,0.5640236970352953,0.5253476439324513,0.4214547177160695,0.7186773101171363,0.5910621798047276,0.7129449531715231,0.40604809538437214,0.6296337008185934,0.5674144972148562,0.6812043485380378,0.7681237612401195,0.4765693315718164,0.7239803368303169,0.484944228670619,0.7938276015810278,0.6348231442025208,0.5927067733669019,0.8057461735052245,0.6932616562902113,0.6863126515144532,1.0,0.5945789502865391,0.5555085192493348,0.5729116798502061,0.5542512528861501,0.5764833557324881,0.6404390570958639,0.4725481108566572,0.5875027538274454,0.7409363183789878,0.7472127979072435,0.7923855234863652,0.37784343422312466,0.66062634074085,0.6425458335444237,0.4549806666159853,0.7318041085402551,0.7711146792274032,0.3568630002403769,0.5615588839251668,0.8403730362387148,0.6630950415298927,0.5788662284950361,0.6538866160146393,0.7410228046865802,0.5953701917939741,0.528157911708968,0.5489347097400694,0.718981534219855,0.5805033511054164,0.677762011818376,0.7081193577982217,0.6179309688272467,0.6186986210475844,0.7802293501889672,0.8156187790828009,0.5594474546136358,0.4696827502698777,0.478213761704669,0.7875377832374625,0.7387676209032275,0.7072337005815582,0.5343029947866045,0.5247994228879971,0.7422349587906282,0.5962894535699728,0.48983564755142034,0.5407773816478486,0.6083388776840973,0.7491590248077555,0.5096337401952237,0.6773603089515849,0.5328390528535288,0.3005355723874321,0.6587728121633205,0.6969123764379058,0.5454680762909606,0.5921930341788012,0.4537302202407509,0.6635099278214454,0.6188340026749275,0.6764223799042944,0.5197629588712809,0.719483301653713,0.39073873102582524,0.6882239519839725,0.540729416682164
arc_pair_68624,0.47893784843503917,0.3493348772379313,0.4539657569737461,0.4770706326174534,0.6196942754826157,0.4809887230145091,0.42399022149952187,0.4506702535792529,0.44704240768818143,0.1775100694689674,0.4674405407949941,0.539732174131582,0.4664396746074035,0.30731445489724457,0.4516638320236828,0.4490964393897092,0.46356501920327986,0.3627154841997033,0.5698839054153153,0.44831150781738505,0.6346841730846708,0.5607667376822576,0.37870031055679315,0.40527229926273783,0.5694563591940706,0.50012656021535,0.5565305435644089,0.40931044536608957,0.5355198676530167,0.44510898642448204,0.6080769985466201,0.3840831294329971,0.3190012878389524,0.48005703044411413,0.3926947330957044,0.46227993460889744,0.5017063057927093,0.431381709196733,0.4797644567677642,0.3790142070106624,0.4347432242148539,0.47959600657770834,0.3348252357161845,0.447588690575696,0.5359902265677682,0.5167637564887552,0.5541039377003348,0.5915081216027412,0.40412005306414867,0.4145872226332187,0.4573765912781158,0.4944641643033826,0.3667290118325052,0.6892603636494034,0.47727629201445443,0.4351587347434962,0.5025848005270454,0.6241239520424539,0.551459659637873,0.44830641183113296,0.5315242501578521,0.3604221042616013,0.4755444539609347,0.5111646931011609,0.5274954837882765,0.5602905389841716,0.5119715973202075,0.4415050870154421,0.3458118254461764,0.5845408327391314,0.4738306430192105,0.5683432542470317,0.26429888724426415,0.4998648072869259,0.44519568577138874,0.5622043925427292,0.60934439504133,0.37896271039491014,0.5676196317998722,0.43716618473566904,0.6041752867320419,0.5239627275294527,0.4354002827867517,0.5656377754410759,0.5545860068617833,0.5393262656585424,0.5945789502865391,1.0,0.4345263782804738,0.5185828855804554,0.4406394639068688,0.42865566105121033,0.4929671171246206,0.3393099470069291,0.4606648773085937,0.5927180861080127,0.5682791239029592,0.6047190995594962,0.32068835985925725,0.4564018208048614,0.48199050662109305,0.43097376600399484,0.5443801305197296,0.5934206976144463,0.303525051988714,0.4898421837706709,0.5645608064224295,0.5219228921650534,0.40554905354579984,0.5344159460873762,0.5571973718712283,0.4281803145936142,0.5336275352763894,0.4420453144628794,0.5289295201854226,0.427776753257056,0.513595520739643,0.5014455133308909,0.4453713068075284,0.49649068987464157,0.6051025629662237,0.5804726449266895,0.46036571302865054,0.3747796497483685,0.4159192409128733,0.5897113114593292,0.5245495630268082,0.5537228451444063,0.45572398027102334,0.380003792428437,0.5956300630447033,0.5561496466361386,0.4261615820618898,0.40080979069830497,0.5407520875396059,0.5425920873859967,0.41943574240618553,0.5490600536785059,0.5250691256341061,0.32224675630562627,0.5043533060392242,0.5226101944229765,0.4399716836746293,0.5020868071219011,0.37398017228031255,0.4934779972973362,0.4100059925198154,0.4960847972029865,0.43551157845459765,0.5188074149356346,0.3488087351375954,0.540428637467812,0.4057474588494015
arc_pair_228212,0.5404558562180404,0.45289485531660695,0.5936472933323107,0.593276769778225,0.5229786892941107,0.4684602406054808,0.5461514304828873,0.43448171765015137,0.4851255515384601,0.22397686627909516,0.5648562194245575,0.6011194285331323,0.44724029790495623,0.37843034145983584,0.5451264740550019,0.49368077858246495,0.5257786496383079,0.43408543367092334,0.5499232448001737,0.5325343344501613,0.4812148880616079,0.5749201923464733,0.3646039587603205,0.47078654893495925,0.6047498086987361,0.550757729291914,0.5964596941183419,0.5188411405027173,0.4910963256634017,0.5615926233850064,0.5294598231886918,0.4537883539150963,0.3846774761404498,0.526227602058752,0.4270288612402963,0.5720805671387439,0.5509401468735308,0.4445878028824555,0.5071384999078633,0.42292726158562405,0.4344411489771651,0.43665328997167546,0.3450484405208722,0.4169666610332128,0.5356467522129249,0.5920591609933192,0.529876432252041,0.6065609759943315,0.4802145528635032,0.4994699011601672,0.5487592257892658,0.5577007320857564,0.5253857731889696,0.5171578801810107,0.5602359707493244,0.5246751157156205,0.48492345985682284,0.6367147202474416,0.5472241006626963,0.44300848570918666,0.592564055785206,0.3833473714367641,0.5486484834762849,0.4619469305470753,0.5471626149105226,0.5453579485492696,0.5718135461940537,0.6225749316896773,0.43587068918102956,0.5617789427407798,0.443874171602625,0.5353653678660699,0.33704299813702465,0.5535369554533592,0.4183475939332317,0.49909480061699607,0.6509122585716156,0.46021549517022203,0.5779276426293755,0.40151887604591935,0.606081232028056,0.5976148791059506,0.5153082030243705,0.5270259967386896,0.5879576663494491,0.5586352272292643,0.5555085192493348,0.4345263782804738,1.0,0.49994297262757464,0.5088501202240268,0.5516919356330218,0.5727077241438956,0.3967665711286758,0.5482944583186068,0.5804267907818716,0.5387187960906729,0.6103446832555535,0.3612617328340149,0.5335075910797694,0.5077465756275233,0.36560236784126193,0.6091300179217476,0.5954211726199808,0.3567359172455642,0.44371322265220414,0.5382443996428569,0.5911580593390298,0.5016116453461348,0.5336835919632215,0.62424402817303,0.5262427664439794,0.5336041803681791,0.486466307302332,0.5044270567994523,0.48113997014525967,0.6416100264680267,0.5086329017516318,0.49329628685757154,0.5074602740859191,0.5375249842726545,0.6351457372304599,0.5046973219550697,0.42264968543748566,0.5088481453050218,0.5799991097614283,0.5808903185286752,0.5932255392129175,0.5791119493380977,0.45637561614448646,0.5391934939022869,0.5111583489899671,0.5255723417994989,0.5226319682342226,0.5851889086983688,0.583437117506625,0.44390612432192966,0.612753217864005,0.45263702407805895,0.3475726321749088,0.5634451795673703,0.6582042220042482,0.4840669983168794,0.5247492402417919,0.48041647625172873,0.5554229431456297,0.5553893018591823,0.547965313647279,0.5023170562608422,0.51511099212502,0.4090039123831542,0.5983974295973913,0.5244594104275828
arc_pair_453710,0.5749682571415999,0.5414602136386103,0.5130042117761615,0.5454298324683791,0.626839564321996,0.5031936961531177,0.4816865681535543,0.47564219150415954,0.5664779866850022,0.25777564621531024,0.5434826019076426,0.541322200043954,0.5299286001941723,0.39308680430170945,0.5379271178063431,0.5205652153505136,0.6074350734824786,0.4548448535915686,0.6172338362379625,0.6068901097236538,0.5510856161994578,0.6807780668004864,0.4288285469130786,0.5845997427677047,0.6454693875888285,0.624145931084664,0.667005958566844,0.5445199274026067,0.5370750725574778,0.5161311657911797,0.639717270570382,0.4649531694837206,0.5064883294855448,0.5596791785063124,0.4912929639771771,0.6368150349552901,0.6092790687474476,0.5295949677824172,0.5730342974732139,0.4621216271817279,0.5567550184698267,0.5359377399256585,0.44482270471796037,0.48546707060155214,0.6376094574565466,0.5664668587174109,0.6653908105878289,0.6408537756191272,0.529347547779774,0.5561721704081772,0.5482619105164934,0.5286723471815478,0.5881411540979519,0.5938796202598923,0.6487698454774903,0.526222839567223,0.5447632623837275,0.6405997771378172,0.628302755345918,0.4861747896092257,0.5209984980554775,0.3809202054473182,0.6587928616435946,0.5231857432747653,0.5822717857610243,0.595301719685681,0.6891618251982176,0.6629299340935592,0.5218276871250694,0.5977053776722502,0.5433826924429975,0.5914877159974913,0.4485911149798376,0.6919571106757788,0.5155525494763067,0.6519976109808737,0.6435471872597931,0.3650996400999998,0.5995191422680027,0.5723621707406369,0.6378165907318195,0.690093166555565,0.5286657472196098,0.599895209813797,0.5806602058005075,0.6511285624087477,0.5729116798502061,0.5185828855804554,0.49994297262757464,1.0,0.506052804996019,0.5370700590520202,0.6141517939454904,0.4408890467076717,0.5902446709349924,0.6459564494798671,0.6308446766391398,0.5871715365950887,0.4219003307178444,0.5140477587230526,0.6015181302361512,0.39436002620031313,0.5888659995060019,0.6817981420458576,0.4430503599895442,0.5242040806379912,0.5911981056727321,0.6431787030184976,0.4715769076079041,0.6113864010910985,0.5558541902824203,0.5439440881599535,0.5812905200231662,0.4828641279122783,0.5649261092974662,0.48097919408126155,0.6653595389639534,0.5225496732847583,0.5113332763574063,0.5570981842753364,0.5602001542853038,0.619906258218397,0.5734560179830869,0.5188199117654375,0.5626132097792138,0.6170845515755176,0.5312175690250667,0.6246341642850921,0.5022809409665983,0.5117910002597448,0.5940087277342957,0.5719439676110601,0.6240070125502509,0.46843757396076696,0.721125689671977,0.6416923522780821,0.5536679875970612,0.684879510035416,0.49328070162413,0.40621875198589175,0.5793862748750329,0.6025705425207014,0.5902594623266821,0.5647484810801526,0.514557358940657,0.5130250643079566,0.5517880493199256,0.5474928500484046,0.562199404324335,0.5440352793136647,0.47110407149405803,0.6071307259700939,0.5003600527589839
arc_pair_7256,0.4724304093111871,0.39586514219241736,0.6401145361911758,0.6614242578497094,0.5184359185175582,0.4371655590552414,0.7351155326204493,0.40845547868571147,0.4693229203598263,0.17727957463805077,0.8408636223401432,0.5737333708318192,0.41098404732199245,0.32727235704347746,0.7250777297919674,0.7054347285055336,0.5385077182216143,0.4328651067787667,0.547478350763957,0.6978844853110037,0.4781467969613813,0.6177261215984429,0.38333480822764,0.41392916504066746,0.7062316040128062,0.5644212956236238,0.643906468611614,0.7013109624480123,0.6058960696379411,0.7531176006248784,0.571037748307251,0.6038697708834361,0.3610678082469363,0.5087209481551073,0.3700462292574927,0.5666908620839121,0.5680587299778054,0.45032904985051253,0.46656725656393994,0.4509099825637773,0.4506022458295898,0.5382804564947832,0.33228788867721587,0.45884121128098115,0.5001964182054722,0.7230040815588229,0.5396416785757233,0.6043421258330234,0.40429529262006286,0.4957377857681652,0.6344387685079887,0.6518044788244076,0.4660099018168822,0.49971139691424343,0.49918709755499374,0.6432038735151697,0.4782204711500006,0.648526151064889,0.6667870410790967,0.4408909360266808,0.6681013859297,0.4175459167877327,0.4972135186362547,0.4460706239429774,0.5516182986699293,0.5712443619052523,0.5201043744034474,0.5333255951223569,0.38526017078883407,0.57098984153529,0.4226217607918141,0.5599541615307119,0.30532639953070273,0.46766835143914953,0.43779162203988536,0.47731380791647043,0.6055138537003223,0.33337475340297934,0.571817223901057,0.3672320714966673,0.6149318880494214,0.5950984213205677,0.50284355399506,0.6092878871498377,0.5621940579698861,0.5785906055437752,0.5542512528861501,0.4406394639068688,0.5088501202240268,0.506052804996019,1.0,0.43540929060549227,0.5148353050897007,0.34682246068384853,0.49936369360359406,0.616869920185509,0.5096425504830743,0.6058399682481348,0.31206289363464024,0.650017035993575,0.5506711427832136,0.3260553834478895,0.6794575453422798,0.5602473203382946,0.27273201702616234,0.49627296971771107,0.5682546015600106,0.6570294574154939,0.6703812319126227,0.49620443862929564,0.5382037234579718,0.678820407005897,0.48273904391344113,0.47081800533437423,0.5284450734152982,0.5353603038807454,0.6122766435155109,0.6954871013552029,0.596868946744364,0.5387502885964862,0.4991728260707454,0.6196137727000981,0.506076641940094,0.4337732123003088,0.4494703671200192,0.5243630535935606,0.5691562067881876,0.6097258808991003,0.4632061058517448,0.4646148597612544,0.5429033459782869,0.46950120442297244,0.48236113346740594,0.5773939758096606,0.6631624425700209,0.59446976030657,0.4278876841969054,0.6802993420711391,0.3921073721931506,0.31526998203067597,0.5583314107535504,0.6078125722530123,0.4620067724591923,0.5213735346247459,0.4444646198280161,0.5056242653059754,0.6531428810647777,0.6837330357024843,0.4925454481124058,0.6726505077101812,0.3873251004744828,0.5341834334815339,0.6939497669096398
arc_pair_263939,0.49425591173253475,0.40603672838992766,0.48903210927926666,0.46443595273563715,0.6116898356428931,0.494371694617536,0.4610336137781345,0.4474970132942452,0.4739344736360386,0.21937348062090758,0.49678696009287504,0.5485597342061742,0.48732517361279915,0.35103257951121875,0.44466968903636434,0.46627297396827383,0.4943619945089918,0.43639515865829726,0.5555845149316565,0.48382948043313756,0.46127158869117374,0.6337077652082619,0.35900437227125426,0.45165128338744914,0.5863172866654263,0.5425995469212662,0.5547693027602635,0.46240101439572834,0.49843947026193447,0.4569418669339909,0.5950441834959151,0.35502928766409225,0.34466829485141354,0.4817047734393436,0.4593362574838858,0.5315220574003428,0.5637460905944989,0.46099614842403014,0.5361126748281199,0.46842403984973147,0.4833736658583471,0.5191699529203428,0.38539883890309345,0.4086268705684789,0.5802906448028299,0.5279593056993354,0.5478405646977799,0.6229437586508451,0.47692679950789235,0.49890548255726397,0.47428437296923914,0.4794533063146589,0.44592435432615224,0.5413530445496515,0.5606017667747476,0.45556111316684716,0.5538811739427081,0.6095186912730072,0.5645742715602372,0.42616628261775125,0.5549989808044798,0.375509837563146,0.5316140937774559,0.4787514953553721,0.5716224265125817,0.5209679964542493,0.5983376867752175,0.6367320071783228,0.42020478173402803,0.5774220043410889,0.5552248305791079,0.5673505657386917,0.3656344419844489,0.5439888299409434,0.44463970922751617,0.6193638972649854,0.5898012544263334,0.3542348639416381,0.549264722374696,0.43858918777218553,0.6039118562295173,0.5867483816846856,0.5153371508509293,0.589176150331712,0.5770825032012571,0.5510976442034999,0.5764833557324881,0.42865566105121033,0.5516919356330218,0.5370700590520202,0.43540929060549227,1.0,0.5683755170383777,0.3805999309791525,0.5535091823313414,0.5875329142480289,0.5931834742565592,0.5755477828499033,0.3408625633155734,0.46524696862287196,0.5053240641347553,0.4733303215574012,0.5698918259754405,0.6212286795064053,0.410846328174985,0.45132282607880175,0.5907335654130809,0.5619603115943531,0.39465775800923575,0.5638965192657913,0.5772969719620956,0.47980630272235425,0.502392255097181,0.42182171485292613,0.5508669259763063,0.49050753920805834,0.6124646053246535,0.463039032061343,0.4823155336262016,0.5239876176353637,0.6008463458631924,0.5780309624286553,0.46456492048626286,0.4220162743943717,0.43949452523396365,0.5783019872606888,0.5384982572749273,0.5761333091969167,0.5477482612008935,0.49885671501967555,0.5932954241469657,0.5076200278073572,0.49975289659745903,0.4477893494249656,0.5930020151723909,0.6122719191301286,0.47918956914955896,0.5902222076352857,0.4456832866591665,0.3166622161937294,0.5186405968589274,0.5889317212753441,0.5100658757941987,0.5402857786256362,0.44855004293905726,0.511752334188725,0.4288564802553659,0.4828717775317719,0.48361957967485664,0.5061152071823886,0.34993778667216136,0.5731722365404835,0.3676024413130198
arc_pair_569555,0.6337635227325388,0.5404638451777483,0.5939843170369764,0.581586381836492,0.6657841351878412,0.5652597485790829,0.5232286602901459,0.5281636355456513,0.5718820523759457,0.24024780343721425,0.579575054616146,0.6307194006435901,0.5289163792895957,0.3985629063797681,0.5846343397641407,0.5360520993036164,0.5453727820179314,0.48379180721943604,0.614263095531745,0.5753728102535907,0.4869735194248913,0.6831959963197101,0.3877449766151275,0.5502309797749378,0.653569245344996,0.6106180091763664,0.6719084537244306,0.53409505931262,0.5950130901449584,0.5855613941866236,0.6608780601297595,0.5544923965883641,0.4860568666080779,0.5486727937712859,0.5201416367247292,0.6161142449772113,0.6042685480903166,0.5556011598599445,0.6004020284747505,0.5177408539991943,0.5526684240526116,0.5733734330852021,0.43402182606729245,0.5065166962158189,0.6239637750338366,0.6445710067824519,0.6403583107852133,0.6665814500893029,0.5545265541000015,0.584887050990397,0.60818851096049,0.6297862562171436,0.5551284872196421,0.5942939207493074,0.6802389697701993,0.5444818327663331,0.5716734470781347,0.6910649133213763,0.6505293340056111,0.4645720277474991,0.6305627900084627,0.3755086742394899,0.6417200228324939,0.5698428307361503,0.6027437002870231,0.6431448745949025,0.6654865707119775,0.643984002773327,0.5284442437458376,0.6926138870557101,0.5561758164514233,0.6056154251156379,0.4787896152135575,0.6269998984286189,0.49222930213738725,0.6598992194052568,0.7328973027303739,0.4206950737936673,0.7149728192840139,0.4932636685337624,0.7181469668868876,0.7141420276631862,0.5696272991921711,0.6212814210496306,0.609040520662784,0.6661306289615996,0.6404390570958639,0.4929671171246206,0.5727077241438956,0.6141517939454904,0.5148353050897007,0.5683755170383777,1.0,0.48465522907883535,0.6346012180736761,0.6455503799699611,0.6549094699450965,0.6532429893604177,0.41850870871382373,0.6146664950523073,0.5896736510311709,0.40605937821688753,0.6395303274594804,0.6896102002315992,0.3866299521651643,0.5212472509550738,0.6436400136758018,0.6427216244703756,0.479267671795416,0.7251217707531735,0.6175573104068831,0.563134920931238,0.5684692333900261,0.47259573542828714,0.614580911175959,0.5484258747811777,0.6644298059211089,0.5178121495041856,0.5521715704513018,0.6189779173712056,0.6285696719779729,0.6536898406362665,0.5828257565370829,0.536171144675971,0.5634940108754667,0.692620775988564,0.6271714590523257,0.6476826587063268,0.5549916427941521,0.5739768988794351,0.6069225817594712,0.5825545852183357,0.6412940570455323,0.5538079169818508,0.6977097194819187,0.6523990245544498,0.5355452155095584,0.7528462863139695,0.5125787586607753,0.38353790071678856,0.6406400959031517,0.7574758744273935,0.5553504336728018,0.5117145210873308,0.5381338313754005,0.6402331211734702,0.5842669044573051,0.620354538971738,0.5906803698106049,0.5620992169409846,0.498529227871152,0.6862562236987969,0.4882257074610464
arc_pair_669916,0.5011231914037587,0.37877251206090823,0.4670821789145489,0.39476703672711305,0.4905060433703657,0.4442219101609086,0.36658455389080813,0.33308647824138976,0.45424020545779,0.1800299546735018,0.41043106225803777,0.4720039485726419,0.35151026988416245,0.35653607536569926,0.42044672669452315,0.32407459236014613,0.3889886047598611,0.3333665901437484,0.48411593636128136,0.40582252608105585,0.3789146964437139,0.4859658124550666,0.2665131554124741,0.4149601393610836,0.43831380711731366,0.39676339901693947,0.4919430788025669,0.37672720899218787,0.402740717630325,0.39546741207600355,0.4681925725391592,0.4284126833033784,0.34825224662873616,0.38907035309741156,0.3387824197717246,0.4326311983260027,0.44604180978747116,0.397354582256587,0.42470668541716183,0.3376607560368283,0.42741792795693695,0.3622142271172286,0.2682936823381804,0.3486409442566531,0.47673663762505897,0.4572311170648633,0.469393806358387,0.4854968260743844,0.4284237173469524,0.42526178979835555,0.4344565837753399,0.48428885180858533,0.37009352400936235,0.4316813410080583,0.48414294181063144,0.3581949137760432,0.3879441071109296,0.4805149814327183,0.4794608401753452,0.4385148393234532,0.45951551373005345,0.3091767698499304,0.4826154529599559,0.4091358538359399,0.4071770648405905,0.4355633152266113,0.4807990927079115,0.4527064743972909,0.3741409888912626,0.5060315152863181,0.35549319029311116,0.45992064401313215,0.2588726309422491,0.45155019000163804,0.40465204275148237,0.4759215787274766,0.518794965691372,0.295115332869962,0.5270921732627208,0.34016259702136703,0.4762515845559166,0.46642956051677154,0.4388532392236692,0.451332829793288,0.43246072273732244,0.49133278428692095,0.4725481108566572,0.3393099470069291,0.3967665711286758,0.4408890467076717,0.34682246068384853,0.3805999309791525,0.48465522907883535,1.0,0.4114615452655759,0.4727262916384028,0.4716701706397907,0.47072467825900716,0.2830250234856775,0.44215862537169875,0.40847110909136974,0.28357698933821135,0.4742144546854634,0.5056095894512632,0.25988748506888154,0.38081211309834856,0.44307693562419465,0.4919709949235597,0.37501312658137775,0.5167588176207553,0.41918728710189007,0.3976823998635151,0.4321783703716165,0.33584908029427174,0.40164687471540644,0.37681499627849874,0.5008985234628962,0.4324612084224808,0.3735304808397939,0.41137537506555044,0.45807161234338806,0.4829517610947799,0.3994505322289773,0.37075306915903666,0.38023232679164787,0.5260893184140513,0.4437023893001276,0.4598534427104912,0.403489843564643,0.4078780154769291,0.4287937102184825,0.5049114199057865,0.4464958363539602,0.32908473124312365,0.48868548619092556,0.45180518188529567,0.3990130698290807,0.5035419410075144,0.3174194189984512,0.2727813485636916,0.45916477883018186,0.46561526133788755,0.40166687455064454,0.31053605683182584,0.3887890899064991,0.3955924618987753,0.3853950403378052,0.4768194366158093,0.4176677089334451,0.40774743406481,0.3292443621453506,0.5035700355758811,0.3684266018018295
arc_pair_287431,0.5127316661960558,0.4858501009577664,0.4814387730891003,0.5506128092425561,0.6847586085217116,0.5930771205574514,0.4894277175660157,0.4622638402992479,0.5704532351016015,0.1694588177471385,0.5861012177437656,0.5683021729307753,0.5015657700749556,0.3195064906023276,0.5460563487881431,0.5172160945091252,0.6584629482504276,0.4500574534881294,0.527361732472615,0.5350740538287776,0.4864576263713721,0.6455746191846482,0.3845855711646693,0.49053045769686837,0.595450319442981,0.5898141555151042,0.6394993627397013,0.511394201522559,0.5357952958079686,0.5092602263971461,0.6497465019081964,0.4726992194290356,0.39571290655647784,0.5292213639205002,0.4696110903551811,0.5542198666532115,0.6354837186001562,0.45359840584966843,0.5890104564178155,0.41889966471237655,0.5311021527498143,0.5065957129801658,0.42483491112690636,0.4514684308105569,0.6227905970935944,0.5751353545939553,0.6324767515254479,0.76310097931515,0.4781161882921098,0.4936930248539893,0.5755987176780206,0.5245852053891331,0.5162066556060302,0.5679103224826364,0.571228208048162,0.5009788978304817,0.5132792153335356,0.6852624139868707,0.6474948544795434,0.4347270272245583,0.5430555291073668,0.4076389148978916,0.6160340165922861,0.5144026056379754,0.5700827812182732,0.5471617883517909,0.5948216247719603,0.5933846525439483,0.4348500327936901,0.6032149817426425,0.5122883613051954,0.5826292479815228,0.348632754089652,0.6098532567539194,0.4344593554384824,0.6460429783193491,0.7221848856771154,0.37939355487295445,0.6687408801809959,0.5023771959730737,0.6674462002609238,0.6472053539990457,0.5270515627579496,0.6777553236006598,0.5581649405510932,0.5249254189804918,0.5875027538274454,0.4606648773085937,0.5482944583186068,0.5902446709349924,0.49936369360359406,0.5535091823313414,0.6346012180736761,0.4114615452655759,1.0,0.6292539479640841,0.6801646421645303,0.5827848308042184,0.35557778816499386,0.5891285334105316,0.5766577112733534,0.3975056901006476,0.6297982083518988,0.6692559161091818,0.36693195447484755,0.45227256926331255,0.6259418809966537,0.6789156185920197,0.3828526531583504,0.6280390087885831,0.6279987770811699,0.5492212901506508,0.5278717512764038,0.45113323227113283,0.5769811935036117,0.4602048209443239,0.7109135818483975,0.47184992785653457,0.5990642244322694,0.5973177355998538,0.6556345636868093,0.616418771958446,0.5396559917413812,0.4730064007617858,0.47514801883724095,0.5917337825215502,0.5347202347278507,0.6335578654532507,0.5493714770917623,0.4738328055323514,0.6166623871080249,0.5459431586121427,0.5319043965094995,0.46892632118306793,0.6725710523471522,0.703229298220948,0.5099498710523506,0.6187728915843322,0.43153832025635186,0.36880180552871095,0.5768250731860227,0.6745672439771644,0.5428930341208213,0.5250928098768253,0.45795127956314285,0.6500187218540162,0.5018125669457615,0.5921859420223416,0.5377343418062575,0.5459791599341395,0.4185049079734824,0.6790311446066151,0.4389424313569833
arc_pair_1926,0.5813669949048574,0.42593778690440237,0.682696127880993,0.6221748981888796,0.7499009095554475,0.5951789991891173,0.6396288273291564,0.5215003619089065,0.5399071372843008,0.17410063734808082,0.6807000725587776,0.6851405426225409,0.6020480040416806,0.4099918631955762,0.6669036765485717,0.6754434920540529,0.5999530996831592,0.47483350782135,0.6594835246274685,0.6033042603831609,0.6127298745665308,0.6969475211687344,0.43762850201097137,0.44593372051988034,0.7239245239994423,0.621201121939248,0.708041835567708,0.597756942506103,0.6773903591594223,0.6348597317317253,0.6888991673782715,0.5640369175894814,0.37740966927402153,0.6077160846760473,0.4680726605458286,0.6056336690605928,0.6506828015213578,0.5342565409959552,0.5914357318932556,0.5520211486134353,0.6073256723202638,0.666247817971913,0.379738482125529,0.515578756919582,0.6565959573836174,0.6969173201554866,0.6502912497148371,0.7869362761591231,0.4742353614835481,0.5920841393410357,0.6732900727453345,0.6820441067499713,0.47778752952078646,0.7382191655196981,0.5772067866429779,0.5786872566214926,0.6389990222724716,0.7699433446123466,0.7604137210314421,0.5565247704359942,0.721888517940635,0.47203401114910076,0.5620970073489702,0.6092683610542282,0.7139963640536398,0.6362287322902281,0.6265294138990626,0.5477022530738738,0.4217721804155942,0.6822378867998494,0.5610632293273072,0.6850489915558688,0.41404588110958956,0.6140632522090083,0.5949542052667389,0.6607065354247269,0.7279984101152358,0.432410363914947,0.7634534933319916,0.5050523356744826,0.7587649482565287,0.6371429539830045,0.5829745753113783,0.7568930142344013,0.6813450132363891,0.7194591762482164,0.7409363183789878,0.5927180861080127,0.5804267907818716,0.6459564494798671,0.616869920185509,0.5875329142480289,0.6455503799699611,0.4727262916384028,0.6292539479640841,1.0,0.7313104779933587,0.7537323505644626,0.3820272889295174,0.6631950065658191,0.7298584404355349,0.46522645292588066,0.7567591637874332,0.7894436864599995,0.3411128905283238,0.6101315532993141,0.7244048781507468,0.6749827565603795,0.6317210747441004,0.61451446547224,0.6772301929035985,0.6253201618501052,0.5468371422175402,0.5599384329984828,0.6831709568113326,0.5779233132782771,0.7009651971511384,0.7047878150914364,0.6771249686687584,0.6396297050510377,0.7614027763867438,0.7634436989372564,0.5972040347520533,0.44880845174544015,0.5054061931489596,0.7022383471135769,0.701860259924583,0.7841026871590333,0.6024206167254569,0.5711397374571539,0.7540733992453922,0.6485857341900189,0.5191799789130448,0.578917211450015,0.6579796015918323,0.7452471061410119,0.5276384993326538,0.7510943908616852,0.4830653007829354,0.3215539219373131,0.6793507994580028,0.7333907680596289,0.5574053234289844,0.5761080819359595,0.4792455826007369,0.6325716435146235,0.644794657679821,0.6941912282872572,0.49739609370089355,0.7133993078990133,0.4207827425353767,0.6926029745775626,0.5688237318148619
arc_pair_65061,0.5887076110409128,0.4472289690724141,0.6144283733940509,0.612369070006072,0.7223342395240394,0.6632580561877954,0.5412675659969881,0.5959494606284108,0.5300161773792887,0.16952404290255754,0.6113306436667542,0.7114858263631932,0.6044751211524972,0.36206544923862444,0.6396583288707571,0.6032400191752368,0.5801130289715176,0.5420600658201412,0.6465915368705176,0.5610897472977494,0.5919953133797007,0.6901398736988074,0.4366894910279134,0.4445964033845524,0.7634376501093393,0.6153280665354716,0.7549405763652075,0.5053430687616655,0.5714289339927198,0.611602169928049,0.6572586949862707,0.5412273004829912,0.36769464768490057,0.5447280617648744,0.46110353586198616,0.5628156782082272,0.6907506926788419,0.5177049382358154,0.5801417905084822,0.545591269248566,0.5978490391920542,0.5915125886083197,0.40276603955205154,0.49386550769440923,0.700194338969262,0.7096795119505153,0.6848170432929953,0.7998117915024958,0.45482556222293274,0.5995464852786568,0.64707674531047,0.6599663731123051,0.46590519379190587,0.7155412409681183,0.5946926008460266,0.5571801322981994,0.5929447208642392,0.7538892940938802,0.7507701716777984,0.5260619172942925,0.664500477718721,0.42388392246338513,0.5881333966086415,0.6226901656766509,0.6852247757627784,0.633222699886557,0.5908197501661793,0.5539833802567206,0.4213990987477878,0.7393760925285823,0.590257195570099,0.6850510876724681,0.3985875613572746,0.6321329458778084,0.5698881766343653,0.6985282016524083,0.758678492212247,0.4728226498448396,0.7192119439164422,0.5475488903107996,0.7987421293316418,0.6565756735914872,0.5589047561109046,0.7714556252605502,0.6807475118693448,0.6380308234299871,0.7472127979072435,0.5682791239029592,0.5387187960906729,0.6308446766391398,0.5096425504830743,0.5931834742565592,0.6549094699450965,0.4716701706397907,0.6801646421645303,0.7313104779933587,1.0,0.7289445823601929,0.38329904740553383,0.6792914888298706,0.6591136117776627,0.4085205983668367,0.7090332017527862,0.779872760363435,0.3487337667023396,0.5428395064130331,0.7589168158605724,0.6953754605372827,0.4943993872222126,0.6677870219793112,0.6589474409962044,0.5850244459165653,0.5455683721140561,0.5278376993779856,0.7159820316095404,0.5614626893345395,0.6704337126614757,0.5937914685783615,0.610260800311966,0.6869609609946741,0.7654977489929096,0.8030910618766272,0.5773374020815791,0.4963007736995729,0.5148823823955455,0.7414702934813194,0.6433347600546727,0.6532927457075012,0.5306037534264024,0.5340462139134924,0.7507848248971452,0.6016125185802554,0.5369733623155426,0.5057502507524669,0.6236417021657752,0.7573007328266171,0.5198841691188765,0.6808898872145398,0.5066496602683231,0.30297973896232866,0.6248146525376932,0.696598004465209,0.5706377249057621,0.6027070796028764,0.4592261483397758,0.6314241674676515,0.6328582139805029,0.6785632773000558,0.5099794579931107,0.6523931321985947,0.39220932513305234,0.6925955837114992,0.5156001091062717
arc_pair_603976,0.6002125981234451,0.4321384940515336,0.732656982906521,0.6897740091954534,0.7179042196212377,0.6225632228585014,0.625619503407177,0.5731541795691278,0.5183999074070544,0.1547664667294722,0.679113126100422,0.7309510333343876,0.6110536071115922,0.43338231467221044,0.6691040627525503,0.6510231859601524,0.5516379015592788,0.510470680061529,0.7299843645798357,0.5613790152960125,0.6022376373704706,0.7152449822104044,0.43804010184743236,0.4286684270344847,0.7516661561652433,0.6223888287895587,0.699637141778307,0.5246638262869514,0.6375333928235903,0.6916464210523268,0.6856843813445168,0.582144967276722,0.35647178570207716,0.613452729741219,0.4882227361797454,0.5584667334066024,0.618185514777636,0.5752534865304196,0.5548520495762145,0.5497610091307666,0.5596800091769731,0.5651516807880225,0.3915308714033507,0.5395041601980554,0.6221197584746464,0.7770274062121336,0.6287023384436522,0.7969951165546285,0.5031019014584661,0.5862738289145352,0.6675247054428426,0.7317049450781495,0.44550327599594636,0.6976932743548447,0.6095188475969286,0.6248587525733951,0.6102017549180812,0.8054534079165437,0.7143226802081276,0.5920806551096962,0.7921490360011835,0.42718064781132703,0.5469799628197641,0.6434951631292074,0.6764339340710956,0.7014101303122429,0.6001444867810208,0.5135372057789451,0.4283806836943863,0.7035714048785711,0.5993918823216031,0.693070148735139,0.4178461041104171,0.6331530537386947,0.5640693542867282,0.6468639489300831,0.7923148587692604,0.5201475424286962,0.7306666690527308,0.4997290688208642,0.8096791194010121,0.6426483300053687,0.597777744158749,0.7164006219484792,0.7195830792036233,0.6518303197113772,0.7923855234863652,0.6047190995594962,0.6103446832555535,0.5871715365950887,0.6058399682481348,0.5755477828499033,0.6532429893604177,0.47072467825900716,0.5827848308042184,0.7537323505644626,0.7289445823601929,1.0,0.3789252768850459,0.6845279401075829,0.6180961317720408,0.4528358289637725,0.804326581270595,0.7934414513312316,0.3251990602184839,0.578766103508806,0.7073609696708936,0.663427483227415,0.5939683281424039,0.6315514033794566,0.7367096429780469,0.6532282787428921,0.551790297480766,0.5373348553424115,0.6296721324016236,0.6435246113992253,0.658674972943953,0.7078430543101385,0.614662689109231,0.7079611343004875,0.7445490704190942,0.7734435983411683,0.5155879764495707,0.4607816317107806,0.5192306427688049,0.7780410322161101,0.7364643082514315,0.68241373779171,0.56713627967651,0.5604682597888984,0.7222059476559709,0.6522204507705134,0.5286295342437075,0.6073684407454655,0.6168133282931892,0.7238172348599106,0.5198447643373362,0.7024029887426578,0.5196925080155022,0.2988414132949553,0.7314322569528346,0.7595636197237807,0.5336481906667793,0.5705668389168514,0.46848743444830093,0.6669270806840649,0.631123226846139,0.7435151011288683,0.5435694740493836,0.7220708956255147,0.40742311145304483,0.6939784402926199,0.5329810864393985
arc_pair_263132,0.3617936951122612,0.4721823913740639,0.3693583297888228,0.36109474786632595,0.4283615957916335,0.31054209381198883,0.3390559771989034,0.3355822847794265,0.41352559750176915,0.30233630305001247,0.33400961474824353,0.3630775713517904,0.3259197033959982,0.36884916862071926,0.2954661434629008,0.32326419279386603,0.37992987639847187,0.32867314124770414,0.3824882818447155,0.4134422461297814,0.3289938041008258,0.47724205272659453,0.30020576347465044,0.4606695251878298,0.3872581343981239,0.4338840163772729,0.3746365650793332,0.3403978737018725,0.3653754590458911,0.3661315847642414,0.4548428833349258,0.2564718096302586,0.3634911718226308,0.4031599844022745,0.4640383895449936,0.43262637994966224,0.3669723890702643,0.3970047708592354,0.39598668691037026,0.2951585931853578,0.3216514484432307,0.3147409389388924,0.3166872324620488,0.3535775659183252,0.42803988657268516,0.3349840064717217,0.44854414856795183,0.3854234674727224,0.4460658429135623,0.364262651916885,0.3594058374233427,0.32648114268920325,0.48038872480764266,0.39477155839286343,0.4930111744114986,0.3218056686538948,0.4134619354165299,0.4271306076008955,0.33787194054999115,0.3247045690416422,0.3741158298419335,0.30581652975552964,0.5124199097124276,0.3645553791674185,0.39256853818067655,0.4405990002808692,0.4752402409147007,0.49826669740911494,0.458650800167892,0.383697769383599,0.3372900541758002,0.3674510751628178,0.29331347469567237,0.4554436493558902,0.30656376813820563,0.4418059122123204,0.43184379532207573,0.23487331220974875,0.3529783668911505,0.2893560265768534,0.42236830836347883,0.48741877664829536,0.435635254952612,0.3459406226872817,0.3569042137255925,0.42455378686886264,0.37784343422312466,0.32068835985925725,0.3612617328340149,0.4219003307178444,0.31206289363464024,0.3408625633155734,0.41850870871382373,0.2830250234856775,0.35557778816499386,0.3820272889295174,0.38329904740553383,0.3789252768850459,1.0,0.3232117293097421,0.34396895792856264,0.2687940948136176,0.371800007790572,0.4618276052239445,0.34801252876638816,0.3010343699239618,0.34582690411156186,0.3905878114264932,0.2720605874238922,0.46913636839437106,0.4105051747287321,0.4106831053613292,0.4023856713313566,0.26547093681622047,0.31908532581040133,0.305717434911829,0.47315409411020876,0.3144855991238785,0.29636571470745016,0.3455031040634323,0.36919809002829823,0.3729841503860008,0.3391315929027362,0.4170412118073782,0.40373690514665916,0.3782935480760863,0.42374161756251805,0.39355418086215566,0.41729293878956947,0.33688676637517767,0.3728727272936631,0.3677090548777104,0.4533870421827403,0.3466892285288847,0.5300315277161672,0.44884744116667236,0.4185027039802022,0.439799708204894,0.3225894679573484,0.33213906795916665,0.32823644694309384,0.4163810891466684,0.4208050202138998,0.32954704934269163,0.4037122493805395,0.346617822380501,0.3161055089999047,0.34718971523505093,0.4872848189860494,0.39545355255998094,0.3577308788362548,0.4465972855962824,0.2882027841368146
arc_pair_184225,0.5589273866728466,0.4011028761214086,0.7041778230808049,0.665696787267438,0.6223578953856949,0.5861374277148528,0.7376339693862586,0.4889532833468426,0.4426917719315032,0.142023809853413,0.7467470437136324,0.6928941306070384,0.5563043410767856,0.3492683121869921,0.7839173850563808,0.7617253589105143,0.5153959750956265,0.399140820843643,0.6097472796194788,0.5790244520997012,0.4611909602589574,0.627143726910363,0.3656202292186628,0.38559411642466146,0.6843651174756392,0.5216677746815556,0.6991391244401844,0.4810067197132492,0.6390638465877727,0.7790929278497751,0.5951563278949991,0.727358283351756,0.3198780826909539,0.5026405453164288,0.4178977596484131,0.4836609872379469,0.5409035153326682,0.46480385788719797,0.48639262316269993,0.48729285981164805,0.5088765789203858,0.5667621719615575,0.3314212795131442,0.40078066483581526,0.586518181698839,0.7864960164812637,0.543174137429058,0.7010333124310493,0.4297911230615324,0.5090858165161352,0.7552692012394052,0.7984406728749215,0.43829624680132373,0.5830585895414472,0.5172398191696569,0.6404268581756892,0.4821378050469644,0.6516670921641423,0.7095762454651697,0.4747870608287273,0.685090118380671,0.36656386261082485,0.4922210927274016,0.5333601464842795,0.6061682525954148,0.581603826771366,0.5219741256542358,0.5077559075843212,0.3908444307111317,0.6970874411004376,0.4416885868532137,0.5985895701783878,0.3569022480013858,0.557305892924035,0.4409766845869372,0.5706312408463349,0.7002258377143968,0.41429156561210145,0.7014082545891049,0.446417242155185,0.7023762192440528,0.5632356186140713,0.5121772186014788,0.6646584131527503,0.6153827658880239,0.6084044965895953,0.66062634074085,0.4564018208048614,0.5335075910797694,0.5140477587230526,0.650017035993575,0.46524696862287196,0.6146664950523073,0.44215862537169875,0.5891285334105316,0.6631950065658191,0.6792914888298706,0.6845279401075829,0.3232117293097421,1.0,0.5544846430232939,0.35591566607464903,0.7587815973140887,0.6524406899599091,0.2805861892330361,0.4610697975733773,0.6639772428387968,0.7065747863066325,0.63046242103181,0.5767446881079353,0.5705649425812522,0.7033089955138954,0.46549105708697186,0.4468390713495011,0.5820359117321846,0.5912233688942264,0.6080598591322551,0.642078862308522,0.6293233480234743,0.6299063909985013,0.6226301529314794,0.7193920734642391,0.47050311243777687,0.40609001995973415,0.44057843897060056,0.6771337714559535,0.6312424562445483,0.5843685788686592,0.4753863111410728,0.47384280893997105,0.5782739855009154,0.5457977230638532,0.49678935059431795,0.5151858550942244,0.5486374206555089,0.6865111636646595,0.43511884567191766,0.6530112578796337,0.4051443313577086,0.24266468846329417,0.6053881406892772,0.6754700918002289,0.472180406863764,0.5009360478042091,0.41638447890651503,0.5726611592200419,0.7168139671966929,0.824332503049619,0.4885578200500902,0.6837997249557797,0.34968534865445383,0.6210079378142931,0.5948920244095149
arc_pair_503688,0.5289215175494291,0.4087394199337083,0.5641537458590252,0.5336730015479548,0.6227055037772022,0.5174465625033938,0.5795564951067584,0.457592229650072,0.47229403727771846,0.16798009307695025,0.6009025635312004,0.5725317897235023,0.4814721296526542,0.36533286468190246,0.5761910237416616,0.5751295762841053,0.5240753145790913,0.43302729936434764,0.5421424664942192,0.5458336192663665,0.5043924377585111,0.6229307985839166,0.3701472427523972,0.4120178957416314,0.6419786596936197,0.619737980453294,0.6902609370374483,0.5323428146577308,0.5459333488711349,0.5109678587346995,0.5928043293801301,0.4968699720266637,0.347964661338074,0.4882835484591525,0.401393567643426,0.544784683616414,0.6007248060811475,0.4711883840820171,0.5013453121676428,0.5087539145406899,0.509408966752263,0.5826150760124155,0.34246198769108077,0.39357345698271046,0.5435275482284454,0.6154129974529603,0.6162362205316922,0.7069145472269266,0.40573375320044985,0.5415574542489898,0.644470081314157,0.578248402893864,0.4855556167379418,0.5828353619321853,0.543605242598962,0.5151464772253281,0.5494722293060134,0.6091560582683345,0.6824795618661613,0.4466025928883743,0.5782187302783031,0.41216885102025824,0.5089826516507588,0.5599125162880659,0.5939904041513553,0.5115940909540153,0.5640506436137905,0.5422442949117334,0.35753151168762587,0.5695349797289803,0.5081721422126483,0.5185507284514711,0.3678975514699471,0.5328310147861287,0.5085585836471287,0.5607823883169452,0.6544669602580199,0.35437872704162565,0.6532716157334236,0.4606844767241429,0.6654201604528032,0.5690475589106132,0.5054835251753295,0.6862709764608761,0.5558050631644521,0.665287067929908,0.6425458335444237,0.48199050662109305,0.5077465756275233,0.6015181302361512,0.5506711427832136,0.5053240641347553,0.5896736510311709,0.40847110909136974,0.5766577112733534,0.7298584404355349,0.6591136117776627,0.6180961317720408,0.34396895792856264,0.5544846430232939,1.0,0.3753682146426569,0.6674774767937979,0.6555262917585927,0.3369176653940346,0.4835437953586538,0.6852146989786426,0.6896412968778801,0.5352672147047473,0.5523708729515713,0.5583886295240481,0.5182095628528148,0.4809937292089996,0.5052873203683744,0.5721293050053385,0.48913648211737054,0.6295486181654061,0.6144356434554672,0.5691607696340308,0.5378074966477757,0.6087601081847552,0.6502652237758906,0.5068121985172686,0.44340268527961185,0.45171957771736554,0.610808310394566,0.5919157764788558,0.6399264096362678,0.4848545351688133,0.49267800828642605,0.6026610026406423,0.5277650752333374,0.49368236971212887,0.5099415596136965,0.6049416501374579,0.670816428085902,0.44910671622984616,0.6607909206221924,0.41307985712983647,0.29927461839196395,0.5778176219114901,0.638386595671132,0.5282765388338276,0.5224185801666676,0.44959714639360726,0.5553725644890247,0.5977815646741874,0.6122476010709293,0.46111834201369184,0.5654636949335422,0.3651633275492452,0.5811615666487463,0.49784793034889374
arc_pair_716093,0.3558340854027781,0.2839418826350511,0.36266567061938454,0.3530591011452399,0.4602267862791106,0.36352069568008916,0.33023346880221843,0.32444730000288313,0.3602100042352899,0.18742621750569674,0.35550184686623204,0.3665418285193686,0.3841488869700301,0.24585506147475325,0.3154121697358511,0.37040457465407844,0.39186775571611626,0.31314368613368465,0.40734848644013905,0.38272675946895307,0.4494452099277057,0.48647878906853853,0.33047961714406787,0.38941726832352497,0.4260606422892117,0.37124782299015396,0.387067583105555,0.35034586303513776,0.4326113068677191,0.36294432902204515,0.45394873242777944,0.29173192306305884,0.2736191264746396,0.39436172392667085,0.3298832787007783,0.3799039555998183,0.39428530954302154,0.35441560498080177,0.4306262757193261,0.32154583249204044,0.37839323283409165,0.39153955913875055,0.30260319927473417,0.34105092560093037,0.4240625302048511,0.4079537622017557,0.4095438792019884,0.46747201382967524,0.3669342774681655,0.34887097363601505,0.3685468547138781,0.34089226488113755,0.34166539298940823,0.49207620745069286,0.42134892353615105,0.30939589484395763,0.4045701117350135,0.4525102412359767,0.40264496706385267,0.3869367571018042,0.40791801790587046,0.3321616435586446,0.39109774385115575,0.38481707087023986,0.5087251469439226,0.374885629036882,0.47679844479026184,0.447973305611258,0.34005870520306797,0.41505809072515426,0.3598935912942502,0.4207515343792404,0.29555364186854544,0.3919032455238019,0.3147833994099315,0.4445420022734379,0.4499549373449945,0.25038783616772325,0.40292739912176656,0.3138295952793354,0.44782519895176176,0.4039874713992826,0.40748145529479524,0.41167987119828237,0.4152464959637358,0.4530253110594898,0.4549806666159853,0.43097376600399484,0.36560236784126193,0.39436002620031313,0.3260553834478895,0.4733303215574012,0.40605937821688753,0.28357698933821135,0.3975056901006476,0.46522645292588066,0.4085205983668367,0.4528358289637725,0.2687940948136176,0.35591566607464903,0.3753682146426569,1.0,0.4237845607147567,0.48541626262455634,0.26053059459872324,0.3674517513943364,0.4273752544090962,0.3899876261995115,0.30050355146898905,0.39010558731859335,0.4091984683358025,0.3811973072054689,0.4079090353874418,0.34328116728874186,0.4325938835287629,0.37592593872669905,0.44050118452124876,0.3898777680567437,0.3357313446148107,0.3663718374821188,0.44472891883296595,0.41770400187027495,0.3302823521232527,0.308567131862262,0.3566373911452389,0.43801438333889614,0.4257933349565651,0.4553298733611054,0.38391840369720576,0.3423159659052844,0.43519566537479926,0.5112786001756492,0.39320954563066446,0.3195813354115729,0.44692224743501224,0.4759570008790403,0.3915475283178164,0.40848288374958125,0.38128578139528035,0.26216386972991895,0.3918487922943921,0.4055354372462302,0.4499709356658695,0.36477559044365926,0.30354063575776213,0.3676491463177497,0.3114338483181589,0.3697315516548053,0.3802983111505901,0.4277474692736191,0.24944976299197297,0.4598679809193717,0.2638380365796937
arc_pair_190227,0.581638266374007,0.43758752320264904,0.8059857552807248,0.683449155049054,0.7162810996239759,0.6256157211581147,0.7056261112815418,0.5477074087415825,0.5112860201703493,0.1876404093610203,0.7463287843331101,0.7067757163009237,0.6016144739490518,0.40148238621663507,0.7165585105700265,0.6813375463011996,0.5768140638739988,0.5356927640889468,0.7016139762710191,0.5994174352309193,0.5777252551803019,0.6736431034392834,0.41620080445598007,0.4395127820664659,0.71315136940637,0.6108969486924397,0.7204453747440206,0.5456840292941764,0.6383674920989905,0.7284714195125311,0.6998213725559137,0.6601385187713971,0.3366028212221249,0.6182900021404035,0.4606651664651852,0.5798724036747931,0.6328009466397142,0.5001373052425792,0.5811148949814428,0.5591498315502594,0.5761600244965216,0.5961942344198136,0.3736304715592921,0.46270826852751423,0.6346282160903305,0.7969752260002068,0.6045643350916963,0.8096291846031692,0.49336147642323275,0.5461134644073937,0.7353981516525357,0.7624365350366658,0.4801293078888949,0.6724038950466172,0.5767963288807088,0.6211056162505492,0.6176488112572776,0.7390856829438827,0.7528612701262954,0.5213647654651613,0.7310779631589489,0.4665565087159792,0.5660653571302183,0.6064180677690238,0.6786995909390321,0.6513557744666676,0.6069609912321793,0.5524545259078261,0.4282108976399424,0.6619217339321373,0.5469640800644517,0.6536152350051863,0.4059091597689507,0.6267038204350509,0.5499249135579596,0.626551865734546,0.7754225754003634,0.4459859472156655,0.7643263727377891,0.5238777329026189,0.7707130238463795,0.6023362581280982,0.5662281335663226,0.7061860365450318,0.6756720014927536,0.6356542709802283,0.7318041085402551,0.5443801305197296,0.6091300179217476,0.5888659995060019,0.6794575453422798,0.5698918259754405,0.6395303274594804,0.4742144546854634,0.6297982083518988,0.7567591637874332,0.7090332017527862,0.804326581270595,0.371800007790572,0.7587815973140887,0.6674774767937979,0.4237845607147567,1.0,0.7343442331505055,0.33818660851628896,0.5331067274935353,0.7098751424539413,0.6854155703114775,0.6566503309368918,0.6210618520851453,0.7115207193129222,0.6937313879266,0.5156173618692772,0.4992892090347596,0.6301184445840977,0.6306819917837359,0.6691837217043632,0.7149492478689072,0.6647801922392026,0.6812013197286437,0.693752826922253,0.7711034531408305,0.5811395390797743,0.4318000652967779,0.487931685731894,0.7346679039058538,0.6991359010220718,0.6987664450959415,0.6048992167748105,0.5814044543448578,0.6839709086449874,0.6236399303600112,0.5321176822988457,0.6002140708448555,0.619730497862566,0.7587053406173054,0.5111016857970624,0.6992153927483569,0.43313371221701175,0.30298409287017614,0.6723286608251814,0.7485121487946779,0.5336816443583169,0.5542225917599498,0.47455390293837607,0.6219457119757323,0.6825378105337535,0.8353482459770187,0.5440865191331978,0.7993428922093271,0.404188701291418,0.67034097314491,0.6081173022102966
arc_pair_379470,0.6160160290580002,0.5300044944940093,0.6569205877009731,0.6545846493173708,0.7607756303915105,0.6424207408767113,0.5874433254218556,0.6076927028114947,0.6023741570042874,0.210974598837141,0.6428646058877879,0.6884810160641216,0.6232626191631131,0.4629640459939475,0.6353892637646328,0.622487596311373,0.5997667260091728,0.5266347975206352,0.7315698547871553,0.5932840580333733,0.6142281208147308,0.7958567791107501,0.5056302858016584,0.5241651872607028,0.7636501390721822,0.6724511758331254,0.7175106136748729,0.5778640466607295,0.6531800961494938,0.6653236576268483,0.7457520430395514,0.5517680539228623,0.44004621384864545,0.6785267783056523,0.5871412914048385,0.649386983506432,0.6685450099575893,0.610684239175726,0.6227793050310226,0.5941755664994676,0.6222064246635176,0.6091043587761188,0.44980243789617574,0.575581758358769,0.6861555643294823,0.7155334715565306,0.6971418931581889,0.7911898040950512,0.5848338995824766,0.6374593875779228,0.6754391905088757,0.6586073182215785,0.5722601227961129,0.7205079164022733,0.6699499425730969,0.5925320144734121,0.6702858886704385,0.7863796616454286,0.7221550649072135,0.5898370536703258,0.720243726191565,0.45573139926935463,0.647312632648139,0.6495276910903854,0.7069729966796972,0.7122910081989139,0.6842829503734744,0.6313549875176161,0.5061277539071198,0.7167844397678522,0.6298256540131314,0.7094083555474979,0.4713262242356993,0.7040582917841107,0.5702274469837447,0.728371085642484,0.7912317372691701,0.47297213413326694,0.7096084228525061,0.5367671681825454,0.8237300356890987,0.7362619935492376,0.6362682022353884,0.7464401241054133,0.7134132529694074,0.7288742452758861,0.7711146792274032,0.5934206976144463,0.5954211726199808,0.6817981420458576,0.5602473203382946,0.6212286795064053,0.6896102002315992,0.5056095894512632,0.6692559161091818,0.7894436864599995,0.779872760363435,0.7934414513312316,0.4618276052239445,0.6524406899599091,0.6555262917585927,0.48541626262455634,0.7343442331505055,1.0,0.409885674535296,0.6265634725365409,0.7317230358262199,0.7184186283221412,0.5636809925224436,0.7044028748944293,0.7096048874774668,0.6642743922193423,0.6107031192019344,0.5440629377342577,0.6905634036360321,0.6073877039277688,0.7278723531162832,0.6483950164284639,0.6039850472613377,0.7181565097694985,0.7580821660249837,0.7499989131058372,0.5953874669433402,0.5375821747259912,0.5765067185446885,0.7665627829142702,0.6857488524163868,0.7213201033341597,0.5971426722581473,0.6020690871989927,0.7680900564888594,0.6607978165269058,0.6008201018576284,0.5495528770861347,0.7018096861624702,0.8035787323778191,0.6318532501909214,0.7854816762468502,0.5520096198693822,0.37710042739051797,0.6567153686036277,0.7262516613842335,0.6186217040903459,0.6200566377110105,0.5201082372568764,0.6410165179248737,0.6190238269147027,0.703613871279176,0.6230605895058103,0.7152987112928606,0.4659268705995863,0.7448585091275196,0.5333107085738467
arc_pair_131562,0.327788751412371,0.4322006704089007,0.290959738088239,0.313014451362617,0.37001679086376643,0.27567145500158835,0.28864788056385704,0.29657244401448785,0.357000247934021,0.2623601430305422,0.2875266510362713,0.3357906210787821,0.3031206421754255,0.29834012637780266,0.25157641313844514,0.26109901666792024,0.36178517089716483,0.29103719963177893,0.35022844485368865,0.3988177398560958,0.3318728095409321,0.42668862887390074,0.2819017225207068,0.4826466646610108,0.36378600062768734,0.44712290825765433,0.38781222421918,0.3236433551093838,0.3107006736406329,0.2882768717092665,0.4117027728083126,0.19326439476382054,0.3580379717040226,0.37084417693188243,0.3725792098733392,0.40543304723154727,0.3609358913835353,0.35002326270587136,0.3980513957707085,0.26104077822441424,0.2975016266301499,0.2813954159893822,0.35719201253934185,0.2900074676674392,0.3935707103548477,0.30010714564659063,0.39492989491070846,0.39120378506114306,0.4257049120902317,0.37181232158367744,0.29737164401229005,0.26674226104216986,0.4663891413380076,0.37537693717402576,0.44749118022742423,0.31338813542665167,0.33256873695640865,0.3992340203281163,0.3365812337844593,0.32165508641434043,0.3209674459069608,0.2828729645562932,0.5035119400979344,0.34762608133729883,0.37360580428632695,0.4252642074378059,0.5082000019414086,0.5568454479233328,0.4050241258819939,0.3430920223584048,0.35462696245930303,0.3327297889244907,0.29002929188153226,0.46139682418869116,0.3204925090615241,0.41419186136638264,0.3971357641289253,0.21681208062045515,0.32478776871210335,0.29696071294986104,0.3804067870177335,0.4479409350088324,0.38754307775302205,0.34679828908762006,0.3528225389643966,0.4008245908247376,0.3568630002403769,0.303525051988714,0.3567359172455642,0.4430503599895442,0.27273201702616234,0.410846328174985,0.3866299521651643,0.25988748506888154,0.36693195447484755,0.3411128905283238,0.3487337667023396,0.3251990602184839,0.34801252876638816,0.2805861892330361,0.3369176653940346,0.26053059459872324,0.33818660851628896,0.409885674535296,1.0,0.28394567311528923,0.3628230448542338,0.3941961219289495,0.2309554265129596,0.405880207028151,0.3831457058645396,0.32438500162834843,0.40975801944333057,0.271820276017952,0.31882253562761764,0.30913915074868675,0.43119395226373486,0.2923875582830549,0.29170990457411733,0.3202054078679245,0.34997268930170033,0.3413280773037577,0.3521713423594863,0.41783246311851463,0.3266896295299903,0.3548946859168371,0.34909055707031594,0.3442691282310042,0.3753964360385022,0.32233483505152466,0.3784998044749063,0.3296118320572575,0.47134120154885517,0.3165362206573057,0.5103627702735839,0.40515057663505805,0.39166952709352104,0.3877473893601579,0.29813412477231604,0.3377775302862486,0.32563240090168794,0.3881461092299713,0.4286240377546105,0.3463718779672702,0.4799933090893289,0.3044101378595456,0.24978955853767598,0.3024588390035485,0.44011673895169784,0.3010826429223543,0.342211881927611,0.3791253972683993,0.2385520598961186
arc_pair_732197,0.4945627275743229,0.3685261352666411,0.4514073549151151,0.4943016305060405,0.5189769334551975,0.45808453218844186,0.44423272835159056,0.44361906584676797,0.5091414242915299,0.16181211464819345,0.5319859343331795,0.5432581185248825,0.48119367755152515,0.34480580120062587,0.4915247553903341,0.464483545623063,0.4535919984011452,0.38657420807723225,0.5614845674843679,0.4961819884018671,0.4806788852823216,0.5654048411964727,0.39972579855633905,0.47072421406321163,0.6032813073979849,0.48136276502618125,0.531852031403422,0.5083905205851196,0.5149734127104536,0.48237044649601496,0.5319011643451468,0.4397952207785391,0.4435572372531353,0.5320248417738513,0.39512862783815,0.5514510162680993,0.540561773702132,0.5461499899746615,0.4721063056570613,0.44805511238849616,0.5066103203318485,0.5162224278505514,0.31909801396982795,0.6183557756978802,0.5110575535439682,0.5574905234399156,0.5449089685773997,0.5875028191352772,0.488874483054211,0.4701093680363655,0.4930324491523374,0.529096527886501,0.3734880950909893,0.5469725699228998,0.5042176187881643,0.4789787516397048,0.5064428635057405,0.5792118943635933,0.5989964277728865,0.44352369579243334,0.5544014263949373,0.33159671199245266,0.4679990791808322,0.49798906995745457,0.5385742117032062,0.5302631161970028,0.5191103667603963,0.47692475200002976,0.32583560298630876,0.5847139304534591,0.46582211737882273,0.5893698432293042,0.33163480817774643,0.5103393473550599,0.4602713724123013,0.5389773128741709,0.5601672091427574,0.32822046091549845,0.575779973603575,0.420345769910277,0.5831980580599685,0.5712558970234765,0.47133565363635005,0.5902691702703649,0.5312442775812147,0.589898065717296,0.5615588839251668,0.4898421837706709,0.44371322265220414,0.5242040806379912,0.49627296971771107,0.45132282607880175,0.5212472509550738,0.38081211309834856,0.45227256926331255,0.6101315532993141,0.5428395064130331,0.578766103508806,0.3010343699239618,0.4610697975733773,0.4835437953586538,0.3674517513943364,0.5331067274935353,0.6265634725365409,0.28394567311528923,1.0,0.569794719444061,0.5241404464851884,0.5098173601545573,0.5321769248406453,0.5157108698874502,0.4846451984029043,0.456570016999186,0.419628203225496,0.5462680062168301,0.45997824186619335,0.537488571241275,0.5455434544491145,0.4907347563273143,0.5362435278720376,0.574674633541878,0.568067606991716,0.5048931604767583,0.406602489764768,0.42695830408271246,0.5703376183764752,0.48106176291502367,0.6009562282012035,0.49350950825463474,0.5454744176759264,0.6019980545378402,0.5031950297299224,0.4564632874994185,0.4184234594058558,0.5806350733795356,0.5359714805217176,0.5850433824086594,0.6507767374653844,0.40984525357673657,0.4170373586021059,0.5000329123264298,0.5405247844660593,0.43815205806999175,0.4975051418748506,0.42110618760374424,0.4849841945076772,0.48544766421334407,0.5289512294396503,0.44768565837861396,0.5412410624407966,0.4017646247555636,0.48855746436855185,0.47559634903297826
arc_pair_530360,0.6022520213652045,0.4008970850746113,0.6147817195089503,0.6402778137723577,0.681618002576701,0.6270122731601259,0.6172057599785883,0.5605994337461897,0.513670371377533,0.14369041699973967,0.6388987634232455,0.7549976562644971,0.6023046024006642,0.3681948306133306,0.6342374140130578,0.6399790553625236,0.579689741323606,0.4737273420195262,0.696131185287067,0.5238252628656244,0.5834444318975297,0.7078988974514029,0.4296437770015183,0.43013497919787597,0.8056221762205901,0.6180218288765076,0.7371406345639092,0.49956068173180723,0.6285121720147625,0.5948089629181875,0.6257528967378083,0.5131864193159126,0.35514168724490724,0.5575457618909869,0.45092797046757876,0.5568285224574447,0.7065914630232912,0.5414615590111755,0.546417211358657,0.6454791661073286,0.6020534198297197,0.6365794137966051,0.40987523103608625,0.4825963536901118,0.6774534692770586,0.7054428320379781,0.6268566185100136,0.8084907633329751,0.4901174528948445,0.633252483137736,0.6611615137181259,0.6633455337561005,0.42011930507471773,0.7005121143376556,0.5893370997520184,0.5673429948855687,0.5923473630886961,0.7219109185313769,0.7563401915812554,0.5311790976134825,0.7415052652034284,0.4222089967558044,0.5365717363582242,0.6455324385679198,0.7048881415282386,0.6186347556046935,0.5618328892353037,0.5222665615754465,0.3873538957771523,0.7450824261745728,0.58804650969187,0.6856893869179986,0.4347421040172627,0.6237908933462958,0.563601414551023,0.6556176100257698,0.7283600862847724,0.42247121323473086,0.7150669717801932,0.484248092584829,0.7633260583327206,0.6361278706021655,0.5567631679429625,0.7969911278932397,0.6601778473817906,0.6968698396136966,0.8403730362387148,0.5645608064224295,0.5382443996428569,0.5911981056727321,0.5682546015600106,0.5907335654130809,0.6436400136758018,0.44307693562419465,0.6259418809966537,0.7244048781507468,0.7589168158605724,0.7073609696708936,0.34582690411156186,0.6639772428387968,0.6852146989786426,0.4273752544090962,0.7098751424539413,0.7317230358262199,0.3628230448542338,0.569794719444061,1.0,0.6749556719817157,0.5881773658969903,0.6812018688763221,0.7072239264753029,0.5820531914121444,0.5154472254366593,0.5558559539664576,0.7356178045035175,0.554191769970578,0.6977995644321118,0.6493805579876453,0.6313247204334294,0.60020548488554,0.7351073201564404,0.7890760917033315,0.5575591494339602,0.4612515979553066,0.46519895813390133,0.7616633625518676,0.6617241159441136,0.6968512828200322,0.5057524829044456,0.5350208611706934,0.7498639169866348,0.5589542256046616,0.4867950905410994,0.5190502559476858,0.6160154062438996,0.7172982619655839,0.5003856680027695,0.6746137560362271,0.4875406673773673,0.3061954333786632,0.6347630060306715,0.6697090926530657,0.5444898340662752,0.6162888317003667,0.43659630351234646,0.6323323540706178,0.6129445823617183,0.6664302676495215,0.49201439629637017,0.6655569277071538,0.3918944754629577,0.6707302426301035,0.5430738465675238
arc_pair_625567,0.6213484432639634,0.4781435917391601,0.6053925805712916,0.6080098564847113,0.641203671213062,0.5600803404664415,0.7141194324549551,0.4840341210911679,0.5333004883988093,0.21647066802887263,0.6891123201503246,0.6639641860525721,0.5381436207328522,0.4481447878080115,0.6554895087558267,0.6116206569631951,0.5703499623943883,0.4829804256464169,0.6375020866761766,0.6305430675967758,0.5603506245408478,0.720297509051902,0.444872516111941,0.49545129095476453,0.7549611817797486,0.6707668836432065,0.7792844683815507,0.5694329585764853,0.6478302586112274,0.6237059498386937,0.6566220785332991,0.6229217694622206,0.43580443727564944,0.5317689267598081,0.4801996796764641,0.5861718519656439,0.6905021556747101,0.5152152002271159,0.5602963192973807,0.5128625382214426,0.5440007168802347,0.5976428308927542,0.4276491551402998,0.48684326779591414,0.6717643320071228,0.6845309800250157,0.6886091654323224,0.7549718097888704,0.5142490172124332,0.6136089471537117,0.6881635231866762,0.6380977842035931,0.6178422722098487,0.6096214460452737,0.6447191649235448,0.6311288836703689,0.5426022992281718,0.6872205088349372,0.7469518842757746,0.5447357048617045,0.6522082548007471,0.43382085426457007,0.6327152069963865,0.5422056538106736,0.6212628621294308,0.6292652262696998,0.6436184942588166,0.6562125251168343,0.4711022508400301,0.6799375186564568,0.512673760719224,0.6093126858259812,0.3947758095000801,0.613142732219805,0.49516812628908785,0.6242061350724011,0.7094374999529721,0.39256746300645495,0.6957774651033913,0.46790125457905163,0.7217319961253552,0.6993155417785174,0.5599355478177046,0.7206357194355345,0.6694502278127985,0.7052546575487376,0.6630950415298927,0.5219228921650534,0.5911580593390298,0.6431787030184976,0.6570294574154939,0.5619603115943531,0.6427216244703756,0.4919709949235597,0.6789156185920197,0.6749827565603795,0.6953754605372827,0.663427483227415,0.3905878114264932,0.7065747863066325,0.6896412968778801,0.3899876261995115,0.6854155703114775,0.7184186283221412,0.3941961219289495,0.5241404464851884,0.6749556719817157,1.0,0.5815506403907736,0.6391207758277853,0.614061321034495,0.6186544926400728,0.5733550500656838,0.5183862804019211,0.6089194230120001,0.5674136133540845,0.7295921658587421,0.654258072151699,0.5984851486947959,0.6001900010754542,0.6168009352706404,0.7013854129773556,0.5477049723634249,0.4996863369488041,0.5067014393729777,0.6698196625623661,0.6366450212761168,0.6477210212598481,0.48039181240825324,0.549398476856189,0.6308568254939562,0.5930063124109632,0.5903063714720675,0.5168864327184911,0.7069379960249026,0.7343832618400098,0.5260249251521054,0.7462788444232692,0.4752458812037694,0.3612776752158339,0.6327929011914388,0.7003300384559956,0.5392028345774467,0.6078950636249456,0.5296702111913075,0.5867092315506827,0.6392379824396751,0.6643521931506885,0.5821337166967785,0.616206963422396,0.4532659741361802,0.630776005490801,0.5669715017242469
arc_pair_663887,0.5647488639133577,0.2942228289318738,0.6371512453523414,0.6050448392774987,0.5089220813437874,0.4025484396390542,0.7416910617816473,0.4110995046868814,0.3994706011113819,0.1269873399089817,0.7152656915992116,0.652833706921527,0.4368506321010858,0.32125182968209354,0.6532680157027165,0.6137290553963147,0.42312685830400315,0.38227092541993574,0.6111033954692461,0.5200536876270656,0.4205161273352683,0.5244217726030845,0.3528422766042913,0.3426573806878781,0.7108575267469668,0.44179501867467097,0.5626443953479293,0.5249623318686742,0.5718906053896394,0.6614841657228384,0.4320276275407418,0.6381405507907676,0.32959087652240326,0.45023383889800417,0.32336787889163915,0.4885126256148707,0.5284452773067869,0.4607129748312937,0.40401413564170763,0.4455189010248705,0.4720204287849937,0.540515044315791,0.28090366997969046,0.3980138205912424,0.49452542889030576,0.6544411416234993,0.45129560058769724,0.5843553325830494,0.3965174136736522,0.5256470456319037,0.7100669140723334,0.7436637987484335,0.3447338180596368,0.4957499321040015,0.46873439678344603,0.5593260094349829,0.45906884765923545,0.5493620589467745,0.6632199128818925,0.4180888023228701,0.6695833090929957,0.32405899850386227,0.41270742056944265,0.4686905135294557,0.5699566174016134,0.5220084348200585,0.4747528123602506,0.46247370316494807,0.2994103843405976,0.6149611799862721,0.4089090926074188,0.5368332493276671,0.30787021164026096,0.45913587873340256,0.43454124627769175,0.43045231022711866,0.5089850089312516,0.3135359030751564,0.5483002542757948,0.3567936830515062,0.5558758522006224,0.5048280075583383,0.4523632170163301,0.5353400024492451,0.5550462825134872,0.6423605410324219,0.5788662284950361,0.40554905354579984,0.5016116453461348,0.4715769076079041,0.6703812319126227,0.39465775800923575,0.479267671795416,0.37501312658137775,0.3828526531583504,0.6317210747441004,0.4943993872222126,0.5939683281424039,0.2720605874238922,0.63046242103181,0.5352672147047473,0.30050355146898905,0.6566503309368918,0.5636809925224436,0.2309554265129596,0.5098173601545573,0.5881773658969903,0.5815506403907736,1.0,0.4856089222362854,0.5058867971239133,0.5559216426399132,0.41872797880738577,0.46406305750282056,0.5721057246931668,0.531805938798603,0.5656018004283955,0.6655506757559525,0.5683802042749504,0.4771620054124478,0.497575671941319,0.6419923945150504,0.47237211831503517,0.34894238809512945,0.3859936756831209,0.5771147678858601,0.5490694665551197,0.5977413950902852,0.42200179522423686,0.4399008514369545,0.5291952146124982,0.4633739120575355,0.4217404422396551,0.4867688052280828,0.5401009308648634,0.541348475554397,0.40252467175289447,0.6381404623028373,0.3336612580482173,0.2620726332036219,0.5217690070256725,0.514489519098106,0.4330091746050525,0.4805768445507912,0.36000086913481866,0.4106691925429832,0.7306675275436365,0.6712534455772476,0.3978468592655809,0.657382998292962,0.2996292152965446,0.46412614100642496,0.6810619319332929
arc_pair_709204,0.6319983691676347,0.533646212637312,0.582333056826385,0.5715614713976122,0.6717546283474253,0.5786591752576316,0.5352071763605872,0.5564558379798911,0.6402768817944997,0.22838908161087798,0.5591453750945761,0.6469810987499861,0.5745597719987354,0.3819627154321948,0.5390139018498109,0.5445006093559878,0.5862548994919896,0.4501938482587803,0.6859617378242053,0.5470765057203423,0.5529773935541845,0.7196087991584024,0.44746721773764236,0.5264197896757923,0.6811048377198072,0.6014979189297283,0.6822498701978855,0.511480145848824,0.6005561442387433,0.5566320683322638,0.676556035845158,0.4832469128228187,0.4398036348873458,0.5876824960866508,0.5523303551614641,0.6302438588904777,0.5959335384224674,0.5739881064393756,0.6437428549745565,0.5284472356799247,0.5585549692443352,0.5430223524948039,0.4327401490520649,0.5341557397967821,0.6570807220083285,0.6271278828405068,0.6378839430116446,0.6766099027326918,0.6477223004059438,0.5921862345524229,0.5902458744869331,0.5885094088225374,0.5244237085188359,0.6247051612885804,0.6762526116916115,0.5519086728368073,0.5322149096666575,0.6775400811689053,0.6540394781794596,0.4772493845905825,0.6242276479030631,0.43724392656832184,0.6587814528872536,0.6137350243558781,0.6486435710427187,0.6760799762950308,0.6621824552674777,0.6459574760169199,0.5067049943245867,0.6970626924230842,0.5782603969899194,0.6475862473427301,0.40014475380848186,0.6749734557750594,0.5265188683776636,0.6964530113917694,0.724701337739176,0.4282455666119178,0.6354048299434112,0.5163491611035067,0.7351856998130774,0.6974879243362226,0.5863541393471805,0.6405768769245811,0.599643694303416,0.641509203381788,0.6538866160146393,0.5344159460873762,0.5336835919632215,0.6113864010910985,0.49620443862929564,0.5638965192657913,0.7251217707531735,0.5167588176207553,0.6280390087885831,0.61451446547224,0.6677870219793112,0.6315514033794566,0.46913636839437106,0.5767446881079353,0.5523708729515713,0.39010558731859335,0.6210618520851453,0.7044028748944293,0.405880207028151,0.5321769248406453,0.6812018688763221,0.6391207758277853,0.4856089222362854,1.0,0.6495122855156783,0.5672617970270712,0.5640648302519268,0.47566491273006495,0.6379044164512596,0.545555247681393,0.7126158379799054,0.5410503200870479,0.5657707374253618,0.6063529480646839,0.6649876157571201,0.6734472761754482,0.5257741793794948,0.5453074470648307,0.5487535473663513,0.6485857823419806,0.5940912181680792,0.6254636736564644,0.5387986469608074,0.514319583217234,0.6492629845635051,0.5493394343787925,0.5899254984345712,0.5209247135497087,0.7362642579149902,0.6949157288840413,0.5761394225070597,0.7118497524930504,0.4939731354562545,0.41288662320268654,0.5617674817288952,0.6441261700173286,0.5957682596159379,0.5325132425567027,0.5202526911192535,0.5855681024457151,0.5204826108048756,0.6071748241108398,0.5919965113473922,0.6202294341405119,0.5083150262982561,0.7020804301157314,0.46516456444905596
arc_pair_265350,0.5709332550464978,0.46047802577653213,0.643072313192483,0.6230033223522574,0.6632508416449547,0.6141259082101137,0.578199540026549,0.5151808750538697,0.5460122702741247,0.20036772205102402,0.6052229092962346,0.6899184873575217,0.5721118021318915,0.42881267733065853,0.5408854059456562,0.5440511982155783,0.5660693997939785,0.4957843875587452,0.6989506520547774,0.5139893038142609,0.6136720091238301,0.7005820333051622,0.43239473572831394,0.48973067875122195,0.70456921720805,0.6403824081538868,0.6444750907662229,0.5011344281096785,0.5746867884515997,0.5544579588104187,0.6292446516340024,0.41655811042769025,0.37878763539290283,0.6068046646377333,0.5026184634625788,0.5863036247289197,0.6245078075887326,0.5341664374088058,0.5742035673677407,0.5399685164810861,0.5120018068069012,0.5297567687439502,0.4240148819479591,0.47366132073813466,0.6058807032912344,0.62552885152315,0.6186718087713893,0.7655931210851591,0.53580008038472,0.5481642771234484,0.5702263208615911,0.5746212157454733,0.4786032754073429,0.6946923731934299,0.5690109306341642,0.5869193035892869,0.5544392443768299,0.7239736597921701,0.6087432698734604,0.5235825401926121,0.6967184256860016,0.4484249738306802,0.5881862331708392,0.5847992677565841,0.691256479772564,0.6487753710288716,0.6123724750615888,0.5864281192833577,0.4399405638590185,0.6112435818958576,0.6186741000006166,0.6434789487132907,0.3747945886782794,0.6334252069038218,0.5230480441257911,0.6230698162904194,0.7356051988118625,0.4753592710461835,0.6438917917681324,0.4847453403578042,0.73142106791219,0.618093472664058,0.6098119342956364,0.6668490025836193,0.6516827905247957,0.577134946273828,0.7410228046865802,0.5571973718712283,0.62424402817303,0.5558541902824203,0.5382037234579718,0.5772969719620956,0.6175573104068831,0.41918728710189007,0.6279987770811699,0.6772301929035985,0.6589474409962044,0.7367096429780469,0.4105051747287321,0.5705649425812522,0.5583886295240481,0.4091984683358025,0.7115207193129222,0.7096048874774668,0.3831457058645396,0.5157108698874502,0.7072239264753029,0.614061321034495,0.5058867971239133,0.6495122855156783,1.0,0.5471312059132389,0.5575681590460939,0.4735732872680008,0.6305702152649946,0.5413266971110613,0.7309038690270884,0.5874315816467855,0.5574611659558817,0.5926622907117859,0.7056685415372614,0.6742108771307946,0.513456562618749,0.46067495937065533,0.4835369881330107,0.6735249116686206,0.6699609148792036,0.6774538478131635,0.5775819237593149,0.5288085122414368,0.7183818789838317,0.5617329032659366,0.5375478272438052,0.5243856971017272,0.6395886949686513,0.7046527990187191,0.5214480071299116,0.6314754548723094,0.4394122074118273,0.3732002841425131,0.6392552205278412,0.7232950873019669,0.5427113902859576,0.5687884934863465,0.46773269597793077,0.6135552332400809,0.5003688284714775,0.615891679576537,0.5550674831794377,0.6313137949148305,0.40813077078146714,0.6793785146499205,0.4745248718870588
arc_pair_628142,0.5165674283463343,0.43584854231577713,0.7609366422212214,0.7125603454881827,0.550805916277805,0.4754189184541639,0.649694360567061,0.4983081468039879,0.5101045831787422,0.18343730166838276,0.7324053090253835,0.6281254402144354,0.5006975653248869,0.3991035501524063,0.6374469701479983,0.7006812601418811,0.5473519345714098,0.449696349681821,0.618361107667945,0.6396339407305955,0.44142784869377155,0.6559122305247211,0.38664584022610554,0.44834630552611465,0.644657325877141,0.5779575067780839,0.5860103074948755,0.5424785617577205,0.6119450196206994,0.827606796400635,0.5829488596608912,0.609387071254716,0.3743510672790569,0.6130886961140143,0.48770522427834717,0.5570039063275809,0.5002698592024498,0.5355269075597625,0.5081424294265838,0.4825119537993582,0.49710591339478816,0.5283959791015392,0.3666650623597945,0.4498907421840971,0.5255886083462474,0.7246855956755394,0.5361037025020131,0.5973312593122752,0.5332656612120521,0.5106999186629587,0.6520440143403857,0.6701157889099145,0.493359989138238,0.5380721751159413,0.5810276959144318,0.5712995386618975,0.4932492225347041,0.6983630263364695,0.6328113795949456,0.5033711316948407,0.7212624012616841,0.4191518075474503,0.5615763393678311,0.5075640197945237,0.5802321091267663,0.601379288179281,0.5594718496604508,0.5454730491023378,0.45770505146063956,0.6214677647367077,0.47780903025833044,0.5727292896963501,0.41542715161106863,0.6065536292350818,0.44596148392573326,0.5417522177639077,0.6447320830575626,0.41304218877718063,0.5582796777832791,0.38897657141876313,0.6571497312105726,0.6048029704739623,0.5485889115931929,0.6086608910533176,0.5732355931286305,0.5775478880632572,0.5953701917939741,0.4281803145936142,0.5262427664439794,0.5439440881599535,0.678820407005897,0.47980630272235425,0.563134920931238,0.3976823998635151,0.5492212901506508,0.6253201618501052,0.5850244459165653,0.6532282787428921,0.4106831053613292,0.7033089955138954,0.5182095628528148,0.3811973072054689,0.6937313879266,0.6642743922193423,0.32438500162834843,0.4846451984029043,0.5820531914121444,0.6186544926400728,0.5559216426399132,0.5672617970270712,0.5471312059132389,1.0,0.4930923590118186,0.4174750771967452,0.4676402311173982,0.6163003051147482,0.6104495469816917,0.6199056714328863,0.5907339082216673,0.599011626311293,0.5446383177302094,0.6669716909568895,0.4364188300109033,0.46166334184823027,0.4793717939552323,0.6019828156654631,0.6406654791355882,0.5164730251224656,0.503461168812699,0.5120725048814526,0.5564012675482279,0.48936838632040824,0.5271150736964026,0.6293130378525362,0.6014822909429007,0.6932640436775451,0.5015857436541429,0.6240948348672881,0.40909688948757306,0.28493561109896015,0.5468951877132678,0.6198137098271674,0.5261506035568492,0.4956448585672211,0.4726500339499715,0.5666220210939186,0.6989928378371504,0.7263376288110496,0.5632899393261533,0.7410093642217459,0.3773073379095596,0.6581187219907734,0.618640150571999
arc_pair_281002,0.5367503007542156,0.46459339054229376,0.4930300257622866,0.5018866183846751,0.5720099146918772,0.45055353013133864,0.45830464883986605,0.4424025677444637,0.5459891824172495,0.28228151629793397,0.478852190253586,0.5236998179807844,0.4163061890559448,0.3683039429226048,0.471047068556823,0.45733337267779856,0.5681039056237469,0.4031698890338068,0.560754523782823,0.5680308626096978,0.5486355322493721,0.6184312977211968,0.4175135156096181,0.5742219681621891,0.5920166914594428,0.5658423950718555,0.5886838008268708,0.5076456624976851,0.5149928279253047,0.5040581792009382,0.5661113300910257,0.38308922341653684,0.4270001163397159,0.5050225273202723,0.47173285046316193,0.6375307030506154,0.5573700652606598,0.5082629081299369,0.5260429214820755,0.3883387503244818,0.48294587264902317,0.448666843401474,0.3857398733873998,0.42690640624232024,0.5573035370701054,0.5111811670618881,0.5905981885594759,0.5828937329489193,0.5309107523264409,0.5140933833474288,0.48825756740020304,0.48147418549298326,0.5803305910601818,0.5679762934361523,0.6099288107343978,0.486363256862191,0.48103742347348605,0.6363280680244865,0.5071735026753267,0.44956720614572754,0.5281209584551069,0.48441016032192985,0.6192574161528513,0.4551465592492567,0.5565040273765537,0.5571507057847161,0.6387881813716239,0.649401944851385,0.5262069279617518,0.568882264076604,0.47195681132218814,0.5426034579481265,0.3486479042245664,0.5654091263970723,0.4329704953247452,0.5787600224426717,0.6148944363615014,0.3454205172470184,0.516762144819619,0.439939857339881,0.6020712191167736,0.6534697855107426,0.5414452371925023,0.5197809122880985,0.5350591046190214,0.5775336588125571,0.528157911708968,0.5336275352763894,0.5336041803681791,0.5812905200231662,0.48273904391344113,0.502392255097181,0.5684692333900261,0.4321783703716165,0.5278717512764038,0.5468371422175402,0.5455683721140561,0.551790297480766,0.4023856713313566,0.46549105708697186,0.4809937292089996,0.4079090353874418,0.5156173618692772,0.6107031192019344,0.40975801944333057,0.456570016999186,0.5154472254366593,0.5733550500656838,0.41872797880738577,0.5640648302519268,0.5575681590460939,0.4930923590118186,1.0,0.44742371848440105,0.5155264354163244,0.4711266225388363,0.6213496832082194,0.464706422026702,0.45592920459422887,0.48970526521076385,0.5269918477844833,0.5415233032603993,0.5061428056899114,0.4862546785068822,0.4975957255901734,0.5545862623084,0.5416826709527748,0.5571908221962211,0.4874639646970273,0.43892559971458434,0.556522782732057,0.5601714043292838,0.571076235523532,0.46391571744188836,0.6749731720659496,0.5720625679673665,0.49869964610744383,0.589446301789899,0.503986826654478,0.4393878785711139,0.5054599849211162,0.597500862338379,0.540982736675212,0.4731503091977453,0.4982142329325236,0.50714172629134,0.4355849518308531,0.4849505115270862,0.5866190205200507,0.4805389216064898,0.4044924725753423,0.6062693551943424,0.41225576326131436
arc_pair_85382,0.49614647273144863,0.330312893806084,0.4437603425232618,0.4647936602241855,0.5254724755627433,0.42441856702528175,0.4460680162520043,0.4316169549932557,0.3988092012166197,0.10432410956718496,0.4731892151628351,0.5305711312005917,0.41785175774191036,0.27872052624263227,0.4594720667976489,0.46218622166004086,0.4878657481502763,0.37798221674631466,0.512731160286866,0.423620997221767,0.4473447344630265,0.5448113908855351,0.34214331599917724,0.32503643383567193,0.5615073126879829,0.47604376982779606,0.5403143526039716,0.43953716089651174,0.4807367189562775,0.44439819200767827,0.4844668301874941,0.39775201416902783,0.2743224644147072,0.4087303702901791,0.33007153604517514,0.4485186512868278,0.5831125292802712,0.4726389831901077,0.41208117287115426,0.4144462565608837,0.45841904170409004,0.462335535565118,0.31886986802241923,0.3835215290813725,0.5052595022805086,0.4949784178050832,0.488563919507561,0.5830944751378652,0.3754823626706215,0.4921566389563436,0.4833148351326404,0.5075228508542594,0.36129649160582344,0.48138700677898677,0.48663849045710494,0.427012388667411,0.4995630373627186,0.5525943185654605,0.5338360580612693,0.39917464475662695,0.5382433491234657,0.34475312288155446,0.4144382764601726,0.4508295917012139,0.4976999100933444,0.4697971084594049,0.46354598075021675,0.4260800413957942,0.32144139033046315,0.5401355499393656,0.44254824850395486,0.5199578830553327,0.2900620542590506,0.47362927252394466,0.426930875823055,0.5307512863630561,0.524611901662159,0.34455493872936493,0.5043389432759098,0.37139537247517196,0.5264072219503136,0.5011174076266762,0.4449546545832446,0.5315480463369138,0.580306970700141,0.543235939636174,0.5489347097400694,0.4420453144628794,0.486466307302332,0.4828641279122783,0.47081800533437423,0.42182171485292613,0.47259573542828714,0.33584908029427174,0.45113323227113283,0.5599384329984828,0.5278376993779856,0.5373348553424115,0.26547093681622047,0.4468390713495011,0.5052873203683744,0.34328116728874186,0.4992892090347596,0.5440629377342577,0.271820276017952,0.419628203225496,0.5558559539664576,0.5183862804019211,0.46406305750282056,0.47566491273006495,0.4735732872680008,0.4174750771967452,0.44742371848440105,1.0,0.5263989539791548,0.3887043435510814,0.5478994624696726,0.45573279258155874,0.46072891575844355,0.4477507766746277,0.5669195918861809,0.5598656838092823,0.45317593647668675,0.379111212582463,0.39667094690090526,0.5588691595663708,0.5170761541035923,0.5660706295250967,0.39574554989671307,0.357202277611089,0.5838944872682796,0.4629222637652853,0.43066364565028803,0.42125364393902304,0.5086780788247838,0.5013180310749807,0.3717168408166161,0.5106550699197889,0.45636288053038576,0.2520077025851255,0.5511773577070712,0.5190156945418324,0.4400220426023104,0.46500022651951994,0.36048628159329665,0.47504216960449464,0.46029778445757485,0.4563875888481182,0.39776665237507336,0.4534352626485557,0.3107931478546917,0.5103343132357056,0.4063125303508546
arc_pair_588398,0.5750922007309247,0.3890371943229855,0.501933072789411,0.5310912500324507,0.6885355340223686,0.5890310876493757,0.5265953654683483,0.522449987949013,0.47843198096930045,0.15546905675955505,0.5865377504222427,0.6437700460534366,0.5498812982528075,0.31909488092805965,0.5574578421694197,0.5599912887995709,0.5169991906970235,0.44374928262595975,0.6062555189775831,0.5049532604441365,0.557839385892441,0.6271411418375461,0.42951435247553893,0.4226294366874498,0.7564082415285898,0.519981527200716,0.6625642001790534,0.5113108413540661,0.5687128213697895,0.533128985579971,0.580681678080626,0.46755845052183365,0.3551977062918517,0.522931862491049,0.4030243587620706,0.5566863437704646,0.6688015671166572,0.515161102538323,0.5441515639941721,0.5491045064887631,0.5767030908963444,0.6636681279206034,0.3747188723122742,0.4762268566210057,0.6505681025663563,0.6203951468428365,0.6182822813182219,0.7096084821266591,0.4621043060592953,0.6081238275847397,0.5764125670284035,0.6034866614510329,0.41580234380349684,0.6678741411083094,0.5563245691258354,0.5405744717397805,0.566933583820203,0.6473544657402037,0.7251545816896813,0.4552818039617917,0.6187537926918689,0.4048262520219469,0.5264627804423946,0.5835520192015916,0.6628295118466,0.5578749155634686,0.5671233595832393,0.5348743443741697,0.3762774171856541,0.6932463831886321,0.583483809104524,0.6707097036602758,0.36073603940720683,0.5720402441991753,0.5376437786266643,0.6303363408684276,0.6597740974086845,0.3771123385916263,0.6757335327608027,0.5080869103687488,0.6880092839725727,0.6442811245686975,0.5584341428639719,0.7049501563792301,0.5784950252270686,0.6500864440750292,0.718981534219855,0.5289295201854226,0.5044270567994523,0.5649261092974662,0.5284450734152982,0.5508669259763063,0.614580911175959,0.40164687471540644,0.5769811935036117,0.6831709568113326,0.7159820316095404,0.6296721324016236,0.31908532581040133,0.5820359117321846,0.5721293050053385,0.4325938835287629,0.6301184445840977,0.6905634036360321,0.31882253562761764,0.5462680062168301,0.7356178045035175,0.6089194230120001,0.5721057246931668,0.6379044164512596,0.6305702152649946,0.4676402311173982,0.5155264354163244,0.5263989539791548,1.0,0.47007782015065613,0.6578294068069863,0.5820703579661501,0.5482411276652006,0.5896433592981911,0.6916250285646428,0.7149061805753422,0.5905901616936651,0.44127419622515224,0.46710134883049453,0.6363326420353687,0.609434750142965,0.7201927204876322,0.5223428561640518,0.4686493229048502,0.6922842301943604,0.5463912981254015,0.47911919510955897,0.48593688987400174,0.6363903612869787,0.6732144453638245,0.5006466381299427,0.691319125410827,0.4690262750215548,0.3442570766791627,0.595900450731532,0.6298024407403698,0.5217256377253432,0.5647981899706838,0.42531573298385184,0.5426291675262074,0.5475287577397201,0.5928550708045983,0.4655248137763983,0.6323406968199344,0.38608588124200777,0.5842897266673659,0.4933206902979396
arc_pair_669593,0.49678395076971765,0.35923166488686004,0.6362687729542303,0.5353777222950546,0.513649215906949,0.44837608629415127,0.5715381668264933,0.49344781660082326,0.421673338484803,0.13708087617937592,0.5519428903020122,0.6096046504185213,0.48891649656288977,0.3540343975007717,0.5723793034364764,0.5929396990934255,0.45585544465378147,0.4275029798775655,0.6292226324607347,0.46398397957456916,0.4288567883504305,0.5524019447375272,0.3544137371655117,0.3669305280669521,0.6166040598422331,0.49689575712656525,0.5420751246987792,0.42620404671178763,0.5767457854014371,0.6306246158244321,0.48596564963129985,0.4721611345762614,0.2921160597219405,0.5074472482362422,0.4097730408387291,0.4791631949193289,0.4855158488590802,0.4288750796983974,0.5064115776427601,0.42688248233307874,0.40931915770299643,0.5109022978724999,0.3295703352626766,0.38219332914584414,0.4768791585677356,0.598808121749244,0.500103466423562,0.591301817465248,0.4243489233081051,0.5292988297651706,0.5901345199161119,0.6086406831921384,0.39178091783665336,0.5934103808011806,0.49609069743983236,0.5966835228839144,0.40827013562260694,0.618110861128113,0.6134092449108183,0.4733481688276519,0.7006447865588473,0.35649437832812675,0.4892170613971504,0.5517170589563614,0.5643272290311474,0.5570458039980263,0.5143698571961288,0.46798215336961474,0.34232638563400625,0.6089728069257699,0.4680172720125089,0.5884101775044431,0.37980433434264654,0.5232062401510039,0.41831344770113105,0.5378919234853475,0.579666681277054,0.40020509991415504,0.5139637999581559,0.3688724878056023,0.608458399293886,0.5467841375886301,0.4901270394967861,0.5853221279014008,0.5759501421995626,0.5754408738762608,0.5805033511054164,0.427776753257056,0.48113997014525967,0.48097919408126155,0.5353603038807454,0.49050753920805834,0.5484258747811777,0.37681499627849874,0.4602048209443239,0.5779233132782771,0.5614626893345395,0.6435246113992253,0.305717434911829,0.5912233688942264,0.48913648211737054,0.37592593872669905,0.6306819917837359,0.6073877039277688,0.30913915074868675,0.45997824186619335,0.554191769970578,0.5674136133540845,0.531805938798603,0.545555247681393,0.5413266971110613,0.6163003051147482,0.4711266225388363,0.3887043435510814,0.47007782015065613,1.0,0.5370949638282783,0.588254170626257,0.5899220368293375,0.5291500426014909,0.5762016346982104,0.6192041451726173,0.3924200887067833,0.35034826421786064,0.4438584780685425,0.5447113254877376,0.5843082746397675,0.464168773743444,0.4396042391758437,0.4515038075942225,0.5813651086692153,0.47254782458252026,0.4444940366697955,0.5609610784741268,0.5285457250664181,0.6099986408296064,0.43423271111726236,0.5975854826781016,0.3821576122699653,0.251784389918083,0.5223823298780919,0.6317211832413838,0.47697151899326085,0.4388513401398351,0.42357662677471253,0.5438153421882824,0.5611777002018344,0.6274551011596591,0.46691411544141304,0.6373804109537516,0.31670075024177585,0.5624768555345665,0.4462553533776262
arc_pair_551110,0.6228615797077119,0.5577950503232193,0.6394226708422186,0.6388284246226974,0.694576047120975,0.5711950058089665,0.6389047711851157,0.51252712002774,0.6405710646935645,0.2528975855058698,0.6364175167602457,0.6548991573742223,0.5905212357136843,0.4273684734966495,0.5814863825195902,0.6230347235392851,0.6802943740419595,0.5161569300570314,0.691364585223798,0.6533951414485729,0.5818657209857647,0.7833638710880885,0.4769011364611972,0.6002691855300974,0.7403350250658155,0.6772479577368198,0.7307182379001963,0.6357876774388472,0.6362904148340413,0.5803618049047498,0.6473283981849246,0.5107480095947516,0.46963694289432567,0.5812557846317222,0.5539406549677347,0.6963593956156571,0.7010607412497349,0.5502608535791965,0.6484724020437497,0.5629847548259966,0.6019861495374851,0.5789314299781851,0.5028924404221768,0.5176193278375797,0.6841698247052777,0.646274319480533,0.6744972326706651,0.781137748633717,0.6150639481168653,0.6347041106597664,0.6338062757999483,0.5972922501826474,0.6107048067980003,0.6278558660604212,0.7115675493628263,0.6052418556495555,0.5502043553744217,0.7343286534722344,0.6857279679621202,0.5238667641299921,0.6627292959186493,0.5053036074742239,0.6867649509177353,0.5832427357461114,0.6786330811456641,0.6588274193229369,0.7178281399708693,0.7166857747352122,0.5574381278169541,0.66591146529789,0.5604237687962697,0.6591608909896925,0.4550942198711403,0.7166756785818084,0.5752618230854346,0.6565548111181265,0.7400970670719402,0.4181017001668684,0.6389468389292599,0.5061034523616093,0.7262548557752367,0.7211090740928394,0.6374806769541962,0.6564858836641504,0.673973452841381,0.6785887283422604,0.677762011818376,0.513595520739643,0.6416100264680267,0.6653595389639534,0.6122766435155109,0.6124646053246535,0.6644298059211089,0.5008985234628962,0.7109135818483975,0.7009651971511384,0.6704337126614757,0.658674972943953,0.47315409411020876,0.6080598591322551,0.6295486181654061,0.44050118452124876,0.6691837217043632,0.7278723531162832,0.43119395226373486,0.537488571241275,0.6977995644321118,0.7295921658587421,0.5656018004283955,0.7126158379799054,0.7309038690270884,0.6104495469816917,0.6213496832082194,0.5478994624696726,0.6578294068069863,0.5370949638282783,1.0,0.5694999364400525,0.5934194707681545,0.5870913252194883,0.6676119623503903,0.7049587642904395,0.5966116249499168,0.594529018800441,0.5717003640981821,0.672284934003002,0.6507103067613471,0.7362569633516699,0.5826697359242391,0.5760706588433844,0.6944303963221732,0.6157229906308784,0.6388774377231587,0.5708541242800523,0.7837614770203979,0.7314161771397523,0.5997578799245765,0.7508727734150685,0.46918082221667,0.47127840761328355,0.6555373760604974,0.7138905457144358,0.61267738145486,0.6032106229000144,0.5555325315060451,0.6121368879340006,0.5733540158172824,0.6204876847632645,0.6280113948429583,0.6244255802301726,0.5123448910339097,0.7357808328539562,0.5510328125917086
arc_pair_369070,0.5193164161049107,0.36525379787375994,0.6698759551630153,0.6010510914586044,0.5864016455002856,0.5337406402533666,0.6816639527942112,0.48284684168798675,0.44134991335372803,0.1406581591220719,0.7226782973814826,0.6383775473723151,0.502348248981917,0.387425692473787,0.664835785199088,0.6585945151247605,0.45256047948520506,0.43546497009833296,0.6220885090010192,0.5741720036384219,0.5580343156404185,0.6183863843678048,0.3959788887540316,0.3717986192789043,0.7139759496630952,0.5014137739025909,0.6616724483383254,0.556592149408699,0.5932654978946933,0.6899313860611279,0.5760347442445864,0.5675312301313836,0.341383865915975,0.5205912046731797,0.37391487993611433,0.5179712518310563,0.5670379299671051,0.467588309175376,0.4816404660407307,0.5276432479222126,0.5063586800706186,0.5872688056438852,0.3085015698195159,0.4359281823682446,0.5352839748120937,0.7202022142426541,0.5403132311240803,0.656792977787161,0.4235288581856985,0.5346450442212942,0.6577796950096413,0.6602819257204018,0.41624474060786715,0.6093129152907955,0.5212008347815117,0.6158780922533947,0.5457735308480508,0.6381570884920124,0.6909280663503465,0.5134161024591822,0.7420654094318284,0.42225462594085195,0.481676291110167,0.5332129490947537,0.6183053974498361,0.5900971080047671,0.5208844509431936,0.4842303544939126,0.3668774733754274,0.6119769599137326,0.48154751447245836,0.6010261082098356,0.3171400230572534,0.49850266019545375,0.5089778105026649,0.531900321336757,0.6560821210924402,0.3941366283299695,0.6354609630676106,0.419150290441044,0.6692129435121708,0.567153851876089,0.5242618765687792,0.7341254354067832,0.5896068506434865,0.6545985564946764,0.7081193577982217,0.5014455133308909,0.5086329017516318,0.5225496732847583,0.6954871013552029,0.463039032061343,0.5178121495041856,0.4324612084224808,0.47184992785653457,0.7047878150914364,0.5937914685783615,0.7078430543101385,0.3144855991238785,0.642078862308522,0.6144356434554672,0.3898777680567437,0.7149492478689072,0.6483950164284639,0.2923875582830549,0.5455434544491145,0.6493805579876453,0.654258072151699,0.6655506757559525,0.5410503200870479,0.5874315816467855,0.6199056714328863,0.464706422026702,0.45573279258155874,0.5820703579661501,0.588254170626257,0.5694999364400525,1.0,0.6214541234844835,0.6017234473590604,0.6070556756804382,0.7022517670868355,0.4869449835662579,0.3816329403350997,0.4409605965309797,0.6194190873485095,0.6457169377627444,0.6306525631337295,0.49372495601433697,0.44781772281921994,0.6028995360788817,0.5521478220141293,0.4472099484190066,0.5304842711216573,0.5922257201525161,0.6627241341664977,0.44080564617322054,0.656723374678112,0.39585206180158206,0.26066596948329035,0.5739538772844628,0.5762479207699608,0.47173494693142975,0.5318542190217056,0.4116596048309137,0.49212455909725156,0.6189691885085202,0.6840914773662379,0.4591302065183199,0.7491174829675901,0.3348132678813231,0.5522682871046332,0.5612930550959807
arc_pair_83364,0.4765929249371455,0.34737258933382936,0.5879667777720639,0.5679084268715164,0.5794222260199737,0.5127380022329708,0.62324459922773,0.45328224579836224,0.4534508690437118,0.11015159554329912,0.6527843247414711,0.626595156956254,0.5247359787818313,0.3113358405350005,0.6321975973355215,0.6819102805993733,0.5086595696121344,0.40217602793154406,0.5882887228576691,0.4995562097293335,0.5283109673961475,0.5687230276406154,0.3896565183038231,0.3462732530550175,0.6490477816191468,0.5047108749494942,0.6094344920026012,0.4780559123243947,0.667773653505013,0.5919423604343678,0.5318579370834551,0.5052461361202764,0.26987801206744266,0.4713220009158385,0.39422170119518024,0.4877155243873352,0.5270473308256621,0.38834471587534036,0.45082425550489047,0.4769179772585329,0.5255327463644675,0.539291796397111,0.34751311551902164,0.40313459984990435,0.5441123712474857,0.6476059368337201,0.5456067669410076,0.688695097968445,0.3803568930756741,0.5651372855086838,0.6662094831170017,0.6336510721468787,0.3656159151138939,0.615338437450129,0.4738505837560932,0.5652277411209425,0.4642273111220913,0.626974048991562,0.707058143979553,0.4540988940223686,0.6673311081489951,0.35635120635206813,0.484033280177699,0.5306981565752776,0.610532830182438,0.5314417315389344,0.49146014035271324,0.47301487701315,0.3169607434116103,0.6054660061371205,0.4895718610886014,0.5569357348301562,0.3254431027446922,0.48919399438876254,0.46150461188985265,0.5480452585417294,0.5987620353228044,0.35851772832141426,0.5931110109560871,0.38925172823887344,0.6360068089156051,0.557071883423403,0.46634394214127467,0.7210888785622024,0.6062345953835748,0.5333367790088307,0.6179309688272467,0.4453713068075284,0.49329628685757154,0.5113332763574063,0.596868946744364,0.4823155336262016,0.5521715704513018,0.3735304808397939,0.5990642244322694,0.6771249686687584,0.610260800311966,0.614662689109231,0.29636571470745016,0.6293233480234743,0.5691607696340308,0.3357313446148107,0.6647801922392026,0.6039850472613377,0.29170990457411733,0.4907347563273143,0.6313247204334294,0.5984851486947959,0.5683802042749504,0.5657707374253618,0.5574611659558817,0.5907339082216673,0.45592920459422887,0.46072891575844355,0.5482411276652006,0.5899220368293375,0.5934194707681545,0.6214541234844835,1.0,0.5512849242404015,0.6423546949187364,0.6742649594316772,0.498658968329921,0.37769512171028824,0.4116982921051924,0.5396215130017235,0.5158121995837078,0.5732020078083871,0.45241405368331444,0.45300750674700596,0.662842457660495,0.4538335533978901,0.40990619160007674,0.5478354167761469,0.5844923973425171,0.6683969160085289,0.4224901130856982,0.6079868446877137,0.3846478675779451,0.2312977560090502,0.525608142879757,0.6185112245529857,0.5039230338211191,0.5299772561262213,0.4086030756450677,0.4990053266326519,0.5701250269827314,0.6550547926742788,0.4244176013209088,0.7083327533604871,0.3305862130368762,0.5582968720205395,0.5323136047719247
arc_pair_655444,0.5476215595416248,0.42794292010280016,0.602151641377579,0.6262473440795189,0.6366810812772802,0.5709406637359825,0.5024383111904335,0.5521312055629043,0.46906399613298877,0.14988027467088064,0.6308574267282798,0.6528969953793635,0.5841696373347841,0.36686273334310276,0.6031873007412785,0.5910924548091024,0.4718946984956308,0.4581807622705001,0.6394354703311348,0.557708088265512,0.5027213853387423,0.6494509702867618,0.42193220642310225,0.41192566014980114,0.6572194411879609,0.5404499830639593,0.6533696099261005,0.5055309701333359,0.5184988564837653,0.6542720687673294,0.6976685163945816,0.5548367494713822,0.3545060635118538,0.5367796837306794,0.47399218097361157,0.5394065180476805,0.5402804281818283,0.5255277887414646,0.5277343505618918,0.47341379704221653,0.5246892456467467,0.5294445055564503,0.362326175981433,0.4645838242687382,0.5281244887771033,0.7404593909632449,0.549350119391704,0.7050736583792242,0.4636558777966254,0.5127600334148181,0.593030199454723,0.6553849914127966,0.433962358328549,0.5916537882025575,0.6078931528061332,0.6002117730095787,0.5554140356308948,0.6574759804852351,0.6504125055480766,0.431353540578113,0.6110075266118843,0.36327179363254114,0.5397847166347725,0.5444887908627625,0.6045200969893899,0.6252896354471001,0.5801654452815803,0.48946435049511444,0.40033506756676857,0.6601864117551542,0.6018010898791981,0.6090593607211778,0.37267185902390054,0.6118481882563972,0.49668140275748657,0.6181390578594825,0.7304624694642601,0.47548191790942157,0.6605650253025451,0.5569596460336947,0.7206312017522829,0.6184055417374714,0.5539782070060526,0.66010670443082,0.5824921551933249,0.5419805949286286,0.6186986210475844,0.49649068987464157,0.5074602740859191,0.5570981842753364,0.5387502885964862,0.5239876176353637,0.6189779173712056,0.41137537506555044,0.5973177355998538,0.6396297050510377,0.6869609609946741,0.7079611343004875,0.3455031040634323,0.6299063909985013,0.5378074966477757,0.3663718374821188,0.6812013197286437,0.7181565097694985,0.3202054078679245,0.5362435278720376,0.60020548488554,0.6001900010754542,0.4771620054124478,0.6063529480646839,0.5926622907117859,0.599011626311293,0.48970526521076385,0.4477507766746277,0.5896433592981911,0.5291500426014909,0.5870913252194883,0.6017234473590604,0.5512849242404015,1.0,0.6510849091934925,0.6732115926894547,0.5075113563685054,0.4660646147561683,0.4757225178467779,0.6409562025000998,0.5809592546287704,0.5710135447969549,0.5610187363205503,0.48204212947621994,0.6251599448335581,0.5476902069081442,0.5063425087310383,0.5087075176062311,0.5659936641148813,0.6715576042370314,0.4708613609831034,0.6790913563492358,0.48733813466770565,0.26718984790234146,0.5993861152461157,0.6648226365909972,0.5178084600821344,0.5483373709023063,0.43848067467202817,0.5336600403189863,0.5985145245370311,0.7066364446954222,0.5352183890875172,0.6389466405067001,0.3664304114404744,0.6302412052570194,0.49071523758793245
arc_pair_134795,0.5888968187966948,0.41100324939619537,0.5919700268769559,0.6009753069328391,0.7397932371594474,0.6420436273120116,0.543912377440782,0.5840629235636919,0.5400474074247588,0.1493160738688261,0.5908229200633397,0.7010418115566431,0.663168759493117,0.3449503778758613,0.5879295624316994,0.6124241616384679,0.5904283610945652,0.48800830767087905,0.7000845690030034,0.4840156201883513,0.6339866584337676,0.6817954594896404,0.46526725226167864,0.4123492405396177,0.7012360060244074,0.6003242456220561,0.6880185502456055,0.48611708233089335,0.6219014883728178,0.5776898023471674,0.6586989744946768,0.47282129141721685,0.32409569219649614,0.5561432374115984,0.47894479840289866,0.5250738464466773,0.6245110142533629,0.5311080057143661,0.560998409658153,0.5475574889619266,0.5794502976714142,0.5826313609849882,0.39034460886688266,0.5032541257155212,0.6621796220738518,0.6693958989930004,0.6167294179397157,0.8099969780447922,0.48731694522697533,0.5791702113626414,0.6092737578843899,0.6403732731943261,0.41106541940800373,0.7685223865900324,0.5581968343308921,0.5553994459700611,0.6113525041132546,0.7378971162039165,0.6934351839053654,0.5407615886354983,0.7034505552836661,0.44609814332335423,0.5452942977347719,0.6654029946270149,0.7431913952142436,0.6485424848844636,0.5706070414253935,0.5197735169249754,0.39595156414881544,0.7077995481121757,0.6020138199804759,0.6819813015185279,0.3819113213077033,0.6029940229808453,0.5849682685199828,0.706261880164559,0.7424570632425984,0.463223811725365,0.6911142434745716,0.5094370042738873,0.7879452026315428,0.6203486727755085,0.5548227116084012,0.7671433852187768,0.7032073578862001,0.5997012068533975,0.7802293501889672,0.6051025629662237,0.5375249842726545,0.5602001542853038,0.4991728260707454,0.6008463458631924,0.6285696719779729,0.45807161234338806,0.6556345636868093,0.7614027763867438,0.7654977489929096,0.7445490704190942,0.36919809002829823,0.6226301529314794,0.6087601081847552,0.44472891883296595,0.693752826922253,0.7580821660249837,0.34997268930170033,0.574674633541878,0.7351073201564404,0.6168009352706404,0.497575671941319,0.6649876157571201,0.7056685415372614,0.5446383177302094,0.5269918477844833,0.5669195918861809,0.6916250285646428,0.5762016346982104,0.6676119623503903,0.6070556756804382,0.6423546949187364,0.6510849091934925,1.0,0.7392918959858733,0.5442279226258788,0.47231754408261933,0.4734196591230068,0.7040560085153943,0.6243821528271177,0.6847744907365882,0.5419502527396607,0.5182220590039771,0.7952389432777017,0.5937099652628299,0.48205604893001797,0.5236580119972596,0.615222810687068,0.7445960823169734,0.49501455191552524,0.6333603556508838,0.5014159372344643,0.30897460135977756,0.6360668405379393,0.6872618055291088,0.5461980899534481,0.5877145691682655,0.4322340304995331,0.641857785822161,0.5331212987662228,0.6548191456289071,0.5005544377954945,0.6971839702242142,0.3938132320266814,0.7007533075084387,0.4706067319119284
arc_pair_234847,0.627541454868913,0.45425811782573206,0.7318889129208009,0.6996378805131125,0.6951722963455942,0.6352330986269175,0.6745358095628291,0.5809182494861402,0.506668299285378,0.1610389980265597,0.72040511937575,0.8104669864556856,0.6136009786101407,0.40099019257023544,0.6953780714592929,0.6881742056254114,0.5758926553633853,0.5260758980704014,0.7105367922146776,0.5899365847949549,0.589483634633772,0.6910633817254291,0.446818340462998,0.42964016682128225,0.803587948107011,0.59375764340231,0.7829020724525139,0.5380923617845206,0.6105399490165883,0.7009907811022726,0.6580119690934007,0.6127344628152692,0.3635762387881952,0.6010536571976989,0.44917422273332713,0.5999508030158568,0.7074559084464491,0.5273659937011511,0.5768888418346427,0.6199563673732761,0.6164562502225327,0.6324912269592455,0.40753305238767623,0.5043740234241422,0.7430040443715304,0.7680449458789407,0.6715970670205866,0.7849857899389274,0.48047420114070144,0.6532360928527909,0.6811973500015934,0.7690414650282216,0.4772109465276752,0.7110327194736463,0.642734504186689,0.5969258353758797,0.6010028519982451,0.7794000659323541,0.8189020274270967,0.5460230806956178,0.7891694845720871,0.45551952380519634,0.5872615612624839,0.6441587399348438,0.7007692780742774,0.6814630632189618,0.593667452352779,0.5606478966472349,0.438574148140681,0.7809701531763162,0.5827977452278953,0.7375262472847836,0.4340935786411512,0.6544671172025328,0.5893665681119299,0.6584082291441375,0.7600474726442997,0.47432194280224743,0.7565293158249892,0.509296847149986,0.7772091241756698,0.6678225527574803,0.5826358413515919,0.7877102875424321,0.7272705318027458,0.7295772245866794,0.8156187790828009,0.5804726449266895,0.6351457372304599,0.619906258218397,0.6196137727000981,0.5780309624286553,0.6536898406362665,0.4829517610947799,0.616418771958446,0.7634436989372564,0.8030910618766272,0.7734435983411683,0.3729841503860008,0.7193920734642391,0.6502652237758906,0.41770400187027495,0.7711034531408305,0.7499989131058372,0.3413280773037577,0.568067606991716,0.7890760917033315,0.7013854129773556,0.6419923945150504,0.6734472761754482,0.6742108771307946,0.6669716909568895,0.5415233032603993,0.5598656838092823,0.7149061805753422,0.6192041451726173,0.7049587642904395,0.7022517670868355,0.6742649594316772,0.6732115926894547,0.7392918959858733,1.0,0.6129059416276212,0.47715505349026877,0.49303863001526266,0.7843365195405482,0.7155269147215967,0.6928513803173673,0.5616086479021712,0.5583510733204962,0.7162647053638826,0.6185718533684451,0.5331173211191056,0.5888327242587402,0.6382759159419717,0.7797988788939381,0.5145409540561914,0.7254170963702525,0.5212269956875891,0.2969539578020238,0.673311006441132,0.705077923217924,0.5569967052440493,0.6201126342501264,0.47858684176718275,0.684521896184194,0.7312563383185069,0.7175121445163807,0.5349556658868576,0.7336604938830225,0.4240369304962385,0.6833338501285103,0.6726015091043541
arc_pair_703890,0.5317131686659274,0.43618512638869295,0.45818274251036084,0.48013057408520565,0.5934294459739647,0.5117119388613304,0.4562557685340543,0.5391126159785866,0.486493918583389,0.22133083450438554,0.537625758504951,0.5405936116569249,0.41972022708208695,0.33871335598497887,0.5100604838522722,0.44334068736474785,0.4921248255460137,0.4987876935246244,0.5026356699466665,0.5367072921862264,0.4639205208244112,0.558554388141252,0.33735679136088714,0.47179685194337356,0.6085651092003032,0.507554019612958,0.6015760884781747,0.5599195587055881,0.45426788314342714,0.49140739248879345,0.5828936798580825,0.4798306565295991,0.37312763067440313,0.5079802883066463,0.3827838895249024,0.5790788947475068,0.6453083010938127,0.47943340961210396,0.5331827822848517,0.42629885605272416,0.5295555476178175,0.5537038853790989,0.35558343446008367,0.4845394435980235,0.604950032799745,0.5301655830901708,0.5833082658199433,0.5859423304204516,0.42145877495519996,0.5164975743685593,0.5408759286410066,0.5324608671260164,0.4806091903808354,0.5041730553263322,0.5743584073501642,0.41672000767469497,0.6280033958886952,0.5929269119653381,0.6126435815840611,0.361716596790427,0.5106384645754795,0.34939500263887646,0.5416142615344633,0.47820153127751214,0.48530410445531774,0.4896748673121093,0.5661634836771631,0.5586438153073993,0.4395117477908114,0.5827976336949241,0.4597425330557262,0.5820723808118894,0.3073115186682967,0.5278719964724448,0.46305130198682215,0.5702338036925119,0.6025960107129134,0.31249654705639707,0.6807836706415795,0.4719991084348522,0.5619577253162332,0.6176951194798379,0.5543871498477656,0.5745272467959177,0.5240280304022567,0.6360555885378784,0.5594474546136358,0.46036571302865054,0.5046973219550697,0.5734560179830869,0.506076641940094,0.46456492048626286,0.5828257565370829,0.3994505322289773,0.5396559917413812,0.5972040347520533,0.5773374020815791,0.5155879764495707,0.3391315929027362,0.47050311243777687,0.5068121985172686,0.3302823521232527,0.5811395390797743,0.5953874669433402,0.3521713423594863,0.5048931604767583,0.5575591494339602,0.5477049723634249,0.47237211831503517,0.5257741793794948,0.513456562618749,0.4364188300109033,0.5061428056899114,0.45317593647668675,0.5905901616936651,0.3924200887067833,0.5966116249499168,0.4869449835662579,0.498658968329921,0.5075113563685054,0.5442279226258788,0.6129059416276212,1.0,0.445163908621772,0.47631740043649196,0.6127028799239137,0.522740082201151,0.6644717294687611,0.5738357678640662,0.4548352203751233,0.5597698047518669,0.5001887398650062,0.5044691124921846,0.4411474675962062,0.6264561734009557,0.5389647288039526,0.47293440788599966,0.7093988861794445,0.4130466848248569,0.3312609667739352,0.5023905816750313,0.5698187587792891,0.47632399841876716,0.4514253378553703,0.46107057355514824,0.5165807643569934,0.5280218306540726,0.5361756294959993,0.48143993990235107,0.5024332127466745,0.4087051582293802,0.5296257072042644,0.5618422615850632
arc_pair_75573,0.4570373743112488,0.5241454718431229,0.43193867069713593,0.479247098364713,0.5121930142832231,0.38898992639640106,0.3531462203617668,0.3920433401917418,0.5639306907930846,0.2153099552727594,0.4327905112060696,0.44689605983317754,0.382886530559016,0.2691512415838212,0.385471540261236,0.37595118391444304,0.5061779561015481,0.38377859869742026,0.49119591001479646,0.5188574322607632,0.4045113224715014,0.554153500214848,0.36824240381925505,0.4828165182722127,0.5189580705030788,0.5793855018092198,0.48906827226832345,0.5174497268686679,0.4007162477809418,0.4184341177968928,0.49434253770177095,0.3837281029779258,0.42101519457706954,0.4171619612855403,0.4241195474532807,0.5331861836734436,0.4758391487224075,0.4686928191396146,0.47551844731845044,0.4086456544861804,0.4343379007416596,0.42077354459641153,0.47187296394644324,0.4156320827844425,0.47179943295542937,0.47187903615246574,0.5038699886446303,0.5053429766863112,0.49126151335941853,0.4423763391776759,0.4293733812138483,0.40885888386853336,0.4823354678444924,0.4021304946150626,0.5859195855439095,0.40103471053246637,0.4233641742116637,0.5402651261075385,0.46009633295767954,0.3844053189651839,0.4400693735776057,0.3152342172560936,0.5576063618215606,0.5127207217337422,0.4339440505279485,0.5178023477693336,0.5535509572883116,0.5868978836484356,0.4806967404108634,0.48510281247664966,0.42028428907941995,0.471701936651577,0.3027337911165416,0.5323206361559577,0.369203592349838,0.5077164393839078,0.5704107512904352,0.35771500479990015,0.4526176671995776,0.372320314661488,0.5242012751446498,0.6121658313039385,0.481301366188279,0.4427135907154817,0.450057158955301,0.4959223471081797,0.4696827502698777,0.3747796497483685,0.42264968543748566,0.5188199117654375,0.4337732123003088,0.4220162743943717,0.536171144675971,0.37075306915903666,0.4730064007617858,0.44880845174544015,0.4963007736995729,0.4607816317107806,0.4170412118073782,0.40609001995973415,0.44340268527961185,0.308567131862262,0.4318000652967779,0.5375821747259912,0.41783246311851463,0.406602489764768,0.4612515979553066,0.4996863369488041,0.34894238809512945,0.5453074470648307,0.46067495937065533,0.46166334184823027,0.4862546785068822,0.379111212582463,0.44127419622515224,0.35034826421786064,0.594529018800441,0.3816329403350997,0.37769512171028824,0.4660646147561683,0.47231754408261933,0.47715505349026877,0.445163908621772,1.0,0.46191348021342493,0.5065552724571745,0.4681254391667028,0.46996576747053975,0.4215190337488827,0.406200160518404,0.46140505267022386,0.4242384730902061,0.5414098847557551,0.40169508896179795,0.6514555649047131,0.4966459567437321,0.48317516833550256,0.5542111341304016,0.35542216000692106,0.3824126482234256,0.4612702963097411,0.49028035456302405,0.528120959965802,0.4047978535493774,0.5691215277493689,0.43812756453467755,0.41267878916813644,0.4226289532001982,0.5382794020882818,0.4178735811212806,0.3943945422029593,0.5577966829543893,0.39380455345074844
arc_pair_537305,0.5257615887800138,0.46554518741440837,0.45190205808814854,0.44565421619564455,0.5329139314639034,0.46369506192520493,0.4314524285804644,0.41605261290980483,0.5159054258372893,0.2334510541757586,0.45965712554796145,0.4737929449138797,0.3843862531825429,0.33240145667954063,0.42076039510383306,0.42992010528379393,0.4630815110415799,0.3985765105535367,0.49517744289854415,0.53392986733131,0.44206982370952475,0.6206942673109858,0.35572321959315506,0.49106223878914335,0.540007565125897,0.5042524588873403,0.5066125187157113,0.5179432766430799,0.4833986567389738,0.4993442653420144,0.5191072212272859,0.4015217547140819,0.42662747107579735,0.4839065507182268,0.46428424936081664,0.5819874085225856,0.4934829313988546,0.4728218002670721,0.5076323343551168,0.3773391226057018,0.4366453627686154,0.4671487090385056,0.3777461327985571,0.4213929506018436,0.47930593958095974,0.48735976580319695,0.5398525907663865,0.5244850163959731,0.4799857226527177,0.48369110940035936,0.4774560393961394,0.45601872941846033,0.5424749319152605,0.4611690158909556,0.5809143754198797,0.4652954149501519,0.4435876191672546,0.5464260142322848,0.46830637894462124,0.5276682276111709,0.47104526356331816,0.36254259826926927,0.5530443688248577,0.4450810580220304,0.5018862280237508,0.5092960857023922,0.5848188423146534,0.5642646998992171,0.46531975033624856,0.517727217952806,0.43594193565665595,0.5075995709751526,0.3418779491003595,0.5128448280736004,0.3722363238116714,0.5441549426562405,0.5727484584610031,0.4201161284675322,0.5003341629031149,0.39044021751596397,0.5476893383380159,0.6046115320063965,0.5157826417250984,0.4732130848428089,0.4752016206150385,0.5464495540801567,0.478213761704669,0.4159192409128733,0.5088481453050218,0.5626132097792138,0.4494703671200192,0.43949452523396365,0.5634940108754667,0.38023232679164787,0.47514801883724095,0.5054061931489596,0.5148823823955455,0.5192306427688049,0.40373690514665916,0.44057843897060056,0.45171957771736554,0.3566373911452389,0.487931685731894,0.5765067185446885,0.3266896295299903,0.42695830408271246,0.46519895813390133,0.5067014393729777,0.3859936756831209,0.5487535473663513,0.4835369881330107,0.4793717939552323,0.4975957255901734,0.39667094690090526,0.46710134883049453,0.4438584780685425,0.5717003640981821,0.4409605965309797,0.4116982921051924,0.4757225178467779,0.4734196591230068,0.49303863001526266,0.47631740043649196,0.46191348021342493,1.0,0.5109962845706713,0.5214630475617618,0.5170653594515822,0.5037781907428445,0.403002163823687,0.4909699009792537,0.4602147458420961,0.5351849809036042,0.42932280707834364,0.6000832605226386,0.5125174029746091,0.4784814828754608,0.6066562580479549,0.4087797292147301,0.338366387283521,0.4555025255146178,0.5440360526946303,0.48766726462042864,0.4024193292360906,0.45523811984706536,0.4601250860835163,0.46149700748013445,0.45377866119920834,0.515695350547921,0.45965562664768483,0.38908683911277286,0.5561883540517242,0.401571188275265
arc_pair_542593,0.6644645232140728,0.46048244437470226,0.6762350075666013,0.6623721646289848,0.7334197653596141,0.6257355361619726,0.5605904541279223,0.5975740034763263,0.5415353878912568,0.1611634678203204,0.61654625968795,0.7554404875122961,0.5630144846071359,0.3962779754513944,0.6139237371264478,0.5440623820597271,0.566274154941559,0.5307257466635226,0.7231212216304664,0.5376897652565917,0.5590846342611676,0.7263530065516112,0.39921002852714516,0.4361584325013115,0.7625722923477617,0.597296664043654,0.7824275956177899,0.5227131444712243,0.6231641569018936,0.6181629222122426,0.7032270394550058,0.6348672210666704,0.39398973114372504,0.5706356962617858,0.4639357288123543,0.5666813249089675,0.7332670197192902,0.6261958591365719,0.5511211044849805,0.5527770550426584,0.6091235354580483,0.5644203405924814,0.42340945536384317,0.525210625157738,0.7301022650122817,0.7199235288138502,0.6428656891625424,0.789600963084819,0.5255465914142604,0.593635459133325,0.6494551841445837,0.702098835820463,0.4790523472281691,0.6460578197463408,0.6634346126838512,0.5226382371459877,0.6432187563373027,0.766418103924052,0.702371307348694,0.5527296707868016,0.7335193283298463,0.3830370157995392,0.5607761603553543,0.6439205278484211,0.595391394708933,0.6701487058446882,0.5898853316935665,0.5374249821319527,0.42056385697496834,0.77219216261867,0.5691318752708218,0.6935030792948421,0.4137160359323867,0.6680721279435773,0.5946620475378366,0.6679876397283733,0.8023359011310651,0.4869947288877988,0.7615681207246361,0.5301815344842438,0.7866054896378094,0.6685407893051397,0.5737604256968016,0.6755934832407504,0.7372263315179854,0.751115361375067,0.7875377832374625,0.5897113114593292,0.5799991097614283,0.6170845515755176,0.5243630535935606,0.5783019872606888,0.692620775988564,0.5260893184140513,0.5917337825215502,0.7022383471135769,0.7414702934813194,0.7780410322161101,0.3782935480760863,0.6771337714559535,0.610808310394566,0.43801438333889614,0.7346679039058538,0.7665627829142702,0.3548946859168371,0.5703376183764752,0.7616633625518676,0.6698196625623661,0.5771147678858601,0.6485857823419806,0.6735249116686206,0.6019828156654631,0.5545862623084,0.5588691595663708,0.6363326420353687,0.5447113254877376,0.672284934003002,0.6194190873485095,0.5396215130017235,0.6409562025000998,0.7040560085153943,0.7843365195405482,0.6127028799239137,0.5065552724571745,0.5109962845706713,1.0,0.7186799987489088,0.7175338648739363,0.5375060296093713,0.546852475142454,0.6933312822054437,0.6513047269868397,0.531106623793155,0.5186299267418586,0.5862243066707907,0.6777090328945228,0.5048393765145301,0.6990213687578802,0.5188593435534007,0.2984282012986745,0.6669060420973032,0.6863443033089545,0.5292217091293967,0.5751565630381112,0.46037460922726753,0.6580261125494768,0.6482125455959502,0.671004177696778,0.5345717594488502,0.6210586178645204,0.41940586109307354,0.7114066899397421,0.5492788228090483
arc_pair_282771,0.5919877408240076,0.45890217750745216,0.6888866156974894,0.6210740073795572,0.6913601217562843,0.5664912929732289,0.6162363457384206,0.5846641978960881,0.5010531873433965,0.20279545414343278,0.62588458865273,0.6966392378511066,0.5167584740937894,0.42554286003213426,0.5742824327552416,0.5692193138416856,0.531216217997289,0.5154535063160395,0.6503232141099686,0.5881600777162923,0.4840067467980499,0.6716109444408834,0.3675401599580519,0.45668725435556445,0.687433783888741,0.6015851076131533,0.6336804453328865,0.5497170635425622,0.5967496437932771,0.6389455695499842,0.6368413525074552,0.5687807652406156,0.3837013551570967,0.571572322665146,0.47448111980723945,0.5538601328102618,0.6242743057020801,0.5738215032955779,0.5424764207670956,0.5288103127007969,0.5154305511803939,0.6172601548158171,0.4133101125884164,0.4856905914290466,0.6153529515472906,0.6567807497757551,0.6302724369491165,0.6693212336502528,0.5238379837847363,0.5956156299268561,0.6138504130522463,0.6417258408745026,0.5376352596500049,0.6116761603211391,0.6332041429571098,0.5595138382926983,0.6201940419243774,0.7401963143493292,0.6436657621872355,0.5277353277465202,0.7279657733564661,0.4421038886503779,0.5662634844166308,0.5476980212478448,0.5935950588289153,0.6265588618876029,0.5994342150208066,0.555826685406467,0.45119299457339146,0.6784799722205724,0.4863177346825242,0.6578462148685308,0.37079933303584867,0.6391782165178892,0.4691047991135591,0.6224334679965937,0.7112614287600958,0.444419696374118,0.7000410277855634,0.4678770569725537,0.7141925907202147,0.6591241637270651,0.6171115428178906,0.6309266744465813,0.6297788644993256,0.7132538591962955,0.7387676209032275,0.5245495630268082,0.5808903185286752,0.5312175690250667,0.5691562067881876,0.5384982572749273,0.6271714590523257,0.4437023893001276,0.5347202347278507,0.701860259924583,0.6433347600546727,0.7364643082514315,0.42374161756251805,0.6312424562445483,0.5919157764788558,0.4257933349565651,0.6991359010220718,0.6857488524163868,0.34909055707031594,0.48106176291502367,0.6617241159441136,0.6366450212761168,0.5490694665551197,0.5940912181680792,0.6699609148792036,0.6406654791355882,0.5416826709527748,0.5170761541035923,0.609434750142965,0.5843082746397675,0.6507103067613471,0.6457169377627444,0.5158121995837078,0.5809592546287704,0.6243821528271177,0.7155269147215967,0.522740082201151,0.4681254391667028,0.5214630475617618,0.7186799987489088,1.0,0.6864152957518848,0.6131778711954008,0.48780791252750083,0.6128944105510142,0.5834974687852178,0.5304852715204427,0.5982193656163467,0.6144524132719916,0.6410986188234863,0.49966261834676473,0.6920741600632542,0.4780156160497521,0.330870011509146,0.6707879129520217,0.7074678742597081,0.5035279779361473,0.47295898147239296,0.5380925740119501,0.6594718571106498,0.5988536485271574,0.6220217484524674,0.5446509060114796,0.6525528477903157,0.42437025950331364,0.6995848534965283,0.5024243735295301
arc_pair_622739,0.5720357356727324,0.4418382925154679,0.5717448527103731,0.6026434356569554,0.716440890861715,0.5863651713210883,0.5922891772730914,0.49502897937783114,0.5390554500653713,0.1931689165328976,0.6627902466942359,0.6273796630002599,0.5220966399596904,0.3674727011878499,0.619622099679146,0.5688318976627069,0.5898810071332765,0.4830108621854122,0.6008110375730311,0.5751012116621563,0.5687275262290502,0.7134947522032636,0.4131126932090895,0.4961592428916012,0.688383792041601,0.6135985502399577,0.7331063779446296,0.6400254196456809,0.6278132481211238,0.5320433427230701,0.6450764945108548,0.5470123368521792,0.43408252101783623,0.5823394954436344,0.456301559589152,0.6379306771984492,0.7368678412977447,0.5662744818655144,0.5979342932547105,0.5070915098905486,0.578674673025874,0.6272765816338683,0.3920867526320141,0.529484597569082,0.7291602777142292,0.6316554437281849,0.6522035610244694,0.744091197146497,0.4979985613723819,0.5569981087957968,0.6017801549322925,0.5935472949514928,0.5141570370872429,0.6604967246333068,0.6137216331864608,0.527323602004777,0.6228348697420807,0.7302472015865926,0.7046182002854089,0.5070214280907744,0.6404682655837118,0.45884002589733236,0.584868016000285,0.5521180560767243,0.6228071009411904,0.5832867687458696,0.6340862051190664,0.6032402770051607,0.4279642926625549,0.6540311921928726,0.5302504260747677,0.6624325385552385,0.3565624817216278,0.6157076842435,0.5593747557289804,0.6327402425464923,0.7062139229982906,0.3998568211596995,0.7422938916759284,0.5454734553196201,0.7064064686838377,0.6956402026718073,0.5914130736421721,0.6710881096337266,0.6279317543099044,0.7363055470659464,0.7072337005815582,0.5537228451444063,0.5932255392129175,0.6246341642850921,0.6097258808991003,0.5761333091969167,0.6476826587063268,0.4598534427104912,0.6335578654532507,0.7841026871590333,0.6532927457075012,0.68241373779171,0.39355418086215566,0.5843685788686592,0.6399264096362678,0.4553298733611054,0.6987664450959415,0.7213201033341597,0.3442691282310042,0.6009562282012035,0.6968512828200322,0.6477210212598481,0.5977413950902852,0.6254636736564644,0.6774538478131635,0.5164730251224656,0.5571908221962211,0.5660706295250967,0.7201927204876322,0.464168773743444,0.7362569633516699,0.6306525631337295,0.5732020078083871,0.5710135447969549,0.6847744907365882,0.6928513803173673,0.6644717294687611,0.46996576747053975,0.5170653594515822,0.7175338648739363,0.6864152957518848,1.0,0.5842974052472891,0.5124047305559111,0.6826013001746634,0.6735466139518923,0.5617199853752495,0.512341226986865,0.7144754703523579,0.6717594375610437,0.5318573962457315,0.7451276431371868,0.4780737752521871,0.40634807460659533,0.6618745763394381,0.7022590949087981,0.540190891037667,0.5879578118206246,0.5293877616559309,0.6323444553436275,0.5702164600699545,0.6252630715706329,0.501702116716384,0.5985299592587553,0.4384810944502691,0.6722717822508308,0.5875423633824348
arc_pair_192119,0.508748247874639,0.43880047314577886,0.5692047250122823,0.4852406918811453,0.579884709572008,0.4702745595259711,0.4579189010931991,0.5590272336003997,0.47850545685191376,0.24697237321147222,0.5024791090902839,0.5521799756743708,0.47740796074422887,0.3419334080777132,0.44607736610623977,0.4328761934645627,0.4561030323064652,0.519820398387565,0.5350712384529891,0.5564366864783145,0.4689058218228068,0.5884916289650505,0.34954953856722426,0.502164357508901,0.5178994611111157,0.5284544427776532,0.4978464155751084,0.4924654510817159,0.45574274256250236,0.548907432862129,0.6223787937482711,0.41803595399280524,0.38359304300115116,0.5703797453090055,0.4834817604723239,0.5681890779702733,0.4978810261612105,0.4919716802618109,0.5621509720918422,0.4170884664668425,0.44653560160790423,0.5086315101616514,0.36832422140407894,0.4520300116338941,0.4987303643661061,0.5474979008211184,0.5195336015332969,0.5601831012918644,0.5107726336268874,0.4441231737533419,0.516843586759318,0.5392558841148812,0.5111633606437203,0.5337236829295791,0.5718867028067323,0.4674050080545266,0.6619332602756217,0.5761533154848825,0.5092280269843271,0.3562886337279168,0.5011109269311377,0.38827355931718116,0.587488060800705,0.4652779101126975,0.537920914553201,0.54247086970658,0.6133542081167379,0.5686309333594425,0.4720648162296469,0.5491975235637576,0.45366159058244643,0.5526133843669274,0.3251740266186354,0.5789965869569486,0.3979767547965707,0.552840291316357,0.6268032475272989,0.3529142292482383,0.6241471027629234,0.47178801390751385,0.568841315768646,0.5710141347434109,0.5944543545704709,0.520946154314941,0.4730708432941718,0.5561686670617718,0.5343029947866045,0.45572398027102334,0.5791119493380977,0.5022809409665983,0.4632061058517448,0.5477482612008935,0.5549916427941521,0.403489843564643,0.5493714770917623,0.6024206167254569,0.5306037534264024,0.56713627967651,0.41729293878956947,0.4753863111410728,0.4848545351688133,0.38391840369720576,0.6048992167748105,0.5971426722581473,0.3753964360385022,0.49350950825463474,0.5057524829044456,0.48039181240825324,0.42200179522423686,0.5387986469608074,0.5775819237593149,0.503461168812699,0.4874639646970273,0.39574554989671307,0.5223428561640518,0.4396042391758437,0.5826697359242391,0.49372495601433697,0.45241405368331444,0.5610187363205503,0.5419502527396607,0.5616086479021712,0.5738357678640662,0.4215190337488827,0.5037781907428445,0.5375060296093713,0.6131778711954008,0.5842974052472891,1.0,0.47829254340912736,0.5415653425342342,0.5290507941938021,0.5291168102249919,0.4797946988095706,0.5909963088589257,0.5646954020361207,0.5369551871509393,0.6562939585382034,0.41069443358619273,0.3406694649091838,0.5130100628237231,0.6172303960922844,0.4606281279499443,0.43898257786608924,0.48806547232685277,0.49697018194083664,0.4862322708565931,0.5493535891907249,0.5137433197708179,0.5720399412654577,0.40961420130865583,0.5600941702891569,0.43543132805664897
arc_pair_544850,0.45905629088786176,0.37674668139972733,0.5300914884424861,0.47297373464202364,0.529993956320878,0.4394803878753817,0.4348961558591484,0.4035206050328588,0.4448259623007323,0.15671346388551408,0.5072924406243645,0.5071250587901127,0.4332334639724798,0.3648631829365064,0.4720978398318277,0.4655907614366493,0.45616462291647547,0.41304482840164697,0.5152128693271294,0.5245964298098509,0.4104978499686497,0.5714807289369767,0.37966988939897883,0.43175261878400023,0.5629079880200986,0.5030326566746394,0.5017231889633542,0.5147408102550448,0.46030388797942556,0.48210842811197036,0.5171594534176368,0.39182861379006717,0.37624953444385373,0.530166695501244,0.42220184601547156,0.5311195804879582,0.5031093409865168,0.4433105862078164,0.5258088637333712,0.4371318809345069,0.5187983882986151,0.527866522249525,0.33570817875826836,0.49208604253699206,0.4557483061004282,0.5309848388523193,0.49455064287314415,0.6210958175420678,0.4676245284129699,0.44862414639634507,0.5012526226636153,0.5118391483788617,0.39256859898009955,0.4750016339899482,0.48705361432920763,0.4682293159976069,0.42816268542972635,0.5636134899462378,0.5486973350649372,0.4086269961541199,0.5050015974301341,0.3741530540574968,0.4872599048332466,0.47888569785264123,0.5307292913813395,0.508410068953009,0.5272400130955056,0.4614980106875307,0.3463400150019118,0.5236524062536878,0.47615389063648367,0.4768667389421871,0.4170338767529622,0.511882175988348,0.4365074701265261,0.48916982076692006,0.5634171726736498,0.3078829242921938,0.566428183199603,0.39028199999909513,0.5698984335397533,0.5510252944379816,0.4791933158482169,0.5255403491781002,0.5168877775345141,0.5262411365732254,0.5247994228879971,0.380003792428437,0.45637561614448646,0.5117910002597448,0.4646148597612544,0.49885671501967555,0.5739768988794351,0.4078780154769291,0.4738328055323514,0.5711397374571539,0.5340462139134924,0.5604682597888984,0.33688676637517767,0.47384280893997105,0.49267800828642605,0.3423159659052844,0.5814044543448578,0.6020690871989927,0.32233483505152466,0.5454744176759264,0.5350208611706934,0.549398476856189,0.4399008514369545,0.514319583217234,0.5288085122414368,0.5120725048814526,0.43892559971458434,0.357202277611089,0.4686493229048502,0.4515038075942225,0.5760706588433844,0.44781772281921994,0.45300750674700596,0.48204212947621994,0.5182220590039771,0.5583510733204962,0.4548352203751233,0.406200160518404,0.403002163823687,0.546852475142454,0.48780791252750083,0.5124047305559111,0.47829254340912736,1.0,0.5138894656690866,0.48896779827016346,0.4534082912514174,0.5234319878024182,0.5383547026573284,0.5741858570681659,0.4747702968628052,0.6110695671769106,0.36548002394542917,0.3361296834725432,0.5418278392610195,0.6349500257832907,0.4892031025322041,0.44905200414326235,0.45972834443366106,0.480909819060792,0.4643358221428834,0.49422697229930895,0.46700037203841976,0.49813589122360463,0.3829353584386122,0.48437200779456807,0.4097027513489204
arc_pair_96327,0.5807851923039733,0.41315695619403725,0.5805857387247435,0.5901502858294817,0.6957393731541209,0.6293019270663929,0.5445387346958689,0.5873277935395504,0.5574186682020589,0.16303255261216926,0.5811408153429408,0.6760740054588951,0.6053746484889946,0.387320807536677,0.5909760198542517,0.6180545379404782,0.592650243152612,0.4921587370231195,0.687429522795929,0.5377098624158277,0.6454506491373666,0.6989638718340088,0.48139689550198145,0.44304032356186057,0.7498118746400969,0.6096657044797269,0.6744644179453351,0.5109558699152812,0.6575670899867783,0.581388287859608,0.6646189789208885,0.4451254424351846,0.32861094077611924,0.590547959735484,0.49148289767898723,0.563523132637178,0.6792924442759748,0.5302936089973157,0.5400712652760793,0.5628573883296014,0.573609138876121,0.5781119088650164,0.44167384614749255,0.49680088676630213,0.6470954053417165,0.6644259522643338,0.6288868951981215,0.7996366727809953,0.5024274070604261,0.6418975663302579,0.5956289674952889,0.6238646156863297,0.4414929008417464,0.7645394057396222,0.5918833294804995,0.5886444573937333,0.601806262062637,0.7458433469660486,0.6914117772230465,0.5643651624680928,0.7493651445241123,0.4286904503257665,0.5739195887947559,0.6540923047637928,0.7344960795325153,0.6512439070130466,0.6297458459376897,0.5485599925864043,0.4199349073397957,0.7090042192854041,0.6192663905777053,0.710575333644529,0.4177065701985494,0.6056583859640416,0.5599303690870895,0.6837821508306091,0.7131641011571707,0.46357519102756356,0.6572682436168273,0.49053719732420353,0.7473612033063652,0.6316027192536062,0.5703498129531837,0.7580129209835237,0.7186249358251416,0.6498187308039194,0.7422349587906282,0.5956300630447033,0.5391934939022869,0.5940087277342957,0.5429033459782869,0.5932954241469657,0.6069225817594712,0.4287937102184825,0.6166623871080249,0.7540733992453922,0.7507848248971452,0.7222059476559709,0.3728727272936631,0.5782739855009154,0.6026610026406423,0.43519566537479926,0.6839709086449874,0.7680900564888594,0.3784998044749063,0.6019980545378402,0.7498639169866348,0.6308568254939562,0.5291952146124982,0.6492629845635051,0.7183818789838317,0.5564012675482279,0.556522782732057,0.5838944872682796,0.6922842301943604,0.5813651086692153,0.6944303963221732,0.6028995360788817,0.662842457660495,0.6251599448335581,0.7952389432777017,0.7162647053638826,0.5597698047518669,0.46140505267022386,0.4909699009792537,0.6933312822054437,0.6128944105510142,0.6826013001746634,0.5415653425342342,0.5138894656690866,1.0,0.5733344553240913,0.5531154845477583,0.5346388565910914,0.6605867122383172,0.7213672658310277,0.5310007106267634,0.6547718249551813,0.4886176208446876,0.32354256103251333,0.6129027621527807,0.67466032624384,0.576948490424227,0.6216557338716042,0.4406028825322896,0.6304875630572583,0.5634005544094798,0.6269840401019596,0.5240015018883499,0.6847666003717162,0.3860364710477371,0.6698631145768789,0.49893382216581256
arc_pair_541994,0.5359455819851654,0.41556980642879765,0.5459199980308437,0.5204690901135607,0.6346969245698155,0.5618920842905604,0.47067250044093145,0.4788471076322911,0.48355064791891106,0.2101186719515888,0.5354399905445868,0.5531943033230268,0.4793221344723337,0.40579750020511385,0.5081883843151609,0.46241562886942456,0.5000911523535543,0.427392928598422,0.5482988644196423,0.5321526848562681,0.6185163430526244,0.6334998510706145,0.44570767265443945,0.4659712446347746,0.5830518904025691,0.5260830710621445,0.6237955651736079,0.4877761588677789,0.5336499782504933,0.49760756293669206,0.6124445850044753,0.5066243491605872,0.40414348442889475,0.5337519348123052,0.448136032325802,0.5577109550177304,0.5789087405428864,0.5047636372696283,0.5751079024157829,0.43270737837802126,0.5427655746760109,0.5124149733493906,0.34777188613587245,0.4680627779811175,0.6118756472522079,0.5810333169041422,0.5867216498977298,0.6514558694701106,0.4714075562714066,0.49956285493306024,0.5042085669018771,0.5660783021944462,0.45807669301591153,0.6366352508845111,0.5767122355916228,0.474810813823968,0.5668780013025516,0.6615841871715259,0.5947726499587007,0.46162106829143484,0.571207813529826,0.4518451150987758,0.5729473781988031,0.5073364704759707,0.5370643458981031,0.5651884370325293,0.6059978677779918,0.5507472207768778,0.4398744362777378,0.5916082329151775,0.4671464801385276,0.5683216126582411,0.36781719941509916,0.576546679676302,0.49402535543427906,0.5963708220560159,0.6683871718345954,0.374053907124464,0.6416256952339282,0.492854649519541,0.6276022976316503,0.5815868834300639,0.5340548213011442,0.5467101667901816,0.5711719369544299,0.6217436177156417,0.5962894535699728,0.5561496466361386,0.5111583489899671,0.5719439676110601,0.46950120442297244,0.5076200278073572,0.5825545852183357,0.5049114199057865,0.5459431586121427,0.6485857341900189,0.6016125185802554,0.6522204507705134,0.3677090548777104,0.5457977230638532,0.5277650752333374,0.5112786001756492,0.6236399303600112,0.6607978165269058,0.3296118320572575,0.5031950297299224,0.5589542256046616,0.5930063124109632,0.4633739120575355,0.5493394343787925,0.5617329032659366,0.48936838632040824,0.5601714043292838,0.4629222637652853,0.5463912981254015,0.47254782458252026,0.6157229906308784,0.5521478220141293,0.4538335533978901,0.5476902069081442,0.5937099652628299,0.6185718533684451,0.5001887398650062,0.4242384730902061,0.4602147458420961,0.6513047269868397,0.5834974687852178,0.6735466139518923,0.5290507941938021,0.48896779827016346,0.5733344553240913,1.0,0.5261009271439485,0.45528027924177455,0.5989409929883569,0.6093178381397337,0.48826173530514166,0.626462707720105,0.49226078025813885,0.36985891613802574,0.6123076662045404,0.5916667968481283,0.4851228479242971,0.5010943484352948,0.45321357468813267,0.528462261495885,0.5098288350432363,0.564960670187159,0.5042062840305195,0.5108889196812261,0.3914788508386697,0.6010472988369184,0.4563258951970643
arc_pair_89302,0.5146713373346433,0.5517535015369814,0.5052320108391408,0.5206775037820015,0.5924000466696219,0.44420350856268787,0.4610667091053879,0.42501403806224486,0.5396284166449978,0.33317819144344246,0.5030934563560744,0.4817843888295703,0.4542904442394072,0.406399746858661,0.47267639643071957,0.4577095071524969,0.5210965331011232,0.44099247287467147,0.5099027360407666,0.6165954952858639,0.43659103887148953,0.640250642586679,0.4074511296495399,0.6344201682079836,0.5532737511816779,0.5626640735809438,0.5647570701390925,0.5328043087164027,0.48382696601718156,0.5000587420237661,0.5998569616172061,0.4440834056707044,0.47885775267503145,0.5539546864519875,0.5247213050115995,0.6271883600427148,0.53442327213109,0.5059091921567258,0.5754102158340128,0.4145182863651182,0.4538151021580328,0.4738759370607697,0.430340790004904,0.4399058732478203,0.554414091238664,0.5259631959773574,0.6049433772117234,0.5660009757651723,0.565369721183421,0.511162930973906,0.4989804744317062,0.48190593002912674,0.6101268557055451,0.4866887237568611,0.6655784924815792,0.5058147716725956,0.4791344769330518,0.5669492154990536,0.51015576495643,0.44587716666933525,0.4984145310270852,0.3825926131842099,0.6848346316376717,0.4500135026520462,0.530589255499613,0.5608815187752152,0.6984405561098153,0.7107896760071529,0.563220785569679,0.5441097406926324,0.4838777614067396,0.4882110288127588,0.4075399091580887,0.6078773331851415,0.4125710290760774,0.5686787942177,0.601439238149306,0.37425764754572255,0.5216922397219035,0.47673257718972445,0.5590055775475683,0.6485804057152071,0.556037774845765,0.48893483211985383,0.5119824567115532,0.5778230262807187,0.48983564755142034,0.4261615820618898,0.5255723417994989,0.6240070125502509,0.48236113346740594,0.49975289659745903,0.6412940570455323,0.4464958363539602,0.5319043965094995,0.5191799789130448,0.5369733623155426,0.5286295342437075,0.4533870421827403,0.49678935059431795,0.49368236971212887,0.39320954563066446,0.5321176822988457,0.6008201018576284,0.47134120154885517,0.4564632874994185,0.4867950905410994,0.5903063714720675,0.4217404422396551,0.5899254984345712,0.5375478272438052,0.5271150736964026,0.571076235523532,0.43066364565028803,0.47911919510955897,0.4444940366697955,0.6388774377231587,0.4472099484190066,0.40990619160007674,0.5063425087310383,0.48205604893001797,0.5331173211191056,0.5044691124921846,0.5414098847557551,0.5351849809036042,0.531106623793155,0.5304852715204427,0.5617199853752495,0.5291168102249919,0.4534082912514174,0.5531154845477583,0.5261009271439485,1.0,0.47531995274893335,0.7001949603856068,0.5809604236701058,0.5421914244136179,0.6369054215268725,0.44292364726947264,0.4686830616438304,0.554803794340055,0.5937738242692114,0.6026569413418026,0.49084284198046135,0.5642566515584334,0.4944700772949613,0.4907750345591742,0.5197313929500129,0.6315444377339952,0.46104085420642643,0.474844834673732,0.5700889147889535,0.43112925193482776
arc_pair_318299,0.4486478683192572,0.39783414206095835,0.6259193526492272,0.5867556691335287,0.48656741963423505,0.4245898567820339,0.5144372970926234,0.4470526139031747,0.434646043796238,0.15961991406215942,0.583738575689093,0.5459562046914115,0.4439988270571388,0.28957419173739996,0.554610427518517,0.6355570100602819,0.4890616441395541,0.42983130226245947,0.525931364921747,0.6040594001905758,0.4059701961488908,0.5337910025319338,0.4131450958283942,0.3841958500812845,0.5781401324532119,0.5189153593836965,0.5191921729037035,0.5642683741936083,0.5219581333336456,0.620102512723037,0.5230321294861491,0.4314363600585505,0.2933067109367759,0.5533961679099774,0.4025759037738402,0.4999516005844422,0.5229269739426322,0.42529996246162366,0.5374804613236426,0.44243746294260333,0.49033567861452504,0.5613469646771903,0.3408718867087026,0.37147636668943324,0.44980279743648627,0.5929862864877354,0.5584329666417306,0.5657319285451108,0.4253148103766827,0.5011363169388566,0.5361459355977978,0.5558976633635927,0.4356629806751984,0.5009392998128187,0.5922860693481409,0.5340055938054248,0.4656823514014207,0.6418755373542825,0.5565257740237646,0.4304325078131575,0.6677436123638076,0.4453414331485786,0.5191025011192804,0.47939215046086675,0.5571541693477021,0.5156226500524829,0.514514166841598,0.49511244887997796,0.3606016345618724,0.5623160662776344,0.4382998483873537,0.5471974681725901,0.31696406322712534,0.5172712259683816,0.4208529002785862,0.47601672704055076,0.5918717140259643,0.40370946920485695,0.5137788636026271,0.37568916111431766,0.5794976754586835,0.5534983680781602,0.5259096519851839,0.5481215283560013,0.5202168465611258,0.5102476741045923,0.5407773816478486,0.40080979069830497,0.5226319682342226,0.46843757396076696,0.5773939758096606,0.4477893494249656,0.5538079169818508,0.32908473124312365,0.46892632118306793,0.578917211450015,0.5057502507524669,0.6073684407454655,0.3466892285288847,0.5151858550942244,0.5099415596136965,0.3195813354115729,0.6002140708448555,0.5495528770861347,0.3165362206573057,0.4184234594058558,0.5190502559476858,0.5168864327184911,0.4867688052280828,0.5209247135497087,0.5243856971017272,0.6293130378525362,0.46391571744188836,0.42125364393902304,0.48593688987400174,0.5609610784741268,0.5708541242800523,0.5304842711216573,0.5478354167761469,0.5087075176062311,0.5236580119972596,0.5888327242587402,0.4411474675962062,0.40169508896179795,0.42932280707834364,0.5186299267418586,0.5982193656163467,0.512341226986865,0.4797946988095706,0.5234319878024182,0.5346388565910914,0.45528027924177455,0.47531995274893335,1.0,0.5673052804301705,0.6110386832140929,0.39751176614149475,0.5772537109895487,0.39054146497398295,0.3145324478832951,0.5385177641010119,0.6180430193624139,0.5048832857921585,0.4483692019394458,0.4773163058923137,0.5553215722098626,0.546541236096273,0.5637071730035889,0.4950892971429111,0.6080427362254598,0.4567043669144458,0.589109025317948,0.4757726207061124
arc_pair_674772,0.5991177638705134,0.6357129805006537,0.5437974443812034,0.6032485415059806,0.7001932229036261,0.5264194725034209,0.5827496538393856,0.5111032362284234,0.692539621693549,0.33137863953496355,0.6512578162014633,0.5691974594022248,0.5238537513221823,0.42263837768464024,0.574739221377804,0.5993162718061601,0.6787456466767725,0.5134438351258978,0.6392536920582276,0.7153946292382785,0.5984139345983328,0.751640158569152,0.48392824022759395,0.6828618014018303,0.7134288985949293,0.6879589091877394,0.6963963120090825,0.7180801572883925,0.6231482319739012,0.5650772733321399,0.700290462370898,0.4981850693111156,0.561364297893842,0.5835031900526558,0.5917033061590128,0.7617771600247963,0.6732369745729198,0.5987329622129048,0.6747892628387389,0.522348161223147,0.5746497537185742,0.5995031255419808,0.523121835884418,0.6061884428442595,0.6774390048959066,0.6187275849385638,0.7454593878931235,0.6807474352421862,0.6686031033623779,0.6412355107548376,0.5948485602723461,0.5656848647504921,0.6969247843863058,0.6054985845091123,0.7340320144963821,0.6199246030468206,0.5755107203886218,0.7172088854377752,0.6693266334143272,0.5133959848149413,0.6055000864692014,0.4922752347921339,0.7518633185621721,0.5722054766704727,0.6344177861252756,0.6651114284651083,0.7668005062159746,0.8088787070971554,0.584741062408538,0.6464449668419173,0.5649641927320764,0.6410162858108204,0.415748194008725,0.673631612903004,0.5324434106324993,0.7068792554496498,0.7018715911501197,0.36809346894898737,0.6279372512469072,0.5387333144949245,0.6992216553102124,0.8132645230836067,0.6477313761072143,0.6321661314515346,0.6083954546913334,0.6896941391261281,0.6083388776840973,0.5407520875396059,0.5851889086983688,0.721125689671977,0.6631624425700209,0.5930020151723909,0.6977097194819187,0.48868548619092556,0.6725710523471522,0.6579796015918323,0.6236417021657752,0.6168133282931892,0.5300315277161672,0.5486374206555089,0.6049416501374579,0.44692224743501224,0.619730497862566,0.7018096861624702,0.5103627702735839,0.5806350733795356,0.6160154062438996,0.7069379960249026,0.5401009308648634,0.7362642579149902,0.6395886949686513,0.6014822909429007,0.6749731720659496,0.5086780788247838,0.6363903612869787,0.5285457250664181,0.7837614770203979,0.5922257201525161,0.5844923973425171,0.5659936641148813,0.615222810687068,0.6382759159419717,0.6264561734009557,0.6514555649047131,0.6000832605226386,0.5862243066707907,0.6144524132719916,0.7144754703523579,0.5909963088589257,0.5383547026573284,0.6605867122383172,0.5989409929883569,0.7001949603856068,0.5673052804301705,1.0,0.6967899869452127,0.6321212022514294,0.7621247200372936,0.5255793049584246,0.5585392643080652,0.6215798328380373,0.6943502811716145,0.6607876952172842,0.5868907533538935,0.635375580376307,0.5878141673036889,0.5447347050991121,0.6016608936169885,0.668041258973157,0.6215066429722579,0.5871122377083426,0.6883082810300256,0.5692332549094432
arc_pair_478734,0.5865912604545365,0.4990350937690496,0.6675595655617803,0.6483209520579946,0.7059557817360427,0.6184138720603243,0.6343254651213414,0.544168024851005,0.5603345661401814,0.20975090758320347,0.6809196920055914,0.6822823975176665,0.6405935342258541,0.41126521814852857,0.6290377085858271,0.7128242534796639,0.6054797770518218,0.513013771630145,0.6644579468842411,0.6104182667596708,0.6080350734706754,0.7371764981658165,0.5262929899938358,0.5020335265673274,0.7297549141489117,0.6454503660553773,0.7316491030180396,0.5319115723168747,0.6527042999544562,0.6742940991027185,0.7135635687097857,0.5272411469899779,0.3761138813790539,0.6367874900115733,0.519910012339824,0.6251183624814051,0.6325900226461532,0.5351705477093535,0.6281123244221881,0.5973672526206093,0.6119182907210788,0.608090542131264,0.419834567157506,0.496858651778175,0.7029516870342238,0.7193399935040115,0.6825902053636658,0.7936426168498696,0.5633274359985924,0.6114457858063309,0.6831893941640168,0.6567798488182293,0.5488877681680369,0.7288438004287358,0.6199979010530134,0.6088916663299612,0.6039211669842312,0.7354267071878093,0.7319242858960219,0.550575995088205,0.7219549962291109,0.5391420712676329,0.6515179955483259,0.647550592384454,0.7820532570628,0.6536528479452259,0.6769814582982642,0.639478875256071,0.49311744343166963,0.6856681763667672,0.6116546741553426,0.6722624334037604,0.45829629625440477,0.6740411743510377,0.5469699270858609,0.6929568032150729,0.7772830765028113,0.4338653523984232,0.6692784755537722,0.5289546855502439,0.7845180052976914,0.6651341388639688,0.6242115083482472,0.7785511601384458,0.6616148516032162,0.6546926073020806,0.7491590248077555,0.5425920873859967,0.583437117506625,0.6416923522780821,0.59446976030657,0.6122719191301286,0.6523990245544498,0.45180518188529567,0.703229298220948,0.7452471061410119,0.7573007328266171,0.7238172348599106,0.44884744116667236,0.6865111636646595,0.670816428085902,0.4759570008790403,0.7587053406173054,0.8035787323778191,0.40515057663505805,0.5359714805217176,0.7172982619655839,0.7343832618400098,0.541348475554397,0.6949157288840413,0.7046527990187191,0.6932640436775451,0.5720625679673665,0.5013180310749807,0.6732144453638245,0.6099986408296064,0.7314161771397523,0.6627241341664977,0.6683969160085289,0.6715576042370314,0.7445960823169734,0.7797988788939381,0.5389647288039526,0.4966459567437321,0.5125174029746091,0.6777090328945228,0.6410986188234863,0.6717594375610437,0.5646954020361207,0.5741858570681659,0.7213672658310277,0.6093178381397337,0.5809604236701058,0.6110386832140929,0.6967899869452127,1.0,0.5786343031526792,0.6860176486115799,0.5078875531422096,0.3526440430683419,0.614560665374262,0.7225904032966746,0.6291658676388906,0.6235566173180035,0.5035007481001832,0.6224626611560016,0.6343153988275274,0.7143380977231665,0.5843878184638841,0.7720696634379891,0.4230521169674079,0.7376384159212023,0.5595789853433565
arc_pair_49574,0.49054916362530676,0.46965578915744244,0.4731614724972548,0.44518979568945793,0.5514914297132567,0.42854750478212117,0.44195371144229256,0.4501064760575266,0.5788706705623868,0.27179677235021016,0.4479146198355762,0.47815366228455486,0.4404003936295577,0.38886228374893383,0.4072595965794012,0.4171153602315756,0.4685070973022326,0.4461531708042831,0.5202248105790033,0.4950031332861459,0.4507295806665733,0.6328865883896825,0.37383088662510544,0.5811418020132255,0.5233774654078781,0.560619977154863,0.4998914248221169,0.4532897430389924,0.4831650635196987,0.4745366355645259,0.5608102885330579,0.36387299602495327,0.47108861718201056,0.5713481859079623,0.5218303056153124,0.5954703739527311,0.5110510283515421,0.5262349470841782,0.5229266064024823,0.4691462593259864,0.4693278610742909,0.44000926096024445,0.4029638127194497,0.5355599756007904,0.5508886185329677,0.4846220211195688,0.5746630627855889,0.5407422923075036,0.5728362791382057,0.5091871090719343,0.5059067789866357,0.4588191519322189,0.5513522549538616,0.49145814468878346,0.6125427275150989,0.4298517085182743,0.524031422532536,0.5528176498744157,0.4823238084620674,0.42375794365219666,0.473793330430728,0.37241422781011646,0.6104248100394547,0.5072685496286092,0.5104487291901271,0.5238416077870327,0.6267966668729306,0.6076678495848281,0.4960437364470982,0.5065786348054211,0.48120754828512574,0.5440873948339995,0.40252369946237654,0.5610280409543738,0.42769368943181674,0.5621960139236425,0.5727361493051736,0.3180351685034728,0.4742656945140148,0.3961229140713664,0.5549793559000368,0.5947789543087221,0.5297534581157249,0.5052868888666014,0.47946744265339314,0.5706168537952714,0.5096337401952237,0.41943574240618553,0.44390612432192966,0.5536679875970612,0.4278876841969054,0.47918956914955896,0.5355452155095584,0.3990130698290807,0.5099498710523506,0.5276384993326538,0.5198841691188765,0.5198447643373362,0.4185027039802022,0.43511884567191766,0.44910671622984616,0.3915475283178164,0.5111016857970624,0.6318532501909214,0.39166952709352104,0.5850433824086594,0.5003856680027695,0.5260249251521054,0.40252467175289447,0.5761394225070597,0.5214480071299116,0.5015857436541429,0.49869964610744383,0.3717168408166161,0.5006466381299427,0.43423271111726236,0.5997578799245765,0.44080564617322054,0.4224901130856982,0.4708613609831034,0.49501455191552524,0.5145409540561914,0.47293440788599966,0.48317516833550256,0.4784814828754608,0.5048393765145301,0.49966261834676473,0.5318573962457315,0.5369551871509393,0.4747702968628052,0.5310007106267634,0.48826173530514166,0.5421914244136179,0.39751176614149475,0.6321212022514294,0.5786343031526792,1.0,0.5915245930746872,0.39844574523295345,0.508324684169485,0.4592521835134483,0.5647668818130037,0.5149314944854014,0.43454417869798323,0.46563232351031897,0.453650357120468,0.4362216565990286,0.4653047034218373,0.5976432463063066,0.516071524424532,0.478858156725442,0.542458264134647,0.38662002155727526
arc_pair_289956,0.6845155546207773,0.5385881642027571,0.6354081398072046,0.6361394160566507,0.6963172298404133,0.5718850363479412,0.6633211874214008,0.5610608239923847,0.6150349850297534,0.24139146543444276,0.7096538139466771,0.6948566252929257,0.5599886264008891,0.4620109163207409,0.6762839181283723,0.6190193629713143,0.5694347132883346,0.5206295581510834,0.6815894497701481,0.6771762415051326,0.5442009794803062,0.763200687423943,0.46227436722857035,0.5726980078399229,0.7686488015032013,0.651499436263807,0.7394476223020541,0.6672604140733795,0.6486755607131062,0.6802426770450412,0.7333619156398498,0.629700063023095,0.4897082609944218,0.6024113718204522,0.5503122371686853,0.6863296019440183,0.6668817649104729,0.5919269811961921,0.6422016110056077,0.5502291828565381,0.6070263294413529,0.7052060806081115,0.4499506243954358,0.6049411633475504,0.6502205454940497,0.7257612059307201,0.6803751849607859,0.7032481063086664,0.5523506807340148,0.6220180392474292,0.6838393955026563,0.7111833745339922,0.5966112188010264,0.6176397125166416,0.7200549804750681,0.6312982418682348,0.6353727369102401,0.7403787827182071,0.771018161975669,0.5073128134294752,0.6664244157988503,0.43499481648717353,0.6589420556363204,0.5744113192252679,0.6378620155611641,0.6848565023946395,0.7018087633379934,0.6685919581871584,0.5275118402346627,0.759713391037716,0.5856727048591414,0.6695204223602553,0.45986702305450716,0.6599927144068108,0.546398223940557,0.688652508633582,0.7454838259567744,0.42699331940525803,0.7770871075685399,0.5331501979369586,0.7438091927355449,0.785043237962222,0.6441712016705066,0.7134478056918762,0.6604428699518133,0.7831187677361959,0.6773603089515849,0.5490600536785059,0.612753217864005,0.684879510035416,0.6802993420711391,0.5902222076352857,0.7528462863139695,0.5035419410075144,0.6187728915843322,0.7510943908616852,0.6808898872145398,0.7024029887426578,0.439799708204894,0.6530112578796337,0.6607909206221924,0.40848288374958125,0.6992153927483569,0.7854816762468502,0.3877473893601579,0.6507767374653844,0.6746137560362271,0.7462788444232692,0.6381404623028373,0.7118497524930504,0.6314754548723094,0.6240948348672881,0.589446301789899,0.5106550699197889,0.691319125410827,0.5975854826781016,0.7508727734150685,0.656723374678112,0.6079868446877137,0.6790913563492358,0.6333603556508838,0.7254170963702525,0.7093988861794445,0.5542111341304016,0.6066562580479549,0.6990213687578802,0.6920741600632542,0.7451276431371868,0.6562939585382034,0.6110695671769106,0.6547718249551813,0.626462707720105,0.6369054215268725,0.5772537109895487,0.7621247200372936,0.6860176486115799,0.5915245930746872,1.0,0.5325353207241457,0.40529264757911676,0.659803112826538,0.7502277376812135,0.5732399602870135,0.5853006557755802,0.5751018145737944,0.6198946765798399,0.6663408350816526,0.6908456214469155,0.635053388195284,0.658081070075004,0.5178589497394197,0.656216884342746,0.6295759911645257
arc_pair_338183,0.4425989569745609,0.3829385621420765,0.4056756756665168,0.477610385492936,0.5368035825221493,0.43187944124281186,0.3514824675164504,0.43623788629404414,0.386922416374452,0.19243448357151707,0.4197874753674313,0.46039052230864974,0.3891157883645187,0.34710584287683915,0.4173914984510412,0.40267105791887736,0.43100086669626364,0.37048605845102844,0.4599029358610084,0.42328345679784096,0.4762914425864407,0.5524491929162986,0.36645279522428525,0.41189859849080745,0.5139888437572009,0.43703742098168696,0.457133229877082,0.39940113943813543,0.44523293992056456,0.42880374230292134,0.5647135702397539,0.3675256241206229,0.35044744666692945,0.4059304832988939,0.383262527631405,0.4411086148553967,0.4579105933891718,0.43204609638439734,0.4346293461596011,0.3877178987421134,0.38919902379945126,0.447129858342872,0.3302178818614995,0.47412840660234645,0.5128211222871171,0.49790629230382977,0.5182520954061172,0.4979078735660019,0.40787616999263565,0.41839815336736763,0.45380911866884305,0.4706958136253417,0.40075711794073066,0.5575179398944248,0.5251136954815695,0.3795274672913987,0.474050150503083,0.5305419510195878,0.49044154823989805,0.3659760134101926,0.4717649769274656,0.34045151636512566,0.5198934271916553,0.4551002531644396,0.4460589682167992,0.4763399599561352,0.5243463458640586,0.4691727512284869,0.39483689705899055,0.5439969666017391,0.47355392888111997,0.48362899122011715,0.29490765956120624,0.5081567048902984,0.3942200914800005,0.5423024339163287,0.5388114288422698,0.39710522109500046,0.49250545114332817,0.4158287919467552,0.5302785412423052,0.5348721780946754,0.4431987428474015,0.48142185924340225,0.5292073861048736,0.5046746764429578,0.5328390528535288,0.5250691256341061,0.45263702407805895,0.49328070162413,0.3921073721931506,0.4456832866591665,0.5125787586607753,0.3174194189984512,0.43153832025635186,0.4830653007829354,0.5066496602683231,0.5196925080155022,0.3225894679573484,0.4051443313577086,0.41307985712983647,0.38128578139528035,0.43313371221701175,0.5520096198693822,0.29813412477231604,0.40984525357673657,0.4875406673773673,0.4752458812037694,0.3336612580482173,0.4939731354562545,0.4394122074118273,0.40909688948757306,0.503986826654478,0.45636288053038576,0.4690262750215548,0.3821576122699653,0.46918082221667,0.39585206180158206,0.3846478675779451,0.48733813466770565,0.5014159372344643,0.5212269956875891,0.4130466848248569,0.35542216000692106,0.4087797292147301,0.5188593435534007,0.4780156160497521,0.4780737752521871,0.41069443358619273,0.36548002394542917,0.4886176208446876,0.49226078025813885,0.44292364726947264,0.39054146497398295,0.5255793049584246,0.5078875531422096,0.39844574523295345,0.5325353207241457,1.0,0.30238451466464883,0.44948494026005004,0.4827685643229444,0.4021747012036126,0.49655450812951824,0.36794148445473185,0.49208681681090105,0.4214457693135164,0.4198464555814898,0.45415629484794356,0.431043573778193,0.34300902478977074,0.48009606510683894,0.36979515753333314
arc_pair_297765,0.32044365917209267,0.4086463742079648,0.2574222552975915,0.28455254499325794,0.3833077743808371,0.246995911474546,0.2696154858193461,0.25488390451121334,0.4559163835632417,0.30703850310249436,0.29657895300333076,0.28462216451136113,0.26142297840853557,0.24646223799960876,0.23570460819216846,0.23409568511984533,0.3716176318910495,0.2537070162318599,0.3356376377624333,0.40925620433890875,0.3689361520425461,0.4214611722523112,0.2363936107113413,0.5649116939730036,0.35016432944533893,0.3906636355764405,0.36663692578529783,0.40790062722742093,0.30882502604753687,0.24963676757945885,0.37973175757860184,0.2109917494609419,0.4328512626425674,0.40938914989550107,0.3655316807637072,0.5360244820208072,0.36960399282491585,0.39353981467609084,0.42111422566086765,0.27296593402655084,0.32801225148030777,0.29810878987643025,0.2840237651287893,0.417214122754962,0.38471043785771253,0.27111685462516205,0.43080578367983446,0.3632529739865329,0.49906026819750593,0.3390773819559512,0.29469081988045465,0.24790021544186036,0.48047015192534626,0.3325725574132226,0.46217275676667524,0.29983656657712154,0.30995734621175164,0.36926543122516436,0.3113686205326686,0.25999310967374656,0.2685047611913451,0.29743710976596577,0.4936978372371743,0.30020512338932176,0.32472751366763014,0.3399859158960377,0.47904130027064906,0.5249143742177328,0.40115887368636965,0.32434760251036243,0.2815058424765161,0.35084276467612624,0.22739729792540433,0.3940862536644138,0.2766362450854911,0.3763421266587755,0.3830472384994794,0.17101482505457366,0.29979124215521347,0.30548259881607576,0.3504231940008986,0.45095265228733916,0.34717980092159917,0.2948186943962745,0.28877319819121766,0.358267079651903,0.3005355723874321,0.32224675630562627,0.3475726321749088,0.40621875198589175,0.31526998203067597,0.3166622161937294,0.38353790071678856,0.2727813485636916,0.36880180552871095,0.3215539219373131,0.30297973896232866,0.2988414132949553,0.33213906795916665,0.24266468846329417,0.29927461839196395,0.26216386972991895,0.30298409287017614,0.37710042739051797,0.3377775302862486,0.4170373586021059,0.3061954333786632,0.3612776752158339,0.2620726332036219,0.41288662320268654,0.3732002841425131,0.28493561109896015,0.4393878785711139,0.2520077025851255,0.3442570766791627,0.251784389918083,0.47127840761328355,0.26066596948329035,0.2312977560090502,0.26718984790234146,0.30897460135977756,0.2969539578020238,0.3312609667739352,0.3824126482234256,0.338366387283521,0.2984282012986745,0.330870011509146,0.40634807460659533,0.3406694649091838,0.3361296834725432,0.32354256103251333,0.36985891613802574,0.4686830616438304,0.3145324478832951,0.5585392643080652,0.3526440430683419,0.508324684169485,0.40529264757911676,0.30238451466464883,1.0,0.31367098493222667,0.3726822430760846,0.3827242540525318,0.3091237634449252,0.39552260921205085,0.28984531177745515,0.23458608627721528,0.2708216684596518,0.4101477230050815,0.2767798064922508,0.4054522065663841,0.36567502258697376,0.26491369865502956
arc_pair_657321,0.5588521394101728,0.42093451716457164,0.6102708772073057,0.6158885428214191,0.6442692701005691,0.5515589280235761,0.5503669347560248,0.49838951245294266,0.46545164321230237,0.17942418980989105,0.601470559449886,0.6374030277452092,0.5829564368424194,0.4227556685294867,0.5816215425825055,0.5481046927862858,0.5280146268494342,0.46673491769495473,0.5934829736080948,0.5513942891153295,0.510070376262805,0.6260468201904545,0.410581926606134,0.43106675246685,0.6439175837267713,0.577234617503211,0.6274522144340593,0.5268723662477566,0.5466583155265083,0.571776093938311,0.5826806424030951,0.5290601475001848,0.3686045086916913,0.5541072136563859,0.45166317646668863,0.5270684308980101,0.5934918987935762,0.511832440951606,0.5471657823364545,0.48203329348645113,0.5494824954559302,0.5659173687706286,0.388278117416924,0.46902299152659865,0.576018218143127,0.6558392849057432,0.5725800631822203,0.7033487983689998,0.4853778890154857,0.5352644232489001,0.5480949289454637,0.6317420935154517,0.4629865492669205,0.5670906333500177,0.5802603728007759,0.5709130385037589,0.5511286294924678,0.709676235190043,0.6234082458712356,0.47963063766180064,0.6627589540175499,0.4017403696524299,0.5295115483342367,0.5306138714215087,0.6018775716329706,0.6007365182394272,0.5825529874064738,0.5394305368736395,0.4030940852175659,0.6287256432338683,0.5134850859481668,0.6030278685405179,0.39016403632512636,0.5880514347517652,0.49126771506845573,0.5721801578415898,0.6750004469517275,0.420927673461224,0.6906517721033183,0.45088705281594993,0.6736349971275563,0.6086862430370451,0.5648230237035148,0.6073386614409154,0.6278051534720541,0.6030788529975034,0.6587728121633205,0.5043533060392242,0.5634451795673703,0.5793862748750329,0.5583314107535504,0.5186405968589274,0.6406400959031517,0.45916477883018186,0.5768250731860227,0.6793507994580028,0.6248146525376932,0.7314322569528346,0.32823644694309384,0.6053881406892772,0.5778176219114901,0.3918487922943921,0.6723286608251814,0.6567153686036277,0.32563240090168794,0.5000329123264298,0.6347630060306715,0.6327929011914388,0.5217690070256725,0.5617674817288952,0.6392552205278412,0.5468951877132678,0.5054599849211162,0.5511773577070712,0.595900450731532,0.5223823298780919,0.6555373760604974,0.5739538772844628,0.525608142879757,0.5993861152461157,0.6360668405379393,0.673311006441132,0.5023905816750313,0.4612702963097411,0.4555025255146178,0.6669060420973032,0.6707879129520217,0.6618745763394381,0.5130100628237231,0.5418278392610195,0.6129027621527807,0.6123076662045404,0.554803794340055,0.5385177641010119,0.6215798328380373,0.614560665374262,0.4592521835134483,0.659803112826538,0.44948494026005004,0.31367098493222667,1.0,0.7083298629273392,0.4864460378621897,0.48757703792208046,0.475858257196226,0.6461153270617155,0.5479651058420539,0.6213821247582628,0.5043735661147454,0.5629327871139193,0.39641943884455105,0.6193804022310633,0.4901990283436783
arc_pair_713999,0.5817280798880472,0.5184850734780028,0.6678989454908097,0.6383165618609545,0.6717217486949512,0.5984895968634664,0.59337438867733,0.5310459381597034,0.532477619305311,0.22292456633180188,0.6572729708755181,0.6769642604887297,0.5835731084514639,0.4442356838738167,0.6711137474517467,0.6152786016067764,0.5802103657594421,0.5235518756967743,0.6346633759582586,0.6222402076046055,0.531006040055064,0.7093210202698702,0.41124662083738295,0.5345837479979761,0.6807758809076327,0.6896145944248028,0.7060096532177116,0.5869045613811921,0.6059801084306764,0.6498019014138635,0.669206227985381,0.5346925341578475,0.42702587039448564,0.5998343271812507,0.5366274040741297,0.6278039055746417,0.6422289208542403,0.5256924085746144,0.6154890712365748,0.5196339343175383,0.5161736276001038,0.5686882716336082,0.422827632268845,0.524378446832597,0.6108827231799502,0.7156826223921716,0.6450992612533317,0.7600996951716068,0.5220934289564314,0.5920469200645511,0.6347899982479714,0.6672807534197505,0.5658062801534858,0.6526219506188432,0.6439164133240708,0.6266776485950306,0.5787462515392715,0.75553469537417,0.6841181592508051,0.5196865803441134,0.6972431465319183,0.43858593882637065,0.6361000379057168,0.6018019849416262,0.6538381201516336,0.6437735497846264,0.6614076160713956,0.6326609581891987,0.4754495632758923,0.6713410749595967,0.5814046861452016,0.6397529290199188,0.4391407669152193,0.6152616725094846,0.49974168324245544,0.6460596547211394,0.7774761978230318,0.4688356049641302,0.7676301985087273,0.49312457248586616,0.772052303759874,0.6942305759947525,0.6069274301353386,0.6778776111739133,0.6529706403288698,0.6530926009587785,0.6969123764379058,0.5226101944229765,0.6582042220042482,0.6025705425207014,0.6078125722530123,0.5889317212753441,0.7574758744273935,0.46561526133788755,0.6745672439771644,0.7333907680596289,0.696598004465209,0.7595636197237807,0.4163810891466684,0.6754700918002289,0.638386595671132,0.4055354372462302,0.7485121487946779,0.7262516613842335,0.3881461092299713,0.5405247844660593,0.6697090926530657,0.7003300384559956,0.514489519098106,0.6441261700173286,0.7232950873019669,0.6198137098271674,0.597500862338379,0.5190156945418324,0.6298024407403698,0.6317211832413838,0.7138905457144358,0.5762479207699608,0.6185112245529857,0.6648226365909972,0.6872618055291088,0.705077923217924,0.5698187587792891,0.49028035456302405,0.5440360526946303,0.6863443033089545,0.7074678742597081,0.7022590949087981,0.6172303960922844,0.6349500257832907,0.67466032624384,0.5916667968481283,0.5937738242692114,0.6180430193624139,0.6943502811716145,0.7225904032966746,0.5647668818130037,0.7502277376812135,0.4827685643229444,0.3726822430760846,0.7083298629273392,1.0,0.5709993475723674,0.5254431299489348,0.579544941707359,0.7059724805081592,0.6078145270159101,0.6967126105197876,0.6088339910336714,0.6386513234008689,0.4713510918059834,0.7084553986538832,0.5151308903098809
arc_pair_353455,0.5000633388750046,0.4740521869005712,0.5098452494682996,0.5197123655718108,0.5822461472322177,0.461921990391196,0.4568815069945772,0.44999273786240185,0.5420790385464175,0.2608553983313254,0.49345458753999666,0.5092085690027823,0.4702565332822107,0.35943021612651394,0.496696383426991,0.5465231469216539,0.5609217435027182,0.39422977936892,0.564936813577049,0.5668039938274139,0.5070585073638193,0.5953394498277539,0.47265681745470456,0.5808601618582886,0.5913765928024952,0.5541920750753188,0.574126585889084,0.4918237649832475,0.5637045498300285,0.49230872315489066,0.5411705777189417,0.3817674950987051,0.3864977461924132,0.5140557603858236,0.4905512509171544,0.5778535903361026,0.508351502926073,0.47187722675699245,0.5534516754757307,0.42702000418217423,0.5015607184281715,0.4764911292232821,0.47492104278718633,0.4240423310130608,0.5424289798026165,0.5083634195040095,0.5646566917650767,0.5937656289999313,0.5174381602758424,0.6131846461034206,0.5350277346091075,0.47378122423570446,0.5197889239218134,0.5322547592011746,0.5880002265800639,0.49939613557684526,0.46345982459168206,0.5893798083838435,0.5333855776892437,0.4678605885322975,0.5265118186179923,0.43698848369461346,0.6375396472371184,0.503323438199328,0.5968702956896884,0.5523719442163924,0.6296354725270795,0.6606419164103265,0.4443965197824079,0.5464135636364029,0.5008356582269958,0.5151497274604214,0.3895952006226631,0.5758096651141952,0.45001070310366426,0.5808989563166931,0.5970740270123409,0.3760720831473879,0.4978666874214725,0.43454440236294795,0.6061546121772823,0.5854123057305134,0.5098313389281246,0.528737487305643,0.5069027607331962,0.5336005889698058,0.5454680762909606,0.4399716836746293,0.4840669983168794,0.5902594623266821,0.4620067724591923,0.5100658757941987,0.5553504336728018,0.40166687455064454,0.5428930341208213,0.5574053234289844,0.5706377249057621,0.5336481906667793,0.4208050202138998,0.472180406863764,0.5282765388338276,0.4499709356658695,0.5336816443583169,0.6186217040903459,0.4286240377546105,0.43815205806999175,0.5444898340662752,0.5392028345774467,0.4330091746050525,0.5957682596159379,0.5427113902859576,0.5261506035568492,0.540982736675212,0.4400220426023104,0.5217256377253432,0.47697151899326085,0.61267738145486,0.47173494693142975,0.5039230338211191,0.5178084600821344,0.5461980899534481,0.5569967052440493,0.47632399841876716,0.528120959965802,0.48766726462042864,0.5292217091293967,0.5035279779361473,0.540190891037667,0.4606281279499443,0.4892031025322041,0.576948490424227,0.4851228479242971,0.6026569413418026,0.5048832857921585,0.6607876952172842,0.6291658676388906,0.5149314944854014,0.5732399602870135,0.4021747012036126,0.3827242540525318,0.4864460378621897,0.5709993475723674,1.0,0.4870938396646456,0.5013161197420266,0.4720738921573357,0.47929316165311536,0.5283606730856389,0.5847235316201895,0.530081973870994,0.4106335597944468,0.6017961404362498,0.4427297124507019
arc_pair_683742,0.4650279538330719,0.3964033953942465,0.5015199814065957,0.5911222709660668,0.5140598458438165,0.4743819146612702,0.4920277154456074,0.4569618601900548,0.43499295475169664,0.16906380934612095,0.5457165475093757,0.5605827463046196,0.48601591187715854,0.3591583037277223,0.551409041441189,0.5440379761862909,0.46956259557141194,0.40773827999842255,0.5544325816414265,0.4955730079347876,0.5696433358789927,0.6128340321471437,0.47298302746956983,0.4210758371366869,0.6771818721352192,0.522133878444971,0.6198375606477804,0.46597318236284385,0.5464464445456112,0.5153697780034155,0.5579746941863305,0.4412208060826986,0.3593739503543458,0.4857224294865304,0.41923184406572683,0.5201338479271498,0.5618716888751183,0.4129629859287656,0.46282014238962493,0.4609693887308291,0.4804484045064008,0.5073618710365927,0.3883804237405619,0.42647341057016364,0.5784391486558156,0.5886255570164838,0.5582779449345333,0.6256659978008896,0.43671256125730695,0.5027768946170964,0.5182647792162797,0.5158134399173105,0.4229731907155078,0.6079925914967542,0.5102752204347478,0.5140171638184579,0.4587983363907969,0.6106924286022112,0.5984500101455965,0.42709364475763595,0.5534291601968013,0.35668418555655046,0.5031358018461672,0.48765521481936147,0.5886531396594202,0.5674303461076966,0.5284596855511108,0.5447067666264962,0.38054392841898843,0.5716251284975412,0.5002817199050736,0.5246261567028838,0.32795904832968575,0.5434851874237078,0.45184205260168675,0.5323852453410027,0.5906423974639329,0.41586882635969596,0.5468560479794637,0.4597932726180314,0.6318408271389225,0.5639142532080922,0.4472866579668877,0.6253545020101248,0.5684146099098673,0.5423391458727139,0.5921930341788012,0.5020868071219011,0.5247492402417919,0.5647484810801526,0.5213735346247459,0.5402857786256362,0.5117145210873308,0.31053605683182584,0.5250928098768253,0.5761080819359595,0.6027070796028764,0.5705668389168514,0.32954704934269163,0.5009360478042091,0.5224185801666676,0.36477559044365926,0.5542225917599498,0.6200566377110105,0.3463718779672702,0.4975051418748506,0.6162888317003667,0.6078950636249456,0.4805768445507912,0.5325132425567027,0.5687884934863465,0.4956448585672211,0.4731503091977453,0.46500022651951994,0.5647981899706838,0.4388513401398351,0.6032106229000144,0.5318542190217056,0.5299772561262213,0.5483373709023063,0.5877145691682655,0.6201126342501264,0.4514253378553703,0.4047978535493774,0.4024193292360906,0.5751565630381112,0.47295898147239296,0.5879578118206246,0.43898257786608924,0.44905200414326235,0.6216557338716042,0.5010943484352948,0.49084284198046135,0.4483692019394458,0.5868907533538935,0.6235566173180035,0.43454417869798323,0.5853006557755802,0.49655450812951824,0.3091237634449252,0.48757703792208046,0.5254431299489348,0.4870938396646456,1.0,0.3963571292333523,0.46408979136332706,0.5357952471493023,0.53817001119947,0.46447484507576947,0.550542775184698,0.33765336054805545,0.5140570591608853,0.5199079911381722
arc_pair_355128,0.4563093066852912,0.5226501393315502,0.4456429801651891,0.43291227183364783,0.49448636497287235,0.3777693479713239,0.4390638933155351,0.38932216522686647,0.47992710314551756,0.24875823671970582,0.4645842597570532,0.4617232030838895,0.38654650570739907,0.3849910506377199,0.39779586671557426,0.39048220697519254,0.4808614961415098,0.39262251675276677,0.467816587828209,0.5704179189648614,0.3766296601978527,0.5379379577692494,0.3450167963249633,0.5485018164167659,0.4714342309271553,0.528540163607184,0.505653905147983,0.5272141497553352,0.4349155217030367,0.4370306603340221,0.49769841608723153,0.36415275286658694,0.44302392133311785,0.47405771696623916,0.46987842255868295,0.5567898645815196,0.47060165272928894,0.4751806798863093,0.47320757901645105,0.36594127161278467,0.3907662512222322,0.444882480703953,0.4134503679698634,0.42314168582179584,0.483814370530135,0.4509280138371707,0.5123599666998003,0.4968253208380923,0.5007796095900903,0.47898549267157636,0.4233347545660396,0.4165931116293414,0.5601667389988116,0.4455752340474982,0.5773717391868981,0.44968529374792593,0.4336351627520882,0.5261096592915323,0.48719128962632624,0.3785390725600783,0.463016225698082,0.35408371379951237,0.5996044596870943,0.387871945396104,0.4240106077415759,0.4723031130273225,0.6114140766897009,0.6352141344879841,0.4519573621755905,0.47348199831352705,0.3998484215711621,0.4409810568245718,0.3631495750201764,0.5204777903359978,0.366337162405067,0.5025645817860274,0.5199247042327315,0.29419411613200463,0.49400571380538405,0.38865941944800375,0.5017441072895474,0.6053849614491911,0.5159556138596393,0.45658330419571275,0.43064272522514513,0.5030513659733243,0.4537302202407509,0.37398017228031255,0.48041647625172873,0.514557358940657,0.4444646198280161,0.44855004293905726,0.5381338313754005,0.3887890899064991,0.45795127956314285,0.4792455826007369,0.4592261483397758,0.46848743444830093,0.4037122493805395,0.41638447890651503,0.44959714639360726,0.30354063575776213,0.47455390293837607,0.5201082372568764,0.4799933090893289,0.42110618760374424,0.43659630351234646,0.5296702111913075,0.36000086913481866,0.5202526911192535,0.46773269597793077,0.4726500339499715,0.4982142329325236,0.36048628159329665,0.42531573298385184,0.42357662677471253,0.5555325315060451,0.4116596048309137,0.4086030756450677,0.43848067467202817,0.4322340304995331,0.47858684176718275,0.46107057355514824,0.5691215277493689,0.45523811984706536,0.46037460922726753,0.5380925740119501,0.5293877616559309,0.48806547232685277,0.45972834443366106,0.4406028825322896,0.45321357468813267,0.5642566515584334,0.4773163058923137,0.635375580376307,0.5035007481001832,0.46563232351031897,0.5751018145737944,0.36794148445473185,0.39552260921205085,0.475858257196226,0.579544941707359,0.5013161197420266,0.3963571292333523,1.0,0.4533933590860384,0.4129837467335359,0.4376247059006171,0.5632138287264966,0.4127853082488613,0.445499310576007,0.494790223617223,0.4005025477762632
arc_pair_327885,0.5119597794265333,0.44011346021841863,0.5467618198125023,0.5976238826769457,0.6358891031002002,0.575402285000187,0.46643767590586016,0.5054054170959632,0.5004109550400553,0.14224241077241956,0.5759270847703776,0.6077809104929397,0.4851896559789311,0.33204220854358973,0.5420957427162909,0.5331811510058115,0.6305831830006187,0.4793158527693065,0.5427770123242919,0.5068483007874959,0.4403347739392745,0.6173315171002166,0.366927651121436,0.4033831311243439,0.6009754671395658,0.56304849224172,0.599987124498224,0.5097475368132343,0.551996283192788,0.548944018767604,0.6191400995085463,0.47482117158068865,0.33781786378495066,0.5205754069663262,0.4375548390570394,0.5228362295055735,0.6562711337442305,0.5061834580229372,0.5363011490258572,0.4647602021469289,0.4651080388489761,0.492199345928027,0.37354790494369733,0.4994985795854205,0.5939265883771961,0.5897254287980929,0.6073650969536232,0.6744174077715427,0.45286328953448235,0.4984883021540076,0.5085605492615897,0.557976957048853,0.48014063867698414,0.5973391329668538,0.5624867214449911,0.5042762278686789,0.5413191409487116,0.758054333907369,0.5925886702144676,0.49300225649682994,0.6764840047543166,0.40820084458000466,0.548384692500257,0.5589665639553991,0.5520578683915339,0.5882712947131329,0.5288395064602965,0.5131430378638032,0.3829809829293244,0.6334437079674867,0.5201924182052526,0.6237894464410453,0.346826873099693,0.5951355766665426,0.43522445311635954,0.605017212466587,0.705750478353102,0.43045231328287076,0.6604749430367286,0.4346483647553571,0.666723838697111,0.6249722776680601,0.5336493964051994,0.6342868268236896,0.5853785472799536,0.6041918485508161,0.6635099278214454,0.4934779972973362,0.5554229431456297,0.5130250643079566,0.5056242653059754,0.511752334188725,0.6402331211734702,0.3955924618987753,0.6500187218540162,0.6325716435146235,0.6314241674676515,0.6669270806840649,0.346617822380501,0.5726611592200419,0.5553725644890247,0.3676491463177497,0.6219457119757323,0.6410165179248737,0.3044101378595456,0.4849841945076772,0.6323323540706178,0.5867092315506827,0.4106691925429832,0.5855681024457151,0.6135552332400809,0.5666220210939186,0.50714172629134,0.47504216960449464,0.5426291675262074,0.5438153421882824,0.6121368879340006,0.49212455909725156,0.4990053266326519,0.5336600403189863,0.641857785822161,0.684521896184194,0.5165807643569934,0.43812756453467755,0.4601250860835163,0.6580261125494768,0.6594718571106498,0.6323444553436275,0.49697018194083664,0.480909819060792,0.6304875630572583,0.528462261495885,0.4944700772949613,0.5553215722098626,0.5878141673036889,0.6224626611560016,0.453650357120468,0.6198946765798399,0.49208681681090105,0.28984531177745515,0.6461153270617155,0.7059724805081592,0.4720738921573357,0.46408979136332706,0.4533933590860384,1.0,0.5321640185082506,0.5703964657042376,0.48882178730898623,0.5370076350592098,0.4378212746806592,0.6831907236917556,0.4524961651690605
arc_pair_539838,0.599685655793751,0.3907024694615191,0.709628392850125,0.7027525846355208,0.5447286603940712,0.4673828004129224,0.652189401976928,0.5376741066890292,0.4041814817580789,0.15154886979425272,0.747603257547479,0.6759459980361228,0.4835056743236811,0.3595871360731468,0.7490500884674577,0.685625975596193,0.4603516754526404,0.4373528616775665,0.5869335122111591,0.6262434648860064,0.43023418100060873,0.5740102686742672,0.38504228971588894,0.39332145428178084,0.717022540419143,0.495440276336588,0.6631006351581715,0.5263480435781052,0.5728046751301656,0.769284209854831,0.5268445989821949,0.7520782623176447,0.3531716142895121,0.4983720299017565,0.4012418422911559,0.5358829365713482,0.5377326490849261,0.46396909800935104,0.4621859040545067,0.46471203142887957,0.4948000319021349,0.559810315483442,0.30982210792647263,0.4059824066219914,0.5358355492438241,0.7883168144678453,0.5246597338227572,0.618692910525278,0.40843667197878686,0.5570819687345289,0.7474919786727525,0.7975906037509934,0.4368849501250318,0.5346674927521526,0.5356042659173343,0.5889481226638721,0.5042024305603428,0.6170930349367183,0.7216596906915046,0.4458838243880816,0.6614396940825391,0.32989760475113133,0.5067913253070803,0.5113041465864684,0.5810847872629028,0.5648236559078094,0.5216929355759288,0.5126201691124863,0.3967547045014597,0.6631528295876004,0.43029254432546643,0.5375738697389916,0.3990144937563119,0.5521880582840084,0.4831194190891781,0.5040444019295457,0.6262041106297968,0.39620682599582413,0.6426072676082496,0.43284882767256133,0.650269238500752,0.5546486241873944,0.48666425148766,0.6088956917210445,0.5589512006356651,0.6429286969206598,0.6188340026749275,0.4100059925198154,0.5553893018591823,0.5517880493199256,0.6531428810647777,0.4288564802553659,0.5842669044573051,0.3853950403378052,0.5018125669457615,0.644794657679821,0.6328582139805029,0.631123226846139,0.3161055089999047,0.7168139671966929,0.5977815646741874,0.3114338483181589,0.6825378105337535,0.6190238269147027,0.24978955853767598,0.48544766421334407,0.6129445823617183,0.6392379824396751,0.7306675275436365,0.5204826108048756,0.5003688284714775,0.6989928378371504,0.4355849518308531,0.46029778445757485,0.5475287577397201,0.5611777002018344,0.5733540158172824,0.6189691885085202,0.5701250269827314,0.5985145245370311,0.5331212987662228,0.7312563383185069,0.5280218306540726,0.41267878916813644,0.46149700748013445,0.6482125455959502,0.5988536485271574,0.5702164600699545,0.4862322708565931,0.4643358221428834,0.5634005544094798,0.5098288350432363,0.4907750345591742,0.546541236096273,0.5447347050991121,0.6343153988275274,0.4362216565990286,0.6663408350816526,0.4214457693135164,0.23458608627721528,0.5479651058420539,0.6078145270159101,0.47929316165311536,0.5357952471493023,0.4129837467335359,0.5321640185082506,1.0,0.7511738919404276,0.46148453674195333,0.6609972453935157,0.3616362240704985,0.5512334353268765,0.7504392645796895
arc_pair_480760,0.5474546025215155,0.4224581157094295,0.7532855384228365,0.721079651826418,0.6284117906514215,0.5782570471143401,0.6859915793633478,0.5944797410820627,0.45691157180661396,0.1698670103104089,0.7699568182937885,0.6751851926892963,0.5879239298066828,0.3690235789845881,0.8370839601123659,0.7592205034712894,0.5183663626262448,0.4609356647275074,0.6565084152994205,0.6306133688211674,0.518737149841547,0.626832644158194,0.4061639673221754,0.4273889816534591,0.6930544263130668,0.5420686984329229,0.7176811504251589,0.5411686578617496,0.617196118973108,0.7904197893660356,0.6203865230060327,0.7237564179531689,0.35040037617958536,0.5376900900372253,0.4677959545951682,0.5500179315729412,0.5449202874927987,0.5014804074444895,0.5340521649287657,0.47301654559697653,0.5241879997846002,0.5608554393828012,0.3225961199199093,0.44063713336932653,0.5656343365860513,0.8437682053391169,0.5393694678313483,0.7140020435303285,0.457828219997343,0.5391335708986097,0.7878050002869647,0.8186198027271124,0.43300302671269036,0.6310877114354437,0.5361433687584314,0.6626752159077252,0.5555873455585888,0.671591768293845,0.7475980405949078,0.48004790592274044,0.7078182032934145,0.4015362746857645,0.5313892142236054,0.5625594765424301,0.6269536821029863,0.617070975992276,0.5362033176745726,0.5407732138997994,0.3911749756516741,0.6608673889646562,0.48422230941095024,0.5882269321984144,0.35669524274622705,0.58014952578356,0.4812229976513805,0.5781860050298449,0.7345858527561755,0.43215597093425173,0.712223563788466,0.49323149904700203,0.7551587204161947,0.5838123626420053,0.5263695258185767,0.6725640841514661,0.594683518068487,0.5897445349917806,0.6764223799042944,0.4960847972029865,0.547965313647279,0.5474928500484046,0.6837330357024843,0.4828717775317719,0.620354538971738,0.4768194366158093,0.5921859420223416,0.6941912282872572,0.6785632773000558,0.7435151011288683,0.34718971523505093,0.824332503049619,0.6122476010709293,0.3697315516548053,0.8353482459770187,0.703613871279176,0.3024588390035485,0.5289512294396503,0.6664302676495215,0.6643521931506885,0.6712534455772476,0.6071748241108398,0.615891679576537,0.7263376288110496,0.4849505115270862,0.4563875888481182,0.5928550708045983,0.6274551011596591,0.6204876847632645,0.6840914773662379,0.6550547926742788,0.7066364446954222,0.6548191456289071,0.7175121445163807,0.5361756294959993,0.4226289532001982,0.45377866119920834,0.671004177696778,0.6220217484524674,0.6252630715706329,0.5493535891907249,0.49422697229930895,0.6269840401019596,0.564960670187159,0.5197313929500129,0.5637071730035889,0.6016608936169885,0.7143380977231665,0.4653047034218373,0.6908456214469155,0.4198464555814898,0.2708216684596518,0.6213821247582628,0.6967126105197876,0.5283606730856389,0.53817001119947,0.4376247059006171,0.5703964657042376,0.7511738919404276,1.0,0.5273269228877482,0.7694957115780474,0.34680111210590525,0.6185142060351119,0.6561471030733297
arc_pair_642267,0.5257219883295811,0.5463880973060274,0.5348414883865339,0.5304067091789807,0.5590270228684209,0.4534447199001201,0.47790262722687704,0.45899973318215975,0.5612388735959335,0.30232193271024355,0.5075178897669856,0.5206661316362271,0.44822708518627896,0.4727461525339072,0.45602208659538546,0.4606389257148256,0.527764659389691,0.428295687611221,0.5634266923033797,0.6035779487379916,0.4595991808840617,0.6493762516977726,0.38898468247027224,0.6225747198954863,0.55913263610698,0.5727152836004179,0.5540486807825137,0.4995356262357454,0.4947253815313385,0.544410109054281,0.5987333559270723,0.40667096008322257,0.43556729904894165,0.5286995324899281,0.6151634030159998,0.5925823747484045,0.5365362833029894,0.522824407848004,0.5289646614362714,0.4306023866508368,0.42296177376968197,0.4580005874513771,0.4512349679528878,0.4223028982588388,0.5322475127505368,0.5422167415135284,0.5791906988432859,0.5537303692723174,0.5705457204587209,0.5458883699031928,0.49684997678261034,0.49591041866601576,0.6254930949982428,0.5065789575463181,0.6903047339535358,0.5296370890776471,0.481211516162135,0.5846788551232593,0.5001642279485536,0.4593740072826191,0.5275269718762583,0.41023515387645365,0.6733179777387903,0.46614795910583073,0.507749530205063,0.5835924934670239,0.6511282319875714,0.6893620511139008,0.5492145242535448,0.5391474754960469,0.4962399544984318,0.5028748779199734,0.3969986805931838,0.5999337924109864,0.42443769423109995,0.5895219204507816,0.6254224825338855,0.376585324152749,0.49112134208417985,0.39921165581927004,0.5854825801639808,0.6474867908822344,0.551280033624012,0.4961754156722725,0.510010635744893,0.5468862168267942,0.5197629588712809,0.43551157845459765,0.5023170562608422,0.562199404324335,0.4925454481124058,0.48361957967485664,0.5906803698106049,0.4176677089334451,0.5377343418062575,0.49739609370089355,0.5099794579931107,0.5435694740493836,0.4872848189860494,0.4885578200500902,0.46111834201369184,0.3802983111505901,0.5440865191331978,0.6230605895058103,0.44011673895169784,0.44768565837861396,0.49201439629637017,0.5821337166967785,0.3978468592655809,0.5919965113473922,0.5550674831794377,0.5632899393261533,0.5866190205200507,0.39776665237507336,0.4655248137763983,0.46691411544141304,0.6280113948429583,0.4591302065183199,0.4244176013209088,0.5352183890875172,0.5005544377954945,0.5349556658868576,0.48143993990235107,0.5382794020882818,0.515695350547921,0.5345717594488502,0.5446509060114796,0.501702116716384,0.5137433197708179,0.46700037203841976,0.5240015018883499,0.5042062840305195,0.6315444377339952,0.4950892971429111,0.668041258973157,0.5843878184638841,0.5976432463063066,0.635053388195284,0.45415629484794356,0.4101477230050815,0.5043735661147454,0.6088339910336714,0.5847235316201895,0.46447484507576947,0.5632138287264966,0.48882178730898623,0.46148453674195333,0.5273269228877482,1.0,0.5085154255937934,0.46535401328165676,0.5860734449540211,0.4091349458036408
arc_pair_382131,0.5251835668157984,0.3973506913843182,0.7223035046783156,0.6663518148912806,0.6325628988681623,0.5742240804017084,0.6789682629224425,0.560870391416972,0.5023395034094994,0.14937315622340405,0.7176914208469173,0.7045710635505322,0.5862802249478027,0.34537473630985494,0.6707387672908669,0.7610053133262866,0.5289302778415146,0.46890234439166384,0.712915955894563,0.5698859213098945,0.5720700625993353,0.6535464807728248,0.42273913849785466,0.4018318697674613,0.7285223614909926,0.5345492279820757,0.6254511042266011,0.5147352029973394,0.6628410331500991,0.7554342402640335,0.6347941261750175,0.5597722501122078,0.30394924786966293,0.5849197782666226,0.4627612730117059,0.5231307402152284,0.5361286003434937,0.4823213200217577,0.5210958987098786,0.5374129143831478,0.5344874179300184,0.5783836936251735,0.3369195294803018,0.47823007059035966,0.5695059173543896,0.7729126936143363,0.5613953668268877,0.7124147274418536,0.4844746266589305,0.5267310623265945,0.7328767044703561,0.7447068299609746,0.4271684981285603,0.6823731280328609,0.5400020012691651,0.6311949826082592,0.5593308173813665,0.6939670137594997,0.7062411551629832,0.52228707559109,0.7542447022214127,0.43143767491639456,0.529144824446897,0.6335863596910513,0.7135121965338479,0.6407295632339277,0.5420646540343386,0.5085639348709349,0.3946031230729213,0.6671274711046191,0.5376270562943761,0.6780329142380025,0.35896496698239544,0.5693426051365137,0.4983020435009515,0.6145382095841209,0.7037033503926989,0.4165517497681819,0.6300617626492309,0.4467249056749683,0.7325403869918273,0.5960581384559602,0.5646306006930425,0.7395093477310778,0.6249789808502085,0.59537777604299,0.719483301653713,0.5188074149356346,0.51511099212502,0.5440352793136647,0.6726505077101812,0.5061152071823886,0.5620992169409846,0.40774743406481,0.5459791599341395,0.7133993078990133,0.6523931321985947,0.7220708956255147,0.39545355255998094,0.6837997249557797,0.5654636949335422,0.4277474692736191,0.7993428922093271,0.7152987112928606,0.3010826429223543,0.5412410624407966,0.6655569277071538,0.616206963422396,0.657382998292962,0.6202294341405119,0.6313137949148305,0.7410093642217459,0.4805389216064898,0.4534352626485557,0.6323406968199344,0.6373804109537516,0.6244255802301726,0.7491174829675901,0.7083327533604871,0.6389466405067001,0.6971839702242142,0.7336604938830225,0.5024332127466745,0.4178735811212806,0.45965562664768483,0.6210586178645204,0.6525528477903157,0.5985299592587553,0.5720399412654577,0.49813589122360463,0.6847666003717162,0.5108889196812261,0.46104085420642643,0.6080427362254598,0.6215066429722579,0.7720696634379891,0.516071524424532,0.658081070075004,0.431043573778193,0.2767798064922508,0.5629327871139193,0.6386513234008689,0.530081973870994,0.550542775184698,0.4127853082488613,0.5370076350592098,0.6609972453935157,0.7694957115780474,0.5085154255937934,1.0,0.35705801929667863,0.6388670457816811,0.5835629156527985
arc_pair_619761,0.4028816556210945,0.45869505056673454,0.36802497373255005,0.3965471300600907,0.41844750455769786,0.33461278521966603,0.3447414428599621,0.33949466745233997,0.4575753914883442,0.2364289708728752,0.40050572069616874,0.39332831175021904,0.3127915410471128,0.29690390587255683,0.3299848893580204,0.3249331713562885,0.4183524692499098,0.3294460175776644,0.3991991379259794,0.4981144033931701,0.32799978646048333,0.4720217759542629,0.2723778213068814,0.4831180561433807,0.42802224160296193,0.44044021092206337,0.44655314229516196,0.4745101333621315,0.3639687413680169,0.35532799227056827,0.4735943802124684,0.32684781059390355,0.3969950027529213,0.44086849463009664,0.4044728618252375,0.503671727536486,0.4593743957654281,0.3917592969907632,0.47013577237991444,0.3364517283204525,0.347944338510827,0.33511899654421906,0.30448548994666924,0.4500835122068557,0.41519491197443076,0.38632753531286385,0.5348405730721024,0.4397789206672528,0.4638576776304399,0.3739281596449569,0.3256557334181344,0.35523886020174905,0.48510459846292797,0.3639732981278311,0.5357568887169031,0.39729908988376644,0.3795012577137195,0.48637020160890787,0.4032962035669595,0.31538287572624196,0.40659331653452885,0.27919139363233914,0.522310673836887,0.3532469342506,0.3464941128616655,0.48822609462387284,0.5266642127880448,0.5153628982770524,0.38893380543267553,0.4249697516276976,0.3607650880618473,0.43601066156533225,0.2983260352943102,0.47305325423893174,0.3732302876270262,0.4184082659139263,0.4840480970612832,0.2738146208133585,0.4378998186966044,0.3220783921531269,0.44475007563731606,0.4994096803002919,0.4245674063953613,0.37850274311126275,0.38930572453550283,0.4494970944257948,0.39073873102582524,0.3488087351375954,0.4090039123831542,0.47110407149405803,0.3873251004744828,0.34993778667216136,0.498529227871152,0.3292443621453506,0.4185049079734824,0.4207827425353767,0.39220932513305234,0.40742311145304483,0.3577308788362548,0.34968534865445383,0.3651633275492452,0.24944976299197297,0.404188701291418,0.4659268705995863,0.342211881927611,0.4017646247555636,0.3918944754629577,0.4532659741361802,0.2996292152965446,0.5083150262982561,0.40813077078146714,0.3773073379095596,0.4044924725753423,0.3107931478546917,0.38608588124200777,0.31670075024177585,0.5123448910339097,0.3348132678813231,0.3305862130368762,0.3664304114404744,0.3938132320266814,0.4240369304962385,0.4087051582293802,0.3943945422029593,0.38908683911277286,0.41940586109307354,0.42437025950331364,0.4384810944502691,0.40961420130865583,0.3829353584386122,0.3860364710477371,0.3914788508386697,0.474844834673732,0.4567043669144458,0.5871122377083426,0.4230521169674079,0.478858156725442,0.5178589497394197,0.34300902478977074,0.4054522065663841,0.39641943884455105,0.4713510918059834,0.4106335597944468,0.33765336054805545,0.445499310576007,0.4378212746806592,0.3616362240704985,0.34680111210590525,0.46535401328165676,0.35705801929667863,1.0,0.44110745855825484,0.36197726415636094
arc_pair_553435,0.6222746368058228,0.5281976460856985,0.6144116322520834,0.6468069814485081,0.7097786105506706,0.5711469958360135,0.5090202328006431,0.5247068905320682,0.6532702485558871,0.2022229945933505,0.5960858994919638,0.655344585722548,0.5515147867007397,0.37179237122348163,0.5492697604369571,0.6025706714490482,0.6873800637731025,0.4640648922018158,0.6690756152566603,0.5821287904203681,0.5380983145875187,0.7457362537115371,0.41076173519687476,0.5059109271233261,0.6815604308989441,0.6460202803776728,0.6953257280598066,0.5651831018493443,0.6287894165532569,0.6069518509115233,0.6973610290765964,0.5147068773889564,0.4172182660375789,0.5888282025437976,0.5197557268940527,0.6276184628910789,0.637245196763384,0.5728440341010284,0.5897924786983301,0.511058330105571,0.5509143627117837,0.5117005189472548,0.43939972890902007,0.5129569182397656,0.6436313477659812,0.6499051076390043,0.6547364688676262,0.736742817105703,0.6172490447122362,0.5916513887110445,0.6134026699104085,0.5893221973662317,0.5489869578060613,0.631213174883804,0.6555372186481714,0.527623768617968,0.564586948496679,0.7885775156064951,0.6281841407185942,0.5572640041780363,0.6859225089997977,0.478655170450944,0.6440904960596843,0.629161171210378,0.6586912188711372,0.6460199968255913,0.642208430084885,0.6230418341946611,0.49413029745953324,0.6841907991247154,0.5614417131643482,0.6869372950540458,0.4191295695291946,0.6921737124988502,0.4681744663777694,0.7045014555030443,0.8375958129755743,0.4551607329337638,0.6500495890969109,0.506686576278411,0.7732056977589894,0.6938886559726041,0.6153307819654023,0.6466079549478397,0.6084024943522568,0.6527368368055975,0.6882239519839725,0.540428637467812,0.5983974295973913,0.6071307259700939,0.5341834334815339,0.5731722365404835,0.6862562236987969,0.5035700355758811,0.6790311446066151,0.6926029745775626,0.6925955837114992,0.6939784402926199,0.4465972855962824,0.6210079378142931,0.5811615666487463,0.4598679809193717,0.67034097314491,0.7448585091275196,0.3791253972683993,0.48855746436855185,0.6707302426301035,0.630776005490801,0.46412614100642496,0.7020804301157314,0.6793785146499205,0.6581187219907734,0.6062693551943424,0.5103343132357056,0.5842897266673659,0.5624768555345665,0.7357808328539562,0.5522682871046332,0.5582968720205395,0.6302412052570194,0.7007533075084387,0.6833338501285103,0.5296257072042644,0.5577966829543893,0.5561883540517242,0.7114066899397421,0.6995848534965283,0.6722717822508308,0.5600941702891569,0.48437200779456807,0.6698631145768789,0.6010472988369184,0.5700889147889535,0.589109025317948,0.6883082810300256,0.7376384159212023,0.542458264134647,0.656216884342746,0.48009606510683894,0.36567502258697376,0.6193804022310633,0.7084553986538832,0.6017961404362498,0.5140570591608853,0.494790223617223,0.6831907236917556,0.5512334353268765,0.6185142060351119,0.5860734449540211,0.6388670457816811,0.44110745855825484,1.0,0.47181027184755625
arc_pair_723396,0.4834480220145207,0.38656291227257056,0.6037485188498917,0.7277897250002723,0.46568704621371243,0.41769275867923916,0.6172000820630441,0.4009951903181854,0.41675721677814037,0.15388064948100086,0.7468226821892415,0.5793287461158015,0.3910023194550232,0.29238053037675543,0.65630413612039,0.5984294857549447,0.4669147676531195,0.4134720792575321,0.5006342358801082,0.5814576042440398,0.4343808500712183,0.5225734568176289,0.3504030467641301,0.3751265829417097,0.6386390983967585,0.46012192901523624,0.6318485351698578,0.6003200145873059,0.5120681209914966,0.6600722497585084,0.48282573482036695,0.6681497406481114,0.33663775755632347,0.4842828193316656,0.3089131945349584,0.5214987629093548,0.5179167793523658,0.4403344591580473,0.4248525863824904,0.4110522756634901,0.44211771886949675,0.4886124633336098,0.29898869095489405,0.41032968666875136,0.5465956878294304,0.6687174553734785,0.48239897301523194,0.5237823950159944,0.3545634429915833,0.4868340072815993,0.5999807528529427,0.6605108304121394,0.401703855968651,0.4861538751351714,0.4726856977872225,0.5105961090006499,0.4378316965446195,0.5766806745640813,0.6416281526605171,0.39314471975405096,0.5946114397642744,0.3315911446988055,0.4532772144909547,0.44162532804383725,0.4968262395262953,0.5108777561599956,0.4678665378100141,0.4881507867238929,0.33104482236487687,0.570671859132392,0.37715044619732996,0.49348740582144845,0.285962149532454,0.4697969536370171,0.47883227124687794,0.44580917538292514,0.5366784519145718,0.3365253137712775,0.5814945931503628,0.39184251947101034,0.564900708177231,0.5319644564270434,0.44995572996473626,0.5506438083030403,0.4976521838008482,0.5690433468517654,0.540729416682164,0.4057474588494015,0.5244594104275828,0.5003600527589839,0.6939497669096398,0.3676024413130198,0.4882257074610464,0.3684266018018295,0.4389424313569833,0.5688237318148619,0.5156001091062717,0.5329810864393985,0.2882027841368146,0.5948920244095149,0.49784793034889374,0.2638380365796937,0.6081173022102966,0.5333107085738467,0.2385520598961186,0.47559634903297826,0.5430738465675238,0.5669715017242469,0.6810619319332929,0.46516456444905596,0.4745248718870588,0.618640150571999,0.41225576326131436,0.4063125303508546,0.4933206902979396,0.4462553533776262,0.5510328125917086,0.5612930550959807,0.5323136047719247,0.49071523758793245,0.4706067319119284,0.6726015091043541,0.5618422615850632,0.39380455345074844,0.401571188275265,0.5492788228090483,0.5024243735295301,0.5875423633824348,0.43543132805664897,0.4097027513489204,0.49893382216581256,0.4563258951970643,0.43112925193482776,0.4757726207061124,0.5692332549094432,0.5595789853433565,0.38662002155727526,0.6295759911645257,0.36979515753333314,0.26491369865502956,0.4901990283436783,0.5151308903098809,0.4427297124507019,0.5199079911381722,0.4005025477762632,0.4524961651690605,0.7504392645796895,0.6561471030733297,0.4091349458036408,0.5835629156527985,0.36197726415636094,0.47181027184755625,1.0
