,arc_pair_221519,arc_pair_161493,arc_pair_48468,arc_pair_684529,arc_pair_206257,arc_pair_249616,arc_pair_337111,arc_pair_290847,arc_pair_726656,arc_pair_447717,arc_pair_218228,arc_pair_307657,arc_pair_48188,arc_pair_147702,arc_pair_169201,arc_pair_694660,arc_pair_25587,arc_pair_542791,arc_pair_682126,arc_pair_402982,arc_pair_578116,arc_pair_307953,arc_pair_313438,arc_pair_203062,arc_pair_197122,arc_pair_27742,arc_pair_255622,arc_pair_139628,arc_pair_58054,arc_pair_557730,arc_pair_610128,arc_pair_283483,arc_pair_370771,arc_pair_522221,arc_pair_624573,arc_pair_144158,arc_pair_257950,arc_pair_115275,arc_pair_593564,arc_pair_708260,arc_pair_496804,arc_pair_247784,arc_pair_230744,arc_pair_364083,arc_pair_511862,arc_pair_649551,arc_pair_489657,arc_pair_270697,arc_pair_446116,arc_pair_148500,arc_pair_90669,arc_pair_656372,arc_pair_664080,arc_pair_257072,arc_pair_261455,arc_pair_547258,arc_pair_67750,arc_pair_720681,arc_pair_347280,arc_pair_588558,arc_pair_594469,arc_pair_649403,arc_pair_599471,arc_pair_718797,arc_pair_695283,arc_pair_516918,arc_pair_724174,arc_pair_260376,arc_pair_551617,arc_pair_358495,arc_pair_450035,arc_pair_64470,arc_pair_665109,arc_pair_726873,arc_pair_461800,arc_pair_156269,arc_pair_269928,arc_pair_242245,arc_pair_384979,arc_pair_51712,arc_pair_595373,arc_pair_295568,arc_pair_142660,arc_pair_495861,arc_pair_167650,arc_pair_82729,arc_pair_169398,arc_pair_435729,arc_pair_653762,arc_pair_644674,arc_pair_365022,arc_pair_716732,arc_pair_692544,arc_pair_134659,arc_pair_639703,arc_pair_632661,arc_pair_566053,arc_pair_129381,arc_pair_271027,arc_pair_493828,arc_pair_336359,arc_pair_621082,arc_pair_731860,arc_pair_323321,arc_pair_462000,arc_pair_43532,arc_pair_131562,arc_pair_119264,arc_pair_625567,arc_pair_16513,arc_pair_101269,arc_pair_176092,arc_pair_523521,arc_pair_551110,arc_pair_521750,arc_pair_166773,arc_pair_532740,arc_pair_700005,arc_pair_474346,arc_pair_460240,arc_pair_594335,arc_pair_24655,arc_pair_278581,arc_pair_75573,arc_pair_641885,arc_pair_292663,arc_pair_39421,arc_pair_703887,arc_pair_22407,arc_pair_717256,arc_pair_89302,arc_pair_714315,arc_pair_464015,arc_pair_674772,arc_pair_280409,arc_pair_388971,arc_pair_674359,arc_pair_172674,arc_pair_217721,arc_pair_649523,arc_pair_492710,arc_pair_297765,arc_pair_208250,arc_pair_713999,arc_pair_564013,arc_pair_672184,arc_pair_649903,arc_pair_729575,arc_pair_642267,arc_pair_149569,arc_pair_281486,arc_pair_27275,arc_pair_723396
arc_pair_221519,1.0,0.4064336298533879,0.2796312878996651,0.4338040641248973,0.4427607549589212,0.3212128682311898,0.4526384214754804,0.39793408997010243,0.325569308034656,0.30387179737032594,0.298901835451525,0.38844504744225966,0.29643435206113894,0.3765205396132476,0.34563079614995235,0.45026928206382566,0.4556214826445796,0.3792113815867417,0.3538782238491057,0.36005577850350035,0.4165837276509363,0.4667291068480517,0.35194573471067114,0.4082093420911806,0.36198107012991554,0.4335725969378823,0.4361381924518255,0.39081431729198574,0.29381650927392006,0.47116619625830575,0.35807962460824744,0.4356025518470437,0.2644433294687043,0.46760965883379213,0.4834002113903948,0.40830728151092266,0.38295895716046935,0.3520260559623698,0.44890323360161277,0.34869628928309504,0.45707484440884893,0.44695745674329723,0.34919333322647284,0.4088663078968741,0.4305482871336868,0.3396036147222989,0.3335245587734075,0.35057857832931666,0.39518753013850927,0.40904202474427165,0.43020635749600955,0.514087067998105,0.3958536216512701,0.4413516700212432,0.3570721222336572,0.38967080330443743,0.3588386061459332,0.4254540137763079,0.4710148590595472,0.4909285730668019,0.40803777770356114,0.4186442867528389,0.37396845680981206,0.25407218432248585,0.45542599100914133,0.4096794449041935,0.45650487565722064,0.30995150498319324,0.4565272546003942,0.32725329060060293,0.47590310973065547,0.44325538722796065,0.14977744128311854,0.3196697259454102,0.26928171443538046,0.3425661402334435,0.40892916136443114,0.40560572865889216,0.45663067682139397,0.37649543677257424,0.36092718045594957,0.3617036060422001,0.34838285493796667,0.3968741120368267,0.3870426221395077,0.3185711145130487,0.4178512235088176,0.43479498263398797,0.43052122391462305,0.45519560241500484,0.513845015731336,0.3778596485590337,0.30689357602398426,0.26938990301509086,0.3290529046426169,0.3973522616029198,0.4824872054669254,0.3289272773980641,0.42124233916320075,0.45192316208222155,0.4893243442225972,0.4021084755620408,0.40066662132556535,0.3202140180463172,0.45485626221571773,0.4274950666815905,0.28624376415044134,0.4060698103212593,0.4078423410151512,0.4377395030880011,0.4232444486761834,0.35119626124689407,0.4244014688389055,0.46626208472309894,0.4630263999258221,0.3999978424342797,0.46416541980253473,0.41366669223750374,0.3716427359544451,0.386839266957361,0.469615415473436,0.3677972317037424,0.3120916196322995,0.3019608572868935,0.33063990269738674,0.3903088155049375,0.4071760880232796,0.3734646102884024,0.42218108604624327,0.27763768109976017,0.3789135100418328,0.37893227022270776,0.3543585986623517,0.4346893670220322,0.33743760910818865,0.49867965640862205,0.36258227685882094,0.390250574195246,0.29599120092065534,0.3281673053132037,0.27561206276125416,0.2027554830757244,0.33295127014879167,0.43094223324296627,0.4133219170977335,0.2420366173221108,0.44443787287998704,0.35664662167093214,0.35161374807006285,0.4085256973004001,0.4432016080216525,0.3549821224418555,0.3016391864027996
arc_pair_161493,0.4064336298533879,1.0,0.4698583641796554,0.5662571385560791,0.6797771586900729,0.4276096502070765,0.6858472022372282,0.6407634610412368,0.5219189366664575,0.4353289013525092,0.40540436294959153,0.6707657472145048,0.38082973659627073,0.49671060785260734,0.5749831735623814,0.6137616596468206,0.6135371510184753,0.6050687299099432,0.44365198560971464,0.5697025877263155,0.6329121871338094,0.6942700799510624,0.470600588182659,0.6310024966799062,0.6625024678234754,0.6179687923073733,0.6510606499443714,0.5671025381134346,0.48172896936821175,0.6873581275092526,0.5954337700053999,0.6967686454026952,0.36319459775139784,0.7643343149740924,0.6361445116999089,0.6772417693959174,0.7274599248619021,0.5253503298111907,0.7186879014027184,0.5907278079119206,0.7630059061976041,0.5460552385858952,0.5519410018929365,0.5366463777499144,0.6238633942831876,0.5947490925435125,0.6188732620365673,0.6167951134130653,0.6568302589951381,0.5011545211935928,0.5830148083398041,0.729398452409941,0.5809263043588702,0.6721611756900269,0.4127576980946624,0.6869764223265591,0.6168520922183464,0.6589785789930405,0.6744096510373139,0.7806333938928941,0.6213339087708004,0.6114891089278163,0.5265685251189609,0.40010191114863747,0.6835658319741298,0.6522116913231578,0.6283820954906022,0.5156848887279096,0.6191130681221013,0.4709059767397201,0.7208304463320876,0.6808479175529115,0.22512697068763865,0.4983575920039796,0.505272181938038,0.6535502262042717,0.6865828732143692,0.6374366801411568,0.7225741337214062,0.5759242062411006,0.5749595022992432,0.4979169184156354,0.5389560843995158,0.6415649359346,0.643038654549244,0.4816727963078369,0.600094953881761,0.6331201621305855,0.6200518492322104,0.6503007111873383,0.6780329815861861,0.6792570131502151,0.4735183088369768,0.3799107275716464,0.5586331400860882,0.5518178694260666,0.6083190638821072,0.434022763961637,0.6756961678163703,0.7103496053241884,0.6445690987347434,0.592943348434637,0.6242366024601709,0.47750710980570404,0.5827089286376527,0.5504871939689863,0.3381236362971074,0.5450136013126322,0.6271496075157064,0.6554643333405886,0.5960792228822711,0.4813890922646538,0.6084853406390215,0.642101854514488,0.662845846782599,0.5291588567775863,0.5452910759717704,0.5622520154686141,0.7223982502912325,0.6251844816185059,0.6978686092930477,0.5723621619807711,0.44329972566536097,0.49192562931645784,0.5488482819904014,0.6236932511235166,0.5573762390367434,0.6024060484144255,0.564376085088828,0.5182236891526151,0.5705226063801212,0.5585514514667732,0.583953836124277,0.6188498672962822,0.5127361255517988,0.6674236117963079,0.516222377677815,0.6885946165649266,0.5285767756387122,0.5312842039569606,0.44059868511983846,0.33296934657249916,0.4940188080049423,0.6860401405433871,0.6741159410046947,0.3724935920453692,0.6220274078852962,0.6506431084862283,0.5085686881405762,0.6647739943856008,0.6655979776631264,0.5912306442564472,0.5186474092760627
arc_pair_48468,0.2796312878996651,0.4698583641796554,1.0,0.417310332128455,0.4308108443381973,0.3629094817350605,0.4832753977071687,0.4849778358993565,0.5093167170202506,0.49739605021264977,0.3914450351119107,0.39398637080116095,0.422043103513377,0.3583777564095979,0.37343590092832996,0.38708556258548865,0.3958234138478214,0.5231163175510992,0.5481411137896018,0.6153793212695213,0.5262284591715367,0.4400687057563799,0.6268816172053997,0.38121802289180373,0.45147232237988877,0.6214279226335524,0.4556450934659553,0.42630045087980856,0.4849816849966539,0.45812349241628414,0.3896607554461563,0.4805751357093387,0.3325231832879754,0.4234481423657047,0.426785285922908,0.49514382861396455,0.479943531477218,0.47108371970782836,0.4944359725189753,0.379504143005373,0.4635578493596633,0.3742771278093799,0.45583984130311556,0.4078246083322249,0.40191515076018364,0.5044372353205141,0.4625287288391631,0.39778736808958687,0.5395732178810095,0.35745507054448283,0.4641581646713656,0.579249847706307,0.4905227615811973,0.4322296283734649,0.29142026106937124,0.42433310457242535,0.3518076897059453,0.5614024461648726,0.529916206960169,0.46585675136465393,0.5692152913662659,0.4420775365453935,0.39156016498771884,0.4052483849044091,0.5285429241491219,0.4735167130469419,0.43405002241693313,0.4089533002568494,0.5908575509509453,0.49327607077173874,0.6002250212866501,0.4581119123156379,0.3888538994924846,0.42408756815990517,0.48811089156386606,0.4504619467747055,0.5304374398424374,0.397473358956442,0.549492644154386,0.3967967256725761,0.5209888738027164,0.4518738167140658,0.42605929999471354,0.41624663460078654,0.41184002043280865,0.49340837034251817,0.3776304993611407,0.5163328417792089,0.5792224675382348,0.44734895753944814,0.44138983893866635,0.4926222113074025,0.42691960585024813,0.3910571162583514,0.41473477214814813,0.4508461308896806,0.551317333228978,0.37768129209510043,0.45660128056235894,0.48301394186538915,0.47692308222501695,0.6569253032147213,0.5301460377906935,0.44704836668624454,0.4119321171775395,0.38416423785978615,0.4322006704089007,0.41416172948210506,0.4781435917391601,0.42405184694559567,0.4657612239425343,0.3619197325356243,0.3860696072301321,0.5577950503232193,0.4332676195501873,0.48322772282630827,0.412739748646402,0.5195172711284365,0.4933557644855864,0.4595063412856726,0.3805047339652721,0.38202891080219237,0.5427547121720447,0.5241454718431229,0.3538381825665187,0.4532289515735497,0.5496049968239315,0.4015607066048516,0.48762260557500214,0.5718762216362496,0.5517535015369814,0.4174348306126541,0.6332447275357231,0.6357129805006537,0.3258883879179798,0.4341701509136685,0.5016157842463058,0.421345869756372,0.5725346057198061,0.5339867222685792,0.4612009146103588,0.4086463742079648,0.5111459242006158,0.5184850734780028,0.500149014676306,0.3272165315465869,0.43060706433397206,0.41513105710817894,0.5463880973060274,0.4430193207452519,0.4678527789034417,0.34915003403586725,0.38656291227257056
arc_pair_684529,0.4338040641248973,0.5662571385560791,0.417310332128455,1.0,0.6664269436475684,0.4759038326621786,0.5841421443082877,0.5503235248156609,0.48575749836059434,0.4210393714173478,0.36701779816834396,0.5632771727820121,0.3923835041992856,0.47429108966340094,0.5038289597148934,0.6668685176158112,0.6094890094813932,0.4804290957813895,0.4792930656132338,0.5188129543829785,0.5884756572566335,0.6100980998261957,0.45042241401270955,0.6159704328632913,0.5256554875011394,0.5937960310728959,0.6525309788694054,0.6125598391170395,0.43394410610669126,0.6132105504738412,0.5750386206891558,0.5792937854727853,0.33969281915243954,0.6010061381451556,0.7063353724214891,0.6442626496119492,0.5820465826264242,0.48340734798022583,0.6442632049052984,0.47883446648767114,0.6368894637446918,0.5683252491246794,0.5105127629710168,0.48069840723164914,0.6281798939125898,0.48597921947025985,0.5076464819942806,0.5802034329037865,0.5471446088431058,0.5276083744567494,0.5970929254471454,0.6667617067441638,0.5029331855733312,0.6462785646548085,0.48494343957506175,0.5891092212787985,0.5419014007152213,0.5724190130528296,0.6687062032966896,0.641241485650316,0.5855994256982656,0.6481170331450511,0.5426807900122826,0.36230042004919316,0.6532788578323304,0.5858905918200857,0.7249373328682416,0.46069268003406805,0.5914715143833764,0.4695600233081315,0.6475810531373613,0.6337156494986783,0.19911309285984072,0.5358029408792803,0.42686825998716754,0.524445399325848,0.5769203630047529,0.5735137405593259,0.6657027167784155,0.536695481445041,0.5509436469435295,0.5017304694534559,0.5282458275204819,0.6036236109793165,0.5637093508587558,0.40936792954166684,0.6216519973508357,0.6071904185667022,0.6309480152455703,0.6220106432226593,0.7079557151995153,0.5540839568448204,0.6590852060344236,0.28701941575891554,0.5014077226692955,0.5131256493152232,0.5990517385336535,0.409726732891499,0.5775461680724666,0.7010909033866658,0.6445327608750838,0.5729194092427329,0.6003093938213926,0.46648592403269085,0.5932597949755574,0.5404852897977324,0.3967920589804204,0.5420497949213442,0.6180531245348587,0.5075348830825563,0.5788998820106205,0.3846292342711557,0.5673584871800179,0.6360701859865987,0.6289954875397296,0.535385781118834,0.6321042198634255,0.524395334236144,0.5702282942112686,0.5698886509559747,0.6566041284207402,0.4854015768783815,0.4309357395612188,0.44866454683105683,0.5901391417482221,0.5888955393812069,0.5414006115634689,0.5682688068481,0.5356093737736606,0.430698098060035,0.5100152563153015,0.5434891042946592,0.5054892704294675,0.6357108145370798,0.5142441246309942,0.6921693977198935,0.5173193096964456,0.5576353542878438,0.4557914518161217,0.5281530924939464,0.3837732844728151,0.33789919361545834,0.4812932838000073,0.6212584406941406,0.6359836772467687,0.3263993486576572,0.6209318522699446,0.5155552297823781,0.5675737927719747,0.6485760110676402,0.6229173250836448,0.505648913324859,0.46187314391148676
arc_pair_206257,0.4427607549589212,0.6797771586900729,0.4308108443381973,0.6664269436475684,1.0,0.4589194480358964,0.6241500221025447,0.625644174638302,0.4526031333664165,0.4093817467982927,0.4381240977320986,0.720765976291766,0.3889580263568511,0.47413647038094286,0.7491849160113713,0.7270989196656469,0.7154694848626247,0.6155541845099363,0.4551055684623065,0.5095099015803605,0.5946562416155324,0.7701497909163382,0.4396344831244371,0.7028958404718745,0.6539599863600059,0.6443343879287047,0.7574714596087206,0.746511486579921,0.5386913139563676,0.6762885055995912,0.6152597711003429,0.7403316756268713,0.3700912936545077,0.7524269229700516,0.74484348666715,0.782076808535893,0.6154880129759603,0.5682683256990552,0.7249197249595335,0.6354681705638261,0.7273785323851002,0.7038397401811913,0.5794694096358206,0.49794648245979317,0.7178842152201942,0.5298428783588938,0.5973089862291261,0.7856455413281109,0.6358313998957096,0.5716351580810443,0.7101705552415989,0.7160213014509665,0.5406804359697805,0.72424481969007,0.5235917025688199,0.7253960791035092,0.6791338062277343,0.5980492903255912,0.7589529924829403,0.7612128963022633,0.603678514045968,0.7359224642888278,0.7016919091568442,0.3857381257961156,0.733978395008182,0.6803412493495077,0.7791869710848385,0.5124856454405556,0.5956542083666877,0.45740126721431684,0.687075595846148,0.7500316126107419,0.1786481354629751,0.5815022398436339,0.4263390297121648,0.5698354611291706,0.6618416440958823,0.7476518545618447,0.7717142301586417,0.670786470472188,0.5788987820092183,0.46906834245320805,0.6698785161441496,0.8124934953756314,0.7311485611950299,0.43442643608522424,0.6515503867428016,0.5784195196996832,0.6634236563647362,0.6710219283653355,0.7710049877623963,0.7412450121295042,0.5608155845311803,0.3592393485783941,0.5753913455967785,0.5587051291683721,0.6059952073551337,0.43050910015687055,0.6331159409150684,0.8156746618210109,0.6959148041401171,0.5662196786097642,0.7220113068921785,0.4447179579397846,0.7333828686760637,0.5879857368465883,0.3526610229028422,0.6628168245259011,0.7401152647517122,0.5741903788093463,0.6209459805646841,0.5122506360824528,0.6793553193568015,0.6868233131082894,0.7665487320750837,0.5470542550521309,0.6489888097932961,0.5598335165183298,0.7309928252331518,0.6627423529505297,0.8124593848863744,0.526387900792,0.42065108025122383,0.4660451501706118,0.6253577931759605,0.6730186078179285,0.5313954707899253,0.6108592298582727,0.5668921410063077,0.4551285561709624,0.5305373332312485,0.6127185578758267,0.545740989976556,0.6401812354492534,0.5982834604993389,0.8351047230290957,0.5075467341614561,0.7401800161585064,0.4650213446039384,0.5237137391306009,0.388300493447467,0.29220341752522444,0.5155531758946751,0.7227730084288114,0.7068434231286582,0.32876814830027834,0.6524651510342433,0.7380002090966185,0.5416658991734211,0.693709393932125,0.7278813326147106,0.6438323018410571,0.5993964844836205
arc_pair_249616,0.3212128682311898,0.4276096502070765,0.3629094817350605,0.4759038326621786,0.4589194480358964,1.0,0.4898937128368632,0.41217465451621466,0.38473228273401894,0.4215439473587204,0.3337332358600284,0.3881087298515462,0.3150458635834882,0.3460086013888906,0.3736870731576662,0.4538671170790198,0.48378285682056016,0.4111662494145533,0.46061513504000967,0.46129350660019397,0.46854362122046633,0.47191524591877976,0.3939068102523641,0.438355297949598,0.3900516964012324,0.45342884410796847,0.4214609137252221,0.48888750490601435,0.36828569945952383,0.46159768758856384,0.4090103962138531,0.4561422523804789,0.23372304460919435,0.433623004799873,0.4691454121985687,0.4174180845357037,0.45587128605043575,0.4131035149826958,0.466782905232232,0.38425487348222775,0.44674845628358556,0.38482530036725726,0.40155275419303976,0.394558277660653,0.41118012999328307,0.37068854940851664,0.3939428987853124,0.40593474229631626,0.49077681691575054,0.33227036679987254,0.4376602123993994,0.5106695177996435,0.37371444997752956,0.4552801901564215,0.3231192791378799,0.37343126175552416,0.38331168940137117,0.4118472947832405,0.5028193459131487,0.4428669393527186,0.4543141433703038,0.4499611477923378,0.39582000596407635,0.2916449773470267,0.4541172506464604,0.4397325376578479,0.4900786038338703,0.3809303932001577,0.5069266432188131,0.4325357520979447,0.4832564269200652,0.4124669005627695,0.208228876641902,0.3315825466704311,0.34024452299827335,0.42429556504754384,0.4392681781235626,0.3782409703078703,0.48305244580895323,0.3828812001674288,0.4538293974438604,0.3528354892362719,0.34984107813948573,0.4047724126747052,0.39335334218588885,0.47629175310146027,0.3977513318611259,0.4534265098106703,0.5002307800203505,0.46915392031829156,0.4972811282135544,0.42844687100144513,0.3685179795515856,0.2889077104298307,0.3310438311150661,0.4101989423996857,0.46736161553002514,0.3862972344141668,0.44359630142019296,0.4620882128897564,0.4568932928472134,0.503273868466038,0.45248060525761524,0.44424608760891693,0.43266714662427364,0.37912946101839545,0.30536487287004793,0.40682716004029434,0.4097691496467924,0.3849236098609693,0.4282971502912931,0.3214100541083173,0.4597937838168529,0.4890227813191669,0.43471142637754195,0.3957674354802027,0.49603489007980767,0.42955378165703306,0.44324807161108054,0.3945440698362116,0.43946496337151686,0.3665609737182435,0.3867448855819613,0.34862923410915747,0.40231922603511433,0.49534537099478754,0.4287304569276849,0.3790208626471136,0.42736278398589567,0.3872268927438079,0.4330117052518242,0.363943214986689,0.4434525328717083,0.5300533124884761,0.32862003473805357,0.4990618350751084,0.40579662155382873,0.43634487693014656,0.36938711860615414,0.41367334876283124,0.37180408921563385,0.31592678148108666,0.45556415631507907,0.4414312432927973,0.46280372607853365,0.2659757402615506,0.4740079930941213,0.37728243410379875,0.43010058796036965,0.4132080344924133,0.46683948618928395,0.35889334315599997,0.3431316415851823
arc_pair_337111,0.4526384214754804,0.6858472022372282,0.4832753977071687,0.5841421443082877,0.6241500221025447,0.4898937128368632,1.0,0.6453134083982325,0.5362572276593894,0.4960573789842954,0.4269491641139585,0.5753492906824131,0.44704618336553736,0.472113156269323,0.5596175296345115,0.6587284882981227,0.6428411520553118,0.553159868578451,0.5117516246311945,0.6162950795004828,0.6380863825024614,0.6930734831356146,0.5264443426754661,0.6355739125165499,0.601907406839218,0.675530547255218,0.6461628820458863,0.566249377913722,0.5289422626489214,0.6767819088988567,0.5958633669064933,0.6187478745644719,0.43291406692457524,0.7187637631574566,0.6969098909696803,0.6558306031123429,0.6763957375771104,0.5550001133213779,0.7175842929844316,0.4999456026009418,0.7041820989061433,0.5610788341632837,0.5449385319179324,0.5456165658488001,0.6038020530279137,0.563149248850358,0.5720691338842632,0.5607915652532224,0.6661401935837478,0.5463115010238425,0.6057968224485203,0.7390776113990302,0.59306933574355,0.7154640354176631,0.46902957646595805,0.5943687230718409,0.5709479013842279,0.663693641377796,0.7225339767666851,0.7050189599454674,0.6162723355087691,0.6151774312588815,0.5340044883663607,0.4358433852756699,0.6892957119283668,0.6619254244380905,0.6527324138249658,0.50355710168096,0.6542551246202615,0.5095828733489408,0.7210938885931875,0.6531507272115885,0.2593815340791951,0.5327462379122143,0.4864464874178844,0.6246794785787055,0.6813451133474817,0.6022711593919687,0.6830369071339968,0.5913987119024877,0.5740070237988439,0.5301388404491042,0.5186234333375529,0.5923734373994244,0.65300141224077,0.5200250014571264,0.6211936734535779,0.630283289273445,0.6628717764807364,0.7091395472560704,0.7328531957865585,0.5849741378105228,0.4956438754023883,0.3930248722682787,0.49646811178022765,0.5491268371220075,0.630885774968505,0.45719661553054636,0.6844593510842614,0.6925842070526377,0.6521544760484188,0.6449401343055694,0.6382823184797503,0.4841485488858788,0.5847840795141069,0.5894842852897936,0.36738932570770355,0.572872956347658,0.5940441642610037,0.6815606449429364,0.5654400884218932,0.4253947766830161,0.6103754316270378,0.7014782756214529,0.6428208807563196,0.5550019488630132,0.6094500718300347,0.5889689742477929,0.6603095366295398,0.600837578342288,0.6910377104995556,0.6235509635779792,0.49114383695241814,0.5062037675600827,0.5417897507915798,0.7074570389373209,0.6114702304538047,0.5312933639470528,0.6384756934551009,0.5171875334884085,0.5696218675078649,0.5604504236532514,0.5623604417644849,0.6948030190282019,0.5075957808754736,0.6869380606119572,0.5700635041259611,0.6341385953983134,0.5661525264882483,0.5423220222650695,0.48845759438979836,0.39454147713141663,0.4955912511864359,0.7426341070315423,0.6819204307341568,0.38846384554829316,0.6466612380731231,0.5886702089346022,0.5377530677239242,0.6331447553215477,0.6411748934898058,0.5189101615314583,0.47556117421641037
arc_pair_290847,0.39793408997010243,0.6407634610412368,0.4849778358993565,0.5503235248156609,0.625644174638302,0.41217465451621466,0.6453134083982325,1.0,0.46958408550873415,0.4591005334664051,0.38973653594579694,0.5790393369962468,0.38811356551277687,0.469154721583411,0.5264682255240386,0.625316370085105,0.5606071519580196,0.5899279523747829,0.45394888775998293,0.5385477757835982,0.5802927364989268,0.6380257285724591,0.5217065264622854,0.608726742306895,0.5958491066380535,0.6084534341278188,0.6042409549658898,0.5241176050390252,0.4881815794041488,0.6539126479270426,0.5444804278063706,0.6407458973143267,0.3680242627384198,0.671274226872602,0.6090583943660006,0.6596827612445199,0.6048823897556168,0.5067602457443635,0.6668333094392979,0.5274913583851718,0.6748292004903315,0.5790963006099542,0.4837537269696768,0.4841775088341421,0.5499347599595915,0.5328221947166805,0.5537230446103018,0.5675773730012179,0.6673299928677033,0.5430402773771789,0.5824102363807682,0.683833501143487,0.5566633714314808,0.6186484409302332,0.4147830294991054,0.6682160272963409,0.5394056161137055,0.6385484132706012,0.6765968800814617,0.6716533322096281,0.6994254101418579,0.5965240814049747,0.5174909916189945,0.3753969106728385,0.6300837379957205,0.6253004169009185,0.6346682898693138,0.4958744398536513,0.601166650320354,0.47254653338580416,0.6843953479565078,0.6548022994028957,0.23644165282730434,0.6338953694874977,0.4503076484201154,0.5685536282390944,0.5999336242078657,0.5938524358552018,0.6837148984201982,0.5614159707364679,0.4996939738022958,0.5113726396850715,0.5006719962536309,0.6014680174147947,0.6059511772499909,0.46869952962456024,0.5311280852937067,0.5841938332678878,0.608270317160085,0.6441050910306858,0.640376148300478,0.6328645440752615,0.5234605469583724,0.3813345852307147,0.5047160265374815,0.514098460904243,0.5904213415429621,0.4104574064598743,0.5703776929119955,0.6661732662859334,0.6177275213559966,0.6142633588567736,0.6546905525453868,0.46259206685488513,0.5559732891980244,0.5503245891758238,0.34386112699351035,0.5488925803590962,0.6104925086663509,0.5629997103414613,0.5731672463046795,0.44904311817199716,0.5842748760631561,0.6549497806905871,0.6274150136808795,0.4970707294027371,0.5770564862066814,0.6055497235821222,0.6347866105426864,0.5936372579678426,0.6490395831813568,0.5151975937012281,0.4749268321207196,0.4561339258896474,0.5081385494675685,0.611565911423682,0.5173813531317315,0.460763061115834,0.5449262372703205,0.47108557884111146,0.5375953854470761,0.5280569834440209,0.5758717019777279,0.591347314737934,0.44525985772884424,0.6343888398674111,0.5383865771115476,0.574018309895623,0.5400497944471652,0.5360054831331753,0.3924185628474245,0.34650215883196744,0.44703060179346865,0.6353794218421063,0.6277892171656378,0.3837276721724408,0.6377676642576359,0.573019658537858,0.5751787161764714,0.6234716466652466,0.6043199108130773,0.5291577477444858,0.46840115848311487
arc_pair_726656,0.325569308034656,0.5219189366664575,0.5093167170202506,0.48575749836059434,0.4526031333664165,0.38473228273401894,0.5362572276593894,0.46958408550873415,1.0,0.4778333978046383,0.4393626120000587,0.394337502906611,0.44334478013744105,0.39729797658835453,0.3621025480488754,0.4351063961092345,0.45294668676529737,0.49811475014941486,0.5350768505629134,0.620353572317056,0.5255232042565904,0.45878999275636323,0.6210238618412685,0.45429006570128755,0.45284534928721554,0.5912891873295966,0.48840516647838056,0.4291052837353996,0.4275464775702614,0.488701688819172,0.4386238137757659,0.4967786833335658,0.3438638014164887,0.4866058986538048,0.5083802439763869,0.49657190426435566,0.5270362036723331,0.5116930123080443,0.5570414219109597,0.3816223706385564,0.4971970243865315,0.3749480669835984,0.44667492864730174,0.4368617703467713,0.508606223761015,0.5104330538715356,0.4579983866078478,0.40668019764803554,0.5266951901223949,0.3682012640621961,0.4633838025279316,0.588031417002724,0.5127120437413903,0.48547294026738624,0.3670314255746446,0.4287056295267117,0.3813526688491181,0.5882137977719039,0.5534697031913315,0.49282910673419733,0.5795664329946466,0.4439603724843916,0.4137625526320707,0.4194252603520005,0.559213592823096,0.5072390403146565,0.4807644492149323,0.47454004266988536,0.6018891569919186,0.4653467008111051,0.5793953048064377,0.4914630056096579,0.38851054259883455,0.44009878896912685,0.46890931089681465,0.46926184022179374,0.4958038560382142,0.4318173227079029,0.5661989186257365,0.40237222631810743,0.5464410600966202,0.4381243681640129,0.4098885716086779,0.44151650224519073,0.4228621816182013,0.5172277872243751,0.42653799079912963,0.5725060034661564,0.6127398332063365,0.49656374392847363,0.5075665264480023,0.4686609908129353,0.4314773675618492,0.3259926858397166,0.48434286756886363,0.47969968206338365,0.6046290003840104,0.46200594033090486,0.5181676564238921,0.5155848481173979,0.5000590914965126,0.6317448053118586,0.5295053057751191,0.387336623373853,0.43838568484854706,0.43114695259353875,0.40750381338990865,0.43774498755793756,0.47213435779549623,0.4644129634825801,0.48710140140754216,0.3385341830668172,0.4356705966141108,0.5696341223149143,0.45006590518189943,0.5430909057951975,0.44904736498668457,0.5337489238998877,0.48460565791502525,0.454804424216615,0.4548559221855827,0.42362681772249483,0.5465083826953112,0.4629505070521231,0.40191518615471095,0.47233814028127313,0.5480697741834849,0.45378979175333595,0.505385119675804,0.48797624236095866,0.5759853752381482,0.40187340427477514,0.5842774095743501,0.6557821537881442,0.413856465007725,0.4682296030494029,0.5078855269394794,0.45503660310497757,0.5859006110525762,0.5524845660999743,0.5254895191289962,0.45463140416302195,0.5278959987329451,0.5452425955944399,0.5093631450364371,0.35818984911975454,0.4995822451668513,0.40313505971119734,0.5230320179171007,0.4764329024250073,0.4387752533762841,0.386346707410672,0.3572847847153523
arc_pair_447717,0.30387179737032594,0.4353289013525092,0.49739605021264977,0.4210393714173478,0.4093817467982927,0.4215439473587204,0.4960573789842954,0.4591005334664051,0.4778333978046383,1.0,0.4058845616757454,0.3673647832747927,0.4426237668971992,0.35379913660989076,0.33661836830213715,0.40144896764555027,0.4885247988014851,0.48390532281415166,0.5152625135955005,0.6071305983116096,0.5114686465082725,0.42413924626653055,0.5964426007858732,0.3713920403894055,0.4192059288083917,0.5923464398021749,0.44651266506225296,0.41174566262501655,0.4066009071664444,0.4487329919910224,0.37261490670876835,0.46880179501521446,0.3294882271796714,0.43994203008304517,0.45250924680777976,0.4650839807711734,0.44362545267191345,0.46684680313167715,0.5116156809508531,0.37660466804430814,0.43191070064663767,0.3418413644294622,0.44055351604857174,0.38568794529560513,0.39153587614705027,0.5129757508591651,0.44692076213935084,0.3697256180821342,0.5324977476190688,0.32936355109965737,0.4278448208409524,0.5560968008874753,0.4900336591250461,0.41198132431029816,0.35025416255361125,0.3799403886948389,0.36250251695978114,0.5527870191236534,0.5421186497087996,0.43309594216657205,0.5247815751322193,0.39644776562710693,0.3786892824119868,0.40199775775322677,0.4897363068674644,0.4382882224370808,0.435052821919334,0.4305894495587569,0.5707663682778518,0.5013702134452743,0.5331192379108428,0.42424713967132616,0.3470556711877404,0.3905229904281897,0.4415435670440086,0.44448622344775424,0.5008737219881199,0.3724038267530208,0.5117822392809954,0.36155299787397993,0.5194398231356256,0.4072650790123464,0.3870796845745895,0.37958843914464796,0.39144254782327426,0.5583700751742212,0.3768922102214036,0.5023231590980735,0.5605782765523901,0.46107258880700874,0.4435267916973141,0.44959270064616347,0.40858818444659106,0.3543350010574134,0.3445233149584947,0.45857945642084263,0.5329384706651701,0.39036531100968064,0.4586134892830998,0.4795202082230236,0.45845714361384626,0.6403695281638945,0.5124966825282106,0.41033351311858074,0.41023320271473657,0.4093657519125946,0.4064818646936391,0.41187651664183034,0.4394083854744926,0.4095158485721988,0.47017285046316615,0.36336203904832715,0.43304465317460467,0.568139405056359,0.43947531301266235,0.4571500587319215,0.45810522969247797,0.4973777566261193,0.45703696716635833,0.4313257523145958,0.3909114707104274,0.3784982623864142,0.5534226024255793,0.46553039472182,0.3734521154397386,0.4665145784783798,0.5082433001305521,0.39432429094342175,0.500933028676736,0.47476386086232214,0.5158309458484387,0.3578169407587227,0.5547477618385076,0.632846601107279,0.33677878861573746,0.432480268139616,0.466624563711468,0.4440319094010281,0.5366007456593975,0.5041287319744503,0.46242591161823743,0.4421586134318536,0.4776176098782968,0.4459984899573164,0.4863503267523117,0.3666724900794245,0.44940758182692775,0.38899111766249433,0.5096882309198697,0.40651305743353616,0.4825501990006671,0.3482527267222795,0.35849013199495905
arc_pair_218228,0.298901835451525,0.40540436294959153,0.3914450351119107,0.36701779816834396,0.4381240977320986,0.3337332358600284,0.4269491641139585,0.38973653594579694,0.4393626120000587,0.4058845616757454,1.0,0.32992821122296717,0.391935030363817,0.41410562225184616,0.3669328383427419,0.35508943744823596,0.43082883720697207,0.5148174999531044,0.48798283191812536,0.4714659452025272,0.4202118797597213,0.42304661816391015,0.5204925474861223,0.3192700305704676,0.38980402311607276,0.5375601655207878,0.4277713165147411,0.42094701987200334,0.3967362744562316,0.3886873372747053,0.3213672222427117,0.4602804137933899,0.32562867652044564,0.4186740685017908,0.40014201203449723,0.4173211933428585,0.3791671126790423,0.44215548178917335,0.4302214105011063,0.3588268689713359,0.3650803765122877,0.3424120959715885,0.3360794469696619,0.3323733558560748,0.366388145697453,0.4364905728147212,0.3941058388499962,0.3798742282072384,0.41357430027384057,0.32564460143618584,0.4281722552698914,0.5263425659245962,0.41733036702709014,0.4041162054971341,0.31277616944120157,0.34344017014397726,0.324097387151303,0.45444368312166034,0.42645706428214786,0.40207333366112397,0.4353798705002199,0.3740554957043535,0.4226203632203748,0.33532609591199347,0.4806417469646456,0.38221290035850797,0.3790766781269209,0.303461562800912,0.4937089790596019,0.41776859364223234,0.5002335825894346,0.42182724196204757,0.33951313056586907,0.33400309356846936,0.3675070104514332,0.3563326769533904,0.402507582549196,0.3685876543805968,0.4703463465724631,0.33252730195240987,0.48959274021114235,0.43927221771193947,0.4185012113957497,0.3881564872874398,0.3793315029011602,0.456109058433997,0.3621559425630957,0.3896176440737482,0.47960912967198416,0.37176111618429636,0.4215610044534733,0.4196908170699354,0.3832700383992811,0.28830862470318597,0.36194076547986864,0.381763751509397,0.4868830704196509,0.3330232841834122,0.45200834793945377,0.41825060491802957,0.40470578303359317,0.5438616611854314,0.41187919667320566,0.30263459625696915,0.38546622507336886,0.36779495074252816,0.3423161849005977,0.3898897827842253,0.4603615048825005,0.39620416972414974,0.426562149108489,0.35551401660087917,0.3711449732262468,0.4600822717614478,0.4079727327385691,0.46961738737476477,0.3666797710078057,0.46590158238216084,0.44034246133474236,0.38252464076387677,0.3856268494469263,0.3457049987886874,0.46168628063141204,0.3672393804556391,0.2806496265721314,0.41814288998253324,0.46791472522167765,0.39265408012537223,0.4364505461471094,0.3684515876001257,0.45106457400118494,0.31894412785900916,0.5220745322173173,0.5551511262235514,0.3292665756418359,0.4064119231229815,0.4366492871760771,0.41533266103014,0.44342825364708244,0.39434360476982044,0.368135905074687,0.3698441832856085,0.46145031385318785,0.4745776520384703,0.41504392566739867,0.29000472486531026,0.4495893756918847,0.4050385990112651,0.45521633485899066,0.3587103782073242,0.4308303505935229,0.3467934025593002,0.3193207603998576
arc_pair_307657,0.38844504744225966,0.6707657472145048,0.39398637080116095,0.5632771727820121,0.720765976291766,0.3881087298515462,0.5753492906824131,0.5790393369962468,0.394337502906611,0.3673647832747927,0.32992821122296717,1.0,0.2982866039195618,0.45589082826862765,0.6978707393230601,0.660119651159298,0.5669566505437474,0.5485092572080966,0.37443313242709647,0.4317746639544967,0.5478126746414292,0.8120783714034869,0.37227048048146416,0.6082079012784172,0.5696381296388014,0.5159856885576717,0.6395790683397466,0.5777514266167133,0.4728773424213794,0.6372437447542997,0.5933884200924393,0.6468510052036339,0.3464500222335422,0.6425666928498383,0.6466590713391149,0.6533981191237328,0.5886320149223714,0.4626505818152243,0.6208551066520861,0.7979387548713408,0.6849989638073175,0.6527913332663473,0.5586425142897531,0.45482872209806496,0.6582686463259476,0.5087611562012735,0.5557384592920317,0.7661759429322987,0.5386253582210078,0.5287227550599153,0.644255479528257,0.6414065555882271,0.466062749231849,0.6686210789029129,0.43314056612849344,0.6531949018427068,0.7942068756007933,0.5490678360136277,0.6500759286437658,0.7102022373367184,0.5513539969052863,0.6703885712593468,0.5774831897875357,0.30263432222367087,0.5876025067449225,0.6009861421880087,0.6424588268932933,0.4210764815567869,0.5076255559474434,0.3899246259374271,0.6164920158344074,0.6938337262934627,0.15817549826097568,0.5170575754803068,0.3956443285870165,0.5578410062874944,0.6391769771825113,0.6405466556350058,0.6962626691784357,0.7201271601391256,0.4655423103907622,0.4195321639696502,0.6380216700876369,0.7713117953192649,0.6366146398156008,0.3414468263849017,0.5882037855161405,0.5262403087043607,0.536132230888972,0.6271042022986697,0.6227117449090408,0.7189932440032734,0.4861349230234297,0.3719095976150539,0.4851620940129554,0.5275199898750449,0.5308368540715106,0.3885482722713633,0.576628978046835,0.7483882629795773,0.5903791358576271,0.49576618693069496,0.5811819793192434,0.4303262156454072,0.6183955568479577,0.5543923861051894,0.26380760637824335,0.561668628324096,0.5851519028721771,0.5528368561397485,0.5587407205018998,0.4442123881483459,0.609914484818216,0.5878278111817095,0.709178752084098,0.44910136119303096,0.5587773038681931,0.5107115924150186,0.6867208532046879,0.7412893838700765,0.6843440980735882,0.44754560625449724,0.3323636907983589,0.43263442237427335,0.533419652366772,0.569328187513535,0.43585674465290314,0.5744257349675723,0.4792007397696177,0.39353448430769133,0.47818336311591675,0.4969064989678578,0.46564661388486883,0.5120786545243514,0.5043977083358945,0.7218009209278349,0.4481071593672905,0.7467194034843767,0.40683549195684837,0.41499418635865715,0.32859251522936866,0.2328766444419865,0.3787309605313661,0.633677555747902,0.6287053333132768,0.28774353181389256,0.5786624534024299,0.7376619645877281,0.47428472001121585,0.6998239158156582,0.6442998402343998,0.7382844246254606,0.6441627860793913
arc_pair_48188,0.29643435206113894,0.38082973659627073,0.422043103513377,0.3923835041992856,0.3889580263568511,0.3150458635834882,0.44704618336553736,0.38811356551277687,0.44334478013744105,0.4426237668971992,0.391935030363817,0.2982866039195618,1.0,0.3236015503136131,0.31174805362861524,0.366603343595796,0.36657869790103986,0.4782808456670512,0.4651718445319542,0.5666494519521561,0.42878344170002414,0.37775724496487406,0.5954032398860251,0.36838472973853575,0.3974148498312169,0.546966159776857,0.43958609206255506,0.38536841743240735,0.41033732915528875,0.3663687579557408,0.31798978519260673,0.4015143555990324,0.292044277719898,0.38870097632586764,0.39779793493008797,0.43310079169969357,0.3854102696126502,0.3981498491704696,0.44318534689097955,0.30728230695610825,0.3926504914991534,0.316370350907351,0.37869656133291724,0.3392019685889268,0.38336658377179106,0.43969994200915224,0.3846999559281787,0.34478073315836844,0.4725532563301748,0.3174978373176047,0.38270299255046875,0.4919600383932391,0.42510742639884475,0.37201869132514487,0.30611495137932865,0.3450365303078181,0.3029374186872459,0.48315726084871563,0.4567491533720475,0.3865421467877099,0.5025950086092503,0.36208177906838446,0.4172135317757988,0.4008649462788275,0.5079471775227258,0.398308094172328,0.38455331457244035,0.35245470092464437,0.5615022003827237,0.45512828149345547,0.5157334336615444,0.3733070760209638,0.4045432315476637,0.3324774481613993,0.4376651567326318,0.35050638770929576,0.4083143248554193,0.3429789715918314,0.4739949757870645,0.33482548951954194,0.45733449766078865,0.3622571320015164,0.3579120913332538,0.37805089279369564,0.3442937351771204,0.4389803964863914,0.35398512983774066,0.45488573102126834,0.49624891849796127,0.39130237065371576,0.3967404992276462,0.38959681431012944,0.3670382411058871,0.2756414291815,0.3766004760725486,0.4088505864192693,0.5330617926846267,0.38864543101558846,0.4386992211731595,0.4300768510146422,0.40449774344476885,0.560874862102845,0.46926055993190063,0.3597746172267664,0.3762446458673526,0.33845660926586935,0.4157623805042772,0.3491913867980688,0.4539698684777533,0.35466321313315613,0.41873044240953355,0.29368163698508465,0.36670424404361707,0.519942063909401,0.362523293903724,0.4787047561205649,0.38589917251287964,0.42974653220653547,0.4006765084761815,0.3860164571022989,0.377335547455121,0.3540339255882113,0.5028255739410981,0.3911637811355495,0.31734916526994966,0.41331379777052285,0.5259670211525119,0.3518795600589435,0.45800171416425006,0.4412863457230908,0.5306476128802886,0.33639071030492534,0.512168797464085,0.566582528916541,0.31276514501577524,0.37264945426518625,0.4784074877754526,0.36473422391778515,0.5066448958547043,0.4404891572229106,0.4720024334961342,0.3781520455354581,0.4320198365876816,0.46558156379706916,0.4030118468660275,0.3604150885463198,0.3739627342220411,0.33675676051417824,0.4870416773273839,0.38259507268707715,0.4303023264336265,0.2889431939262471,0.29661570114740526
arc_pair_147702,0.3765205396132476,0.49671060785260734,0.3583777564095979,0.47429108966340094,0.47413647038094286,0.3460086013888906,0.472113156269323,0.469154721583411,0.39729797658835453,0.35379913660989076,0.41410562225184616,0.45589082826862765,0.3236015503136131,1.0,0.38628744308164314,0.46016334449033347,0.4399551462158421,0.448614106321132,0.38799113571083643,0.4545180274851905,0.4775181650756391,0.5164135776286646,0.3936813589593397,0.4481006979644093,0.45244263308887434,0.5003063974337766,0.4698448431933699,0.42951464945531537,0.36060236834086495,0.49949958158125696,0.4577228483537236,0.47649493880323784,0.35670911403691524,0.504012001793526,0.49389456445945074,0.4375205435954437,0.49943018927324057,0.43999388030012904,0.5222292983303859,0.39083496985391464,0.5215156844045125,0.4139148603809785,0.4110057785870764,0.45811189598301083,0.4625078196020546,0.43688614730078507,0.4419325990427522,0.434097411950238,0.44361370277336554,0.4126355269307615,0.4640002281477572,0.5778727788568069,0.5372792374262746,0.5042690895333561,0.3669223711552982,0.4960186560369843,0.4172401113025681,0.5108778314382145,0.5180598393817701,0.5405241227752628,0.4948416424673913,0.4758230933500344,0.41168137316123943,0.33082132407565285,0.5182718673564493,0.4508813667946,0.49367346382034394,0.3384988188418945,0.4961851424986726,0.38695542326135923,0.5548799703306427,0.5132521353201042,0.19796081996316225,0.3728349985936206,0.35886187502234795,0.44229394668774635,0.44804112877555213,0.44549928646229714,0.5311619330108153,0.4726620186928726,0.4675372587598986,0.4378545233829411,0.4377811352386669,0.44597876139469694,0.46811277097993464,0.3485315790475917,0.4399473291564109,0.4638075533751662,0.5227941391391504,0.4772982421860452,0.5209802361121738,0.46455109341166895,0.3832136243691146,0.2283784733779745,0.4123938363642128,0.4611273433206267,0.5013221318785205,0.3644139624947561,0.507767939557341,0.5330881139697669,0.5246506390776773,0.4782793289716727,0.4388379239081134,0.40582084191868656,0.45440560077355685,0.4178571417938918,0.29103719963177893,0.4408195201194469,0.4829804256464169,0.4709335335725612,0.47800029242132347,0.40691290277392056,0.4619735580285454,0.5161569300570314,0.4970390064909823,0.44096136166746264,0.46395992579917444,0.4578938006167351,0.48245862309272797,0.4722954910868672,0.46004445024301854,0.38056259889349103,0.36232380870938496,0.38377859869742026,0.4016513164751459,0.48092440232740086,0.43916595481499093,0.40394697558270876,0.48098297592215306,0.35825773049268045,0.44099247287467147,0.42391561881222933,0.4859395841912718,0.5134438351258978,0.38176641928839267,0.5150605088702359,0.4410290449419438,0.47380197476675473,0.38602059872016703,0.39429686892187926,0.3218179102809399,0.2537070162318599,0.3900406579890732,0.5235518756967743,0.5185258365415341,0.269925770534297,0.5556115116995494,0.45158832665115134,0.428295687611221,0.4962341305130091,0.5221669662165224,0.45531854519419784,0.4134720792575321
arc_pair_169201,0.34563079614995235,0.5749831735623814,0.37343590092832996,0.5038289597148934,0.7491849160113713,0.3736870731576662,0.5596175296345115,0.5264682255240386,0.3621025480488754,0.33661836830213715,0.3669328383427419,0.6978707393230601,0.31174805362861524,0.38628744308164314,1.0,0.6453258017003731,0.5193897843315672,0.6374990403892685,0.3872636596982279,0.46131627610527765,0.5130576539898127,0.8196146179687442,0.3603091575771662,0.5665713787583087,0.5648615154055043,0.5476363638456859,0.6544394392607438,0.6061344073477867,0.5738021609716765,0.6065547435679386,0.5234272058615006,0.6725787375108505,0.3080320194929072,0.6578243213707522,0.6091391990765014,0.6750887441510424,0.524923733168796,0.5786321289271328,0.5497974366186796,0.712687956870787,0.5711011320220318,0.5765003385017772,0.5287851382276966,0.40018095571041945,0.5418249966804871,0.4934014348096137,0.5744363876664724,0.7667538511861147,0.5560125415580398,0.4621680418784529,0.5720080414463826,0.6262657540302102,0.49566077331874125,0.662954521196532,0.3806902159697557,0.5643235278751145,0.7531840243401299,0.5309081250853335,0.6134691979985888,0.5988875042504503,0.5019766342695288,0.6493979238296411,0.6589670654381423,0.3364339096427212,0.6434279342415663,0.5498681617588517,0.5983196268304362,0.394809581547855,0.4900956905425256,0.38733859221466255,0.5991964054250853,0.6689350335926375,0.14367681363430548,0.5130271273311603,0.39630264535744575,0.47467637779231137,0.5971970416377016,0.6673770507998882,0.6367882832173518,0.7288607250339482,0.5128735047789733,0.3884393975419375,0.798831769092012,0.7676893226546011,0.638745997761101,0.38320247913267447,0.5297758539762022,0.4723812829658285,0.5691830145378335,0.5699337827203999,0.576261780686404,0.7248047953303224,0.49209398235131185,0.3263593936081257,0.4789562800144407,0.48806982629782847,0.5185576565692537,0.3328686849566514,0.5689045942762324,0.6903656986432642,0.5971039434803166,0.4972257840400749,0.6115375463178051,0.3572254776038439,0.5999443790346481,0.4874427812551525,0.24641777092913322,0.5880881155695397,0.6776884579710537,0.574901047724246,0.5664356704189328,0.4583504765998003,0.5491422778851618,0.6185278697353455,0.6453915225488591,0.46898129675058114,0.5284159453711991,0.47441090919746226,0.7457318806347187,0.7415191948954553,0.6589092736228684,0.4358430028156885,0.35956280198956425,0.39518480492466423,0.5030986724683523,0.6221420898660094,0.4557679346935589,0.5251189970483978,0.46258460664537915,0.3839809148752675,0.463410130137613,0.4870815005969381,0.5319859617697812,0.5849561420926238,0.4927107527182439,0.7136927909637559,0.4284381035480694,0.7854151967700134,0.4155036610856618,0.4379685681312048,0.3291493367777883,0.2442333212028973,0.4279772154806973,0.6277920061192751,0.6303145258066485,0.26729630932516224,0.5180881552056276,0.8506460742908394,0.46846974838025224,0.5714718229970965,0.5638147104301104,0.6358297156393355,0.7309978282668799
arc_pair_694660,0.45026928206382566,0.6137616596468206,0.38708556258548865,0.6668685176158112,0.7270989196656469,0.4538671170790198,0.6587284882981227,0.625316370085105,0.4351063961092345,0.40144896764555027,0.35508943744823596,0.660119651159298,0.366603343595796,0.46016334449033347,0.6453258017003731,1.0,0.6358909919081137,0.5467319587070043,0.45941885648212066,0.49398963865128126,0.5957792480618628,0.7163268269919254,0.3863593733707665,0.7401544904110198,0.6429002955423185,0.5980814026388008,0.7164579261641858,0.7045611292058482,0.4494269673373389,0.6974322082967868,0.629159785590968,0.6794957117005632,0.371880448376694,0.7285041043162521,0.7308071633972784,0.743418777302752,0.5744605941452933,0.5622118223042178,0.6609317770538448,0.6441023626219791,0.6800489013271986,0.6478917235449391,0.5977288792002773,0.5130870411817008,0.640217290633024,0.5147942924770443,0.5979719956259113,0.7158592601471699,0.5749250580936577,0.57835268014362,0.6281975789925207,0.7160523065801561,0.5407103769771668,0.687073866612755,0.5033331631341338,0.6905597679664306,0.6521967006670345,0.6370541981661638,0.6997385519428068,0.6791790217262434,0.5626524924655373,0.7027009968553396,0.5929716605865457,0.3439676110974544,0.6644045442614037,0.6339424249576227,0.7796620556976048,0.4579918307983192,0.546072804406248,0.45309983789285774,0.6740194979543486,0.6920770875849167,0.1586430633593474,0.5655196717470481,0.41312819124897854,0.5545394886956188,0.6575001209509982,0.7215605391199041,0.7164788619503744,0.6269102132654208,0.5242046106078451,0.46861566320655,0.5949973746774042,0.7258032518753637,0.660860672420764,0.40398888148455475,0.6792450712865719,0.6054414419264618,0.6389602434254629,0.6870429304545749,0.7281924335070779,0.607112854443586,0.5597406901057984,0.320709472925119,0.5679209893685871,0.5086100168153719,0.5648663769352804,0.3740655860083111,0.6152341084824556,0.7648008362317069,0.7445191392391355,0.5403019382080289,0.6630245267874317,0.44850759980083504,0.6424692472620407,0.6450523967522033,0.3168762399752813,0.6033162474869578,0.6980718783877677,0.5984171615787508,0.6316629762054575,0.46234734279836964,0.6144161377922933,0.7348813391956779,0.7138070005449871,0.5165437160989986,0.6595066092795298,0.5214170767283718,0.6952605403684624,0.6516872545171505,0.8210077444005827,0.5397325379689542,0.3773745733264476,0.44983919067972067,0.7232136655204907,0.6919315757089424,0.49799274621139866,0.6155274327126659,0.5226932802361527,0.42224815952735045,0.4922589721809426,0.6177060774787012,0.5038779328409912,0.6382313124518617,0.5287694037192312,0.7429782674550394,0.48714729401529866,0.6472790733529427,0.47886965640707346,0.47840494273824846,0.35760466215643044,0.3171451806428909,0.44594692665859903,0.6718549627450783,0.7121165065584928,0.3435686506880114,0.6390260009151244,0.6273949158952268,0.4868649286910211,0.6693072750852218,0.6502179926483201,0.5684372363967657,0.6072622889006891
arc_pair_25587,0.4556214826445796,0.6135371510184753,0.3958234138478214,0.6094890094813932,0.7154694848626247,0.48378285682056016,0.6428411520553118,0.5606071519580196,0.45294668676529737,0.4885247988014851,0.43082883720697207,0.5669566505437474,0.36657869790103986,0.4399551462158421,0.5193897843315672,0.6358909919081137,1.0,0.5059271053677236,0.4458344842923463,0.5041163133837431,0.536824778588159,0.6336104101987375,0.44986072617867245,0.610501864355912,0.5362030876481989,0.5888454705928392,0.6520979379549019,0.6483258852674142,0.483927139912067,0.6301149135846448,0.58365185422828,0.6395800484528523,0.38231883047436993,0.62813384388522,0.6814017868749909,0.6405445004016492,0.5556786089719935,0.4340833450043529,0.7168106063796751,0.48086484205295893,0.6440031560336512,0.5915508823667279,0.5241578540850623,0.5485459333820618,0.6422158024777651,0.4736474667613613,0.5062680816693902,0.5695136201549567,0.632939691905288,0.5441296926578112,0.6138265283855182,0.6615710649503815,0.48829108239452096,0.6228133576867851,0.521236300743093,0.5787514177032347,0.49188929033566253,0.5585312119119524,0.6876948498530389,0.6897291109711295,0.5532304932709825,0.591461766318671,0.5298001232536651,0.3334381430210137,0.6623654267890592,0.6080991254927672,0.7134939415016215,0.44897609207875705,0.6016825150360123,0.5031668472467152,0.635772889395849,0.5942776991221198,0.19045019338042543,0.5199269030514518,0.37506336767287374,0.5517469782872566,0.6078449019274719,0.5881408039692242,0.6379207798430888,0.519915374341884,0.5360492427536205,0.4433439212580046,0.5068579945156344,0.6327509598686997,0.5561050600364966,0.5257655535969239,0.6504895950708992,0.5445318855042248,0.6161380396960375,0.6040365344632931,0.7316506973744195,0.6053507025237639,0.5232649410218573,0.32776008358701575,0.4541732573448243,0.5525393442178477,0.5530206252211627,0.4636478327296457,0.5827499706325353,0.692163653202911,0.6573201061391333,0.5455518633572932,0.6012404143189211,0.40153561289309847,0.6260321833948697,0.569143250225675,0.3895758215755772,0.561305450373064,0.6341661669332673,0.5688164196207507,0.5230255146492414,0.4292985365906,0.6752582368328421,0.636799443903418,0.6640381929498402,0.5276014542570395,0.6141638754688005,0.5617499849579827,0.5944151431972232,0.5654327739699585,0.709553367609867,0.49562846081222856,0.45583272481588105,0.41849397586813164,0.5216870617924112,0.6362826694633194,0.5136744205492313,0.5665884180944514,0.5618563541750056,0.4429359236293619,0.4919076547126287,0.5876582664045616,0.4700362843054598,0.6053169835351829,0.5195223455419851,0.7059326694031158,0.47978573399247904,0.5883554046202467,0.4403361597009313,0.46927221312468864,0.38089428577243023,0.33943587792508306,0.4675558060708746,0.6161019310192821,0.6460292859772226,0.3523577909120605,0.5989844430935404,0.5207486862283142,0.5263286864915464,0.628583559878042,0.6755330029575063,0.5044299919056895,0.43042320096868136
arc_pair_542791,0.3792113815867417,0.6050687299099432,0.5231163175510992,0.4804290957813895,0.6155541845099363,0.4111662494145533,0.553159868578451,0.5899279523747829,0.49811475014941486,0.48390532281415166,0.5148174999531044,0.5485092572080966,0.4782808456670512,0.448614106321132,0.6374990403892685,0.5467319587070043,0.5059271053677236,1.0,0.512496286909771,0.6183748204992497,0.5963466343074801,0.6496650808516075,0.6251185885137469,0.4789452594368651,0.5967976237019009,0.6382224284682804,0.5846262849455645,0.5325885139298571,0.5495311278566218,0.5977015376967062,0.4782859031226032,0.6335606055096082,0.35755986995514655,0.5950343425067108,0.5415142344293664,0.6209088691827387,0.5427997312267945,0.7266160335037769,0.5673397797993873,0.5744917359466546,0.5416225253361009,0.46548582709611697,0.5678198470610578,0.4751652267589263,0.5185206390278992,0.5984053106854055,0.581430472881108,0.603941760860129,0.5833205514850838,0.43573393798364873,0.5267480369837098,0.7164462403030488,0.6319500783204262,0.5609883833412479,0.40678087041062183,0.5226287306549764,0.5776268545049759,0.6470277253557216,0.5815919265309636,0.574105203158767,0.6429661941015542,0.5478477450287901,0.5849582375765722,0.45258972395425706,0.6603086247808644,0.5254173103609744,0.5277309370780375,0.4231430091688711,0.6454743054439462,0.46300607664297644,0.7255629653895482,0.5924603773783833,0.33796269566422266,0.5258212575034377,0.5398309350321445,0.5155071759679424,0.6110050566132662,0.5542701186394917,0.6517787438412039,0.5838966692539033,0.6193938516186831,0.49647601567750405,0.6481834412343946,0.6137353400428742,0.49034971101005326,0.5655390509111086,0.451945573303484,0.5654966841317949,0.6386481883644832,0.5495478203826512,0.5161459539029413,0.6851174109411249,0.4697140434734824,0.3691384381807837,0.499533795753942,0.5396118636407141,0.623986858016651,0.398057351160916,0.5938822575704228,0.6189452146613496,0.5554411456679809,0.652975967030202,0.6709516162664245,0.44212886032411114,0.5640750206200742,0.5024576933065521,0.3988177398560958,0.5850654604803587,0.6305430675967758,0.5566542314167372,0.6086087401709037,0.521829710856158,0.501466911299367,0.6533951414485729,0.5849625946823295,0.5544862489770332,0.49606520348725813,0.6134947988098948,0.7062423858913394,0.6168039245725565,0.5477336737433642,0.49513543960909606,0.556604399316139,0.5188574322607632,0.4680933645431902,0.5505348534013998,0.5652055654688165,0.5545316567821061,0.5390005642043224,0.541493803291374,0.6165954952858639,0.4721479120292254,0.7261992140424434,0.7153946292382785,0.4827053772800704,0.5748216063202465,0.5737385710251321,0.6671379849441355,0.5697428066531833,0.579976163108099,0.4678104490807266,0.40925620433890875,0.5672189005478838,0.6222402076046055,0.6129096523070198,0.3809677498167093,0.5280423761688688,0.6692567642059374,0.6035779487379916,0.5373210362362232,0.5479225286251626,0.536263266578829,0.5814576042440398
arc_pair_682126,0.3538782238491057,0.44365198560971464,0.5481411137896018,0.4792930656132338,0.4551055684623065,0.46061513504000967,0.5117516246311945,0.45394888775998293,0.5350768505629134,0.5152625135955005,0.48798283191812536,0.37443313242709647,0.4651718445319542,0.38799113571083643,0.3872636596982279,0.45941885648212066,0.4458344842923463,0.512496286909771,1.0,0.6328276869556901,0.5177394925156885,0.43730290032949937,0.6441279106750941,0.40322797945884997,0.44997827289317366,0.6384499716165596,0.48446671844114875,0.44860287262271414,0.4286755779741504,0.49568774172079283,0.3731190897170665,0.5303221773407172,0.34837262426430027,0.44471094623499496,0.47955763703852256,0.507601572159904,0.4704551084134461,0.5196286801896531,0.5211762650371254,0.396086842784176,0.4827546466768522,0.38214303371740493,0.4964589830759274,0.4327774316306563,0.4240198149704347,0.49668233446686727,0.4829708937163017,0.3888778698313665,0.5401030741880687,0.37975023951125414,0.49615148892323985,0.6069625711387346,0.5225195591740129,0.45590357567755924,0.3636151987759299,0.40563568685538054,0.37065914721137644,0.5714954635166087,0.5453593745694058,0.4434604641652677,0.5706516830326752,0.46693037182891517,0.431317924033289,0.3822194754810947,0.5579771462553278,0.4968142372156122,0.4695334700451445,0.40843191738932844,0.6027900444492998,0.5114537806454369,0.6138213989941972,0.4591861456885698,0.41925551773453634,0.39590917563742545,0.47032711339312133,0.45151098287056624,0.5545063642706386,0.4060312429392354,0.5521497798288637,0.42376719632188103,0.5798244449640029,0.41699241709030604,0.43906578906262206,0.4204880341683414,0.4298229391371309,0.5338949670713575,0.4186997810023979,0.5807967169998095,0.6108229280849901,0.47720355613874016,0.4793383441942438,0.4824105272793017,0.4401292337941523,0.32946035531680085,0.43024456746488393,0.4771359883530739,0.5853639543267606,0.3997821861123664,0.48755838411250146,0.49873510753033595,0.5416613829289951,0.6421762819621355,0.5479063058951481,0.4277877990022711,0.4402627516388984,0.42480480814119,0.3910741480863116,0.45080959143689875,0.5148593289674377,0.43704863342986794,0.4995113266413794,0.34733558361107686,0.39175442731847027,0.6015360493188382,0.44430819684173345,0.5082611244408218,0.46002954957155184,0.5383323761851844,0.5116790032728336,0.47237056596223104,0.42129310230883305,0.4085970840400476,0.5736706953604809,0.5120980455673259,0.3890298388178033,0.47683610369583673,0.5564765454015644,0.43926217565848535,0.517108023041011,0.47402440145527786,0.5794672638635319,0.4427728639663682,0.6269884445652691,0.6998551205323346,0.3740630763446161,0.4780556272977158,0.5208322061449712,0.42095632855386517,0.6142951434598971,0.5648842505211847,0.4645004691078426,0.45569812821049543,0.5623858892017893,0.5340587552801529,0.5021052958502586,0.3640521520087796,0.46580775836750105,0.41126161084537083,0.5513019731845622,0.44068195588589787,0.48573969984540744,0.33305943796099086,0.3840620171623002
arc_pair_402982,0.36005577850350035,0.5697025877263155,0.6153793212695213,0.5188129543829785,0.5095099015803605,0.46129350660019397,0.6162950795004828,0.5385477757835982,0.620353572317056,0.6071305983116096,0.4714659452025272,0.4317746639544967,0.5666494519521561,0.4545180274851905,0.46131627610527765,0.49398963865128126,0.5041163133837431,0.6183748204992497,0.6328276869556901,1.0,0.6326160521148471,0.5018618935669984,0.7569095555249438,0.44466328864841403,0.5712307596352878,0.7138015570537187,0.5871777420300615,0.5207874075715982,0.5374381392318651,0.5292738482035534,0.4603317645386925,0.5529559254531545,0.3587461747380204,0.5440668351195772,0.51759046333601,0.603315740322527,0.5899954185976038,0.5919290412597213,0.6053727217721054,0.42660916691910333,0.5290732748646527,0.4030976798315193,0.5600159795451144,0.48741033392607686,0.47865811483628706,0.6692190315382064,0.5623503105795838,0.46168462465576676,0.6415161922972259,0.4179127118881184,0.515098133535512,0.6716647209581045,0.6008507541095288,0.5195956318737478,0.3872169146274831,0.460211502076411,0.47071076990675365,0.6768686708264253,0.604209068158799,0.5216205766069607,0.7091243539546942,0.49844615456011077,0.4477739514833258,0.5618966413991577,0.6561210181822582,0.5346212414634818,0.5187872911320359,0.4859859580971622,0.7045273918630189,0.6444189637635307,0.7051951520823146,0.5086270000998423,0.46278766973885416,0.46893493249510065,0.6214428494718177,0.5456994439082331,0.602339742106787,0.48297455472613177,0.6195623738788626,0.4722177031836389,0.6624142129160173,0.5041982369368523,0.49831379912115364,0.4917488621943684,0.4785935200378855,0.6488101559132049,0.45592711077914266,0.6394201712406696,0.7046702370802265,0.5251742968760253,0.5193937138254431,0.5570471570868523,0.509906625391698,0.3837270634983778,0.5048176162748492,0.586505730682063,0.676938263034451,0.4998733298939913,0.5963673019166057,0.5857262359786627,0.5447735324759501,0.7660203543944011,0.6186260876299621,0.4881961321845989,0.4818740889801521,0.45674663216099215,0.5347659131098247,0.4716888483190761,0.5949059990440303,0.4891711998347554,0.5778248683739198,0.4521416567621521,0.4814861520054932,0.6960587098359656,0.48307496475753764,0.6043884208963767,0.5080070378748524,0.6035191327735671,0.5929592440961116,0.5528959466377853,0.4669868573254871,0.5059392815463356,0.6438311401584428,0.5691447920814876,0.4536914554068465,0.5647394687841457,0.6400110908632524,0.49598306160138683,0.5882095076353826,0.6114290833058592,0.6930617384136956,0.44534328540061885,0.7371287341813187,0.7706376708159542,0.42872403747849963,0.508663191516704,0.6537165152388491,0.5242975729350681,0.7041335119812213,0.6239145857403712,0.6056224134334439,0.5629029483955416,0.6008955995532062,0.619101642666197,0.588465418177293,0.4310639303437251,0.497849413176254,0.5129722703056712,0.6248046812168355,0.5241761501370045,0.547431492756373,0.41062917147676414,0.46975359209817535
arc_pair_578116,0.4165837276509363,0.6329121871338094,0.5262284591715367,0.5884756572566335,0.5946562416155324,0.46854362122046633,0.6380863825024614,0.5802927364989268,0.5255232042565904,0.5114686465082725,0.4202118797597213,0.5478126746414292,0.42878344170002414,0.4775181650756391,0.5130576539898127,0.5957792480618628,0.536824778588159,0.5963466343074801,0.5177394925156885,0.6326160521148471,1.0,0.6369857176140096,0.5610537829664796,0.5417134127392101,0.5522594249959195,0.6545583509591131,0.5649028427961349,0.5574299203924771,0.5068274896466539,0.6235704488491381,0.5687298312466826,0.5876235558527984,0.35486566212088466,0.6329680937569487,0.5842280552428124,0.6387069961294773,0.5770916582447996,0.575936360886458,0.6375741939892111,0.49592443131116204,0.5878029909748647,0.5153225526830523,0.5818041354158003,0.5192724025104127,0.5791976552487371,0.5725317744329316,0.5706374967773445,0.5126432544345052,0.6025798108207917,0.4869219037608426,0.6015015937518293,0.6946574457688885,0.5528791667759991,0.5773978669990802,0.43663896663540613,0.5178289769557061,0.5717424244785896,0.6690830361030486,0.6791321859100811,0.6105089531865747,0.6561173904080557,0.5464828975865552,0.517401199459947,0.4427297729255989,0.6330842291426154,0.6285374117237766,0.6183657201131197,0.45336382828008265,0.6434909947494479,0.5405512253009527,0.6590615274502599,0.5724397470885781,0.28883460167582886,0.4786243866892033,0.508353168810815,0.5614911623541993,0.6557221294266389,0.5543857849440926,0.6456899162406216,0.5641781738081408,0.5702920517153577,0.4714431316355537,0.5027688370492319,0.5718655345255995,0.5255562106088468,0.5337488944288783,0.5813683218580397,0.6421363006080998,0.6511603900577371,0.621692948115488,0.6144188007007972,0.5940258362902886,0.529236434837984,0.37687365943668216,0.5406612075644973,0.5634991239307029,0.6563705848731706,0.4513066918356371,0.5640419661222731,0.6237763120700834,0.608438091228024,0.6675444705041982,0.6371244841001391,0.4522673402179246,0.5706910234657326,0.5217052976875505,0.43544582977109464,0.5314059371612763,0.6042061137767804,0.5238088659607643,0.575628733155605,0.46110862094143007,0.5396866469324774,0.6972309960808105,0.5798699980384092,0.5643040176841324,0.5954050361725209,0.5726240417252109,0.5974080748707495,0.5775211993099785,0.5992992527085927,0.5180411440818883,0.5209447023319035,0.5654253006944557,0.4772204545740245,0.6011391578787869,0.564635633670129,0.564481943076189,0.571583899836567,0.5505799343427465,0.5876021677675318,0.5324314893408837,0.6050386372038428,0.7251890058022119,0.47150197316373677,0.6224008140167198,0.5841877366273768,0.5920270080532998,0.5711284934277446,0.5603953822457685,0.48724014992243914,0.43003944703227703,0.507255747766442,0.6376721666666813,0.6156835854250827,0.3764366036523352,0.5853574803447269,0.5615587718882628,0.5774059034694463,0.5942542940350707,0.5722494616806264,0.5175890131898889,0.506812758992857
arc_pair_307953,0.4667291068480517,0.6942700799510624,0.4400687057563799,0.6100980998261957,0.7701497909163382,0.47191524591877976,0.6930734831356146,0.6380257285724591,0.45878999275636323,0.42413924626653055,0.42304661816391015,0.8120783714034869,0.37775724496487406,0.5164135776286646,0.8196146179687442,0.7163268269919254,0.6336104101987375,0.6496650808516075,0.43730290032949937,0.5018618935669984,0.6369857176140096,1.0,0.4620751130052171,0.6383425245974103,0.637919875344279,0.6111681224641662,0.6433969670146313,0.6362507715803006,0.5675040474994874,0.6867638521967931,0.6255457334423472,0.7414207332546243,0.39098584525456254,0.7780062653700083,0.7082684657188989,0.6827049482802682,0.6294533478556452,0.5986193487702915,0.6699171922406179,0.7860906338475763,0.6644650246580658,0.6548251746533303,0.542142038752236,0.5209607413019115,0.6987837952300344,0.5177082043213255,0.595932943350766,0.7742019431133031,0.6081665148527574,0.5640381591866086,0.67274936121817,0.7590108905173986,0.580352489847691,0.748806918827481,0.49665275872522996,0.6834722289189911,0.8025640510806149,0.6305889894561933,0.6992328562888801,0.7327999459989233,0.5949295977937543,0.7256325781157161,0.6844758018503281,0.3688123102510204,0.6884148375243073,0.6286716950064051,0.6962431243530935,0.45490928145081977,0.6114755654955726,0.4588757631657937,0.6814161455650978,0.7626660905535739,0.20079576681471475,0.5872556488351429,0.43091070510834634,0.5719536724473281,0.660655262242403,0.6748813148441002,0.7103196874067579,0.7664946612113437,0.5645175508605036,0.4932019929360385,0.7650425542912355,0.774893929097462,0.6695959966178395,0.45365740278274075,0.6242588830864756,0.5633333784162791,0.6212607755982166,0.7049159488948723,0.697820209229624,0.7380999108819021,0.561391841367048,0.40313638496695176,0.5660144925826198,0.5443426134067064,0.6266901433626718,0.4169042996658892,0.6375937828586338,0.7527345515931979,0.6922489886349413,0.5847176128949274,0.6719947091026348,0.4479001923468771,0.6931361343828661,0.611103118890613,0.3394558803401187,0.6770672525911666,0.6756027889956316,0.6754114022894462,0.6619561334589439,0.5264852120004762,0.6880135437703815,0.6969471819908506,0.7566082584279998,0.5417842300210477,0.6467722395831028,0.6069387060920196,0.7588882122147532,0.7718921994493096,0.7342310810651654,0.5277972708559663,0.4428172051850643,0.4835861076596287,0.5565462527502596,0.6793289799428869,0.5144792296960597,0.5918282699040037,0.572672536363756,0.44242856191268004,0.5504877931470238,0.5339046651422572,0.5752370394187275,0.6517803324922075,0.5347441298906964,0.8228839714740909,0.523604695146518,0.8333794298388483,0.4705677323876508,0.5121243512535028,0.3797389365348148,0.3084406246407528,0.4600045545923885,0.734863109238754,0.6799335609337116,0.3091093746852434,0.6336953626653673,0.8105597174311286,0.5584708891493808,0.6678520922692743,0.6516959425166011,0.7879681651999395,0.642573327826391
arc_pair_313438,0.35194573471067114,0.470600588182659,0.6268816172053997,0.45042241401270955,0.4396344831244371,0.3939068102523641,0.5264443426754661,0.5217065264622854,0.6210238618412685,0.5964426007858732,0.5204925474861223,0.37227048048146416,0.5954032398860251,0.3936813589593397,0.3603091575771662,0.3863593733707665,0.44986072617867245,0.6251185885137469,0.6441279106750941,0.7569095555249438,0.5610537829664796,0.4620751130052171,1.0,0.3883718846189901,0.458824855668696,0.6829497172694318,0.50791401495526,0.43274017850735186,0.5026513164146627,0.4482958890600207,0.3663996925746053,0.5183520771704375,0.36217421697700497,0.4473719216181057,0.46795603371362277,0.47238513051450287,0.5113899326787763,0.506853285354313,0.5255709724139999,0.3884008543300873,0.43194792693381967,0.3569285333655034,0.43667329746920525,0.4018750143703021,0.4668114354463423,0.5890643233937105,0.44909397371971954,0.40926558216855946,0.5700591512886083,0.3654970076920143,0.4778953001510889,0.6442565188714164,0.5239393051961584,0.4473564907445683,0.3651431198985421,0.3973284719357561,0.3658765366091354,0.5927498929940912,0.5234164135729349,0.4630778890372774,0.6900331674528212,0.43314342955475166,0.46175566871941875,0.5162917157581507,0.5885951012648609,0.4475020654639857,0.4427648228278847,0.4476558043900241,0.7080429975283882,0.5811854088887171,0.6424063432925964,0.463279639932742,0.5795020616480011,0.44822654644169335,0.5521010077076425,0.4614283384558722,0.5086648470287992,0.3957369784397265,0.574764827791665,0.40506936700211116,0.5693655972375148,0.489984349897294,0.45114151298423466,0.4393080142033712,0.40432107467556966,0.6134923998575955,0.3891716664850188,0.5860734116832177,0.6230171822247946,0.4602945927542818,0.4432262546433631,0.48009560180376776,0.45816902858669006,0.3675807467167675,0.44120869400967655,0.5224245793174433,0.670979478285915,0.4992493198321811,0.5107613831963916,0.4984368162248119,0.4636546970851297,0.7599492639668426,0.5841226834776537,0.459640653050725,0.4358901876763862,0.4135999572340783,0.529759837158941,0.4332629488431969,0.5151592463802552,0.4458209056111104,0.5529161816823421,0.385826219613544,0.4126028691355349,0.6125007757559184,0.4206933286191725,0.6287892020453063,0.4971050722192539,0.6282776473146982,0.4796558186057147,0.46758951393486986,0.3901830717325005,0.4220437266834081,0.6998637770292844,0.5129392822950164,0.3717157368290201,0.466995321795231,0.597869921076104,0.45185797139219475,0.5526867738962736,0.5622443900669791,0.672870190297668,0.3862646878912423,0.7151733221000807,0.7188107948793584,0.381177619114481,0.42862759734288663,0.6361859044356538,0.44625633665391173,0.6873791484386812,0.584078414524852,0.5950687667463634,0.5419755283614615,0.5883370685753513,0.5333878559092531,0.48535919586295917,0.3889329230011108,0.46991890348380916,0.4171718977445536,0.6523950867920029,0.44087354241142357,0.4738749632588099,0.3741987906343077,0.3862261871248296
arc_pair_203062,0.4082093420911806,0.6310024966799062,0.38121802289180373,0.6159704328632913,0.7028958404718745,0.438355297949598,0.6355739125165499,0.608726742306895,0.45429006570128755,0.3713920403894055,0.3192700305704676,0.6082079012784172,0.36838472973853575,0.4481006979644093,0.5665713787583087,0.7401544904110198,0.610501864355912,0.4789452594368651,0.40322797945884997,0.44466328864841403,0.5417134127392101,0.6383425245974103,0.3883718846189901,1.0,0.5614774801311105,0.5469269076523212,0.6612816468749475,0.653224548679579,0.4103089309677022,0.641628538763102,0.5807641647949111,0.6433844989936292,0.3838474035311475,0.6970426580504296,0.6844343610964074,0.6901873094341606,0.5937295390001794,0.4775669926404318,0.6521779438934453,0.534701232040627,0.7145568375413625,0.6251065345778137,0.5184958801016432,0.46679888440485956,0.6231592028348024,0.4856702803564031,0.5515364059421126,0.616723681977384,0.5892866960200731,0.5633915565725585,0.6168488509803017,0.6230684610142374,0.5187368827785114,0.6857507208191805,0.4396825519999717,0.6976055709525427,0.56882771478634,0.6018072720222967,0.7012013209301026,0.7021705648180877,0.5485448714321229,0.6583374686117683,0.5536846594766014,0.34368942374129124,0.6001756284100263,0.6480685094628893,0.6692468565826523,0.4622213489627469,0.519390648567129,0.4310282072756739,0.6174617954886841,0.7097630887307903,0.16015707545875119,0.5843100514393729,0.3675849069461814,0.5419180548420143,0.5970416663654936,0.6562173303708223,0.7264439557605066,0.5958313625356518,0.47682045167749965,0.45754601421430036,0.4974054066834692,0.6573565831734596,0.6750615754966058,0.39288501869917314,0.6353798562971849,0.5595176769204258,0.5853504327153972,0.6882487931173549,0.704881742895497,0.5969358419839007,0.5105177039050618,0.30749098338354947,0.5375083727556713,0.4691690808334646,0.5450783748504632,0.40631632065507217,0.5584831007773501,0.694550291477527,0.6854261301191485,0.4987495924151131,0.635516487795783,0.43190453318829164,0.6068033818050017,0.5903357738669296,0.327844572255251,0.5297278903942128,0.6011322387324848,0.561407264843851,0.5633610063568865,0.4368819947423817,0.6499077890336813,0.6020418435021502,0.6750634129969973,0.5001257604248274,0.6198810167882098,0.5211039662398688,0.6003681485352764,0.5714859157025278,0.7937156045869141,0.4842019862733863,0.35201100572805744,0.38166545242301025,0.6257754079509176,0.659371228238228,0.48507411238748716,0.5498666523453517,0.4832737992889341,0.4037783446550961,0.4729926489643558,0.5988020195726138,0.45518278071150214,0.5430547884170379,0.5002636326962581,0.7109688571319958,0.4357075743386419,0.6158383467006358,0.4534693751046895,0.4496512102046667,0.3563690566633006,0.2757467820456367,0.45365561735192783,0.6600757809767863,0.6443292230024256,0.2909376878972374,0.6604428192570382,0.5644129491822663,0.4575835251625328,0.6628911678918844,0.6317652253921002,0.5117607946046675,0.5176701885204257
arc_pair_197122,0.36198107012991554,0.6625024678234754,0.45147232237988877,0.5256554875011394,0.6539599863600059,0.3900516964012324,0.601907406839218,0.5958491066380535,0.45284534928721554,0.4192059288083917,0.38980402311607276,0.5696381296388014,0.3974148498312169,0.45244263308887434,0.5648615154055043,0.6429002955423185,0.5362030876481989,0.5967976237019009,0.44997827289317366,0.5712307596352878,0.5522594249959195,0.637919875344279,0.458824855668696,0.5614774801311105,1.0,0.6021428787016668,0.5954846301899425,0.5391254484122833,0.4517030946018479,0.6001770393028021,0.5657943763262997,0.6529395637963382,0.318888649915966,0.6621207403033709,0.6153716980745889,0.6251425900008862,0.5946656430156164,0.5672812998826365,0.6482126381029152,0.5390491681279828,0.6521116865923318,0.5132708937032691,0.5073099122663199,0.5153169038121739,0.5571401537667723,0.5464831754551703,0.5602303713939064,0.5921112668885534,0.638098047475209,0.49486442301729155,0.519492754534516,0.6758075123148812,0.533913044288363,0.6098297157774487,0.38217472194666413,0.6123503380183245,0.5706831167437802,0.6249482529206632,0.632648070685418,0.6290672372856193,0.5854790390666414,0.6062564407004437,0.5126214104370181,0.4411677775424831,0.6584764655241008,0.5706698038885072,0.6305455809461895,0.53386425614579,0.5995273897534454,0.4708491270101687,0.6891145742336603,0.5897426778152837,0.20227582718269713,0.4759446894086266,0.5059221760580074,0.5564929834624709,0.6219941817381159,0.6224748867820873,0.6565710223265094,0.5655617531679656,0.5907419403110632,0.4389870329939732,0.5490237425911144,0.61321120317412,0.5610822998022952,0.5038074359722219,0.5392785598751036,0.5662532398208087,0.6049915072550548,0.595586270672804,0.6067254008417219,0.6137455124853335,0.47254067269566113,0.4020947218460005,0.5261962090098066,0.5044810586675084,0.5889436880486059,0.39834591617622034,0.6198733342601166,0.6551485470853758,0.601538729425363,0.6074254689899143,0.6239076311195431,0.3960367307796075,0.544175934767377,0.5997025132789038,0.30522564980280453,0.5218329274734232,0.6231395238125357,0.5746316959045576,0.5578110938959125,0.4500834351386903,0.5482784268282278,0.6723008304597355,0.6390026230401114,0.5201589722595568,0.5242801300408706,0.5617980232438602,0.6772712712686487,0.5941211760155563,0.6374804266756884,0.4894441924095491,0.4320496400553646,0.5213919023840166,0.5434742361745563,0.5933090040521294,0.5443577671661426,0.5129772801099246,0.5326085239357382,0.45557182492474285,0.5290343877952642,0.4975349799995331,0.5823653427171219,0.6398316368455927,0.4645716290676871,0.6292220917419812,0.5949764112527698,0.6496332739430913,0.5440940984058995,0.5232273647592414,0.40659347846655053,0.3262870170134105,0.505906638004844,0.6541796373079678,0.6593196232979924,0.3525987539022513,0.5754235984822185,0.6275578244311393,0.5013470497819809,0.5473867693644406,0.5683313009292352,0.522865442214811,0.5104191558974729
arc_pair_27742,0.4335725969378823,0.6179687923073733,0.6214279226335524,0.5937960310728959,0.6443343879287047,0.45342884410796847,0.675530547255218,0.6084534341278188,0.5912891873295966,0.5923464398021749,0.5375601655207878,0.5159856885576717,0.546966159776857,0.5003063974337766,0.5476363638456859,0.5980814026388008,0.5888454705928392,0.6382224284682804,0.6384499716165596,0.7138015570537187,0.6545583509591131,0.6111681224641662,0.6829497172694318,0.5469269076523212,0.6021428787016668,1.0,0.6251981384528879,0.5942185861877709,0.5308886479330234,0.6007732520814115,0.52703394234635,0.6460510520818359,0.4542727340172824,0.6472599348676867,0.5673394420480697,0.6841006150801483,0.599810017142927,0.5960435473867052,0.6688415419130401,0.49445877857879666,0.6060290643587003,0.5404474245982201,0.5609906312195868,0.5281680717082822,0.558436936142616,0.6709714781837125,0.6376080835747531,0.5425652627648774,0.6662502994180726,0.4984831313755433,0.6472487483400274,0.7318109125537556,0.6438533726234739,0.5901963395160645,0.4317387242834863,0.5506422286610564,0.5208755838326339,0.6817964074677416,0.675015832771209,0.6161823707640419,0.6787569382696901,0.5657951131826603,0.555695938865846,0.4768571350191265,0.6812022937622334,0.6423322429778433,0.5976815321073191,0.5138515269375553,0.7018963069592902,0.6065549777904875,0.7314830616693079,0.5979055532698206,0.38301689631952496,0.5072434333686662,0.564768768124725,0.559552182974342,0.6732399197265112,0.5868916153285546,0.704987086423875,0.5277038648487887,0.6970452523588392,0.5479374928428941,0.5944533276237377,0.5814290476045193,0.5930280049484755,0.6109118676193879,0.5287098997156277,0.653075502236632,0.7257993732695986,0.5853681367887205,0.6191126963378674,0.6145888415071196,0.5663219799460166,0.4049380679341526,0.5764970775837129,0.580763807225511,0.6898422126663564,0.4758363426021189,0.5964308679635889,0.6590193071695588,0.6560128972614798,0.7530871570341859,0.6728067940755408,0.4809676073780016,0.5450866722345211,0.5441677265161031,0.49200951157174133,0.5174826271770371,0.6680686881313297,0.5550790652801235,0.6474411039634778,0.47818306071943606,0.5468695275659482,0.7629647267405136,0.5779716556182835,0.61488719376665,0.5850114011250194,0.5850035572953979,0.6343689431144005,0.5760319394045776,0.6059749674752178,0.5413063511438063,0.6027920311807871,0.611238951877283,0.5150412678367051,0.5974826367890473,0.6602710315692671,0.5461070154097618,0.6220879176788097,0.5848967925921699,0.6492830425833794,0.5238158408366054,0.7032097480727989,0.784557066627013,0.49034237747296616,0.588599995314428,0.6204844606818161,0.5646668940371781,0.6799297080905241,0.6048643622336709,0.5284790547472438,0.5080786775474019,0.601730229554937,0.681296792067807,0.6353400998627823,0.43602731993646593,0.5932921129536846,0.5891439351949379,0.6410948971212509,0.5643743224290428,0.6134115602192193,0.4490965350373217,0.5144496866366927
arc_pair_255622,0.4361381924518255,0.6510606499443714,0.4556450934659553,0.6525309788694054,0.7574714596087206,0.4214609137252221,0.6461628820458863,0.6042409549658898,0.48840516647838056,0.44651266506225296,0.4277713165147411,0.6395790683397466,0.43958609206255506,0.4698448431933699,0.6544394392607438,0.7164579261641858,0.6520979379549019,0.5846262849455645,0.48446671844114875,0.5871777420300615,0.5649028427961349,0.6433969670146313,0.50791401495526,0.6612816468749475,0.5954846301899425,0.6251981384528879,1.0,0.655539924602716,0.5398902141518038,0.6505177993011025,0.6498785161941336,0.6460375271813937,0.3687407796234781,0.6911483189533774,0.7909259180039093,0.7689254914964093,0.5813607705279328,0.501047458751893,0.6936106431601488,0.5584600626052805,0.6966405225572081,0.5859799355209574,0.5794891261460614,0.5055161970792605,0.627334566149885,0.5761896598075879,0.5907963724545575,0.6790360697837265,0.6242208841511346,0.5407564079609506,0.6479867371894641,0.7098357775708,0.5589518785197595,0.6643846074718075,0.49448159737100206,0.6619468973239463,0.5925399567132011,0.6186998844841334,0.7269058523074988,0.733675267507264,0.6228894502807102,0.6846238943244226,0.5799365426533181,0.3766337971120264,0.7991603168042686,0.6056468695809382,0.7614642342059136,0.5238315175654867,0.6244135776548811,0.47649284830953886,0.7084677680618126,0.7215700239344678,0.24437271643163724,0.6107397272426025,0.4458610946459281,0.5342955170666281,0.6760818795335449,0.699246371615837,0.7934080092576066,0.5872599027566698,0.5733190410035252,0.48964269680278383,0.6371859078303913,0.7246645660655465,0.6428068506842539,0.46062666721641965,0.6943238498100801,0.6240565294114755,0.6623631162254334,0.6425176407510952,0.6983540643396899,0.6568233110168475,0.5892025233505929,0.34625553851146135,0.5522603519050301,0.5502738769025348,0.6393444610562515,0.45068095558074267,0.711788131643293,0.7934650229612163,0.6880309330651027,0.6229440533046651,0.643272988255751,0.4799065054592921,0.641757300587571,0.5778618088934488,0.3924295842733484,0.6037348710176326,0.7653126610852727,0.5920137126301852,0.61353476690233,0.44400191896356667,0.6279560672503756,0.7006233587313825,0.679146322856941,0.5827111614610005,0.5906656952923451,0.5630018289825397,0.6854317970923972,0.6561931670235233,0.7522643159659165,0.5290072640833523,0.4526162706495978,0.4558089788967241,0.6024511256746681,0.7026290701797397,0.5426111515523726,0.5703842148328037,0.5974519048710474,0.5079457806852203,0.5589684640854098,0.6375515375394104,0.5644565299844703,0.6579701619644545,0.5311400999482322,0.7438365670404244,0.5336855282196963,0.6178546775907949,0.5342092340907315,0.5002845650579794,0.45456083172698064,0.34728573099908916,0.49992942111128075,0.6480921430917409,0.6924166827146149,0.378369905177236,0.6478172539313287,0.601247350004382,0.5386427337294262,0.745639965274245,0.6711393735528446,0.5511592573694288,0.5632502144857072
arc_pair_139628,0.39081431729198574,0.5671025381134346,0.42630045087980856,0.6125598391170395,0.746511486579921,0.48888750490601435,0.566249377913722,0.5241176050390252,0.4291052837353996,0.41174566262501655,0.42094701987200334,0.5777514266167133,0.38536841743240735,0.42951464945531537,0.6061344073477867,0.7045611292058482,0.6483258852674142,0.5325885139298571,0.44860287262271414,0.5207874075715982,0.5574299203924771,0.6362507715803006,0.43274017850735186,0.653224548679579,0.5391254484122833,0.5942185861877709,0.655539924602716,1.0,0.48783845200069975,0.5533287169098878,0.5597992123511158,0.6621846126381494,0.3576538371208036,0.6145740485984733,0.6630111362726661,0.655022931344154,0.5433029898329851,0.4925275794567853,0.5916314838101804,0.5538543792382066,0.5860241132856744,0.5858364922119637,0.5468046883879313,0.4058278516110026,0.6015794586345553,0.48348249083365963,0.5196241885270044,0.664629639298615,0.570559157733822,0.49728028718299494,0.5753106606499923,0.6308105772900003,0.44834867731623285,0.6230456109531654,0.4252032439195746,0.6262032443158034,0.5503111530031453,0.5170251477876525,0.6457818012472428,0.5979901554508794,0.5242865819880832,0.664190466927996,0.5837540152632074,0.3618565895650274,0.651715264093025,0.5563600045693714,0.684181354948057,0.43278921065234044,0.5636846991685391,0.4905872566629932,0.6080985295395084,0.5840663330928739,0.1919013169726838,0.4859258501430181,0.36867251099635695,0.5268764825310165,0.5524726974243503,0.610615579399794,0.6579825108504139,0.535652597794275,0.5347087964053043,0.39102627170007814,0.5823251123049759,0.6504548989469975,0.5869666802838335,0.44691460675439854,0.5751068131127338,0.4902722107340003,0.6184050592170977,0.5523641040440782,0.6662059150632149,0.6067181331159688,0.515836430537211,0.2830362151901461,0.4914594005216481,0.5463940214554727,0.5580233885218195,0.42979847715743885,0.5836196524339304,0.6764366190612123,0.6322587899271099,0.5819509136503018,0.579173674654846,0.4438999664120098,0.5846796881894862,0.5093371534347709,0.37798700277884295,0.5798060798912129,0.6591683869194837,0.5090811547953106,0.5622145895952361,0.4099886051167183,0.5969338293782216,0.6119048152743133,0.6237856136297264,0.5362309263162574,0.6320846518536531,0.4996239882500158,0.6436464653217349,0.5683142719473718,0.6718671754254099,0.43787371433761174,0.4134401306300076,0.41091678011549815,0.6356946559022209,0.6254984215185951,0.5108064386314893,0.5718106018632657,0.5144195666244781,0.43816811798335864,0.5032350581606244,0.5262643727333188,0.508275763780252,0.6510891478437547,0.5108839371897992,0.6906693232046053,0.4896219470593414,0.6172308665930101,0.4413634668607961,0.4622102530969363,0.3799411342437787,0.33657802590150654,0.4812629308982855,0.6036527161559877,0.6387680664698406,0.3289206326916106,0.5597835423104065,0.599942622796905,0.4873584542828566,0.5826088576731956,0.618308687604257,0.5168061528066407,0.5787807523519695
arc_pair_58054,0.29381650927392006,0.48172896936821175,0.4849816849966539,0.43394410610669126,0.5386913139563676,0.36828569945952383,0.5289422626489214,0.4881815794041488,0.4275464775702614,0.4066009071664444,0.3967362744562316,0.4728773424213794,0.41033732915528875,0.36060236834086495,0.5738021609716765,0.4494269673373389,0.483927139912067,0.5495311278566218,0.4286755779741504,0.5374381392318651,0.5068274896466539,0.5675040474994874,0.5026513164146627,0.4103089309677022,0.4517030946018479,0.5308886479330234,0.5398902141518038,0.48783845200069975,1.0,0.4917007874061513,0.41861745310217563,0.5251147801414372,0.3036852706649338,0.5104529580228955,0.5089545883150522,0.5390658701839355,0.48405747873271043,0.45190309798462697,0.5310218461249991,0.4951358050222927,0.4600461211366422,0.4476978394124499,0.433365700259548,0.43561398551939706,0.462586390855624,0.4614352342909271,0.4386857344579208,0.5191169511028054,0.5375628757020077,0.4052295268548791,0.4874489332531509,0.5553192988948333,0.47213075197257054,0.50890475288892,0.3959807625120757,0.440429879650734,0.4862506991876821,0.4830425177901269,0.5751317315855142,0.4848128389541505,0.5453828529109345,0.5051573439532268,0.5289062213766992,0.4298982391958138,0.6114489947166742,0.4426317478141198,0.5012981180065703,0.4017076829609695,0.5638324682303344,0.45583257394319143,0.5619721752034323,0.5282404804247205,0.24896392621579372,0.45422099213384537,0.3977085655891328,0.43254171408066083,0.49529627890352024,0.482644871416174,0.542129470389694,0.5407634179345311,0.47372517849760587,0.41734675090834444,0.5704049072988416,0.5717507742067145,0.4755307377206195,0.4443173316792251,0.41728104365987495,0.4798988884449615,0.541599338992698,0.48706242294079083,0.5269456359897856,0.6168056066224729,0.4749083791458293,0.35024003546477606,0.42098184573905356,0.5146679536663271,0.5456390984945397,0.39426744367489297,0.5198897290425375,0.5643801437949324,0.47859287317810467,0.5806391734807612,0.5700485765016031,0.37551118595110416,0.5314051052665577,0.3788941793628922,0.3737528262535371,0.5152884985195093,0.5703090374200145,0.4787778675301385,0.48361067470195085,0.4244590846142713,0.4816408218641102,0.5346025747147305,0.5111288742194994,0.49080267524544885,0.44701911691432916,0.4886176265968766,0.5808439184934796,0.5706868851862597,0.4773217012294149,0.41328232609981114,0.4436942795785132,0.42088636709289956,0.3727999511477113,0.5383433382174321,0.49385006400907366,0.4165201221342736,0.5044311894925836,0.4743239618907601,0.5032543217617667,0.4367340389418028,0.5311723341863894,0.6062081452239116,0.4041493942163717,0.5254684038114461,0.4778211889982221,0.5513015316923224,0.5103702180101687,0.48460063113721064,0.41309350674082923,0.3622954281560725,0.4278317361144037,0.5603050860817518,0.530304452536079,0.33721854807629664,0.4413242545443779,0.5757654935652111,0.5058354321759448,0.48011371237423034,0.48356944016415687,0.51610331511918,0.4726527437593355
arc_pair_557730,0.47116619625830575,0.6873581275092526,0.45812349241628414,0.6132105504738412,0.6762885055995912,0.46159768758856384,0.6767819088988567,0.6539126479270426,0.488701688819172,0.4487329919910224,0.3886873372747053,0.6372437447542997,0.3663687579557408,0.49949958158125696,0.6065547435679386,0.6974322082967868,0.6301149135846448,0.5977015376967062,0.49568774172079283,0.5292738482035534,0.6235704488491381,0.6867638521967931,0.4482958890600207,0.641628538763102,0.6001770393028021,0.6007732520814115,0.6505177993011025,0.5533287169098878,0.4917007874061513,1.0,0.6071754063065319,0.6816674691057205,0.3509678958662852,0.6840401803780426,0.6981680544186848,0.7055602189135215,0.6197617778068011,0.5799510760614063,0.7278133203521157,0.6099438412148879,0.7289017744765246,0.5953347666381885,0.6076182129380933,0.6118035981156692,0.6049911681422292,0.5229856549269226,0.6263543268743571,0.6536659983531601,0.6726513903659828,0.5032105713743548,0.6024980627235937,0.7374358019155778,0.6386660807441923,0.6938622225747646,0.4864505264877534,0.5864029946235255,0.6088253667038366,0.6374812944178971,0.7345104278186795,0.731035766778473,0.622973558130582,0.6738959078862444,0.5673405206807604,0.3606076804615621,0.6618766229572297,0.6461487334360074,0.6892390917115367,0.4834879119335963,0.5969132760044958,0.4705031580507487,0.7174876544464095,0.7224348399473194,0.18975226994870628,0.5562845869361074,0.4669465918969621,0.596836829714264,0.7275821091290114,0.6792569436404927,0.7183904173388304,0.6440388045914557,0.5244212776625103,0.5046454151123932,0.5604966929967822,0.6790633297703479,0.6748817434192124,0.4714235146992702,0.5873642543615345,0.6325032626929871,0.6997257179465289,0.7093785196285843,0.7216387125661367,0.6462361783409838,0.5339272667585196,0.40216642339972125,0.5220618921789374,0.5588939186316038,0.6129108248615778,0.3983444291996508,0.6178336676885287,0.7626213452455457,0.6866948194678663,0.5781076104384097,0.6979752021369543,0.4925761688537383,0.6344548826821884,0.6074027770223652,0.32513123000670935,0.6093138857342987,0.6223951333745733,0.6474191670419379,0.5998838064606731,0.45830527424045814,0.5812772714792251,0.6835057843770399,0.6663055614208545,0.5308227789781755,0.6241856330566123,0.5904573468918154,0.70035012470685,0.658158068540168,0.6978277290276818,0.5554255330562043,0.42411220171792263,0.5072500011330372,0.533230136076542,0.6781215889162368,0.5321005094530569,0.5866343314471922,0.5794930431503857,0.48099409749941224,0.531012615050613,0.6226894618535317,0.5803505041447743,0.6527367410808965,0.5033361520871822,0.7147213474478219,0.5114213449678336,0.6622817805357041,0.4971995674588768,0.556751387066355,0.4104100016891145,0.3176647011197533,0.47416109876261925,0.6595739377566998,0.7240837686668644,0.3797378679260211,0.6591303846281328,0.6160099493878238,0.5317661283983828,0.6519465002416618,0.6498175749283703,0.5799945119757139,0.5451262831063687
arc_pair_610128,0.35807962460824744,0.5954337700053999,0.3896607554461563,0.5750386206891558,0.6152597711003429,0.4090103962138531,0.5958633669064933,0.5444804278063706,0.4386238137757659,0.37261490670876835,0.3213672222427117,0.5933884200924393,0.31798978519260673,0.4577228483537236,0.5234272058615006,0.629159785590968,0.58365185422828,0.4782859031226032,0.3731190897170665,0.4603317645386925,0.5687298312466826,0.6255457334423472,0.3663996925746053,0.5807641647949111,0.5657943763262997,0.52703394234635,0.6498785161941336,0.5597992123511158,0.41861745310217563,0.6071754063065319,1.0,0.585393618160293,0.3574082596032484,0.5974210722450872,0.6511172238011932,0.5746526583589515,0.5729058079886278,0.46691578359065344,0.662313266327681,0.48123028455672406,0.6211193022123475,0.5463391846478305,0.4987790242434409,0.46780788294435227,0.6126775113707488,0.46879916168790564,0.500357420575426,0.5851484589153498,0.49460270244226995,0.49272586472289903,0.5132365972609506,0.6368689873591931,0.4596201929572563,0.6255408663574958,0.44527854727132304,0.5559272138374325,0.579607773750722,0.5282336712671272,0.6049509573013353,0.6167824122339667,0.5294950377072184,0.6060909692489393,0.4729145780019045,0.33911059582569797,0.6166031486426936,0.5425714353229002,0.6890788535012913,0.4694997703708351,0.5120980212731243,0.37111353325173296,0.5800123405315362,0.6179705132607377,0.16491941056950607,0.5069369833032142,0.3650075636869267,0.5483600097446153,0.6028062905987549,0.5857584564920009,0.6202480840518276,0.5653294648728684,0.47791380205503436,0.40015356866883733,0.49205319533695924,0.6140890369732512,0.5086796266314991,0.375381197362979,0.6144071892705674,0.5086767803797607,0.5453921459371466,0.605693307043045,0.6371622561774114,0.563414096417312,0.49653430944273574,0.2659753814906243,0.4624317154689479,0.45972476635769904,0.5619876078202218,0.38861029300276734,0.5598359084359098,0.6938895368943525,0.5923813220993001,0.5222695776809225,0.5406475833653489,0.3963967406933683,0.541572280241413,0.5484095565454662,0.2867814965158609,0.5528060556573304,0.576801879768388,0.5120817109005973,0.47477423390257556,0.4119698782343858,0.542356912130668,0.619493270726958,0.6424759199654825,0.4977021785629893,0.5243198654295836,0.4895134804320356,0.6088338896369729,0.609738466917155,0.6395659520560643,0.46845820635649005,0.3575952270324495,0.38173446179362536,0.5581999620540588,0.6067802955869862,0.43809439498346003,0.588109447101189,0.5143485313981755,0.3997903572196887,0.41912290462213825,0.5299168981290467,0.4478483788856708,0.5799351089001682,0.5274231973242023,0.6627813464577949,0.45210052141139506,0.6067270637621142,0.39869941115771523,0.41807233611120265,0.3338840115759574,0.3086089391617817,0.4309404618994755,0.5587354735766296,0.6722089067603998,0.3027599100438649,0.5963244662256163,0.5167596767912868,0.42306429314441635,0.6639958848749714,0.5440359375740611,0.605088921144318,0.4964938188140808
arc_pair_283483,0.4356025518470437,0.6967686454026952,0.4805751357093387,0.5792937854727853,0.7403316756268713,0.4561422523804789,0.6187478745644719,0.6407458973143267,0.4967786833335658,0.46880179501521446,0.4602804137933899,0.6468510052036339,0.4015143555990324,0.47649493880323784,0.6725787375108505,0.6794957117005632,0.6395800484528523,0.6335606055096082,0.5303221773407172,0.5529559254531545,0.5876235558527984,0.7414207332546243,0.5183520771704375,0.6433844989936292,0.6529395637963382,0.6460510520818359,0.6460375271813937,0.6621846126381494,0.5251147801414372,0.6816674691057205,0.585393618160293,1.0,0.36390114139974516,0.6956018442859015,0.6751650012576395,0.6993779629678075,0.5968027483237547,0.5968115309935785,0.6739442601059837,0.6785730506400355,0.7005633597358886,0.58061664569495,0.6118364787884089,0.5180339329400703,0.6063515367106125,0.5675441554531897,0.6445699450390049,0.7299905142526861,0.6324680781865272,0.5244867301713448,0.5971232232260824,0.7464280624881895,0.6061002003355908,0.6741874708497048,0.43744496270920197,0.6963318319671393,0.60980863021945,0.6461089346186243,0.6889192044668507,0.6747471791722267,0.6036097510178444,0.7151751084546945,0.6043688909010051,0.3898343719825984,0.6892162537294213,0.6496124887154139,0.6992939514208002,0.4910459086605069,0.6191326240853863,0.5446423273445629,0.7360890003092248,0.6962723333237578,0.23217668081130075,0.5781607639603334,0.45126084762603047,0.5319235887909187,0.6013862134023638,0.7011689551680976,0.7329846381550349,0.6919014371155435,0.6346647850001336,0.4968467941385779,0.676113599013453,0.7089430287921229,0.6471739157188302,0.4931156349687005,0.6052714755942739,0.6056285039228123,0.6658622740247271,0.6221645553133177,0.6825450159306545,0.791424330519395,0.5397391105924705,0.3813296884224905,0.5385102434001394,0.5688572468623562,0.6285941302416005,0.41863929076729267,0.6398486680672008,0.7137550965300549,0.7337992794392614,0.6628777776775204,0.6881966819523289,0.44649009551242747,0.6007120633343818,0.589409579525718,0.3424971409641482,0.6712133170234019,0.7170928300313486,0.6545776278639793,0.6269606210066412,0.49376527883925536,0.5907399930491352,0.7003665709106337,0.7088112675258694,0.5696205048568876,0.5700173239545592,0.6083609742038301,0.8139043854794014,0.6877075898716293,0.7036835758756526,0.5231828040675477,0.4892248112760299,0.48642222549035125,0.5871101255315736,0.6633823193757753,0.5494232077048328,0.5852527940956466,0.5541949888533507,0.48373121486354265,0.5558460920593089,0.55644390138668,0.6453674435251838,0.6879881914128771,0.5217656337375913,0.7006607984060557,0.5451372668112859,0.7187302874953801,0.5367542476932551,0.606282254021368,0.4088457299928185,0.35837684230782013,0.535515634466597,0.6860892599927597,0.7100778253836076,0.35693538488044707,0.6101208850890927,0.7099108354897069,0.5673667145393652,0.5981730916601958,0.6970861869783735,0.6044741395981107,0.6391468413844783
arc_pair_370771,0.2644433294687043,0.36319459775139784,0.3325231832879754,0.33969281915243954,0.3700912936545077,0.23372304460919435,0.43291406692457524,0.3680242627384198,0.3438638014164887,0.3294882271796714,0.32562867652044564,0.3464500222335422,0.292044277719898,0.35670911403691524,0.3080320194929072,0.371880448376694,0.38231883047436993,0.35755986995514655,0.34837262426430027,0.3587461747380204,0.35486566212088466,0.39098584525456254,0.36217421697700497,0.3838474035311475,0.318888649915966,0.4542727340172824,0.3687407796234781,0.3576538371208036,0.3036852706649338,0.3509678958662852,0.3574082596032484,0.36390114139974516,1.0,0.39025834937575915,0.3904164567839183,0.36494920249384627,0.3544427636454334,0.29389857704573047,0.4053791734931661,0.29529343455623736,0.3785550000858664,0.3583941316963484,0.36258020127190427,0.3014586637732531,0.3716923317874826,0.3490689436124599,0.3578688235393713,0.3262414256584957,0.37194203713336765,0.4167425257914173,0.3984172762478547,0.4674326430989869,0.32575242838195057,0.4022749027772977,0.2707849994998617,0.34178191702466293,0.3309833851562065,0.42923394554013594,0.429722931462392,0.37275368469492853,0.40346817417464953,0.3732396338939206,0.33518640433008906,0.26297719790573065,0.41344964089475145,0.37092608875697625,0.38753313039228043,0.26860968566985977,0.40317206408570794,0.29861876583332037,0.4559549832749119,0.38822383560002527,0.18920853788338945,0.3745718710379465,0.2864444842495323,0.37433082846146853,0.370380170461511,0.32266442676595347,0.4401138745420106,0.32845488647731996,0.3630418250522758,0.32627947293676274,0.3243610190768519,0.3350175278145092,0.36137088673229795,0.2997347072179803,0.373304478406371,0.36289459864080587,0.4328095542828429,0.38987002970461776,0.38618113795596926,0.3449529938563485,0.3213734558999604,0.19428059534879785,0.24847073345531367,0.40141299771618916,0.38324576454420456,0.2511668756603847,0.36969825609181534,0.412649490235446,0.37297565373619584,0.4061428305264595,0.3518543191017337,0.35063120445939666,0.34933698881995406,0.38530485432298994,0.2588664997928789,0.31603687880549824,0.3708844335871499,0.36756005465902153,0.3472428348768869,0.29263998500776955,0.3688215753909876,0.4217875756877036,0.4251819048747727,0.34509376804013364,0.3436138254975695,0.41305206319719173,0.38851272077570215,0.36164101304304735,0.3769736114926175,0.25280609370611745,0.3089269581678078,0.3874139152729611,0.37185928927937145,0.39839363539484257,0.39036495243827934,0.35688600008129473,0.3226360538677786,0.3078749192688747,0.3673738740479314,0.3202674671410117,0.3685204540933555,0.44530109008674695,0.30717419494335096,0.3995629233417199,0.3608465777252935,0.3699063684217293,0.37554594483656084,0.2980701113259948,0.26643556771596777,0.23004486356189277,0.3270435317314194,0.37555556996982137,0.4111515128644785,0.2467905054942869,0.4207908094553844,0.3244402061218374,0.348812921140411,0.3888639993999362,0.3618612577392443,0.3156154680246652,0.28907287068503446
arc_pair_522221,0.46760965883379213,0.7643343149740924,0.4234481423657047,0.6010061381451556,0.7524269229700516,0.433623004799873,0.7187637631574566,0.671274226872602,0.4866058986538048,0.43994203008304517,0.4186740685017908,0.6425666928498383,0.38870097632586764,0.504012001793526,0.6578243213707522,0.7285041043162521,0.62813384388522,0.5950343425067108,0.44471094623499496,0.5440668351195772,0.6329680937569487,0.7780062653700083,0.4473719216181057,0.6970426580504296,0.6621207403033709,0.6472599348676867,0.6911483189533774,0.6145740485984733,0.5104529580228955,0.6840401803780426,0.5974210722450872,0.6956018442859015,0.39025834937575915,1.0,0.682523953160145,0.7579981447724419,0.6523356999252875,0.6015843938758163,0.7190648587817261,0.590499177680736,0.7258333055021245,0.618446534547307,0.565726514368374,0.5224963688533667,0.6626647076590622,0.5781866040092636,0.6485187842637018,0.6580916668801845,0.6392923664523802,0.5660862292484213,0.6053892876034134,0.7628605850250147,0.6211679820338527,0.7174613634594361,0.47578498184133367,0.6880235085398717,0.662484022300272,0.68022571541888,0.7189958620588995,0.7885126528820495,0.5974237174507551,0.6563532154250608,0.6414402191125792,0.40388982762630427,0.7126824575356725,0.6421859378773013,0.6691182543431669,0.4920292511284045,0.6073803926797989,0.45105891991019265,0.6930983858395924,0.7305902567448862,0.20959092688883474,0.5659222779395771,0.47947520659888104,0.5837332225972512,0.6804659910615054,0.700374475565247,0.7137343244772877,0.637611162149722,0.5875330173410828,0.47931626495148943,0.6298841738400948,0.696795447066901,0.6595163803392838,0.4628324095009585,0.66056838667265,0.617485083506033,0.6344303894578621,0.6871895727213114,0.7311853282639676,0.6557591351138204,0.4929723508284653,0.35622468158808757,0.5883685478717795,0.5131525780569753,0.6108919032876722,0.39681488312897184,0.6647808779174074,0.7510162927144619,0.6893827677109773,0.5801846346863494,0.6898983726915329,0.47581958914337646,0.6587892598465427,0.5864379814238947,0.32393598367794335,0.5931326618808778,0.7065683434959161,0.69980047018085,0.6645791314183981,0.5185900549352501,0.6389562771230696,0.693853625895165,0.7405402009579625,0.539531080074112,0.6104320374902668,0.558815448135538,0.7282067602977847,0.6291796040707481,0.777791920860346,0.5972294249389647,0.45014867560583566,0.4618773986868885,0.5872832659630531,0.6580005885189208,0.5575700877938756,0.5878352329640482,0.5665762994208134,0.4589196942588198,0.5339306880218423,0.5783683724146681,0.5849629151653803,0.6658820518014034,0.5294943147629415,0.7417501348657839,0.5154233579844658,0.6769150330231437,0.5110475023190413,0.4988365683890307,0.3877481337727017,0.3552355482803103,0.4891474051061955,0.7362651439539872,0.6835010680864069,0.34738180554454,0.678007549239263,0.6771739730068603,0.5078521292192751,0.6620044966215608,0.6855830501668289,0.612972551651671,0.5595561052540562
arc_pair_624573,0.4834002113903948,0.6361445116999089,0.426785285922908,0.7063353724214891,0.74484348666715,0.4691454121985687,0.6969098909696803,0.6090583943660006,0.5083802439763869,0.45250924680777976,0.40014201203449723,0.6466590713391149,0.39779793493008797,0.49389456445945074,0.6091391990765014,0.7308071633972784,0.6814017868749909,0.5415142344293664,0.47955763703852256,0.51759046333601,0.5842280552428124,0.7082684657188989,0.46795603371362277,0.6844343610964074,0.6153716980745889,0.5673394420480697,0.7909259180039093,0.6630111362726661,0.5089545883150522,0.6981680544186848,0.6511172238011932,0.6751650012576395,0.3904164567839183,0.682523953160145,1.0,0.6827534670785695,0.6241572495904036,0.5335628743948243,0.7170936167622457,0.605536683788255,0.6865091825338635,0.6222089661130372,0.552512955081858,0.5748276111122688,0.7286986553516219,0.49154823522687185,0.5194582454145034,0.6585018245675163,0.605702660707078,0.5773349797075473,0.6632680677135663,0.7463017762303843,0.5665603174222242,0.7389215386382384,0.600974017281548,0.6864976734083656,0.5989696389587794,0.6606714988533299,0.773679122728501,0.7160073842231817,0.6325090794116217,0.7518924562395617,0.5747250511863575,0.3713867362900775,0.7630029615693584,0.5885294136188461,0.8269725118667478,0.4993759415990509,0.6329207216464411,0.4610427585415259,0.7063830756464515,0.7458895212647625,0.19099399031812364,0.6195722382131424,0.4106406875628637,0.5363557369803628,0.6314577388069074,0.6410953971231521,0.7694231925296596,0.635736467967488,0.5563920485729184,0.5170326561178523,0.5810935341711212,0.6993045606066493,0.6143371285096823,0.44153071000601296,0.7061185406813372,0.6236854571148326,0.6751372340749737,0.7427256501025365,0.7802841062448627,0.6584325791900653,0.5996218774873382,0.34661828714495835,0.546144267502701,0.5465445743337995,0.6293611876122628,0.45471051769416365,0.6867549010419052,0.777143465556112,0.7095409296051332,0.6191600223500842,0.654596837341675,0.4883995851397068,0.719592778847783,0.6752175533103116,0.3631360469220193,0.7340767226786057,0.6766310955656467,0.624301449789676,0.6326701762983143,0.4642453144936782,0.6833415625313354,0.6942824194256334,0.7694866028030718,0.5975319136953743,0.676999060557099,0.6417136449365058,0.6574503878308996,0.6929431417803413,0.7351803149462373,0.525108818866696,0.418440824228974,0.4586291625283516,0.6598996341265146,0.7098760909820648,0.5206759596918642,0.5990726403583615,0.6368362658418991,0.4410068346721412,0.5289989534741231,0.6170391934392098,0.520990119238681,0.6466429754250317,0.5972901148065642,0.8503624126290493,0.5277056103078003,0.6900166434000308,0.4962235730613092,0.5307044177087756,0.42650701926953966,0.3296606059427532,0.5290233897833883,0.7092649379564345,0.718462719286275,0.3525648833127745,0.700505038865198,0.5942009318954313,0.5572736173496817,0.7483475747657912,0.6687235484984897,0.61718286989832,0.5299018741998803
arc_pair_144158,0.40830728151092266,0.6772417693959174,0.49514382861396455,0.6442626496119492,0.782076808535893,0.4174180845357037,0.6558306031123429,0.6596827612445199,0.49657190426435566,0.4650839807711734,0.4173211933428585,0.6533981191237328,0.43310079169969357,0.4375205435954437,0.6750887441510424,0.743418777302752,0.6405445004016492,0.6209088691827387,0.507601572159904,0.603315740322527,0.6387069961294773,0.6827049482802682,0.47238513051450287,0.6901873094341606,0.6251425900008862,0.6841006150801483,0.7689254914964093,0.655022931344154,0.5390658701839355,0.7055602189135215,0.5746526583589515,0.6993779629678075,0.36494920249384627,0.7579981447724419,0.6827534670785695,1.0,0.6006536755938314,0.5989760090718574,0.7140768725163068,0.5500859170139614,0.7564824645184377,0.623045865977403,0.6505252949437547,0.4824545816850713,0.616804653342837,0.6202299321125809,0.7164179747463542,0.6729258765831265,0.6680610570959639,0.5186485628873416,0.6584489050513304,0.6897877082862919,0.6188310422208915,0.6887402440376892,0.4245901528875154,0.6967294928733304,0.6317941129030437,0.6928603089465202,0.7586106333371823,0.7240873487456537,0.6378432451814938,0.6772019284058655,0.6212766927690851,0.4195132972424264,0.7238814923010198,0.7128432042787833,0.7106753463204724,0.5090071512791854,0.6008116740957571,0.48240483579647336,0.7251117750326638,0.6991334001892271,0.21440522865919895,0.5836433352690189,0.4953836727910776,0.5880752341031702,0.7569663187474995,0.739043891041133,0.7674292895518866,0.6576716852056184,0.5939865392068145,0.46917912631278264,0.6380154465461555,0.7379553815006858,0.6959043300785417,0.49170402552141296,0.6357015912362967,0.6592334397480974,0.6931720381050088,0.6739660521043906,0.7189278465807762,0.7099695007636891,0.5774236892397324,0.3768506033636383,0.5579306362502543,0.5935836833362552,0.6250406171836344,0.4081179458653216,0.6622441969927448,0.782146090317806,0.7199629638361928,0.600176283133936,0.751519980824667,0.4708989934736988,0.6026790039769832,0.5514080921311166,0.38781222421918,0.546946710034056,0.7792844683815507,0.5873707311280928,0.601280112196293,0.46976894830191135,0.5977074881361646,0.7307182379001963,0.6955775866382352,0.5425873835035595,0.5986911168682176,0.533769285463791,0.734284764317972,0.6685384849392272,0.7552789997516566,0.5507734450498017,0.45175010206819144,0.48906827226832345,0.6047414658591237,0.7080569195479558,0.5956134145445949,0.5635571921019569,0.5509020133910084,0.5523218074036866,0.5647570701390925,0.6042532441314646,0.6185392674397505,0.6963963120090825,0.48034093805944017,0.7119096046303193,0.5404139772688823,0.6341517933150327,0.5643057257741612,0.5446918289708589,0.42532238751346313,0.36663692578529783,0.5064826150211045,0.7060096532177116,0.7108864404004236,0.3900066430961273,0.6151749337248837,0.6628511817114983,0.5540486807825137,0.6933390090893935,0.6844323995093584,0.5287567304227785,0.6318485351698578
arc_pair_257950,0.38295895716046935,0.7274599248619021,0.479943531477218,0.5820465826264242,0.6154880129759603,0.45587128605043575,0.6763957375771104,0.6048823897556168,0.5270362036723331,0.44362545267191345,0.3791671126790423,0.5886320149223714,0.3854102696126502,0.49943018927324057,0.524923733168796,0.5744605941452933,0.5556786089719935,0.5427997312267945,0.4704551084134461,0.5899954185976038,0.5770916582447996,0.6294533478556452,0.5113899326787763,0.5937295390001794,0.5946656430156164,0.599810017142927,0.5813607705279328,0.5433029898329851,0.48405747873271043,0.6197617778068011,0.5729058079886278,0.5968027483237547,0.3544427636454334,0.6523356999252875,0.6241572495904036,0.6006536755938314,1.0,0.4997138348072145,0.6623603138946762,0.5087531900028748,0.6563914186234457,0.49557300502017826,0.4655890449350842,0.472549883260384,0.58354287950823,0.533228541597997,0.5431786699490772,0.5605102981358292,0.6344334807921456,0.45440710816235796,0.5281143101489821,0.6798910172078498,0.5507964705955651,0.6380811457799485,0.43312426910132307,0.5955438788804283,0.5917360849504291,0.6116888968093156,0.6474113795085816,0.6695947920471702,0.622259259817,0.5807687766115915,0.5016841715786085,0.40749540375576393,0.6671517790686741,0.5939578766819972,0.6032482578397615,0.4723235798300741,0.6100046788125231,0.47301416425676773,0.6747819871376702,0.628692325687158,0.30266020348876677,0.5075128642218367,0.4668366918845069,0.6826895394787651,0.5825149290018704,0.5573453589170506,0.661634123475744,0.5254097581658611,0.5308802958918912,0.49008381383682864,0.5091824337680698,0.5937599621965567,0.5844769000966787,0.4857448722249116,0.49902736384533536,0.5726409197073274,0.6314650497377007,0.6386344422560002,0.6674005661760664,0.5809320542561999,0.5062221794072478,0.3453373464401321,0.5047977404868436,0.5401158573930183,0.6305080758717628,0.48494481176174975,0.6390163364240337,0.661140929659365,0.5841756600019458,0.6129226384363782,0.6056339623282001,0.44514461189346133,0.5253636351591293,0.5047312089126058,0.3444474713924525,0.5205318867271509,0.5737969916549231,0.5522967493236223,0.5439616056688734,0.41550184395687306,0.5635031694867072,0.6246602644156234,0.5907265126669303,0.5410094034516173,0.538770609758891,0.5122985376305911,0.6484163936793723,0.6001175865754171,0.6234721613115888,0.5344640976288452,0.46456647994305567,0.4488253444339797,0.5371851560787066,0.6341393023703062,0.5363955761244981,0.5740153889962415,0.5594530334292926,0.46212477470371427,0.5438166461853373,0.48975392622290914,0.5527416415438691,0.6257002741537624,0.5085036516503465,0.6300966077983284,0.5095859553760074,0.6435585728773522,0.5165517166542016,0.5091163154942544,0.44627729015326084,0.35251678622478216,0.5310298764867364,0.6501212886286022,0.6377063584184947,0.33797422520297615,0.6039275350652533,0.6073424202700058,0.5280632718164328,0.6362645520847239,0.5845165718971975,0.585710929512024,0.4567394395125907
arc_pair_115275,0.3520260559623698,0.5253503298111907,0.47108371970782836,0.48340734798022583,0.5682683256990552,0.4131035149826958,0.5550001133213779,0.5067602457443635,0.5116930123080443,0.46684680313167715,0.44215548178917335,0.4626505818152243,0.3981498491704696,0.43999388030012904,0.5786321289271328,0.5622118223042178,0.4340833450043529,0.7266160335037769,0.5196286801896531,0.5919290412597213,0.575936360886458,0.5986193487702915,0.506853285354313,0.4775669926404318,0.5672812998826365,0.5960435473867052,0.501047458751893,0.4925275794567853,0.45190309798462697,0.5799510760614063,0.46691578359065344,0.5968115309935785,0.29389857704573047,0.6015843938758163,0.5335628743948243,0.5989760090718574,0.4997138348072145,1.0,0.5194021533847784,0.5400923899197889,0.5195963850487567,0.4231560911865793,0.6068007338851785,0.46840204666647384,0.4763545104871193,0.5513761690336094,0.6132231907352546,0.5455954853150061,0.5180271340962647,0.3994781555785572,0.47077617503572733,0.692545306614422,0.656967800183762,0.5371820252691341,0.39970807791937746,0.4460733455514203,0.5608743202345152,0.6834446742529379,0.5466019846870119,0.5077885662874521,0.5523220221329318,0.5034619851146626,0.5310334420918223,0.487962193179978,0.5773728272555867,0.509770300563846,0.4987695307208511,0.41822151188810847,0.5606063667785882,0.4134872777567373,0.6762800660074761,0.5408730361999526,0.26739268857899956,0.4617865646470753,0.5017323290084348,0.4984530603451177,0.6042568351815262,0.5323802083094838,0.592714545474193,0.5546161335212181,0.66056561273291,0.41765522611388955,0.571339121163397,0.5330483668963852,0.4554289249553646,0.4864431044567137,0.45406238041923,0.5522589740405055,0.6347164370424191,0.5469304912759295,0.517624985042667,0.5712728065253385,0.41070942812554845,0.3548103799312891,0.428686015344318,0.4793489092510538,0.5554895264774723,0.34153226990962054,0.5661034111278781,0.5635493229068368,0.5756432784289176,0.5885587901040932,0.612333723637332,0.3947797428710784,0.5245517796599839,0.4409612873844867,0.3236433551093838,0.5893489518514267,0.5694329585764853,0.5674329626759652,0.5648131281053073,0.4573482818652758,0.42396481959178484,0.6357876774388472,0.5332414071144783,0.5014739384833898,0.4761560223246656,0.5323873547981433,0.6502926810553041,0.5627755563564071,0.5004532549201314,0.5131652039975946,0.46789630565006984,0.5174497268686679,0.49883131487580384,0.5375420859519118,0.5221710898270112,0.5237858423021514,0.5054237370179996,0.5067246906314106,0.5328043087164027,0.4460508367985676,0.7037842985794913,0.7180801572883925,0.49328232682645695,0.5577315727559865,0.5464462254841298,0.6238312641516408,0.5662288028851797,0.6055886187109119,0.43325592372794813,0.40790062722742093,0.5635315607968295,0.5869045613811921,0.6284034538961696,0.3554945745139377,0.530253094709705,0.6037862604045603,0.4995356262357454,0.47259062818595543,0.49868162382582415,0.4808825932824717,0.6003200145873059
arc_pair_593564,0.44890323360161277,0.7186879014027184,0.4944359725189753,0.6442632049052984,0.7249197249595335,0.466782905232232,0.7175842929844316,0.6668333094392979,0.5570414219109597,0.5116156809508531,0.4302214105011063,0.6208551066520861,0.44318534689097955,0.5222292983303859,0.5497974366186796,0.6609317770538448,0.7168106063796751,0.5673397797993873,0.5211762650371254,0.6053727217721054,0.6375741939892111,0.6699171922406179,0.5255709724139999,0.6521779438934453,0.6482126381029152,0.6688415419130401,0.6936106431601488,0.5916314838101804,0.5310218461249991,0.7278133203521157,0.662313266327681,0.6739442601059837,0.4053791734931661,0.7190648587817261,0.7170936167622457,0.7140768725163068,0.6623603138946762,0.5194021533847784,1.0,0.5260664243521171,0.7857715139647345,0.5956096191969427,0.5739063293412957,0.6010578464858408,0.6416523304477167,0.5696260265355574,0.5986560185211398,0.63630240659102,0.6953958792260748,0.5368018664751513,0.6222096189333453,0.745320031648765,0.6148713946795766,0.7047891977947247,0.46195172040184573,0.6713978434708283,0.5530904190075797,0.6673921306140643,0.785097319463691,0.7731801208555033,0.6806851547559225,0.67582789745397,0.5439474827143321,0.4230389781951808,0.714625627784519,0.7149958067602094,0.7654786313496815,0.5508635888899305,0.6805946573747473,0.5179279944842188,0.7223833641183689,0.7240338974455641,0.26137604506364537,0.5790455205814028,0.478413330391695,0.6291728983762285,0.6904170456849075,0.6522255809195752,0.7246860519179877,0.6198741477240416,0.563074615264391,0.5152247312912309,0.5100892707320483,0.6780919118350046,0.6660709173108678,0.5087226049959012,0.6092988842988225,0.6600600728096468,0.6871686186883085,0.7013377846076372,0.7739977021735979,0.68024290986761,0.5787059195053781,0.388712873962418,0.5438445423524112,0.6093952266606897,0.6812065808934318,0.47121102857465713,0.6641008870776579,0.7752745724873688,0.7110953371647055,0.6399000417798124,0.6873075764165049,0.48975871184683506,0.6113431599348633,0.5830759993941683,0.39747711720517054,0.604925840971082,0.6733564581436419,0.5992918446955248,0.5566210324632318,0.4685467048672942,0.6234756775495354,0.7177758430353379,0.712993049723505,0.5833024200252723,0.5762823738359278,0.6170588575178024,0.6786003310705963,0.6344603427332046,0.6999887096912738,0.5782529726816875,0.5039446258116781,0.510781049502303,0.5525861312972808,0.6946601029830195,0.623045955195668,0.5411830373723573,0.6504092116262836,0.53271700937755,0.5837118048150675,0.6121814082425904,0.5861666088547101,0.688939612965633,0.49800557027691733,0.7272834423849001,0.5768586630744624,0.6392753595243452,0.5717335280541815,0.5907133264019737,0.4532917382520699,0.3855195778636231,0.4996970579476615,0.6688367634036662,0.7473662128495174,0.39118288898658027,0.6836770736526342,0.5710450288019706,0.5640497559551667,0.6920332078158283,0.6711780303649058,0.5921313626409517,0.4719424696184728
arc_pair_708260,0.34869628928309504,0.5907278079119206,0.379504143005373,0.47883446648767114,0.6354681705638261,0.38425487348222775,0.4999456026009418,0.5274913583851718,0.3816223706385564,0.37660466804430814,0.3588268689713359,0.7979387548713408,0.30728230695610825,0.39083496985391464,0.712687956870787,0.6441023626219791,0.48086484205295893,0.5744917359466546,0.396086842784176,0.42660916691910333,0.49592443131116204,0.7860906338475763,0.3884008543300873,0.534701232040627,0.5390491681279828,0.49445877857879666,0.5584600626052805,0.5538543792382066,0.4951358050222927,0.6099438412148879,0.48123028455672406,0.6785730506400355,0.29529343455623736,0.590499177680736,0.605536683788255,0.5500859170139614,0.5087531900028748,0.5400923899197889,0.5260664243521171,1.0,0.5424138884093009,0.5529480529130126,0.5468793929084287,0.4323526642914579,0.576965714414384,0.44165098319181334,0.5377787407746887,0.7809459464386326,0.5169902270273712,0.4447656459847199,0.5622965252457972,0.661864513534203,0.4675773033358486,0.6066108649008731,0.41732185818562506,0.5745882155183699,0.7632577383940979,0.5217590342086158,0.5697030933897524,0.5614893585594625,0.517711586672647,0.6433663985231596,0.5967993987548624,0.3221793560172659,0.5916646463685047,0.45822141942242156,0.5746614904456172,0.41232500253364757,0.5164274315999615,0.3933229218007655,0.5817231856191009,0.6368609460905954,0.14901672448690026,0.4807698657974223,0.398920574327419,0.43851521939716204,0.553490731537038,0.5548490141187868,0.6410557670258042,0.6530451869065236,0.4777261951691923,0.39228294989758183,0.6543285675222356,0.7302184349644121,0.5617758577420565,0.3675651505551725,0.5076488403274682,0.49962677815980727,0.5336914852817517,0.5825921210877807,0.5325561366407926,0.7044758085861942,0.4610422758573532,0.3840803921725763,0.4666626196388737,0.4801956148079892,0.5463192254673641,0.3580189837060735,0.5386154680941071,0.6719894888162239,0.5396411284773991,0.5159158663168188,0.5612213198360595,0.35839191500122813,0.6300627195163014,0.5281620559377702,0.25232230441671655,0.6145478329376879,0.5705868908811605,0.5860209170422596,0.5707581820001648,0.4581418329970996,0.5363317641226054,0.5640167273822039,0.6677922495246771,0.4706901741691975,0.49801243691865554,0.5292267871341808,0.7070596370858305,0.7264837979914793,0.5764079335403248,0.37982702062774154,0.35262476097780393,0.41714419822923304,0.5145454999766814,0.53408859793101,0.42730024221529384,0.5689897585916162,0.47874869944169385,0.3921230339410488,0.4847355379425277,0.3823694628274518,0.5264853385652398,0.5450970559799376,0.4938240255301209,0.6741174996033947,0.4386486637731977,0.7666850446912041,0.4219072875464368,0.4617271993795253,0.32839126238501987,0.23889625908348827,0.39946691986812893,0.5677436541758439,0.6088307518078852,0.29437141352760715,0.5129188463208387,0.749045715445353,0.49268015481041516,0.5950852677027034,0.5304694333866674,0.7210357819156796,0.6694999624675584
arc_pair_496804,0.45707484440884893,0.7630059061976041,0.4635578493596633,0.6368894637446918,0.7273785323851002,0.44674845628358556,0.7041820989061433,0.6748292004903315,0.4971970243865315,0.43191070064663767,0.3650803765122877,0.6849989638073175,0.3926504914991534,0.5215156844045125,0.5711011320220318,0.6800489013271986,0.6440031560336512,0.5416225253361009,0.4827546466768522,0.5290732748646527,0.5878029909748647,0.6644650246580658,0.43194792693381967,0.7145568375413625,0.6521116865923318,0.6060290643587003,0.6966405225572081,0.5860241132856744,0.4600461211366422,0.7289017744765246,0.6211193022123475,0.7005633597358886,0.3785550000858664,0.7258333055021245,0.6865091825338635,0.7564824645184377,0.6563914186234457,0.5195963850487567,0.7857715139647345,0.5424138884093009,1.0,0.6093231274690797,0.5921829315354358,0.5534702632299761,0.6045957680416602,0.5679024901933001,0.6446163163397269,0.6603975601975027,0.6702716605459286,0.5487958716448637,0.6356186940587006,0.6759521486056904,0.6605009011926837,0.7299163697356262,0.4165963031465772,0.776168436710331,0.5608701245375837,0.678250133191727,0.7512147852107656,0.8082093479100314,0.6265394555355779,0.6678676661820937,0.5111697419753639,0.36605622799472026,0.6797106118364851,0.7606699650471298,0.6923671430221408,0.5207020887316798,0.597381196919103,0.45584010500466476,0.7225325046871536,0.7394542205231525,0.19563055564752058,0.5649588758056892,0.4507541939764907,0.6532176021146141,0.7059958158984331,0.6873009439926049,0.7676078568822914,0.6684938974546333,0.5839733872595162,0.49089395364543537,0.5137678007532925,0.6957542997079591,0.7043680549205054,0.4180077886161688,0.6102049460591584,0.6791382052898385,0.642048560034918,0.7317389919800814,0.715674041070398,0.6905317142967584,0.5386581344276766,0.35997668572446484,0.5402004755034447,0.5746965284662853,0.5910781957913027,0.41305585758257374,0.6743161818199302,0.7689868750859238,0.7225706972022556,0.5392341540368689,0.6669084716577134,0.5262320633021315,0.5924414359640813,0.5463693365171556,0.34116205955765155,0.5562527441381976,0.6645394405234837,0.6273789561105977,0.5521924769124045,0.45905586275816385,0.6244045024556607,0.6359915484521452,0.7055960060070673,0.5125137646389372,0.588409251366973,0.529404448013034,0.7233419294909502,0.6376198908482863,0.7586385390096848,0.6179283960030529,0.40176703450083495,0.4731511199800317,0.5606432473583717,0.704312891699424,0.5665541015799516,0.5361795243596876,0.5717246654673821,0.4819266318720144,0.5380009867057786,0.6596222184425211,0.5389805339912422,0.5958718233251034,0.481023635073973,0.7039028349119382,0.4802085705233558,0.6363729858305013,0.5359049047877457,0.5411222164763377,0.39130196929823646,0.2994640894297008,0.48677042075956534,0.7081039427078304,0.7133210892795143,0.32805508332646194,0.6751736865773376,0.5951760451097142,0.5138331992137536,0.7043084811349184,0.735988679275586,0.535845157450204,0.5362727567799299
arc_pair_247784,0.44695745674329723,0.5460552385858952,0.3742771278093799,0.5683252491246794,0.7038397401811913,0.38482530036725726,0.5610788341632837,0.5790963006099542,0.3749480669835984,0.3418413644294622,0.3424120959715885,0.6527913332663473,0.316370350907351,0.4139148603809785,0.5765003385017772,0.6478917235449391,0.5915508823667279,0.46548582709611697,0.38214303371740493,0.4030976798315193,0.5153225526830523,0.6548251746533303,0.3569285333655034,0.6251065345778137,0.5132708937032691,0.5404474245982201,0.5859799355209574,0.5858364922119637,0.4476978394124499,0.5953347666381885,0.5463391846478305,0.58061664569495,0.3583941316963484,0.618446534547307,0.6222089661130372,0.623045865977403,0.49557300502017826,0.4231560911865793,0.5956096191969427,0.5529480529130126,0.6093231274690797,1.0,0.48150066838154243,0.45813724710783893,0.6026264478175476,0.42973984667987414,0.47083755138464406,0.594458901214209,0.49918862656749013,0.708078207907661,0.653179842412402,0.6043456157339931,0.42347552455950865,0.6130234260746726,0.4469040527880121,0.58498945517032,0.5929658158396822,0.4593642161910507,0.637001679426429,0.6353880109403872,0.511843444670733,0.646278715954758,0.5948868322832419,0.2958160125547683,0.5449044447028546,0.557645251029143,0.6307659362792383,0.3994708047718779,0.46798367703021315,0.39984273108389284,0.5805324634955131,0.6350340862760241,0.1332925077651799,0.49720432035679935,0.34660311818965,0.47410374632763513,0.6163680076143303,0.6044218431567082,0.6457950637693984,0.5517060534183533,0.4251884980020206,0.43667264808468526,0.5116062556825633,0.6749429856262745,0.6296261531047729,0.3429218786107828,0.5932597306082448,0.48109823123025064,0.5372185156692758,0.6010091000023949,0.6475321683048433,0.6047717136286697,0.49163904258572133,0.27946019313860776,0.4942786488708988,0.4677420699411199,0.5121804685143398,0.3535470605260928,0.5079651767851561,0.6657790859681506,0.5852607461336916,0.47658426646433083,0.5774028555196891,0.38152745878353994,0.6039686910056111,0.5534806866406056,0.28786554017391824,0.5378228848267848,0.5807432144626609,0.5076063933454217,0.516358620476575,0.4306251066836282,0.5781987952160388,0.5645049490948223,0.6402341377295853,0.434551910556909,0.5810892002377998,0.48646610282537256,0.5627473133452493,0.5962269701221296,0.6780376619341286,0.43116156660027494,0.32481987983619465,0.40186636647240426,0.5299870369221139,0.5547786630845307,0.4553754092035592,0.5486812204875623,0.45625741951049614,0.36581342545486384,0.42934271416060144,0.5165584294914956,0.38908506478581556,0.49485959497370424,0.49919654058708446,0.6954591273788088,0.42905182826209215,0.5786407695995117,0.3570508636564841,0.40902653195039074,0.2998701767976611,0.22647461239068511,0.3388937714436892,0.6297847785405947,0.5640746876970265,0.3032319161020118,0.5619818694786829,0.6098283055692225,0.4551244783601638,0.6019322064639818,0.5857229330521614,0.5342603163542325,0.4609693765065631
arc_pair_230744,0.34919333322647284,0.5519410018929365,0.45583984130311556,0.5105127629710168,0.5794694096358206,0.40155275419303976,0.5449385319179324,0.4837537269696768,0.44667492864730174,0.44055351604857174,0.3360794469696619,0.5586425142897531,0.37869656133291724,0.4110057785870764,0.5287851382276966,0.5977288792002773,0.5241578540850623,0.5678198470610578,0.4964589830759274,0.5600159795451144,0.5818041354158003,0.542142038752236,0.43667329746920525,0.5184958801016432,0.5073099122663199,0.5609906312195868,0.5794891261460614,0.5468046883879313,0.433365700259548,0.6076182129380933,0.4987790242434409,0.6118364787884089,0.36258020127190427,0.565726514368374,0.552512955081858,0.6505252949437547,0.4655890449350842,0.6068007338851785,0.5739063293412957,0.5468793929084287,0.5921829315354358,0.48150066838154243,1.0,0.489512755917395,0.5396095058289759,0.5158383346559433,0.6733534042899691,0.5819574012814013,0.5506355093927822,0.43441377848105667,0.4791420482257671,0.6494233362816592,0.5454895418515723,0.5421680605552285,0.3562971454507982,0.4756570398055291,0.5122495079282522,0.6216342477491836,0.6839760456486077,0.6012389906625473,0.5628940381074129,0.5857670526650552,0.49336111326966386,0.38105701860524055,0.6041546248346579,0.5819470829756126,0.562467845151153,0.42671844627410926,0.5301800286814076,0.4408468000625974,0.6676127993984687,0.541463604035159,0.21432698462380959,0.45760501707165013,0.4603302017279678,0.4780537434550994,0.6287722261720956,0.5623773879297322,0.6224917883491778,0.5709490646659405,0.606996463080878,0.40384500174884136,0.4855577987437638,0.5564091089343013,0.5421718214607507,0.4455187484205358,0.5276691479048008,0.5833188121809844,0.6535442976878147,0.5785845694106521,0.5604199350442677,0.5670189725435253,0.4324074235440487,0.3326029273873296,0.4055998875615203,0.5149588832563036,0.523360520602013,0.3470925376732658,0.5388948675194296,0.6655712493597209,0.6023144633547387,0.5381050606522432,0.6250734255545304,0.4662208026396149,0.5157165566760344,0.4765734579964062,0.2893199520332715,0.5406076403185299,0.5831389234350574,0.5175926881001429,0.47369542368954887,0.43267709257759757,0.4582706503774057,0.5862694216661929,0.6208791973695962,0.44295302580009177,0.4404543902266467,0.5257870357510757,0.664386250632667,0.5867046049540371,0.5210150729018216,0.4146164719804246,0.4456115284040535,0.4824939080518224,0.47910666257760837,0.5400937936197571,0.5217389835497758,0.4965804668607567,0.4796629390633773,0.5002835302266267,0.5074925119555129,0.5106645268815803,0.6458601328166633,0.6815609451383043,0.48227152579809796,0.586828671694895,0.4791839335714056,0.5447142502029386,0.4924054644060422,0.5467559814195498,0.37583116050129,0.3157922304075426,0.4739881949447387,0.5265050427171795,0.6418282005797136,0.35195887501187667,0.6065812378364684,0.5121932535957768,0.4786400995938536,0.6327001476093665,0.6084755978562646,0.4364808781955206,0.6088605413293526
arc_pair_364083,0.4088663078968741,0.5366463777499144,0.4078246083322249,0.48069840723164914,0.49794648245979317,0.394558277660653,0.5456165658488001,0.4841775088341421,0.4368617703467713,0.38568794529560513,0.3323733558560748,0.45482872209806496,0.3392019685889268,0.45811189598301083,0.40018095571041945,0.5130870411817008,0.5485459333820618,0.4751652267589263,0.4327774316306563,0.48741033392607686,0.5192724025104127,0.5209607413019115,0.4018750143703021,0.46679888440485956,0.5153169038121739,0.5281680717082822,0.5055161970792605,0.4058278516110026,0.43561398551939706,0.6118035981156692,0.46780788294435227,0.5180339329400703,0.3014586637732531,0.5224963688533667,0.5748276111122688,0.4824545816850713,0.472549883260384,0.46840204666647384,0.6010578464858408,0.4323526642914579,0.5534702632299761,0.45813724710783893,0.489512755917395,1.0,0.484766890246486,0.4533468641934973,0.46713797348317954,0.4237998609212579,0.5172251530006304,0.47076821334179897,0.4996162629196728,0.6272285189987661,0.4915544383726184,0.5236590725488456,0.5191970679651584,0.43954191478384164,0.40302848690420634,0.5374038507889098,0.5911185056602046,0.5521387502070697,0.534493894130397,0.463655331486253,0.3832279740223752,0.36428986393108476,0.5442395825001403,0.496921215129232,0.5592891211137132,0.4033071601431033,0.5261529895052698,0.39825757547717483,0.5996359965923295,0.5064928359344562,0.18174624476500392,0.37040938934578393,0.3879236512259863,0.47302931840018736,0.5853856336927625,0.4688079352350368,0.5442158940721856,0.5023642122705839,0.46766652875882264,0.4611048527252171,0.3955740420133633,0.4732321687281099,0.45016490098185646,0.44227910837577794,0.48923707726009963,0.5572389578650949,0.565057986544995,0.5198076485204348,0.5948983873669986,0.5084951804808411,0.40362885688771455,0.3266387402029675,0.4149522981825803,0.46646336818373185,0.5031636343425888,0.357639784295538,0.4981744249172614,0.549784425342196,0.5933920442364365,0.4904019094740259,0.49975835895074744,0.4069290210236517,0.5453143557836311,0.56230385538681,0.32190147647263856,0.4941494463011902,0.4933038923392539,0.515972540813751,0.46847665045032205,0.5530190525938633,0.46835682083113805,0.6016739849918261,0.55126021715873,0.4396301764556973,0.49350677644158203,0.5308521861831622,0.49872130741549936,0.4944632894163425,0.5169734558695993,0.43537083331024495,0.37468008626862903,0.44511497986065746,0.3747619846526039,0.5000435736055223,0.4519192279949499,0.4568116513138706,0.509654309627459,0.435897087872878,0.46585886454059355,0.4759032796499484,0.46290165554268314,0.5433957343613863,0.3873076673350351,0.5567872499849341,0.45758459553743375,0.5026766272321749,0.44014767424491885,0.4651749470454263,0.33651619437789404,0.2732725487032642,0.4114210416958819,0.5481576382295421,0.5634835802072562,0.30767348584429727,0.5314016154992885,0.4259199598151773,0.4558504551375834,0.4960427006321906,0.5205004869509242,0.3990782979066149,0.34866619110079233
arc_pair_511862,0.4305482871336868,0.6238633942831876,0.40191515076018364,0.6281798939125898,0.7178842152201942,0.41118012999328307,0.6038020530279137,0.5499347599595915,0.508606223761015,0.39153587614705027,0.366388145697453,0.6582686463259476,0.38336658377179106,0.4625078196020546,0.5418249966804871,0.640217290633024,0.6422158024777651,0.5185206390278992,0.4240198149704347,0.47865811483628706,0.5791976552487371,0.6987837952300344,0.4668114354463423,0.6231592028348024,0.5571401537667723,0.558436936142616,0.627334566149885,0.6015794586345553,0.462586390855624,0.6049911681422292,0.6126775113707488,0.6063515367106125,0.3716923317874826,0.6626647076590622,0.7286986553516219,0.616804653342837,0.58354287950823,0.4763545104871193,0.6416523304477167,0.576965714414384,0.6045957680416602,0.6026264478175476,0.5396095058289759,0.484766890246486,1.0,0.4571524353858686,0.4846547704651803,0.598130867440403,0.5571274696159687,0.5530229831773427,0.6429443559263437,0.6853847711510506,0.5156214351727558,0.6868464560868065,0.5614083873556742,0.6139645067351108,0.6340283511533938,0.571682291655762,0.6570875491069119,0.6749513706937611,0.5814524449288263,0.6562720061065518,0.5500266830195514,0.37039231510564297,0.6666140614427187,0.5622574434510257,0.7311175408507241,0.47115824422139274,0.5948283435707797,0.41979234655721726,0.6277552576746849,0.6737772796616711,0.19098727375969418,0.5553757065657913,0.39902400103871816,0.5375609819685847,0.5808480955652453,0.5693935059484356,0.6428549703003524,0.5807174855805018,0.49583280892605064,0.46000839135174737,0.5483972011308661,0.6672469652900607,0.5433267082755872,0.43146148422841424,0.6514728742554021,0.5593058011814815,0.5804489199795296,0.6619567701041571,0.69573341803954,0.5752156566392759,0.5419156669888516,0.30577716804761085,0.5326159836703309,0.491650116332527,0.606821579224915,0.43080888221759794,0.5438948781931899,0.7141867457449806,0.6445538088876447,0.5506465116158785,0.6102066960035814,0.42574475613091006,0.6524527677113245,0.6073661699221152,0.32362737220916693,0.6044769343682261,0.5987494174522966,0.5508557825957859,0.6087102955961946,0.4163603253137626,0.626957467474307,0.6320416897225574,0.715311297362265,0.5504426314850066,0.6281035101271792,0.582795888948502,0.5950359793915402,0.6207521938391909,0.6776858544468359,0.4637604138271379,0.4247446950522715,0.44787134092009756,0.5729921674217126,0.5748666477619904,0.5022288674720751,0.6081273473011578,0.5485090051553675,0.40892817172375723,0.5000574095811712,0.5231869198281799,0.48198603743000273,0.5950054883970268,0.5863494538281357,0.7517088600940923,0.5031508675453965,0.6325433627830683,0.4340008748606613,0.47775818517259605,0.37970511530714857,0.32074023139059715,0.45864592926968306,0.6412740137305509,0.6245468380156034,0.3387727045230105,0.6044727096797399,0.5709418088013596,0.5073273901813551,0.7235259206318156,0.6024653569301014,0.6288690330691048,0.5064935736681394
arc_pair_649551,0.3396036147222989,0.5947490925435125,0.5044372353205141,0.48597921947025985,0.5298428783588938,0.37068854940851664,0.563149248850358,0.5328221947166805,0.5104330538715356,0.5129757508591651,0.4364905728147212,0.5087611562012735,0.43969994200915224,0.43688614730078507,0.4934014348096137,0.5147942924770443,0.4736474667613613,0.5984053106854055,0.49668233446686727,0.6692190315382064,0.5725317744329316,0.5177082043213255,0.5890643233937105,0.4856702803564031,0.5464831754551703,0.6709714781837125,0.5761896598075879,0.48348249083365963,0.4614352342909271,0.5229856549269226,0.46879916168790564,0.5675441554531897,0.3490689436124599,0.5781866040092636,0.49154823522687185,0.6202299321125809,0.533228541597997,0.5513761690336094,0.5696260265355574,0.44165098319181334,0.5679024901933001,0.42973984667987414,0.5158383346559433,0.4533468641934973,0.4571524353858686,1.0,0.6025677013253617,0.49380737948755776,0.549641686837754,0.38654012479176764,0.5004271695913558,0.610442424684292,0.5970304938372623,0.5177864425416968,0.3536823498252745,0.5143007079510544,0.46991654984377057,0.6700494715805728,0.5602066325449625,0.589051558422937,0.599222296449537,0.4673997130771729,0.4555204080073317,0.5139721625946997,0.5593295605892886,0.5764758030409742,0.48479068485023535,0.4290435781686287,0.6064837535106906,0.4588882857091485,0.6405132760434663,0.5401154151203165,0.3253024923524413,0.43774149947151264,0.5381620025700469,0.49717417426838145,0.5757744521283736,0.5297400639336483,0.6320791414738564,0.4905763629987074,0.6326681894502704,0.4387337128062998,0.481682821628325,0.5030812050126653,0.4901008692553652,0.5177653904596852,0.4781347235887462,0.5834717478511984,0.6023142741663294,0.5183074395572758,0.48417449688482966,0.5866658754474822,0.4814183595779874,0.38246573427179636,0.47785305622853597,0.5535865237773713,0.618863729252264,0.39342120498379685,0.5547937219287714,0.6139417431260779,0.5169973398950307,0.6520090105474814,0.5793092905232099,0.4951110707744012,0.4547367565105991,0.4207363545938996,0.37894891616844084,0.436471319744832,0.5544342449270713,0.5068144188984879,0.5693075439167089,0.4371370867352631,0.4345848764270585,0.6314033450836666,0.4909625902526449,0.5532730436285243,0.4726283576310867,0.4871096795447214,0.5555495485582971,0.5483786201694024,0.5261934291175789,0.5640194130773212,0.48479172304237167,0.5113466617212703,0.47873952516285806,0.47700297271533393,0.5587629606135557,0.5166518233471584,0.46308507307969743,0.5213780790827225,0.571981494768712,0.42516903267839484,0.6219815662325343,0.6477269504037002,0.39274749624079275,0.47640421585384557,0.5422040990190421,0.49265053798389485,0.6266269524795307,0.4862539655700155,0.4956582221252759,0.4280515674260854,0.5302306897411342,0.5903276494463533,0.5729858127453494,0.3781911337798122,0.5003661902283782,0.5124106150942973,0.5221082565769547,0.5175108246428427,0.5869173086297916,0.40008080165675247,0.5502807951197669
arc_pair_489657,0.3335245587734075,0.6188732620365673,0.4625287288391631,0.5076464819942806,0.5973089862291261,0.3939428987853124,0.5720691338842632,0.5537230446103018,0.4579983866078478,0.44692076213935084,0.3941058388499962,0.5557384592920317,0.3846999559281787,0.4419325990427522,0.5744363876664724,0.5979719956259113,0.5062680816693902,0.581430472881108,0.4829708937163017,0.5623503105795838,0.5706374967773445,0.595932943350766,0.44909397371971954,0.5515364059421126,0.5602303713939064,0.6376080835747531,0.5907963724545575,0.5196241885270044,0.4386857344579208,0.6263543268743571,0.500357420575426,0.6445699450390049,0.3578688235393713,0.6485187842637018,0.5194582454145034,0.7164179747463542,0.5431786699490772,0.6132231907352546,0.5986560185211398,0.5377787407746887,0.6446163163397269,0.47083755138464406,0.6733534042899691,0.46713797348317954,0.4846547704651803,0.6025677013253617,1.0,0.5645578703864528,0.580995637558462,0.3848452187224307,0.5228206414869151,0.6429358158282862,0.6272849703398299,0.5271562312409351,0.322195865079927,0.5384082468776723,0.5339646074147314,0.6574954547572187,0.6162091444068749,0.6182584891203958,0.5905831369989901,0.5411222991128378,0.5297928787995555,0.39832351363906326,0.6111645972050372,0.6151728418602553,0.5244245791962903,0.4359928291725852,0.570926107972855,0.43794238047925566,0.6462163572370409,0.5603322146234921,0.20723581365729257,0.43722004609735377,0.4936073869561421,0.5360131315614226,0.6755644318116308,0.5918217736038153,0.6767304592085055,0.5916060553289235,0.5869723346935793,0.43163815695271907,0.5278401471009391,0.5763755419436113,0.5638305733932897,0.47420879316876596,0.5124996939268193,0.610280798466715,0.671849698738023,0.5922042183583633,0.5384855783306078,0.6173060758234126,0.494630009933862,0.34044093510577406,0.4637674483337866,0.5360609997731791,0.6099615537737377,0.34340158368030627,0.5772053652970456,0.6520416993341941,0.5978528224520955,0.5595667790700928,0.6534502058601123,0.47288251532960623,0.46967332058895456,0.46139570718203543,0.3354456887346172,0.5148015517912247,0.6320918064520427,0.5339905450563838,0.5254448674194111,0.43694020003862066,0.47408078342945487,0.6456144041309689,0.5956917457094367,0.4787414999486675,0.4663150916985767,0.4557420317643863,0.6867490110704003,0.5968091303887441,0.5952283988174512,0.4925368357322736,0.43745976373644735,0.5187317702619666,0.512217907562627,0.6081926491572192,0.5382093965459352,0.4813617199778423,0.4932821705145625,0.5375154231978567,0.5303967655398677,0.47671004246688614,0.6483071909541123,0.6666745835920993,0.46641144290857867,0.5613860884028827,0.4942681123577235,0.5672821505126923,0.5280147556094767,0.5140251297485128,0.3899774407838598,0.35883341315516054,0.49259971847363615,0.5579043086844846,0.7134283848030935,0.3561772737439619,0.5406831324450962,0.5677796340070619,0.5013558000761966,0.5839464983879793,0.5789300405685746,0.43851677857173965,0.63839041818141
arc_pair_270697,0.35057857832931666,0.6167951134130653,0.39778736808958687,0.5802034329037865,0.7856455413281109,0.40593474229631626,0.5607915652532224,0.5675773730012179,0.40668019764803554,0.3697256180821342,0.3798742282072384,0.7661759429322987,0.34478073315836844,0.434097411950238,0.7667538511861147,0.7158592601471699,0.5695136201549567,0.603941760860129,0.3888778698313665,0.46168462465576676,0.5126432544345052,0.7742019431133031,0.40926558216855946,0.616723681977384,0.5921112668885534,0.5425652627648774,0.6790360697837265,0.664629639298615,0.5191169511028054,0.6536659983531601,0.5851484589153498,0.7299905142526861,0.3262414256584957,0.6580916668801845,0.6585018245675163,0.6729258765831265,0.5605102981358292,0.5455954853150061,0.63630240659102,0.7809459464386326,0.6603975601975027,0.594458901214209,0.5819574012814013,0.4237998609212579,0.598130867440403,0.49380737948755776,0.5645578703864528,1.0,0.5575042009641548,0.46170322359440114,0.5221331451970623,0.663993144412527,0.4989165727330452,0.6934818956951203,0.38699549336257655,0.6407444500067997,0.7252052702667428,0.5284416134476992,0.6584495837423094,0.7283362335997594,0.5435045594446364,0.7404115602770245,0.6575608140371129,0.3343318781752533,0.6410168359883767,0.5770176972410151,0.687677355179238,0.4646835917540267,0.5307024751728955,0.39752247937464774,0.6554900064335141,0.7661562622426306,0.16791897490213248,0.6145308843734958,0.3900198685116277,0.5048926906132352,0.5578349230963554,0.753541070154423,0.6993582568232859,0.7070705944675482,0.5167461322294796,0.44150187998931434,0.6965330584504896,0.8506647296199721,0.6939000347486004,0.3800515786673133,0.5567876342622301,0.5185467741944362,0.5728672080750745,0.5740818152467524,0.6382626659970615,0.7244112307276094,0.5361782833579827,0.32045774780737013,0.49896063570601246,0.5184471583658039,0.5520235038813168,0.3751496479960982,0.5783107272286386,0.8173087775208172,0.5829550751942544,0.538691326751672,0.6575783256683536,0.42482066508528266,0.5766689316709211,0.5464090629588291,0.2688284258526132,0.5915356496543691,0.6480260145387022,0.5565176888982319,0.5559558499522849,0.44558253470142967,0.5378554757164061,0.5971560845493277,0.6922803596817247,0.4809125705210972,0.512699645888769,0.48191095130919687,0.7457956621276461,0.6913645762569577,0.7026074471946036,0.48038629977600217,0.38884466637729626,0.4201647217894291,0.5810598417997053,0.6184521148915124,0.44873589891374127,0.5655984407248881,0.4827041528558708,0.4074633501513794,0.48512051037271775,0.5234170626822373,0.5510503488072924,0.580247337607061,0.5096374061702419,0.6967526768490291,0.4476478522322835,0.7655039421088833,0.4239005465860793,0.5004962993377303,0.3367781937423261,0.26142332129945833,0.41941201179595045,0.6175067146632971,0.6898048826192033,0.2854489171942654,0.6010667699108194,0.7482831247522583,0.5008675328610709,0.6478596567346766,0.6449769821526706,0.7358770453380558,0.7013518967203226
arc_pair_446116,0.39518753013850927,0.6568302589951381,0.5395732178810095,0.5471446088431058,0.6358313998957096,0.49077681691575054,0.6661401935837478,0.6673299928677033,0.5266951901223949,0.5324977476190688,0.41357430027384057,0.5386253582210078,0.4725532563301748,0.44361370277336554,0.5560125415580398,0.5749250580936577,0.632939691905288,0.5833205514850838,0.5401030741880687,0.6415161922972259,0.6025798108207917,0.6081665148527574,0.5700591512886083,0.5892866960200731,0.638098047475209,0.6662502994180726,0.6242208841511346,0.570559157733822,0.5375628757020077,0.6726513903659828,0.49460270244226995,0.6324680781865272,0.37194203713336765,0.6392923664523802,0.605702660707078,0.6680610570959639,0.6344334807921456,0.5180271340962647,0.6953958792260748,0.5169902270273712,0.6702716605459286,0.49918862656749013,0.5506355093927822,0.5172251530006304,0.5571274696159687,0.549641686837754,0.580995637558462,0.5575042009641548,1.0,0.46245139090507414,0.580367964505417,0.672303022396128,0.5624101843846,0.5945338892118429,0.4162143066263142,0.603138346981253,0.5133895944225199,0.6478688396088901,0.7359588786643724,0.6519978092765509,0.6700227391732985,0.5901378506052206,0.5129268332668232,0.40941071084193037,0.694187676933313,0.6491233658298645,0.6079088981341407,0.5394689687615828,0.671704402468356,0.5546498609546626,0.6914229288210136,0.6231883012631502,0.2860904866422843,0.5161490751739327,0.5044453222620289,0.6023789330059652,0.6342252463069379,0.5632982913713415,0.7050922906196649,0.549669792988303,0.5856683353271579,0.49413939368754917,0.5072935716312973,0.6152811490800139,0.5962027637734697,0.6302212696263698,0.515884182871722,0.6159854443966197,0.686905976378201,0.633682013300952,0.6364392698562208,0.6427713130101144,0.5513098413880736,0.39731153303220534,0.5564957901457003,0.587544349767741,0.6549018740488117,0.5001770004811734,0.5972990801914894,0.68172703400279,0.6081710701651702,0.6712538803444631,0.7194963099665842,0.48042410318606016,0.5606057010798972,0.5274207412418388,0.4078652365293756,0.54009660278386,0.6289655299835306,0.5477278384547244,0.5745375389163553,0.4122766236411231,0.6766375945062759,0.6696114674312128,0.6116825146757927,0.5630527451832006,0.5951885751113806,0.5759783228050732,0.6363505995659501,0.5909706354199401,0.6180686459035937,0.4872752937576254,0.5543997990407453,0.5300488921017686,0.48663858611812516,0.6784633066792536,0.6103206577415271,0.45548858151622607,0.61507027039508,0.5369909035274598,0.6261328586545427,0.5338818037125406,0.6179676757922425,0.6839428970208791,0.4464081817677697,0.6303890123621027,0.5699689540537075,0.6073069667382474,0.629516773394541,0.6028416263616508,0.4861106866741889,0.40021788922910856,0.5431559766815584,0.6531668176413553,0.6600754203883377,0.4405597038744145,0.59070462161214,0.5689240110796954,0.6141694722539973,0.6211013336365189,0.6114403697396656,0.4689739306085869,0.5083489261494455
arc_pair_148500,0.40904202474427165,0.5011545211935928,0.35745507054448283,0.5276083744567494,0.5716351580810443,0.33227036679987254,0.5463115010238425,0.5430402773771789,0.3682012640621961,0.32936355109965737,0.32564460143618584,0.5287227550599153,0.3174978373176047,0.4126355269307615,0.4621680418784529,0.57835268014362,0.5441296926578112,0.43573393798364873,0.37975023951125414,0.4179127118881184,0.4869219037608426,0.5640381591866086,0.3654970076920143,0.5633915565725585,0.49486442301729155,0.4984831313755433,0.5407564079609506,0.49728028718299494,0.4052295268548791,0.5032105713743548,0.49272586472289903,0.5244867301713448,0.4167425257914173,0.5660862292484213,0.5773349797075473,0.5186485628873416,0.45440710816235796,0.3994781555785572,0.5368018664751513,0.4447656459847199,0.5487958716448637,0.708078207907661,0.43441377848105667,0.47076821334179897,0.5530229831773427,0.38654012479176764,0.3848452187224307,0.46170322359440114,0.46245139090507414,1.0,0.563506631753853,0.582841834002467,0.42507611979700005,0.600380115476323,0.4298266376127242,0.5273439238951629,0.5082974955973116,0.47102861298807386,0.5762834451691168,0.5470613306965785,0.49660533089698033,0.5658355460293014,0.4409326328012165,0.3063779560974731,0.5408108056809809,0.4677329439489825,0.5991448015689209,0.3684889969664667,0.4627354517092914,0.3935269321264061,0.61235884051581,0.5410064222066816,0.13673395254679557,0.5012980144888354,0.35723456223788885,0.44804434001650906,0.5009873911483979,0.4975200790887219,0.5568107072129732,0.5036106622464002,0.4409491683669365,0.41411588015435774,0.4597109844832525,0.5141665773409105,0.5199352339604996,0.33058318302172596,0.5714717900499876,0.4821847074707255,0.5149165589742253,0.5638265059247575,0.6050112473338332,0.5106097913230162,0.4224965279730413,0.2584556918452209,0.4429817723865589,0.5272792849706991,0.45920647110649887,0.3432455338201415,0.5167914639669217,0.5593848430188346,0.6137371054646825,0.4559464481142017,0.4614280958115006,0.350813823036181,0.5620690629401968,0.5113296007485658,0.29070486744105023,0.49281346012324573,0.5265041811526792,0.5712869025004739,0.4953007675814274,0.3973985417099867,0.5374052506909079,0.517764325224947,0.5603398373983973,0.42680349764839093,0.5423392209622133,0.5049461754952285,0.5021998888306659,0.5035989615350143,0.5954548323317477,0.38211615400460874,0.33323789018652455,0.42594889908721123,0.4532819343195008,0.5104900925888206,0.4491805039750682,0.5008031697054093,0.46588735995910713,0.36045057980061995,0.4116688438328496,0.47898848995111193,0.40890024723615714,0.49638506556810624,0.4453893503074687,0.6165224518691237,0.4986314228181877,0.5156263840661036,0.37909919597941844,0.3982211359583649,0.30024041901785053,0.23549808450547474,0.34343364212952027,0.6277884954085677,0.5052931209610435,0.32381448117443373,0.5366474727886673,0.5269013791286379,0.4326413619386351,0.5414241309455199,0.555483868139916,0.4613118671621054,0.3837395427237903
arc_pair_90669,0.43020635749600955,0.5830148083398041,0.4641581646713656,0.5970929254471454,0.7101705552415989,0.4376602123993994,0.6057968224485203,0.5824102363807682,0.4633838025279316,0.4278448208409524,0.4281722552698914,0.644255479528257,0.38270299255046875,0.4640002281477572,0.5720080414463826,0.6281975789925207,0.6138265283855182,0.5267480369837098,0.49615148892323985,0.515098133535512,0.6015015937518293,0.67274936121817,0.4778953001510889,0.6168488509803017,0.519492754534516,0.6472487483400274,0.6479867371894641,0.5753106606499923,0.4874489332531509,0.6024980627235937,0.5132365972609506,0.5971232232260824,0.3984172762478547,0.6053892876034134,0.6632680677135663,0.6584489050513304,0.5281143101489821,0.47077617503572733,0.6222096189333453,0.5622965252457972,0.6356186940587006,0.653179842412402,0.4791420482257671,0.4996162629196728,0.6429443559263437,0.5004271695913558,0.5228206414869151,0.5221331451970623,0.580367964505417,0.563506631753853,1.0,0.6442460630380445,0.4953686456088953,0.6316254573003572,0.47794954354239283,0.6354776295372044,0.5817277530633781,0.5777185520480712,0.677007320512326,0.6091175131017103,0.5860588429697869,0.6097655119276054,0.5604681052811863,0.3685603089254216,0.6232045968301162,0.6337101924492892,0.6866915885277656,0.45282586956968196,0.5945106837318233,0.4863684457813039,0.6288610223139346,0.6156762453521911,0.2122760052821838,0.47719824413337236,0.4481337880586154,0.5341287818972851,0.6526466235024353,0.5260268332648236,0.6847588167116065,0.5872580672567383,0.5071977370033309,0.46317726404241677,0.5176192067082712,0.6408776920120935,0.6217096893446339,0.4720391614654708,0.637665826086767,0.5773030364718326,0.6270743695410491,0.6376458529101663,0.6490888329453408,0.6682638073038872,0.5495571574625336,0.33225302476001,0.5491080149781187,0.5128207927842106,0.5930558168339451,0.4261333475124964,0.5684899279560638,0.6329253868620599,0.6545884113274345,0.5630692863301718,0.5880690773249315,0.41965838759954477,0.6561379458122292,0.5310294469087334,0.3763033930733375,0.5632806329823808,0.6472753484732013,0.5013191009283894,0.5718210899087509,0.4539163796418535,0.6450158863695495,0.6641301849430569,0.6416700398700301,0.5339322245452454,0.6222082392034837,0.5890797484295295,0.581196094091478,0.6573679918494948,0.6564369077740876,0.44825438003456447,0.4243795559964478,0.5005315559941278,0.5098013613237282,0.5869119845158403,0.5344177058703883,0.5212033005418208,0.5461563441998182,0.45954535145969605,0.5282484091984472,0.5139583070567295,0.4947318435014122,0.583152655063065,0.4804773615071486,0.7342324692242479,0.5112380641872417,0.5680197982967962,0.5015773860837982,0.46853326460543077,0.40061675167009975,0.30820651696716483,0.4746470779524793,0.66592142705006,0.5652416376904109,0.36555492947164037,0.5884323470807274,0.5789313877477751,0.5490610105190505,0.6200503710152206,0.6173267084494356,0.5321746876059473,0.4541808244405744
arc_pair_656372,0.514087067998105,0.729398452409941,0.579249847706307,0.6667617067441638,0.7160213014509665,0.5106695177996435,0.7390776113990302,0.683833501143487,0.588031417002724,0.5560968008874753,0.5263425659245962,0.6414065555882271,0.4919600383932391,0.5778727788568069,0.6262657540302102,0.7160523065801561,0.6615710649503815,0.7164462403030488,0.6069625711387346,0.6716647209581045,0.6946574457688885,0.7590108905173986,0.6442565188714164,0.6230684610142374,0.6758075123148812,0.7318109125537556,0.7098357775708,0.6308105772900003,0.5553192988948333,0.7374358019155778,0.6368689873591931,0.7464280624881895,0.4674326430989869,0.7628605850250147,0.7463017762303843,0.6897877082862919,0.6798910172078498,0.692545306614422,0.745320031648765,0.661864513534203,0.6759521486056904,0.6043456157339931,0.6494233362816592,0.6272285189987661,0.6853847711510506,0.610442424684292,0.6429358158282862,0.663993144412527,0.672303022396128,0.582841834002467,0.6442460630380445,1.0,0.7107999229758546,0.7199194867704544,0.5522444994526895,0.6318908103063495,0.6557301553596132,0.7468170068615095,0.7356654232853913,0.7478514011924792,0.7276876006651296,0.7076232033835335,0.6376300372927964,0.47104553369257135,0.7953688106914519,0.6248951763638468,0.727732656409925,0.5241041162816424,0.7391156266851375,0.5433241292443703,0.862352705152884,0.7467927111430744,0.320270046204164,0.6358435830608157,0.5803308200831532,0.6113427087572416,0.7161295995606133,0.670892257366603,0.7811880506720819,0.6076121056538275,0.6918455379743482,0.6209521838036685,0.6774333454955749,0.654549372494124,0.6194373508146473,0.5846908713486525,0.6658604232453438,0.7053904110903532,0.7644540461970646,0.7291448971857213,0.7376052164909273,0.6529081938722507,0.5825925316305632,0.43467612708455233,0.5839312498325545,0.5787825073154061,0.7256353533342584,0.4885837466475519,0.7191479477025119,0.7763780992119275,0.7136125448570141,0.7296585681957317,0.7163469783107966,0.5293187283236364,0.7044400782275079,0.6499021770102251,0.42908757299293165,0.6975539117279755,0.7202497329986535,0.7411291351557256,0.7296889456281105,0.5539312920088011,0.6181638508696297,0.79415326491172,0.7107471656958299,0.6607928886253835,0.6401570899930503,0.7186327023579654,0.7489317411585531,0.6942398764720555,0.6875333248588856,0.5974319644697659,0.5780758099490562,0.5814769484159822,0.601019797463073,0.6689182558852804,0.6329055135680354,0.6864702324986506,0.6992249327513864,0.5627003687692066,0.6533909618264264,0.5869481737820031,0.726222119535321,0.8015732121988864,0.595451624873163,0.7436993814535588,0.6257328451786482,0.7036629607861536,0.6274457506428351,0.6468441128707595,0.506333886791257,0.4515626497375228,0.6144996684729802,0.7620231556230588,0.753020775234901,0.42234280862683315,0.7174464910527475,0.6738709680416827,0.6379799469271655,0.7020773957630846,0.6899504177419524,0.6540438799102668,0.5821747414931097
arc_pair_664080,0.3958536216512701,0.5809263043588702,0.4905227615811973,0.5029331855733312,0.5406804359697805,0.37371444997752956,0.59306933574355,0.5566633714314808,0.5127120437413903,0.4900336591250461,0.41733036702709014,0.466062749231849,0.42510742639884475,0.5372792374262746,0.49566077331874125,0.5407103769771668,0.48829108239452096,0.6319500783204262,0.5225195591740129,0.6008507541095288,0.5528791667759991,0.580352489847691,0.5239393051961584,0.5187368827785114,0.533913044288363,0.6438533726234739,0.5589518785197595,0.44834867731623285,0.47213075197257054,0.6386660807441923,0.4596201929572563,0.6061002003355908,0.32575242838195057,0.6211679820338527,0.5665603174222242,0.6188310422208915,0.5507964705955651,0.656967800183762,0.6148713946795766,0.4675773033358486,0.6605009011926837,0.42347552455950865,0.5454895418515723,0.4915544383726184,0.5156214351727558,0.5970304938372623,0.6272849703398299,0.4989165727330452,0.5624101843846,0.42507611979700005,0.4953686456088953,0.7107999229758546,1.0,0.6042016651937225,0.38608343113150534,0.5391211139124179,0.4740447810685651,0.726652206715643,0.6025636877807274,0.620870009895676,0.606878111782273,0.5529087854143391,0.48450318440735884,0.4401444907795772,0.662483006528691,0.548345427459573,0.5325977177504467,0.4187204112696534,0.6007369124122041,0.44724899798626716,0.7447593763602688,0.6498487787138175,0.2705120476357376,0.5372769781179372,0.49699993362009937,0.5370671201688098,0.6158545875526469,0.5777164373854115,0.6545059839940065,0.6019200599125449,0.6624475973353908,0.5193706457164505,0.5483096538673649,0.5415387838677997,0.48928848197753916,0.46722345862838943,0.4672822131839033,0.641952192189247,0.6691294528414576,0.6210767875501506,0.5666788445534569,0.5660578071189775,0.4834032632080619,0.3703873619091017,0.4623753162987556,0.5218465381433601,0.5998608418920149,0.3688637864956328,0.6216549752826657,0.6393196735049773,0.6208135369291552,0.5936453874170233,0.6446089677394605,0.48397650366950645,0.5021155735414402,0.4277258319233189,0.36225923625375095,0.5397065547889743,0.5875649352430419,0.6196136217230855,0.581865214559963,0.48236270046188146,0.45511143339346805,0.6289493357703233,0.5656861096862774,0.5661924422862112,0.4930852583774323,0.5466185117680835,0.6706057358060082,0.5738030076888563,0.5292183441756724,0.5800232389855087,0.4728179925252788,0.48415721241020276,0.4445083637587352,0.5625716962215344,0.5713441260914277,0.505849278275211,0.5646107967280486,0.49987448049922173,0.5218003247576197,0.5072811823447629,0.7056440326490743,0.6806848487648983,0.4300061771176957,0.5638444967681022,0.4970551432348151,0.5518498538718181,0.5510668529348203,0.5927577327765609,0.4484776090125044,0.3641062815716097,0.5669915462215618,0.6201741388763482,0.6355554001903687,0.3649073139601649,0.5702944680084815,0.5384334760913169,0.5291916174837421,0.5519716223311287,0.6084090313666238,0.4703269820561348,0.5304260503691662
arc_pair_257072,0.4413516700212432,0.6721611756900269,0.4322296283734649,0.6462785646548085,0.72424481969007,0.4552801901564215,0.7154640354176631,0.6186484409302332,0.48547294026738624,0.41198132431029816,0.4041162054971341,0.6686210789029129,0.37201869132514487,0.5042690895333561,0.662954521196532,0.687073866612755,0.6228133576867851,0.5609883833412479,0.45590357567755924,0.5195956318737478,0.5773978669990802,0.748806918827481,0.4473564907445683,0.6857507208191805,0.6098297157774487,0.5901963395160645,0.6643846074718075,0.6230456109531654,0.50890475288892,0.6938622225747646,0.6255408663574958,0.6741874708497048,0.4022749027772977,0.7174613634594361,0.7389215386382384,0.6887402440376892,0.6380811457799485,0.5371820252691341,0.7047891977947247,0.6066108649008731,0.7299163697356262,0.6130234260746726,0.5421680605552285,0.5236590725488456,0.6868464560868065,0.5177864425416968,0.5271562312409351,0.6934818956951203,0.5945338892118429,0.600380115476323,0.6316254573003572,0.7199194867704544,0.6042016651937225,1.0,0.49438465322542874,0.6815754636351676,0.6788978836965118,0.6255005639953141,0.7087127823082487,0.7139426378941495,0.5854966516438346,0.7487738305562545,0.5939371933149561,0.3738104192228043,0.6812385552429755,0.6090039794967682,0.7129696998073222,0.46844858212740537,0.5879631636009106,0.46607340451766255,0.6966998238985531,0.786457783782686,0.19314276603998684,0.6183166500959582,0.43099030058723226,0.59449359871183,0.6403245049785663,0.6877989755603677,0.703157056240989,0.7154447114936585,0.5470719088487943,0.4979417962271001,0.6130977241976465,0.699548442009238,0.6918201387936822,0.4103832739489874,0.6272197825383721,0.5793417841195744,0.6356165935350818,0.7271565479626713,0.7364648204422436,0.665245958600863,0.5608567432778704,0.3689688633154583,0.51551592506958,0.5461353582654788,0.5671079052061624,0.3996993265275049,0.6415972374334543,0.7525770998918453,0.689517607222278,0.5528827414494352,0.612172992249337,0.48723485185351095,0.6406948405298031,0.5896176655939165,0.3417511840237126,0.6189100818400237,0.6215511674160635,0.7032713169425707,0.6631004972058991,0.462467358372217,0.6185119994159496,0.6346345780494135,0.7242437660706372,0.5338103792134891,0.6306134267457782,0.573618494348244,0.6936683423663855,0.6782480869387951,0.7117906717733932,0.5473861351231687,0.3935706506578153,0.4342987175043782,0.5837294082495521,0.6800130026443206,0.5332572383186271,0.6241583401656912,0.5804983632214115,0.4454504873515654,0.5134028175140175,0.5375124542432267,0.5681903674235583,0.6217541736568338,0.5153147948971352,0.785429688288606,0.5011603437642606,0.7177146554145392,0.4731997237483423,0.5183631901850533,0.36946759219066966,0.28258659354869403,0.49141916723780327,0.7511959874528511,0.6797871029286019,0.3077788229219722,0.6739981803064905,0.6851732310878601,0.5144882132069808,0.6865732988642246,0.6673091844443451,0.664458248129341,0.5707484657695306
arc_pair_261455,0.3570721222336572,0.4127576980946624,0.29142026106937124,0.48494343957506175,0.5235917025688199,0.3231192791378799,0.46902957646595805,0.4147830294991054,0.3670314255746446,0.35025416255361125,0.31277616944120157,0.43314056612849344,0.30611495137932865,0.3669223711552982,0.3806902159697557,0.5033331631341338,0.521236300743093,0.40678087041062183,0.3636151987759299,0.3872169146274831,0.43663896663540613,0.49665275872522996,0.3651431198985421,0.4396825519999717,0.38217472194666413,0.4317387242834863,0.49448159737100206,0.4252032439195746,0.3959807625120757,0.4864505264877534,0.44527854727132304,0.43744496270920197,0.2707849994998617,0.47578498184133367,0.600974017281548,0.4245901528875154,0.43312426910132307,0.39970807791937746,0.46195172040184573,0.41732185818562506,0.4165963031465772,0.4469040527880121,0.3562971454507982,0.5191970679651584,0.5614083873556742,0.3536823498252745,0.322195865079927,0.38699549336257655,0.4162143066263142,0.4298266376127242,0.47794954354239283,0.5522444994526895,0.38608343113150534,0.49438465322542874,1.0,0.4260024958416813,0.4032413962021467,0.4343893398681328,0.4937002620141604,0.4646306422654822,0.44165507740466853,0.4500386716143872,0.43034823327373606,0.33473624754484127,0.5268277444832667,0.3856968623018407,0.5685053974194119,0.3376063025931776,0.4768100488611696,0.32087475326016174,0.47458039332167223,0.47740511840299615,0.1469377510855942,0.39253546899366865,0.28759508823729585,0.38096894319852476,0.44242601311246404,0.428583550705175,0.4878368277350691,0.4108461068429634,0.3672404918285116,0.35868080845445327,0.4005666052396218,0.47601513182868116,0.3723321128212432,0.33970593612475203,0.5087737481041541,0.41764147436745747,0.4646494292614138,0.4921642046301932,0.5603345295429882,0.4108643531014383,0.39736465032995755,0.24008741403432318,0.37460938117673953,0.37526528356275735,0.5280178437554609,0.35187491561727435,0.42956414751886657,0.5181840357181687,0.48718533942671804,0.443880561575391,0.4329435019980021,0.29115952811610984,0.5184956123539062,0.4737039648508283,0.2772841516077463,0.5495189745780162,0.4500825846242844,0.4391725027091251,0.47537710234132485,0.3709224900775102,0.5401269456926462,0.5289591933368082,0.5145629909596647,0.4596994388545442,0.48944801433351387,0.44635936214040495,0.41418672641195375,0.46550623289763565,0.5315402226721708,0.362176081659257,0.32809149985404523,0.3287816383924849,0.4274682006652786,0.447870386616185,0.3768191011794127,0.5109897507485035,0.45999463358197396,0.3084662152225302,0.408435561360816,0.39825206405802027,0.3785517863197198,0.4886607628710503,0.6299210036382196,0.5822779907027104,0.39699840386327556,0.4466215038591984,0.3292473083622597,0.3571839240729691,0.32814322859644307,0.30724127203833473,0.3481275053754677,0.4951413149262744,0.466719757053989,0.3815780205110051,0.47428459115847216,0.3897913566809197,0.4090982067110314,0.5095149631333152,0.45226416826487914,0.4390035558770166,0.3118488973313883
arc_pair_547258,0.38967080330443743,0.6869764223265591,0.42433310457242535,0.5891092212787985,0.7253960791035092,0.37343126175552416,0.5943687230718409,0.6682160272963409,0.4287056295267117,0.3799403886948389,0.34344017014397726,0.6531949018427068,0.3450365303078181,0.4960186560369843,0.5643235278751145,0.6905597679664306,0.5787514177032347,0.5226287306549764,0.40563568685538054,0.460211502076411,0.5178289769557061,0.6834722289189911,0.3973284719357561,0.6976055709525427,0.6123503380183245,0.5506422286610564,0.6619468973239463,0.6262032443158034,0.440429879650734,0.5864029946235255,0.5559272138374325,0.6963318319671393,0.34178191702466293,0.6880235085398717,0.6864976734083656,0.6967294928733304,0.5955438788804283,0.4460733455514203,0.6713978434708283,0.5745882155183699,0.776168436710331,0.58498945517032,0.4756570398055291,0.43954191478384164,0.6139645067351108,0.5143007079510544,0.5384082468776723,0.6407444500067997,0.603138346981253,0.5273439238951629,0.6354776295372044,0.6318908103063495,0.5391211139124179,0.6815754636351676,0.4260024958416813,1.0,0.5352400029079741,0.6132221884879022,0.6627001817470073,0.6927892364449142,0.5541903899861901,0.6676057348734661,0.5302834602919978,0.3211408508639644,0.6434814413043078,0.6629679329353461,0.6910971057355226,0.5084691822534624,0.5555759503655981,0.4475553189036718,0.6354780982111116,0.7255721224578613,0.1633188859832103,0.5514359770133348,0.3797517628612717,0.5552278768673533,0.5696043008702717,0.6232615933458546,0.7396749052841921,0.6061145789829577,0.49516375953966646,0.46311341465990674,0.5385181653838628,0.6725225485837626,0.6681133047436194,0.37293306170260615,0.5537399548394698,0.564142706473478,0.5596086522415611,0.6956339856081368,0.6738001176345861,0.6884894993498558,0.530284042485872,0.33069902692555153,0.5346820166109084,0.49073192862577864,0.5482096010009386,0.3894296211249023,0.5963586228207027,0.6810398059470755,0.6759084644393476,0.509885192091639,0.6109064882745223,0.44667024038314457,0.6133599178992728,0.54278288650268,0.33993259025705946,0.5600533613457245,0.6436549602149907,0.5711334663304997,0.566409101657926,0.4648143309678972,0.6544786699521666,0.6102348517889881,0.71143939908161,0.4829647813531216,0.5923369729301112,0.5476427083427402,0.6767971431219039,0.5955689886671828,0.7316893928727585,0.4848127000267422,0.37137422173116164,0.4121673021999656,0.6113391087070453,0.6319987447518473,0.4765079993776507,0.47648903146927907,0.5043326973666172,0.4342985818518254,0.5017368932055916,0.519523100163755,0.4892157642981539,0.5145260632200404,0.438701012805573,0.6988630631175339,0.45362865900317945,0.6076324880951205,0.4652457645280258,0.46853375750079784,0.3436737055552511,0.2631699647204912,0.46026026000630327,0.6589815722356983,0.6053295475832117,0.28485845047367264,0.5973728551580776,0.5923504242603851,0.5042163484659473,0.643729450441427,0.6300262859830987,0.5575690449280709,0.5332841205797404
arc_pair_67750,0.3588386061459332,0.6168520922183464,0.3518076897059453,0.5419014007152213,0.6791338062277343,0.38331168940137117,0.5709479013842279,0.5394056161137055,0.3813526688491181,0.36250251695978114,0.324097387151303,0.7942068756007933,0.3029374186872459,0.4172401113025681,0.7531840243401299,0.6521967006670345,0.49188929033566253,0.5776268545049759,0.37065914721137644,0.47071076990675365,0.5717424244785896,0.8025640510806149,0.3658765366091354,0.56882771478634,0.5706831167437802,0.5208755838326339,0.5925399567132011,0.5503111530031453,0.4862506991876821,0.6088253667038366,0.579607773750722,0.60980863021945,0.3309833851562065,0.662484022300272,0.5989696389587794,0.6317941129030437,0.5917360849504291,0.5608743202345152,0.5530904190075797,0.7632577383940979,0.5608701245375837,0.5929658158396822,0.5122495079282522,0.40302848690420634,0.6340283511533938,0.46991654984377057,0.5339646074147314,0.7252052702667428,0.5133895944225199,0.5082974955973116,0.5817277530633781,0.6557301553596132,0.4740447810685651,0.6788978836965118,0.4032413962021467,0.5352400029079741,1.0,0.5450799499802653,0.580689283669617,0.5799366165032416,0.5023995955049917,0.654362730542136,0.6187367008855938,0.3413642083815739,0.5634943469056972,0.5142704255565024,0.6130704851372185,0.3976837726593941,0.4857813382485024,0.38409213206251036,0.6070341046807295,0.6333635140963773,0.14451542083600932,0.5249444097971528,0.40569901352407406,0.5133299151340163,0.6169508210849645,0.6058489485628983,0.5941179190501537,0.6528084441244626,0.5008518739081128,0.3899859389615156,0.7117521165262776,0.7183747447832317,0.5836624619635877,0.3738473357266547,0.5359129387590026,0.5134625152435888,0.5506628825756866,0.5740530833163751,0.5849511095979576,0.6555535683610253,0.47401792684107213,0.3360048804436027,0.47568815301813844,0.47030418120025774,0.49931003346212094,0.3485788080664506,0.5650108879295289,0.6655683782163618,0.5566473633372496,0.498847105629879,0.5768197524922019,0.35255345377335434,0.6309316675868009,0.512293928088095,0.2696482254131589,0.5289491634701027,0.5934015502836987,0.5687068038427752,0.6161059281571544,0.4356408048678656,0.5523341627605438,0.6197429734435488,0.6310819286307506,0.4519495897377226,0.5568812641416369,0.47497349662845767,0.7001097898090115,0.6952078151570341,0.6132469892987367,0.46351333570548764,0.3370904763014116,0.4207421486624183,0.5417512328354114,0.5516881040389989,0.4334527724644771,0.6528479643180745,0.45714459267949203,0.38563017593296517,0.44987749771285607,0.44481338578040797,0.5188589545169938,0.5685005974910989,0.5354551711389989,0.6964714218458097,0.44916247028807693,0.8173142925736058,0.39863227657304817,0.4193122052562515,0.33220586754537607,0.256994837841486,0.40637790545161667,0.6173224740941888,0.5892683246136997,0.2879176347914008,0.5266308250887654,0.8568627379025127,0.440078743694296,0.6009440435784347,0.5399492367714853,0.7256571571186038,0.6449104152698174
arc_pair_720681,0.4254540137763079,0.6589785789930405,0.5614024461648726,0.5724190130528296,0.5980492903255912,0.4118472947832405,0.663693641377796,0.6385484132706012,0.5882137977719039,0.5527870191236534,0.45444368312166034,0.5490678360136277,0.48315726084871563,0.5108778314382145,0.5309081250853335,0.6370541981661638,0.5585312119119524,0.6470277253557216,0.5714954635166087,0.6768686708264253,0.6690830361030486,0.6305889894561933,0.5927498929940912,0.6018072720222967,0.6249482529206632,0.6817964074677416,0.6186998844841334,0.5170251477876525,0.4830425177901269,0.6374812944178971,0.5282336712671272,0.6461089346186243,0.42923394554013594,0.68022571541888,0.6606714988533299,0.6928603089465202,0.6116888968093156,0.6834446742529379,0.6673921306140643,0.5217590342086158,0.678250133191727,0.4593642161910507,0.6216342477491836,0.5374038507889098,0.571682291655762,0.6700494715805728,0.6574954547572187,0.5284416134476992,0.6478688396088901,0.47102861298807386,0.5777185520480712,0.7468170068615095,0.726652206715643,0.6255005639953141,0.4343893398681328,0.6132221884879022,0.5450799499802653,1.0,0.7096209187101254,0.6615449156688223,0.6998746060811388,0.5792255475148695,0.5212639387761084,0.4938514075967378,0.6848313567197843,0.6956189958309533,0.6284242286042981,0.4899174087254326,0.6583970317549224,0.5269101334341122,0.7643716886110539,0.6639781590842412,0.3014134925181508,0.5772916198255017,0.586608415105072,0.5700198094851194,0.676342409417055,0.5835506743160596,0.7185208128072613,0.6197906195022175,0.6795164799542904,0.5203372897295003,0.5318514624024931,0.5747905457841542,0.5473893539328172,0.5403306523870773,0.5748299611234392,0.6923946068696426,0.7231914635915946,0.6963642734475586,0.6408707838560732,0.624151238114518,0.509543505610782,0.4080664108128745,0.5231669177200368,0.5663596991100843,0.6340757361490607,0.4294261867359102,0.660000045898546,0.6598887367521046,0.6841912803063348,0.6770280560131776,0.6910665927267509,0.5118100609982007,0.5550389799206853,0.5111343261746396,0.39163311543637247,0.5804307441626098,0.641037933100583,0.6202334405918443,0.6458035717561768,0.48727014607551977,0.5420642897204156,0.7419582373058846,0.6323174505633817,0.5971426651127313,0.5691772833624733,0.6597116760979019,0.6789643614627767,0.6301909451428201,0.6181329303940226,0.5906979520199047,0.5340934560069734,0.5838854984136989,0.5441829098328402,0.6197207076857559,0.6303172793593182,0.5370139190489985,0.5771767456353346,0.5398798934174384,0.625282297857785,0.532319068318224,0.7400164764493034,0.7381473702392298,0.4707428593830965,0.6364195976876722,0.5826897971078714,0.5844961145253325,0.6968871988214924,0.623753871256125,0.506165516747278,0.44730734073114625,0.6096368807881656,0.6551464097810881,0.6738111219473054,0.40376928452358496,0.6262883759055267,0.5676982784655488,0.5909968564070524,0.6224103343047679,0.644813430972615,0.49825958579269763,0.5733136548201438
arc_pair_347280,0.4710148590595472,0.6744096510373139,0.529916206960169,0.6687062032966896,0.7589529924829403,0.5028193459131487,0.7225339767666851,0.6765968800814617,0.5534697031913315,0.5421186497087996,0.42645706428214786,0.6500759286437658,0.4567491533720475,0.5180598393817701,0.6134691979985888,0.6997385519428068,0.6876948498530389,0.5815919265309636,0.5453593745694058,0.604209068158799,0.6791321859100811,0.6992328562888801,0.5234164135729349,0.7012013209301026,0.632648070685418,0.675015832771209,0.7269058523074988,0.6457818012472428,0.5751317315855142,0.7345104278186795,0.6049509573013353,0.6889192044668507,0.429722931462392,0.7189958620588995,0.773679122728501,0.7586106333371823,0.6474113795085816,0.5466019846870119,0.785097319463691,0.5697030933897524,0.7512147852107656,0.637001679426429,0.6839760456486077,0.5911185056602046,0.6570875491069119,0.5602066325449625,0.6162091444068749,0.6584495837423094,0.7359588786643724,0.5762834451691168,0.677007320512326,0.7356654232853913,0.6025636877807274,0.7087127823082487,0.4937002620141604,0.6627001817470073,0.580689283669617,0.7096209187101254,1.0,0.769254420351046,0.7239346303682904,0.7171150396559013,0.5822055375153158,0.42312364825277304,0.7493711272857237,0.7320047732289705,0.7766943980889692,0.575810867053848,0.6681984773205596,0.5635779153727618,0.7444578567371705,0.7374056027122756,0.23565936698827733,0.6373313143907839,0.5165705921993262,0.6027782289006244,0.6746675218050793,0.6673109393709485,0.7776568875338433,0.6592952803788251,0.586408721330273,0.5465803206684663,0.5360531661683319,0.7345869352598843,0.6902026889892712,0.5212050882318465,0.6590320484534138,0.687150461112306,0.7745238723275468,0.7357640886630631,0.7940897844520646,0.7291114232605463,0.6046764498158368,0.40027064254066885,0.5951518112614966,0.645518745083383,0.6771958154552857,0.47824310703826706,0.6616132265992836,0.8284831778922943,0.719025371110543,0.6701773456504061,0.7842659804434418,0.5263327793847885,0.6859702727070045,0.6178969580303988,0.3970396623429509,0.6503924429922715,0.6879554251867712,0.6008108254453117,0.6017377877493267,0.48294942612276415,0.6656408065323739,0.7238823465742305,0.751889793605974,0.5799905733535531,0.6279122929982477,0.6454753311706122,0.6800102464454799,0.6880209942978983,0.7477015673771424,0.5184256089807927,0.506230701553151,0.5392426213345521,0.5530902036634875,0.6934261001687038,0.6365618754891289,0.5285452804126145,0.6440008159160968,0.5324950793755994,0.6076921742713673,0.6589792564866338,0.6255833560323258,0.7281730798881151,0.5355710642045827,0.8013488564521287,0.5928765085635794,0.6527421798926496,0.5895263719824172,0.6339298370362365,0.4496376531223259,0.38586305640896007,0.5254430252369978,0.7280158716626522,0.7381552753682771,0.41179917821940387,0.7497896951544288,0.6111623746296865,0.6276575788599884,0.7451767194088624,0.7305002829030044,0.5745516292095556,0.52586324260925
arc_pair_588558,0.4909285730668019,0.7806333938928941,0.46585675136465393,0.641241485650316,0.7612128963022633,0.4428669393527186,0.7050189599454674,0.6716533322096281,0.49282910673419733,0.43309594216657205,0.40207333366112397,0.7102022373367184,0.3865421467877099,0.5405241227752628,0.5988875042504503,0.6791790217262434,0.6897291109711295,0.574105203158767,0.4434604641652677,0.5216205766069607,0.6105089531865747,0.7327999459989233,0.4630778890372774,0.7021705648180877,0.6290672372856193,0.6161823707640419,0.733675267507264,0.5979901554508794,0.4848128389541505,0.731035766778473,0.6167824122339667,0.6747471791722267,0.37275368469492853,0.7885126528820495,0.7160073842231817,0.7240873487456537,0.6695947920471702,0.5077885662874521,0.7731801208555033,0.5614893585594625,0.8082093479100314,0.6353880109403872,0.6012389906625473,0.5521387502070697,0.6749513706937611,0.589051558422937,0.6182584891203958,0.7283362335997594,0.6519978092765509,0.5470613306965785,0.6091175131017103,0.7478514011924792,0.620870009895676,0.7139426378941495,0.4646306422654822,0.6927892364449142,0.5799366165032416,0.6615449156688223,0.769254420351046,1.0,0.6441014418508214,0.6762554606767412,0.590575128634396,0.3699946323817407,0.7093654641178055,0.7032202233517024,0.7093995711769363,0.5155968294037959,0.610569087637214,0.44983693672813874,0.7548549536292081,0.8038577393531686,0.2140902414438558,0.6237854664931652,0.47411814316207357,0.606799413243582,0.693213951963635,0.7317461732571552,0.7923519218813245,0.637853343475961,0.5534321407215166,0.5557664573666785,0.5661660608392719,0.730950291151359,0.7092570987417335,0.43898669220858955,0.6684545794252109,0.650422319064143,0.655101817325721,0.7035943854015759,0.7664758988768846,0.6692733338361665,0.5378553765189535,0.37198708993810503,0.5546197561112941,0.5912385860317406,0.6249673450274164,0.42996431718234984,0.6835556300112257,0.8428528010769781,0.6821879355305025,0.5682802732535327,0.6916937608372071,0.5353064307670585,0.6173399075706347,0.5987475326551763,0.3458428372896633,0.565932782400517,0.6633926488729344,0.6663557057501118,0.6000422609175537,0.49071029487438395,0.6272870894344676,0.6422216991747508,0.7221157535026984,0.5236599952286818,0.5973006745707453,0.5672410564697101,0.6755020215123801,0.6271011226311428,0.7893708744347523,0.5904994220512367,0.43178968943583046,0.4709987227519321,0.5451163299282695,0.6531013552837086,0.5314814984813241,0.579199786384101,0.5797777724859587,0.4870169348980866,0.5416796500569404,0.6754397357012912,0.5694360751342065,0.6069414144205766,0.52359898528307,0.7361686658586981,0.5096939304048481,0.6485535549447538,0.48521966392188676,0.5204463209576997,0.39491622032065293,0.29480509352652323,0.4529735980631612,0.7094736552003748,0.7174661236614557,0.35552050216885434,0.727453665060676,0.6045149322426632,0.5288694086734208,0.7471749224405693,0.776991497106774,0.6075683868132418,0.5407201367218006
arc_pair_594469,0.40803777770356114,0.6213339087708004,0.5692152913662659,0.5855994256982656,0.603678514045968,0.4543141433703038,0.6162723355087691,0.6994254101418579,0.5795664329946466,0.5247815751322193,0.4353798705002199,0.5513539969052863,0.5025950086092503,0.4948416424673913,0.5019766342695288,0.5626524924655373,0.5532304932709825,0.6429661941015542,0.5706516830326752,0.7091243539546942,0.6561173904080557,0.5949295977937543,0.6900331674528212,0.5485448714321229,0.5854790390666414,0.6787569382696901,0.6228894502807102,0.5242865819880832,0.5453828529109345,0.622973558130582,0.5294950377072184,0.6036097510178444,0.40346817417464953,0.5974237174507551,0.6325090794116217,0.6378432451814938,0.622259259817,0.5523220221329318,0.6806851547559225,0.517711586672647,0.6265394555355779,0.511843444670733,0.5628940381074129,0.534493894130397,0.5814524449288263,0.599222296449537,0.5905831369989901,0.5435045594446364,0.6700227391732985,0.49660533089698033,0.5860588429697869,0.7276876006651296,0.606878111782273,0.5854966516438346,0.44165507740466853,0.5541903899861901,0.5023995955049917,0.6998746060811388,0.7239346303682904,0.6441014418508214,1.0,0.5840969059323401,0.5122296135712976,0.4864803841052739,0.7352956690090418,0.6126729202950733,0.6263045145849784,0.5122119864074887,0.7305560545606515,0.5417265381023925,0.7449668447681255,0.6394392826671249,0.3520325296779811,0.6241092708067211,0.5693241946010232,0.5640637458360371,0.6442862559362,0.5603668669560468,0.7203845963830424,0.5571466191030293,0.5708039998150798,0.5386390282505404,0.5046647308623871,0.5786331979404765,0.5346527021803342,0.5788675801851407,0.5504571187806802,0.6928795693071091,0.7290937481201591,0.649100378386245,0.6080493101041058,0.6280362702401546,0.60663835313176,0.4006858075153548,0.5755327102764848,0.5998577656636234,0.7393218363074527,0.4939110735621237,0.6011020543402028,0.7111341827263887,0.5905551934135799,0.7328572503336168,0.6826719904583302,0.5319721854108055,0.5571900982069485,0.5261011023298023,0.44749118022742423,0.5780985386952292,0.6447191649235448,0.5282626721170202,0.6013238075729969,0.49944295894863244,0.5572166665460988,0.7115675493628263,0.6150644341839481,0.6192562422205172,0.5351646183483925,0.6704242981352286,0.5990487268601663,0.6357146783373077,0.5708830041281018,0.4979123358441624,0.610328920557741,0.5859195855439095,0.48240042027143626,0.5956484148470346,0.6180622985715283,0.49010913230271175,0.6355273864741252,0.5654218285683535,0.6655784924815792,0.5255381305704544,0.704959168465696,0.7340320144963821,0.48986813954918157,0.6206525749821579,0.6273343060042399,0.5576831322306368,0.6414739395108947,0.6306403041367928,0.5290505552086994,0.46217275676667524,0.5514962675416559,0.6439164133240708,0.6735464431647507,0.4034887266767263,0.6120169494973831,0.5277609246300113,0.6903047339535358,0.6489754469557183,0.581306908774495,0.521930202287812,0.4726856977872225
arc_pair_649403,0.4186442867528389,0.6114891089278163,0.4420775365453935,0.6481170331450511,0.7359224642888278,0.4499611477923378,0.6151774312588815,0.5965240814049747,0.4439603724843916,0.39644776562710693,0.3740554957043535,0.6703885712593468,0.36208177906838446,0.4758230933500344,0.6493979238296411,0.7027009968553396,0.591461766318671,0.5478477450287901,0.46693037182891517,0.49844615456011077,0.5464828975865552,0.7256325781157161,0.43314342955475166,0.6583374686117683,0.6062564407004437,0.5657951131826603,0.6846238943244226,0.664190466927996,0.5051573439532268,0.6738959078862444,0.6060909692489393,0.7151751084546945,0.3732396338939206,0.6563532154250608,0.7518924562395617,0.6772019284058655,0.5807687766115915,0.5034619851146626,0.67582789745397,0.6433663985231596,0.6678676661820937,0.646278715954758,0.5857670526650552,0.463655331486253,0.6562720061065518,0.4673997130771729,0.5411222991128378,0.7404115602770245,0.5901378506052206,0.5658355460293014,0.6097655119276054,0.7076232033835335,0.5529087854143391,0.7487738305562545,0.4500386716143872,0.6676057348734661,0.654362730542136,0.5792255475148695,0.7171150396559013,0.6762554606767412,0.5840969059323401,1.0,0.6021548675372937,0.3285683578760479,0.6924753514885771,0.5787521818341116,0.7330788931122709,0.4765900266377147,0.5748098110271443,0.4613922687359386,0.6961238993228529,0.7423700986682968,0.1849591543452871,0.6282275392420229,0.410958130762806,0.5249697816192017,0.5916642081595341,0.6396111585032649,0.7308439135442449,0.6658624497196053,0.5563230859719445,0.4784516184683462,0.6287549618480325,0.7191844633058068,0.6596052415749242,0.38916343749313625,0.6202125082854493,0.5623217197978461,0.6473965522642421,0.6576089464332562,0.6970531456449516,0.6815601882896247,0.575919040233326,0.3412021817009707,0.582620398523716,0.5302564533142794,0.5693311841475197,0.3954930966218094,0.6146513064132259,0.769071195972805,0.668473647449693,0.5792912651128173,0.6781679936763764,0.49526194551068925,0.6307972003014826,0.5945285033199038,0.33746445152279647,0.648650118965273,0.6668880119866831,0.5937084414947144,0.6224777204113046,0.46167145328784626,0.603670799971183,0.6429172672334648,0.7408886564425369,0.4986187799689178,0.5968831990970571,0.56698587879065,0.7269977622514215,0.6749529349529476,0.6742796829087557,0.44526054915306473,0.3889345328545588,0.46722663887684324,0.630729496130628,0.6694440500972818,0.5053785450066272,0.5554723599515866,0.5655824357131649,0.4461719889329517,0.5136796536513608,0.5467270135875208,0.5645055960742921,0.6172086682855309,0.5151678512024721,0.7760724148790048,0.5067461028781669,0.6846243798989641,0.4802499295691318,0.5543201709389544,0.367478667811376,0.2747715096363236,0.4771427557230143,0.697686498126314,0.6726482308301867,0.29811568860806553,0.6399714926020434,0.6633448960949256,0.5728054829686849,0.7079332858320433,0.6765116180702317,0.6493643844311902,0.5750209091868745
arc_pair_599471,0.37396845680981206,0.5265685251189609,0.39156016498771884,0.5426807900122826,0.7016919091568442,0.39582000596407635,0.5340044883663607,0.5174909916189945,0.4137625526320707,0.3786892824119868,0.4226203632203748,0.5774831897875357,0.4172135317757988,0.41168137316123943,0.6589670654381423,0.5929716605865457,0.5298001232536651,0.5849582375765722,0.431317924033289,0.4477739514833258,0.517401199459947,0.6844758018503281,0.46175566871941875,0.5536846594766014,0.5126214104370181,0.555695938865846,0.5799365426533181,0.5837540152632074,0.5289062213766992,0.5673405206807604,0.4729145780019045,0.6043688909010051,0.33518640433008906,0.6414402191125792,0.5747250511863575,0.6212766927690851,0.5016841715786085,0.5310334420918223,0.5439474827143321,0.5967993987548624,0.5111697419753639,0.5948868322832419,0.49336111326966386,0.3832279740223752,0.5500266830195514,0.4555204080073317,0.5297928787995555,0.6575608140371129,0.5129268332668232,0.4409326328012165,0.5604681052811863,0.6376300372927964,0.48450318440735884,0.5939371933149561,0.43034823327373606,0.5302834602919978,0.6187367008855938,0.5212639387761084,0.5822055375153158,0.590575128634396,0.5122296135712976,0.6021548675372937,1.0,0.35795686590649,0.6291791014833792,0.514180028675448,0.5618698998376318,0.37605736031326226,0.5623805368212627,0.41082628013164024,0.5840787461088172,0.6283049746572548,0.1993272116829364,0.4990564661425529,0.3954690103718694,0.4196498199937662,0.5352241298857898,0.6022799772612978,0.6316054589573078,0.5724358303015665,0.5026509970122517,0.43213249426218636,0.639948938930599,0.6719927311187378,0.6009879932957214,0.4036738588528536,0.5234425309317671,0.4629660086163892,0.5790070597074946,0.562461426841111,0.5989786234759978,0.6122795725674709,0.47358509972978685,0.3262136452545981,0.4781904047703676,0.4617825603310099,0.5657660509563993,0.36505115240849767,0.5368651689537189,0.646274547119467,0.5273108262027919,0.5466294734883367,0.625086427126848,0.37357881601155085,0.5911776585657091,0.45864177137404594,0.31338813542665167,0.5605078846966963,0.6311288836703689,0.5341698111005135,0.5827738186844902,0.4307288903192301,0.5201447004684482,0.6052418556495555,0.5951729093635243,0.48533024973133554,0.5393564655743875,0.48848273730073816,0.6118612124629788,0.5823265323486836,0.6107107688865411,0.4159335988737471,0.410447428045162,0.40103471053246637,0.4894264405221596,0.5879644952725472,0.4594463519674927,0.5504213270527469,0.4909269472210624,0.3960323409587942,0.5058147716725956,0.45062742992325383,0.5348936641915795,0.6199246030468206,0.4843933833146476,0.6279751737687482,0.4607911757325476,0.6257456979853243,0.42631634461688545,0.437015016432188,0.3611646888279929,0.29983656657712154,0.4389820689247631,0.6266776485950306,0.5580898935796389,0.3033831845257205,0.5447956817137827,0.6690693567535407,0.5296370890776471,0.5251235336822864,0.5573839694522624,0.5606500265138948,0.5105961090006499
arc_pair_718797,0.25407218432248585,0.40010191114863747,0.4052483849044091,0.36230042004919316,0.3857381257961156,0.2916449773470267,0.4358433852756699,0.3753969106728385,0.4194252603520005,0.40199775775322677,0.33532609591199347,0.30263432222367087,0.4008649462788275,0.33082132407565285,0.3364339096427212,0.3439676110974544,0.3334381430210137,0.45258972395425706,0.3822194754810947,0.5618966413991577,0.4427297729255989,0.3688123102510204,0.5162917157581507,0.34368942374129124,0.4411677775424831,0.4768571350191265,0.3766337971120264,0.3618565895650274,0.4298982391958138,0.3606076804615621,0.33911059582569797,0.3898343719825984,0.26297719790573065,0.40388982762630427,0.3713867362900775,0.4195132972424264,0.40749540375576393,0.487962193179978,0.4230389781951808,0.3221793560172659,0.36605622799472026,0.2958160125547683,0.38105701860524055,0.36428986393108476,0.37039231510564297,0.5139721625946997,0.39832351363906326,0.3343318781752533,0.40941071084193037,0.3063779560974731,0.3685603089254216,0.47104553369257135,0.4401444907795772,0.3738104192228043,0.33473624754484127,0.3211408508639644,0.3413642083815739,0.4938514075967378,0.42312364825277304,0.3699946323817407,0.4864803841052739,0.3285683578760479,0.35795686590649,1.0,0.4509750287602574,0.4004627668917275,0.3754587840895747,0.3433885547001586,0.487951529283587,0.36795073424426694,0.4717069626962245,0.35133931601202123,0.30233713505364473,0.31950251794461576,0.4332268492424317,0.35590659977461536,0.41979070211225256,0.34104350664541017,0.4206186123704551,0.3451225260367861,0.48600964439891514,0.3111502803077343,0.33698929590626586,0.36264510114800524,0.3311382673612257,0.4029779620490143,0.35312832706557423,0.4279959120292766,0.4752811239222452,0.39335550147659887,0.3802625906910305,0.40466474800129343,0.3361158443041519,0.2828094098884769,0.3642582195991584,0.39343934505973166,0.4868764548714865,0.3518066148501121,0.43278709319860154,0.4114771941243655,0.36535203175472913,0.5206476691537428,0.4246791093023864,0.3094367427876792,0.3426420426918121,0.328084062239691,0.3201184217336912,0.36488307584792734,0.4234581921845769,0.38154758383996507,0.3915095113748377,0.41437984398240374,0.3434986545062144,0.4784738276398634,0.34537435871897715,0.4910212048915026,0.3595285509052327,0.39960165130287156,0.39542339147015515,0.40599481901530754,0.3343856822453373,0.38094540566887897,0.4025453254307332,0.4395525742717486,0.36149259757799634,0.3459451320332173,0.41713720041173485,0.39086445587937235,0.42643335402048343,0.4136151444969223,0.44754127711775077,0.2926642372890105,0.5041060056880632,0.5214715536917787,0.36188700692128195,0.35582125412383425,0.46850949910531153,0.3726705682868992,0.4989291383376667,0.40855430093498585,0.40508243281694295,0.3482590071209302,0.4333595937541289,0.42927680094330545,0.4281519969258804,0.28731084180103805,0.3513764508855049,0.3818543366750168,0.4002449446620001,0.35830643683158997,0.39897144415517094,0.30748504821737194,0.3512243604430062
arc_pair_695283,0.45542599100914133,0.6835658319741298,0.5285429241491219,0.6532788578323304,0.733978395008182,0.4541172506464604,0.6892957119283668,0.6300837379957205,0.559213592823096,0.4897363068674644,0.4806417469646456,0.5876025067449225,0.5079471775227258,0.5182718673564493,0.6434279342415663,0.6644045442614037,0.6623654267890592,0.6603086247808644,0.5579771462553278,0.6561210181822582,0.6330842291426154,0.6884148375243073,0.5885951012648609,0.6001756284100263,0.6584764655241008,0.6812022937622334,0.7991603168042686,0.651715264093025,0.6114489947166742,0.6618766229572297,0.6166031486426936,0.6892162537294213,0.41344964089475145,0.7126824575356725,0.7630029615693584,0.7238814923010198,0.6671517790686741,0.5773728272555867,0.714625627784519,0.5916646463685047,0.6797106118364851,0.5449044447028546,0.6041546248346579,0.5442395825001403,0.6666140614427187,0.5593295605892886,0.6111645972050372,0.6410168359883767,0.694187676933313,0.5408108056809809,0.6232045968301162,0.7953688106914519,0.662483006528691,0.6812385552429755,0.5268277444832667,0.6434814413043078,0.5634943469056972,0.6848313567197843,0.7493711272857237,0.7093654641178055,0.7352956690090418,0.6924753514885771,0.6291791014833792,0.4509750287602574,1.0,0.5904966632828024,0.7307586411902557,0.5502238348808969,0.7620290886347789,0.5204755037410044,0.7853377512782169,0.7080569137721873,0.28360749804531427,0.6245639381798819,0.5188748672218916,0.5834481878961122,0.6550829870154652,0.6553689241732868,0.7751689968631186,0.6050589163213526,0.6517567808397424,0.5334523293996216,0.6656095752176586,0.7100007853200794,0.586826183795175,0.5443649156264743,0.66784441739054,0.6773906469655007,0.7592383823960752,0.7055632916067356,0.719096833098736,0.668793528868232,0.6136967276881182,0.40054320954980027,0.5916741742933213,0.5991408971642757,0.762336648572511,0.5354965439792483,0.748641132100467,0.7939366933924611,0.6933774564556358,0.7211990192722213,0.6918582009817527,0.4915035445676788,0.6508476608832068,0.5491987000963626,0.4232075248376573,0.6573061938390786,0.8104546478972259,0.659914727630938,0.6234633985666385,0.5023424578447757,0.6342269229448412,0.7331482268100369,0.7036789460125529,0.6656518791971657,0.6030290490787643,0.605450835340803,0.7380135422000357,0.7113252087527883,0.6903540254995172,0.5351959670186845,0.5457757022538255,0.519663101325658,0.5656884529832126,0.710906704454248,0.6251712392294235,0.5663932569778828,0.6923471820737711,0.5295079866282051,0.6560110936184106,0.6012427706263037,0.6838822041367092,0.7864455884221393,0.5649330865412876,0.7418190483448633,0.6159430659332932,0.6413590889556485,0.5945493536423744,0.612884042650078,0.528171350144251,0.40680612653357207,0.5856438114386988,0.7348008426908008,0.7247773315401661,0.4086377814105551,0.6656612809482239,0.6272930650183204,0.6484692921442867,0.7508274152027447,0.6545630539231568,0.5944477618408072,0.5469798422104764
arc_pair_516918,0.4096794449041935,0.6522116913231578,0.4735167130469419,0.5858905918200857,0.6803412493495077,0.4397325376578479,0.6619254244380905,0.6253004169009185,0.5072390403146565,0.4382882224370808,0.38221290035850797,0.6009861421880087,0.398308094172328,0.4508813667946,0.5498681617588517,0.6339424249576227,0.6080991254927672,0.5254173103609744,0.4968142372156122,0.5346212414634818,0.6285374117237766,0.6286716950064051,0.4475020654639857,0.6480685094628893,0.5706698038885072,0.6423322429778433,0.6056468695809382,0.5563600045693714,0.4426317478141198,0.6461487334360074,0.5425714353229002,0.6496124887154139,0.37092608875697625,0.6421859378773013,0.5885294136188461,0.7128432042787833,0.5939578766819972,0.509770300563846,0.7149958067602094,0.45822141942242156,0.7606699650471298,0.557645251029143,0.5819470829756126,0.496921215129232,0.5622574434510257,0.5764758030409742,0.6151728418602553,0.5770176972410151,0.6491233658298645,0.4677329439489825,0.6337101924492892,0.6248951763638468,0.548345427459573,0.6090039794967682,0.3856968623018407,0.6629679329353461,0.5142704255565024,0.6956189958309533,0.7320047732289705,0.7032202233517024,0.6126729202950733,0.5787521818341116,0.514180028675448,0.4004627668917275,0.5904966632828024,1.0,0.6401978305917357,0.476635709016799,0.5907037233059832,0.4854190786493716,0.652142013688617,0.6350912044434465,0.22249609734021197,0.4761416417323993,0.44553070298392045,0.6087503179001069,0.675105033476162,0.6159674899616879,0.6752281991091772,0.642218989418672,0.5543271208101926,0.4740223465454525,0.45615333047158885,0.6366398542863326,0.6730211842959145,0.44964647413317943,0.5552101770794822,0.6430810331467555,0.63439380121394,0.636836951456212,0.6707358116648434,0.6594503278907453,0.466273115331742,0.3441632902010914,0.4898359493197203,0.5481596740745468,0.5769738057767696,0.4220345618700888,0.5571587567956504,0.6985148910770268,0.6942455369076634,0.5376699538356128,0.7028723151457248,0.4674410256966856,0.5556717827234077,0.5195486774194721,0.33880267715145956,0.48891830782169193,0.597389898369669,0.5107487342298008,0.5530149786595948,0.4167604465859137,0.557456074294928,0.6924813989079956,0.651674817638278,0.4907127799520555,0.5857608363501746,0.5149947741279413,0.6386440523706026,0.5862704560636449,0.6845159664439852,0.5484125931743277,0.4196414513283517,0.5214979519887564,0.5096417627519806,0.6145264689711534,0.5695471225052555,0.49535271772442274,0.5181338881886124,0.4758562995652379,0.5376146903425238,0.5937159218766617,0.5359557940216642,0.6122152343454932,0.4383461154509928,0.6392110890797528,0.509178473249209,0.5742832860322714,0.5449649387184554,0.5226697602452743,0.3836493015206965,0.3366246185947383,0.4937291026328544,0.6272725022648177,0.6448938013290744,0.34450542995417616,0.5997512091310059,0.5484427153209182,0.5090644516650207,0.6076530738916606,0.7014327043856401,0.4557926261096157,0.5215106038928564
arc_pair_724174,0.45650487565722064,0.6283820954906022,0.43405002241693313,0.7249373328682416,0.7791869710848385,0.4900786038338703,0.6527324138249658,0.6346682898693138,0.4807644492149323,0.435052821919334,0.3790766781269209,0.6424588268932933,0.38455331457244035,0.49367346382034394,0.5983196268304362,0.7796620556976048,0.7134939415016215,0.5277309370780375,0.4695334700451445,0.5187872911320359,0.6183657201131197,0.6962431243530935,0.4427648228278847,0.6692468565826523,0.6305455809461895,0.5976815321073191,0.7614642342059136,0.684181354948057,0.5012981180065703,0.6892390917115367,0.6890788535012913,0.6992939514208002,0.38753313039228043,0.6691182543431669,0.8269725118667478,0.7106753463204724,0.6032482578397615,0.4987695307208511,0.7654786313496815,0.5746614904456172,0.6923671430221408,0.6307659362792383,0.562467845151153,0.5592891211137132,0.7311175408507241,0.48479068485023535,0.5244245791962903,0.687677355179238,0.6079088981341407,0.5991448015689209,0.6866915885277656,0.727732656409925,0.5325977177504467,0.7129696998073222,0.5685053974194119,0.6910971057355226,0.6130704851372185,0.6284242286042981,0.7766943980889692,0.7093995711769363,0.6263045145849784,0.7330788931122709,0.5618698998376318,0.3754587840895747,0.7307586411902557,0.6401978305917357,1.0,0.5688947383943586,0.6124228480683275,0.47309104164545057,0.6890951325233058,0.7385352054061762,0.18124270964411884,0.6501774541022526,0.41537428074872323,0.5508938048893273,0.6318574839542548,0.6761975960585135,0.735993006791926,0.6248370048766306,0.5493648956504428,0.5257230832196618,0.5774141704682466,0.7338310870730879,0.6015821416131439,0.42917739177212944,0.7211323779412341,0.6427898140524168,0.6553318292645337,0.6814167848260146,0.7910037675419406,0.6561718753030005,0.6355106054851897,0.3230613359577664,0.5709436894799733,0.5547687795387639,0.6202461535941964,0.4334561653822585,0.6139299799774733,0.8085051316513273,0.739280860231173,0.5909914964120874,0.6733682130393491,0.46875370129668087,0.6843598885792137,0.6530153846187934,0.3689959552216772,0.6534520945758986,0.6905943606606816,0.5541845134532817,0.6343695526183857,0.45851935555906165,0.6537542556755024,0.7193721805277393,0.7486682713165229,0.5608449555708597,0.6588097016657931,0.6184004901321296,0.666824829391589,0.6593005689504041,0.7714411821075305,0.511217053189841,0.4335826470915707,0.477626694378677,0.6403836411905197,0.6633192439934643,0.5225293962836071,0.6060354374681334,0.6227186958459503,0.45666890010573985,0.5196908393596695,0.6194082831791577,0.531504677958581,0.6381600195026612,0.5589178676845564,0.8036097570506114,0.5549265775767152,0.6449614245562124,0.48883191370376106,0.5519628308356159,0.38125936019810874,0.31574991320801143,0.494016795212569,0.6590557061269112,0.706741494458818,0.34614348422800517,0.6761369912168992,0.5816979875125086,0.538132487188621,0.7508865300140041,0.7046783575632697,0.6492541212055097,0.5180463112492955
arc_pair_260376,0.30995150498319324,0.5156848887279096,0.4089533002568494,0.46069268003406805,0.5124856454405556,0.3809303932001577,0.50355710168096,0.4958744398536513,0.47454004266988536,0.4305894495587569,0.303461562800912,0.4210764815567869,0.35245470092464437,0.3384988188418945,0.394809581547855,0.4579918307983192,0.44897609207875705,0.4231430091688711,0.40843191738932844,0.4859859580971622,0.45336382828008265,0.45490928145081977,0.4476558043900241,0.4622213489627469,0.53386425614579,0.5138515269375553,0.5238315175654867,0.43278921065234044,0.4017076829609695,0.4834879119335963,0.4694997703708351,0.4910459086605069,0.26860968566985977,0.4920292511284045,0.4993759415990509,0.5090071512791854,0.4723235798300741,0.41822151188810847,0.5508635888899305,0.41232500253364757,0.5207020887316798,0.3994708047718779,0.42671844627410926,0.4033071601431033,0.47115824422139274,0.4290435781686287,0.4359928291725852,0.4646835917540267,0.5394689687615828,0.3684889969664667,0.45282586956968196,0.5241041162816424,0.4187204112696534,0.46844858212740537,0.3376063025931776,0.5084691822534624,0.3976837726593941,0.4899174087254326,0.575810867053848,0.5155968294037959,0.5122119864074887,0.4765900266377147,0.37605736031326226,0.3433885547001586,0.5502238348808969,0.476635709016799,0.5688947383943586,1.0,0.5178314797106159,0.39656354359540436,0.5114222971580008,0.5074172958552968,0.23943926380874736,0.4512496986049984,0.3992802694919014,0.4795456933642154,0.48892798674669985,0.4737406821927116,0.5701916146310296,0.38323163364138974,0.41644298376980127,0.4008168990482404,0.3830830269317481,0.49748263786770924,0.44582351734537573,0.48122127552771315,0.44655933416396687,0.5338673734047265,0.5035895514783386,0.49277255125332914,0.5070965420025143,0.4744772486174987,0.44498270078468566,0.3470626913959782,0.45254399858643884,0.42938710555471116,0.5383270018281513,0.37981406610374246,0.45057106895564497,0.5604819658703739,0.4759670025488016,0.5279208332207354,0.5213447295088738,0.34910894188584085,0.4249212236055368,0.4400183372794889,0.28362780765354856,0.40303752461655573,0.48570761042147653,0.4348491410846578,0.45853181407517496,0.34004348882886964,0.41820445833053654,0.5226153266768826,0.49233796601302515,0.45242507918571656,0.4421321029731834,0.49207536480277586,0.47361933508602455,0.4500467454702943,0.5140691870607318,0.4002233626162523,0.4390375628527361,0.44019804573485816,0.41805404142156555,0.45516939433039855,0.47353454956076385,0.38421178323995514,0.4666979193163355,0.46874800656606563,0.5082439471128589,0.41616255939427926,0.4669426659727458,0.5267951530271515,0.36829780612284435,0.4797397052123806,0.4778672837754034,0.4582424481898521,0.4842181123884275,0.48853982614104385,0.40107113058661353,0.3000322819114919,0.40210102096258515,0.46708885221217916,0.4951697133198963,0.3085274294226734,0.48424404793275966,0.41039484381572233,0.4405586155974947,0.4925052753701908,0.43970149118067786,0.4153386260758259,0.37213853467972347
arc_pair_551617,0.4565272546003942,0.6191130681221013,0.5908575509509453,0.5914715143833764,0.5956542083666877,0.5069266432188131,0.6542551246202615,0.601166650320354,0.6018891569919186,0.5707663682778518,0.4937089790596019,0.5076255559474434,0.5615022003827237,0.4961851424986726,0.4900956905425256,0.546072804406248,0.6016825150360123,0.6454743054439462,0.6027900444492998,0.7045273918630189,0.6434909947494479,0.6114755654955726,0.7080429975283882,0.519390648567129,0.5995273897534454,0.7018963069592902,0.6244135776548811,0.5636846991685391,0.5638324682303344,0.5969132760044958,0.5120980212731243,0.6191326240853863,0.40317206408570794,0.6073803926797989,0.6329207216464411,0.6008116740957571,0.6100046788125231,0.5606063667785882,0.6805946573747473,0.5164274315999615,0.597381196919103,0.46798367703021315,0.5301800286814076,0.5261529895052698,0.5948283435707797,0.6064837535106906,0.570926107972855,0.5307024751728955,0.671704402468356,0.4627354517092914,0.5945106837318233,0.7391156266851375,0.6007369124122041,0.5879631636009106,0.4768100488611696,0.5555759503655981,0.4857813382485024,0.6583970317549224,0.6681984773205596,0.610569087637214,0.7305560545606515,0.5748098110271443,0.5623805368212627,0.487951529283587,0.7620290886347789,0.5907037233059832,0.6124228480683275,0.5178314797106159,1.0,0.5637085264605877,0.7226948687298071,0.5804500425477893,0.371582440206492,0.48627411279286464,0.5349698889364917,0.5718582194181105,0.615061158026042,0.5360670492055861,0.6780994905684454,0.5300905586494562,0.6250536470235477,0.5216868320037937,0.5329673686032056,0.5807781066908385,0.513070457290322,0.6162455603522117,0.5287473240095724,0.6604938246338415,0.689019441875854,0.6111128036212813,0.6026175901812504,0.6032891980997395,0.5538233063945688,0.45677938461199896,0.5484298914799449,0.6101686134559053,0.7712188254523454,0.5617550586692354,0.6402494944036144,0.6573557901657793,0.6154807589679496,0.7490008966122789,0.6693876295531791,0.5244025325018054,0.5984406447791606,0.5445946102826366,0.5082000019414086,0.566360624874832,0.6436184942588166,0.5543735078433452,0.6153391254691852,0.460654673168409,0.5776785006577465,0.7178281399708693,0.5959844189206476,0.6819095605621576,0.5943587732137756,0.6377181936637474,0.6025289668543727,0.6099205260065628,0.5748353849310557,0.5432519464477866,0.6116875598561728,0.5535509572883116,0.4891126819197816,0.6080452357117911,0.6522500457685951,0.5290343610538578,0.6707334650553902,0.5923567862689187,0.6984405561098153,0.5298803897245487,0.6680788280875206,0.7668005062159746,0.4902857035534895,0.6082167010067364,0.6599766230908027,0.5831027198735721,0.6405487110736475,0.6058232334917485,0.5673833776929261,0.47904130027064906,0.617663695982971,0.6614076160713956,0.6536611013129547,0.4227207950940199,0.5734524405310046,0.5175580604290975,0.6511282319875714,0.6075750942068457,0.5870979837782405,0.5218558731862518,0.4678665378100141
arc_pair_358495,0.32725329060060293,0.4709059767397201,0.49327607077173874,0.4695600233081315,0.45740126721431684,0.4325357520979447,0.5095828733489408,0.47254653338580416,0.4653467008111051,0.5013702134452743,0.41776859364223234,0.3899246259374271,0.45512828149345547,0.38695542326135923,0.38733859221466255,0.45309983789285774,0.5031668472467152,0.46300607664297644,0.5114537806454369,0.6444189637635307,0.5405512253009527,0.4588757631657937,0.5811854088887171,0.4310282072756739,0.4708491270101687,0.6065549777904875,0.47649284830953886,0.4905872566629932,0.45583257394319143,0.4705031580507487,0.37111353325173296,0.5446423273445629,0.29861876583332037,0.45105891991019265,0.4610427585415259,0.48240483579647336,0.47301416425676773,0.4134872777567373,0.5179279944842188,0.3933229218007655,0.45584010500466476,0.39984273108389284,0.4408468000625974,0.39825757547717483,0.41979234655721726,0.4588882857091485,0.43794238047925566,0.39752247937464774,0.5546498609546626,0.3935269321264061,0.4863684457813039,0.5433241292443703,0.44724899798626716,0.46607340451766255,0.32087475326016174,0.4475553189036718,0.38409213206251036,0.5269101334341122,0.5635779153727618,0.44983693672813874,0.5417265381023925,0.4613922687359386,0.41082628013164024,0.36795073424426694,0.5204755037410044,0.4854190786493716,0.47309104164545057,0.39656354359540436,0.5637085264605877,1.0,0.550203605073834,0.46877958262487657,0.34470836721022,0.40144794488975916,0.46354537115407607,0.4184854049637175,0.4607416425868533,0.43119114417459153,0.5527959297114625,0.4186250820875884,0.4659814834237218,0.42723980163328085,0.4149562855154142,0.4073510139029143,0.46737988924475293,0.5465738748670007,0.40459229325216367,0.5067738911274662,0.5684091247867664,0.4715475144636599,0.4940983817950418,0.4838489246651355,0.4367253068740371,0.3478540689308165,0.42296058926260516,0.4781574811101241,0.5423942719052226,0.4456779112118336,0.4942296569327332,0.4776200409511707,0.5006490704891691,0.6490090760116841,0.5069499513967832,0.41862841374489795,0.43446823141078744,0.4374331677424695,0.43357570026814074,0.42168567047970207,0.4912322329668308,0.45342997953333186,0.5099311411514272,0.33644738598206003,0.4822984497446735,0.5771841015452294,0.4638605348099454,0.48772132106832855,0.47796326925163257,0.5522786237668615,0.48854787166779007,0.45033891223601946,0.44601500018956614,0.3723263917161999,0.5143175324331603,0.46139622736555647,0.39513640423612145,0.4885626288453513,0.5131316251258393,0.396900307016458,0.5033884168902556,0.46359645847895764,0.5424779429252584,0.4254851802496696,0.5807215763301543,0.6061083808450648,0.3381163031361958,0.48574158086828706,0.5519309849381199,0.4367682422491239,0.5227760660215797,0.5246937883045809,0.46702787876154284,0.4250590105327758,0.4624536462503673,0.5247780988855311,0.4718745599038885,0.34042210276920465,0.4706085571950639,0.43917229596222634,0.5892131133417948,0.42595962601069953,0.4826830026143226,0.3473638679270573,0.35318962649767116
arc_pair_450035,0.47590310973065547,0.7208304463320876,0.6002250212866501,0.6475810531373613,0.687075595846148,0.4832564269200652,0.7210938885931875,0.6843953479565078,0.5793953048064377,0.5331192379108428,0.5002335825894346,0.6164920158344074,0.5157334336615444,0.5548799703306427,0.5991964054250853,0.6740194979543486,0.635772889395849,0.7255629653895482,0.6138213989941972,0.7051951520823146,0.6590615274502599,0.6814161455650978,0.6424063432925964,0.6174617954886841,0.6891145742336603,0.7314830616693079,0.7084677680618126,0.6080985295395084,0.5619721752034323,0.7174876544464095,0.5800123405315362,0.7360890003092248,0.4559549832749119,0.6930983858395924,0.7063830756464515,0.7251117750326638,0.6747819871376702,0.6762800660074761,0.7223833641183689,0.5817231856191009,0.7225325046871536,0.5805324634955131,0.6676127993984687,0.5996359965923295,0.6277552576746849,0.6405132760434663,0.6462163572370409,0.6554900064335141,0.6914229288210136,0.61235884051581,0.6288610223139346,0.862352705152884,0.7447593763602688,0.6966998238985531,0.47458039332167223,0.6354780982111116,0.6070341046807295,0.7643716886110539,0.7444578567371705,0.7548549536292081,0.7449668447681255,0.6961238993228529,0.5840787461088172,0.4717069626962245,0.7853377512782169,0.652142013688617,0.6890951325233058,0.5114222971580008,0.7226948687298071,0.550203605073834,1.0,0.7381288319596729,0.33465547862985007,0.6605356090236431,0.5828737493199574,0.6376943593642743,0.6973765595092353,0.6819355705451347,0.774200123225184,0.6224758063000204,0.7384453031818674,0.6248833020439586,0.669789773774136,0.6558405910445139,0.6476062069888728,0.582531774954994,0.612774113697901,0.717756640973517,0.786644644059253,0.6992782896565882,0.697739081241164,0.6872767740053,0.6027155751536647,0.45055079697607664,0.5645880424721507,0.6350160851670779,0.6976560004370403,0.48854734611257955,0.7539880336075958,0.7703082389724292,0.7242439674223239,0.7396337763746259,0.7415244456300082,0.5491624195997962,0.6534416830283879,0.5924953607676859,0.4297361888887147,0.635265612168207,0.723892623454807,0.6931540076261661,0.6699669081051065,0.5407782666974843,0.5826633547361362,0.7577302913186066,0.6703432237228379,0.6289051849252895,0.5927827622228652,0.6840994485720082,0.774303589984511,0.6882185569122189,0.6457080360764441,0.6085103636362243,0.5743358229897977,0.5859685039737438,0.5417095550522062,0.670057450539621,0.6462077148412583,0.613526073449789,0.6522572270248017,0.590294271503719,0.6499191502660631,0.6324133122817845,0.7634091126558094,0.7844124562832611,0.538491545633908,0.6961060048589238,0.6339939125701649,0.6734535275803815,0.6462048588592323,0.6956624758221277,0.5345331915981678,0.44145772506306363,0.6367732971286577,0.7709109499207375,0.7412530360562434,0.4302060383559512,0.6840003140604671,0.6809785439546212,0.6490963461429246,0.6799052318486372,0.7124848569711638,0.5838603496856319,0.5627755119977854
arc_pair_64470,0.44325538722796065,0.6808479175529115,0.4581119123156379,0.6337156494986783,0.7500316126107419,0.4124669005627695,0.6531507272115885,0.6548022994028957,0.4914630056096579,0.42424713967132616,0.42182724196204757,0.6938337262934627,0.3733070760209638,0.5132521353201042,0.6689350335926375,0.6920770875849167,0.5942776991221198,0.5924603773783833,0.4591861456885698,0.5086270000998423,0.5724397470885781,0.7626660905535739,0.463279639932742,0.7097630887307903,0.5897426778152837,0.5979055532698206,0.7215700239344678,0.5840663330928739,0.5282404804247205,0.7224348399473194,0.6179705132607377,0.6962723333237578,0.38822383560002527,0.7305902567448862,0.7458895212647625,0.6991334001892271,0.628692325687158,0.5408730361999526,0.7240338974455641,0.6368609460905954,0.7394542205231525,0.6350340862760241,0.541463604035159,0.5064928359344562,0.6737772796616711,0.5401154151203165,0.5603322146234921,0.7661562622426306,0.6231883012631502,0.5410064222066816,0.6156762453521911,0.7467927111430744,0.6498487787138175,0.786457783782686,0.47740511840299615,0.7255721224578613,0.6333635140963773,0.6639781590842412,0.7374056027122756,0.8038577393531686,0.6394392826671249,0.7423700986682968,0.6283049746572548,0.35133931601202123,0.7080569137721873,0.6350912044434465,0.7385352054061762,0.5074172958552968,0.5804500425477893,0.46877958262487657,0.7381288319596729,1.0,0.21088296890595434,0.7252309886594587,0.4507225562525611,0.5688462460489522,0.6447947271707978,0.7490152007423835,0.8124826416269232,0.7027375954376957,0.5254347455199634,0.5871427912644362,0.6339439286563902,0.7543035573626331,0.6975075263185119,0.41545974885740516,0.6317476743541126,0.6465899155457057,0.6590799045156827,0.7179116724996152,0.7257899473495535,0.6927651408132551,0.6039467957716401,0.34545893878372297,0.5463658891566975,0.5398477284229513,0.60117507306491,0.4124496372187963,0.6255649101529125,0.8232642814871012,0.6854638394334452,0.5712466894072331,0.6860288717043851,0.5124543001534396,0.6395630598492917,0.597676873267044,0.34933571103283095,0.6591746073819401,0.6400690702029828,0.6463578584620284,0.6489341747455769,0.5104847650568082,0.6154580757597281,0.6328349387556682,0.7685886711639573,0.5149292719421529,0.5994696380759316,0.6246043270012971,0.696367556478598,0.6568209292831737,0.7409865981683399,0.5138514753945811,0.4238689196146586,0.4651989534663289,0.5379015965122858,0.6721420517783292,0.5075934825258906,0.5748951025439557,0.5725648130508336,0.4613861177715503,0.5198560849295448,0.6062911257524971,0.6084019605955729,0.6053621628332656,0.5153482278021412,0.7637029230125629,0.5009368483397608,0.7081219289604797,0.49453329488638925,0.5716841924849764,0.3793491575171738,0.2956834612927975,0.5034292737426939,0.7074810151717613,0.7021388182584016,0.3160219227136585,0.6917776073516944,0.6552122341977195,0.5710516897483996,0.7427033531727286,0.6598574095859658,0.7037770926457789,0.5879364940104008
arc_pair_665109,0.14977744128311854,0.22512697068763865,0.3888538994924846,0.19911309285984072,0.1786481354629751,0.208228876641902,0.2593815340791951,0.23644165282730434,0.38851054259883455,0.3470556711877404,0.33951313056586907,0.15817549826097568,0.4045432315476637,0.19796081996316225,0.14367681363430548,0.1586430633593474,0.19045019338042543,0.33796269566422266,0.41925551773453634,0.46278766973885416,0.28883460167582886,0.20079576681471475,0.5795020616480011,0.16015707545875119,0.20227582718269713,0.38301689631952496,0.24437271643163724,0.1919013169726838,0.24896392621579372,0.18975226994870628,0.16491941056950607,0.23217668081130075,0.18920853788338945,0.20959092688883474,0.19099399031812364,0.21440522865919895,0.30266020348876677,0.26739268857899956,0.26137604506364537,0.14901672448690026,0.19563055564752058,0.1332925077651799,0.21432698462380959,0.18174624476500392,0.19098727375969418,0.3253024923524413,0.20723581365729257,0.16791897490213248,0.2860904866422843,0.13673395254679557,0.2122760052821838,0.320270046204164,0.2705120476357376,0.19314276603998684,0.1469377510855942,0.1633188859832103,0.14451542083600932,0.3014134925181508,0.23565936698827733,0.2140902414438558,0.3520325296779811,0.1849591543452871,0.1993272116829364,0.30233713505364473,0.28360749804531427,0.22249609734021197,0.18124270964411884,0.23943926380874736,0.371582440206492,0.34470836721022,0.33465547862985007,0.21088296890595434,1.0,0.21509820160660506,0.34956926039735287,0.258967833921703,0.24325764506552602,0.15928524622953896,0.2719342835311672,0.16277826846949678,0.311175582099383,0.2625635142977705,0.205019910102571,0.1737098482163883,0.17903282548859972,0.33070077061236725,0.16775368605695382,0.28492044822996215,0.2965375889515057,0.18797309338409973,0.19982275516434636,0.21307877770718212,0.2276954634128407,0.1713989011312125,0.19266345950208877,0.2538602043090101,0.342129040588421,0.2876945673053123,0.24724874553034218,0.23032429674750057,0.2104955600006303,0.432664216516378,0.28421345128550674,0.23608600505851574,0.18135685536185978,0.1723534479466287,0.31733941844726377,0.1904930397027419,0.23327406593118896,0.18419758478267687,0.2592694580140331,0.19005673732320996,0.16396133172334024,0.3145623052283119,0.18004463482054,0.29432931166912457,0.21460371267165665,0.3183976751845438,0.23494824993470106,0.20295510085918286,0.15371546331433256,0.18472707160344978,0.4922796868846347,0.2540435445741499,0.14820592577235445,0.2136421695260895,0.3269498488782959,0.22539839345761087,0.2653664451855013,0.3126777347502942,0.3909320936798277,0.15659038868991437,0.39498881022435034,0.38924959444320495,0.15614529503747795,0.17767382540359497,0.3314718766778716,0.20194431072307042,0.406270770830849,0.32015600921534526,0.40022358950161757,0.3997919965634751,0.36047239458881947,0.2576207460878593,0.21807134999753128,0.2022963697310576,0.20192056900838146,0.17915620272890406,0.34942347388610084,0.19412341323326449,0.2578703739631777,0.1633749483520348,0.16097573021672146
arc_pair_726873,0.3196697259454102,0.4983575920039796,0.42408756815990517,0.5358029408792803,0.5815022398436339,0.3315825466704311,0.5327462379122143,0.6338953694874977,0.44009878896912685,0.3905229904281897,0.33400309356846936,0.5170575754803068,0.3324774481613993,0.3728349985936206,0.5130271273311603,0.5655196717470481,0.5199269030514518,0.5258212575034377,0.39590917563742545,0.46893493249510065,0.4786243866892033,0.5872556488351429,0.44822654644169335,0.5843100514393729,0.4759446894086266,0.5072434333686662,0.6107397272426025,0.4859258501430181,0.45422099213384537,0.5562845869361074,0.5069369833032142,0.5781607639603334,0.3745718710379465,0.5659222779395771,0.6195722382131424,0.5836433352690189,0.5075128642218367,0.4617865646470753,0.5790455205814028,0.4807698657974223,0.5649588758056892,0.49720432035679935,0.45760501707165013,0.37040938934578393,0.5553757065657913,0.43774149947151264,0.43722004609735377,0.6145308843734958,0.5161490751739327,0.5012980144888354,0.47719824413337236,0.6358435830608157,0.5372769781179372,0.6183166500959582,0.39253546899366865,0.5514359770133348,0.5249444097971528,0.5772916198255017,0.6373313143907839,0.6237854664931652,0.6241092708067211,0.6282275392420229,0.4990564661425529,0.31950251794461576,0.6245639381798819,0.4761416417323993,0.6501774541022526,0.4512496986049984,0.48627411279286464,0.40144794488975916,0.6605356090236431,0.7252309886594587,0.21509820160660506,1.0,0.376172878162933,0.461928388618583,0.48036299139734323,0.5860621466510403,0.6650996462668609,0.5129842106135029,0.47794639889069757,0.5069039778872244,0.5533053413538851,0.6079574095295854,0.5030391620295903,0.3750202542284942,0.5568868850732283,0.5563320299168112,0.5926019156270736,0.5615706451757164,0.5897366233654123,0.5542357745087576,0.5415982760823806,0.2807185888634114,0.43277369394001025,0.4556948213909153,0.5149838622460683,0.35110588445871693,0.5286496974409576,0.6882788804332425,0.5521070115569366,0.5353219533447257,0.5906397043965793,0.4069789942312112,0.5196474019185391,0.4815223285458106,0.32291806652691357,0.502387095286695,0.5818530323958829,0.5310418418224093,0.5459188685883843,0.4193961352492897,0.49879880492024753,0.5431792535201307,0.5702227132152367,0.4505649140359627,0.4930490159306407,0.5965345639444213,0.5946716775244743,0.535408350815218,0.5934341457435584,0.37634106936758505,0.39962640665470583,0.415061265701481,0.4569941001706402,0.5168935859856368,0.4244715137173377,0.4789811120884227,0.46104027979135564,0.4006210950801301,0.47813301518604123,0.515615383295921,0.551100833785342,0.5568161193758602,0.44572910999507026,0.5917882062570053,0.456423006220289,0.5467727549413337,0.44765107423076533,0.5189502912959923,0.3836682906780437,0.3040896121291518,0.4206928479994674,0.5599998638744538,0.5793834965545408,0.28220069714826884,0.5966543417977318,0.5365909885227366,0.535887146150847,0.6169060124391974,0.5413872530551971,0.5344572722903302,0.4442580486023121
arc_pair_461800,0.26928171443538046,0.505272181938038,0.48811089156386606,0.42686825998716754,0.4263390297121648,0.34024452299827335,0.4864464874178844,0.4503076484201154,0.46890931089681465,0.4415435670440086,0.3675070104514332,0.3956443285870165,0.4376651567326318,0.35886187502234795,0.39630264535744575,0.41312819124897854,0.37506336767287374,0.5398309350321445,0.47032711339312133,0.6214428494718177,0.508353168810815,0.43091070510834634,0.5521010077076425,0.3675849069461814,0.5059221760580074,0.564768768124725,0.4458610946459281,0.36867251099635695,0.3977085655891328,0.4669465918969621,0.3650075636869267,0.45126084762603047,0.2864444842495323,0.47947520659888104,0.4106406875628637,0.4953836727910776,0.4668366918845069,0.5017323290084348,0.478413330391695,0.398920574327419,0.4507541939764907,0.34660311818965,0.4603302017279678,0.3879236512259863,0.39902400103871816,0.5381620025700469,0.4936073869561421,0.3900198685116277,0.5044453222620289,0.35723456223788885,0.4481337880586154,0.5803308200831532,0.49699993362009937,0.43099030058723226,0.28759508823729585,0.3797517628612717,0.40569901352407406,0.586608415105072,0.5165705921993262,0.47411814316207357,0.5693241946010232,0.410958130762806,0.3954690103718694,0.4332268492424317,0.5188748672218916,0.44553070298392045,0.41537428074872323,0.3992802694919014,0.5349698889364917,0.46354537115407607,0.5828737493199574,0.4507225562525611,0.34956926039735287,0.376172878162933,1.0,0.4385097116653877,0.4975182899665166,0.3957496450274395,0.5284744822114461,0.3969318692480862,0.5123106305361048,0.39017135311698076,0.4016463817519569,0.39399487236734204,0.4051082953256444,0.48429362012303,0.40733591731490126,0.5038107333795433,0.5657049447226308,0.45263082129690047,0.4069423237292552,0.46348067390584197,0.4070100038691864,0.3228001701894221,0.45337480349857034,0.4344853674415974,0.5308660714779514,0.3417972456781993,0.5012854812433576,0.5081652096908942,0.4231024516054144,0.5857107898798192,0.5043298279233218,0.3865230269015327,0.3805333857211573,0.3500739246422692,0.33851245061652935,0.3922162836504305,0.4667779565332314,0.45073390408158426,0.4748965666080673,0.3939469783171708,0.3592675479371412,0.5610704795705053,0.4283806316266018,0.4734271694991347,0.3995844552250202,0.49400322609466213,0.48403353740039734,0.4518415331939778,0.3889391372922288,0.4040304572198059,0.5299656215179535,0.49846615781494985,0.35904150807297114,0.40670365826746774,0.536998728636589,0.3832720236068433,0.4630716671206311,0.4514867892795399,0.5289794030382025,0.36585087732971777,0.6113159045405682,0.5989374333902957,0.3358769325664274,0.42778210281800977,0.5350043288778502,0.39501359393008,0.5688823616010227,0.4864839905733395,0.4616886864727205,0.4445094967584537,0.4437353671854589,0.5302739077966219,0.4818812648221877,0.3476419547027126,0.4320861382470963,0.43330272291493893,0.47179706898804064,0.45288606677091225,0.480511375980699,0.3602736566921311,0.39322824537963497
arc_pair_156269,0.3425661402334435,0.6535502262042717,0.4504619467747055,0.524445399325848,0.5698354611291706,0.42429556504754384,0.6246794785787055,0.5685536282390944,0.46926184022179374,0.44448622344775424,0.3563326769533904,0.5578410062874944,0.35050638770929576,0.44229394668774635,0.47467637779231137,0.5545394886956188,0.5517469782872566,0.5155071759679424,0.45151098287056624,0.5456994439082331,0.5614911623541993,0.5719536724473281,0.4614283384558722,0.5419180548420143,0.5564929834624709,0.559552182974342,0.5342955170666281,0.5268764825310165,0.43254171408066083,0.596836829714264,0.5483600097446153,0.5319235887909187,0.37433082846146853,0.5837332225972512,0.5363557369803628,0.5880752341031702,0.6826895394787651,0.4984530603451177,0.6291728983762285,0.43851521939716204,0.6532176021146141,0.47410374632763513,0.4780537434550994,0.47302931840018736,0.5375609819685847,0.49717417426838145,0.5360131315614226,0.5048926906132352,0.6023789330059652,0.44804434001650906,0.5341287818972851,0.6113427087572416,0.5370671201688098,0.59449359871183,0.38096894319852476,0.5552278768673533,0.5133299151340163,0.5700198094851194,0.6027782289006244,0.606799413243582,0.5640637458360371,0.5249697816192017,0.4196498199937662,0.35590659977461536,0.5834481878961122,0.6087503179001069,0.5508938048893273,0.4795456933642154,0.5718582194181105,0.4184854049637175,0.6376943593642743,0.5688462460489522,0.258967833921703,0.461928388618583,0.4385097116653877,1.0,0.621667621598144,0.5155575303874826,0.5900226335258222,0.5280200213527061,0.48097629280987525,0.4520171459089731,0.43851495404983915,0.5477179921478406,0.5449450767435733,0.42115729572687244,0.4612252934187153,0.5521095485893913,0.5921575960785272,0.6176981990341235,0.580631265797444,0.5328420311614421,0.4846576765470515,0.3180180703068971,0.3977611559898079,0.5686442330970813,0.5522278350742406,0.41071539247572375,0.5735691579405232,0.6153973667023604,0.5673500352397937,0.5509366138626475,0.5674457811022701,0.47465998556219025,0.4965108128314281,0.43596568810856723,0.32768972249309974,0.4709479459176223,0.5396132469533842,0.4805089353619275,0.4553411427002062,0.3917077260203533,0.5192979979727957,0.5794374993560506,0.5516864540058589,0.4612518294840052,0.535715620536009,0.4919188044024239,0.6175927604177771,0.5762421190853356,0.5614380998034121,0.5445502422120329,0.4179028788613044,0.4543955201636608,0.4616856604617924,0.6064404462298547,0.514254124845215,0.4925159913672845,0.5122161566073111,0.46391162377630557,0.5221104490457001,0.46077954607978794,0.5098159428564283,0.5806424931503069,0.4482311526857793,0.579863275459613,0.4961409155542752,0.5742666003166635,0.5173873470137303,0.4810059664904398,0.4123802459483065,0.33405424490412994,0.48828508683807664,0.5748904107844833,0.6036240053253656,0.3790192988689375,0.5568625817372254,0.5100595944537262,0.48415018056925424,0.5951314475055645,0.5296506135779111,0.5433093281650018,0.4427350626631135
arc_pair_269928,0.40892916136443114,0.6865828732143692,0.5304374398424374,0.5769203630047529,0.6618416440958823,0.4392681781235626,0.6813451133474817,0.5999336242078657,0.4958038560382142,0.5008737219881199,0.402507582549196,0.6391769771825113,0.4083143248554193,0.44804112877555213,0.5971970416377016,0.6575001209509982,0.6078449019274719,0.6110050566132662,0.5545063642706386,0.602339742106787,0.6557221294266389,0.660655262242403,0.5086648470287992,0.5970416663654936,0.6219941817381159,0.6732399197265112,0.6760818795335449,0.5524726974243503,0.49529627890352024,0.7275821091290114,0.6028062905987549,0.6013862134023638,0.370380170461511,0.6804659910615054,0.6314577388069074,0.7569663187474995,0.5825149290018704,0.6042568351815262,0.6904170456849075,0.553490731537038,0.7059958158984331,0.6163680076143303,0.6287722261720956,0.5853856336927625,0.5808480955652453,0.5757744521283736,0.6755644318116308,0.5578349230963554,0.6342252463069379,0.5009873911483979,0.6526466235024353,0.7161295995606133,0.6158545875526469,0.6403245049785663,0.44242601311246404,0.5696043008702717,0.6169508210849645,0.676342409417055,0.6746675218050793,0.693213951963635,0.6442862559362,0.5916642081595341,0.5352241298857898,0.41979070211225256,0.6550829870154652,0.675105033476162,0.6318574839542548,0.48892798674669985,0.615061158026042,0.4607416425868533,0.6973765595092353,0.6447947271707978,0.24325764506552602,0.48036299139734323,0.4975182899665166,0.621667621598144,1.0,0.6428423515014856,0.7148724446926071,0.6055879075863498,0.568920663003167,0.4794495212815259,0.5544140784754138,0.6279879074267397,0.6026646541814658,0.5148351674228852,0.6161541019855207,0.6582578455737362,0.6871598061729844,0.685934912118737,0.6448630663930669,0.6507954815183402,0.5421861095733755,0.392291126086318,0.5501592025567899,0.5382166456821275,0.6255576401800722,0.3778338977664567,0.6386975254344412,0.7058938510237773,0.6471307306745578,0.5961465454075825,0.655355891911726,0.4806065964189108,0.5944761162582638,0.5881729021404539,0.3643854518088119,0.5740761385579491,0.6597561926751052,0.5963526727517738,0.5904423619502996,0.4563242295184978,0.5705248456415696,0.6985542222609111,0.6560211789369541,0.5211156412363112,0.5739485440440036,0.5476378320611894,0.6711287859568866,0.6583488752674503,0.6673007768197482,0.5687289603407534,0.4523820001842555,0.5670782613112969,0.5244161790451018,0.6618348256176814,0.5422277947685384,0.5843685672061616,0.586876415387643,0.5609061021281281,0.5676292312362676,0.5761501599110675,0.5966939480869969,0.6738884948390477,0.50098005491148,0.6764289258939055,0.5419418831935686,0.6089764888203182,0.5797649768122297,0.5447766384157913,0.44099489606618525,0.3663700152462017,0.47813284088323244,0.638382377547238,0.7002624972584168,0.3957391508823384,0.5962735211458341,0.6108580243149279,0.5167616401602954,0.6671322008321791,0.5861936346492175,0.5170386335997941,0.5439862608297035
arc_pair_242245,0.40560572865889216,0.6374366801411568,0.397473358956442,0.5735137405593259,0.7476518545618447,0.3782409703078703,0.6022711593919687,0.5938524358552018,0.4318173227079029,0.3724038267530208,0.3685876543805968,0.6405466556350058,0.3429789715918314,0.44549928646229714,0.6673770507998882,0.7215605391199041,0.5881408039692242,0.5542701186394917,0.4060312429392354,0.48297455472613177,0.5543857849440926,0.6748813148441002,0.3957369784397265,0.6562173303708223,0.6224748867820873,0.5868916153285546,0.699246371615837,0.610615579399794,0.482644871416174,0.6792569436404927,0.5857584564920009,0.7011689551680976,0.32266442676595347,0.700374475565247,0.6410953971231521,0.739043891041133,0.5573453589170506,0.5323802083094838,0.6522255809195752,0.5548490141187868,0.6873009439926049,0.6044218431567082,0.5623773879297322,0.4688079352350368,0.5693935059484356,0.5297400639336483,0.5918217736038153,0.753541070154423,0.5632982913713415,0.4975200790887219,0.5260268332648236,0.670892257366603,0.5777164373854115,0.6877989755603677,0.428583550705175,0.6232615933458546,0.6058489485628983,0.5835506743160596,0.6673109393709485,0.7317461732571552,0.5603668669560468,0.6396111585032649,0.6022799772612978,0.34104350664541017,0.6553689241732868,0.6159674899616879,0.6761975960585135,0.4737406821927116,0.5360670492055861,0.43119114417459153,0.6819355705451347,0.7490152007423835,0.15928524622953896,0.5860621466510403,0.3957496450274395,0.5155575303874826,0.6428423515014856,1.0,0.7164365427427313,0.6652515469221575,0.5187538690741025,0.47235137140853944,0.6323600984615938,0.7443005044530642,0.6784411020899425,0.3994695556207771,0.581642019430768,0.5783307884553464,0.6128804607872783,0.6186278160506906,0.6705726239765951,0.6231126351430242,0.4997552635490688,0.3319571839027075,0.5162500354823748,0.4964585818616421,0.544962071544349,0.3979916767951215,0.6008464978720065,0.763411979756212,0.6574973651650705,0.5228989872419793,0.6460841052169485,0.41450571116856066,0.5589477918348085,0.5361296332087676,0.28032840607053294,0.5425123221704419,0.6515418595088697,0.6097729455373092,0.5848068341883979,0.4518112396819318,0.5201839089061049,0.6246279283162902,0.6301612156942125,0.49831152687875646,0.5507143862735475,0.47248124433152416,0.6706765210594693,0.6171082238795007,0.7470727327143739,0.5300759603986842,0.38741163381098265,0.4206522440734187,0.564910534411864,0.6325509164141501,0.4988763062275342,0.5793550169779776,0.4831007040197448,0.42444730930689367,0.46839574322068633,0.590330209969121,0.5329576129864473,0.6159862143644868,0.4988380713201873,0.64249576292517,0.4572218865409305,0.6587404640148424,0.4326573353133097,0.4812015220159913,0.3529966783273854,0.28952006330522173,0.44815508623990324,0.6380684352246754,0.6828797855067767,0.2961152260418811,0.6030640843909523,0.6566945035493069,0.4633315223601305,0.6055413914451138,0.6388180976314455,0.590307442674773,0.6022267160989713
arc_pair_384979,0.45663067682139397,0.7225741337214062,0.549492644154386,0.6657027167784155,0.7717142301586417,0.48305244580895323,0.6830369071339968,0.6837148984201982,0.5661989186257365,0.5117822392809954,0.4703463465724631,0.6962626691784357,0.4739949757870645,0.5311619330108153,0.6367882832173518,0.7164788619503744,0.6379207798430888,0.6517787438412039,0.5521497798288637,0.6195623738788626,0.6456899162406216,0.7103196874067579,0.574764827791665,0.7264439557605066,0.6565710223265094,0.704987086423875,0.7934080092576066,0.6579825108504139,0.542129470389694,0.7183904173388304,0.6202480840518276,0.7329846381550349,0.4401138745420106,0.7137343244772877,0.7694231925296596,0.7674292895518866,0.661634123475744,0.592714545474193,0.7246860519179877,0.6410557670258042,0.7676078568822914,0.6457950637693984,0.6224917883491778,0.5442158940721856,0.6428549703003524,0.6320791414738564,0.6767304592085055,0.6993582568232859,0.7050922906196649,0.5568107072129732,0.6847588167116065,0.7811880506720819,0.6545059839940065,0.703157056240989,0.4878368277350691,0.7396749052841921,0.5941179190501537,0.7185208128072613,0.7776568875338433,0.7923519218813245,0.7203845963830424,0.7308439135442449,0.6316054589573078,0.4206186123704551,0.7751689968631186,0.6752281991091772,0.735993006791926,0.5701916146310296,0.6780994905684454,0.5527959297114625,0.774200123225184,0.8124826416269232,0.2719342835311672,0.6650996462668609,0.5284744822114461,0.5900226335258222,0.7148724446926071,0.7164365427427313,1.0,0.6258123858516524,0.6098217253985603,0.5814344054625312,0.6349763900117478,0.7146885109168306,0.6960264095733015,0.5395244577639641,0.6723334064208448,0.6934273472700446,0.7608536062557192,0.7323760716038192,0.7182601668054227,0.7253829799759487,0.5964054617292783,0.4169989101261559,0.615802195637486,0.6106919615211575,0.703141106723807,0.4844343429108851,0.702146041760843,0.8153071941935728,0.7167017535547965,0.7093201860962347,0.7092403441765425,0.5588682632155737,0.63112473932845,0.6366815216756808,0.4148956861432259,0.6570490487823754,0.7209053976710292,0.6461073246967167,0.6796009516667437,0.5229422025264496,0.6672181534398726,0.7222771084061147,0.7463492577552879,0.5910474129569131,0.6422398448903104,0.6722468616459694,0.7139574149956784,0.6796102336991948,0.7677696570914111,0.5426405426055255,0.5258549308230948,0.5543647497025065,0.6084134482221324,0.7054025476474255,0.5850982139683228,0.5872511395036472,0.6373560377505582,0.5645041827668752,0.6275226688515563,0.6161611356205782,0.6763471354169104,0.713808576444526,0.5565209960412156,0.7668469400684265,0.5827192780792593,0.678656145045686,0.6112736683318953,0.61961621570064,0.4895715679588407,0.38687722034778604,0.5805322466622365,0.717309498442506,0.7433936329590786,0.4016086091524406,0.7152575211287227,0.6448048571931081,0.6304532838058489,0.7476966672539394,0.7059971860042682,0.5893641652280877,0.5955187176008387
arc_pair_51712,0.37649543677257424,0.5759242062411006,0.3967967256725761,0.536695481445041,0.670786470472188,0.3828812001674288,0.5913987119024877,0.5614159707364679,0.40237222631810743,0.36155299787397993,0.33252730195240987,0.7201271601391256,0.33482548951954194,0.4726620186928726,0.7288607250339482,0.6269102132654208,0.519915374341884,0.5838966692539033,0.42376719632188103,0.4722177031836389,0.5641781738081408,0.7664946612113437,0.40506936700211116,0.5958313625356518,0.5655617531679656,0.5277038648487887,0.5872599027566698,0.535652597794275,0.5407634179345311,0.6440388045914557,0.5653294648728684,0.6919014371155435,0.32845488647731996,0.637611162149722,0.635736467967488,0.6576716852056184,0.5254097581658611,0.5546161335212181,0.6198741477240416,0.6530451869065236,0.6684938974546333,0.5517060534183533,0.5709490646659405,0.5023642122705839,0.5807174855805018,0.4905763629987074,0.5916060553289235,0.7070705944675482,0.549669792988303,0.5036106622464002,0.5872580672567383,0.6076121056538275,0.6019200599125449,0.7154447114936585,0.4108461068429634,0.6061145789829577,0.6528084441244626,0.6197906195022175,0.6592952803788251,0.637853343475961,0.5571466191030293,0.6658624497196053,0.5724358303015665,0.3451225260367861,0.6050589163213526,0.642218989418672,0.6248370048766306,0.38323163364138974,0.5300905586494562,0.4186250820875884,0.6224758063000204,0.7027375954376957,0.16277826846949678,0.5129842106135029,0.3969318692480862,0.5280200213527061,0.6055879075863498,0.6652515469221575,0.6258123858516524,1.0,0.5114071799476536,0.41409344059302367,0.649957446028342,0.7337666491981228,0.6474724247814502,0.3847649694288182,0.5339766430818822,0.5388290400578543,0.5628006775995201,0.6483768893858463,0.6025438404189576,0.7364883880692142,0.5012166859035226,0.33281310484388227,0.4718381151248891,0.5354511710260735,0.5345825689046538,0.38292997204179713,0.5561527567611776,0.7018234233377555,0.6852141118310136,0.5160829514942581,0.6410358601357545,0.45108162758302045,0.5943754781099163,0.5265008704948467,0.26713371683221837,0.6110956724430465,0.6072294194333214,0.5789718348151333,0.5711693342696057,0.46125899229165584,0.5580604039945263,0.6263422633470825,0.6984579024813246,0.45833274712569316,0.512015677397009,0.5249031568881378,0.7164855972072356,0.7568666502442001,0.6282527538363321,0.4919415248152466,0.37759252221471673,0.4176513997153699,0.4845916762207615,0.6570780182374124,0.47281708786275095,0.49198722040592924,0.47341328261283866,0.40688595906552305,0.4844475745905389,0.5071539752027598,0.5646535280876216,0.587654827313279,0.43966533468665486,0.7116019465344098,0.4808686349093758,0.693907187647665,0.45807161027225135,0.495395722085493,0.31991017479653644,0.25746485716128714,0.44498555111788096,0.6596154241593644,0.6701057357153444,0.28474825114291225,0.5767401891320881,0.7003837613680003,0.4882281859601055,0.6050229029660106,0.6324025860141038,0.6769859843849778,0.6807260977772209
arc_pair_595373,0.36092718045594957,0.5749595022992432,0.5209888738027164,0.5509436469435295,0.5788987820092183,0.4538293974438604,0.5740070237988439,0.4996939738022958,0.5464410600966202,0.5194398231356256,0.48959274021114235,0.4655423103907622,0.45733449766078865,0.4675372587598986,0.5128735047789733,0.5242046106078451,0.5360492427536205,0.6193938516186831,0.5798244449640029,0.6624142129160173,0.5702920517153577,0.5645175508605036,0.5693655972375148,0.47682045167749965,0.5907419403110632,0.6970452523588392,0.5733190410035252,0.5347087964053043,0.47372517849760587,0.5244212776625103,0.47791380205503436,0.6346647850001336,0.3630418250522758,0.5875330173410828,0.5563920485729184,0.5939865392068145,0.5308802958918912,0.66056561273291,0.563074615264391,0.4777261951691923,0.5839733872595162,0.4251884980020206,0.606996463080878,0.46766652875882264,0.49583280892605064,0.6326681894502704,0.5869723346935793,0.5167461322294796,0.5856683353271579,0.4409491683669365,0.5071977370033309,0.6918455379743482,0.6624475973353908,0.5470719088487943,0.3672404918285116,0.49516375953966646,0.5008518739081128,0.6795164799542904,0.586408721330273,0.5534321407215166,0.5708039998150798,0.5563230859719445,0.5026509970122517,0.48600964439891514,0.6517567808397424,0.5543271208101926,0.5493648956504428,0.41644298376980127,0.6250536470235477,0.4659814834237218,0.7384453031818674,0.5254347455199634,0.311175582099383,0.47794639889069757,0.5123106305361048,0.48097629280987525,0.568920663003167,0.5187538690741025,0.6098217253985603,0.5114071799476536,1.0,0.4626592942148991,0.5972656999005888,0.5405842960210832,0.4957296733201278,0.5051004005375044,0.5154913470863287,0.5898692113311664,0.6745395135941257,0.5265275959436652,0.551446804242018,0.5860946531423578,0.4647556533616761,0.3335240954210196,0.4557242111234669,0.49759825194135576,0.5818193667793751,0.4087981540275726,0.6161502564603089,0.5878476979641228,0.6202122711743174,0.661657053776117,0.6108710991139918,0.43264891638833813,0.5098344138385504,0.45160570148217816,0.38995300806265853,0.5092781860800181,0.6256982144614519,0.5617857106766017,0.5897521106777599,0.46389344565915264,0.49550411280289947,0.6571651677897632,0.5526848561192418,0.5570580967620544,0.5077426959451435,0.5300965570621473,0.6788159112338213,0.5452939375404832,0.5014778374610523,0.4702350644410777,0.5105720541205421,0.5317874996902836,0.4694297795841425,0.5283714451593059,0.6071637840847568,0.4983765794996464,0.544096698385604,0.5096668701386708,0.5740359865119227,0.4582495506902729,0.717354936158104,0.7464407269544202,0.445704736748547,0.5615359427071764,0.52868806418361,0.5592341571528181,0.5989763730810576,0.5986847848494347,0.46659826468733934,0.42174819919107703,0.6306252677203329,0.6151353598702731,0.6115973883610571,0.3733221490987688,0.59208888091329,0.5730535103486024,0.5498879795621814,0.5112788139151476,0.6181641409584433,0.4326156978063403,0.5394988093776868
arc_pair_295568,0.3617036060422001,0.4979169184156354,0.4518738167140658,0.5017304694534559,0.46906834245320805,0.3528354892362719,0.5301388404491042,0.5113726396850715,0.4381243681640129,0.4072650790123464,0.43927221771193947,0.4195321639696502,0.3622571320015164,0.4378545233829411,0.3884393975419375,0.46861566320655,0.4433439212580046,0.49647601567750405,0.41699241709030604,0.5041982369368523,0.4714431316355537,0.4932019929360385,0.489984349897294,0.45754601421430036,0.4389870329939732,0.5479374928428941,0.48964269680278383,0.39102627170007814,0.41734675090834444,0.5046454151123932,0.40015356866883733,0.4968467941385779,0.32627947293676274,0.47931626495148943,0.5170326561178523,0.46917912631278264,0.49008381383682864,0.41765522611388955,0.5152247312912309,0.39228294989758183,0.49089395364543537,0.43667264808468526,0.40384500174884136,0.4611048527252171,0.46000839135174737,0.4387337128062998,0.43163815695271907,0.44150187998931434,0.49413939368754917,0.41411588015435774,0.46317726404241677,0.6209521838036685,0.5193706457164505,0.4979417962271001,0.35868080845445327,0.46311341465990674,0.3899859389615156,0.5203372897295003,0.5465803206684663,0.5557664573666785,0.5386390282505404,0.4784516184683462,0.43213249426218636,0.3111502803077343,0.5334523293996216,0.4740223465454525,0.5257230832196618,0.4008168990482404,0.5216868320037937,0.42723980163328085,0.6248833020439586,0.5871427912644362,0.2625635142977705,0.5069039778872244,0.39017135311698076,0.4520171459089731,0.4794495212815259,0.47235137140853944,0.5814344054625312,0.41409344059302367,0.4626592942148991,1.0,0.4263307792170016,0.4630912376136921,0.4641160186975004,0.41755690100043125,0.43562781343079576,0.5482071776016991,0.5357072942714131,0.5074257983172858,0.5520639734053493,0.46282578686961334,0.4939344349339934,0.2782180809006014,0.4183672405169957,0.4217252700870304,0.5207403519441409,0.3551840914243104,0.46208662199647255,0.5586114422880634,0.5110109371888384,0.5433770685358156,0.5393665882856805,0.39187744257761814,0.4558582170470933,0.4965877189928451,0.3285844856742392,0.4555934875513955,0.4609454052582302,0.47388398207530796,0.5372099172540146,0.4241459269465204,0.4072094832801285,0.5675259801325212,0.5034703415217998,0.45327824170352715,0.4700896271179481,0.5308705994702613,0.49302183550867046,0.4429409985471341,0.4877708768159012,0.40846053069387755,0.4429255795499201,0.38735546654640474,0.36504232952638704,0.4593716127196683,0.4701717828307396,0.43364297787875655,0.4926900314080725,0.4074295143514687,0.4914361839732622,0.41723085732161275,0.5365847972869291,0.5374589037497993,0.36925565424788076,0.4977315385106646,0.44541474957254734,0.4526358332652522,0.43398444724142043,0.5126108451071931,0.3557161908096488,0.29252027151295534,0.43313422781523786,0.5453933510801184,0.5069656753507048,0.336796578146254,0.514065066084961,0.4357608252495683,0.5322353823093348,0.4830945224255529,0.4847415611613196,0.4182799808172901,0.35436335424830906
arc_pair_142660,0.34838285493796667,0.5389560843995158,0.42605929999471354,0.5282458275204819,0.6698785161441496,0.34984107813948573,0.5186234333375529,0.5006719962536309,0.4098885716086779,0.3870796845745895,0.4185012113957497,0.6380216700876369,0.3579120913332538,0.4377811352386669,0.798831769092012,0.5949973746774042,0.5068579945156344,0.6481834412343946,0.43906578906262206,0.49831379912115364,0.5027688370492319,0.7650425542912355,0.45114151298423466,0.4974054066834692,0.5490237425911144,0.5944533276237377,0.6371859078303913,0.5823251123049759,0.5704049072988416,0.5604966929967822,0.49205319533695924,0.676113599013453,0.3243610190768519,0.6298841738400948,0.5810935341711212,0.6380154465461555,0.5091824337680698,0.571339121163397,0.5100892707320483,0.6543285675222356,0.5137678007532925,0.5116062556825633,0.4855577987437638,0.3955740420133633,0.5483972011308661,0.481682821628325,0.5278401471009391,0.6965330584504896,0.5072935716312973,0.4597109844832525,0.5176192067082712,0.6774333454955749,0.5483096538673649,0.6130977241976465,0.4005666052396218,0.5385181653838628,0.7117521165262776,0.5318514624024931,0.5360531661683319,0.5661660608392719,0.5046647308623871,0.6287549618480325,0.639948938930599,0.33698929590626586,0.6656095752176586,0.45615333047158885,0.5774141704682466,0.3830830269317481,0.5329673686032056,0.4149562855154142,0.669789773774136,0.6339439286563902,0.205019910102571,0.5533053413538851,0.4016463817519569,0.43851495404983915,0.5544140784754138,0.6323600984615938,0.6349763900117478,0.649957446028342,0.5972656999005888,0.4263307792170016,1.0,0.6810216265234883,0.53683469648692,0.431068929197325,0.5075721959426787,0.4926179563117232,0.5856494590436419,0.5078211199468844,0.5380875320183633,0.6512952563729859,0.4938247807156532,0.33677394608056305,0.46004723581612167,0.47419661460981694,0.5518027352262732,0.37351066109550074,0.6000454710093974,0.6598494857069608,0.6271682834989551,0.5677337831458248,0.5656542698961086,0.34354249623684713,0.5670433907993069,0.47250486339100223,0.3277975065959535,0.5667445581381132,0.6962614611109259,0.5975388900215622,0.6531263223540282,0.41300255091403854,0.5014012804996829,0.6274367332733101,0.58960646622158,0.504644492061044,0.512152737149505,0.49865603225360744,0.7274225232982123,0.6828071244578492,0.5801576936838616,0.43954045095960653,0.42859397545455097,0.411917437063406,0.48347804923419585,0.5587424298086692,0.47268457331951635,0.543558695447957,0.46749902571723906,0.4186529824795383,0.4986806021204786,0.47153883453203993,0.596651647438887,0.6496411966088139,0.4683400594535848,0.631565959446465,0.4682757287016891,0.7170934100686592,0.43565846767019795,0.47227539197647445,0.36659395066392303,0.3060004022552417,0.4781275431460226,0.6136476579429279,0.6018984498824907,0.2803115522765755,0.49753875057432023,0.8142898869020293,0.500824386596123,0.5199813390084246,0.5300930847266192,0.6225480619784594,0.6423049946667236
arc_pair_495861,0.3968741120368267,0.6415649359346,0.41624663460078654,0.6036236109793165,0.8124934953756314,0.4047724126747052,0.5923734373994244,0.6014680174147947,0.44151650224519073,0.37958843914464796,0.3881564872874398,0.7713117953192649,0.37805089279369564,0.44597876139469694,0.7676893226546011,0.7258032518753637,0.6327509598686997,0.6137353400428742,0.4204880341683414,0.4917488621943684,0.5718655345255995,0.774893929097462,0.4393080142033712,0.6573565831734596,0.61321120317412,0.5814290476045193,0.7246645660655465,0.6504548989469975,0.5717507742067145,0.6790633297703479,0.6140890369732512,0.7089430287921229,0.3350175278145092,0.696795447066901,0.6993045606066493,0.7379553815006858,0.5937599621965567,0.5330483668963852,0.6780919118350046,0.7302184349644121,0.6957542997079591,0.6749429856262745,0.5564091089343013,0.4732321687281099,0.6672469652900607,0.5030812050126653,0.5763755419436113,0.8506647296199721,0.6152811490800139,0.5141665773409105,0.6408776920120935,0.654549372494124,0.5415387838677997,0.699548442009238,0.47601513182868116,0.6725225485837626,0.7183747447832317,0.5747905457841542,0.7345869352598843,0.730950291151359,0.5786331979404765,0.7191844633058068,0.6719927311187378,0.36264510114800524,0.7100007853200794,0.6366398542863326,0.7338310870730879,0.49748263786770924,0.5807781066908385,0.4073510139029143,0.6558405910445139,0.7543035573626331,0.1737098482163883,0.6079574095295854,0.39399487236734204,0.5477179921478406,0.6279879074267397,0.7443005044530642,0.7146885109168306,0.7337666491981228,0.5405842960210832,0.4630912376136921,0.6810216265234883,1.0,0.6760268339306376,0.40031399038917076,0.6246500568525851,0.5687859595136928,0.6161131188038815,0.6523793097924431,0.6851544665525647,0.7752525889006542,0.5909302420221559,0.33193167495823916,0.5692133321782222,0.5543848721902029,0.6129759194341999,0.4222963603781673,0.5894290791116351,0.8194145866163635,0.6633679742535736,0.5454940881278515,0.7401053082191988,0.39271226144903687,0.6580787445190963,0.5603119535443994,0.30497086297983533,0.6068035846473729,0.7340719965478532,0.561795939286591,0.5702814915208622,0.475741172718358,0.596097499332528,0.654473292508888,0.7092332751007843,0.5425660138594296,0.5876863372850892,0.5133348000862793,0.7463455822068492,0.7667924861863874,0.7782231871923903,0.5056252541554243,0.4009931788243014,0.44225500344389285,0.5834883577834216,0.6623393744507056,0.5083032659189884,0.5985841985958626,0.5218745919339928,0.44540857104670345,0.5102068803138405,0.5849282622480291,0.5372259230396527,0.6004396769800024,0.5510211159681717,0.7442779007962749,0.4895152608367625,0.7263569296692433,0.4546051623326858,0.499007784723555,0.35972493187695737,0.27080031518329256,0.4319450447207003,0.6872134768392845,0.6938180144207675,0.33752518040487633,0.5994289623162107,0.751331614046357,0.5332015506072444,0.7109995952901045,0.6477694579020233,0.7216271562222977,0.6495249147962354
arc_pair_167650,0.3870426221395077,0.643038654549244,0.41184002043280865,0.5637093508587558,0.7311485611950299,0.39335334218588885,0.65300141224077,0.6059511772499909,0.4228621816182013,0.39144254782327426,0.3793315029011602,0.6366146398156008,0.3442937351771204,0.46811277097993464,0.638745997761101,0.660860672420764,0.5561050600364966,0.49034971101005326,0.4298229391371309,0.4785935200378855,0.5255562106088468,0.6695959966178395,0.40432107467556966,0.6750615754966058,0.5610822998022952,0.5930280049484755,0.6428068506842539,0.5869666802838335,0.4755307377206195,0.6748817434192124,0.5086796266314991,0.6471739157188302,0.36137088673229795,0.6595163803392838,0.6143371285096823,0.6959043300785417,0.5844769000966787,0.4554289249553646,0.6660709173108678,0.5617758577420565,0.7043680549205054,0.6296261531047729,0.5421718214607507,0.45016490098185646,0.5433267082755872,0.4901008692553652,0.5638305733932897,0.6939000347486004,0.5962027637734697,0.5199352339604996,0.6217096893446339,0.6194373508146473,0.48928848197753916,0.6918201387936822,0.3723321128212432,0.6681133047436194,0.5836624619635877,0.5473893539328172,0.6902026889892712,0.7092570987417335,0.5346527021803342,0.6596052415749242,0.6009879932957214,0.3311382673612257,0.586826183795175,0.6730211842959145,0.6015821416131439,0.44582351734537573,0.513070457290322,0.46737988924475293,0.6476062069888728,0.6975075263185119,0.17903282548859972,0.5030391620295903,0.4051082953256444,0.5449450767435733,0.6026646541814658,0.6784411020899425,0.6960264095733015,0.6474724247814502,0.4957296733201278,0.4641160186975004,0.53683469648692,0.6760268339306376,1.0,0.37505921827614774,0.5285848335807805,0.5203280884376373,0.5976705410729005,0.6406875867435095,0.6639068199702417,0.6527852833058051,0.4791576485087153,0.32068828518296183,0.48573152987568613,0.5166261868052484,0.5104271372455105,0.3691177381594236,0.5812696416267041,0.693021509935442,0.6308006668332198,0.5125857922433453,0.630206632451792,0.4522066210537395,0.5679611811236219,0.5186107087366963,0.29141060323539614,0.5126978305990842,0.6121217148754474,0.5737220551816459,0.5406290855454421,0.44583813713633597,0.5806685552609896,0.5970683319808564,0.6401389352646627,0.42782175661651606,0.5501053832591506,0.503272722089938,0.6451169002087487,0.5830575306580877,0.6819243301230128,0.4675942837822345,0.37445714122324175,0.4109549457219194,0.5185416835002107,0.6797341092740146,0.4926403432520291,0.4950506183219231,0.4977992659100064,0.4064418091591375,0.48003254279725205,0.526766283941972,0.49022102023383096,0.5441925058112898,0.4332192272988975,0.6824908708017531,0.43752545128603415,0.6234880945881975,0.4520135070384537,0.46388710459441523,0.3464719166636257,0.25330412812509834,0.4054524425634077,0.6981421519784133,0.6243663737983038,0.2949408240183102,0.6192163724699873,0.665936956621553,0.4890752443763763,0.5854692779858932,0.6613822094028579,0.5273707996772454,0.5231314615691595
arc_pair_82729,0.3185711145130487,0.4816727963078369,0.49340837034251817,0.40936792954166684,0.43442643608522424,0.47629175310146027,0.5200250014571264,0.46869952962456024,0.5172277872243751,0.5583700751742212,0.456109058433997,0.3414468263849017,0.4389803964863914,0.3485315790475917,0.38320247913267447,0.40398888148455475,0.5257655535969239,0.5655390509111086,0.5338949670713575,0.6488101559132049,0.5337488944288783,0.45365740278274075,0.6134923998575955,0.39288501869917314,0.5038074359722219,0.6109118676193879,0.46062666721641965,0.44691460675439854,0.4443173316792251,0.4714235146992702,0.375381197362979,0.4931156349687005,0.2997347072179803,0.4628324095009585,0.44153071000601296,0.49170402552141296,0.4857448722249116,0.4864431044567137,0.5087226049959012,0.3675651505551725,0.4180077886161688,0.3429218786107828,0.4455187484205358,0.44227910837577794,0.43146148422841424,0.5177653904596852,0.47420879316876596,0.3800515786673133,0.6302212696263698,0.33058318302172596,0.4720391614654708,0.5846908713486525,0.46722345862838943,0.4103832739489874,0.33970593612475203,0.37293306170260615,0.3738473357266547,0.5403306523870773,0.5212050882318465,0.43898669220858955,0.5788675801851407,0.38916343749313625,0.4036738588528536,0.4029779620490143,0.5443649156264743,0.44964647413317943,0.42917739177212944,0.48122127552771315,0.6162455603522117,0.5465738748670007,0.582531774954994,0.41545974885740516,0.33070077061236725,0.3750202542284942,0.48429362012303,0.42115729572687244,0.5148351674228852,0.3994695556207771,0.5395244577639641,0.3847649694288182,0.5051004005375044,0.41755690100043125,0.431068929197325,0.40031399038917076,0.37505921827614774,1.0,0.38793098892112393,0.5243902413711793,0.5823530927586951,0.4331243753962956,0.4249406809531005,0.48564871081247085,0.40812736636648006,0.36800483442786197,0.4414476680801634,0.4813472123262578,0.5959129072568901,0.4797242206708081,0.48035201198162925,0.4775126306133315,0.45054381106231434,0.6484774283085599,0.5334011808611087,0.38237711609871317,0.42536694636316325,0.4765177961773718,0.4429387303407039,0.39355329053725485,0.4954929608775854,0.4301673439505943,0.4878847250010887,0.3612843575776265,0.48882961457734514,0.5853747215642147,0.43124153962462713,0.5423034418523357,0.42986995647790094,0.5647211588302198,0.4833275627760575,0.44417760114079563,0.4214346391241285,0.38228294546959285,0.6202180834902267,0.4825513270980049,0.36844528975041135,0.48047551938343497,0.563149354054899,0.4048541362825251,0.5183742675816523,0.5295084703899181,0.5698637860950265,0.39503245898982103,0.5976453423728979,0.6679588831981124,0.36933249496956755,0.4258868545776291,0.5425418537201744,0.4753400078402249,0.5697942249794842,0.50040020966378,0.5081572277494618,0.48852162063412197,0.5353418020952334,0.5074863419046263,0.5078740169402923,0.3984497999688777,0.44326978319590116,0.4249501170782587,0.5529096140872414,0.4097640935967549,0.41457148412595,0.335651176868948,0.36267147825713547
arc_pair_169398,0.4178512235088176,0.600094953881761,0.3776304993611407,0.6216519973508357,0.6515503867428016,0.3977513318611259,0.6211936734535779,0.5311280852937067,0.42653799079912963,0.3768922102214036,0.3621559425630957,0.5882037855161405,0.35398512983774066,0.4399473291564109,0.5297758539762022,0.6792450712865719,0.6504895950708992,0.451945573303484,0.4186997810023979,0.45592711077914266,0.5813683218580397,0.6242588830864756,0.3891716664850188,0.6353798562971849,0.5392785598751036,0.5287098997156277,0.6943238498100801,0.5751068131127338,0.41728104365987495,0.5873642543615345,0.6144071892705674,0.6052714755942739,0.373304478406371,0.66056838667265,0.7061185406813372,0.6357015912362967,0.49902736384533536,0.45406238041923,0.6092988842988225,0.5076488403274682,0.6102049460591584,0.5932597306082448,0.5276691479048008,0.48923707726009963,0.6514728742554021,0.4781347235887462,0.5124996939268193,0.5567876342622301,0.515884182871722,0.5714717900499876,0.637665826086767,0.6658604232453438,0.4672822131839033,0.6272197825383721,0.5087737481041541,0.5537399548394698,0.5359129387590026,0.5748299611234392,0.6590320484534138,0.6684545794252109,0.5504571187806802,0.6202125082854493,0.5234425309317671,0.35312832706557423,0.66784441739054,0.5552101770794822,0.7211323779412341,0.44655933416396687,0.5287473240095724,0.40459229325216367,0.612774113697901,0.6317476743541126,0.16775368605695382,0.5568868850732283,0.40733591731490126,0.4612252934187153,0.6161541019855207,0.581642019430768,0.6723334064208448,0.5339766430818822,0.5154913470863287,0.43562781343079576,0.5075721959426787,0.6246500568525851,0.5285848335807805,0.38793098892112393,1.0,0.5756123013628822,0.5850693143416608,0.6211681999234655,0.6776367701713282,0.5642766913101328,0.493841832111529,0.2873205834528699,0.5357106603400401,0.46035953157697995,0.5617341689591906,0.3844424674900878,0.5983656592790358,0.700354130710656,0.6501966223466134,0.5062987093520949,0.5456812991396999,0.4114612250221776,0.6002596590809376,0.5838296818118828,0.3007625672885894,0.5563506669777311,0.641105998726755,0.5793400770351596,0.5566905187227734,0.40178911252191235,0.6005044295497272,0.6329769279654921,0.6503001004979835,0.5129921049113775,0.5754696350971507,0.5281267636844463,0.5642555552850325,0.6027568163801525,0.7063389749477231,0.45786515776768844,0.3587687768890693,0.43973757475538944,0.5629768770880923,0.595843536599214,0.46416129940641815,0.568514427375812,0.5351686265044533,0.4075582850736357,0.4711958588501029,0.6057666066175258,0.4391136294661472,0.5575344738627309,0.5239271800917066,0.7126594222739789,0.473490220366823,0.5323006852915442,0.4544718606177261,0.4498576321404918,0.3741954568866206,0.2847660827540896,0.3961126544324148,0.6497546435957697,0.6200575355687635,0.31503943423547065,0.6136336194966585,0.5122464605900663,0.46191771998915365,0.687217992592718,0.643614098383496,0.5205229758451162,0.47543814475476137
arc_pair_435729,0.43479498263398797,0.6331201621305855,0.5163328417792089,0.6071904185667022,0.5784195196996832,0.4534265098106703,0.630283289273445,0.5841938332678878,0.5725060034661564,0.5023231590980735,0.3896176440737482,0.5262403087043607,0.45488573102126834,0.4638075533751662,0.4723812829658285,0.6054414419264618,0.5445318855042248,0.5654966841317949,0.5807967169998095,0.6394201712406696,0.6421363006080998,0.5633333784162791,0.5860734116832177,0.5595176769204258,0.5662532398208087,0.653075502236632,0.6240565294114755,0.4902722107340003,0.4798988884449615,0.6325032626929871,0.5086767803797607,0.6056285039228123,0.36289459864080587,0.617485083506033,0.6236854571148326,0.6592334397480974,0.5726409197073274,0.5522589740405055,0.6600600728096468,0.49962677815980727,0.6791382052898385,0.48109823123025064,0.5833188121809844,0.5572389578650949,0.5593058011814815,0.5834717478511984,0.610280798466715,0.5185467741944362,0.6159854443966197,0.4821847074707255,0.5773030364718326,0.7053904110903532,0.641952192189247,0.5793417841195744,0.41764147436745747,0.564142706473478,0.5134625152435888,0.6923946068696426,0.687150461112306,0.650422319064143,0.6928795693071091,0.5623217197978461,0.4629660086163892,0.4279959120292766,0.6773906469655007,0.6430810331467555,0.6427898140524168,0.5338673734047265,0.6604938246338415,0.5067738911274662,0.717756640973517,0.6465899155457057,0.28492044822996215,0.5563320299168112,0.5038107333795433,0.5521095485893913,0.6582578455737362,0.5783307884553464,0.6934273472700446,0.5388290400578543,0.5898692113311664,0.5482071776016991,0.4926179563117232,0.5687859595136928,0.5203280884376373,0.5243902413711793,0.5756123013628822,1.0,0.6843611625804342,0.6393899444780236,0.621517846500289,0.579824977130028,0.5354397702163073,0.37039104460658057,0.5427090126047414,0.553401537356673,0.652460622086158,0.41601030973883074,0.6078227549665057,0.6699028861796937,0.6614811902648609,0.6335462621689871,0.6589628829256476,0.5042339154651941,0.5728902262061613,0.5090679998014456,0.40537193562231466,0.5291516004313017,0.6145702789269383,0.547725441555736,0.5631951104478395,0.45350938137732033,0.5212964321106606,0.6840059780539613,0.6029699192037998,0.5518617241672276,0.5454760805894046,0.5691306719417681,0.6142194056518956,0.5599942507837167,0.606040870582693,0.5259157890191964,0.5422183381916795,0.5689252275300967,0.4847892187798939,0.5955384346129706,0.5760939122059685,0.5214145090541944,0.5640625993870093,0.5795843812622486,0.5994797363731756,0.5742558252418664,0.6279132887677354,0.6978821023146059,0.4441600147753404,0.5935051647988467,0.5765331218066946,0.5395096895287995,0.6147292048084358,0.5979374819124126,0.47662357665129496,0.4100817228200013,0.5260515284373523,0.6280607431120167,0.6299491603710493,0.37755973241160684,0.5924010025378429,0.5090855227918117,0.5981834866155266,0.6172864154434414,0.5887221273290603,0.44061758031449516,0.48738521430191023
arc_pair_653762,0.43052122391462305,0.6200518492322104,0.5792224675382348,0.6309480152455703,0.6634236563647362,0.5002307800203505,0.6628717764807364,0.608270317160085,0.6127398332063365,0.5605782765523901,0.47960912967198416,0.536132230888972,0.49624891849796127,0.5227941391391504,0.5691830145378335,0.6389602434254629,0.6161380396960375,0.6386481883644832,0.6108229280849901,0.7046702370802265,0.6511603900577371,0.6212607755982166,0.6230171822247946,0.5853504327153972,0.6049915072550548,0.7257993732695986,0.6623631162254334,0.6184050592170977,0.541599338992698,0.6997257179465289,0.5453921459371466,0.6658622740247271,0.4328095542828429,0.6344303894578621,0.6751372340749737,0.6931720381050088,0.6314650497377007,0.6347164370424191,0.6871686186883085,0.5336914852817517,0.642048560034918,0.5372185156692758,0.6535442976878147,0.565057986544995,0.5804489199795296,0.6023142741663294,0.671849698738023,0.5728672080750745,0.686905976378201,0.5149165589742253,0.6270743695410491,0.7644540461970646,0.6691294528414576,0.6356165935350818,0.4646494292614138,0.5596086522415611,0.5506628825756866,0.7231914635915946,0.7745238723275468,0.655101817325721,0.7290937481201591,0.6473965522642421,0.5790070597074946,0.4752811239222452,0.7592383823960752,0.63439380121394,0.6553318292645337,0.5035895514783386,0.689019441875854,0.5684091247867664,0.786644644059253,0.6590799045156827,0.2965375889515057,0.5926019156270736,0.5657049447226308,0.5921575960785272,0.6871598061729844,0.6128804607872783,0.7608536062557192,0.5628006775995201,0.6745395135941257,0.5357072942714131,0.5856494590436419,0.6161131188038815,0.5976705410729005,0.5823530927586951,0.5850693143416608,0.6843611625804342,1.0,0.6665979246039846,0.664200359912836,0.6339168809177808,0.5890512833497339,0.4049356780894451,0.5571613967972997,0.6215791551242288,0.7054093650458853,0.4735359487053787,0.6723914650697826,0.7247074596253608,0.668246403581988,0.7447873872763097,0.7011279344179606,0.5214582844616845,0.5975569024083972,0.5370765977328931,0.4479409350088324,0.6271736294028009,0.6993155417785174,0.6078459242293223,0.6206787988970266,0.4863446874443914,0.5711776136946323,0.7211090740928394,0.625278073143795,0.6137640702303109,0.5939861358179732,0.6254367318077111,0.6796012610730359,0.6475887423795609,0.6169501283650224,0.5209149211154445,0.5741668097022317,0.6121658313039385,0.5479641789171261,0.6503696264348063,0.6423114042689877,0.56020534230954,0.6458862814821447,0.592939527831249,0.6485804057152071,0.5627831308861935,0.7403985885068854,0.8132645230836067,0.5406250781906294,0.6825129409504707,0.6005058888378889,0.6060607590286335,0.6546191181193918,0.6563017879358742,0.5244833188058748,0.45095265228733916,0.610171387206529,0.6942305759947525,0.7109434834351478,0.43990262684167025,0.6521380578309478,0.5994075622849785,0.6474867908822344,0.6456002590796512,0.6441518690785463,0.5073535373228213,0.5319644564270434
arc_pair_644674,0.45519560241500484,0.6503007111873383,0.44734895753944814,0.6220106432226593,0.6710219283653355,0.46915392031829156,0.7091395472560704,0.6441050910306858,0.49656374392847363,0.46107258880700874,0.37176111618429636,0.6271042022986697,0.39130237065371576,0.4772982421860452,0.5699337827203999,0.6870429304545749,0.6040365344632931,0.5495478203826512,0.47720355613874016,0.5251742968760253,0.621692948115488,0.7049159488948723,0.4602945927542818,0.6882487931173549,0.595586270672804,0.5853681367887205,0.6425176407510952,0.5523641040440782,0.48706242294079083,0.7093785196285843,0.605693307043045,0.6221645553133177,0.38987002970461776,0.6871895727213114,0.7427256501025365,0.6739660521043906,0.6386344422560002,0.5469304912759295,0.7013377846076372,0.5825921210877807,0.7317389919800814,0.6010091000023949,0.5785845694106521,0.5198076485204348,0.6619567701041571,0.5183074395572758,0.5922042183583633,0.5740818152467524,0.633682013300952,0.5638265059247575,0.6376458529101663,0.7291448971857213,0.6210767875501506,0.7271565479626713,0.4921642046301932,0.6956339856081368,0.5740530833163751,0.6963642734475586,0.7357640886630631,0.7035943854015759,0.649100378386245,0.6576089464332562,0.562461426841111,0.39335550147659887,0.7055632916067356,0.636836951456212,0.6814167848260146,0.49277255125332914,0.6111128036212813,0.4715475144636599,0.6992782896565882,0.7179116724996152,0.18797309338409973,0.5615706451757164,0.45263082129690047,0.6176981990341235,0.685934912118737,0.6186278160506906,0.7323760716038192,0.6483768893858463,0.5265275959436652,0.5074257983172858,0.5078211199468844,0.6523793097924431,0.6406875867435095,0.4331243753962956,0.6211681999234655,0.6393899444780236,0.6665979246039846,1.0,0.7198954539762593,0.6222521002990552,0.5775864199679468,0.39411902521159103,0.5236113371228904,0.5357656706224588,0.6345347431026815,0.41120686449867694,0.6323927135939327,0.7204153345417176,0.6882524003730587,0.5701540842154943,0.68584448206486,0.5092699719173185,0.6825920882900269,0.5621768553319366,0.3453037897783924,0.6455763990377542,0.6271140961553298,0.620055634507333,0.537621435348438,0.4979359948851548,0.639050253359982,0.660471411300766,0.7148514191237024,0.5296991879373931,0.6295588556804306,0.6155021409081324,0.6628939564733245,0.6958850571099913,0.7096158199875147,0.5298868075373243,0.4275191422065187,0.4928820116393026,0.5653934641527658,0.7234352740115461,0.5259536312547515,0.5337538146911494,0.5870134470877796,0.47779139605813536,0.5354058116264107,0.5748770978865083,0.5569909665531175,0.6375650026669915,0.5335121207063063,0.7621685839997517,0.5038536403365756,0.6223713706561241,0.5075437456367844,0.5413119050901232,0.40570053376608933,0.32079385293141643,0.493227543001731,0.7004357617810112,0.6851355815989483,0.33574937820086265,0.6812497075052613,0.5859983882702112,0.540196391407719,0.7242384745735281,0.6219860794224678,0.5911469949279416,0.5037609814560122
arc_pair_365022,0.513845015731336,0.6780329815861861,0.44138983893866635,0.7079557151995153,0.7710049877623963,0.4972811282135544,0.7328531957865585,0.640376148300478,0.5075665264480023,0.4435267916973141,0.4215610044534733,0.6227117449090408,0.3967404992276462,0.5209802361121738,0.576261780686404,0.7281924335070779,0.7316506973744195,0.5161459539029413,0.4793383441942438,0.5193937138254431,0.6144188007007972,0.697820209229624,0.4432262546433631,0.704881742895497,0.6067254008417219,0.6191126963378674,0.6983540643396899,0.6662059150632149,0.5269456359897856,0.7216387125661367,0.6371622561774114,0.6825450159306545,0.38618113795596926,0.7311853282639676,0.7802841062448627,0.7189278465807762,0.6674005661760664,0.517624985042667,0.7739977021735979,0.5325561366407926,0.715674041070398,0.6475321683048433,0.5604199350442677,0.5948983873669986,0.69573341803954,0.48417449688482966,0.5384855783306078,0.6382626659970615,0.6364392698562208,0.6050112473338332,0.6490888329453408,0.7376052164909273,0.5666788445534569,0.7364648204422436,0.5603345295429882,0.6738001176345861,0.5849511095979576,0.6408707838560732,0.7940897844520646,0.7664758988768846,0.6080493101041058,0.6970531456449516,0.5989786234759978,0.3802625906910305,0.719096833098736,0.6707358116648434,0.7910037675419406,0.5070965420025143,0.6026175901812504,0.4940983817950418,0.697739081241164,0.7257899473495535,0.19982275516434636,0.5897366233654123,0.4069423237292552,0.580631265797444,0.6448630663930669,0.6705726239765951,0.7182601668054227,0.6025438404189576,0.551446804242018,0.5520639734053493,0.5380875320183633,0.6851544665525647,0.6639068199702417,0.4249406809531005,0.6776367701713282,0.621517846500289,0.664200359912836,0.7198954539762593,1.0,0.6278516453322052,0.5621095909246989,0.35890509786530556,0.5452227671316178,0.5666594470103851,0.600963948415761,0.4352982387449448,0.6342537921581475,0.7606684626916299,0.730058782822026,0.5813615234904268,0.6866223386374952,0.45490241858203007,0.6899879820225879,0.6328173927540331,0.36343460052210075,0.6298851378600167,0.6531159918761468,0.6128989788844184,0.6173464626829678,0.4824436738057119,0.6763830362730329,0.6917113461296048,0.7213323758222747,0.5393452767012523,0.6740791713012287,0.5814793950320158,0.6463206952344721,0.59832975627381,0.7845011119912833,0.5313466078739507,0.42258645001349265,0.48319443076865704,0.585579875343641,0.6831185988747841,0.5428556207933438,0.6012251511217077,0.6088776835882294,0.45252614271208497,0.5155431066795598,0.6335503570547847,0.5172798956466858,0.6430487625844268,0.5465770347429981,0.7900792554515408,0.5329151784634822,0.653099289270004,0.483880712918516,0.5565318711701526,0.3854704792009902,0.3061659298806407,0.4904417485420633,0.7133815582726366,0.6710956832532229,0.32979943122705047,0.7299592904554093,0.589962739922563,0.5454261552872044,0.7140495735139949,0.7246323794910289,0.5841239311460009,0.4771749388659822
arc_pair_716732,0.3778596485590337,0.6792570131502151,0.4926222113074025,0.5540839568448204,0.7412450121295042,0.42844687100144513,0.5849741378105228,0.6328645440752615,0.4686609908129353,0.44959270064616347,0.4196908170699354,0.7189932440032734,0.38959681431012944,0.46455109341166895,0.7248047953303224,0.607112854443586,0.6053507025237639,0.6851174109411249,0.4824105272793017,0.5570471570868523,0.5940258362902886,0.7380999108819021,0.48009560180376776,0.5969358419839007,0.6137455124853335,0.6145888415071196,0.6568233110168475,0.6067181331159688,0.6168056066224729,0.6462361783409838,0.563414096417312,0.791424330519395,0.3449529938563485,0.6557591351138204,0.6584325791900653,0.7099695007636891,0.5809320542561999,0.5712728065253385,0.68024290986761,0.7044758085861942,0.6905317142967584,0.6047717136286697,0.5670189725435253,0.5084951804808411,0.5752156566392759,0.5866658754474822,0.6173060758234126,0.7244112307276094,0.6427713130101144,0.5106097913230162,0.6682638073038872,0.6529081938722507,0.5660578071189775,0.665245958600863,0.4108643531014383,0.6884894993498558,0.6555535683610253,0.624151238114518,0.7291114232605463,0.6692733338361665,0.6280362702401546,0.6815601882896247,0.6122795725674709,0.40466474800129343,0.668793528868232,0.6594503278907453,0.6561718753030005,0.4744772486174987,0.6032891980997395,0.4838489246651355,0.6872767740053,0.6927651408132551,0.21307877770718212,0.5542357745087576,0.46348067390584197,0.5328420311614421,0.6507954815183402,0.6231126351430242,0.7253829799759487,0.7364883880692142,0.5860946531423578,0.46282578686961334,0.6512952563729859,0.7752525889006542,0.6527852833058051,0.48564871081247085,0.5642766913101328,0.579824977130028,0.6339168809177808,0.6222521002990552,0.6278516453322052,1.0,0.5388287093756805,0.40333693857773933,0.5595247293776304,0.629261306541177,0.6233839470328499,0.4195071047091178,0.6353586056404545,0.7262407026870272,0.6493770300941539,0.6240149063140485,0.6880224268369174,0.43835347087469767,0.6310933688772365,0.5279396187365019,0.35551722763116594,0.6407772980189795,0.7038855518289645,0.5801068328483846,0.5859312420743312,0.49676699871603386,0.616259508959817,0.6745732516344354,0.7211379805178169,0.5329137042614153,0.5379889880667733,0.5824971932682865,0.771939972975812,0.7822193844107722,0.6633273476953836,0.49908284662220237,0.44891166964163837,0.5040192802716589,0.5081952604824074,0.6486044995517635,0.5379429268530571,0.5017847468766959,0.5566528672886808,0.5082157958583718,0.577225010309221,0.5216178255408518,0.6044440852504928,0.6270751053146804,0.48515699347397045,0.7189272511339021,0.5466872336622897,0.7295102632133615,0.5404558230795317,0.5683791243901465,0.39756119326505435,0.3113408225836986,0.49040430268204016,0.6851112673818772,0.6708136559968515,0.3538690844027779,0.5743715041505477,0.7725901269278882,0.5635524410455409,0.6300554224797097,0.6478524487719803,0.6275219054904725,0.6220054886946933
arc_pair_692544,0.30689357602398426,0.4735183088369768,0.42691960585024813,0.6590852060344236,0.5608155845311803,0.3685179795515856,0.4956438754023883,0.5234605469583724,0.4314773675618492,0.40858818444659106,0.3832700383992811,0.4861349230234297,0.3670382411058871,0.3832136243691146,0.49209398235131185,0.5597406901057984,0.5232649410218573,0.4697140434734824,0.4401292337941523,0.509906625391698,0.529236434837984,0.561391841367048,0.45816902858669006,0.5105177039050618,0.47254067269566113,0.5663219799460166,0.5892025233505929,0.515836430537211,0.4749083791458293,0.5339272667585196,0.49653430944273574,0.5397391105924705,0.3213734558999604,0.4929723508284653,0.5996218774873382,0.5774236892397324,0.5062221794072478,0.41070942812554845,0.5787059195053781,0.4610422758573532,0.5386581344276766,0.49163904258572133,0.4324074235440487,0.40362885688771455,0.5419156669888516,0.4814183595779874,0.494630009933862,0.5361782833579827,0.5513098413880736,0.4224965279730413,0.5495571574625336,0.5825925316305632,0.4834032632080619,0.5608567432778704,0.39736465032995755,0.530284042485872,0.47401792684107213,0.509543505610782,0.6046764498158368,0.5378553765189535,0.60663835313176,0.575919040233326,0.47358509972978685,0.3361158443041519,0.6136967276881182,0.466273115331742,0.6355106054851897,0.44498270078468566,0.5538233063945688,0.4367253068740371,0.6027155751536647,0.6039467957716401,0.2276954634128407,0.5415982760823806,0.4070100038691864,0.4846576765470515,0.5421861095733755,0.4997552635490688,0.5964054617292783,0.5012166859035226,0.4647556533616761,0.4939344349339934,0.4938247807156532,0.5909302420221559,0.4791576485087153,0.40812736636648006,0.493841832111529,0.5354397702163073,0.5890512833497339,0.5775864199679468,0.5621095909246989,0.5388287093756805,1.0,0.266824641601385,0.424568954971095,0.49785867673832973,0.5943295006832399,0.3793835360562207,0.46900412957130316,0.6426363963511458,0.5404325053273941,0.5581992950761002,0.5842656095173395,0.41701784911057677,0.5127918640869672,0.45073000569734833,0.39298369618335155,0.5324395125191118,0.593666232750335,0.4169974593893239,0.4812448353659627,0.3827542697532288,0.4800722430179068,0.5804297749466089,0.5584209943332559,0.4979646622146388,0.49093303347811246,0.4914422775958305,0.5396869473764629,0.5768130370884142,0.5617488384529128,0.395752802583903,0.4453201634534906,0.41852835961800827,0.4717069950709969,0.5638872590814505,0.4506940586402771,0.45467199496146976,0.5110426448508987,0.4503609169958233,0.4982240031486943,0.4835336075859473,0.5338694137015072,0.5882623071331238,0.4229094750239569,0.6006427302609529,0.46382421571773425,0.511596699002066,0.4479048235660619,0.5227934390771319,0.3794878480779248,0.308563504008044,0.4337232263544377,0.5377931797320671,0.5901511016872228,0.3190534242195916,0.5088125555202692,0.4771611154037227,0.5976060032894978,0.6157413997752841,0.48962026090210536,0.5133836175882981,0.4235623758073809
arc_pair_134659,0.26938990301509086,0.3799107275716464,0.3910571162583514,0.28701941575891554,0.3592393485783941,0.2889077104298307,0.3930248722682787,0.3813345852307147,0.3259926858397166,0.3543350010574134,0.28830862470318597,0.3719095976150539,0.2756414291815,0.2283784733779745,0.3263593936081257,0.320709472925119,0.32776008358701575,0.3691384381807837,0.32946035531680085,0.3837270634983778,0.37687365943668216,0.40313638496695176,0.3675807467167675,0.30749098338354947,0.4020947218460005,0.4049380679341526,0.34625553851146135,0.2830362151901461,0.35024003546477606,0.40216642339972125,0.2659753814906243,0.3813296884224905,0.19428059534879785,0.35622468158808757,0.34661828714495835,0.3768506033636383,0.3453373464401321,0.3548103799312891,0.388712873962418,0.3840803921725763,0.35997668572446484,0.27946019313860776,0.3326029273873296,0.3266387402029675,0.30577716804761085,0.38246573427179636,0.34044093510577406,0.32045774780737013,0.39731153303220534,0.2584556918452209,0.33225302476001,0.43467612708455233,0.3703873619091017,0.3689688633154583,0.24008741403432318,0.33069902692555153,0.3360048804436027,0.4080664108128745,0.40027064254066885,0.37198708993810503,0.4006858075153548,0.3412021817009707,0.3262136452545981,0.2828094098884769,0.40054320954980027,0.3441632902010914,0.3230613359577664,0.3470626913959782,0.45677938461199896,0.3478540689308165,0.45055079697607664,0.34545893878372297,0.1713989011312125,0.2807185888634114,0.3228001701894221,0.3180180703068971,0.392291126086318,0.3319571839027075,0.4169989101261559,0.33281310484388227,0.3335240954210196,0.2782180809006014,0.33677394608056305,0.33193167495823916,0.32068828518296183,0.36800483442786197,0.2873205834528699,0.37039104460658057,0.4049356780894451,0.39411902521159103,0.35890509786530556,0.40333693857773933,0.266824641601385,1.0,0.24921087606002185,0.34256861569177605,0.3930687618068725,0.44640708173322113,0.3816278042064865,0.38626820324571787,0.34765542759792506,0.4604894122912197,0.38285301436738256,0.3280345237162075,0.36657300439540025,0.31715908944817794,0.28762013177934426,0.3134167829969973,0.32975066799019026,0.38207145382702146,0.3704230460529283,0.3011887094987095,0.32966830735953123,0.42786987517517827,0.33892293089683756,0.38560354304617206,0.3265578376024165,0.3881276457422661,0.38978097289043123,0.3721855633335362,0.34833848842731796,0.32391825733679885,0.3289221617685443,0.3370090348869041,0.2546237006690263,0.3242323811725056,0.36384348136226463,0.28265114179614764,0.34806187792089016,0.4036430942464489,0.40214612139739625,0.29265499197338063,0.3920983047607431,0.4295191084660422,0.24089895900338298,0.3742655430422446,0.3588750380117743,0.39974936635969416,0.3541866293564783,0.3809865395222494,0.3836180834415767,0.21085103343446354,0.3494134591879338,0.3540864059209877,0.3672821280536548,0.23636341847394218,0.345845152300233,0.37262180196901773,0.35148169624982495,0.31526687209748633,0.33743803627469704,0.3176506643386737,0.28952296994983534
arc_pair_639703,0.3290529046426169,0.5586331400860882,0.41473477214814813,0.5014077226692955,0.5753913455967785,0.3310438311150661,0.49646811178022765,0.5047160265374815,0.48434286756886363,0.3445233149584947,0.36194076547986864,0.4851620940129554,0.3766004760725486,0.4123938363642128,0.4789562800144407,0.5679209893685871,0.4541732573448243,0.499533795753942,0.43024456746488393,0.5048176162748492,0.5406612075644973,0.5660144925826198,0.44120869400967655,0.5375083727556713,0.5261962090098066,0.5764970775837129,0.5522603519050301,0.4914594005216481,0.42098184573905356,0.5220618921789374,0.4624317154689479,0.5385102434001394,0.24847073345531367,0.5883685478717795,0.546144267502701,0.5579306362502543,0.5047977404868436,0.428686015344318,0.5438445423524112,0.4666626196388737,0.5402004755034447,0.4942786488708988,0.4055998875615203,0.4149522981825803,0.5326159836703309,0.47785305622853597,0.4637674483337866,0.49896063570601246,0.5564957901457003,0.4429817723865589,0.5491080149781187,0.5839312498325545,0.4623753162987556,0.51551592506958,0.37460938117673953,0.5346820166109084,0.47568815301813844,0.5231669177200368,0.5951518112614966,0.5546197561112941,0.5755327102764848,0.582620398523716,0.4781904047703676,0.3642582195991584,0.5916741742933213,0.4898359493197203,0.5709436894799733,0.45254399858643884,0.5484298914799449,0.42296058926260516,0.5645880424721507,0.5463658891566975,0.19266345950208877,0.43277369394001025,0.45337480349857034,0.3977611559898079,0.5501592025567899,0.5162500354823748,0.615802195637486,0.4718381151248891,0.4557242111234669,0.4183672405169957,0.46004723581612167,0.5692133321782222,0.48573152987568613,0.4414476680801634,0.5357106603400401,0.5427090126047414,0.5571613967972997,0.5236113371228904,0.5452227671316178,0.5595247293776304,0.424568954971095,0.24921087606002185,1.0,0.4352610036493581,0.603807318159021,0.3897416179426289,0.5104715138004773,0.595622945944908,0.5277155532815354,0.558845073940182,0.5650262016333983,0.34560389111599465,0.47418267870438846,0.4954061067339388,0.304933404661497,0.46405585148556844,0.5677045820155127,0.46575584875941084,0.5086063580119214,0.40299559903249393,0.5165523636444048,0.6092477024737745,0.5494957475171001,0.5366299431367788,0.4990000780596312,0.4714337614896923,0.5156459857372537,0.5279747198747001,0.5955437478969619,0.4331661367322628,0.4251042289677537,0.44019336097695355,0.49116825144631904,0.5115735067082114,0.506836975603883,0.4785869958546284,0.49967354591477053,0.40267272727049935,0.5003617190002797,0.4624143783235257,0.4773064702834208,0.5662408401493915,0.43895263682442265,0.54696026214893,0.47958667685678846,0.48251523316942024,0.4783213705090227,0.4477359079962874,0.3742793640207147,0.30393529197030267,0.4046886976477174,0.6052032417792325,0.5621824332803547,0.30416186567119174,0.4630558140496764,0.5192060780099232,0.535818067827146,0.5308928809747668,0.48495372464690134,0.42934292835371446,0.4235496642357381
arc_pair_632661,0.3973522616029198,0.5518178694260666,0.4508461308896806,0.5131256493152232,0.5587051291683721,0.4101989423996857,0.5491268371220075,0.514098460904243,0.47969968206338365,0.45857945642084263,0.381763751509397,0.5275199898750449,0.4088505864192693,0.4611273433206267,0.48806982629782847,0.5086100168153719,0.5525393442178477,0.5396118636407141,0.4771359883530739,0.586505730682063,0.5634991239307029,0.5443426134067064,0.5224245793174433,0.4691690808334646,0.5044810586675084,0.580763807225511,0.5502738769025348,0.5463940214554727,0.5146679536663271,0.5588939186316038,0.45972476635769904,0.5688572468623562,0.40141299771618916,0.5131525780569753,0.5465445743337995,0.5935836833362552,0.5401158573930183,0.4793489092510538,0.6093952266606897,0.4801956148079892,0.5746965284662853,0.4677420699411199,0.5149588832563036,0.46646336818373185,0.491650116332527,0.5535865237773713,0.5360609997731791,0.5184471583658039,0.587544349767741,0.5272792849706991,0.5128207927842106,0.5787825073154061,0.5218465381433601,0.5461353582654788,0.37526528356275735,0.49073192862577864,0.47030418120025774,0.5663596991100843,0.645518745083383,0.5912385860317406,0.5998577656636234,0.5302564533142794,0.4617825603310099,0.39343934505973166,0.5991408971642757,0.5481596740745468,0.5547687795387639,0.42938710555471116,0.6101686134559053,0.4781574811101241,0.6350160851670779,0.5398477284229513,0.2538602043090101,0.4556948213909153,0.4344853674415974,0.5686442330970813,0.5382166456821275,0.4964585818616421,0.6106919615211575,0.5354511710260735,0.49759825194135576,0.4217252700870304,0.47419661460981694,0.5543848721902029,0.5166261868052484,0.4813472123262578,0.46035953157697995,0.553401537356673,0.6215791551242288,0.5357656706224588,0.5666594470103851,0.629261306541177,0.49785867673832973,0.34256861569177605,0.4352610036493581,1.0,0.6086696047317177,0.46289646816622304,0.5948941914986984,0.624044351751902,0.572622594256652,0.6136628475299122,0.5767555055172519,0.43801748526533374,0.500335171830803,0.42439921686895843,0.41048031512885036,0.502817626093195,0.5795118836786174,0.5135368895487781,0.49029587258506396,0.38701597693814505,0.507054437376508,0.5937639557048368,0.540950209543818,0.5179732003358907,0.51295265925435,0.5186416867211965,0.5752624757828937,0.578362118639757,0.52548273262899,0.46676703611691445,0.4689825353335401,0.5087473068549796,0.4175291812393271,0.570220402194529,0.5448786645056772,0.45469062347508193,0.5544508708970582,0.4917289760826496,0.5775427827215751,0.4824260911362479,0.5529435771154942,0.64019327229308,0.4404273886361541,0.5788100093582735,0.6241893965688103,0.5443766491307388,0.519953315280353,0.5249043697572038,0.43359797653688587,0.35394382448366596,0.4601212002665571,0.5719031800990294,0.5873303094110918,0.41405144269187383,0.5080871365269175,0.5138780924244942,0.5482361869758019,0.5576001672539013,0.5647472310967377,0.495817298405573,0.4702822801619857
arc_pair_566053,0.4824872054669254,0.6083190638821072,0.551317333228978,0.5990517385336535,0.6059952073551337,0.46736161553002514,0.630885774968505,0.5904213415429621,0.6046290003840104,0.5329384706651701,0.4868830704196509,0.5308368540715106,0.5330617926846267,0.5013221318785205,0.5185576565692537,0.5648663769352804,0.5530206252211627,0.623986858016651,0.5853639543267606,0.676938263034451,0.6563705848731706,0.6266901433626718,0.670979478285915,0.5450783748504632,0.5889436880486059,0.6898422126663564,0.6393444610562515,0.5580233885218195,0.5456390984945397,0.6129108248615778,0.5619876078202218,0.6285941302416005,0.38324576454420456,0.6108919032876722,0.6293611876122628,0.6250406171836344,0.6305080758717628,0.5554895264774723,0.6812065808934318,0.5463192254673641,0.5910781957913027,0.5121804685143398,0.523360520602013,0.5031636343425888,0.606821579224915,0.618863729252264,0.6099615537737377,0.5520235038813168,0.6549018740488117,0.45920647110649887,0.5930558168339451,0.7256353533342584,0.5998608418920149,0.5671079052061624,0.5280178437554609,0.5482096010009386,0.49931003346212094,0.6340757361490607,0.6771958154552857,0.6249673450274164,0.7393218363074527,0.5693311841475197,0.5657660509563993,0.4868764548714865,0.762336648572511,0.5769738057767696,0.6202461535941964,0.5383270018281513,0.7712188254523454,0.5423942719052226,0.6976560004370403,0.60117507306491,0.342129040588421,0.5149838622460683,0.5308660714779514,0.5522278350742406,0.6255576401800722,0.544962071544349,0.703141106723807,0.5345825689046538,0.5818193667793751,0.5207403519441409,0.5518027352262732,0.6129759194341999,0.5104271372455105,0.5959129072568901,0.5617341689591906,0.652460622086158,0.7054093650458853,0.6345347431026815,0.600963948415761,0.6233839470328499,0.5943295006832399,0.3930687618068725,0.603807318159021,0.6086696047317177,1.0,0.5314703276676259,0.628967035093738,0.6937182921348616,0.6091308737529927,0.7421635069069759,0.6425356361661869,0.4847758044055648,0.5790083299717538,0.5390525033310684,0.4690991344276967,0.5596833530044861,0.6783924879623076,0.5418719465801762,0.5952251707748054,0.4503025370181361,0.5804453683541194,0.7057345986900464,0.5955575028937018,0.723587217278181,0.5672746576578569,0.6234497917159681,0.6071428748050751,0.6555819915274602,0.5776031508474049,0.5292999227555645,0.5933017831774056,0.5343944876419859,0.5049429481574158,0.6234965678427418,0.6638424986414675,0.5441779013934297,0.6586836932562705,0.5594548608237082,0.6735611709961172,0.5003003516263687,0.6619710907941116,0.7649482741827416,0.5052973265486512,0.6099429074761673,0.6336393314490885,0.5723225561756129,0.6128841770123489,0.5909838733961201,0.5812817015498672,0.4623770224395307,0.5750407968749371,0.6579894113800174,0.6744526237270962,0.4263596550394505,0.5619396148465925,0.5251823610003217,0.6604355922108769,0.6329249424890803,0.5577792149787499,0.5519633416700718,0.4733024422722327
arc_pair_129381,0.3289272773980641,0.434022763961637,0.37768129209510043,0.409726732891499,0.43050910015687055,0.3862972344141668,0.45719661553054636,0.4104574064598743,0.46200594033090486,0.39036531100968064,0.3330232841834122,0.3885482722713633,0.38864543101558846,0.3644139624947561,0.3328686849566514,0.3740655860083111,0.4636478327296457,0.398057351160916,0.3997821861123664,0.4998733298939913,0.4513066918356371,0.4169042996658892,0.4992493198321811,0.40631632065507217,0.39834591617622034,0.4758363426021189,0.45068095558074267,0.42979847715743885,0.39426744367489297,0.3983444291996508,0.38861029300276734,0.41863929076729267,0.2511668756603847,0.39681488312897184,0.45471051769416365,0.4081179458653216,0.48494481176174975,0.34153226990962054,0.47121102857465713,0.3580189837060735,0.41305585758257374,0.3535470605260928,0.3470925376732658,0.357639784295538,0.43080888221759794,0.39342120498379685,0.34340158368030627,0.3751496479960982,0.5001770004811734,0.3432455338201415,0.4261333475124964,0.4885837466475519,0.3688637864956328,0.3996993265275049,0.35187491561727435,0.3894296211249023,0.3485788080664506,0.4294261867359102,0.47824310703826706,0.42996431718234984,0.4939110735621237,0.3954930966218094,0.36505115240849767,0.3518066148501121,0.5354965439792483,0.4220345618700888,0.4334561653822585,0.37981406610374246,0.5617550586692354,0.4456779112118336,0.48854734611257955,0.4124496372187963,0.2876945673053123,0.35110588445871693,0.3417972456781993,0.41071539247572375,0.3778338977664567,0.3979916767951215,0.4844343429108851,0.38292997204179713,0.4087981540275726,0.3551840914243104,0.37351066109550074,0.4222963603781673,0.3691177381594236,0.4797242206708081,0.3844424674900878,0.41601030973883074,0.4735359487053787,0.41120686449867694,0.4352982387449448,0.4195071047091178,0.3793835360562207,0.44640708173322113,0.3897416179426289,0.46289646816622304,0.5314703276676259,1.0,0.45561638139598815,0.4583985280172242,0.42776529074028036,0.5325684843594889,0.43982645391167263,0.3315441852952707,0.4092855967345831,0.39190509147601915,0.41117821953876066,0.3892144009186615,0.43411757108555027,0.3902925946491847,0.403827716300163,0.2839606402486157,0.4569582044300287,0.49732388183731485,0.40563025899797334,0.5195630427412739,0.4387921606769517,0.4469332413879275,0.40080257521097157,0.4294215088649579,0.4128225316999207,0.3561571714664453,0.4388359856277351,0.35852699060226473,0.3404381553484886,0.43143178215460776,0.443018205901963,0.382065647208688,0.48299867190334866,0.3681428071823368,0.49475260472852434,0.35892589163491545,0.42667950430835855,0.5240815390604652,0.3691262945101799,0.43898612383709124,0.4499746448902378,0.41813560773748926,0.41890178144369783,0.40090847747698216,0.4713720443312045,0.3238314931690242,0.4554853984084577,0.4536911554918242,0.43500490258698243,0.3055722387479292,0.4108999617049964,0.37425770128157493,0.44565051816768375,0.43394542393869034,0.39689556421707034,0.3890958555513718,0.318628351662827
arc_pair_271027,0.42124233916320075,0.6756961678163703,0.45660128056235894,0.5775461680724666,0.6331159409150684,0.44359630142019296,0.6844593510842614,0.5703776929119955,0.5181676564238921,0.4586134892830998,0.45200834793945377,0.576628978046835,0.4386992211731595,0.507767939557341,0.5689045942762324,0.6152341084824556,0.5827499706325353,0.5938822575704228,0.48755838411250146,0.5963673019166057,0.5640419661222731,0.6375937828586338,0.5107613831963916,0.5584831007773501,0.6198733342601166,0.5964308679635889,0.711788131643293,0.5836196524339304,0.5198897290425375,0.6178336676885287,0.5598359084359098,0.6398486680672008,0.36969825609181534,0.6647808779174074,0.6867549010419052,0.6622441969927448,0.6390163364240337,0.5661034111278781,0.6641008870776579,0.5386154680941071,0.6743161818199302,0.5079651767851561,0.5388948675194296,0.4981744249172614,0.5438948781931899,0.5547937219287714,0.5772053652970456,0.5783107272286386,0.5972990801914894,0.5167914639669217,0.5684899279560638,0.7191479477025119,0.6216549752826657,0.6415972374334543,0.42956414751886657,0.5963586228207027,0.5650108879295289,0.660000045898546,0.6616132265992836,0.6835556300112257,0.6011020543402028,0.6146513064132259,0.5368651689537189,0.43278709319860154,0.748641132100467,0.5571587567956504,0.6139299799774733,0.45057106895564497,0.6402494944036144,0.4942296569327332,0.7539880336075958,0.6255649101529125,0.24724874553034218,0.5286496974409576,0.5012854812433576,0.5735691579405232,0.6386975254344412,0.6008464978720065,0.702146041760843,0.5561527567611776,0.6161502564603089,0.46208662199647255,0.6000454710093974,0.5894290791116351,0.5812696416267041,0.48035201198162925,0.5983656592790358,0.6078227549665057,0.6723914650697826,0.6323927135939327,0.6342537921581475,0.6353586056404545,0.46900412957130316,0.3816278042064865,0.5104715138004773,0.5948941914986984,0.628967035093738,0.45561638139598815,1.0,0.6741272117365538,0.630198244760384,0.6280450412771114,0.5749276189301601,0.46295901610269874,0.5766829553596895,0.4953634671612323,0.3432691716229258,0.5551662940007596,0.6983461957053377,0.6811926161095051,0.5525673531238681,0.43069773358182134,0.6112347339270342,0.6570804497103508,0.6133432504831792,0.5646919106735605,0.5635337898923175,0.5531793564124159,0.6926702369702418,0.6309469390913027,0.6304322459122907,0.5578048964497413,0.457478574860173,0.4519424918356172,0.5038489380920758,0.665392111839713,0.5597888367994491,0.519122865851601,0.6562554603618834,0.4839764485631426,0.5715765387572844,0.5472018593735399,0.5968078132535956,0.6682219402517824,0.5002866186103139,0.6762389956817138,0.5836490904812357,0.6122130188686938,0.5523831190794857,0.5186889238612022,0.4683683399633494,0.34455387975726987,0.533437920095615,0.6987547764294293,0.6511261252862399,0.3890142665073639,0.6292565391711171,0.622952829141156,0.5227551596661529,0.631228284077026,0.6271999401915207,0.5259314857163029,0.5150276216454182
arc_pair_493828,0.45192316208222155,0.7103496053241884,0.48301394186538915,0.7010909033866658,0.8156746618210109,0.4620882128897564,0.6925842070526377,0.6661732662859334,0.5155848481173979,0.4795202082230236,0.41825060491802957,0.7483882629795773,0.4300768510146422,0.5330881139697669,0.6903656986432642,0.7648008362317069,0.692163653202911,0.6189452146613496,0.49873510753033595,0.5857262359786627,0.6237763120700834,0.7527345515931979,0.4984368162248119,0.694550291477527,0.6551485470853758,0.6590193071695588,0.7934650229612163,0.6764366190612123,0.5643801437949324,0.7626213452455457,0.6938895368943525,0.7137550965300549,0.412649490235446,0.7510162927144619,0.777143465556112,0.782146090317806,0.661140929659365,0.5635493229068368,0.7752745724873688,0.6719894888162239,0.7689868750859238,0.6657790859681506,0.6655712493597209,0.549784425342196,0.7141867457449806,0.6139417431260779,0.6520416993341941,0.8173087775208172,0.68172703400279,0.5593848430188346,0.6329253868620599,0.7763780992119275,0.6393196735049773,0.7525770998918453,0.5181840357181687,0.6810398059470755,0.6655683782163618,0.6598887367521046,0.8284831778922943,0.8428528010769781,0.7111341827263887,0.769071195972805,0.646274547119467,0.4114771941243655,0.7939366933924611,0.6985148910770268,0.8085051316513273,0.5604819658703739,0.6573557901657793,0.4776200409511707,0.7703082389724292,0.8232642814871012,0.23032429674750057,0.6882788804332425,0.5081652096908942,0.6153973667023604,0.7058938510237773,0.763411979756212,0.8153071941935728,0.7018234233377555,0.5878476979641228,0.5586114422880634,0.6598494857069608,0.8194145866163635,0.693021509935442,0.4775126306133315,0.700354130710656,0.6699028861796937,0.7247074596253608,0.7204153345417176,0.7606684626916299,0.7262407026870272,0.6426363963511458,0.38626820324571787,0.595622945944908,0.624044351751902,0.6937182921348616,0.4583985280172242,0.6741272117365538,1.0,0.6972019597123653,0.6498424505492598,0.7671298015256465,0.528689666846372,0.6600412007219124,0.6313583855134847,0.36842228053233983,0.6660875994301794,0.7226771553987652,0.639290190020349,0.6613821568053216,0.4911842234913916,0.6306105198496782,0.7310902646931297,0.7862961716252644,0.5830989636762313,0.5976942902889157,0.5766946182837841,0.7455369624749626,0.758639070474507,0.7936592699655372,0.5654296301812136,0.4720420793128257,0.5035021007009495,0.6323117510311395,0.6753548336341212,0.5787382212491858,0.6275876283634939,0.6291072069441661,0.5203288419057633,0.5843687396786683,0.672505250897353,0.6317223892612773,0.7057685848878624,0.5987966030739318,0.7998881714756404,0.5612491934791598,0.6971657390784637,0.5414308145742064,0.5778690260058935,0.4391089483915744,0.361832367993683,0.5019594074594353,0.7131635275505522,0.7992191311639539,0.40270017559274596,0.7116234817048264,0.669531912022021,0.5842584213771109,0.8062784144618648,0.7447296738480685,0.6987842314043252,0.6441389564833594
arc_pair_336359,0.4893243442225972,0.6445690987347434,0.47692308222501695,0.6445327608750838,0.6959148041401171,0.4568932928472134,0.6521544760484188,0.6177275213559966,0.5000590914965126,0.45845714361384626,0.40470578303359317,0.5903791358576271,0.40449774344476885,0.5246506390776773,0.5971039434803166,0.7445191392391355,0.6573201061391333,0.5554411456679809,0.5416613829289951,0.5447735324759501,0.608438091228024,0.6922489886349413,0.4636546970851297,0.6854261301191485,0.601538729425363,0.6560128972614798,0.6880309330651027,0.6322587899271099,0.47859287317810467,0.6866948194678663,0.5923813220993001,0.7337992794392614,0.37297565373619584,0.6893827677109773,0.7095409296051332,0.7199629638361928,0.5841756600019458,0.5756432784289176,0.7110953371647055,0.5396411284773991,0.7225706972022556,0.5852607461336916,0.6023144633547387,0.5933920442364365,0.6445538088876447,0.5169973398950307,0.5978528224520955,0.5829550751942544,0.6081710701651702,0.6137371054646825,0.6545884113274345,0.7136125448570141,0.6208135369291552,0.689517607222278,0.48718533942671804,0.6759084644393476,0.5566473633372496,0.6841912803063348,0.719025371110543,0.6821879355305025,0.5905551934135799,0.668473647449693,0.5273108262027919,0.36535203175472913,0.6933774564556358,0.6942455369076634,0.739280860231173,0.4759670025488016,0.6154807589679496,0.5006490704891691,0.7242439674223239,0.6854638394334452,0.2104955600006303,0.5521070115569366,0.4231024516054144,0.5673500352397937,0.6471307306745578,0.6574973651650705,0.7167017535547965,0.6852141118310136,0.6202122711743174,0.5110109371888384,0.6271682834989551,0.6633679742535736,0.6308006668332198,0.45054381106231434,0.6501966223466134,0.6614811902648609,0.668246403581988,0.6882524003730587,0.730058782822026,0.6493770300941539,0.5404325053273941,0.34765542759792506,0.5277155532815354,0.572622594256652,0.6091308737529927,0.42776529074028036,0.630198244760384,0.6972019597123653,1.0,0.5665500985602712,0.6469993656210448,0.47128820580785136,0.6490531998550337,0.6128436226401722,0.36410259230958086,0.6100552150117584,0.71866979256645,0.6206162132668891,0.624503794884812,0.48870824952389225,0.60788735527217,0.7249043351463091,0.7054853466520518,0.5426706518919103,0.6484819255836829,0.6004985972948099,0.7036124675820915,0.6457889377660004,0.71635332397034,0.5378711287529612,0.4398496006873228,0.47896108252027125,0.5629108001134437,0.6907449332102107,0.5592995475641084,0.5482150009606372,0.5562771339044374,0.47290623722381164,0.533077341385665,0.6502028600373309,0.5807444461891135,0.6764036250989951,0.4833464122014171,0.7393754109463155,0.5326255000891276,0.625376660333924,0.5287173211347352,0.5570729391531023,0.3795152684753684,0.33742139931828274,0.5229122778412029,0.686941498973158,0.7080938605044702,0.3471580253807506,0.6380859767065208,0.5946495077117979,0.5206773792027359,0.6387362272253176,0.6912367616083253,0.5220930857651411,0.5609910292364085
arc_pair_621082,0.4021084755620408,0.592943348434637,0.6569253032147213,0.5729194092427329,0.5662196786097642,0.503273868466038,0.6449401343055694,0.6142633588567736,0.6317448053118586,0.6403695281638945,0.5438616611854314,0.49576618693069496,0.560874862102845,0.4782793289716727,0.4972257840400749,0.5403019382080289,0.5455518633572932,0.652975967030202,0.6421762819621355,0.7660203543944011,0.6675444705041982,0.5847176128949274,0.7599492639668426,0.4987495924151131,0.6074254689899143,0.7530871570341859,0.6229440533046651,0.5819509136503018,0.5806391734807612,0.5781076104384097,0.5222695776809225,0.6628777776775204,0.4061428305264595,0.5801846346863494,0.6191600223500842,0.600176283133936,0.6129226384363782,0.5885587901040932,0.6399000417798124,0.5159158663168188,0.5392341540368689,0.47658426646433083,0.5381050606522432,0.4904019094740259,0.5506465116158785,0.6520090105474814,0.5595667790700928,0.538691326751672,0.6712538803444631,0.4559464481142017,0.5630692863301718,0.7296585681957317,0.5936453874170233,0.5528827414494352,0.443880561575391,0.509885192091639,0.498847105629879,0.6770280560131776,0.6701773456504061,0.5682802732535327,0.7328572503336168,0.5792912651128173,0.5466294734883367,0.5206476691537428,0.7211990192722213,0.5376699538356128,0.5909914964120874,0.5279208332207354,0.7490008966122789,0.6490090760116841,0.7396337763746259,0.5712466894072331,0.432664216516378,0.5353219533447257,0.5857107898798192,0.5509366138626475,0.5961465454075825,0.5228989872419793,0.7093201860962347,0.5160829514942581,0.661657053776117,0.5433770685358156,0.5677337831458248,0.5454940881278515,0.5125857922433453,0.6484774283085599,0.5062987093520949,0.6335462621689871,0.7447873872763097,0.5701540842154943,0.5813615234904268,0.6240149063140485,0.5581992950761002,0.4604894122912197,0.558845073940182,0.6136628475299122,0.7421635069069759,0.5325684843594889,0.6280450412771114,0.6498424505492598,0.5665500985602712,1.0,0.6503661091772304,0.5180916138010345,0.5265579357353959,0.5266795651351542,0.505923072894711,0.5698032750753528,0.6323672813370533,0.5462831148812463,0.6284734187079353,0.47681712659561337,0.5670009538575101,0.729547403911514,0.5537828485715975,0.6581220541962306,0.5636584658108068,0.6620341139543786,0.6457126555664744,0.6036327984893587,0.5232105018862497,0.5016810484556647,0.6792808113002337,0.586695814571303,0.5065499489404457,0.6147066172247085,0.6698522574087149,0.5378773089570894,0.6346199726902301,0.5947197359185191,0.6938543158891101,0.48845270795935813,0.7627470169678202,0.8249878931604726,0.4878504035892606,0.5752602449185076,0.6751801858123199,0.5859043826074318,0.6861963812181507,0.6733501559693463,0.6141078772492803,0.540940761938989,0.6433149503347595,0.6604138096140741,0.6451857173789686,0.45995515711772833,0.5846074858573955,0.5587986512780636,0.6997563273461215,0.561461737660844,0.5787686737497727,0.4943984049417808,0.48142849769991086
arc_pair_731860,0.40066662132556535,0.6242366024601709,0.5301460377906935,0.6003093938213926,0.7220113068921785,0.45248060525761524,0.6382823184797503,0.6546905525453868,0.5295053057751191,0.5124966825282106,0.41187919667320566,0.5811819793192434,0.46926055993190063,0.4388379239081134,0.6115375463178051,0.6630245267874317,0.6012404143189211,0.6709516162664245,0.5479063058951481,0.6186260876299621,0.6371244841001391,0.6719947091026348,0.5841226834776537,0.635516487795783,0.6239076311195431,0.6728067940755408,0.643272988255751,0.579173674654846,0.5700485765016031,0.6979752021369543,0.5406475833653489,0.6881966819523289,0.3518543191017337,0.6898983726915329,0.654596837341675,0.751519980824667,0.6056339623282001,0.612333723637332,0.6873075764165049,0.5612213198360595,0.6669084716577134,0.5774028555196891,0.6250734255545304,0.49975835895074744,0.6102066960035814,0.5793092905232099,0.6534502058601123,0.6575783256683536,0.7194963099665842,0.4614280958115006,0.5880690773249315,0.7163469783107966,0.6446089677394605,0.612172992249337,0.4329435019980021,0.6109064882745223,0.5768197524922019,0.6910665927267509,0.7842659804434418,0.6916937608372071,0.6826719904583302,0.6781679936763764,0.625086427126848,0.4246791093023864,0.6918582009817527,0.7028723151457248,0.6733682130393491,0.5213447295088738,0.6693876295531791,0.5069499513967832,0.7415244456300082,0.6860288717043851,0.28421345128550674,0.5906397043965793,0.5043298279233218,0.5674457811022701,0.655355891911726,0.6460841052169485,0.7092403441765425,0.6410358601357545,0.6108710991139918,0.5393665882856805,0.5656542698961086,0.7401053082191988,0.630206632451792,0.5334011808611087,0.5456812991396999,0.6589628829256476,0.7011279344179606,0.68584448206486,0.6866223386374952,0.6880224268369174,0.5842656095173395,0.38285301436738256,0.5650262016333983,0.5767555055172519,0.6425356361661869,0.43982645391167263,0.5749276189301601,0.7671298015256465,0.6469993656210448,0.6503661091772304,1.0,0.48885676901034947,0.65584268674356,0.5602000394286636,0.3997120631138771,0.6156817355009837,0.6370988072339241,0.5453006734712458,0.6120392271878642,0.47297307838129454,0.5554660477254165,0.7280184713040246,0.6818837414959368,0.5586034881553689,0.5874239100938015,0.5620546722083939,0.7058205476489038,0.6417593074884125,0.7001992753752362,0.5343442632045188,0.5221244100107368,0.5529134319152329,0.5345629096718114,0.6456627902074754,0.5937143527693438,0.5379529136315112,0.5715613786118972,0.5472531053752333,0.5884948469355805,0.6147657839484905,0.6726943354659471,0.7266894465964878,0.5036224029442448,0.6884244249828049,0.5663747216995964,0.6373675162788234,0.5802148507068741,0.6425458262027411,0.45077392351229306,0.4055984179907756,0.5539201732890668,0.6716955121557435,0.6957307364078765,0.4194356260609245,0.6051243471531284,0.628444814981372,0.6204812833480383,0.6515314731773075,0.6774610918249322,0.5489325641908346,0.5655003923259719
arc_pair_323321,0.3202140180463172,0.47750710980570404,0.44704836668624454,0.46648592403269085,0.4447179579397846,0.44424608760891693,0.4841485488858788,0.46259206685488513,0.387336623373853,0.41033351311858074,0.30263459625696915,0.4303262156454072,0.3597746172267664,0.40582084191868656,0.3572254776038439,0.44850759980083504,0.40153561289309847,0.44212886032411114,0.4277877990022711,0.4881961321845989,0.4522673402179246,0.4479001923468771,0.459640653050725,0.43190453318829164,0.3960367307796075,0.4809676073780016,0.4799065054592921,0.4438999664120098,0.37551118595110416,0.4925761688537383,0.3963967406933683,0.44649009551242747,0.35063120445939666,0.47581958914337646,0.4883995851397068,0.4708989934736988,0.44514461189346133,0.3947797428710784,0.48975871184683506,0.35839191500122813,0.5262320633021315,0.38152745878353994,0.4662208026396149,0.4069290210236517,0.42574475613091006,0.4951110707744012,0.47288251532960623,0.42482066508528266,0.48042410318606016,0.350813823036181,0.41965838759954477,0.5293187283236364,0.48397650366950645,0.48723485185351095,0.29115952811610984,0.44667024038314457,0.35255345377335434,0.5118100609982007,0.5263327793847885,0.5353064307670585,0.5319721854108055,0.49526194551068925,0.37357881601155085,0.3094367427876792,0.4915035445676788,0.4674410256966856,0.46875370129668087,0.34910894188584085,0.5244025325018054,0.41862841374489795,0.5491624195997962,0.5124543001534396,0.23608600505851574,0.4069789942312112,0.3865230269015327,0.47465998556219025,0.4806065964189108,0.41450571116856066,0.5588682632155737,0.45108162758302045,0.43264891638833813,0.39187744257761814,0.34354249623684713,0.39271226144903687,0.4522066210537395,0.38237711609871317,0.4114612250221776,0.5042339154651941,0.5214582844616845,0.5092699719173185,0.45490241858203007,0.43835347087469767,0.41701784911057677,0.3280345237162075,0.34560389111599465,0.43801748526533374,0.4847758044055648,0.3315441852952707,0.46295901610269874,0.528689666846372,0.47128820580785136,0.5180916138010345,0.48885676901034947,1.0,0.40289681130850796,0.3805650625523771,0.3409246122265799,0.4118087360573866,0.426426465367699,0.40150447133151906,0.46788030105746564,0.318243324274101,0.42803092960098,0.4991028041041164,0.4699091588711068,0.3821450308242905,0.4327749939766073,0.4678240896879736,0.4729561022775919,0.4363929838730008,0.4224722361998914,0.4040987534416098,0.38597659270153356,0.41895701347871445,0.4200242635014093,0.4925671713261418,0.43515532588456485,0.3527470339706228,0.4083315779403462,0.4337794168781979,0.4804288133761948,0.41036097819516415,0.5156415289960876,0.5402417596367226,0.3015809251505751,0.5016657792359132,0.4301735427171379,0.3990501118505825,0.46161989976975004,0.43843760420059197,0.3689953104501288,0.2946035635487046,0.40187258945916676,0.4523719750619854,0.4865050155493214,0.3040857080339648,0.4954589334476035,0.3590552678350329,0.45731148696811896,0.4867030201001833,0.5150910233948695,0.3667782121510919,0.38258591091884114
arc_pair_462000,0.45485626221571773,0.5827089286376527,0.4119321171775395,0.5932597949755574,0.7333828686760637,0.43266714662427364,0.5847840795141069,0.5559732891980244,0.43838568484854706,0.41023320271473657,0.38546622507336886,0.6183955568479577,0.3762446458673526,0.45440560077355685,0.5999443790346481,0.6424692472620407,0.6260321833948697,0.5640750206200742,0.4402627516388984,0.4818740889801521,0.5706910234657326,0.6931361343828661,0.4358901876763862,0.6068033818050017,0.544175934767377,0.5450866722345211,0.641757300587571,0.5846796881894862,0.5314051052665577,0.6344548826821884,0.541572280241413,0.6007120633343818,0.34933698881995406,0.6587892598465427,0.719592778847783,0.6026790039769832,0.5253636351591293,0.5245517796599839,0.6113431599348633,0.6300627195163014,0.5924414359640813,0.6039686910056111,0.5157165566760344,0.5453143557836311,0.6524527677113245,0.4547367565105991,0.46967332058895456,0.5766689316709211,0.5606057010798972,0.5620690629401968,0.6561379458122292,0.7044400782275079,0.5021155735414402,0.6406948405298031,0.5184956123539062,0.6133599178992728,0.6309316675868009,0.5550389799206853,0.6859702727070045,0.6173399075706347,0.5571900982069485,0.6307972003014826,0.5911776585657091,0.3426420426918121,0.6508476608832068,0.5556717827234077,0.6843598885792137,0.4249212236055368,0.5984406447791606,0.43446823141078744,0.6534416830283879,0.6395630598492917,0.18135685536185978,0.5196474019185391,0.3805333857211573,0.4965108128314281,0.5944761162582638,0.5589477918348085,0.63112473932845,0.5943754781099163,0.5098344138385504,0.4558582170470933,0.5670433907993069,0.6580787445190963,0.5679611811236219,0.42536694636316325,0.6002596590809376,0.5728902262061613,0.5975569024083972,0.6825920882900269,0.6899879820225879,0.6310933688772365,0.5127918640869672,0.36657300439540025,0.47418267870438846,0.500335171830803,0.5790083299717538,0.4092855967345831,0.5766829553596895,0.6600412007219124,0.6490531998550337,0.5265579357353959,0.65584268674356,0.40289681130850796,1.0,0.5933374968832328,0.3614043293915058,0.6417409096083209,0.6004739521905096,0.5416135250346539,0.5879420969315133,0.45519512733613143,0.6149274332188048,0.6277965018043349,0.6841761245271617,0.514449541116521,0.6179625068813587,0.6070353519415032,0.6202587859826681,0.6213191200204328,0.675433955970335,0.4627818871700705,0.39993331907997964,0.44003712447412086,0.506097056834829,0.5806683910067151,0.4881975229070549,0.5913467180870442,0.5355170427731428,0.4485274262679554,0.4915313302868978,0.5358432221958876,0.47487851687012195,0.6097820594866242,0.5045550379430884,0.767636494473525,0.4836045432593147,0.6811041244801326,0.4362411344949353,0.4740157171539257,0.367953055422693,0.2841119663066944,0.49083366254119304,0.6489013881455772,0.5891969672489596,0.3372035367632123,0.5966390157342816,0.6190279206281846,0.5141874118535714,0.6071133367375864,0.6086880264760135,0.5987855233157445,0.49322704906412235
arc_pair_43532,0.4274950666815905,0.5504871939689863,0.38416423785978615,0.5404852897977324,0.5879857368465883,0.37912946101839545,0.5894842852897936,0.5503245891758238,0.43114695259353875,0.4093657519125946,0.36779495074252816,0.5543923861051894,0.33845660926586935,0.4178571417938918,0.4874427812551525,0.6450523967522033,0.569143250225675,0.5024576933065521,0.42480480814119,0.45674663216099215,0.5217052976875505,0.611103118890613,0.4135999572340783,0.5903357738669296,0.5997025132789038,0.5441677265161031,0.5778618088934488,0.5093371534347709,0.3788941793628922,0.6074027770223652,0.5484095565454662,0.589409579525718,0.38530485432298994,0.5864379814238947,0.6752175533103116,0.5514080921311166,0.5047312089126058,0.4409612873844867,0.5830759993941683,0.5281620559377702,0.5463693365171556,0.5534806866406056,0.4765734579964062,0.56230385538681,0.6073661699221152,0.4207363545938996,0.46139570718203543,0.5464090629588291,0.5274207412418388,0.5113296007485658,0.5310294469087334,0.6499021770102251,0.4277258319233189,0.5896176655939165,0.4737039648508283,0.54278288650268,0.512293928088095,0.5111343261746396,0.6178969580303988,0.5987475326551763,0.5261011023298023,0.5945285033199038,0.45864177137404594,0.328084062239691,0.5491987000963626,0.5195486774194721,0.6530153846187934,0.4400183372794889,0.5445946102826366,0.4374331677424695,0.5924953607676859,0.597676873267044,0.1723534479466287,0.4815223285458106,0.3500739246422692,0.43596568810856723,0.5881729021404539,0.5361296332087676,0.6366815216756808,0.5265008704948467,0.45160570148217816,0.4965877189928451,0.47250486339100223,0.5603119535443994,0.5186107087366963,0.4765177961773718,0.5838296818118828,0.5090679998014456,0.5370765977328931,0.5621768553319366,0.6328173927540331,0.5279396187365019,0.45073000569734833,0.31715908944817794,0.4954061067339388,0.42439921686895843,0.5390525033310684,0.39190509147601915,0.4953634671612323,0.6313583855134847,0.6128436226401722,0.5266795651351542,0.5602000394286636,0.3805650625523771,0.5933374968832328,1.0,0.31382289805299063,0.5241799041497633,0.5145415365828861,0.5188797883783596,0.5646332479483271,0.40947040558600645,0.5639670066627007,0.6286913832417229,0.6849196904813142,0.48992855508099,0.5558781480707297,0.5878520782437142,0.5242016697331848,0.5306922026562175,0.6392228120422755,0.4070110430744937,0.38665942194724595,0.43196915841453365,0.5250450688772412,0.5294179386711593,0.43762232553421904,0.5258321755659213,0.5218391513517624,0.3987029887865884,0.442877657024949,0.5026971710031141,0.4353882420715672,0.548671677681107,0.46241981999866055,0.6492694039998373,0.4723573254385221,0.5846275288757325,0.4061648522478595,0.4291584684218272,0.32811795100494445,0.2893711031664906,0.40817779415877753,0.589527372804577,0.6245148769949108,0.3073254627639028,0.5719514511864299,0.49405645559459727,0.47221572382510635,0.5669539037158506,0.5250043478233999,0.5064204251634514,0.44180440223641
arc_pair_131562,0.28624376415044134,0.3381236362971074,0.4322006704089007,0.3967920589804204,0.3526610229028422,0.30536487287004793,0.36738932570770355,0.34386112699351035,0.40750381338990865,0.4064818646936391,0.3423161849005977,0.26380760637824335,0.4157623805042772,0.29103719963177893,0.24641777092913322,0.3168762399752813,0.3895758215755772,0.3988177398560958,0.3910741480863116,0.5347659131098247,0.43544582977109464,0.3394558803401187,0.529759837158941,0.327844572255251,0.30522564980280453,0.49200951157174133,0.3924295842733484,0.37798700277884295,0.3737528262535371,0.32513123000670935,0.2867814965158609,0.3424971409641482,0.2588664997928789,0.32393598367794335,0.3631360469220193,0.38781222421918,0.3444474713924525,0.3236433551093838,0.39747711720517054,0.25232230441671655,0.34116205955765155,0.28786554017391824,0.2893199520332715,0.32190147647263856,0.32362737220916693,0.37894891616844084,0.3354456887346172,0.2688284258526132,0.4078652365293756,0.29070486744105023,0.3763033930733375,0.42908757299293165,0.36225923625375095,0.3417511840237126,0.2772841516077463,0.33993259025705946,0.2696482254131589,0.39163311543637247,0.3970396623429509,0.3458428372896633,0.44749118022742423,0.33746445152279647,0.31338813542665167,0.3201184217336912,0.4232075248376573,0.33880267715145956,0.3689959552216772,0.28362780765354856,0.5082000019414086,0.43357570026814074,0.4297361888887147,0.34933571103283095,0.31733941844726377,0.32291806652691357,0.33851245061652935,0.32768972249309974,0.3643854518088119,0.28032840607053294,0.4148956861432259,0.26713371683221837,0.38995300806265853,0.3285844856742392,0.3277975065959535,0.30497086297983533,0.29141060323539614,0.4429387303407039,0.3007625672885894,0.40537193562231466,0.4479409350088324,0.3453037897783924,0.36343460052210075,0.35551722763116594,0.39298369618335155,0.28762013177934426,0.304933404661497,0.41048031512885036,0.4690991344276967,0.41117821953876066,0.3432691716229258,0.36842228053233983,0.36410259230958086,0.505923072894711,0.3997120631138771,0.3409246122265799,0.3614043293915058,0.31382289805299063,1.0,0.31981943317054534,0.3941961219289495,0.312124776225919,0.3856495499998212,0.25385692330235377,0.3609903682016056,0.43119395226373486,0.3358269303773835,0.41044519562490545,0.37577697262204207,0.39871042119481,0.3234762768755036,0.31407915858256175,0.33206633459838647,0.2822805609109331,0.41881527646852273,0.41783246311851463,0.31654483556173124,0.35240123940910656,0.416257078550446,0.31253406264700445,0.4316133626964938,0.4663095793377674,0.47134120154885517,0.31306698088333634,0.4305105815956152,0.5103627702735839,0.2736484890250311,0.36498896652953616,0.4299434602617514,0.31477233488278483,0.39265988361583226,0.3904958613651709,0.4274003835395112,0.3377775302862486,0.38317059519378,0.3881461092299713,0.35255218792581705,0.31184344498677585,0.33250414109135806,0.28098407390211105,0.44011673895169784,0.34575875176274323,0.3642752104053218,0.2533245477631327,0.2385520598961186
arc_pair_119264,0.4060698103212593,0.5450136013126322,0.41416172948210506,0.5420497949213442,0.6628168245259011,0.40682716004029434,0.572872956347658,0.5488925803590962,0.43774498755793756,0.41187651664183034,0.3898897827842253,0.561668628324096,0.3491913867980688,0.4408195201194469,0.5880881155695397,0.6033162474869578,0.561305450373064,0.5850654604803587,0.45080959143689875,0.4716888483190761,0.5314059371612763,0.6770672525911666,0.4332629488431969,0.5297278903942128,0.5218329274734232,0.5174826271770371,0.6037348710176326,0.5798060798912129,0.5152884985195093,0.6093138857342987,0.5528060556573304,0.6712133170234019,0.31603687880549824,0.5931326618808778,0.7340767226786057,0.546946710034056,0.5205318867271509,0.5893489518514267,0.604925840971082,0.6145478329376879,0.5562527441381976,0.5378228848267848,0.5406076403185299,0.4941494463011902,0.6044769343682261,0.436471319744832,0.5148015517912247,0.5915356496543691,0.54009660278386,0.49281346012324573,0.5632806329823808,0.6975539117279755,0.5397065547889743,0.6189100818400237,0.5495189745780162,0.5600533613457245,0.5289491634701027,0.5804307441626098,0.6503924429922715,0.565932782400517,0.5780985386952292,0.648650118965273,0.5605078846966963,0.36488307584792734,0.6573061938390786,0.48891830782169193,0.6534520945758986,0.40303752461655573,0.566360624874832,0.42168567047970207,0.635265612168207,0.6591746073819401,0.1904930397027419,0.502387095286695,0.3922162836504305,0.4709479459176223,0.5740761385579491,0.5425123221704419,0.6570490487823754,0.6110956724430465,0.5092781860800181,0.4555934875513955,0.5667445581381132,0.6068035846473729,0.5126978305990842,0.39355329053725485,0.5563506669777311,0.5291516004313017,0.6271736294028009,0.6455763990377542,0.6298851378600167,0.6407772980189795,0.5324395125191118,0.3134167829969973,0.46405585148556844,0.502817626093195,0.5596833530044861,0.3892144009186615,0.5551662940007596,0.6660875994301794,0.6100552150117584,0.5698032750753528,0.6156817355009837,0.4118087360573866,0.6417409096083209,0.5241799041497633,0.31981943317054534,1.0,0.5974874592692657,0.5590252998365065,0.5273120156332451,0.4551598772727876,0.5558686706419885,0.6107082306990739,0.7157504630495364,0.5156162260711558,0.5087884294679919,0.5697282684385363,0.6550550992153389,0.6497100004835179,0.6019573803198407,0.45296730059811263,0.41029873945827167,0.44596528899146953,0.5141134182987988,0.6252174697342463,0.46234435166358284,0.5502989466212377,0.5534354903991956,0.4408282541029882,0.501851251578548,0.4729288378028396,0.5599647906447046,0.6017414145358835,0.641807160966679,0.7512412527851856,0.4924058503884073,0.6640167329888634,0.4597390781319976,0.5759324033525753,0.377247243658447,0.34783066833564014,0.48820525786066266,0.6146122494656334,0.6829344745606734,0.34058204191297087,0.5567959995056215,0.5922800774174309,0.5413441563528906,0.621610086376113,0.5521342052210848,0.6342922419528424,0.5182721654232147
arc_pair_625567,0.4078423410151512,0.6271496075157064,0.4781435917391601,0.6180531245348587,0.7401152647517122,0.4097691496467924,0.5940441642610037,0.6104925086663509,0.47213435779549623,0.4394083854744926,0.4603615048825005,0.5851519028721771,0.4539698684777533,0.4829804256464169,0.6776884579710537,0.6980718783877677,0.6341661669332673,0.6305430675967758,0.5148593289674377,0.5949059990440303,0.6042061137767804,0.6756027889956316,0.5151592463802552,0.6011322387324848,0.6231395238125357,0.6680686881313297,0.7653126610852727,0.6591683869194837,0.5703090374200145,0.6223951333745733,0.576801879768388,0.7170928300313486,0.3708844335871499,0.7065683434959161,0.6766310955656467,0.7792844683815507,0.5737969916549231,0.5694329585764853,0.6733564581436419,0.5705868908811605,0.6645394405234837,0.5807432144626609,0.5831389234350574,0.4933038923392539,0.5987494174522966,0.5544342449270713,0.6320918064520427,0.6480260145387022,0.6289655299835306,0.5265041811526792,0.6472753484732013,0.7202497329986535,0.5875649352430419,0.6215511674160635,0.4500825846242844,0.6436549602149907,0.5934015502836987,0.641037933100583,0.6879554251867712,0.6633926488729344,0.6447191649235448,0.6668880119866831,0.6311288836703689,0.4234581921845769,0.8104546478972259,0.597389898369669,0.6905943606606816,0.48570761042147653,0.6436184942588166,0.4912322329668308,0.723892623454807,0.6400690702029828,0.23327406593118896,0.5818530323958829,0.4667779565332314,0.5396132469533842,0.6597561926751052,0.6515418595088697,0.7209053976710292,0.6072294194333214,0.6256982144614519,0.4609454052582302,0.6962614611109259,0.7340719965478532,0.6121217148754474,0.4954929608775854,0.641105998726755,0.6145702789269383,0.6993155417785174,0.6271140961553298,0.6531159918761468,0.7038855518289645,0.593666232750335,0.32975066799019026,0.5677045820155127,0.5795118836786174,0.6783924879623076,0.43411757108555027,0.6983461957053377,0.7226771553987652,0.71866979256645,0.6323672813370533,0.6370988072339241,0.426426465367699,0.6004739521905096,0.5145415365828861,0.3941961219289495,0.5974874592692657,1.0,0.5897364138415382,0.5832524733032093,0.4902020359788312,0.6068254652079599,0.7295921658587421,0.6592339753640039,0.6090638615749018,0.5802595914457737,0.5353600983541016,0.7402978777196417,0.7105535942929748,0.6873523444479535,0.5000686371203226,0.4854219723284534,0.4996863369488041,0.5662138093197558,0.6957071208863221,0.5752245124402272,0.531986089552138,0.5817911919719037,0.5194450024209343,0.5903063714720675,0.5831134107546742,0.6315961422290657,0.7069379960249026,0.4974355271603863,0.70320179230956,0.5709134144122272,0.6076215366304134,0.5730987382452276,0.528090720372494,0.4374871042323878,0.3612776752158339,0.49120578610385407,0.7003300384559956,0.6909346464622788,0.3700718811166158,0.6197027497405138,0.6713062677814977,0.5821337166967785,0.6649318828037715,0.6429301937070255,0.5393508575214369,0.5669715017242469
arc_pair_16513,0.4377395030880011,0.6554643333405886,0.42405184694559567,0.5075348830825563,0.5741903788093463,0.3849236098609693,0.6815606449429364,0.5629997103414613,0.4644129634825801,0.4095158485721988,0.39620416972414974,0.5528368561397485,0.35466321313315613,0.4709335335725612,0.574901047724246,0.5984171615787508,0.5688164196207507,0.5566542314167372,0.43704863342986794,0.4891711998347554,0.5238088659607643,0.6754114022894462,0.4458209056111104,0.561407264843851,0.5746316959045576,0.5550790652801235,0.5920137126301852,0.5090811547953106,0.4787778675301385,0.6474191670419379,0.5120817109005973,0.6545776278639793,0.36756005465902153,0.69980047018085,0.624301449789676,0.5873707311280928,0.5522967493236223,0.5674329626759652,0.5992918446955248,0.5860209170422596,0.6273789561105977,0.5076063933454217,0.5175926881001429,0.515972540813751,0.5508557825957859,0.5068144188984879,0.5339905450563838,0.5565176888982319,0.5477278384547244,0.5712869025004739,0.5013191009283894,0.7411291351557256,0.6196136217230855,0.7032713169425707,0.4391725027091251,0.5711334663304997,0.5687068038427752,0.6202334405918443,0.6008108254453117,0.6663557057501118,0.5282626721170202,0.5937084414947144,0.5341698111005135,0.38154758383996507,0.659914727630938,0.5107487342298008,0.5541845134532817,0.4348491410846578,0.5543735078433452,0.45342997953333186,0.6931540076261661,0.6463578584620284,0.18419758478267687,0.5310418418224093,0.45073390408158426,0.4805089353619275,0.5963526727517738,0.6097729455373092,0.6461073246967167,0.5789718348151333,0.5617857106766017,0.47388398207530796,0.5975388900215622,0.561795939286591,0.5737220551816459,0.4301673439505943,0.5793400770351596,0.547725441555736,0.6078459242293223,0.620055634507333,0.6128989788844184,0.5801068328483846,0.4169974593893239,0.38207145382702146,0.46575584875941084,0.5135368895487781,0.5418719465801762,0.3902925946491847,0.6811926161095051,0.639290190020349,0.6206162132668891,0.5462831148812463,0.5453006734712458,0.40150447133151906,0.5416135250346539,0.5188797883783596,0.312124776225919,0.5590252998365065,0.5897364138415382,1.0,0.6371260134755894,0.44039977530056806,0.5197037132264112,0.6049983383255048,0.606890368682091,0.5192108284555482,0.5474877875733364,0.5567528737836055,0.6578862768079037,0.58303997091242,0.6271842669283874,0.5234906786543082,0.40413088789672097,0.41141582320111403,0.49781762273636077,0.5796712464784862,0.5205524139204052,0.5819069799700787,0.6081091016784141,0.4193267711992551,0.49011765266457424,0.4790442700404694,0.5845497388913667,0.6121009676570712,0.48767992600032817,0.6196481036919137,0.47759443517088457,0.627022400700908,0.46312130278152774,0.4997363411491524,0.3918230626908287,0.3052138536560992,0.4580083798179606,0.6984589094705128,0.6379721932509489,0.3294206688176547,0.5996759826803144,0.634379934469148,0.48480801934340856,0.5474634413858079,0.5929301881705271,0.5398730196896102,0.5141223353095535
arc_pair_101269,0.4232444486761834,0.5960792228822711,0.4657612239425343,0.5788998820106205,0.6209459805646841,0.4282971502912931,0.5654400884218932,0.5731672463046795,0.48710140140754216,0.47017285046316615,0.426562149108489,0.5587407205018998,0.41873044240953355,0.47800029242132347,0.5664356704189328,0.6316629762054575,0.5230255146492414,0.6086087401709037,0.4995113266413794,0.5778248683739198,0.575628733155605,0.6619561334589439,0.5529161816823421,0.5633610063568865,0.5578110938959125,0.6474411039634778,0.61353476690233,0.5622145895952361,0.48361067470195085,0.5998838064606731,0.47477423390257556,0.6269606210066412,0.3472428348768869,0.6645791314183981,0.6326701762983143,0.601280112196293,0.5439616056688734,0.5648131281053073,0.5566210324632318,0.5707581820001648,0.5521924769124045,0.516358620476575,0.47369542368954887,0.46847665045032205,0.6087102955961946,0.5693075439167089,0.5254448674194111,0.5559558499522849,0.5745375389163553,0.4953007675814274,0.5718210899087509,0.7296889456281105,0.581865214559963,0.6631004972058991,0.47537710234132485,0.566409101657926,0.6161059281571544,0.6458035717561768,0.6017377877493267,0.6000422609175537,0.6013238075729969,0.6224777204113046,0.5827738186844902,0.3915095113748377,0.6234633985666385,0.5530149786595948,0.6343695526183857,0.45853181407517496,0.6153391254691852,0.5099311411514272,0.6699669081051065,0.6489341747455769,0.2592694580140331,0.5459188685883843,0.4748965666080673,0.4553411427002062,0.5904423619502996,0.5848068341883979,0.6796009516667437,0.5711693342696057,0.5897521106777599,0.5372099172540146,0.6531263223540282,0.5702814915208622,0.5406290855454421,0.4878847250010887,0.5566905187227734,0.5631951104478395,0.6206787988970266,0.537621435348438,0.6173464626829678,0.5859312420743312,0.4812448353659627,0.3704230460529283,0.5086063580119214,0.49029587258506396,0.5952251707748054,0.403827716300163,0.5525673531238681,0.6613821568053216,0.624503794884812,0.6284734187079353,0.6120392271878642,0.46788030105746564,0.5879420969315133,0.5646332479483271,0.3856495499998212,0.5273120156332451,0.5832524733032093,0.6371260134755894,1.0,0.4011673476859466,0.5258667709958138,0.7103839914612221,0.6126848440464642,0.5567872383812632,0.6456296555796254,0.581759266066857,0.6079683276918402,0.5742512250302028,0.6061673194638633,0.48731316105095773,0.4550877688221884,0.47331258175047347,0.5512927273670302,0.5068348489002689,0.549326434465521,0.5975219531584908,0.5392868386416921,0.46491207303617776,0.5730131510086139,0.4719764543916384,0.6480594184200209,0.6700033957370493,0.4601780060076388,0.6371801709256233,0.530629378285335,0.6044186013155955,0.5407694830361619,0.5173968327386359,0.43070000158622046,0.3614989628355583,0.544447989496255,0.6127226453880918,0.5817478933947761,0.33101322961280005,0.5694173455725117,0.6224710836649721,0.5596303227474839,0.5249723153634159,0.6083722001005147,0.5299424567099643,0.5300189059596554
arc_pair_176092,0.35119626124689407,0.4813890922646538,0.3619197325356243,0.3846292342711557,0.5122506360824528,0.3214100541083173,0.4253947766830161,0.44904311817199716,0.3385341830668172,0.36336203904832715,0.35551401660087917,0.4442123881483459,0.29368163698508465,0.40691290277392056,0.4583504765998003,0.46234734279836964,0.4292985365906,0.521829710856158,0.34733558361107686,0.4521416567621521,0.46110862094143007,0.5264852120004762,0.385826219613544,0.4368819947423817,0.4500834351386903,0.47818306071943606,0.44400191896356667,0.4099886051167183,0.4244590846142713,0.45830527424045814,0.4119698782343858,0.49376527883925536,0.29263998500776955,0.5185900549352501,0.4642453144936782,0.46976894830191135,0.41550184395687306,0.4573482818652758,0.4685467048672942,0.4581418329970996,0.45905586275816385,0.4306251066836282,0.43267709257759757,0.5530190525938633,0.4163603253137626,0.4371370867352631,0.43694020003862066,0.44558253470142967,0.4122766236411231,0.3973985417099867,0.4539163796418535,0.5539312920088011,0.48236270046188146,0.462467358372217,0.3709224900775102,0.4648143309678972,0.4356408048678656,0.48727014607551977,0.48294942612276415,0.49071029487438395,0.49944295894863244,0.46167145328784626,0.4307288903192301,0.41437984398240374,0.5023424578447757,0.4167604465859137,0.45851935555906165,0.34004348882886964,0.460654673168409,0.33644738598206003,0.5407782666974843,0.5104847650568082,0.19005673732320996,0.4193961352492897,0.3939469783171708,0.3917077260203533,0.4563242295184978,0.4518112396819318,0.5229422025264496,0.46125899229165584,0.46389344565915264,0.4241459269465204,0.41300255091403854,0.475741172718358,0.44583813713633597,0.3612843575776265,0.40178911252191235,0.45350938137732033,0.4863446874443914,0.4979359948851548,0.4824436738057119,0.49676699871603386,0.3827542697532288,0.3011887094987095,0.40299559903249393,0.38701597693814505,0.4503025370181361,0.2839606402486157,0.43069773358182134,0.4911842234913916,0.48870824952389225,0.47681712659561337,0.47297307838129454,0.318243324274101,0.45519512733613143,0.40947040558600645,0.25385692330235377,0.4551598772727876,0.4902020359788312,0.44039977530056806,0.4011673476859466,1.0,0.44835872450902636,0.5349191033026319,0.5166056422488489,0.38121196026603543,0.42849042321132946,0.4822771191279493,0.5010388085179693,0.4511825132358807,0.46837971791213207,0.325109845092444,0.3783095973506922,0.387068208138891,0.3625653720679689,0.44367086924054927,0.394916307722901,0.3880375612522735,0.3915918690347447,0.3642139141133941,0.409573869232047,0.372350082770983,0.5004098374853262,0.49705333986175176,0.3523973170991003,0.5091301464636347,0.3883327749737675,0.48958730105462783,0.3689030063217394,0.4261121999924729,0.286225531615975,0.2412650368197303,0.3887234063534276,0.48687274754252924,0.47897717152067965,0.24388105197362928,0.4769575488874909,0.4813431230946354,0.4276509135495579,0.4441840062818974,0.45103532685964665,0.45773334054711784,0.3983177465089578
arc_pair_523521,0.4244014688389055,0.6084853406390215,0.3860696072301321,0.5673584871800179,0.6793553193568015,0.4597937838168529,0.6103754316270378,0.5842748760631561,0.4356705966141108,0.43304465317460467,0.3711449732262468,0.609914484818216,0.36670424404361707,0.4619735580285454,0.5491422778851618,0.6144161377922933,0.6752582368328421,0.501466911299367,0.39175442731847027,0.4814861520054932,0.5396866469324774,0.6880135437703815,0.4126028691355349,0.6499077890336813,0.5482784268282278,0.5468695275659482,0.6279560672503756,0.5969338293782216,0.4816408218641102,0.5812772714792251,0.542356912130668,0.5907399930491352,0.3688215753909876,0.6389562771230696,0.6833415625313354,0.5977074881361646,0.5635031694867072,0.42396481959178484,0.6234756775495354,0.5363317641226054,0.6244045024556607,0.5781987952160388,0.4582706503774057,0.46835682083113805,0.626957467474307,0.4345848764270585,0.47408078342945487,0.5378554757164061,0.6766375945062759,0.5374052506909079,0.6450158863695495,0.6181638508696297,0.45511143339346805,0.6185119994159496,0.5401269456926462,0.6544786699521666,0.5523341627605438,0.5420642897204156,0.6656408065323739,0.6272870894344676,0.5572166665460988,0.603670799971183,0.5201447004684482,0.3434986545062144,0.6342269229448412,0.557456074294928,0.6537542556755024,0.41820445833053654,0.5776785006577465,0.4822984497446735,0.5826633547361362,0.6154580757597281,0.16396133172334024,0.49879880492024753,0.3592675479371412,0.5192979979727957,0.5705248456415696,0.5201839089061049,0.6672181534398726,0.5580604039945263,0.49550411280289947,0.4072094832801285,0.5014012804996829,0.596097499332528,0.5806685552609896,0.48882961457734514,0.6005044295497272,0.5212964321106606,0.5711776136946323,0.639050253359982,0.6763830362730329,0.616259508959817,0.4800722430179068,0.32966830735953123,0.5165523636444048,0.507054437376508,0.5804453683541194,0.4569582044300287,0.6112347339270342,0.6306105198496782,0.60788735527217,0.5670009538575101,0.5554660477254165,0.42803092960098,0.6149274332188048,0.5639670066627007,0.3609903682016056,0.5558686706419885,0.6068254652079599,0.5197037132264112,0.5258667709958138,0.44835872450902636,1.0,0.6032891318764626,0.6783366173713112,0.5208761567267535,0.6055307678596205,0.5613244739862909,0.5861087824951183,0.5974129970329314,0.6630989735354622,0.39931239266518226,0.4222124912791923,0.41818370759900464,0.5103636288330304,0.6442252372650825,0.4751893993735205,0.4835004994742626,0.5430131741417965,0.40347906302505865,0.5145992842682674,0.5271262461795035,0.45009211762294016,0.5471887383680751,0.47898469488061624,0.7550171451708516,0.47678357691957973,0.6172426379330785,0.45056130841295766,0.4350652330046886,0.3977573015490458,0.29510231026618733,0.4654386869821686,0.6321362574691922,0.5903100714112837,0.30460964146763936,0.6121326336059268,0.5594121599937922,0.5116725197562401,0.6396455604432533,0.5771868750959283,0.5394988978384013,0.4400619713568301
arc_pair_551110,0.46626208472309894,0.642101854514488,0.5577950503232193,0.6360701859865987,0.6868233131082894,0.4890227813191669,0.7014782756214529,0.6549497806905871,0.5696341223149143,0.568139405056359,0.4600822717614478,0.5878278111817095,0.519942063909401,0.5161569300570314,0.6185278697353455,0.7348813391956779,0.636799443903418,0.6533951414485729,0.6015360493188382,0.6960587098359656,0.6972309960808105,0.6969471819908506,0.6125007757559184,0.6020418435021502,0.6723008304597355,0.7629647267405136,0.7006233587313825,0.6119048152743133,0.5346025747147305,0.6835057843770399,0.619493270726958,0.7003665709106337,0.4217875756877036,0.693853625895165,0.6942824194256334,0.7307182379001963,0.6246602644156234,0.6357876774388472,0.7177758430353379,0.5640167273822039,0.6359915484521452,0.5645049490948223,0.5862694216661929,0.6016739849918261,0.6320416897225574,0.6314033450836666,0.6456144041309689,0.5971560845493277,0.6696114674312128,0.517764325224947,0.6641301849430569,0.79415326491172,0.6289493357703233,0.6346345780494135,0.5289591933368082,0.6102348517889881,0.6197429734435488,0.7419582373058846,0.7238823465742305,0.6422216991747508,0.7115675493628263,0.6429172672334648,0.6052418556495555,0.4784738276398634,0.7331482268100369,0.6924813989079956,0.7193721805277393,0.5226153266768826,0.7178281399708693,0.5771841015452294,0.7577302913186066,0.6328349387556682,0.3145623052283119,0.5431792535201307,0.5610704795705053,0.5794374993560506,0.6985542222609111,0.6246279283162902,0.7222771084061147,0.6263422633470825,0.6571651677897632,0.5675259801325212,0.6274367332733101,0.654473292508888,0.5970683319808564,0.5853747215642147,0.6329769279654921,0.6840059780539613,0.7211090740928394,0.660471411300766,0.6917113461296048,0.6745732516344354,0.5804297749466089,0.42786987517517827,0.6092477024737745,0.5937639557048368,0.7057345986900464,0.49732388183731485,0.6570804497103508,0.7310902646931297,0.7249043351463091,0.729547403911514,0.7280184713040246,0.4991028041041164,0.6277965018043349,0.6286913832417229,0.43119395226373486,0.6107082306990739,0.7295921658587421,0.6049983383255048,0.7103839914612221,0.5349191033026319,0.6032891318764626,1.0,0.678963931168149,0.6290824789064625,0.6437861098420476,0.6222784924064683,0.7025807800873649,0.6920312154748686,0.6798731210348021,0.574653433993617,0.5622184235916734,0.594529018800441,0.5965440827731078,0.6876474174054944,0.6428847660995441,0.6006159700427078,0.6402842189788133,0.5552880616181521,0.6388774377231587,0.5693729480596922,0.6714378388477268,0.7837614770203979,0.5074788392737123,0.7075186732480139,0.6326026708855215,0.6365189308010287,0.650882113403645,0.6322209537924149,0.49329068741062926,0.47127840761328355,0.5925295019795936,0.7138905457144358,0.6979209267237938,0.4122187206756676,0.6214322111241212,0.6331440180417296,0.6280113948429583,0.6203611681583872,0.6448710850504935,0.5576062656865685,0.5510328125917086
arc_pair_521750,0.4630263999258221,0.662845846782599,0.4332676195501873,0.6289954875397296,0.7665487320750837,0.43471142637754195,0.6428208807563196,0.6274150136808795,0.45006590518189943,0.43947531301266235,0.4079727327385691,0.709178752084098,0.362523293903724,0.4970390064909823,0.6453915225488591,0.7138070005449871,0.6640381929498402,0.5849625946823295,0.44430819684173345,0.48307496475753764,0.5798699980384092,0.7566082584279998,0.4206933286191725,0.6750634129969973,0.6390026230401114,0.5779716556182835,0.679146322856941,0.6237856136297264,0.5111288742194994,0.6663055614208545,0.6424759199654825,0.7088112675258694,0.4251819048747727,0.7405402009579625,0.7694866028030718,0.6955775866382352,0.5907265126669303,0.5332414071144783,0.712993049723505,0.6677922495246771,0.7055960060070673,0.6402341377295853,0.6208791973695962,0.55126021715873,0.715311297362265,0.4909625902526449,0.5956917457094367,0.6922803596817247,0.6116825146757927,0.5603398373983973,0.6416700398700301,0.7107471656958299,0.5656861096862774,0.7242437660706372,0.5145629909596647,0.71143939908161,0.6310819286307506,0.6323174505633817,0.751889793605974,0.7221157535026984,0.6150644341839481,0.7408886564425369,0.5951729093635243,0.34537435871897715,0.7036789460125529,0.651674817638278,0.7486682713165229,0.49233796601302515,0.5959844189206476,0.4638605348099454,0.6703432237228379,0.7685886711639573,0.18004463482054,0.5702227132152367,0.4283806316266018,0.5516864540058589,0.6560211789369541,0.6301612156942125,0.7463492577552879,0.6984579024813246,0.5526848561192418,0.5034703415217998,0.58960646622158,0.7092332751007843,0.6401389352646627,0.43124153962462713,0.6503001004979835,0.6029699192037998,0.625278073143795,0.7148514191237024,0.7213323758222747,0.7211379805178169,0.5584209943332559,0.33892293089683756,0.5494957475171001,0.540950209543818,0.5955575028937018,0.40563025899797334,0.6133432504831792,0.7862961716252644,0.7054853466520518,0.5537828485715975,0.6818837414959368,0.4699091588711068,0.6841761245271617,0.6849196904813142,0.3358269303773835,0.7157504630495364,0.6592339753640039,0.606890368682091,0.6126848440464642,0.5166056422488489,0.6783366173713112,0.678963931168149,1.0,0.5027414790096433,0.5900323004492805,0.5983909230829217,0.7218869221205358,0.7005451944310391,0.7279170341478742,0.47484939032715395,0.41273472760571966,0.4715975105886841,0.5898072778043079,0.6722205028383824,0.5148718235240979,0.5471340096401139,0.5882580011063864,0.4325300522690921,0.5140128002561047,0.5668363586525397,0.5542248646940723,0.6186544460094758,0.5525401355549208,0.8381305806521766,0.5089486411902219,0.7101592271929377,0.4681929526943094,0.5187305382686279,0.3432548097817895,0.2984809297076779,0.4856130887571138,0.6956904293988482,0.7310110536854616,0.33647907962401374,0.6772427629866845,0.6424069082454553,0.5435161760920865,0.7387983936240904,0.6748763269180479,0.6641456402572923,0.5879521845873141
arc_pair_166773,0.3999978424342797,0.5291588567775863,0.48322772282630827,0.535385781118834,0.5470542550521309,0.3957674354802027,0.5550019488630132,0.4970707294027371,0.5430909057951975,0.4571500587319215,0.46961738737476477,0.44910136119303096,0.4787047561205649,0.44096136166746264,0.46898129675058114,0.5165437160989986,0.5276014542570395,0.5544862489770332,0.5082611244408218,0.6043884208963767,0.5643040176841324,0.5417842300210477,0.6287892020453063,0.5001257604248274,0.5201589722595568,0.61488719376665,0.5827111614610005,0.5362309263162574,0.49080267524544885,0.5308227789781755,0.4977021785629893,0.5696205048568876,0.34509376804013364,0.539531080074112,0.5975319136953743,0.5425873835035595,0.5410094034516173,0.5014739384833898,0.5833024200252723,0.4706901741691975,0.5125137646389372,0.434551910556909,0.44295302580009177,0.4396301764556973,0.5504426314850066,0.5532730436285243,0.4787414999486675,0.4809125705210972,0.5630527451832006,0.42680349764839093,0.5339322245452454,0.6607928886253835,0.5661924422862112,0.5338103792134891,0.4596994388545442,0.4829647813531216,0.4519495897377226,0.5971426651127313,0.5799905733535531,0.5236599952286818,0.6192562422205172,0.4986187799689178,0.48533024973133554,0.4910212048915026,0.6656518791971657,0.4907127799520555,0.5608449555708597,0.45242507918571656,0.6819095605621576,0.48772132106832855,0.6289051849252895,0.5149292719421529,0.29432931166912457,0.4505649140359627,0.4734271694991347,0.4612518294840052,0.5211156412363112,0.49831152687875646,0.5910474129569131,0.45833274712569316,0.5570580967620544,0.45327824170352715,0.504644492061044,0.5425660138594296,0.42782175661651606,0.5423034418523357,0.5129921049113775,0.5518617241672276,0.6137640702303109,0.5296991879373931,0.5393452767012523,0.5329137042614153,0.4979646622146388,0.38560354304617206,0.5366299431367788,0.5179732003358907,0.723587217278181,0.5195630427412739,0.5646919106735605,0.5830989636762313,0.5426706518919103,0.6581220541962306,0.5586034881553689,0.3821450308242905,0.514449541116521,0.48992855508099,0.41044519562490545,0.5156162260711558,0.6090638615749018,0.5192108284555482,0.5567872383812632,0.38121196026603543,0.5208761567267535,0.6290824789064625,0.5027414790096433,1.0,0.5253825513899284,0.549761499364593,0.5239328783468449,0.5622133214390448,0.5191267539013902,0.5517032322445171,0.5281315464980517,0.4744014410770559,0.47568116604672533,0.5021857549773884,0.6246766129873568,0.5433147246639944,0.579338486591031,0.46285336251051945,0.5735393217764317,0.4766865011204016,0.5864028294248171,0.6676300698300935,0.46992773484567696,0.5331736606221597,0.5398021237516359,0.5044471618187562,0.5584738447199139,0.5147541727697161,0.5291818792457609,0.4104417523998095,0.5318987595655693,0.577410691550243,0.6060454920388908,0.35460115560816363,0.5072579537833585,0.4871237335218026,0.5557923046583694,0.5308023550725652,0.5016789073773134,0.46380769769532376,0.4448414026290473
arc_pair_532740,0.46416541980253473,0.5452910759717704,0.412739748646402,0.6321042198634255,0.6489888097932961,0.49603489007980767,0.6094500718300347,0.5770564862066814,0.44904736498668457,0.45810522969247797,0.3666797710078057,0.5587773038681931,0.38589917251287964,0.46395992579917444,0.5284159453711991,0.6595066092795298,0.6141638754688005,0.49606520348725813,0.46002954957155184,0.5080070378748524,0.5954050361725209,0.6467722395831028,0.4971050722192539,0.6198810167882098,0.5242801300408706,0.5850114011250194,0.5906656952923451,0.6320846518536531,0.44701911691432916,0.6241856330566123,0.5243198654295836,0.5700173239545592,0.3436138254975695,0.6104320374902668,0.676999060557099,0.5986911168682176,0.538770609758891,0.4761560223246656,0.5762823738359278,0.49801243691865554,0.588409251366973,0.5810892002377998,0.4404543902266467,0.49350677644158203,0.6281035101271792,0.4726283576310867,0.4663150916985767,0.512699645888769,0.5951885751113806,0.5423392209622133,0.6222082392034837,0.6401570899930503,0.4930852583774323,0.6306134267457782,0.48944801433351387,0.5923369729301112,0.5568812641416369,0.5691772833624733,0.6279122929982477,0.5973006745707453,0.5351646183483925,0.5968831990970571,0.5393564655743875,0.3595285509052327,0.6030290490787643,0.5857608363501746,0.6588097016657931,0.4421321029731834,0.5943587732137756,0.47796326925163257,0.5927827622228652,0.5994696380759316,0.21460371267165665,0.4930490159306407,0.3995844552250202,0.535715620536009,0.5739485440440036,0.5507143862735475,0.6422398448903104,0.512015677397009,0.5077426959451435,0.4700896271179481,0.512152737149505,0.5876863372850892,0.5501053832591506,0.42986995647790094,0.5754696350971507,0.5454760805894046,0.5939861358179732,0.6295588556804306,0.6740791713012287,0.5379889880667733,0.49093303347811246,0.3265578376024165,0.4990000780596312,0.51295265925435,0.5672746576578569,0.4387921606769517,0.5635337898923175,0.5976942902889157,0.6484819255836829,0.5636584658108068,0.5874239100938015,0.4327749939766073,0.6179625068813587,0.5558781480707297,0.37577697262204207,0.5087884294679919,0.5802595914457737,0.5474877875733364,0.6456296555796254,0.42849042321132946,0.6055307678596205,0.6437861098420476,0.5900323004492805,0.5253825513899284,1.0,0.5456344909917634,0.5257985610961347,0.540483511824687,0.652896899456731,0.47992451430930133,0.41601615735236036,0.4400508441999207,0.545758551957787,0.5960438601282068,0.5000261116912308,0.5320696078225883,0.5499927549208787,0.4301878884016771,0.5273247165276773,0.5065978751083178,0.45682615046179575,0.6134391112056234,0.47023827684026215,0.6857482575101328,0.5081209412423984,0.5643874680789656,0.4492254855119583,0.45313579836506795,0.391889059541541,0.3070707167710069,0.4580539636614913,0.611190276794565,0.5413962327625108,0.3410880833527098,0.5895387158838016,0.530842208082774,0.5195934326939666,0.5650540891230595,0.5984253203348976,0.49127944594944034,0.4731872569164763
arc_pair_700005,0.41366669223750374,0.5622520154686141,0.5195172711284365,0.524395334236144,0.5598335165183298,0.42955378165703306,0.5889689742477929,0.6055497235821222,0.5337489238998877,0.4973777566261193,0.46590158238216084,0.5107115924150186,0.42974653220653547,0.4578938006167351,0.47441090919746226,0.5214170767283718,0.5617499849579827,0.6134947988098948,0.5383323761851844,0.6035191327735671,0.5726240417252109,0.6069387060920196,0.6282776473146982,0.5211039662398688,0.5617980232438602,0.5850035572953979,0.5630018289825397,0.4996239882500158,0.4886176265968766,0.5904573468918154,0.4895134804320356,0.6083609742038301,0.41305206319719173,0.558815448135538,0.6417136449365058,0.533769285463791,0.5122985376305911,0.5323873547981433,0.6170588575178024,0.5292267871341808,0.529404448013034,0.48646610282537256,0.5257870357510757,0.5308521861831622,0.582795888948502,0.4871096795447214,0.4557420317643863,0.48191095130919687,0.5759783228050732,0.5049461754952285,0.5890797484295295,0.7186327023579654,0.5466185117680835,0.573618494348244,0.44635936214040495,0.5476427083427402,0.47497349662845767,0.6597116760979019,0.6454753311706122,0.5672410564697101,0.6704242981352286,0.56698587879065,0.48848273730073816,0.39960165130287156,0.605450835340803,0.5149947741279413,0.6184004901321296,0.49207536480277586,0.6377181936637474,0.5522786237668615,0.6840994485720082,0.6246043270012971,0.3183976751845438,0.5965345639444213,0.49400322609466213,0.4919188044024239,0.5476378320611894,0.47248124433152416,0.6722468616459694,0.5249031568881378,0.5300965570621473,0.5308705994702613,0.49865603225360744,0.5133348000862793,0.503272722089938,0.5647211588302198,0.5281267636844463,0.5691306719417681,0.6254367318077111,0.6155021409081324,0.5814793950320158,0.5824971932682865,0.4914422775958305,0.3881276457422661,0.4714337614896923,0.5186416867211965,0.6234497917159681,0.4469332413879275,0.5531793564124159,0.5766946182837841,0.6004985972948099,0.6620341139543786,0.5620546722083939,0.4678240896879736,0.6070353519415032,0.5878520782437142,0.39871042119481,0.5697282684385363,0.5353600983541016,0.5567528737836055,0.581759266066857,0.4822771191279493,0.5613244739862909,0.6222784924064683,0.5983909230829217,0.549761499364593,0.5456344909917634,1.0,0.5715456975259743,0.5725974296182795,0.5318824919526864,0.4194642621883295,0.5631403403884461,0.5328007276483688,0.4331450061148399,0.555432274013449,0.5442297858143638,0.4961270670669839,0.5621850186662887,0.5050808898338717,0.5906384175193667,0.4493135484666278,0.6268071918430868,0.66823731841765,0.4380892577941703,0.6406797424873467,0.589549510947233,0.5698188097480408,0.5651991408812904,0.580042186834023,0.4612307503803573,0.3904088169499336,0.5408665553722505,0.6084730932917694,0.5666745373929019,0.35990160963527335,0.5994439183090743,0.5076505545989262,0.6111888872508806,0.5573768987030145,0.5361329047546016,0.5280142341158411,0.40948904170848993
arc_pair_474346,0.3716427359544451,0.7223982502912325,0.4933557644855864,0.5702282942112686,0.7309928252331518,0.44324807161108054,0.6603095366295398,0.6347866105426864,0.48460565791502525,0.45703696716635833,0.44034246133474236,0.6867208532046879,0.4006765084761815,0.48245862309272797,0.7457318806347187,0.6952605403684624,0.5944151431972232,0.7062423858913394,0.5116790032728336,0.5929592440961116,0.5974080748707495,0.7588882122147532,0.4796558186057147,0.6003681485352764,0.6772712712686487,0.6343689431144005,0.6854317970923972,0.6436464653217349,0.5808439184934796,0.70035012470685,0.6088338896369729,0.8139043854794014,0.38851272077570215,0.7282067602977847,0.6574503878308996,0.734284764317972,0.6484163936793723,0.6502926810553041,0.6786003310705963,0.7070596370858305,0.7233419294909502,0.5627473133452493,0.664386250632667,0.49872130741549936,0.5950359793915402,0.5555495485582971,0.6867490110704003,0.7457956621276461,0.6363505995659501,0.5021998888306659,0.581196094091478,0.7489317411585531,0.6706057358060082,0.6936683423663855,0.41418672641195375,0.6767971431219039,0.7001097898090115,0.6789643614627767,0.6800102464454799,0.6755020215123801,0.5990487268601663,0.7269977622514215,0.6118612124629788,0.39542339147015515,0.7380135422000357,0.6386440523706026,0.666824829391589,0.47361933508602455,0.6025289668543727,0.48854787166779007,0.774303589984511,0.696367556478598,0.23494824993470106,0.5946716775244743,0.48403353740039734,0.6175927604177771,0.6711287859568866,0.6706765210594693,0.7139574149956784,0.7164855972072356,0.6788159112338213,0.49302183550867046,0.7274225232982123,0.7463455822068492,0.6451169002087487,0.4833275627760575,0.5642555552850325,0.6142194056518956,0.6796012610730359,0.6628939564733245,0.6463206952344721,0.771939972975812,0.5396869473764629,0.38978097289043123,0.5156459857372537,0.5752624757828937,0.6071428748050751,0.40080257521097157,0.6926702369702418,0.7455369624749626,0.7036124675820915,0.6457126555664744,0.7058205476489038,0.4729561022775919,0.6202587859826681,0.5242016697331848,0.3234762768755036,0.6550550992153389,0.7402978777196417,0.6578862768079037,0.6079683276918402,0.5010388085179693,0.5861087824951183,0.7025807800873649,0.7218869221205358,0.5239328783468449,0.5257985610961347,0.5715456975259743,1.0,0.7469602447824347,0.6703380654196021,0.5480981058146147,0.4755681073575316,0.4956394631123973,0.5771036733047767,0.7114586518715835,0.569844375838485,0.5794865809491729,0.5466205790192172,0.5088984680596251,0.5654058005143779,0.5508018847520356,0.6961329273555484,0.7216737222951609,0.519505913688307,0.7159330918133892,0.5472792480884868,0.7568319057271542,0.5630508333015415,0.5907617002460334,0.4145586699805912,0.3572338375909506,0.5343731188645998,0.692199818296641,0.7363629458415266,0.36515199933185033,0.6093172854406124,0.7776206170968594,0.5437835953836846,0.6475957236076622,0.6700016651424799,0.661539730728944,0.6655599642956802
arc_pair_460240,0.386839266957361,0.6251844816185059,0.4595063412856726,0.5698886509559747,0.6627423529505297,0.3945440698362116,0.600837578342288,0.5936372579678426,0.454804424216615,0.4313257523145958,0.38252464076387677,0.7412893838700765,0.3860164571022989,0.4722954910868672,0.7415191948954553,0.6516872545171505,0.5654327739699585,0.6168039245725565,0.47237056596223104,0.5528959466377853,0.5775211993099785,0.7718921994493096,0.46758951393486986,0.5714859157025278,0.5941211760155563,0.5760319394045776,0.6561931670235233,0.5683142719473718,0.5706868851862597,0.658158068540168,0.609738466917155,0.6877075898716293,0.36164101304304735,0.6291796040707481,0.6929431417803413,0.6685384849392272,0.6001175865754171,0.5627755563564071,0.6344603427332046,0.7264837979914793,0.6376198908482863,0.5962269701221296,0.5867046049540371,0.4944632894163425,0.6207521938391909,0.5483786201694024,0.5968091303887441,0.6913645762569577,0.5909706354199401,0.5035989615350143,0.6573679918494948,0.6942398764720555,0.5738030076888563,0.6782480869387951,0.46550623289763565,0.5955689886671828,0.6952078151570341,0.6301909451428201,0.6880209942978983,0.6271011226311428,0.6357146783373077,0.6749529349529476,0.5823265323486836,0.40599481901530754,0.7113252087527883,0.5862704560636449,0.6593005689504041,0.4500467454702943,0.6099205260065628,0.45033891223601946,0.6882185569122189,0.6568209292831737,0.20295510085918286,0.535408350815218,0.4518415331939778,0.5762421190853356,0.6583488752674503,0.6171082238795007,0.6796102336991948,0.7568666502442001,0.5452939375404832,0.4429409985471341,0.6828071244578492,0.7667924861863874,0.5830575306580877,0.44417760114079563,0.6027568163801525,0.5599942507837167,0.6475887423795609,0.6958850571099913,0.59832975627381,0.7822193844107722,0.5768130370884142,0.3721855633335362,0.5279747198747001,0.578362118639757,0.6555819915274602,0.4294215088649579,0.6309469390913027,0.758639070474507,0.6457889377660004,0.6036327984893587,0.6417593074884125,0.4363929838730008,0.6213191200204328,0.5306922026562175,0.31407915858256175,0.6497100004835179,0.7105535942929748,0.58303997091242,0.5742512250302028,0.4511825132358807,0.5974129970329314,0.6920312154748686,0.7005451944310391,0.5622133214390448,0.540483511824687,0.5725974296182795,0.7469602447824347,1.0,0.6303144652071253,0.49188988130959477,0.4299986508038454,0.4811795002381927,0.5326622837168855,0.6505391000004841,0.5285471216678898,0.5577508157700843,0.5589156047839622,0.46872800995347685,0.564886525232485,0.513858714525434,0.5859767430314479,0.6500535283392995,0.5223209399380724,0.7573106541768257,0.5240684252974595,0.7098355233198316,0.5212670466892654,0.5094044571759226,0.3962162221321397,0.31658748454119173,0.47421469793953663,0.665108706049915,0.7003515530332483,0.3387478826221623,0.5780063510857465,0.7346152052293838,0.5625039374881265,0.6916644749728248,0.5995260921525627,0.6954543587302645,0.6364296737200049
arc_pair_594335,0.469615415473436,0.6978686092930477,0.3805047339652721,0.6566041284207402,0.8124593848863744,0.43946496337151686,0.6910377104995556,0.6490395831813568,0.4548559221855827,0.3909114707104274,0.3856268494469263,0.6843440980735882,0.377335547455121,0.46004445024301854,0.6589092736228684,0.8210077444005827,0.709553367609867,0.5477336737433642,0.42129310230883305,0.4669868573254871,0.5992992527085927,0.7342310810651654,0.3901830717325005,0.7937156045869141,0.6374804266756884,0.6059749674752178,0.7522643159659165,0.6718671754254099,0.4773217012294149,0.6978277290276818,0.6395659520560643,0.7036835758756526,0.3769736114926175,0.777791920860346,0.7351803149462373,0.7552789997516566,0.6234721613115888,0.5004532549201314,0.6999887096912738,0.5764079335403248,0.7586385390096848,0.6780376619341286,0.5210150729018216,0.5169734558695993,0.6776858544468359,0.5261934291175789,0.5952283988174512,0.7026074471946036,0.6180686459035937,0.5954548323317477,0.6564369077740876,0.6875333248588856,0.5292183441756724,0.7117906717733932,0.5315402226721708,0.7316893928727585,0.6132469892987367,0.6181329303940226,0.7477015673771424,0.7893708744347523,0.5708830041281018,0.6742796829087557,0.6107107688865411,0.3343856822453373,0.6903540254995172,0.6845159664439852,0.7714411821075305,0.5140691870607318,0.5748353849310557,0.44601500018956614,0.6457080360764441,0.7409865981683399,0.15371546331433256,0.5934341457435584,0.3889391372922288,0.5614380998034121,0.6673007768197482,0.7470727327143739,0.7677696570914111,0.6282527538363321,0.5014778374610523,0.4877708768159012,0.5801576936838616,0.7782231871923903,0.6819243301230128,0.4214346391241285,0.7063389749477231,0.606040870582693,0.6169501283650224,0.7096158199875147,0.7845011119912833,0.6633273476953836,0.5617488384529128,0.34833848842731796,0.5955437478969619,0.52548273262899,0.5776031508474049,0.4128225316999207,0.6304322459122907,0.7936592699655372,0.71635332397034,0.5232105018862497,0.7001992753752362,0.4224722361998914,0.675433955970335,0.6392228120422755,0.33206633459838647,0.6019573803198407,0.6873523444479535,0.6271842669283874,0.6061673194638633,0.46837971791213207,0.6630989735354622,0.6798731210348021,0.7279170341478742,0.5191267539013902,0.652896899456731,0.5318824919526864,0.6703380654196021,0.6303144652071253,1.0,0.5641956653017274,0.3806288671968791,0.4452829961412877,0.633195785224239,0.694183251994714,0.5039814047620368,0.6182827867398957,0.546691430162312,0.43541161528584027,0.5041417192580194,0.6659057358157091,0.46056527207770287,0.5905704138061959,0.5902112604833729,0.7705565930739104,0.46620798489875076,0.6640103269342567,0.4457409695441933,0.45790038779943154,0.3614639167212861,0.2822843885218238,0.44294556405252883,0.7204196798710645,0.6956753152445588,0.3279106292010397,0.6635450117456483,0.6334489307677635,0.5026413607353771,0.7214677096076335,0.7065180116182882,0.5777150037652676,0.5588634580011427
arc_pair_24655,0.3677972317037424,0.5723621619807711,0.38202891080219237,0.4854015768783815,0.526387900792,0.3665609737182435,0.6235509635779792,0.5151975937012281,0.42362681772249483,0.3784982623864142,0.3457049987886874,0.44754560625449724,0.3540339255882113,0.38056259889349103,0.4358430028156885,0.5397325379689542,0.49562846081222856,0.49513543960909606,0.4085970840400476,0.5059392815463356,0.5180411440818883,0.5277972708559663,0.4220437266834081,0.4842019862733863,0.4894441924095491,0.5413063511438063,0.5290072640833523,0.43787371433761174,0.41328232609981114,0.5554255330562043,0.46845820635649005,0.5231828040675477,0.25280609370611745,0.5972294249389647,0.525108818866696,0.5507734450498017,0.5344640976288452,0.5131652039975946,0.5782529726816875,0.37982702062774154,0.6179283960030529,0.43116156660027494,0.4146164719804246,0.43537083331024495,0.4637604138271379,0.5640194130773212,0.4925368357322736,0.48038629977600217,0.4872752937576254,0.38211615400460874,0.44825438003456447,0.5974319644697659,0.5800232389855087,0.5473861351231687,0.362176081659257,0.4848127000267422,0.46351333570548764,0.5906979520199047,0.5184256089807927,0.5904994220512367,0.4979123358441624,0.44526054915306473,0.4159335988737471,0.38094540566887897,0.5351959670186845,0.5484125931743277,0.511217053189841,0.4002233626162523,0.5432519464477866,0.3723263917161999,0.6085103636362243,0.5138514753945811,0.18472707160344978,0.37634106936758505,0.4040304572198059,0.5445502422120329,0.5687289603407534,0.5300759603986842,0.5426405426055255,0.4919415248152466,0.4702350644410777,0.40846053069387755,0.43954045095960653,0.5056252541554243,0.4675942837822345,0.38228294546959285,0.45786515776768844,0.5259157890191964,0.5209149211154445,0.5298868075373243,0.5313466078739507,0.49908284662220237,0.395752802583903,0.32391825733679885,0.4331661367322628,0.46676703611691445,0.5292999227555645,0.3561571714664453,0.5578048964497413,0.5654296301812136,0.5378711287529612,0.5016810484556647,0.5343442632045188,0.4040987534416098,0.4627818871700705,0.4070110430744937,0.2822805609109331,0.45296730059811263,0.5000686371203226,0.5234906786543082,0.48731316105095773,0.325109845092444,0.39931239266518226,0.574653433993617,0.47484939032715395,0.5517032322445171,0.47992451430930133,0.4194642621883295,0.5480981058146147,0.49188988130959477,0.5641956653017274,1.0,0.3866733351860887,0.3667079342968143,0.45493124759457004,0.5096227431596067,0.4886832414037825,0.4924949936679014,0.45813427786349603,0.4074873813958252,0.45965578274445845,0.4719702177036346,0.46562915878171185,0.5435068675275014,0.40454346883335096,0.4967431676921026,0.4387501408410749,0.5011900520482533,0.4585719962208355,0.43950680810594506,0.393243319988229,0.30056620139175433,0.43166074320010867,0.550412336752249,0.6006736568893485,0.3179498661047715,0.4505470847328479,0.4827190296969748,0.4428781256564882,0.48369879169494384,0.5520978887462886,0.42463606337321214,0.44753296809069865
arc_pair_278581,0.3120916196322995,0.44329972566536097,0.5427547121720447,0.4309357395612188,0.42065108025122383,0.3867448855819613,0.49114383695241814,0.4749268321207196,0.5465083826953112,0.5534226024255793,0.46168628063141204,0.3323636907983589,0.5028255739410981,0.36232380870938496,0.35956280198956425,0.3773745733264476,0.45583272481588105,0.556604399316139,0.5736706953604809,0.6438311401584428,0.5209447023319035,0.4428172051850643,0.6998637770292844,0.35201100572805744,0.4320496400553646,0.6027920311807871,0.4526162706495978,0.4134401306300076,0.4436942795785132,0.42411220171792263,0.3575952270324495,0.4892248112760299,0.3089269581678078,0.45014867560583566,0.418440824228974,0.45175010206819144,0.46456647994305567,0.46789630565006984,0.5039446258116781,0.35262476097780393,0.40176703450083495,0.32481987983619465,0.4456115284040535,0.37468008626862903,0.4247446950522715,0.48479172304237167,0.43745976373644735,0.38884466637729626,0.5543997990407453,0.33323789018652455,0.4243795559964478,0.5780758099490562,0.4728179925252788,0.3935706506578153,0.32809149985404523,0.37137422173116164,0.3370904763014116,0.5340934560069734,0.506230701553151,0.43178968943583046,0.610328920557741,0.3889345328545588,0.410447428045162,0.4025453254307332,0.5457757022538255,0.4196414513283517,0.4335826470915707,0.4390375628527361,0.6116875598561728,0.5143175324331603,0.5743358229897977,0.4238689196146586,0.4922796868846347,0.39962640665470583,0.5299656215179535,0.4179028788613044,0.4523820001842555,0.38741163381098265,0.5258549308230948,0.37759252221471673,0.5105720541205421,0.4429255795499201,0.42859397545455097,0.4009931788243014,0.37445714122324175,0.6202180834902267,0.3587687768890693,0.5422183381916795,0.5741668097022317,0.4275191422065187,0.42258645001349265,0.44891166964163837,0.4453201634534906,0.3289221617685443,0.4251042289677537,0.4689825353335401,0.5933017831774056,0.4388359856277351,0.457478574860173,0.4720420793128257,0.4398496006873228,0.6792808113002337,0.5221244100107368,0.38597659270153356,0.39993331907997964,0.38665942194724595,0.41881527646852273,0.41029873945827167,0.4854219723284534,0.40413088789672097,0.4550877688221884,0.3783095973506922,0.4222124912791923,0.5622184235916734,0.41273472760571966,0.5281315464980517,0.41601615735236036,0.5631403403884461,0.4755681073575316,0.4299986508038454,0.3806288671968791,0.3866733351860887,1.0,0.46860378068980596,0.32237172583174845,0.45426967973315746,0.5570479252185012,0.3804337895094659,0.49087612557113713,0.49676446417102776,0.5855829969204084,0.3664714170721159,0.6433690001051389,0.6705987873601763,0.35990894511781446,0.4032618962171946,0.5326354193056987,0.42655352442588496,0.5540251945293792,0.5669929849641582,0.5014438723747999,0.5172350966615199,0.504980526743145,0.49799775035082383,0.4726437795567306,0.3815141801661273,0.41750179155157935,0.3930077140345441,0.5954610459482487,0.41472487228702487,0.4353809552630915,0.3660326073985702,0.33336847979867207
arc_pair_75573,0.3019608572868935,0.49192562931645784,0.5241454718431229,0.44866454683105683,0.4660451501706118,0.34862923410915747,0.5062037675600827,0.4561339258896474,0.4629505070521231,0.46553039472182,0.3672393804556391,0.43263442237427335,0.3911637811355495,0.38377859869742026,0.39518480492466423,0.44983919067972067,0.41849397586813164,0.5188574322607632,0.5120980455673259,0.5691447920814876,0.5654253006944557,0.4835861076596287,0.5129392822950164,0.38166545242301025,0.5213919023840166,0.611238951877283,0.4558089788967241,0.41091678011549815,0.42088636709289956,0.5072500011330372,0.38173446179362536,0.48642222549035125,0.3874139152729611,0.4618773986868885,0.4586291625283516,0.48906827226832345,0.4488253444339797,0.5174497268686679,0.510781049502303,0.41714419822923304,0.4731511199800317,0.40186636647240426,0.4824939080518224,0.44511497986065746,0.44787134092009756,0.5113466617212703,0.5187317702619666,0.4201647217894291,0.5300488921017686,0.42594889908721123,0.5005315559941278,0.5814769484159822,0.48415721241020276,0.4342987175043782,0.3287816383924849,0.4121673021999656,0.4207421486624183,0.5838854984136989,0.5392426213345521,0.4709987227519321,0.5859195855439095,0.46722663887684324,0.40103471053246637,0.4395525742717486,0.519663101325658,0.5214979519887564,0.477626694378677,0.44019804573485816,0.5535509572883116,0.46139622736555647,0.5859685039737438,0.4651989534663289,0.2540435445741499,0.415061265701481,0.49846615781494985,0.4543955201636608,0.5670782613112969,0.4206522440734187,0.5543647497025065,0.4176513997153699,0.5317874996902836,0.38735546654640474,0.411917437063406,0.44225500344389285,0.4109549457219194,0.4825513270980049,0.43973757475538944,0.5689252275300967,0.6121658313039385,0.4928820116393026,0.48319443076865704,0.5040192802716589,0.41852835961800827,0.3370090348869041,0.44019336097695355,0.5087473068549796,0.5343944876419859,0.35852699060226473,0.4519424918356172,0.5035021007009495,0.47896108252027125,0.586695814571303,0.5529134319152329,0.41895701347871445,0.44003712447412086,0.43196915841453365,0.41783246311851463,0.44596528899146953,0.4996863369488041,0.41141582320111403,0.47331258175047347,0.387068208138891,0.41818370759900464,0.594529018800441,0.4715975105886841,0.4744014410770559,0.4400508441999207,0.5328007276483688,0.4956394631123973,0.4811795002381927,0.4452829961412877,0.3667079342968143,0.46860378068980596,1.0,0.3826217581968898,0.45354752634276296,0.5482661671185461,0.41126317138517077,0.4594355918085027,0.5296847538887941,0.5414098847557551,0.41637389294428795,0.574343388611123,0.6514555649047131,0.3911525151209457,0.47313846597729103,0.5804653437202463,0.45124552229094295,0.5717759090073126,0.5257380150744216,0.4434190814216778,0.3824126482234256,0.43167690606725806,0.49028035456302405,0.505125156053631,0.34524026699956933,0.46101464440210954,0.4442832934852463,0.5382794020882818,0.4517249375845231,0.4689381155492422,0.37521148448288416,0.39380455345074844
arc_pair_641885,0.33063990269738674,0.5488482819904014,0.3538381825665187,0.5901391417482221,0.6253577931759605,0.40231922603511433,0.5417897507915798,0.5081385494675685,0.40191518615471095,0.3734521154397386,0.2806496265721314,0.533419652366772,0.31734916526994966,0.4016513164751459,0.5030986724683523,0.7232136655204907,0.5216870617924112,0.4680933645431902,0.3890298388178033,0.4536914554068465,0.4772204545740245,0.5565462527502596,0.3717157368290201,0.6257754079509176,0.5434742361745563,0.5150412678367051,0.6024511256746681,0.6356946559022209,0.3727999511477113,0.533230136076542,0.5581999620540588,0.5871101255315736,0.37185928927937145,0.5872832659630531,0.6598996341265146,0.6047414658591237,0.5371851560787066,0.49883131487580384,0.5525861312972808,0.5145454999766814,0.5606432473583717,0.5299870369221139,0.47910666257760837,0.3747619846526039,0.5729921674217126,0.47873952516285806,0.512217907562627,0.5810598417997053,0.48663858611812516,0.4532819343195008,0.5098013613237282,0.601019797463073,0.4445083637587352,0.5837294082495521,0.4274682006652786,0.6113391087070453,0.5417512328354114,0.5441829098328402,0.5530902036634875,0.5451163299282695,0.48240042027143626,0.630729496130628,0.4894264405221596,0.36149259757799634,0.5656884529832126,0.5096417627519806,0.6403836411905197,0.41805404142156555,0.4891126819197816,0.39513640423612145,0.5417095550522062,0.5379015965122858,0.14820592577235445,0.4569941001706402,0.35904150807297114,0.4616856604617924,0.5244161790451018,0.564910534411864,0.6084134482221324,0.4845916762207615,0.4694297795841425,0.36504232952638704,0.48347804923419585,0.5834883577834216,0.5185416835002107,0.36844528975041135,0.5629768770880923,0.4847892187798939,0.5479641789171261,0.5653934641527658,0.585579875343641,0.5081952604824074,0.4717069950709969,0.2546237006690263,0.49116825144631904,0.4175291812393271,0.5049429481574158,0.3404381553484886,0.5038489380920758,0.6323117510311395,0.5629108001134437,0.5065499489404457,0.5345629096718114,0.4200242635014093,0.506097056834829,0.5250450688772412,0.31654483556173124,0.5141134182987988,0.5662138093197558,0.49781762273636077,0.5512927273670302,0.3625653720679689,0.5103636288330304,0.5965440827731078,0.5898072778043079,0.47568116604672533,0.545758551957787,0.4331450061148399,0.5771036733047767,0.5326622837168855,0.633195785224239,0.45493124759457004,0.32237172583174845,0.3826217581968898,1.0,0.5610505883016909,0.4226507681206558,0.5952960544549954,0.42696174241379475,0.3917654278780897,0.43603064277659676,0.4626160776377946,0.43704854422776757,0.5546573742249706,0.4973107273673205,0.5874692983948232,0.4312114001361074,0.5410564629460627,0.4433491073318381,0.3855470549751842,0.38843376779479766,0.2931823282436499,0.42107626462562536,0.5457627956552512,0.6260096181070917,0.32112719647270604,0.5270276131824227,0.5180510281269541,0.443220876856207,0.5561313430667544,0.5203263035523105,0.4828839340937255,0.5476648989008073
arc_pair_292663,0.3903088155049375,0.6236932511235166,0.4532289515735497,0.5888955393812069,0.6730186078179285,0.49534537099478754,0.7074570389373209,0.611565911423682,0.47233814028127313,0.4665145784783798,0.41814288998253324,0.569328187513535,0.41331379777052285,0.48092440232740086,0.6221420898660094,0.6919315757089424,0.6362826694633194,0.5505348534013998,0.47683610369583673,0.5647394687841457,0.6011391578787869,0.6793289799428869,0.466995321795231,0.659371228238228,0.5933090040521294,0.5974826367890473,0.7026290701797397,0.6254984215185951,0.5383433382174321,0.6781215889162368,0.6067802955869862,0.6633823193757753,0.39839363539484257,0.6580005885189208,0.7098760909820648,0.7080569195479558,0.6341393023703062,0.5375420859519118,0.6946601029830195,0.53408859793101,0.704312891699424,0.5547786630845307,0.5400937936197571,0.5000435736055223,0.5748666477619904,0.47700297271533393,0.6081926491572192,0.6184521148915124,0.6784633066792536,0.5104900925888206,0.5869119845158403,0.6689182558852804,0.5625716962215344,0.6800130026443206,0.447870386616185,0.6319987447518473,0.5516881040389989,0.6197207076857559,0.6934261001687038,0.6531013552837086,0.5956484148470346,0.6694440500972818,0.5879644952725472,0.3459451320332173,0.710906704454248,0.6145264689711534,0.6633192439934643,0.45516939433039855,0.6080452357117911,0.4885626288453513,0.670057450539621,0.6721420517783292,0.2136421695260895,0.5168935859856368,0.40670365826746774,0.6064404462298547,0.6618348256176814,0.6325509164141501,0.7054025476474255,0.6570780182374124,0.5283714451593059,0.4593716127196683,0.5587424298086692,0.6623393744507056,0.6797341092740146,0.48047551938343497,0.595843536599214,0.5955384346129706,0.6503696264348063,0.7234352740115461,0.6831185988747841,0.6486044995517635,0.5638872590814505,0.3242323811725056,0.5115735067082114,0.570220402194529,0.6234965678427418,0.43143178215460776,0.665392111839713,0.6753548336341212,0.6907449332102107,0.6147066172247085,0.6456627902074754,0.4925671713261418,0.5806683910067151,0.5294179386711593,0.35240123940910656,0.6252174697342463,0.6957071208863221,0.5796712464784862,0.5068348489002689,0.44367086924054927,0.6442252372650825,0.6876474174054944,0.6722205028383824,0.5021857549773884,0.5960438601282068,0.555432274013449,0.7114586518715835,0.6505391000004841,0.694183251994714,0.5096227431596067,0.45426967973315746,0.45354752634276296,0.5610505883016909,1.0,0.5451924960091333,0.4999689254496801,0.5939195624331101,0.4737210545009596,0.5459009462351986,0.5598945330918351,0.5306533861823863,0.6535009608957764,0.47840974197188546,0.7288807405975887,0.526945973368799,0.6721156491586993,0.5349849226127833,0.5262604641057543,0.4172923597247975,0.3615807390700928,0.4723698579483551,0.7180674928940536,0.7307350914661923,0.33867681845288383,0.6256695108422282,0.6273808668237418,0.5477651637649746,0.6434258425968322,0.60673665801975,0.5572210795270505,0.5247673831397602
arc_pair_39421,0.4071760880232796,0.5573762390367434,0.5496049968239315,0.5414006115634689,0.5313954707899253,0.4287304569276849,0.6114702304538047,0.5173813531317315,0.5480697741834849,0.5082433001305521,0.46791472522167765,0.43585674465290314,0.5259670211525119,0.43916595481499093,0.4557679346935589,0.49799274621139866,0.5136744205492313,0.5652055654688165,0.5564765454015644,0.6400110908632524,0.564635633670129,0.5144792296960597,0.597869921076104,0.48507411238748716,0.5443577671661426,0.6602710315692671,0.5426111515523726,0.5108064386314893,0.49385006400907366,0.5321005094530569,0.43809439498346003,0.5494232077048328,0.39036495243827934,0.5575700877938756,0.5206759596918642,0.5956134145445949,0.5363955761244981,0.5221710898270112,0.623045955195668,0.42730024221529384,0.5665541015799516,0.4553754092035592,0.5217389835497758,0.4519192279949499,0.5022288674720751,0.5587629606135557,0.5382093965459352,0.44873589891374127,0.6103206577415271,0.4491805039750682,0.5344177058703883,0.6329055135680354,0.5713441260914277,0.5332572383186271,0.3768191011794127,0.4765079993776507,0.4334527724644771,0.6303172793593182,0.6365618754891289,0.5314814984813241,0.6180622985715283,0.5053785450066272,0.4594463519674927,0.41713720041173485,0.6251712392294235,0.5695471225052555,0.5225293962836071,0.47353454956076385,0.6522500457685951,0.5131316251258393,0.6462077148412583,0.5075934825258906,0.3269498488782959,0.4244715137173377,0.536998728636589,0.514254124845215,0.5422277947685384,0.4988763062275342,0.5850982139683228,0.47281708786275095,0.6071637840847568,0.4701717828307396,0.47268457331951635,0.5083032659189884,0.4926403432520291,0.563149354054899,0.46416129940641815,0.5760939122059685,0.6423114042689877,0.5259536312547515,0.5428556207933438,0.5379429268530571,0.4506940586402771,0.36384348136226463,0.506836975603883,0.5448786645056772,0.6638424986414675,0.443018205901963,0.5597888367994491,0.5787382212491858,0.5592995475641084,0.6698522574087149,0.5937143527693438,0.43515532588456485,0.4881975229070549,0.43762232553421904,0.416257078550446,0.46234435166358284,0.5752245124402272,0.5205524139204052,0.549326434465521,0.394916307722901,0.4751893993735205,0.6428847660995441,0.5148718235240979,0.6246766129873568,0.5000261116912308,0.5442297858143638,0.569844375838485,0.5285471216678898,0.5039814047620368,0.4886832414037825,0.5570479252185012,0.5482661671185461,0.4226507681206558,0.5451924960091333,1.0,0.46866702051655196,0.5860105249379852,0.5109754000492119,0.6186986683270995,0.4362224835875881,0.6277431508678221,0.7090993483653748,0.413903991702308,0.5253312077177188,0.5698868313714733,0.506146070515075,0.6215203483136615,0.5436996158507977,0.4987983343590563,0.4421751690552193,0.5247665795430944,0.6257393726211534,0.5869246259617955,0.4047417097324128,0.5329278957245795,0.4939586309007245,0.5598614437709842,0.4923198559326081,0.5433469352084277,0.39919653479672257,0.40972280582173976
arc_pair_703887,0.3734646102884024,0.6024060484144255,0.4015607066048516,0.5682688068481,0.6108592298582727,0.3790208626471136,0.5312933639470528,0.460763061115834,0.45378979175333595,0.39432429094342175,0.39265408012537223,0.5744257349675723,0.3518795600589435,0.40394697558270876,0.5251189970483978,0.6155274327126659,0.5665884180944514,0.5545316567821061,0.43926217565848535,0.49598306160138683,0.564481943076189,0.5918282699040037,0.45185797139219475,0.5498666523453517,0.5129772801099246,0.5461070154097618,0.5703842148328037,0.5718106018632657,0.4165201221342736,0.5866343314471922,0.588109447101189,0.5852527940956466,0.35688600008129473,0.5878352329640482,0.5990726403583615,0.5635571921019569,0.5740153889962415,0.5237858423021514,0.5411830373723573,0.5689897585916162,0.5361795243596876,0.5486812204875623,0.4965804668607567,0.4568116513138706,0.6081273473011578,0.5166518233471584,0.4813617199778423,0.5655984407248881,0.45548858151622607,0.5008031697054093,0.5212033005418208,0.6864702324986506,0.505849278275211,0.6241583401656912,0.5109897507485035,0.47648903146927907,0.6528479643180745,0.5370139190489985,0.5285452804126145,0.579199786384101,0.49010913230271175,0.5554723599515866,0.5504213270527469,0.39086445587937235,0.5663932569778828,0.49535271772442274,0.6060354374681334,0.38421178323995514,0.5290343610538578,0.396900307016458,0.613526073449789,0.5748951025439557,0.22539839345761087,0.4789811120884227,0.3832720236068433,0.4925159913672845,0.5843685672061616,0.5793550169779776,0.5872511395036472,0.49198722040592924,0.4983765794996464,0.43364297787875655,0.543558695447957,0.5985841985958626,0.4950506183219231,0.4048541362825251,0.568514427375812,0.5214145090541944,0.56020534230954,0.5337538146911494,0.6012251511217077,0.5017847468766959,0.45467199496146976,0.28265114179614764,0.4785869958546284,0.45469062347508193,0.5441779013934297,0.382065647208688,0.519122865851601,0.6275876283634939,0.5482150009606372,0.5378773089570894,0.5379529136315112,0.3527470339706228,0.5913467180870442,0.5258321755659213,0.31253406264700445,0.5502989466212377,0.531986089552138,0.5819069799700787,0.5975219531584908,0.3880375612522735,0.4835004994742626,0.6006159700427078,0.5471340096401139,0.5433147246639944,0.5320696078225883,0.4961270670669839,0.5794865809491729,0.5577508157700843,0.6182827867398957,0.4924949936679014,0.3804337895094659,0.41126317138517077,0.5952960544549954,0.4999689254496801,0.46866702051655196,1.0,0.4621490223746642,0.41748080294896933,0.45429288011091445,0.47085924064466117,0.5092155220184229,0.6133619518188299,0.6119957644476908,0.5897129193785265,0.45595297892495046,0.6331304634053148,0.42878691640610583,0.4228160569262622,0.38044080360333865,0.3588316583494323,0.5053575294984676,0.5746128557249734,0.5999612168334608,0.3349601325414745,0.5303753245541221,0.5988456218574943,0.43004205828234354,0.5625340823972962,0.5405026681936272,0.5780325072771394,0.5074274942069509
arc_pair_22407,0.42218108604624327,0.564376085088828,0.48762260557500214,0.5356093737736606,0.5668921410063077,0.42736278398589567,0.6384756934551009,0.5449262372703205,0.505385119675804,0.500933028676736,0.4364505461471094,0.4792007397696177,0.45800171416425006,0.48098297592215306,0.46258460664537915,0.5226932802361527,0.5618563541750056,0.5390005642043224,0.517108023041011,0.5882095076353826,0.571583899836567,0.572672536363756,0.5526867738962736,0.4832737992889341,0.5326085239357382,0.6220879176788097,0.5974519048710474,0.5144195666244781,0.5044311894925836,0.5794930431503857,0.5143485313981755,0.5541949888533507,0.3226360538677786,0.5665762994208134,0.6368362658418991,0.5509020133910084,0.5594530334292926,0.5054237370179996,0.6504092116262836,0.47874869944169385,0.5717246654673821,0.45625741951049614,0.4796629390633773,0.509654309627459,0.5485090051553675,0.46308507307969743,0.4932821705145625,0.4827041528558708,0.61507027039508,0.46588735995910713,0.5461563441998182,0.6992249327513864,0.5646107967280486,0.5804983632214115,0.45999463358197396,0.5043326973666172,0.45714459267949203,0.5771767456353346,0.6440008159160968,0.5797777724859587,0.6355273864741252,0.5655824357131649,0.4909269472210624,0.42643335402048343,0.6923471820737711,0.5181338881886124,0.6227186958459503,0.4666979193163355,0.6707334650553902,0.5033884168902556,0.6522572270248017,0.5725648130508336,0.2653664451855013,0.46104027979135564,0.4630716671206311,0.5122161566073111,0.586876415387643,0.4831007040197448,0.6373560377505582,0.47341328261283866,0.544096698385604,0.4926900314080725,0.46749902571723906,0.5218745919339928,0.4977992659100064,0.5183742675816523,0.5351686265044533,0.5640625993870093,0.6458862814821447,0.5870134470877796,0.6088776835882294,0.5566528672886808,0.5110426448508987,0.34806187792089016,0.49967354591477053,0.5544508708970582,0.6586836932562705,0.48299867190334866,0.6562554603618834,0.6291072069441661,0.5562771339044374,0.6346199726902301,0.5715613786118972,0.4083315779403462,0.5355170427731428,0.5218391513517624,0.4316133626964938,0.5534354903991956,0.5817911919719037,0.6081091016784141,0.5392868386416921,0.3915918690347447,0.5430131741417965,0.6402842189788133,0.5882580011063864,0.579338486591031,0.5499927549208787,0.5621850186662887,0.5466205790192172,0.5589156047839622,0.546691430162312,0.45813427786349603,0.49087612557113713,0.4594355918085027,0.42696174241379475,0.5939195624331101,0.5860105249379852,0.4621490223746642,1.0,0.4820332788554998,0.5681108624857995,0.47408429149580056,0.5819506244641479,0.6640708287079183,0.48170084466877544,0.6432292505306239,0.5840143768681595,0.5372219106960904,0.537048563361177,0.5561802821061125,0.46432100320816433,0.35484260081141533,0.48195591570548524,0.644080610382689,0.6007021295749737,0.4031551625732435,0.5961140306370357,0.48818799171662525,0.5766760033476556,0.5959739516374336,0.5511550371232565,0.5057794305194332,0.40608684578759835
arc_pair_717256,0.27763768109976017,0.5182236891526151,0.5718762216362496,0.430698098060035,0.4551285561709624,0.3872268927438079,0.5171875334884085,0.47108557884111146,0.48797624236095866,0.47476386086232214,0.3684515876001257,0.39353448430769133,0.4412863457230908,0.35825773049268045,0.3839809148752675,0.42224815952735045,0.4429359236293619,0.541493803291374,0.47402440145527786,0.6114290833058592,0.5505799343427465,0.44242856191268004,0.5622443900669791,0.4037783446550961,0.45557182492474285,0.5848967925921699,0.5079457806852203,0.43816811798335864,0.4743239618907601,0.48099409749941224,0.3997903572196887,0.48373121486354265,0.3078749192688747,0.4589196942588198,0.4410068346721412,0.5523218074036866,0.46212477470371427,0.5067246906314106,0.53271700937755,0.3921230339410488,0.4819266318720144,0.36581342545486384,0.5002835302266267,0.435897087872878,0.40892817172375723,0.5213780790827225,0.5375154231978567,0.4074633501513794,0.5369909035274598,0.36045057980061995,0.45954535145969605,0.5627003687692066,0.49987448049922173,0.4454504873515654,0.3084662152225302,0.4342985818518254,0.38563017593296517,0.5398798934174384,0.5324950793755994,0.4870169348980866,0.5654218285683535,0.4461719889329517,0.3960323409587942,0.4136151444969223,0.5295079866282051,0.4758562995652379,0.45666890010573985,0.46874800656606563,0.5923567862689187,0.46359645847895764,0.590294271503719,0.4613861177715503,0.3126777347502942,0.4006210950801301,0.4514867892795399,0.46391162377630557,0.5609061021281281,0.42444730930689367,0.5645041827668752,0.40688595906552305,0.5096668701386708,0.4074295143514687,0.4186529824795383,0.44540857104670345,0.4064418091591375,0.5295084703899181,0.4075582850736357,0.5795843812622486,0.592939527831249,0.47779139605813536,0.45252614271208497,0.5082157958583718,0.4503609169958233,0.4036430942464489,0.40267272727049935,0.4917289760826496,0.5594548608237082,0.3681428071823368,0.4839764485631426,0.5203288419057633,0.47290623722381164,0.5947197359185191,0.5472531053752333,0.4337794168781979,0.4485274262679554,0.3987029887865884,0.4663095793377674,0.4408282541029882,0.5194450024209343,0.4193267711992551,0.46491207303617776,0.3642139141133941,0.40347906302505865,0.5552880616181521,0.4325300522690921,0.46285336251051945,0.4301878884016771,0.5050808898338717,0.5088984680596251,0.46872800995347685,0.43541161528584027,0.4074873813958252,0.49676446417102776,0.5296847538887941,0.3917654278780897,0.4737210545009596,0.5109754000492119,0.41748080294896933,0.4820332788554998,1.0,0.5668256429168926,0.40917488692269494,0.5975893958371196,0.6183586048580092,0.3746573607504941,0.44303310755134323,0.5279638991752995,0.4619914427813762,0.5487945511883703,0.5521534475837252,0.5146766318699844,0.3901190245199155,0.48115959171163875,0.47700302848694676,0.5173898053806623,0.3726640871790295,0.4264016775699861,0.42047769545992986,0.5138700839902358,0.48036822813212904,0.4611700789123878,0.3661066959482083,0.41962948411937545
arc_pair_89302,0.3789135100418328,0.5705226063801212,0.5517535015369814,0.5100152563153015,0.5305373332312485,0.4330117052518242,0.5696218675078649,0.5375953854470761,0.5759853752381482,0.5158309458484387,0.45106457400118494,0.47818336311591675,0.5306476128802886,0.44099247287467147,0.463410130137613,0.4922589721809426,0.4919076547126287,0.6165954952858639,0.5794672638635319,0.6930617384136956,0.5876021677675318,0.5504877931470238,0.672870190297668,0.4729926489643558,0.5290343877952642,0.6492830425833794,0.5589684640854098,0.5032350581606244,0.5032543217617667,0.531012615050613,0.41912290462213825,0.5558460920593089,0.3673738740479314,0.5339306880218423,0.5289989534741231,0.5647570701390925,0.5438166461853373,0.5328043087164027,0.5837118048150675,0.4847355379425277,0.5380009867057786,0.42934271416060144,0.5074925119555129,0.46585886454059355,0.5000574095811712,0.571981494768712,0.5303967655398677,0.48512051037271775,0.6261328586545427,0.4116688438328496,0.5282484091984472,0.6533909618264264,0.5218003247576197,0.5134028175140175,0.408435561360816,0.5017368932055916,0.44987749771285607,0.625282297857785,0.6076921742713673,0.5416796500569404,0.6655784924815792,0.5136796536513608,0.5058147716725956,0.44754127711775077,0.6560110936184106,0.5376146903425238,0.5196908393596695,0.5082439471128589,0.6984405561098153,0.5424779429252584,0.6499191502660631,0.5198560849295448,0.3909320936798277,0.47813301518604123,0.5289794030382025,0.5221104490457001,0.5676292312362676,0.46839574322068633,0.6275226688515563,0.4844475745905389,0.5740359865119227,0.4914361839732622,0.4986806021204786,0.5102068803138405,0.48003254279725205,0.5698637860950265,0.4711958588501029,0.5994797363731756,0.6485804057152071,0.5354058116264107,0.5155431066795598,0.577225010309221,0.4982240031486943,0.40214612139739625,0.5003617190002797,0.5775427827215751,0.6735611709961172,0.49475260472852434,0.5715765387572844,0.5843687396786683,0.533077341385665,0.6938543158891101,0.5884948469355805,0.4804288133761948,0.4915313302868978,0.442877657024949,0.47134120154885517,0.501851251578548,0.5903063714720675,0.49011765266457424,0.5730131510086139,0.409573869232047,0.5145992842682674,0.6388774377231587,0.5140128002561047,0.5735393217764317,0.5273247165276773,0.5906384175193667,0.5654058005143779,0.564886525232485,0.5041417192580194,0.45965578274445845,0.5855829969204084,0.5414098847557551,0.43603064277659676,0.5459009462351986,0.6186986683270995,0.45429288011091445,0.5681108624857995,0.5668256429168926,1.0,0.4256608583599302,0.6418678279732586,0.7001949603856068,0.42792611212551845,0.5394862459024655,0.5960931938935669,0.5268555578235188,0.6424155236800754,0.5725669319666299,0.5605338076313434,0.4686830616438304,0.5417790558641687,0.5937738242692114,0.5604736391148122,0.3804570370174141,0.5035628065029456,0.504391540538969,0.6315444377339952,0.5312164396901868,0.5145023379834072,0.4378952465032336,0.43112925193482776
arc_pair_714315,0.37893227022270776,0.5585514514667732,0.4174348306126541,0.5434891042946592,0.6127185578758267,0.363943214986689,0.5604504236532514,0.5280569834440209,0.40187340427477514,0.3578169407587227,0.31894412785900916,0.4969064989678578,0.33639071030492534,0.42391561881222933,0.4870815005969381,0.6177060774787012,0.5876582664045616,0.4721479120292254,0.4427728639663682,0.44534328540061885,0.5324314893408837,0.5339046651422572,0.3862646878912423,0.5988020195726138,0.4975349799995331,0.5238158408366054,0.6375515375394104,0.5262643727333188,0.4367340389418028,0.6226894618535317,0.5299168981290467,0.55644390138668,0.3202674671410117,0.5783683724146681,0.6170391934392098,0.6042532441314646,0.48975392622290914,0.4460508367985676,0.6121814082425904,0.3823694628274518,0.6596222184425211,0.5165584294914956,0.5106645268815803,0.4759032796499484,0.5231869198281799,0.42516903267839484,0.47671004246688614,0.5234170626822373,0.5338818037125406,0.47898848995111193,0.5139583070567295,0.5869481737820031,0.5072811823447629,0.5375124542432267,0.39825206405802027,0.519523100163755,0.44481338578040797,0.532319068318224,0.6589792564866338,0.6754397357012912,0.5255381305704544,0.5467270135875208,0.45062742992325383,0.2926642372890105,0.6012427706263037,0.5937159218766617,0.6194082831791577,0.41616255939427926,0.5298803897245487,0.4254851802496696,0.6324133122817845,0.6062911257524971,0.15659038868991437,0.515615383295921,0.36585087732971777,0.46077954607978794,0.5761501599110675,0.590330209969121,0.6161611356205782,0.5071539752027598,0.4582495506902729,0.41723085732161275,0.47153883453203993,0.5849282622480291,0.526766283941972,0.39503245898982103,0.6057666066175258,0.5742558252418664,0.5627831308861935,0.5748770978865083,0.6335503570547847,0.5216178255408518,0.4835336075859473,0.29265499197338063,0.4624143783235257,0.4824260911362479,0.5003003516263687,0.35892589163491545,0.5472018593735399,0.672505250897353,0.6502028600373309,0.48845270795935813,0.6147657839484905,0.41036097819516415,0.5358432221958876,0.5026971710031141,0.31306698088333634,0.4729288378028396,0.5831134107546742,0.4790442700404694,0.4719764543916384,0.372350082770983,0.5271262461795035,0.5693729480596922,0.5668363586525397,0.4766865011204016,0.5065978751083178,0.4493135484666278,0.5508018847520356,0.513858714525434,0.6659057358157091,0.4719702177036346,0.3664714170721159,0.41637389294428795,0.4626160776377946,0.5598945330918351,0.4362224835875881,0.47085924064466117,0.47408429149580056,0.40917488692269494,0.4256608583599302,1.0,0.4571601240883857,0.5566210753942754,0.44138192560654727,0.6247922788247388,0.4337015037178054,0.4925794256606495,0.4015835642396616,0.44871814130032145,0.3475475820803436,0.2892042861952811,0.38256302750157783,0.5644446781520115,0.6254256139894159,0.3110024356575336,0.5744055252324566,0.4542071861857686,0.44102911105821374,0.5806344960451811,0.614576629915345,0.40416588841037926,0.42659444592570556
arc_pair_464015,0.3543585986623517,0.583953836124277,0.6332447275357231,0.5054892704294675,0.545740989976556,0.4434525328717083,0.5623604417644849,0.5758717019777279,0.5842774095743501,0.5547477618385076,0.5220745322173173,0.46564661388486883,0.512168797464085,0.4859395841912718,0.5319859617697812,0.5038779328409912,0.4700362843054598,0.7261992140424434,0.6269884445652691,0.7371287341813187,0.6050386372038428,0.5752370394187275,0.7151733221000807,0.45518278071150214,0.5823653427171219,0.7032097480727989,0.5644565299844703,0.508275763780252,0.5311723341863894,0.5803505041447743,0.4478483788856708,0.6453674435251838,0.3685204540933555,0.5849629151653803,0.520990119238681,0.6185392674397505,0.5527416415438691,0.7037842985794913,0.5861666088547101,0.5264853385652398,0.5389805339912422,0.38908506478581556,0.6458601328166633,0.46290165554268314,0.48198603743000273,0.6219815662325343,0.6483071909541123,0.5510503488072924,0.6179676757922425,0.40890024723615714,0.4947318435014122,0.726222119535321,0.7056440326490743,0.5681903674235583,0.3785517863197198,0.4892157642981539,0.5188589545169938,0.7400164764493034,0.6255833560323258,0.5694360751342065,0.704959168465696,0.5645055960742921,0.5348936641915795,0.5041060056880632,0.6838822041367092,0.5359557940216642,0.531504677958581,0.4669426659727458,0.6680788280875206,0.5807215763301543,0.7634091126558094,0.6084019605955729,0.39498881022435034,0.551100833785342,0.6113159045405682,0.5098159428564283,0.5966939480869969,0.5329576129864473,0.6763471354169104,0.5646535280876216,0.717354936158104,0.5365847972869291,0.596651647438887,0.5372259230396527,0.49022102023383096,0.5976453423728979,0.4391136294661472,0.6279132887677354,0.7403985885068854,0.5569909665531175,0.5172798956466858,0.6044440852504928,0.5338694137015072,0.3920983047607431,0.4773064702834208,0.5529435771154942,0.6619710907941116,0.42667950430835855,0.5968078132535956,0.6317223892612773,0.5807444461891135,0.7627470169678202,0.6726943354659471,0.5156415289960876,0.47487851687012195,0.4353882420715672,0.4305105815956152,0.5599647906447046,0.6315961422290657,0.5845497388913667,0.6480594184200209,0.5004098374853262,0.45009211762294016,0.6714378388477268,0.5542248646940723,0.5864028294248171,0.45682615046179575,0.6268071918430868,0.6961329273555484,0.5859767430314479,0.46056527207770287,0.46562915878171185,0.6433690001051389,0.574343388611123,0.43704854422776757,0.5306533861823863,0.6277431508678221,0.5092155220184229,0.5819506244641479,0.5975893958371196,0.6418678279732586,0.4571601240883857,1.0,0.8110498152359236,0.45966960322218414,0.5432489794669976,0.6284444681980444,0.5683508295533444,0.6812351945216146,0.7083712609997695,0.5396813231105334,0.4872197075269841,0.624123543762398,0.6148441782401853,0.6285864346862579,0.42737989007297467,0.5750595101074579,0.5875226021294588,0.6420989545702962,0.5409907231622807,0.573939905775401,0.48836267844689457,0.5694715408674434
arc_pair_674772,0.4346893670220322,0.6188498672962822,0.6357129805006537,0.6357108145370798,0.6401812354492534,0.5300533124884761,0.6948030190282019,0.591347314737934,0.6557821537881442,0.632846601107279,0.5551511262235514,0.5120786545243514,0.566582528916541,0.5134438351258978,0.5849561420926238,0.6382313124518617,0.6053169835351829,0.7153946292382785,0.6998551205323346,0.7706376708159542,0.7251890058022119,0.6517803324922075,0.7188107948793584,0.5430547884170379,0.6398316368455927,0.784557066627013,0.6579701619644545,0.6510891478437547,0.6062081452239116,0.6527367410808965,0.5799351089001682,0.6879881914128771,0.44530109008674695,0.6658820518014034,0.6466429754250317,0.6963963120090825,0.6257002741537624,0.7180801572883925,0.688939612965633,0.5450970559799376,0.5958718233251034,0.49485959497370424,0.6815609451383043,0.5433957343613863,0.5950054883970268,0.6477269504037002,0.6666745835920993,0.580247337607061,0.6839428970208791,0.49638506556810624,0.583152655063065,0.8015732121988864,0.6806848487648983,0.6217541736568338,0.4886607628710503,0.5145260632200404,0.5685005974910989,0.7381473702392298,0.7281730798881151,0.6069414144205766,0.7340320144963821,0.6172086682855309,0.6199246030468206,0.5214715536917787,0.7864455884221393,0.6122152343454932,0.6381600195026612,0.5267951530271515,0.7668005062159746,0.6061083808450648,0.7844124562832611,0.6053621628332656,0.38924959444320495,0.5568161193758602,0.5989374333902957,0.5806424931503069,0.6738884948390477,0.6159862143644868,0.713808576444526,0.587654827313279,0.7464407269544202,0.5374589037497993,0.6496411966088139,0.6004396769800024,0.5441925058112898,0.6679588831981124,0.5575344738627309,0.6978821023146059,0.8132645230836067,0.6375650026669915,0.6430487625844268,0.6270751053146804,0.5882623071331238,0.4295191084660422,0.5662408401493915,0.64019327229308,0.7649482741827416,0.5240815390604652,0.6682219402517824,0.7057685848878624,0.6764036250989951,0.8249878931604726,0.7266894465964878,0.5402417596367226,0.6097820594866242,0.548671677681107,0.5103627702735839,0.6017414145358835,0.7069379960249026,0.6121009676570712,0.6700033957370493,0.49705333986175176,0.5471887383680751,0.7837614770203979,0.6186544460094758,0.6676300698300935,0.6134391112056234,0.66823731841765,0.7216737222951609,0.6500535283392995,0.5905704138061959,0.5435068675275014,0.6705987873601763,0.6514555649047131,0.5546573742249706,0.6535009608957764,0.7090993483653748,0.6133619518188299,0.6640708287079183,0.6183586048580092,0.7001949603856068,0.5566210753942754,0.8110498152359236,1.0,0.5436769440773065,0.6344568644251315,0.6777820280531174,0.6413423291788086,0.6995782551123185,0.6883343646453539,0.5850359323896642,0.5585392643080652,0.6699116009590056,0.6943502811716145,0.7211630866602503,0.4604625600675883,0.6383728036028051,0.604036059070975,0.668041258973157,0.597163305013154,0.628991291176545,0.5225844677646914,0.5692332549094432
arc_pair_280409,0.33743760910818865,0.5127361255517988,0.3258883879179798,0.5142441246309942,0.5982834604993389,0.32862003473805357,0.5075957808754736,0.44525985772884424,0.413856465007725,0.33677878861573746,0.3292665756418359,0.5043977083358945,0.31276514501577524,0.38176641928839267,0.4927107527182439,0.5287694037192312,0.5195223455419851,0.4827053772800704,0.3740630763446161,0.42872403747849963,0.47150197316373677,0.5347441298906964,0.381177619114481,0.5002636326962581,0.4645716290676871,0.49034237747296616,0.5311400999482322,0.5108839371897992,0.4041493942163717,0.5033361520871822,0.5274231973242023,0.5217656337375913,0.30717419494335096,0.5294943147629415,0.5972901148065642,0.48034093805944017,0.5085036516503465,0.49328232682645695,0.49800557027691733,0.4938240255301209,0.481023635073973,0.49919654058708446,0.48227152579809796,0.3873076673350351,0.5863494538281357,0.39274749624079275,0.46641144290857867,0.5096374061702419,0.4464081817677697,0.4453893503074687,0.4804773615071486,0.595451624873163,0.4300061771176957,0.5153147948971352,0.6299210036382196,0.438701012805573,0.5354551711389989,0.4707428593830965,0.5355710642045827,0.52359898528307,0.48986813954918157,0.5151678512024721,0.4843933833146476,0.36188700692128195,0.5649330865412876,0.4383461154509928,0.5589178676845564,0.36829780612284435,0.4902857035534895,0.3381163031361958,0.538491545633908,0.5153482278021412,0.15614529503747795,0.44572910999507026,0.3358769325664274,0.4482311526857793,0.50098005491148,0.4988380713201873,0.5565209960412156,0.43966533468665486,0.445704736748547,0.36925565424788076,0.4683400594535848,0.5510211159681717,0.4332192272988975,0.36933249496956755,0.5239271800917066,0.4441600147753404,0.5406250781906294,0.5335121207063063,0.5465770347429981,0.48515699347397045,0.4229094750239569,0.24089895900338298,0.43895263682442265,0.4404273886361541,0.5052973265486512,0.3691262945101799,0.5002866186103139,0.5987966030739318,0.4833464122014171,0.4878504035892606,0.5036224029442448,0.3015809251505751,0.5045550379430884,0.46241981999866055,0.2736484890250311,0.641807160966679,0.4974355271603863,0.48767992600032817,0.4601780060076388,0.3523973170991003,0.47898469488061624,0.5074788392737123,0.5525401355549208,0.46992773484567696,0.47023827684026215,0.4380892577941703,0.519505913688307,0.5223209399380724,0.5902112604833729,0.40454346883335096,0.35990894511781446,0.3911525151209457,0.4973107273673205,0.47840974197188546,0.413903991702308,0.6119957644476908,0.48170084466877544,0.3746573607504941,0.42792611212551845,0.44138192560654727,0.45966960322218414,0.5436769440773065,1.0,0.5961006364991297,0.4318925560128102,0.5420063340396027,0.3640858156493434,0.4435897707455961,0.35304240988063496,0.3764154028172239,0.4338881152639352,0.524507991951783,0.563709189662132,0.43129205778449115,0.501062081650474,0.5277271877563503,0.4281605032597484,0.5843181064781252,0.4762178965949694,0.5101520656922741,0.4452894272577991
arc_pair_388971,0.49867965640862205,0.6674236117963079,0.4341701509136685,0.6921693977198935,0.8351047230290957,0.4990618350751084,0.6869380606119572,0.6343888398674111,0.4682296030494029,0.432480268139616,0.4064119231229815,0.7218009209278349,0.37264945426518625,0.5150605088702359,0.7136927909637559,0.7429782674550394,0.7059326694031158,0.5748216063202465,0.4780556272977158,0.508663191516704,0.6224008140167198,0.8228839714740909,0.42862759734288663,0.7109688571319958,0.6292220917419812,0.588599995314428,0.7438365670404244,0.6906693232046053,0.5254684038114461,0.7147213474478219,0.6627813464577949,0.7006607984060557,0.3995629233417199,0.7417501348657839,0.8503624126290493,0.7119096046303193,0.6300966077983284,0.5577315727559865,0.7272834423849001,0.6741174996033947,0.7039028349119382,0.6954591273788088,0.586828671694895,0.5567872499849341,0.7517088600940923,0.47640421585384557,0.5613860884028827,0.6967526768490291,0.6303890123621027,0.6165224518691237,0.7342324692242479,0.7436993814535588,0.5638444967681022,0.785429688288606,0.5822779907027104,0.6988630631175339,0.6964714218458097,0.6364195976876722,0.8013488564521287,0.7361686658586981,0.6206525749821579,0.7760724148790048,0.6279751737687482,0.35582125412383425,0.7418190483448633,0.6392110890797528,0.8036097570506114,0.4797397052123806,0.6082167010067364,0.48574158086828706,0.6961060048589238,0.7637029230125629,0.17767382540359497,0.5917882062570053,0.42778210281800977,0.579863275459613,0.6764289258939055,0.64249576292517,0.7668469400684265,0.7116019465344098,0.5615359427071764,0.4977315385106646,0.631565959446465,0.7442779007962749,0.6824908708017531,0.4258868545776291,0.7126594222739789,0.5935051647988467,0.6825129409504707,0.7621685839997517,0.7900792554515408,0.7189272511339021,0.6006427302609529,0.3742655430422446,0.54696026214893,0.5788100093582735,0.6099429074761673,0.43898612383709124,0.6762389956817138,0.7998881714756404,0.7393754109463155,0.5752602449185076,0.6884244249828049,0.5016657792359132,0.767636494473525,0.6492694039998373,0.36498896652953616,0.7512412527851856,0.70320179230956,0.6196481036919137,0.6371801709256233,0.5091301464636347,0.7550171451708516,0.7075186732480139,0.8381305806521766,0.5331736606221597,0.6857482575101328,0.6406797424873467,0.7159330918133892,0.7573106541768257,0.7705565930739104,0.4967431676921026,0.4032618962171946,0.47313846597729103,0.5874692983948232,0.7288807405975887,0.5253312077177188,0.5897129193785265,0.6432292505306239,0.44303310755134323,0.5394862459024655,0.6247922788247388,0.5432489794669976,0.6344568644251315,0.5961006364991297,1.0,0.5267235751982571,0.7548450435317973,0.465366879519071,0.5415270983284259,0.3763130023175728,0.2890826838210558,0.4972223048544157,0.7488842387427168,0.701370565628032,0.32255362925446124,0.7190193877990372,0.6972342256953478,0.5642944246689975,0.7669034833270236,0.7134784278694047,0.6903347331249713,0.5503850664892337
arc_pair_674359,0.36258227685882094,0.516222377677815,0.5016157842463058,0.5173193096964456,0.5075467341614561,0.40579662155382873,0.5700635041259611,0.5383865771115476,0.5078855269394794,0.466624563711468,0.4366492871760771,0.4481071593672905,0.4784074877754526,0.4410290449419438,0.4284381035480694,0.48714729401529866,0.47978573399247904,0.5737385710251321,0.5208322061449712,0.6537165152388491,0.5841877366273768,0.523604695146518,0.6361859044356538,0.4357075743386419,0.5949764112527698,0.6204844606818161,0.5336855282196963,0.4896219470593414,0.4778211889982221,0.5114213449678336,0.45210052141139506,0.5451372668112859,0.3608465777252935,0.5154233579844658,0.5277056103078003,0.5404139772688823,0.5095859553760074,0.5464462254841298,0.5768586630744624,0.4386486637731977,0.4802085705233558,0.42905182826209215,0.4791839335714056,0.45758459553743375,0.5031508675453965,0.5422040990190421,0.4942681123577235,0.4476478522322835,0.5699689540537075,0.4986314228181877,0.5112380641872417,0.6257328451786482,0.4970551432348151,0.5011603437642606,0.39699840386327556,0.45362865900317945,0.44916247028807693,0.5826897971078714,0.5928765085635794,0.5096939304048481,0.6273343060042399,0.5067461028781669,0.4607911757325476,0.46850949910531153,0.6159430659332932,0.509178473249209,0.5549265775767152,0.4778672837754034,0.6599766230908027,0.5519309849381199,0.6339939125701649,0.5009368483397608,0.3314718766778716,0.456423006220289,0.5350043288778502,0.4961409155542752,0.5419418831935686,0.4572218865409305,0.5827192780792593,0.4808686349093758,0.52868806418361,0.44541474957254734,0.4682757287016891,0.4895152608367625,0.43752545128603415,0.5425418537201744,0.473490220366823,0.5765331218066946,0.6005058888378889,0.5038536403365756,0.5329151784634822,0.5466872336622897,0.46382421571773425,0.3588750380117743,0.47958667685678846,0.6241893965688103,0.6336393314490885,0.4499746448902378,0.5836490904812357,0.5612491934791598,0.5326255000891276,0.6751801858123199,0.5663747216995964,0.4301735427171379,0.4836045432593147,0.4723573254385221,0.4299434602617514,0.4924058503884073,0.5709134144122272,0.47759443517088457,0.530629378285335,0.3883327749737675,0.47678357691957973,0.6326026708855215,0.5089486411902219,0.5398021237516359,0.5081209412423984,0.589549510947233,0.5472792480884868,0.5240684252974595,0.46620798489875076,0.4387501408410749,0.5326354193056987,0.5804653437202463,0.4312114001361074,0.526945973368799,0.5698868313714733,0.45595297892495046,0.5840143768681595,0.5279638991752995,0.5960931938935669,0.4337015037178054,0.6284444681980444,0.6777820280531174,0.4318925560128102,0.5267235751982571,1.0,0.4986810408939934,0.6223658705544557,0.55819453353969,0.469460278143134,0.43487417251609595,0.49895494022472653,0.5709024342659519,0.5445077374953549,0.4440469428221144,0.5104641614511769,0.47810751321999206,0.5805730439332221,0.5161804969360647,0.4963785917371565,0.44479905264140956,0.40190560118564245
arc_pair_172674,0.390250574195246,0.6885946165649266,0.421345869756372,0.5576353542878438,0.7401800161585064,0.43634487693014656,0.6341385953983134,0.574018309895623,0.45503660310497757,0.4440319094010281,0.41533266103014,0.7467194034843767,0.36473422391778515,0.47380197476675473,0.7854151967700134,0.6472790733529427,0.5883554046202467,0.6671379849441355,0.42095632855386517,0.5242975729350681,0.5920270080532998,0.8333794298388483,0.44625633665391173,0.6158383467006358,0.6496332739430913,0.5646668940371781,0.6178546775907949,0.6172308665930101,0.5513015316923224,0.6622817805357041,0.6067270637621142,0.7187302874953801,0.3699063684217293,0.6769150330231437,0.6900166434000308,0.6341517933150327,0.6435585728773522,0.6238312641516408,0.6392753595243452,0.7666850446912041,0.6363729858305013,0.5786407695995117,0.5447142502029386,0.5026766272321749,0.6325433627830683,0.49265053798389485,0.5672821505126923,0.7655039421088833,0.6073069667382474,0.5156263840661036,0.5680197982967962,0.7036629607861536,0.5518498538718181,0.7177146554145392,0.4466215038591984,0.6076324880951205,0.8173142925736058,0.5844961145253325,0.6527421798926496,0.6485535549447538,0.5576831322306368,0.6846243798989641,0.6257456979853243,0.3726705682868992,0.6413590889556485,0.5742832860322714,0.6449614245562124,0.4582424481898521,0.5831027198735721,0.4367682422491239,0.6734535275803815,0.7081219289604797,0.20194431072307042,0.5467727549413337,0.39501359393008,0.5742666003166635,0.6089764888203182,0.6587404640148424,0.678656145045686,0.693907187647665,0.5592341571528181,0.4526358332652522,0.7170934100686592,0.7263569296692433,0.6234880945881975,0.4753400078402249,0.5323006852915442,0.5395096895287995,0.6060607590286335,0.6223713706561241,0.653099289270004,0.7295102632133615,0.511596699002066,0.39974936635969416,0.48251523316942024,0.5443766491307388,0.5723225561756129,0.41813560773748926,0.6122130188686938,0.6971657390784637,0.625376660333924,0.5859043826074318,0.6373675162788234,0.3990501118505825,0.6811041244801326,0.5846275288757325,0.31477233488278483,0.6640167329888634,0.6076215366304134,0.627022400700908,0.6044186013155955,0.48958730105462783,0.6172426379330785,0.6365189308010287,0.7101592271929377,0.5044471618187562,0.5643874680789656,0.5698188097480408,0.7568319057271542,0.7098355233198316,0.6640103269342567,0.5011900520482533,0.42655352442588496,0.45124552229094295,0.5410564629460627,0.6721156491586993,0.506146070515075,0.6331304634053148,0.5372219106960904,0.4619914427813762,0.5268555578235188,0.4925794256606495,0.5683508295533444,0.6413423291788086,0.5420063340396027,0.7548450435317973,0.4986810408939934,1.0,0.4564377215986013,0.5372276430818315,0.3920541611280968,0.3050703562959133,0.5227120688460174,0.6811915958785405,0.7044845915632711,0.3045989431363689,0.5937077313122058,0.8397660641173587,0.5214945586943114,0.6025365103092956,0.5930257404388468,0.7393295832283839,0.6406384126969759
arc_pair_217721,0.29599120092065534,0.5285767756387122,0.5725346057198061,0.4557914518161217,0.4650213446039384,0.36938711860615414,0.5661525264882483,0.5400497944471652,0.5859006110525762,0.5366007456593975,0.44342825364708244,0.40683549195684837,0.5066448958547043,0.38602059872016703,0.4155036610856618,0.47886965640707346,0.4403361597009313,0.5697428066531833,0.6142951434598971,0.7041335119812213,0.5711284934277446,0.4705677323876508,0.6873791484386812,0.4534693751046895,0.5440940984058995,0.6799297080905241,0.5342092340907315,0.4413634668607961,0.5103702180101687,0.4971995674588768,0.39869941115771523,0.5367542476932551,0.37554594483656084,0.5110475023190413,0.4962235730613092,0.5643057257741612,0.5165517166542016,0.5662288028851797,0.5717335280541815,0.4219072875464368,0.5359049047877457,0.3570508636564841,0.4924054644060422,0.44014767424491885,0.4340008748606613,0.6266269524795307,0.5280147556094767,0.4239005465860793,0.629516773394541,0.37909919597941844,0.5015773860837982,0.6274457506428351,0.5510668529348203,0.4731997237483423,0.3292473083622597,0.4652457645280258,0.39863227657304817,0.6968871988214924,0.5895263719824172,0.48521966392188676,0.6414739395108947,0.4802499295691318,0.42631634461688545,0.4989291383376667,0.5945493536423744,0.5449649387184554,0.48883191370376106,0.4842181123884275,0.6405487110736475,0.5227760660215797,0.6462048588592323,0.49453329488638925,0.406270770830849,0.44765107423076533,0.5688823616010227,0.5173873470137303,0.5797649768122297,0.4326573353133097,0.6112736683318953,0.45807161027225135,0.5989763730810576,0.43398444724142043,0.43565846767019795,0.4546051623326858,0.4520135070384537,0.5697942249794842,0.4544718606177261,0.6147292048084358,0.6546191181193918,0.5075437456367844,0.483880712918516,0.5404558230795317,0.4479048235660619,0.3541866293564783,0.4783213705090227,0.519953315280353,0.6128841770123489,0.41890178144369783,0.5523831190794857,0.5414308145742064,0.5287173211347352,0.6861963812181507,0.5802148507068741,0.46161989976975004,0.4362411344949353,0.4061648522478595,0.39265988361583226,0.4597390781319976,0.5730987382452276,0.46312130278152774,0.5407694830361619,0.3689030063217394,0.45056130841295766,0.650882113403645,0.4681929526943094,0.5584738447199139,0.4492254855119583,0.5651991408812904,0.5630508333015415,0.5212670466892654,0.4457409695441933,0.4585719962208355,0.5540251945293792,0.5717759090073126,0.4433491073318381,0.5349849226127833,0.6215203483136615,0.42878691640610583,0.537048563361177,0.5487945511883703,0.6424155236800754,0.4015835642396616,0.6812351945216146,0.6995782551123185,0.3640858156493434,0.465366879519071,0.6223658705544557,0.4564377215986013,1.0,0.5905375876133683,0.5142125439751501,0.5192611611142941,0.5707848985796459,0.5652964820705255,0.5555804366958882,0.3891522609112316,0.4841411368899864,0.4546756143902647,0.5815688192964733,0.4812156854249708,0.4846339320591779,0.3680254260906897,0.4359918966079803
arc_pair_649523,0.3281673053132037,0.5312842039569606,0.5339867222685792,0.5281530924939464,0.5237137391306009,0.41367334876283124,0.5423220222650695,0.5360054831331753,0.5524845660999743,0.5041287319744503,0.39434360476982044,0.41499418635865715,0.4404891572229106,0.39429686892187926,0.4379685681312048,0.47840494273824846,0.46927221312468864,0.579976163108099,0.5648842505211847,0.6239145857403712,0.5603953822457685,0.5121243512535028,0.584078414524852,0.4496512102046667,0.5232273647592414,0.6048643622336709,0.5002845650579794,0.4622102530969363,0.48460063113721064,0.556751387066355,0.41807233611120265,0.606282254021368,0.2980701113259948,0.4988365683890307,0.5307044177087756,0.5446918289708589,0.5091163154942544,0.6055886187109119,0.5907133264019737,0.4617271993795253,0.5411222164763377,0.40902653195039074,0.5467559814195498,0.4651749470454263,0.47775818517259605,0.4862539655700155,0.5140251297485128,0.5004962993377303,0.6028416263616508,0.3982211359583649,0.46853326460543077,0.6468441128707595,0.5927577327765609,0.5183631901850533,0.3571839240729691,0.46853375750079784,0.4193122052562515,0.623753871256125,0.6339298370362365,0.5204463209576997,0.6306403041367928,0.5543201709389544,0.437015016432188,0.40855430093498585,0.612884042650078,0.5226697602452743,0.5519628308356159,0.48853982614104385,0.6058232334917485,0.5246937883045809,0.6956624758221277,0.5716841924849764,0.32015600921534526,0.5189502912959923,0.4864839905733395,0.4810059664904398,0.5447766384157913,0.4812015220159913,0.61961621570064,0.495395722085493,0.5986847848494347,0.5126108451071931,0.47227539197647445,0.499007784723555,0.46388710459441523,0.50040020966378,0.4498576321404918,0.5979374819124126,0.6563017879358742,0.5413119050901232,0.5565318711701526,0.5683791243901465,0.5227934390771319,0.3809865395222494,0.4477359079962874,0.5249043697572038,0.5909838733961201,0.40090847747698216,0.5186889238612022,0.5778690260058935,0.5570729391531023,0.6733501559693463,0.6425458262027411,0.43843760420059197,0.4740157171539257,0.4291584684218272,0.3904958613651709,0.5759324033525753,0.528090720372494,0.4997363411491524,0.5173968327386359,0.4261121999924729,0.4350652330046886,0.6322209537924149,0.5187305382686279,0.5147541727697161,0.45313579836506795,0.580042186834023,0.5907617002460334,0.5094044571759226,0.45790038779943154,0.43950680810594506,0.5669929849641582,0.5257380150744216,0.3855470549751842,0.5262604641057543,0.5436996158507977,0.4228160569262622,0.5561802821061125,0.5521534475837252,0.5725669319666299,0.44871814130032145,0.7083712609997695,0.6883343646453539,0.4435897707455961,0.5415270983284259,0.55819453353969,0.5372276430818315,0.5905375876133683,1.0,0.48038168548052157,0.4050307958910135,0.547233336079378,0.564611012307941,0.581679368427067,0.3699467925275661,0.5148154885798556,0.5004114257091723,0.610831127998399,0.5018008868314201,0.5174961982750201,0.4540797969610866,0.4155921461960322
arc_pair_492710,0.27561206276125416,0.44059868511983846,0.4612009146103588,0.3837732844728151,0.388300493447467,0.37180408921563385,0.48845759438979836,0.3924185628474245,0.5254895191289962,0.46242591161823743,0.368135905074687,0.32859251522936866,0.4720024334961342,0.3218179102809399,0.3291493367777883,0.35760466215643044,0.38089428577243023,0.4678104490807266,0.4645004691078426,0.6056224134334439,0.48724014992243914,0.3797389365348148,0.5950687667463634,0.3563690566633006,0.40659347846655053,0.5284790547472438,0.45456083172698064,0.3799411342437787,0.41309350674082923,0.4104100016891145,0.3338840115759574,0.4088457299928185,0.26643556771596777,0.3877481337727017,0.42650701926953966,0.42532238751346313,0.44627729015326084,0.43325592372794813,0.4532917382520699,0.32839126238501987,0.39130196929823646,0.2998701767976611,0.37583116050129,0.33651619437789404,0.37970511530714857,0.4956582221252759,0.3899774407838598,0.3367781937423261,0.4861106866741889,0.30024041901785053,0.40061675167009975,0.506333886791257,0.4484776090125044,0.36946759219066966,0.32814322859644307,0.3436737055552511,0.33220586754537607,0.506165516747278,0.4496376531223259,0.39491622032065293,0.5290505552086994,0.367478667811376,0.3611646888279929,0.40508243281694295,0.528171350144251,0.3836493015206965,0.38125936019810874,0.40107113058661353,0.5673833776929261,0.46702787876154284,0.5345331915981678,0.3793491575171738,0.40022358950161757,0.3836682906780437,0.4616886864727205,0.4123802459483065,0.44099489606618525,0.3529966783273854,0.4895715679588407,0.31991017479653644,0.46659826468733934,0.3557161908096488,0.36659395066392303,0.35972493187695737,0.3464719166636257,0.5081572277494618,0.3741954568866206,0.47662357665129496,0.5244833188058748,0.40570053376608933,0.3854704792009902,0.39756119326505435,0.3794878480779248,0.3836180834415767,0.3742793640207147,0.43359797653688587,0.5812817015498672,0.4713720443312045,0.4683683399633494,0.4391089483915744,0.3795152684753684,0.6141078772492803,0.45077392351229306,0.3689953104501288,0.367953055422693,0.32811795100494445,0.4274003835395112,0.377247243658447,0.4374871042323878,0.3918230626908287,0.43070000158622046,0.286225531615975,0.3977573015490458,0.49329068741062926,0.3432548097817895,0.5291818792457609,0.391889059541541,0.4612307503803573,0.4145586699805912,0.3962162221321397,0.3614639167212861,0.393243319988229,0.5014438723747999,0.4434190814216778,0.38843376779479766,0.4172923597247975,0.4987983343590563,0.38044080360333865,0.46432100320816433,0.5146766318699844,0.5605338076313434,0.3475475820803436,0.5396813231105334,0.5850359323896642,0.35304240988063496,0.3763130023175728,0.469460278143134,0.3920541611280968,0.5142125439751501,0.48038168548052157,1.0,0.43164328460064,0.46992353396747427,0.45474609713576014,0.4230412519749975,0.34847851114194,0.35067993795738533,0.371551267593011,0.53213738993697,0.3975238670155932,0.3872658235753147,0.3074954820301466,0.3213705633833394
arc_pair_297765,0.2027554830757244,0.33296934657249916,0.4086463742079648,0.33789919361545834,0.29220341752522444,0.31592678148108666,0.39454147713141663,0.34650215883196744,0.45463140416302195,0.4421586134318536,0.3698441832856085,0.2328766444419865,0.3781520455354581,0.2537070162318599,0.2442333212028973,0.3171451806428909,0.33943587792508306,0.40925620433890875,0.45569812821049543,0.5629029483955416,0.43003944703227703,0.3084406246407528,0.5419755283614615,0.2757467820456367,0.3262870170134105,0.5080786775474019,0.34728573099908916,0.33657802590150654,0.3622954281560725,0.3176647011197533,0.3086089391617817,0.35837684230782013,0.23004486356189277,0.3552355482803103,0.3296606059427532,0.36663692578529783,0.35251678622478216,0.40790062722742093,0.3855195778636231,0.23889625908348827,0.2994640894297008,0.22647461239068511,0.3157922304075426,0.2732725487032642,0.32074023139059715,0.4280515674260854,0.35883341315516054,0.26142332129945833,0.40021788922910856,0.23549808450547474,0.30820651696716483,0.4515626497375228,0.3641062815716097,0.28258659354869403,0.30724127203833473,0.2631699647204912,0.256994837841486,0.44730734073114625,0.38586305640896007,0.29480509352652323,0.46217275676667524,0.2747715096363236,0.29983656657712154,0.3482590071209302,0.40680612653357207,0.3366246185947383,0.31574991320801143,0.3000322819114919,0.47904130027064906,0.4250590105327758,0.44145772506306363,0.2956834612927975,0.3997919965634751,0.3040896121291518,0.4445094967584537,0.33405424490412994,0.3663700152462017,0.28952006330522173,0.38687722034778604,0.25746485716128714,0.42174819919107703,0.29252027151295534,0.3060004022552417,0.27080031518329256,0.25330412812509834,0.48852162063412197,0.2847660827540896,0.4100817228200013,0.45095265228733916,0.32079385293141643,0.3061659298806407,0.3113408225836986,0.308563504008044,0.21085103343446354,0.30393529197030267,0.35394382448366596,0.4623770224395307,0.3238314931690242,0.34455387975726987,0.361832367993683,0.33742139931828274,0.540940761938989,0.4055984179907756,0.2946035635487046,0.2841119663066944,0.2893711031664906,0.3377775302862486,0.34783066833564014,0.3612776752158339,0.3052138536560992,0.3614989628355583,0.2412650368197303,0.29510231026618733,0.47127840761328355,0.2984809297076779,0.4104417523998095,0.3070707167710069,0.3904088169499336,0.3572338375909506,0.31658748454119173,0.2822843885218238,0.30056620139175433,0.5172350966615199,0.3824126482234256,0.2931823282436499,0.3615807390700928,0.4421751690552193,0.3588316583494323,0.35484260081141533,0.3901190245199155,0.4686830616438304,0.2892042861952811,0.4872197075269841,0.5585392643080652,0.3764154028172239,0.2890826838210558,0.43487417251609595,0.3050703562959133,0.5192611611142941,0.4050307958910135,0.43164328460064,1.0,0.4295398659111134,0.3726822430760846,0.3826744259991274,0.3714917867846842,0.29551668477325876,0.27919373905067,0.4101477230050815,0.2959168257851409,0.2915974244036636,0.23641654369066825,0.26491369865502956
arc_pair_208250,0.33295127014879167,0.4940188080049423,0.5111459242006158,0.4812932838000073,0.5155531758946751,0.45556415631507907,0.4955912511864359,0.44703060179346865,0.5278959987329451,0.4776176098782968,0.46145031385318785,0.3787309605313661,0.4320198365876816,0.3900406579890732,0.4279772154806973,0.44594692665859903,0.4675558060708746,0.5672189005478838,0.5623858892017893,0.6008955995532062,0.507255747766442,0.4600045545923885,0.5883370685753513,0.45365561735192783,0.505906638004844,0.601730229554937,0.49992942111128075,0.4812629308982855,0.4278317361144037,0.47416109876261925,0.4309404618994755,0.535515634466597,0.3270435317314194,0.4891474051061955,0.5290233897833883,0.5064826150211045,0.5310298764867364,0.5635315607968295,0.4996970579476615,0.39946691986812893,0.48677042075956534,0.3388937714436892,0.4739881949447387,0.4114210416958819,0.45864592926968306,0.5302306897411342,0.49259971847363615,0.41941201179595045,0.5431559766815584,0.34343364212952027,0.4746470779524793,0.6144996684729802,0.5669915462215618,0.49141916723780327,0.3481275053754677,0.46026026000630327,0.40637790545161667,0.6096368807881656,0.5254430252369978,0.4529735980631612,0.5514962675416559,0.4771427557230143,0.4389820689247631,0.4333595937541289,0.5856438114386988,0.4937291026328544,0.494016795212569,0.40210102096258515,0.617663695982971,0.4624536462503673,0.6367732971286577,0.5034292737426939,0.36047239458881947,0.4206928479994674,0.4437353671854589,0.48828508683807664,0.47813284088323244,0.44815508623990324,0.5805322466622365,0.44498555111788096,0.6306252677203329,0.43313422781523786,0.4781275431460226,0.4319450447207003,0.4054524425634077,0.5353418020952334,0.3961126544324148,0.5260515284373523,0.610171387206529,0.493227543001731,0.4904417485420633,0.49040430268204016,0.4337232263544377,0.3494134591879338,0.4046886976477174,0.4601212002665571,0.5750407968749371,0.4554853984084577,0.533437920095615,0.5019594074594353,0.5229122778412029,0.6433149503347595,0.5539201732890668,0.40187258945916676,0.49083366254119304,0.40817779415877753,0.38317059519378,0.48820525786066266,0.49120578610385407,0.4580083798179606,0.544447989496255,0.3887234063534276,0.4654386869821686,0.5925295019795936,0.4856130887571138,0.5318987595655693,0.4580539636614913,0.5408665553722505,0.5343731188645998,0.47421469793953663,0.44294556405252883,0.43166074320010867,0.504980526743145,0.43167690606725806,0.42107626462562536,0.4723698579483551,0.5247665795430944,0.5053575294984676,0.48195591570548524,0.48115959171163875,0.5417790558641687,0.38256302750157783,0.624123543762398,0.6699116009590056,0.4338881152639352,0.4972223048544157,0.49895494022472653,0.5227120688460174,0.5707848985796459,0.547233336079378,0.46992353396747427,0.4295398659111134,1.0,0.5092251329778275,0.5419119452660024,0.3212917758759888,0.47859660210870264,0.45606594012576984,0.5461729299162226,0.43961999763003673,0.4781154987724408,0.3844179856649012,0.43596444386156985
arc_pair_713999,0.43094223324296627,0.6860401405433871,0.5184850734780028,0.6212584406941406,0.7227730084288114,0.4414312432927973,0.7426341070315423,0.6353794218421063,0.5452425955944399,0.4459984899573164,0.4745776520384703,0.633677555747902,0.46558156379706916,0.5235518756967743,0.6277920061192751,0.6718549627450783,0.6161019310192821,0.6222402076046055,0.5340587552801529,0.619101642666197,0.6376721666666813,0.734863109238754,0.5333878559092531,0.6600757809767863,0.6541796373079678,0.681296792067807,0.6480921430917409,0.6036527161559877,0.5603050860817518,0.6595739377566998,0.5587354735766296,0.6860892599927597,0.37555556996982137,0.7362651439539872,0.7092649379564345,0.7060096532177116,0.6501212886286022,0.5869045613811921,0.6688367634036662,0.5677436541758439,0.7081039427078304,0.6297847785405947,0.5265050427171795,0.5481576382295421,0.6412740137305509,0.5903276494463533,0.5579043086844846,0.6175067146632971,0.6531668176413553,0.6277884954085677,0.66592142705006,0.7620231556230588,0.6201741388763482,0.7511959874528511,0.4951413149262744,0.6589815722356983,0.6173224740941888,0.6551464097810881,0.7280158716626522,0.7094736552003748,0.6439164133240708,0.697686498126314,0.6266776485950306,0.42927680094330545,0.7348008426908008,0.6272725022648177,0.6590557061269112,0.46708885221217916,0.6614076160713956,0.5247780988855311,0.7709109499207375,0.7074810151717613,0.2576207460878593,0.5599998638744538,0.5302739077966219,0.5748904107844833,0.638382377547238,0.6380684352246754,0.717309498442506,0.6596154241593644,0.6151353598702731,0.5453933510801184,0.6136476579429279,0.6872134768392845,0.6981421519784133,0.5074863419046263,0.6497546435957697,0.6280607431120167,0.6942305759947525,0.7004357617810112,0.7133815582726366,0.6851112673818772,0.5377931797320671,0.3540864059209877,0.6052032417792325,0.5719031800990294,0.6579894113800174,0.4536911554918242,0.6987547764294293,0.7131635275505522,0.686941498973158,0.6604138096140741,0.6716955121557435,0.4523719750619854,0.6489013881455772,0.589527372804577,0.3881461092299713,0.6146122494656334,0.7003300384559956,0.6984589094705128,0.6127226453880918,0.48687274754252924,0.6321362574691922,0.7138905457144358,0.6956904293988482,0.577410691550243,0.611190276794565,0.6084730932917694,0.692199818296641,0.665108706049915,0.7204196798710645,0.550412336752249,0.49799775035082383,0.49028035456302405,0.5457627956552512,0.7180674928940536,0.6257393726211534,0.5746128557249734,0.644080610382689,0.47700302848694676,0.5937738242692114,0.5644446781520115,0.6148441782401853,0.6943502811716145,0.524507991951783,0.7488842387427168,0.5709024342659519,0.6811915958785405,0.5652964820705255,0.564611012307941,0.45474609713576014,0.3726822430760846,0.5092251329778275,1.0,0.6673484836822738,0.3700202991772987,0.6537627104827434,0.7044113357810519,0.6088339910336714,0.637864449203299,0.7008031163618431,0.5821211188231953,0.5151308903098809
arc_pair_564013,0.4133219170977335,0.6741159410046947,0.500149014676306,0.6359836772467687,0.7068434231286582,0.46280372607853365,0.6819204307341568,0.6277892171656378,0.5093631450364371,0.4863503267523117,0.41504392566739867,0.6287053333132768,0.4030118468660275,0.5185258365415341,0.6303145258066485,0.7121165065584928,0.6460292859772226,0.6129096523070198,0.5021052958502586,0.588465418177293,0.6156835854250827,0.6799335609337116,0.48535919586295917,0.6443292230024256,0.6593196232979924,0.6353400998627823,0.6924166827146149,0.6387680664698406,0.530304452536079,0.7240837686668644,0.6722089067603998,0.7100778253836076,0.4111515128644785,0.6835010680864069,0.718462719286275,0.7108864404004236,0.6377063584184947,0.6284034538961696,0.7473662128495174,0.6088307518078852,0.7133210892795143,0.5640746876970265,0.6418282005797136,0.5634835802072562,0.6245468380156034,0.5729858127453494,0.7134283848030935,0.6898048826192033,0.6600754203883377,0.5052931209610435,0.5652416376904109,0.753020775234901,0.6355554001903687,0.6797871029286019,0.466719757053989,0.6053295475832117,0.5892683246136997,0.6738111219473054,0.7381552753682771,0.7174661236614557,0.6735464431647507,0.6726482308301867,0.5580898935796389,0.4281519969258804,0.7247773315401661,0.6448938013290744,0.706741494458818,0.4951697133198963,0.6536611013129547,0.4718745599038885,0.7412530360562434,0.7021388182584016,0.21807134999753128,0.5793834965545408,0.4818812648221877,0.6036240053253656,0.7002624972584168,0.6828797855067767,0.7433936329590786,0.6701057357153444,0.6115973883610571,0.5069656753507048,0.6018984498824907,0.6938180144207675,0.6243663737983038,0.5078740169402923,0.6200575355687635,0.6299491603710493,0.7109434834351478,0.6851355815989483,0.6710956832532229,0.6708136559968515,0.5901511016872228,0.3672821280536548,0.5621824332803547,0.5873303094110918,0.6744526237270962,0.43500490258698243,0.6511261252862399,0.7992191311639539,0.7080938605044702,0.6451857173789686,0.6957307364078765,0.4865050155493214,0.5891969672489596,0.6245148769949108,0.35255218792581705,0.6829344745606734,0.6909346464622788,0.6379721932509489,0.5817478933947761,0.47897717152067965,0.5903100714112837,0.6979209267237938,0.7310110536854616,0.6060454920388908,0.5413962327625108,0.5666745373929019,0.7363629458415266,0.7003515530332483,0.6956753152445588,0.6006736568893485,0.4726437795567306,0.505125156053631,0.6260096181070917,0.7307350914661923,0.5869246259617955,0.5999612168334608,0.6007021295749737,0.5173898053806623,0.5604736391148122,0.6254256139894159,0.6285864346862579,0.7211630866602503,0.563709189662132,0.701370565628032,0.5445077374953549,0.7044845915632711,0.5555804366958882,0.581679368427067,0.4230412519749975,0.3826744259991274,0.5419119452660024,0.6673484836822738,1.0,0.3916820600482204,0.6517302476719063,0.6238259887024501,0.5578725207744948,0.6873063231013343,0.6254154443658879,0.6070501100858701,0.6163965907975261
arc_pair_672184,0.2420366173221108,0.3724935920453692,0.3272165315465869,0.3263993486576572,0.32876814830027834,0.2659757402615506,0.38846384554829316,0.3837276721724408,0.35818984911975454,0.3666724900794245,0.29000472486531026,0.28774353181389256,0.3604150885463198,0.269925770534297,0.26729630932516224,0.3435686506880114,0.3523577909120605,0.3809677498167093,0.3640521520087796,0.4310639303437251,0.3764366036523352,0.3091093746852434,0.3889329230011108,0.2909376878972374,0.3525987539022513,0.43602731993646593,0.378369905177236,0.3289206326916106,0.33721854807629664,0.3797378679260211,0.3027599100438649,0.35693538488044707,0.2467905054942869,0.34738180554454,0.3525648833127745,0.3900066430961273,0.33797422520297615,0.3554945745139377,0.39118288898658027,0.29437141352760715,0.32805508332646194,0.3032319161020118,0.35195887501187667,0.30767348584429727,0.3387727045230105,0.3781911337798122,0.3561772737439619,0.2854489171942654,0.4405597038744145,0.32381448117443373,0.36555492947164037,0.42234280862683315,0.3649073139601649,0.3077788229219722,0.3815780205110051,0.28485845047367264,0.2879176347914008,0.40376928452358496,0.41179917821940387,0.35552050216885434,0.4034887266767263,0.29811568860806553,0.3033831845257205,0.28731084180103805,0.4086377814105551,0.34450542995417616,0.34614348422800517,0.3085274294226734,0.4227207950940199,0.34042210276920465,0.4302060383559512,0.3160219227136585,0.2022963697310576,0.28220069714826884,0.3476419547027126,0.3790192988689375,0.3957391508823384,0.2961152260418811,0.4016086091524406,0.28474825114291225,0.3733221490987688,0.336796578146254,0.2803115522765755,0.33752518040487633,0.2949408240183102,0.3984497999688777,0.31503943423547065,0.37755973241160684,0.43990262684167025,0.33574937820086265,0.32979943122705047,0.3538690844027779,0.3190534242195916,0.23636341847394218,0.30416186567119174,0.41405144269187383,0.4263596550394505,0.3055722387479292,0.3890142665073639,0.40270017559274596,0.3471580253807506,0.45995515711772833,0.4194356260609245,0.3040857080339648,0.3372035367632123,0.3073254627639028,0.31184344498677585,0.34058204191297087,0.3700718811166158,0.3294206688176547,0.33101322961280005,0.24388105197362928,0.30460964146763936,0.4122187206756676,0.33647907962401374,0.35460115560816363,0.3410880833527098,0.35990160963527335,0.36515199933185033,0.3387478826221623,0.3279106292010397,0.3179498661047715,0.3815141801661273,0.34524026699956933,0.32112719647270604,0.33867681845288383,0.4047417097324128,0.3349601325414745,0.4031551625732435,0.3726640871790295,0.3804570370174141,0.3110024356575336,0.42737989007297467,0.4604625600675883,0.43129205778449115,0.32255362925446124,0.4440469428221144,0.3045989431363689,0.3891522609112316,0.3699467925275661,0.34847851114194,0.3714917867846842,0.3212917758759888,0.3700202991772987,0.3916820600482204,1.0,0.3295361632943495,0.2947235062435128,0.374908557409996,0.35607700629913197,0.34999995371407017,0.2589477471026273,0.3156296878329204
arc_pair_649903,0.44443787287998704,0.6220274078852962,0.43060706433397206,0.6209318522699446,0.6524651510342433,0.4740079930941213,0.6466612380731231,0.6377676642576359,0.4995822451668513,0.44940758182692775,0.4495893756918847,0.5786624534024299,0.3739627342220411,0.5556115116995494,0.5180881552056276,0.6390260009151244,0.5989844430935404,0.5280423761688688,0.46580775836750105,0.497849413176254,0.5853574803447269,0.6336953626653673,0.46991890348380916,0.6604428192570382,0.5754235984822185,0.5932921129536846,0.6478172539313287,0.5597835423104065,0.4413242545443779,0.6591303846281328,0.5963244662256163,0.6101208850890927,0.4207908094553844,0.678007549239263,0.700505038865198,0.6151749337248837,0.6039275350652533,0.530253094709705,0.6836770736526342,0.5129188463208387,0.6751736865773376,0.5619818694786829,0.6065812378364684,0.5314016154992885,0.6044727096797399,0.5003661902283782,0.5406831324450962,0.6010667699108194,0.59070462161214,0.5366474727886673,0.5884323470807274,0.7174464910527475,0.5702944680084815,0.6739981803064905,0.47428459115847216,0.5973728551580776,0.5266308250887654,0.6262883759055267,0.7497896951544288,0.727453665060676,0.6120169494973831,0.6399714926020434,0.5447956817137827,0.3513764508855049,0.6656612809482239,0.5997512091310059,0.6761369912168992,0.48424404793275966,0.5734524405310046,0.4706085571950639,0.6840003140604671,0.6917776073516944,0.20192056900838146,0.5966543417977318,0.4320861382470963,0.5568625817372254,0.5962735211458341,0.6030640843909523,0.7152575211287227,0.5767401891320881,0.59208888091329,0.514065066084961,0.49753875057432023,0.5994289623162107,0.6192163724699873,0.44326978319590116,0.6136336194966585,0.5924010025378429,0.6521380578309478,0.6812497075052613,0.7299592904554093,0.5743715041505477,0.5088125555202692,0.345845152300233,0.4630558140496764,0.5080871365269175,0.5619396148465925,0.4108999617049964,0.6292565391711171,0.7116234817048264,0.6380859767065208,0.5846074858573955,0.6051243471531284,0.4954589334476035,0.5966390157342816,0.5719514511864299,0.33250414109135806,0.5567959995056215,0.6197027497405138,0.5996759826803144,0.5694173455725117,0.4769575488874909,0.6121326336059268,0.6214322111241212,0.6772427629866845,0.5072579537833585,0.5895387158838016,0.5994439183090743,0.6093172854406124,0.5780063510857465,0.6635450117456483,0.4505470847328479,0.41750179155157935,0.46101464440210954,0.5270276131824227,0.6256695108422282,0.5329278957245795,0.5303753245541221,0.5961140306370357,0.4264016775699861,0.5035628065029456,0.5744055252324566,0.5750595101074579,0.6383728036028051,0.501062081650474,0.7190193877990372,0.5104641614511769,0.5937077313122058,0.4841411368899864,0.5148154885798556,0.35067993795738533,0.29551668477325876,0.47859660210870264,0.6537627104827434,0.6517302476719063,0.3295361632943495,1.0,0.531673203889338,0.5215001130882101,0.6847895806167361,0.651621151160684,0.5380034918240594,0.4612802950885391
arc_pair_729575,0.35664662167093214,0.6506431084862283,0.41513105710817894,0.5155552297823781,0.7380002090966185,0.37728243410379875,0.5886702089346022,0.573019658537858,0.40313505971119734,0.38899111766249433,0.4050385990112651,0.7376619645877281,0.33675676051417824,0.45158832665115134,0.8506460742908394,0.6273949158952268,0.5207486862283142,0.6692567642059374,0.41126161084537083,0.5129722703056712,0.5615587718882628,0.8105597174311286,0.4171718977445536,0.5644129491822663,0.6275578244311393,0.5891439351949379,0.601247350004382,0.599942622796905,0.5757654935652111,0.6160099493878238,0.5167596767912868,0.7099108354897069,0.3244402061218374,0.6771739730068603,0.5942009318954313,0.6628511817114983,0.6073424202700058,0.6037862604045603,0.5710450288019706,0.749045715445353,0.5951760451097142,0.6098283055692225,0.5121932535957768,0.4259199598151773,0.5709418088013596,0.5124106150942973,0.5677796340070619,0.7482831247522583,0.5689240110796954,0.5269013791286379,0.5789313877477751,0.6738709680416827,0.5384334760913169,0.6851732310878601,0.3897913566809197,0.5923504242603851,0.8568627379025127,0.5676982784655488,0.6111623746296865,0.6045149322426632,0.5277609246300113,0.6633448960949256,0.6690693567535407,0.3818543366750168,0.6272930650183204,0.5484427153209182,0.5816979875125086,0.41039484381572233,0.5175580604290975,0.43917229596222634,0.6809785439546212,0.6552122341977195,0.17915620272890406,0.5365909885227366,0.43330272291493893,0.5100595944537262,0.6108580243149279,0.6566945035493069,0.6448048571931081,0.7003837613680003,0.5730535103486024,0.4357608252495683,0.8142898869020293,0.751331614046357,0.665936956621553,0.4249501170782587,0.5122464605900663,0.5090855227918117,0.5994075622849785,0.5859983882702112,0.589962739922563,0.7725901269278882,0.4771611154037227,0.37262180196901773,0.5192060780099232,0.5138780924244942,0.5251823610003217,0.37425770128157493,0.622952829141156,0.669531912022021,0.5946495077117979,0.5587986512780636,0.628444814981372,0.3590552678350329,0.6190279206281846,0.49405645559459727,0.28098407390211105,0.5922800774174309,0.6713062677814977,0.634379934469148,0.6224710836649721,0.4813431230946354,0.5594121599937922,0.6331440180417296,0.6424069082454553,0.4871237335218026,0.530842208082774,0.5076505545989262,0.7776206170968594,0.7346152052293838,0.6334489307677635,0.4827190296969748,0.3930077140345441,0.4442832934852463,0.5180510281269541,0.6273808668237418,0.4939586309007245,0.5988456218574943,0.48818799171662525,0.42047769545992986,0.504391540538969,0.4542071861857686,0.5875226021294588,0.604036059070975,0.5277271877563503,0.6972342256953478,0.47810751321999206,0.8397660641173587,0.4546756143902647,0.5004114257091723,0.371551267593011,0.27919373905067,0.45606594012576984,0.7044113357810519,0.6238259887024501,0.2947235062435128,0.531673203889338,1.0,0.495396607650513,0.5489201015147814,0.5834934860353178,0.6783155636221078,0.6594582088473705
arc_pair_642267,0.35161374807006285,0.5085686881405762,0.5463880973060274,0.5675737927719747,0.5416658991734211,0.43010058796036965,0.5377530677239242,0.5751787161764714,0.5230320179171007,0.5096882309198697,0.45521633485899066,0.47428472001121585,0.4870416773273839,0.428295687611221,0.46846974838025224,0.4868649286910211,0.5263286864915464,0.6035779487379916,0.5513019731845622,0.6248046812168355,0.5774059034694463,0.5584708891493808,0.6523950867920029,0.4575835251625328,0.5013470497819809,0.6410948971212509,0.5386427337294262,0.4873584542828566,0.5058354321759448,0.5317661283983828,0.42306429314441635,0.5673667145393652,0.348812921140411,0.5078521292192751,0.5572736173496817,0.5540486807825137,0.5280632718164328,0.4995356262357454,0.5640497559551667,0.49268015481041516,0.5138331992137536,0.4551244783601638,0.4786400995938536,0.4558504551375834,0.5073273901813551,0.5221082565769547,0.5013558000761966,0.5008675328610709,0.6141694722539973,0.4326413619386351,0.5490610105190505,0.6379799469271655,0.5291916174837421,0.5144882132069808,0.4090982067110314,0.5042163484659473,0.440078743694296,0.5909968564070524,0.6276575788599884,0.5288694086734208,0.6903047339535358,0.5728054829686849,0.5296370890776471,0.4002449446620001,0.6484692921442867,0.5090644516650207,0.538132487188621,0.4405586155974947,0.6511282319875714,0.5892131133417948,0.6490963461429246,0.5710516897483996,0.34942347388610084,0.535887146150847,0.47179706898804064,0.48415018056925424,0.5167616401602954,0.4633315223601305,0.6304532838058489,0.4882281859601055,0.5498879795621814,0.5322353823093348,0.500824386596123,0.5332015506072444,0.4890752443763763,0.5529096140872414,0.46191771998915365,0.5981834866155266,0.6474867908822344,0.540196391407719,0.5454261552872044,0.5635524410455409,0.5976060032894978,0.35148169624982495,0.535818067827146,0.5482361869758019,0.6604355922108769,0.44565051816768375,0.5227551596661529,0.5842584213771109,0.5206773792027359,0.6997563273461215,0.6204812833480383,0.45731148696811896,0.5141874118535714,0.47221572382510635,0.44011673895169784,0.5413441563528906,0.5821337166967785,0.48480801934340856,0.5596303227474839,0.4276509135495579,0.5116725197562401,0.6280113948429583,0.5435161760920865,0.5557923046583694,0.5195934326939666,0.6111888872508806,0.5437835953836846,0.5625039374881265,0.5026413607353771,0.4428781256564882,0.5954610459482487,0.5382794020882818,0.443220876856207,0.5477651637649746,0.5598614437709842,0.43004205828234354,0.5766760033476556,0.5138700839902358,0.6315444377339952,0.44102911105821374,0.6420989545702962,0.668041258973157,0.4281605032597484,0.5642944246689975,0.5805730439332221,0.5214945586943114,0.5815688192964733,0.610831127998399,0.53213738993697,0.4101477230050815,0.5461729299162226,0.6088339910336714,0.5578725207744948,0.374908557409996,0.5215001130882101,0.495396607650513,1.0,0.5604213805704085,0.5214835854545737,0.475225461237712,0.4091349458036408
arc_pair_149569,0.4085256973004001,0.6647739943856008,0.4430193207452519,0.6485760110676402,0.693709393932125,0.4132080344924133,0.6331447553215477,0.6234716466652466,0.4764329024250073,0.40651305743353616,0.3587103782073242,0.6998239158156582,0.38259507268707715,0.4962341305130091,0.5714718229970965,0.6693072750852218,0.628583559878042,0.5373210362362232,0.44068195588589787,0.5241761501370045,0.5942542940350707,0.6678520922692743,0.44087354241142357,0.6628911678918844,0.5473867693644406,0.5643743224290428,0.745639965274245,0.5826088576731956,0.48011371237423034,0.6519465002416618,0.6639958848749714,0.5981730916601958,0.3888639993999362,0.6620044966215608,0.7483475747657912,0.6933390090893935,0.6362645520847239,0.47259062818595543,0.6920332078158283,0.5950852677027034,0.7043084811349184,0.6019322064639818,0.6327001476093665,0.4960427006321906,0.7235259206318156,0.5175108246428427,0.5839464983879793,0.6478596567346766,0.6211013336365189,0.5414241309455199,0.6200503710152206,0.7020773957630846,0.5519716223311287,0.6865732988642246,0.5095149631333152,0.643729450441427,0.6009440435784347,0.6224103343047679,0.7451767194088624,0.7471749224405693,0.6489754469557183,0.7079332858320433,0.5251235336822864,0.35830643683158997,0.7508274152027447,0.6076530738916606,0.7508865300140041,0.4925052753701908,0.6075750942068457,0.42595962601069953,0.6799052318486372,0.7427033531727286,0.19412341323326449,0.6169060124391974,0.45288606677091225,0.5951314475055645,0.6671322008321791,0.6055413914451138,0.7476966672539394,0.6050229029660106,0.5112788139151476,0.4830945224255529,0.5199813390084246,0.7109995952901045,0.5854692779858932,0.4097640935967549,0.687217992592718,0.6172864154434414,0.6456002590796512,0.7242384745735281,0.7140495735139949,0.6300554224797097,0.6157413997752841,0.31526687209748633,0.5308928809747668,0.5576001672539013,0.6329249424890803,0.43394542393869034,0.631228284077026,0.8062784144618648,0.6387362272253176,0.561461737660844,0.6515314731773075,0.4867030201001833,0.6071133367375864,0.5669539037158506,0.34575875176274323,0.621610086376113,0.6649318828037715,0.5474634413858079,0.5249723153634159,0.4441840062818974,0.6396455604432533,0.6203611681583872,0.7387983936240904,0.5308023550725652,0.5650540891230595,0.5573768987030145,0.6475957236076622,0.6916644749728248,0.7214677096076335,0.48369879169494384,0.41472487228702487,0.4517249375845231,0.5561313430667544,0.6434258425968322,0.4923198559326081,0.5625340823972962,0.5959739516374336,0.48036822813212904,0.5312164396901868,0.5806344960451811,0.5409907231622807,0.597163305013154,0.5843181064781252,0.7669034833270236,0.5161804969360647,0.6025365103092956,0.4812156854249708,0.5018008868314201,0.3975238670155932,0.2959168257851409,0.43961999763003673,0.637864449203299,0.6873063231013343,0.35607700629913197,0.6847895806167361,0.5489201015147814,0.5604213805704085,1.0,0.6649920764937554,0.6405228397674296,0.5494458205122594
arc_pair_281486,0.4432016080216525,0.6655979776631264,0.4678527789034417,0.6229173250836448,0.7278813326147106,0.46683948618928395,0.6411748934898058,0.6043199108130773,0.4387752533762841,0.4825501990006671,0.4308303505935229,0.6442998402343998,0.4303023264336265,0.5221669662165224,0.5638147104301104,0.6502179926483201,0.6755330029575063,0.5479225286251626,0.48573969984540744,0.547431492756373,0.5722494616806264,0.6516959425166011,0.4738749632588099,0.6317652253921002,0.5683313009292352,0.6134115602192193,0.6711393735528446,0.618308687604257,0.48356944016415687,0.6498175749283703,0.5440359375740611,0.6970861869783735,0.3618612577392443,0.6855830501668289,0.6687235484984897,0.6844323995093584,0.5845165718971975,0.49868162382582415,0.6711780303649058,0.5304694333866674,0.735988679275586,0.5857229330521614,0.6084755978562646,0.5205004869509242,0.6024653569301014,0.5869173086297916,0.5789300405685746,0.6449769821526706,0.6114403697396656,0.555483868139916,0.6173267084494356,0.6899504177419524,0.6084090313666238,0.6673091844443451,0.45226416826487914,0.6300262859830987,0.5399492367714853,0.644813430972615,0.7305002829030044,0.776991497106774,0.581306908774495,0.6765116180702317,0.5573839694522624,0.39897144415517094,0.6545630539231568,0.7014327043856401,0.7046783575632697,0.43970149118067786,0.5870979837782405,0.4826830026143226,0.7124848569711638,0.6598574095859658,0.2578703739631777,0.5413872530551971,0.480511375980699,0.5296506135779111,0.5861936346492175,0.6388180976314455,0.7059971860042682,0.6324025860141038,0.6181641409584433,0.4847415611613196,0.5300930847266192,0.6477694579020233,0.6613822094028579,0.41457148412595,0.643614098383496,0.5887221273290603,0.6441518690785463,0.6219860794224678,0.7246323794910289,0.6478524487719803,0.48962026090210536,0.33743803627469704,0.48495372464690134,0.5647472310967377,0.5577792149787499,0.39689556421707034,0.6271999401915207,0.7447296738480685,0.6912367616083253,0.5787686737497727,0.6774610918249322,0.5150910233948695,0.6086880264760135,0.5250043478233999,0.3642752104053218,0.5521342052210848,0.6429301937070255,0.5929301881705271,0.6083722001005147,0.45103532685964665,0.5771868750959283,0.6448710850504935,0.6748763269180479,0.5016789073773134,0.5984253203348976,0.5361329047546016,0.6700016651424799,0.5995260921525627,0.7065180116182882,0.5520978887462886,0.4353809552630915,0.4689381155492422,0.5203263035523105,0.60673665801975,0.5433469352084277,0.5405026681936272,0.5511550371232565,0.4611700789123878,0.5145023379834072,0.614576629915345,0.573939905775401,0.628991291176545,0.4762178965949694,0.7134784278694047,0.4963785917371565,0.5930257404388468,0.4846339320591779,0.5174961982750201,0.3872658235753147,0.2915974244036636,0.4781154987724408,0.7008031163618431,0.6254154443658879,0.34999995371407017,0.651621151160684,0.5834934860353178,0.5214835854545737,0.6649920764937554,1.0,0.5239462464582108,0.5564962697143709
arc_pair_27275,0.3549821224418555,0.5912306442564472,0.34915003403586725,0.505648913324859,0.6438323018410571,0.35889334315599997,0.5189101615314583,0.5291577477444858,0.386346707410672,0.3482527267222795,0.3467934025593002,0.7382844246254606,0.2889431939262471,0.45531854519419784,0.6358297156393355,0.5684372363967657,0.5044299919056895,0.536263266578829,0.33305943796099086,0.41062917147676414,0.5175890131898889,0.7879681651999395,0.3741987906343077,0.5117607946046675,0.522865442214811,0.4490965350373217,0.5511592573694288,0.5168061528066407,0.51610331511918,0.5799945119757139,0.605088921144318,0.6044741395981107,0.3156154680246652,0.612972551651671,0.61718286989832,0.5287567304227785,0.585710929512024,0.4808825932824717,0.5921313626409517,0.7210357819156796,0.535845157450204,0.5342603163542325,0.4364808781955206,0.3990782979066149,0.6288690330691048,0.40008080165675247,0.43851677857173965,0.7358770453380558,0.4689739306085869,0.4613118671621054,0.5321746876059473,0.6540438799102668,0.4703269820561348,0.664458248129341,0.4390035558770166,0.5575690449280709,0.7256571571186038,0.49825958579269763,0.5745516292095556,0.6075683868132418,0.521930202287812,0.6493643844311902,0.5606500265138948,0.30748504821737194,0.5944477618408072,0.4557926261096157,0.6492541212055097,0.4153386260758259,0.5218558731862518,0.3473638679270573,0.5838603496856319,0.7037770926457789,0.1633749483520348,0.5344572722903302,0.3602736566921311,0.5433093281650018,0.5170386335997941,0.590307442674773,0.5893641652280877,0.6769859843849778,0.4326156978063403,0.4182799808172901,0.6225480619784594,0.7216271562222977,0.5273707996772454,0.335651176868948,0.5205229758451162,0.44061758031449516,0.5073535373228213,0.5911469949279416,0.5841239311460009,0.6275219054904725,0.5133836175882981,0.3176506643386737,0.42934292835371446,0.495817298405573,0.5519633416700718,0.3890958555513718,0.5259314857163029,0.6987842314043252,0.5220930857651411,0.4943984049417808,0.5489325641908346,0.3667782121510919,0.5987855233157445,0.5064204251634514,0.2533245477631327,0.6342922419528424,0.5393508575214369,0.5398730196896102,0.5299424567099643,0.45773334054711784,0.5394988978384013,0.5576062656865685,0.6641456402572923,0.46380769769532376,0.49127944594944034,0.5280142341158411,0.661539730728944,0.6954543587302645,0.5777150037652676,0.42463606337321214,0.3660326073985702,0.37521148448288416,0.4828839340937255,0.5572210795270505,0.39919653479672257,0.5780325072771394,0.5057794305194332,0.3661066959482083,0.4378952465032336,0.40416588841037926,0.48836267844689457,0.5225844677646914,0.5101520656922741,0.6903347331249713,0.44479905264140956,0.7393295832283839,0.3680254260906897,0.4540797969610866,0.3074954820301466,0.23641654369066825,0.3844179856649012,0.5821211188231953,0.6070501100858701,0.2589477471026273,0.5380034918240594,0.6783155636221078,0.475225461237712,0.6405228397674296,0.5239462464582108,1.0,0.5432277454530985
arc_pair_723396,0.3016391864027996,0.5186474092760627,0.38656291227257056,0.46187314391148676,0.5993964844836205,0.3431316415851823,0.47556117421641037,0.46840115848311487,0.3572847847153523,0.35849013199495905,0.3193207603998576,0.6441627860793913,0.29661570114740526,0.4134720792575321,0.7309978282668799,0.6072622889006891,0.43042320096868136,0.5814576042440398,0.3840620171623002,0.46975359209817535,0.506812758992857,0.642573327826391,0.3862261871248296,0.5176701885204257,0.5104191558974729,0.5144496866366927,0.5632502144857072,0.5787807523519695,0.4726527437593355,0.5451262831063687,0.4964938188140808,0.6391468413844783,0.28907287068503446,0.5595561052540562,0.5299018741998803,0.6318485351698578,0.4567394395125907,0.6003200145873059,0.4719424696184728,0.6694999624675584,0.5362727567799299,0.4609693765065631,0.6088605413293526,0.34866619110079233,0.5064935736681394,0.5502807951197669,0.63839041818141,0.7013518967203226,0.5083489261494455,0.3837395427237903,0.4541808244405744,0.5821747414931097,0.5304260503691662,0.5707484657695306,0.3118488973313883,0.5332841205797404,0.6449104152698174,0.5733136548201438,0.52586324260925,0.5407201367218006,0.4726856977872225,0.5750209091868745,0.5105961090006499,0.3512243604430062,0.5469798422104764,0.5215106038928564,0.5180463112492955,0.37213853467972347,0.4678665378100141,0.35318962649767116,0.5627755119977854,0.5879364940104008,0.16097573021672146,0.4442580486023121,0.39322824537963497,0.4427350626631135,0.5439862608297035,0.6022267160989713,0.5955187176008387,0.6807260977772209,0.5394988093776868,0.35436335424830906,0.6423049946667236,0.6495249147962354,0.5231314615691595,0.36267147825713547,0.47543814475476137,0.48738521430191023,0.5319644564270434,0.5037609814560122,0.4771749388659822,0.6220054886946933,0.4235623758073809,0.28952296994983534,0.4235496642357381,0.4702822801619857,0.4733024422722327,0.318628351662827,0.5150276216454182,0.6441389564833594,0.5609910292364085,0.48142849769991086,0.5655003923259719,0.38258591091884114,0.49322704906412235,0.44180440223641,0.2385520598961186,0.5182721654232147,0.5669715017242469,0.5141223353095535,0.5300189059596554,0.3983177465089578,0.4400619713568301,0.5510328125917086,0.5879521845873141,0.4448414026290473,0.4731872569164763,0.40948904170848993,0.6655599642956802,0.6364296737200049,0.5588634580011427,0.44753296809069865,0.33336847979867207,0.39380455345074844,0.5476648989008073,0.5247673831397602,0.40972280582173976,0.5074274942069509,0.40608684578759835,0.41962948411937545,0.43112925193482776,0.42659444592570556,0.5694715408674434,0.5692332549094432,0.4452894272577991,0.5503850664892337,0.40190560118564245,0.6406384126969759,0.4359918966079803,0.4155921461960322,0.3213705633833394,0.26491369865502956,0.43596444386156985,0.5151308903098809,0.6163965907975261,0.3156296878329204,0.4612802950885391,0.6594582088473705,0.4091349458036408,0.5494458205122594,0.5564962697143709,0.5432277454530985,1.0
