,arc_pair_221519,arc_pair_161493,arc_pair_48468,arc_pair_684529,arc_pair_206257,arc_pair_249616,arc_pair_337111,arc_pair_290847,arc_pair_726656,arc_pair_447717,arc_pair_218228,arc_pair_307657,arc_pair_48188,arc_pair_147702,arc_pair_169201,arc_pair_694660,arc_pair_25587,arc_pair_542791,arc_pair_682126,arc_pair_402982,arc_pair_578116,arc_pair_307953,arc_pair_313438,arc_pair_203062,arc_pair_197122,arc_pair_27742,arc_pair_255622,arc_pair_139628,arc_pair_58054,arc_pair_557730,arc_pair_610128,arc_pair_283483,arc_pair_370771,arc_pair_522221,arc_pair_624573,arc_pair_144158,arc_pair_257950,arc_pair_115275,arc_pair_593564,arc_pair_708260,arc_pair_496804,arc_pair_247784,arc_pair_230744,arc_pair_364083,arc_pair_511862,arc_pair_649551,arc_pair_489657,arc_pair_270697,arc_pair_446116,arc_pair_148500,arc_pair_90669,arc_pair_656372,arc_pair_664080,arc_pair_257072,arc_pair_261455,arc_pair_547258,arc_pair_67750,arc_pair_720681,arc_pair_347280,arc_pair_588558,arc_pair_594469,arc_pair_649403,arc_pair_599471,arc_pair_718797,arc_pair_695283,arc_pair_516918,arc_pair_724174,arc_pair_260376,arc_pair_551617,arc_pair_358495,arc_pair_450035,arc_pair_64470,arc_pair_665109,arc_pair_726873,arc_pair_461800,arc_pair_156269,arc_pair_269928,arc_pair_242245,arc_pair_384979,arc_pair_51712,arc_pair_595373,arc_pair_295568,arc_pair_142660,arc_pair_495861,arc_pair_167650,arc_pair_82729,arc_pair_169398,arc_pair_435729,arc_pair_653762,arc_pair_644674,arc_pair_365022,arc_pair_716732,arc_pair_692544,arc_pair_134659,arc_pair_639703,arc_pair_632661,arc_pair_566053,arc_pair_129381,arc_pair_271027,arc_pair_493828,arc_pair_336359,arc_pair_621082,arc_pair_731860,arc_pair_323321,arc_pair_462000,arc_pair_43532,arc_pair_131562,arc_pair_119264,arc_pair_625567,arc_pair_16513,arc_pair_101269,arc_pair_176092,arc_pair_523521,arc_pair_551110,arc_pair_521750,arc_pair_166773,arc_pair_532740,arc_pair_700005,arc_pair_474346,arc_pair_460240,arc_pair_594335,arc_pair_24655,arc_pair_278581,arc_pair_75573,arc_pair_641885,arc_pair_292663,arc_pair_39421,arc_pair_703887,arc_pair_22407,arc_pair_717256,arc_pair_89302,arc_pair_714315,arc_pair_464015,arc_pair_674772,arc_pair_280409,arc_pair_388971,arc_pair_674359,arc_pair_172674,arc_pair_217721,arc_pair_649523,arc_pair_492710,arc_pair_297765,arc_pair_208250,arc_pair_713999,arc_pair_564013,arc_pair_672184,arc_pair_649903,arc_pair_729575,arc_pair_642267,arc_pair_149569,arc_pair_281486,arc_pair_27275,arc_pair_723396
arc_pair_221519,0.0,0.7691785476453452,1.9804795693419623,0.47782628678740735,0.45504624237072633,0.8907909744265354,0.39254452297602627,0.5866076571157499,0.7723412711617547,1.413741399407472,0.6566941974213607,1.0688041854155226,1.035099043357096,0.37344056994522995,1.2258027193145555,0.5377408589164402,0.3129593553514622,1.9108234154501105,1.3666957539096771,1.9010280972754376,1.181485470335156,1.0578853822036336,1.6608243705407002,0.43103041661419444,0.8339970872609458,1.3828881445342742,0.6160626897965643,0.5461964471167992,1.379992632671851,0.7123693935504745,0.4570500707519727,1.4595222307277846,0.6068688283253778,0.459285403374616,0.44615482709414267,0.8370401100351103,0.6865217182935501,1.1042506317548604,0.647262949011957,1.1549546599788811,0.5980593657297328,0.6881553988162792,1.0597454675818214,0.70497230587351,0.37638885922748155,1.0014953431723301,1.4005515898371885,0.9353703911802993,1.2933604875810891,0.3328734009103992,0.36930704979960827,0.5523893923775125,0.6026211272157701,0.4116745872525215,0.51435719406066,0.2773298178617767,0.9763069806605449,0.9586518885357447,1.0988565172978273,0.4198098050304284,1.1620036127282825,0.5603526716565486,0.59550993834988,1.9211236392836633,0.7526082128737823,0.5968551370713754,0.33089005747111133,0.8664322328844194,1.0662273683277337,1.245528212523008,0.6537307473347403,0.3935092748506346,3.306266236639801,0.5133873079671645,1.4413252943399892,0.5851820826425389,0.7494285845042976,0.6416592690056389,0.8479302202615127,0.8613736337367852,0.7819628515678374,0.4447613568652573,1.148323375621687,1.2917126198495748,0.6238583033454597,1.5300355674010795,0.33258757605027706,0.7543945586784203,1.4574326696835755,0.42733530767537364,0.3901327043466098,2.2127336701135643,0.6533123162814249,0.988865438809174,0.6405091382303499,1.3979414979809284,1.0375514065111155,1.4300852421983399,0.908392955947353,1.1101017965409443,0.622807616799713,2.3297898508412556,0.9397838209661243,0.6757695312241248,0.41635031924120947,0.6094905731571681,0.721521372770311,0.5283426415016249,1.1861268337258861,0.4332581123219742,0.31920459489542385,0.9316655671683547,0.5306319928750742,0.8521029171854958,0.7034488277763371,1.0224671011893045,0.3004213810215082,0.9927470863042086,1.445001282995575,1.6729070120698348,0.4383305669913746,0.5548120607351212,2.439140620820639,1.3244513962056321,0.6487362622976887,0.7202754424510427,1.1679653743129703,0.7151200529265946,0.8719863667800617,1.556175378190947,1.5571552811700842,0.5281659826120648,1.1591681626022545,1.867399480494484,0.7497425389256386,0.4606481045305455,1.9379842819795416,1.11571718160551,1.5382944873994677,1.1008256740115383,1.5871396862771467,1.9208777049650687,0.5355557425932496,0.4900337825945664,1.1632603367904921,1.1589279215693238,0.3600611287538842,1.5141415247779473,1.8964256393351746,0.6001505989710461,0.649910379413974,0.8611045782998158,2.1014892128445153
arc_pair_161493,0.7691785476453452,0.0,1.3821084380782929,0.5016951375615504,0.48411265672158765,1.0355254284675692,0.584485175612851,0.4150473416350713,0.5760641549586796,1.1721227697070806,0.7700865295224599,0.7623396392171822,0.9153552439294674,0.6931150337049812,0.8907641193548128,0.6019774727817542,0.585565423562709,1.389905843171026,1.074805646994528,1.3881205908484224,0.7941820975746706,0.7298920257553788,1.4011792702343189,0.5660732613209697,0.6462207164806543,0.9898637978655314,0.7034113280231413,0.6514929045101839,0.9941178055017651,0.5000250855530757,0.5926352603487105,0.9532731733096795,0.9211476567257469,0.36279519323332615,0.6201711909899442,0.5675674146962709,0.3673578349561804,0.8501358174746156,0.41851639019429465,0.8141457587338468,0.40272298461516853,0.696044521550747,0.7538249091698803,0.6431558176894205,0.46973455955064636,0.7871461097791754,0.769386967300425,0.7451854867752405,0.7151333875067014,0.5970940117820966,0.7044861828006486,0.46698132876847637,0.5477608888381731,0.522161299698893,0.7498052351083848,0.5395279138867668,0.8165123833519512,0.7156876565028165,0.8176270614107386,0.3999734008851227,0.7355968365004242,0.5839699675693009,0.6278107385485303,1.586190811205145,0.534880572807485,0.564712248459657,0.6333493663345063,0.759058775871865,0.8001526270939492,1.1492960306463802,0.4905271352014956,0.5727760988646697,2.617986510710292,0.7390688069643024,0.7830408199132107,0.5073736824974998,0.5334228023903728,0.539219951661646,0.6938173306275386,0.5814659388075034,0.6333327100750674,0.6395024205148894,0.9653829718624027,0.8495381884435573,0.554285129517651,0.9705845667831963,0.524699287631842,0.48545762229376815,1.101738549873661,0.4023731485797616,0.6045851570781806,1.4934895715731655,0.734136570759766,0.988809326480732,0.5880482697162543,1.077634107417719,0.7024959644301243,1.1862382783668424,0.6750819167373767,0.663862345393549,0.5756731121212982,1.6656215214548984,0.6012862144477845,0.7282461730946355,0.7276385928928775,0.6938167200815246,1.0926473212355317,0.7420164462773333,0.7979257540594095,0.3562798465839184,0.7308860770831186,0.7368977621155981,0.6150096966639717,0.7058727793934544,0.5146769272156395,0.8402415038240509,0.6902778664682077,1.1875293922206058,0.8206437599873007,1.1499896013693909,0.4547819275451994,0.5842197615959119,1.716388187512378,1.1438380606362957,0.5915328671429387,0.5473886027671708,0.7217761049267091,0.7578956079007961,0.8012143933704403,1.2477353101665385,1.0623246215716964,0.48022641051666853,0.7151755520273309,1.2662429788563838,0.7793497744826532,0.581004457427114,1.5151244349772344,0.7219188108792637,1.01269673532956,0.9258930630585888,1.188947445165529,1.384459659425128,0.6920386044158424,0.40095740902764754,0.5583371210922627,0.8703556928626062,0.5677468047952673,0.9472213059843815,1.4637352328267708,0.44505111980910833,0.4667611677105852,0.8078559977638191,1.5052063286745294
arc_pair_48468,1.9804795693419623,1.3821084380782929,0.0,1.4896293484980372,1.4828851498713624,2.0517782736693633,1.7445083901236687,1.2966505847143064,1.098320502918122,1.0942800864943136,1.5280059190558184,1.6239466839306167,1.08685329066722,1.8154563797478047,1.5486278263711415,1.7219801865348425,1.8623302235302641,1.3673255505256305,0.7192768276059327,0.8747878972846275,1.0873724090251655,1.5316920412320874,0.9062065315267827,1.6974357279790437,1.5138653865253837,0.8558817393847193,1.5757565633147603,1.5653265285981406,1.2517918945996533,1.410652550473699,1.7913331783970983,1.6746385793450036,1.9600901390234886,1.6637127748215883,1.6173897361810206,1.3242588765508339,1.5488020944455796,1.2131138933765295,1.360973305285055,1.7079530836603851,1.3740326026940444,1.5032876296735609,1.3198231127575457,1.7113832147253203,1.6443129520422959,1.2899031623426982,1.1416796433464989,1.6559386377196197,0.9087046038480358,1.6839346131513524,1.627887344551301,1.1944014111566554,1.48477115124035,1.7359299748120491,1.92259903880909,1.757934999155648,1.80939713865253,1.2159881714364036,1.2837749324968206,1.5463201878705588,0.8502088988164613,1.664185337964145,1.5736269593501313,1.3539969281717554,1.1281885515755736,1.4760890735151317,1.8385837856326757,1.5847226655350999,0.9245044503025046,1.4733765151010076,1.1506422863424544,1.624891919986093,1.3906266681711643,1.892659904074688,1.0502799409248662,1.5048328435147207,1.2324056061251425,1.7086397552935453,1.0821974718514336,1.5973155859089987,1.1056416941226699,1.6547703070105078,1.6071423427421343,1.4589842075403325,1.5835486327488395,0.8497423091438081,1.7845049599178449,0.9776514695299477,0.8568756689375157,1.446277655976213,1.7864855126875054,1.6341115047702934,1.6188874042080061,1.3656989576234138,1.692769291968967,1.188102098008311,0.9019775026327712,1.4209579752821628,1.4109165032262903,1.2776591359888256,1.482164287880874,0.938688266441692,1.1869889109486746,1.5226933624926688,1.7930202512149094,1.8039358144073194,1.616663245932021,1.7591196482480302,1.245721102718431,1.5217347307040325,1.856037268715883,1.5993140646551973,1.6085513611873217,1.1795406096247465,1.4128586433719785,1.0621721014134489,1.5913503477844386,1.847447256618275,1.3159345396961122,1.5495262438095492,1.66657654454373,1.8789734861266651,0.7940335524634203,1.0093912180165838,1.7059960197662853,1.5504602292408438,0.8749044351588089,1.8827478539271323,1.3208797947536761,1.1395062490092411,0.811580174259662,1.3522255365903937,0.7989717075598822,0.8161347752239789,1.7732041238695109,1.5400128138862725,1.6746932484554333,1.5529917002930618,0.877221725383126,1.3961330722716594,1.0090431970582072,1.0682895616110966,1.553842313352145,1.4385609026355686,1.2581149817682098,1.2396911034489388,1.6699240425362185,1.6274849879133515,1.2269917467217586,1.4421197491310427,1.514175403074131,1.981262178026176,1.6745460952822087
arc_pair_684529,0.47782628678740735,0.5016951375615504,1.4896293484980372,0.0,0.2945550496726876,0.8590744664864263,0.48008937887843073,0.44084399960325715,0.5842002208275355,1.1233429650090097,0.6686380634824379,0.7345310473272244,0.8023636410900332,0.5023760005456077,0.8744800565933301,0.3900882718748084,0.36615544587263327,1.6087901469336456,0.952873245172482,1.3976129027899264,0.8112379340094908,0.769842819594539,1.4041792867640543,0.361938736218962,0.616981193407421,0.9425829802847596,0.4081606412598181,0.39346936444789604,0.9085835211226465,0.40507517912944424,0.36555142865759893,1.1133368464678592,0.6863045675682431,0.41547721995608633,0.3148749227137898,0.47558363280433724,0.5275578834698815,0.8458838561590687,0.44711725604271035,0.8978785781109977,0.44574501038545433,0.45058959134523446,0.7074945604154316,0.6102967183291611,0.2777636074928945,0.767705090458133,0.9452303494035499,0.6787837275949199,0.8526721804536888,0.41606890574083577,0.37765604007724574,0.44018967258873076,0.6121426652231767,0.36962540585185344,0.489840670297801,0.3731395511537195,0.7441543683890416,0.775967298089823,0.6658401372765476,0.4033873833541136,0.7636653907541662,0.3476893944645034,0.4849636349167287,1.5098946948155225,0.45092756472175965,0.574383065595311,0.31189244107945124,0.6351796750093548,0.706451761272574,1.0871298852569558,0.47048566249135654,0.44739680094145384,2.824445469898862,0.529600856579366,1.0577846332770549,0.47542048628362366,0.4753093760746112,0.5413738259061935,0.5381357357407204,0.6328139561532646,0.567561334792209,0.47482898282921443,0.8515239414321202,0.8283292428621516,0.536429996420253,1.0703314895212626,0.32724687503103034,0.5933225058401089,0.9848202522313443,0.31474665256926,0.37822481659280394,1.6787364461986358,0.32099456961557893,0.9013571886300953,0.5475342920945514,1.0682840903381705,0.6845015058667222,1.1440286561203807,0.6735916709239642,0.5554364154656308,0.5316327384682921,1.703090231407237,0.5923745777737284,0.5937761699928661,0.385615102822072,0.47365584973250974,0.7638314699239076,0.5294470078169596,0.7194887214855383,0.45700133533300313,0.5436103697072858,0.8134207034460533,0.3942567955495391,0.5787010970102571,0.41246329651520286,0.7350616408400779,0.3807890399933239,0.8979313700617357,0.9892981172920883,1.1070219506593606,0.28627820587372055,0.6031367485563978,1.8211256620247604,1.0340185137625653,0.417471575546433,0.4631550963222845,0.8156804730299307,0.5901279536929553,0.6338759694303271,1.2034135328275877,1.1355265021090473,0.3775724011521967,0.8622141915160202,1.2133527910949922,0.5404231360183395,0.2545564023679046,1.4420214051270484,0.8326932273020449,1.0935498737352627,0.8541897979919674,1.2175965425593323,1.4599255113111427,0.5352460345458128,0.36630758833846766,0.6519436432499026,0.8533809512108076,0.3352148631168165,1.1283245733170555,1.3230894234073796,0.31926498426654837,0.4637394682490499,0.7493061433604713,1.6046510349193432
arc_pair_206257,0.45504624237072633,0.48411265672158765,1.4828851498713624,0.2945550496726876,0.0,0.9177286381153312,0.5663615943040746,0.41982419706336616,0.7077510513282661,1.1208551534452829,0.5310473597577109,0.5533324682901486,0.7703730389946811,0.44854223513218344,0.5242581417193172,0.37594490001967473,0.37917280156458705,1.2894799711871467,0.9375145243261002,1.4654147187537467,0.8828749330830831,0.5945759253167547,1.2743510004199479,0.29986239304209705,0.5456379095133739,0.8250864945815553,0.36987028653781373,0.24388893217998386,0.9062766272746731,0.4597072560612208,0.45434159084272147,0.8393984826881846,0.7044256013663288,0.28562862872071604,0.2974492259942377,0.40735608743887464,0.6009486283951877,0.7536054252481594,0.42503780828646787,0.6635331863628471,0.40145671052028165,0.37084838123718755,0.7244988498727178,0.640825669555146,0.25979892539241717,0.7369072198976623,0.754324936583078,0.43288740771812184,0.8278168270627166,0.4226777056469524,0.3040472741001409,0.3785337612257431,0.6096712649530462,0.3750989473079531,0.4594781575993717,0.2529927943707395,0.5569475251036219,0.7075944215882539,0.6278609429870176,0.29617374098267435,0.803844698862052,0.2871415930683784,0.3488202117812615,1.571439276365105,0.4626271730532665,0.42440630453358147,0.3078326428554371,0.6992026071089592,0.7232366540833953,1.0769214552056863,0.44832116982840925,0.31950585084746963,2.874744218238196,0.5037291312257994,1.0318936327930814,0.5541063047830678,0.5544168256053097,0.3442747810710922,0.46782367595774127,0.48129816283229515,0.563277624352694,0.547137557361766,0.651483107408109,0.587307419850225,0.3489459588099624,1.0797725968925933,0.33270661867085993,0.633174864539733,0.9299034295203126,0.3855426270529442,0.42740326370499593,1.3500289176578597,0.4412792479771024,0.9204304070306686,0.5269109143415645,1.0288796534233458,0.644616265533591,1.1862973713627265,0.6954014255702549,0.5885543133929874,0.400676431021743,1.727787172156884,0.4965443798928463,0.6883125815282138,0.26813574682744734,0.475954753882526,0.8336942308478423,0.41800660548429175,0.6319055182817059,0.42733695798667515,0.4395649653146354,0.7283357357758533,0.37081538496836536,0.5685241588716623,0.29986054686071595,0.6366022642047819,0.3367726099017308,0.9330836841255437,0.8363094165085075,1.093837302741653,0.25123985393286624,0.5866672081857628,1.7588706765972568,1.0896203371008963,0.4053346588878891,0.507913888217866,0.8402771394563089,0.5745106109741409,0.6644378217999097,1.2823520480053454,1.1024552473459726,0.34545663261636816,0.7684277912705912,1.1746391403535812,0.5329622935982518,0.188060605045579,1.4201118538415336,0.6150484795699682,1.1456498956189636,0.9743884208823844,1.2961479633624609,1.5145578494015457,0.5170465106837048,0.33938794821983886,0.6484813883646315,0.9614455892973975,0.36421925229581,0.8395268053604567,1.4174103977791974,0.37505795229911437,0.30026017439444874,0.5807508623712545,1.2390598957764047
arc_pair_249616,0.8907909744265354,1.0355254284675692,2.0517782736693633,0.8590744664864263,0.9177286381153312,0.0,0.7655846135881753,0.8940027950455908,0.9418335159947301,1.6189205821539217,1.045066571699825,1.3660130862843163,1.3259700750748344,0.9491877007961225,1.4374199682122184,0.9999552049469712,0.7469517917574624,1.9710390146431083,1.5194987290183422,1.9384689338433605,1.3566422479408828,1.222719146979817,1.8109459604042182,1.033446168564174,1.1121636325161726,1.544594074837665,1.0752565823208526,0.98492244949343,1.538984514074862,0.92481634010556,0.82246262711651,1.6425659030207054,1.0833784832455846,0.8999571075018027,0.8599586949621814,0.9666035220672029,1.0207524446959435,1.1984065980580962,0.986544552844639,1.3387300692536988,1.0738862421577997,1.0626425968098927,1.2125469582558233,1.1004547847544053,0.7543840674293534,1.228634609535973,1.5384618855316092,1.1484074307640013,1.420714141905039,0.8886822357642499,0.8409613796391209,0.790400434708159,1.0245801551781506,0.9017573635770907,0.9745402647565655,0.8842217724346138,1.239557959110643,1.234491487346362,1.3540134731633322,0.9240698888504429,1.2671115007239646,0.8475473651913226,0.9095655856277265,2.096239076956225,0.9548547267839115,1.0836774567732852,0.7426542775549595,1.077295300664883,1.2088044781329337,1.504416064963105,0.8670070055008043,0.8640554995397263,2.9288450277475855,0.9073066712831399,1.415628394129757,0.948048345538811,0.9852666957443141,1.0927383653855758,1.0840006312462735,1.2297071452563577,0.8589381693911922,0.9293569055078246,1.2793496267549431,1.5106274566750395,1.1186974287100973,1.4080037914609393,0.7633367429877624,1.00212622667912,1.5078353128577686,0.7621988790420768,0.8591322792088215,2.345256277649871,0.9240622135449038,1.2676027626114152,1.084537071691472,1.666910328689115,1.2231359354213351,1.5083116613577456,1.2465036662353497,1.1896615492536675,1.143090372973514,2.212263142760153,1.0700749048339475,1.0072588983353845,0.9126086438627754,1.017997749147804,1.1839798514387958,1.0099450219151187,1.35937754662715,0.8049730404310531,0.8023507305160539,1.205789599729309,0.961436311235961,1.0239829415693542,0.969659489804336,1.2674305448479337,0.7908756966080038,1.2947872812353287,1.5600961432189084,1.715937976996482,0.9280753180222381,1.0616739540612352,2.3402664388408714,1.4909001922257723,1.025492148496848,1.019944328803331,1.258743773448575,1.127249244459244,1.1081195599028821,1.630063429927628,1.7407275512254345,0.9706332676951552,1.2322743186560645,1.7590374499179,1.15884410794496,0.8208734581494834,2.0316669676160557,1.346582201969349,1.6489658586507518,1.1518125987004528,1.5014925746208196,1.7784807302732237,0.8011397402097018,0.8537741744039407,1.3178649272132406,1.3429882935718345,0.8399338183706515,1.6723977170891131,1.8647966711147979,0.9129485363647639,1.0854313714224106,1.141475412594859,2.2574558430241423
arc_pair_337111,0.39254452297602627,0.584485175612851,1.7445083901236687,0.48008937887843073,0.5663615943040746,0.7655846135881753,0.0,0.42106541855498414,0.5593364598387354,1.3808889831730649,0.6317472681780132,1.0776264424264541,0.947405231374968,0.4431632448213799,1.0995966396035461,0.5106444938711483,0.23797776365802778,1.7381685185961606,1.26071492965285,1.5953993980920207,1.057932709056576,0.9458326084425734,1.5896478537900216,0.465953717159456,0.6641377522573495,1.189424114321307,0.5854500047131423,0.6357533082951633,1.1690338009935755,0.5031686386045726,0.32281762623947713,1.4105836273700691,0.5717833211811109,0.3383590644216199,0.5244431086671063,0.6622408705336987,0.38526133727059625,0.8670470229555468,0.4396430647396582,1.1599715489685154,0.5759684343651101,0.8334358751654555,0.851345170153582,0.6305316057621184,0.3897131667359586,0.822586890472719,1.1314543311653458,0.7661570395417923,1.0506569276563444,0.37201746931110463,0.4191657556388576,0.35362899057355635,0.43325178077204207,0.3155147268613367,0.5353520581723463,0.35727395475864004,0.8963531181667999,0.8877107930248744,1.0548351073190578,0.3235846450356023,0.9951562835179883,0.5025672869583365,0.44920988042246274,1.825644877008645,0.5845588927427191,0.46527597619565875,0.333277623184536,0.7000625645017421,0.9812899378429285,1.1681083892375148,0.40296492241025156,0.39001804672471463,2.975979488586391,0.4592908447060484,1.123315326453806,0.3143190466664732,0.4413167822262374,0.5563916074076128,0.8955035945002926,0.751182498869904,0.5980669789719225,0.3403627419994991,1.0353029750190366,1.1821580178758528,0.48031997905020263,1.2829064452367562,0.2812048693958847,0.5813982646749006,1.329897344758474,0.3275263893949711,0.3123890996883448,2.164546427973178,0.5950162059516161,0.7491836761100796,0.6994506519328112,1.461298094256618,0.9612945923182726,1.4324324080905768,0.6616560838312531,0.8990428813679127,0.6583770034674855,2.119214752749045,0.6824825895302908,0.5032132921667646,0.4882990144810817,0.5989512683368295,0.804593256393701,0.628059302618772,1.027760664319296,0.24823106728668012,0.3459792347413069,0.8596924588327741,0.6218356251394774,0.6179757958514582,0.75244591134944,1.028554949922412,0.3902225136122315,1.0405262557577233,1.1550439048659633,1.447419033163958,0.3911229237714856,0.31642838443144855,2.2630572034674206,1.100032984090977,0.6403454109319968,0.4301247513535611,0.9026266977426802,0.6858840037218155,0.7500970956766613,1.2579806900839603,1.5290847965022338,0.45154038752501924,0.9147768009165236,1.5721829650736365,0.6778433385341281,0.5018283568917169,1.7893577813673769,1.0467422956394148,1.2878327813420218,0.9216506484952617,1.3124145419696585,1.621538351166206,0.4799207152547367,0.33893792915058857,0.9304566442105511,0.9658025307947393,0.34168536452455844,1.3725654435907486,1.795535615030211,0.5113445700435126,0.5588598932358239,0.7873746599503391,2.021772941898424
arc_pair_290847,0.5866076571157499,0.4150473416350713,1.2966505847143064,0.44084399960325715,0.41982419706336616,0.8940027950455908,0.42106541855498414,0.0,0.5333279477018459,1.0325490157751385,0.6689290195808835,0.741583991239211,0.7700357438871634,0.5678073160198909,0.823740214240416,0.45423977634539847,0.48084304904348707,1.24147059201287,0.9572246354752125,1.2414721993227067,0.7670543268545967,0.6439556591372053,1.2025376036060489,0.4171663556478411,0.5467893030025207,0.926365255866251,0.5677724327820959,0.6199986234664908,0.8796403150017713,0.3544109933717906,0.5057838547921693,0.947189675846928,0.7176661115618346,0.3175680564826298,0.4663433700764694,0.4262770145643457,0.44667837059825355,0.8516739458569675,0.31461296471194766,0.8389484331012812,0.43284371840727925,0.5363461293116766,0.7384083689958327,0.6926442201831251,0.3826468402456139,0.6386025778835013,0.755332842079735,0.5727428829261401,0.6378288360132693,0.451257988852388,0.42991117937377854,0.31837957161563996,0.4650524028771569,0.4024855186600268,0.6245456439272196,0.39854908355257884,0.6967441308757911,0.6103948462276493,0.6406828508079315,0.3247098995418288,0.5580958312175028,0.4032245347096482,0.4450109090214866,1.5407863155852977,0.47964685404520896,0.4503910246216224,0.4493435837520884,0.6455829001899216,0.6593478887955175,0.9666780834214931,0.3246229235586546,0.3800455203982753,2.4908403736363507,0.4159050625832077,0.8500940856241601,0.421301725839889,0.4960326082114892,0.4686842044783677,0.5893462017145732,0.5459177232423404,0.5749365653422247,0.3863353552304299,0.7951586702059543,0.6781579112457912,0.4426042168140014,0.8397265830495722,0.42822203935745085,0.40949952760872343,0.9735469226827358,0.3452672548492499,0.4863183491812585,1.4222266257649987,0.4793864750038884,0.8429459537730525,0.6023096154291278,1.039939829934922,0.6089614521500557,1.1670850417258196,0.6470291447497701,0.5527572140618044,0.5413017523836676,1.5491776796844279,0.4141182923223262,0.5674511782732158,0.534053711229146,0.4988763749768228,0.8307878481918953,0.6278062407041793,0.676676969896087,0.35207900095135636,0.536299906574455,0.7002547646903454,0.5047859205011067,0.4422932930059704,0.4521185666757428,0.6998282224571463,0.4671298045752238,0.9001483899682086,0.7663538122147882,1.0030337786067127,0.38170375197465845,0.5583834113642149,1.6040692558450433,1.0592671412755945,0.5296450787943001,0.44423706838945876,0.6154350643708125,0.7264202928626338,0.6530969553823001,1.1071361318010655,1.013049227886717,0.4122178718867119,0.5900961560524443,1.1890933971516113,0.7663660283442612,0.4454224299882358,1.4217985592662143,0.7595704698667161,0.9216139176454206,0.7951479848766024,1.1420021631235704,1.2141387474774432,0.603273004478668,0.2984514413157752,0.5963143445825673,0.7484208482828576,0.41183690720757826,0.9462836950038612,1.2635940510119976,0.4181041967100056,0.5063698158316081,0.6505309932835548,1.5041270292745106
arc_pair_726656,0.7723412711617547,0.5760641549586796,1.098320502918122,0.5842002208275355,0.7077510513282661,0.9418335159947301,0.5593364598387354,0.5333279477018459,0.0,0.9737626477276272,0.6247676124879413,1.0040089621478128,0.6846457886154629,0.7938726036874737,1.0400818705155803,0.8022433785592937,0.6429909455539591,1.334765726255041,0.7657828897824399,1.0660557627222556,0.7396655611050584,0.8524203767198798,1.0294159948618145,0.7789753320084847,0.77421363748411,0.8140778313837393,0.7350893150227362,0.7759059477224525,0.7962678948750828,0.560395652426199,0.713520316100339,1.1687489513986504,0.903811555543029,0.6726504743941794,0.6549906102891072,0.6593944964717269,0.582255159567835,0.702417195543386,0.586115662452991,1.0186789089970558,0.7562108646604199,0.7692443591535028,0.7172856307221873,0.7223249876865268,0.5610109840990406,0.7696527347651776,0.9386814056542171,0.9081726117446927,0.7561273112714388,0.6669280217165944,0.6292225295940506,0.40610481364102724,0.6397006882393287,0.7026891574078474,0.7769246430555699,0.768826646180204,0.9818319260407947,0.7651832663823319,0.7334484787587787,0.6285575654496702,0.6002926486817027,0.7182819722015822,0.6249383790983776,1.4364380147960198,0.49789186870763236,0.8481222545488881,0.667960676494312,0.6928977829851168,0.5812427544146842,0.9011201174359148,0.45305374356149763,0.6890080696100283,1.9629700590310737,0.8252092079527747,0.8986810261192111,0.6028801318642714,0.5743526569908661,0.8534474906619619,0.6799916671809689,0.8829822403858459,0.5331432672632811,0.639594257034698,0.9199103132253503,1.0083608955116485,0.8133750401549982,0.7090447681585894,0.6285516336927421,0.48049933627613023,0.8165872928351192,0.5546283733983964,0.6641837785777674,1.5436264104213884,0.6866258801121785,0.8652759252045579,0.8326222492573265,0.9146673278551664,0.5411224915332227,0.8657595457959334,0.6772900187328115,0.7513794096824076,0.8025567267589101,1.3069032048719502,0.615544300214883,0.6719219358180397,0.7155638096200102,0.7739862728453271,0.7747795390093412,0.8260840498699931,0.8076821936132356,0.5417952022772561,0.7109811169641198,0.9037954152407962,0.7465005577888602,0.5248234540902988,0.7046104805836417,0.7094140457619518,0.6030726611509802,0.8177938460184653,0.9541300040045249,1.1028186031786293,0.7099778293133727,0.818690730319783,1.3375342226926328,0.9979409445989728,0.8729134823931692,0.6583590528515084,0.5711582000146491,0.9051320549634171,0.6305643205711529,0.8953948879440832,0.8930642624085492,0.617899054569067,0.6098654795271693,0.913114139515955,0.8751475311543384,0.5913268008787294,1.3331097872684552,0.9083804105144044,0.806944659221796,0.7032001039501372,0.8921620023281863,1.105650142673055,0.5965425158476838,0.5114199649173825,0.7842310146885569,0.722070483974679,0.612963781992927,1.216265854053024,1.133380820470732,0.6217684039409225,0.7884878536214708,0.9488159001432002,1.717966217580126
arc_pair_447717,1.413741399407472,1.1721227697070806,1.0942800864943136,1.1233429650090097,1.1208551534452829,1.6189205821539217,1.3808889831730649,1.0325490157751385,0.9737626477276272,0.0,1.1492593408645029,1.3889553993466794,0.786619779834409,1.4716507929887537,1.387013890950342,1.375872571886472,1.349519790307438,1.5221629490368513,0.7358127998399621,0.9244441300351607,0.7685915851165248,1.2387787076087826,0.7737751641269449,1.3442910454211199,1.1562228966056574,0.7840553033969072,1.1105816135609312,1.2269742479570889,1.0400983548371574,1.1050797349015191,1.384897775886818,1.488227515724105,1.544103944692754,1.2940480828189083,1.120450062774301,1.1691712291660006,1.2861869039440816,1.190350783042796,0.9441627066423297,1.5023754836624357,1.1703778072526134,1.1869878153823534,1.0487180395167501,1.3851540168145613,1.1774585798144714,0.831968142346245,1.1402394656456551,1.4415474169876559,0.8742313840471724,1.2594350806249028,1.2155917641119252,0.9065737074715654,1.2758215013414353,1.3107958222191407,1.3565494551413595,1.3505467257785284,1.44232659432685,0.914971330380035,0.743016046071868,1.1977443338497116,0.7854143492518062,1.3127331795137849,1.2045430147704608,1.095144241334273,0.9636490711556029,1.3434152533670107,1.3623530865538918,0.9790616342971659,0.6660708295230163,1.0986016396170495,1.0225751743010258,1.307718001601785,1.6854550753628539,1.5779124535807019,1.0804523043096819,1.2778776374318748,1.0557384865666668,1.4326060050076979,0.879850081558141,1.4311928860746295,1.0279622382464642,1.2281120050725198,1.398881914878018,1.30643649641027,1.292961576090574,0.8175495030598436,1.3560868061653069,0.9192155865636931,1.1106116376161286,1.1038513097871534,1.3037868841829687,1.573219197806248,1.256772340217576,1.4013900645098407,1.5043471896308858,1.043528374730254,0.7463383695875224,1.119193476794188,1.0807688676279206,1.066884442928497,1.1455218400643288,1.2376525718003604,1.0338472305421522,1.198510137697312,1.2482434304964032,1.3258704693440506,1.1498177472497413,1.3603128917648184,1.1204900905876134,1.1944741153435903,1.3376830162882931,1.3968408069931648,1.1769609523066,0.872638320911094,1.1464441209296214,0.8001923882564757,1.044384850259272,1.4022829032464246,1.3173807278660024,1.4682889063040498,1.2616839800588746,1.472436954704988,1.1149477150819047,1.4639984221679323,1.2934517599585087,1.258984969950856,0.8352191229932046,1.446318603546427,1.0231676360896413,1.0578540791548776,0.7274644861051358,1.1282464621831902,0.9905796185666791,0.9553427923651265,1.3849457163792644,1.120931393588187,1.2632318182368754,1.256512767668827,0.8866818636476897,1.069127790254011,0.927758838770085,1.057441824933819,1.224210121126035,1.136770330046923,1.1116000865333948,1.0218487038633064,1.2164354059426667,1.5515535621283805,1.240679287044444,1.163675749589713,1.1681595778793787,1.6163258489993315,1.712463290056542
arc_pair_218228,0.6566941974213607,0.7700865295224599,1.5280059190558184,0.6686380634824379,0.5310473597577109,1.045066571699825,0.6317472681780132,0.6689290195808835,0.6247676124879413,1.1492593408645029,0.0,1.0573925064955312,0.7522699928538741,0.6939533455980444,0.9205794061490169,0.7414248402782588,0.5945981104798717,1.2975787570433268,1.0155825422629705,1.4329986581275245,1.087423370940985,0.8937335798055384,1.1746016712214644,0.7194241396398809,0.7903572858148499,0.8636254866934203,0.6679355264918212,0.659716963685093,0.9772564349223565,0.7976069026688976,0.7874385979399836,0.9992754354165985,0.7430347399811144,0.6812881160363067,0.6977849858769765,0.827010032220231,0.7529329285464232,0.8612961214914008,0.7188774397245923,0.9938764897640318,0.852289627448691,0.7627632157934439,1.0553611412046793,0.8945332128007311,0.6602250814422397,0.8701378814175175,0.9550163176370354,0.8269854817253249,1.0005798277135813,0.604912497633562,0.5459327185063343,0.5053137448455982,0.8015404928896537,0.6322935354246779,0.7325673183539967,0.6454080561369067,0.9372074910437509,0.9381683375698152,0.9956715773754434,0.6665828543707908,0.9388893004685994,0.6469721295670627,0.5084566307854264,1.548652038027854,0.6012977647186493,0.8376828470319546,0.6695316826182306,0.8141382460319743,0.7595709823393619,0.942515415476934,0.5230669003550004,0.6072010526709943,2.400166109635306,0.8094512573457471,1.1152991846841789,0.7810928641865854,0.8058944603357969,0.7522056649645257,0.7139514598292103,0.9126419636386756,0.5866738601432899,0.6619378744808904,0.852683764145464,1.0340968718386931,0.6856878768511883,0.9933001889345603,0.5975914113993861,0.795494755128408,0.9305967236914007,0.6618992870781877,0.7049806408377772,1.5586261070919472,0.6842749667393779,1.002613019069872,0.8156163052070223,1.1597612775085655,0.7329623554042928,1.2332157886882575,0.731918282355275,0.9799375654822314,0.7302884502220799,1.5700976023072375,0.8534576469248512,0.8340448011553461,0.6542313720652612,0.7934256639156478,0.7361773642860034,0.7447032063252916,0.7748970454166892,0.5544059459328048,0.6096036451041025,0.8654870890425224,0.7687991755560998,0.7044108868380787,0.7201943589113277,0.7676617456732012,0.5702915336391747,0.93967765299915,1.0341659729172323,1.2839098612521718,0.6605941070660588,0.7979058054787505,1.6330811001099201,1.2122109341298608,0.7973275153713776,0.7430143842020484,0.8072152270806663,0.885247582337052,0.721953694887294,1.231262131929034,1.2462215284858194,0.7558129939810075,0.7436193869979059,1.1980400749395583,0.8259564682726332,0.5973054347096483,1.5126827899797102,0.9081298684284896,1.0928094715261187,0.9347068672362034,1.1817484853269373,1.493031903549636,0.5846417389704307,0.4966756869758032,0.9090057732806289,0.8877433529025028,0.6646089304084297,1.096070903392658,1.4055155256108798,0.7672234508457871,0.71923881645422,0.9230412720898608,1.692307713758116
arc_pair_307657,1.0688041854155226,0.7623396392171822,1.6239466839306167,0.7345310473272244,0.5533324682901486,1.3660130862843163,1.0776264424264541,0.741583991239211,1.0040089621478128,1.3889553993466794,1.0573925064955312,0.0,1.1749129657408937,1.0188778166181798,0.6361769683592918,0.6951391911263641,1.0045493014954712,1.1940398559002268,1.1723489972248609,1.6245656702080757,0.9980197171955805,0.3992834542172503,1.3664609517718767,0.8218397769681391,0.8610876429848888,1.1551282367686064,0.7953108115173133,0.7031443542104829,1.0367462617105228,0.7737675162893005,0.7846309502408223,0.8756543229093582,1.2265111529048927,0.8331451575822307,0.7453901504837847,0.7772256714290391,0.918093935879087,1.0973341126543505,0.8547578775025737,0.3536348156007453,0.8282981592029037,0.5110151784204736,1.0325006517373059,1.2030708966843768,0.6739577082394261,1.043457912202343,1.0667199337205553,0.4993891793267528,0.9738383116743429,0.948157432486451,0.8492260158840418,0.7086688669319969,1.1314692717331796,0.7893139401015608,0.9997807716498044,0.878907561031346,0.428060609184161,1.0017221214707173,0.8895106363414849,0.7258990221692497,0.8153897125325245,0.7058756728855061,0.6568479449642921,1.8112259122034953,0.8463084550830848,1.0210583188652103,0.8931837538715326,1.1099852598613154,0.9258196422981967,1.3480850510537783,0.8221847391527793,0.7074907883320398,2.7273749333264266,0.9466996829318123,1.2379548243602487,0.886205505607516,0.8005904320772674,0.7214759998812176,0.6509357823729844,0.45914285973127283,1.080886601523093,1.0558762150885446,0.6794341454214361,0.48297798255782487,0.8614711153213002,1.2647069888338152,0.928350966905503,1.006759082062972,1.244358596232611,0.7872118760694155,1.0385672094627556,1.0652851560541663,0.7539919001820612,1.2764125237416541,0.9768181881048451,1.1292612621730662,0.7774286402618669,1.2595115646290833,0.9918759881468102,0.633250882299085,0.9737981495944741,1.5780504070468713,0.8144038109117124,1.012194514728501,0.7805212143617238,0.7774381721780438,1.3225454720023617,0.8546145068440532,0.9410121559616121,0.8605948842164661,0.9527936537245466,1.062432880472349,0.799365506253298,0.8302107131120244,0.5249872710757464,0.9374342178645546,0.7981430994216936,1.2430211202197494,0.8801362297719699,0.7047905765005413,0.7030532864698945,1.2374457427635634,1.8214828303348165,1.4707075033051615,0.8469776293930968,0.9280923359216593,1.118435469367097,0.8421873157231078,1.102389022148683,1.575290950003549,1.106599712408321,0.8881204935018427,0.9912179275253494,1.2800815727789532,1.0081157739924527,0.6286180998102243,1.5087783281658176,0.4945335708025639,1.2751490705041455,1.3661956341931671,1.4708862626370447,1.723322137096297,1.1207212076120476,0.7429066913219013,0.8009958694177441,1.1714605667438474,0.8911369485148087,0.6918004844177221,1.3969551585495523,0.7278659928433694,0.7359337628472961,0.5538609253745483,1.0293491462783164
arc_pair_48188,1.035099043357096,0.9153552439294674,1.08685329066722,0.8023636410900332,0.7703730389946811,1.3259700750748344,0.947405231374968,0.7700357438871634,0.6846457886154629,0.786619779834409,0.7522699928538741,1.1749129657408937,0.0,1.08969564578222,1.046463638114513,0.9289185243803587,0.9414044041650773,1.3046803767950061,0.6226380857353575,0.8350102807300086,0.7933951808974302,1.092181130916175,0.7914906953311175,0.913089513989503,0.9245922956121413,0.6130525198530783,0.7139853782048136,0.8718248255855734,0.7929622093976723,0.8853182611686301,1.048561855516828,1.2404454295274903,1.1817893106513386,0.9531025350504585,0.8244089923056842,0.862229724669012,0.9007555546794811,0.9112838147042563,0.8220262438483383,1.2064841065751173,0.899147738908467,0.9697265161154341,0.951899734942623,0.9116582938495961,0.8485933923273647,0.7279533985887602,1.0311907463952084,1.121280314982211,0.7184234382389737,0.8791569253608877,0.8200820278333979,0.6227371764473045,0.9873111765063678,0.9468232000799217,0.9511552190268846,0.9522866063174437,1.1830446457702415,0.7222526986158944,0.7132639665584922,0.889573271265129,0.6667921777789225,0.9166344593875382,0.8331072811141573,1.188186703637468,0.5706927250993454,0.9272392253121051,0.9169202751778899,0.6724997672331472,0.5468489264787206,1.034652797827891,0.668458741499824,0.9563320350828188,1.5957704191990696,1.1274810919539446,0.8914573038723335,0.9576372766819322,0.8661924145682817,1.039258551089599,0.6687285815449995,1.0709108935269294,0.6376186308542174,0.8558023783618738,1.1124384866042287,1.0149289189180362,0.963173572669909,0.6752024676124719,0.8814333514921789,0.6652951689202715,0.9290766231393692,0.8286995414333541,0.8959958246917128,1.4961966950439591,0.947298020648351,1.1770149652579371,1.0082233347099985,0.9392886933642877,0.5755938433287175,0.999663993918873,0.8479705935786774,0.8702693303493764,0.8599137473975353,1.1792319369653061,0.8578449019990559,1.0691050263153676,0.9090300330309404,0.9594473563461228,1.004103751689705,1.0490075409331636,0.8023660526477385,0.8342306030571969,0.940696679723885,1.0262330134864543,0.8963327573113885,0.5965198133340359,0.8859935641235601,0.5618565234681667,0.7857398580962562,1.0942122700897516,1.0719187084910267,1.2206562138142254,0.8359603670605176,1.0896274157085815,1.1142576101502253,1.208764092978632,0.9858646830025863,0.8918708610258659,0.585145862860057,1.115285317785598,0.6917691300906108,1.036973333703471,0.8099120973986753,0.7769069379692648,0.7797056510836777,0.8466623874739297,1.0347370603562422,0.8248727321490714,1.0948894643073337,1.134700258530932,0.667589357039021,0.8733942894223332,0.7417759033801263,1.0977621546493925,0.8295559435241118,0.704951657587436,0.9189353889725029,0.7731879520214453,0.959092228637402,1.321901869908923,1.0234270383789381,0.7624433544154251,0.7846949790369242,1.3328158968365624,1.471218561663028
arc_pair_147702,0.37344056994522995,0.6931150337049812,1.8154563797478047,0.5023760005456077,0.44854223513218344,0.9491877007961225,0.4431632448213799,0.5678073160198909,0.7938726036874737,1.4716507929887537,0.6939533455980444,1.0188778166181798,1.08969564578222,0.0,1.1654634209010604,0.6226519414632099,0.3549800340201776,1.8723944614365458,1.4003076418599316,1.8525415550149,1.2212419308322842,1.1143041465226051,1.6613800715117883,0.41623439265949125,0.8006133255345282,1.392664793705397,0.611266976511271,0.6049320133029803,1.4129739496229212,0.6643766426478709,0.47041043751455225,1.4772291109712885,0.5713219722646927,0.4151271056953196,0.47625090634050016,0.7553959283060343,0.6274604939535502,1.0135001291442935,0.6304014722213244,1.1662169006309209,0.48297864548617486,0.8131576913896839,0.964638447647953,0.6657151931805241,0.4410325917964213,0.9748254068084419,1.1659449506069666,0.8617482447548994,1.2833913455890118,0.4275328386402065,0.4322802762900436,0.5615197328300583,0.505645089396664,0.4399845607625866,0.6210373347796143,0.2647967732542212,0.9519954039560421,0.8785592149752567,1.106146327322818,0.3787920765929161,1.0863963212286263,0.5445971225330195,0.700054980145884,1.958564760207328,0.736876591412015,0.585450190745813,0.41195213576070916,0.9605037661216911,1.0796670055105353,1.3352866754388972,0.5650260435678294,0.36490947812249813,3.187219360357553,0.5029964608782154,1.2597751602837293,0.5163163594135831,0.7546013913685041,0.5823179369818829,0.8375823790199821,0.8184947869767635,0.7251292993411058,0.5287941945882775,1.1290498188418145,1.2530765699517388,0.5880607362911241,1.51046047955689,0.3337192573176482,0.7713499040451379,1.4225324972738034,0.4241571321921461,0.5438229932805654,2.165734060388502,0.6675457554980817,1.0370446865903225,0.6185196144115245,1.4075280217114157,1.0466490087109572,1.5303919321993515,0.8023007897543908,1.0108518837560483,0.6190651558611739,2.3574657493611677,0.9199147570240849,0.6542589764704081,0.5005038643380424,0.6600059002314416,0.8520818240709944,0.6173840959732677,1.1406382108078785,0.42628774228809513,0.4656074360316563,0.8713676306880944,0.5855953023998985,0.8852311553188397,0.6810506328519652,0.9941605210914461,0.4634439491504643,1.0723807543153818,1.3623602216302984,1.5474838446659192,0.48652456646735104,0.5327644214597349,2.3499569015983637,1.2629089101556898,0.6453755548165205,0.6381463640550462,1.1577205673280386,0.7825102664175061,0.8536499660868132,1.465762011596236,1.5883928672447096,0.44770661554572133,1.0389208120845494,1.829446574179637,0.8012720954964315,0.498549024138205,1.9768360448540192,1.0816591138957623,1.483307948935669,1.1251233552421493,1.5126824624472217,1.8102713086444293,0.5431583684289492,0.4806646328891205,0.9734204113118461,1.1451743239309429,0.3106070424600447,1.433875917912583,1.8848715735323078,0.5905584845664927,0.611437349281158,0.8007012328484189,1.805431896251786
arc_pair_169201,1.2258027193145555,0.8907641193548128,1.5486278263711415,0.8744800565933301,0.5242581417193172,1.4374199682122184,1.0995966396035461,0.823740214240416,1.0400818705155803,1.387013890950342,0.9205794061490169,0.6361769683592918,1.046463638114513,1.1654634209010604,0.0,0.7368900098148867,1.1287920127010835,0.8504882210830671,1.0772037772599803,1.4103007542686168,1.1281147194956835,0.39314332090515497,1.3841700847208003,0.8637065735722396,0.8711453233618609,0.9009301844337486,0.8667150863505638,0.7113319979413586,0.9173128100972465,0.6932114980240764,1.0813695586137606,0.7049998596713759,1.3597071278618194,0.803017871157898,0.8123404732225571,0.676832334647893,0.997814129985028,0.7545636841232322,0.9649776059057298,0.5528218969230346,1.0193988951405775,0.7239730814635781,0.9182430252189253,1.1058326568058185,0.8190646255516677,1.064981735775691,0.7583122022894069,0.530315456394352,0.8864936272486494,0.9599394451386367,0.8492162128457098,0.67649493777813,1.128800468411113,0.8810096689689799,1.0406788041555024,0.9834364289764774,0.5022091360975306,1.0553942876478248,0.8423793627287874,0.9319841353437203,1.0328087918452327,0.6977906211975583,0.6606488040968581,1.7052740656363214,0.7530934720430514,1.016823080337374,0.9833200628736068,1.1707086020434185,0.9333736976294363,1.352216300307205,0.7480096761400288,0.9273062318637258,2.7631868056632762,1.1624709690579444,1.1507961137328557,0.9961782318486578,0.9251707953603833,0.7929220832263341,0.869908780463461,0.564477928449213,0.8819435019914584,1.1044672016156518,0.34364079565955724,0.5514625015702608,0.7284692084133212,1.0581325900339882,1.038264484545554,1.0186908269880959,1.03039621219602,0.9103228330709592,1.0469848094339655,0.8819222964953211,0.9619138174327302,1.2617397608598528,1.2072373101292881,1.0435230152990667,0.8423980047333781,1.4086900397791142,0.9215802547924825,0.7928530621593363,0.7295381701315452,1.5618926219437355,0.7029217610995344,1.162707066692146,0.7491476034610053,1.001980592385866,1.4515683016337628,0.8888670079708555,0.6501430596497563,0.8603533592697202,0.9857105320323343,1.0956951869804583,0.8964217208666295,0.6224664108326408,0.6994753842787842,0.9030760150889618,0.8354725139038399,1.3280908820838848,0.5469712013046528,0.6338218744650677,0.7974747298363618,1.261122820701057,1.6456339231084924,1.3942157148927583,0.9606513040341216,0.8337757779001249,0.9121277377408682,1.0788784082648282,1.0726898868918426,1.4478422103905615,1.1486272176021517,0.9148722276652221,0.7557808118962004,0.9206636550400041,1.0564375467100091,0.5834346985230313,1.479652668340358,0.4637301619692794,1.2934422105039822,1.3356305992321196,1.5075086808868121,1.684324673482494,1.064437696202655,0.7206597134294366,0.8817886399460706,1.1787342377726904,1.0414385624175182,0.3549531844240714,1.518266799656585,0.9418124065840139,0.7726113843192512,0.885647886688365,0.8416132673807328
arc_pair_694660,0.5377408589164402,0.6019774727817542,1.7219801865348425,0.3900882718748084,0.37594490001967473,0.9999552049469712,0.5106444938711483,0.45423977634539847,0.8022433785592937,1.375872571886472,0.7414248402782588,0.6951391911263641,0.9289185243803587,0.6226519414632099,0.7368900098148867,0.0,0.44768560960389014,1.469971753066971,1.144237269567939,1.5717352142361798,0.9414245019277383,0.6403115002333923,1.6314455501368208,0.3107448187487235,0.5680184507108096,1.0968086240379296,0.5516921105432657,0.4445676507848264,0.9781104759109907,0.3897348300047848,0.38430369814671084,0.9757632527021761,0.6734536496713439,0.354793162707593,0.44737546958924757,0.4982318866881997,0.6433625045152316,0.8813857080859944,0.5700438199616461,0.7282021681669342,0.5535417589676036,0.518862935314203,0.7586750495116932,0.706008076318134,0.36233588895493096,0.9178284000403041,0.9194409939834121,0.5259094195975225,0.9249933929969838,0.3782707548961934,0.5352889543260895,0.4917122260677883,0.750655797160021,0.3764769166372318,0.5753738534231685,0.4375377343269869,0.6951621866587676,0.8715525309030127,0.6899915741109507,0.48701608112012673,0.9182711691782834,0.394777218911501,0.481838610170511,1.776428250924513,0.5927177081755748,0.6337623955949272,0.3471541526875409,0.7233500590401134,0.9490062567746129,1.1938008732672396,0.5509537486437629,0.5352226219958149,2.975287046523594,0.5563627694329081,1.1322682203127725,0.5093937497272122,0.5543428524298646,0.40956484089047684,0.7199433374960782,0.49689293151394726,0.7943275005610528,0.5823275092957332,0.8112312810453581,0.6685723557889489,0.4940599110927959,1.1546799334529476,0.34113056896146776,0.6784940982585821,1.1417895443125652,0.3946184600620126,0.4303710684555569,1.6804909008180713,0.4509428936186096,0.9891941855126375,0.5756704180419615,1.185741524703217,0.8815916522102238,1.432384810186978,0.8387406020930435,0.5616249497636465,0.4425630198171949,1.86097411069727,0.6052959362259229,0.7651143200359587,0.43407011932342154,0.40907056584522394,0.9826797538631562,0.48460943132810474,0.6974249564106988,0.4816078994976099,0.5372480324633073,0.9028045066653843,0.5051179881388794,0.52189401060615,0.42414415342695255,0.8607436526176069,0.4390424033771026,1.1060761026636685,0.835564101060218,1.0289773566527378,0.16143811016433876,0.6655159915854914,2.022535698523137,1.1446681741556233,0.29943697341762543,0.433969588462354,0.9112702812935721,0.6276235146068294,0.8913186900427079,1.3683446780003354,1.296337925086819,0.49685045983192566,0.8906184815513164,1.3055623729545716,0.7149229575869738,0.3558892122752547,1.5608630705351496,0.8272302759127845,1.1965970098808696,1.0601982616307624,1.5026334941692787,1.572522875785769,0.7599839191295084,0.4083326954451477,0.6035791375107964,0.9240418242030561,0.4914114139291739,1.1029902586617188,1.6116631777848562,0.4582343171454899,0.5277403297959239,0.7325834975086857,1.4604409523420165
arc_pair_25587,0.3129593553514622,0.585565423562709,1.8623302235302641,0.36615544587263327,0.37917280156458705,0.7469517917574624,0.23797776365802778,0.48084304904348707,0.6429909455539591,1.349519790307438,0.5945981104798717,1.0045493014954712,0.9414044041650773,0.3549800340201776,1.1287920127010835,0.44768560960389014,0.0,1.850057483378635,1.2748799733481841,1.7357383134837143,1.1143578829843894,0.989420489367038,1.6721973815549296,0.4170143128755074,0.6579179519731071,1.182020341238222,0.4528994144551346,0.5089485040026318,1.1742763498552353,0.49671157812754596,0.24541001325094203,1.2698698951972485,0.44551130003209405,0.32222821290831455,0.36466613742823056,0.5684138315991119,0.5459049375854582,0.986993693002182,0.3747071488045829,1.1444285294426269,0.48459772230042364,0.6833604384402379,0.8007565448140488,0.5544041168753893,0.282734170110432,0.8979881166896082,1.0822895644473136,0.7422351426917859,1.2304729610356315,0.2977609820129331,0.34113041100081876,0.44460254354880063,0.5614550710113476,0.329005603594471,0.39196055510266153,0.27257131168431803,0.931228259153146,0.8982756993693687,0.9899127659846623,0.2907512555927659,1.0281920968441929,0.4607676739679697,0.5345552171747059,1.9359321341069913,0.5754015799500398,0.476673729832814,0.16647707046462057,0.7133908494455166,0.972085850176359,1.2158429577472438,0.47615383044807225,0.38805646691762763,3.103034008103511,0.39037063671608624,1.280295091775964,0.45863347256222564,0.47653400854593775,0.4435900692238798,0.8216538117765806,0.7564977572960074,0.569262703580337,0.458419204350237,1.0047750766070844,1.06340928024435,0.5558784980284609,1.3612426650223568,0.1395558459106233,0.6678248696890704,1.2923132549173095,0.35214442788806555,0.27640172798471296,2.075669845400048,0.47151154379940213,0.9086206940063841,0.5658169339060666,1.389897800833484,0.9776554279627114,1.4098366004607183,0.8368772140106786,0.8486167861325903,0.531381559713366,2.1964647160587805,0.7428252539707952,0.7174081498105062,0.378724918469593,0.48930449290603006,0.6916823649628896,0.5017734499569122,0.9336131801136704,0.302077927430006,0.36282067474137913,0.8719888218121684,0.5307998138469348,0.6847210808667659,0.5588842994871962,0.925783734632582,0.3916047713747236,1.0552886179945515,1.2061883464150678,1.4739523328997002,0.2917279310799469,0.3923726134468404,2.2818285832991574,1.1779676973167912,0.5011654788246223,0.4806482072077607,1.0408047007816106,0.5702422037654428,0.7547421003746665,1.351272202207869,1.571456250646167,0.3753687243208208,1.0113677813712127,1.6093182580202188,0.5799685837801959,0.4088846929358812,1.7843677989192213,1.0840387775817308,1.4382613797131798,0.9986979561125446,1.4040624351712805,1.6514618975355335,0.4717869356044196,0.4100722224186636,0.8324959690748559,1.051756143800605,0.27429725092807034,1.4791866398091698,1.7384227489486084,0.44092438262557954,0.47608985913569485,0.7440045698479237,2.0057541367129303
arc_pair_542791,1.9108234154501105,1.389905843171026,1.3673255505256305,1.6087901469336456,1.2894799711871467,1.9710390146431083,1.7381685185961606,1.24147059201287,1.334765726255041,1.5221629490368513,1.2975787570433268,1.1940398559002268,1.3046803767950061,1.8723944614365458,0.8504882210830671,1.469971753066971,1.850057483378635,0.0,1.2786879747733184,1.3899128201015996,1.241148338509866,0.8506697828118048,0.9479134109979918,1.6547340526755276,1.313955710472442,1.202080400039611,1.6472773718691032,1.5694329965765326,1.1286256437363829,1.2376124869409606,1.7850389626714807,1.0434861836043168,2.0271636770988697,1.448152419028535,1.4946557806943777,1.2342768592381432,1.516964801307342,0.8904009610730904,1.4095891797435751,0.9763367798990752,1.5778567209826173,1.4324942278870063,1.3327227310584002,1.6848837153534508,1.4218031298750182,1.2445606803845084,1.1781851251005668,0.9983580272762259,1.1336151003115307,1.6572849119960167,1.7138132992111268,0.9831171362500088,1.3447962044743793,1.490780621077591,1.7211667285266583,1.7510114545082194,1.2257551437459937,1.238212203964163,1.3298403593018084,1.5168966997271918,0.9972933824754256,1.3614304545414155,1.1206127039526266,1.621784531254884,1.0561597597092005,1.7558025823361176,1.8016598461059008,1.5573277258460558,0.977989503384068,1.6796409131305996,0.9869485576060903,1.4517295978981948,1.8848330196672067,1.6210931947146539,1.2466484850226056,1.6050429086945541,1.4631116775636663,1.4069285453359563,1.1815468573395704,1.0639346963922112,1.2765457091472043,1.6294279517352956,0.8579428119498487,0.9096912555106667,1.5527833432878746,0.9962925228390478,1.7905679296799761,1.1790640209779073,1.2390978222599354,1.4663626025339653,1.748982374269267,0.9816266828562653,1.659469134709151,1.766853110860132,1.6940055257088744,1.2145529583279937,0.8460151313881121,1.5323332581921534,1.3511577513716306,1.1264857181451187,1.4859612337087067,1.2551391657477946,0.9709696346216992,1.6147382371344094,1.507315658601375,1.570677278276347,1.929389835345599,1.4768749284192888,1.1599573212355307,1.3093505913182104,1.6366800060879692,1.2386858650323953,1.5958906716888464,1.1266991799905073,1.167883443501333,1.0476717640403546,1.538072252239267,1.575909789589752,0.7971338087782471,0.9722802373094486,1.6024666467564643,1.8300671657004985,1.228380046522331,1.7417709645531452,1.608164000487518,1.5051351910563675,1.0371759350759513,1.5516053662974014,1.5069118938706794,1.5146016123128032,1.0098471790668642,1.5619692535087455,0.7369730455551824,0.8498014518737816,1.71442440670794,1.4130083096568964,1.4467284707861938,0.8303224498712997,1.258291328634641,1.5094502296804122,1.336454394002247,1.4481881589383396,1.4847376437860718,1.2266766399844093,1.196354096003055,1.3190494291439925,1.6801944910986348,0.8148266261853856,1.2265821341723253,1.529211324822815,1.5121004197462078,1.272322499735794,1.0391490959582015
arc_pair_682126,1.3666957539096771,1.074805646994528,0.7192768276059327,0.952873245172482,0.9375145243261002,1.5194987290183422,1.26071492965285,0.9572246354752125,0.7657828897824399,0.7358127998399621,1.0155825422629705,1.1723489972248609,0.6226380857353575,1.4003076418599316,1.0772037772599803,1.144237269567939,1.2748799733481841,1.2786879747733184,0.0,0.6387574817844781,0.7799240253750165,1.1735635709968477,0.7373345941649747,1.2031866278141528,1.1451302296814516,0.41745971006295857,0.9059872575167435,1.051813286501345,0.8224873557320558,0.8678104644647978,1.3503438212657426,1.2078481431643922,1.5739057266711192,1.1890192050015358,1.040969091679305,0.9374702517078459,1.1676099304812384,0.9044453354452991,0.9321592330090323,1.3207139348839294,1.006103112655408,0.980576038325792,0.9352029038511908,1.1053069210312025,1.1110976476927248,0.829747513939838,0.8658387523137827,1.3050542121412394,0.5609148250729759,1.1623295400608533,1.0281103322364376,0.7512991707527252,1.1662875369972896,1.2331606770551549,1.2139234146471969,1.2955850312561084,1.3243902915285801,0.9602411630119392,0.7226150777676594,1.1262665661736442,0.6379795052342394,1.1816084095306523,1.0505374119915398,1.1206692886572527,0.7266116393223542,1.1113551198632008,1.2920204856852477,1.065749919864657,0.48650147946275335,0.9774404260597636,0.8141632251625746,1.2146613794664058,1.6229804854031695,1.530660798560892,0.9625232472352314,1.1538885290973029,0.8371001498390331,1.2696767133288112,0.687176214949228,1.221331043251024,0.7607571707445682,1.2785668498416924,1.1556275649492938,1.0202412727974774,1.1160405265909763,0.5694985015742967,1.2936026429037852,0.7430203061495111,0.5973565845817864,1.033169125879,1.1818017317448035,1.299875657516237,1.182010328141665,1.1710235003242782,1.3240563583019445,0.8124673388330557,0.5427450363342184,1.0072035501548453,0.9597374221762165,0.8728691064593342,0.9335307232339798,0.9227347468169567,0.8695504949504185,1.1594997512407323,1.0671771096921006,1.185145124955818,1.1539003964584076,1.2266552279652223,0.799113523734988,1.086971549671083,1.2793958798996985,1.326742824730338,1.1186452718976043,0.6603374637628738,0.9712425395467382,0.618274123930056,0.9322978961335134,1.3837290797647097,1.0048678891508656,1.1925847489266879,1.04997245498992,1.3358628812365945,0.8912873710265308,1.0570264462417505,1.2007482869755348,1.1059191070621197,0.4820168419921248,1.3082720719253829,0.7951289668235109,0.7648770271246317,0.5593141621849078,0.9171385452434189,0.7632921679425051,0.657230150511787,1.1322156033290098,0.9740983742762677,1.1597894194728644,1.1942126725547073,0.6409652722320311,1.1262611441450772,0.8279226246452613,1.0132292415999793,1.0639803136887562,0.9636256264871661,0.9258145781300942,0.840774166591041,1.2410870228811814,1.3080909564346368,0.9459451055113886,1.0192714316618403,0.9664934399028117,1.5881323913257228,1.3552136266118675
arc_pair_402982,1.9010280972754376,1.3881205908484224,0.8747878972846275,1.3976129027899264,1.4654147187537467,1.9384689338433605,1.5953993980920207,1.2414721993227067,1.0660557627222556,0.9244441300351607,1.4329986581275245,1.6245656702080757,0.8350102807300086,1.8525415550149,1.4103007542686168,1.5717352142361798,1.7357383134837143,1.3899128201015996,0.6387574817844781,0.0,0.8692776997979943,1.4006287811141056,0.7863166141981403,1.656730274213422,1.3551948413666688,0.7669845090156808,1.3354163597283377,1.5811655291897129,1.0232582194840498,1.3278486209822802,1.7196670029056975,1.602255576935578,2.1022844948205623,1.6097149933299795,1.4897229271827979,1.3248171297454145,1.3228599089056479,1.1849911271803761,1.240903171373055,1.6680022252796527,1.461213886215265,1.502208970173594,1.396890615470237,1.5206416160163776,1.5969874064323297,0.9330266561201714,1.2514449953720361,1.621368660332036,0.858204220266528,1.6511933956164069,1.5154265914996576,1.110825878793963,1.5786602583468983,1.6582292728040506,1.6432859970001674,1.7443752724758332,1.5381662392372413,1.2294170879190505,1.0908701492947626,1.5718545918368472,0.7392301120040097,1.5988739783240666,1.5000969661206804,0.9287568959328407,1.059769574582441,1.5120060546581815,1.7279524703757585,1.3337205179731555,0.6953079550784123,0.9632865040746074,1.1331172794828974,1.7020929283972357,1.3369702960704097,1.9220411361634409,1.032685428044692,1.4142976250608128,1.144636127623491,1.812870905509433,1.1289983990461405,1.6319461206053991,1.1486113110670928,1.6260959893328042,1.5519319370262608,1.3402353167930703,1.6158828338500326,0.5268493915665567,1.6709679049430215,1.023498875280429,0.8282925256669501,1.4627558000884773,1.6803565122675015,1.4885278963478334,1.5399138690147998,1.529301534640605,1.7969788762180823,0.9581491554564756,0.7113584258120196,1.0860856825513951,1.1427908060472536,1.1827808601697267,1.4209028040804765,0.762318584497472,1.2041715711232088,1.5385772384361707,1.5661157087890398,1.612588484459624,1.377662508788138,1.7394295339559207,1.0685453468182877,1.4945146645833491,1.814712401927374,1.5994968149714557,1.4663777247874634,0.9163133520300315,1.4747470244472374,0.8580955233865928,1.3997583051640143,1.6787824284341337,1.210758392304336,1.3027108014052224,1.5069082497700017,1.6586472406370254,0.8434851490068649,1.2871394252384607,1.5553477670376745,1.3835653766981162,0.702365017063321,1.6720192560271876,1.2147952787156366,0.8252854692546964,0.6494742400479254,1.3672236026974853,0.9654720869261075,0.7518032955235934,1.5470128604098363,1.409741287598741,1.0566788172992625,1.4003585801556262,0.733592448629674,1.3414296866895423,0.7704766009872502,0.9033434955785293,1.5102049366070869,1.357825304428774,1.1955077412026724,1.0475465111819995,1.737644269730792,1.4975403499155968,1.056634370689121,1.373635930685659,1.4145387897025157,1.8740743247535452,1.6674432002393325
arc_pair_578116,1.181485470335156,0.7941820975746706,1.0873724090251655,0.8112379340094908,0.8828749330830831,1.3566422479408828,1.057932709056576,0.7670543268545967,0.7396655611050584,0.7685915851165248,1.087423370940985,0.9980197171955805,0.7933951808974302,1.2212419308322842,1.1281147194956835,0.9414245019277383,1.1143578829843894,1.241148338509866,0.7799240253750165,0.8692776997979943,0.0,0.7908170846728498,1.0195772086254884,0.9652906517565283,0.9785918305342372,0.8451041307672564,1.0139167314132909,1.0124820333801534,0.8988032439021081,0.786929772239673,0.9473120675183844,1.3250834322954663,1.348820804047338,0.9688619821814718,0.8713009737268018,0.9062728712716708,0.9230507643856538,0.8432663575628144,0.785565205882307,1.0930782595962472,0.9080590057558084,0.9183312999056571,0.9618612278070291,1.1017506026986172,0.8477640752271693,0.8325092243101984,1.086136446385543,1.067476686195958,0.7770962845221873,1.022306090257004,0.9955995990003202,0.7097381303923551,1.0287695447756404,0.9250456415614139,1.042394581588261,1.1153841941362923,1.0039523927517813,0.8781868456133866,0.7251325077228135,0.9892201877719845,0.5113486376474872,0.9755080932480802,0.9292288280030474,1.115271674714596,0.691750841099394,1.0929802473422123,1.0424278631291366,0.8665081854294123,0.5223348114971613,1.0740575124772604,0.8458005311824819,1.0697653317395601,1.8784855245730419,1.2601557820854197,0.9269278156722769,0.8731155160415625,0.7570710758824576,1.1222766239417765,0.7808370613538874,0.9543414463638149,0.9788266237625247,1.059472194066295,1.117471638070417,0.9085226966503661,1.1251931377039261,0.736109437732448,1.0170485720022144,0.6409810834556783,1.0786046611927467,0.8160839687183208,1.0323422687693808,1.4031981307407335,0.9449271796848506,1.2866747058493164,1.1279508060922534,0.9194105676794644,0.5285705543237234,0.9323377920696716,0.8985621771945558,0.7959645687511716,1.0090144407873656,1.110187796684075,0.80000712136092,1.0497609672277557,0.9191096030995078,1.0090731538532163,1.011845009254322,1.0620137176864435,0.9100456422193094,0.9530724950429003,1.1584352712425798,1.0897905832174066,0.8763821652408329,0.6794111817106029,0.8488132031548274,0.7169914181941719,0.8290138935338371,1.2616658175382083,1.1086311141153653,1.1055705029956782,0.8551631209010517,1.2217565121593386,1.2305361321205908,1.0626268910469998,1.0263821022975341,0.8773923583749332,0.6796380562375237,1.026777283376563,0.9107001425030204,0.9400810703769173,0.6429422161191789,0.845590986816199,0.9445812333407242,0.8268838490876083,1.0444709039832556,0.7931624017732719,1.1244876064647218,0.8847843373568236,0.7566496728563422,1.0410398014151205,0.8770797717928727,0.9473707626086407,1.0986949285044272,0.8149063479486744,0.8690638091303847,0.9301788480196367,1.0488899356431518,1.182478124672763,1.0787208869126568,0.7544991828534127,1.0381892381896562,1.1186032393110712,1.4956135702217983
arc_pair_307953,1.0578853822036336,0.7298920257553788,1.5316920412320874,0.769842819594539,0.5945759253167547,1.222719146979817,0.9458326084425734,0.6439556591372053,0.8524203767198798,1.2387787076087826,0.8937335798055384,0.3992834542172503,1.092181130916175,1.1143041465226051,0.39314332090515497,0.6403115002333923,0.989420489367038,0.8506697828118048,1.1735635709968477,1.4006287811141056,0.7908170846728498,0.0,1.2623339738915162,0.8483757768914865,0.7732430677620703,0.9664459187676522,0.9689245229079816,0.7304567762645426,0.8448509281949733,0.6557254756753796,0.8247344597331221,0.6952072876804017,1.2107044366808741,0.7248507005904176,0.7262234028771082,0.7142016718645097,0.9061407386465252,0.7907332578453314,0.7616727833399976,0.34206277356092085,0.9937791873871973,0.5477621569208371,0.9575348299929329,1.1087883840640111,0.6143522036563162,0.9776960592122588,0.9266967940423916,0.4181338050112996,0.8732647410488892,0.9088951917735334,0.854107203834358,0.5269242198707949,1.0280861375926231,0.705379987961428,0.9344217459914304,0.9640667701425777,0.3155721107115671,0.9397006125439342,0.784801050781512,0.824845253014129,0.7443719756348627,0.6285304403863526,0.4921696081328696,1.5539298146944158,0.708169269840778,1.1137570509825596,0.8940740602737764,1.0119462780585209,0.7547548306621888,1.178590258831,0.6854020783777157,0.8022995767577109,2.564290885372764,0.9564375430866341,1.1000186038208137,0.8713788666081708,0.7487625615958562,0.7940020789306661,0.7611530664507976,0.49646647297160623,0.9389767908896129,0.9500784630890733,0.3614770321452905,0.5185309432298166,0.8607570486709353,0.959976185208521,0.9120163179662918,0.8824415019854497,1.0492343135275042,0.7519541293983838,0.892936380069533,0.8968510405184904,0.7348403145614145,1.1993436950584107,1.0372472527064676,1.0235391047675408,0.669988156754477,1.201753952673402,0.8699328781520388,0.651728587958089,0.9065164031380468,1.289567633358919,0.6402192599242262,0.991922446181817,0.7018196293663761,0.7849204059766848,1.186147204848457,0.743926028235693,0.7313481052872762,0.7418275771956774,0.8912163373497811,0.9222955978235394,0.7406995520644076,0.5498994824747813,0.5302130151471733,0.8305442337473015,0.7263399589625722,1.1018719847844594,0.6758346408382336,0.5551868992833516,0.7272077340721659,1.1945292511095642,1.5776905619133808,1.266555224889903,0.8672030796426581,0.8014589619981618,0.8974870550085978,0.8469208713929908,0.993597114699901,1.3631050686306116,1.0262483075226814,0.9670727738817374,0.7358813534644286,0.909533104038706,1.0084895288749998,0.5222444223621775,1.3377689448840537,0.30665351269535984,1.1726213069872595,1.1190008233834186,1.3625879260415856,1.41697752804357,1.06092157526838,0.6161754228745134,0.824945485762604,1.084731833316821,0.9087626854403652,0.4433951764707181,1.301702316896938,0.8048210641651377,0.8763387928762064,0.5362418845589456,1.1386978389597884
arc_pair_313438,1.6608243705407002,1.4011792702343189,0.9062065315267827,1.4041792867640543,1.2743510004199479,1.8109459604042182,1.5896478537900216,1.2025376036060489,1.0294159948618145,0.7737751641269449,1.1746016712214644,1.3664609517718767,0.7914906953311175,1.6613800715117883,1.3841700847208003,1.6314455501368208,1.6721973815549296,0.9479134109979918,0.7373345941649747,0.7863166141981403,1.0195772086254884,1.2623339738915162,0.0,1.6126672180294401,1.3648149764716169,0.9005671171509582,1.2552655210892603,1.373134764440512,1.0281846677373712,1.4069452743421405,1.711599415429316,1.4029229350230037,1.8614061773292019,1.5616621790230782,1.2705576341150229,1.4020803683257395,1.4363521061552667,1.290419724199949,1.2444167979437555,1.351534070932369,1.444149796462394,1.3725159713757373,1.402696314994603,1.6055407414366027,1.3742014619395972,0.9933170741642416,1.3911513294326516,1.339035674311752,0.993649690098495,1.5212337537849645,1.4500298998250858,0.9489118113822916,1.4292869399938357,1.4966824871778515,1.5458497296180373,1.546119269394171,1.4476172521429942,1.016829633004316,1.0988604562001207,1.398545631706486,0.7174266901114911,1.4331863841809809,1.1902986266941566,1.1269813877658157,1.0169030218410382,1.5456488791679077,1.637360223620502,1.2106615048891922,0.5673486551537681,1.091208456862034,1.0333806026201025,1.3440729796671282,1.0033797858091589,1.6134081054778355,1.1321628326985052,1.5417023335736446,1.3508928693439963,1.6214683637209493,0.9415332375883869,1.4593931133098013,1.1159134749613004,1.398229340118609,1.3859688888734747,1.195690356073831,1.5096432200287742,0.7589934916315827,1.6462958807228076,1.0402067400416697,0.9629442155534906,1.4051899617921844,1.6152478912556298,1.2990653067853755,1.510405241428766,1.5342130489060763,1.6457510938665736,1.069186834979285,0.5738491745406199,0.9898349246736929,1.1458105579076538,1.2667604107254196,1.4067592008436343,0.8350446383199173,1.124275057021864,1.3634105356614847,1.399130587855579,1.4826378346114142,1.242259194962616,1.5352816840695653,1.1736169140222723,1.3519632364332281,1.4348068299088803,1.3853508685487899,1.4213564460009263,1.037317871930028,1.307063736438005,0.5378438373485753,1.1356780360451153,1.2886138657973838,1.297311161986275,1.450722671067128,1.5644063334815799,1.7041840109730058,0.6757229695279583,1.4507788103521575,1.5139306430369794,1.4974586794527656,0.7627307655583381,1.490647937452891,1.1223207960255688,1.23081421627406,0.60168515121732,1.3494984337881302,0.8486889001925668,0.8925016836787409,1.5547683842974227,1.3504057630205688,1.0895326153029283,1.2225518257915595,0.8049336365692545,1.257977846623934,0.7549984795925389,1.0118324311258748,1.2829848118149254,1.3026038116760805,1.3333274056032611,1.0860202576588136,1.475714536474685,1.4181718327806694,0.9187123270899455,1.3876720241039757,1.3586802813398164,1.5677822898208271,1.4286483117828137
arc_pair_203062,0.43103041661419444,0.5660732613209697,1.6974357279790437,0.361938736218962,0.29986239304209705,1.033446168564174,0.465953717159456,0.4171663556478411,0.7789753320084847,1.3442910454211199,0.7194241396398809,0.8218397769681391,0.913089513989503,0.41623439265949125,0.8637065735722396,0.3107448187487235,0.4170143128755074,1.6547340526755276,1.2031866278141528,1.656730274213422,0.9652906517565283,0.8483757768914865,1.6126672180294401,0.0,0.6252682292993744,1.1861150836423855,0.48903819152732764,0.4249899392637877,1.198262586733727,0.4429619814211017,0.41668613978018776,1.1896213464248078,0.5815454194899708,0.2942248077401599,0.33138489905265145,0.5131901163726353,0.5766440868139131,0.9581043393936224,0.5600485427105835,0.9741253969963862,0.42344108335068287,0.5428809194567136,0.8452074131173427,0.7090274193300629,0.33830468843027445,0.853929510902562,0.9969012306402705,0.6503812225670731,1.0214719187042618,0.36294881373823173,0.40377836884734564,0.5385155161899498,0.5592966126649842,0.31186330396298234,0.5671839147569093,0.2228471070031721,0.7123151963321652,0.8065737596761711,0.7658129860165487,0.32683142736220316,0.963462669110049,0.31321863833734587,0.5063721523109068,1.821174131374935,0.640622879279071,0.529832592820499,0.32187135448270304,0.7556829453855006,0.9322823832727101,1.2559493471248628,0.5261598894281561,0.34221143061645914,3.1604211375318436,0.4479697785152167,1.1660064349687016,0.47427270028219504,0.6649468601760109,0.40597812568569525,0.6736281952351106,0.6091571876605729,0.7783173184186647,0.5003687472685208,1.020560225221545,0.8475159306855216,0.40942033271728845,1.2907954504020795,0.30270844741132646,0.6785050469812215,1.2489596092419948,0.32988962077795647,0.484791525598237,1.8135958104288479,0.4747832184864734,1.0089372335313993,0.543802691354204,1.3134188650113663,0.8672247988530677,1.5012154644964149,0.7750301046461296,0.7878668121630499,0.47328058806240236,2.1454060413138953,0.6265296546581242,0.6569333829632308,0.34829171748724796,0.4190443361532724,0.9700333148139482,0.5830006681251722,0.8833350966964288,0.45082864341367274,0.4928966526237621,0.8012618582223583,0.43688816106133843,0.6972495163086776,0.5080892116063294,0.9057004041497287,0.3547465496852105,0.9267479418041031,1.0983793153708088,1.2946214330788888,0.2131071777434982,0.5504541887770159,2.133241298572433,1.312258497921585,0.3968426165806127,0.4195278215986893,0.9570800084810491,0.6570819316224391,0.8475524819721999,1.4521632059235234,1.3227826724497262,0.3773027698352438,0.9792914523211936,1.5419897257646857,0.6984989495902246,0.315131283784031,1.7483492567276548,0.829071308766018,1.281717081433348,1.2017661552982348,1.4833409537611653,1.641317365504841,0.5874805034008707,0.3045707006120548,0.7863146739980711,1.0644343577598185,0.30441537228010607,1.1736087542315776,1.7124259769461736,0.4213810250339814,0.4800912147451025,0.7315762174031266,1.6732824593342353
arc_pair_197122,0.8339970872609458,0.6462207164806543,1.5138653865253837,0.616981193407421,0.5456379095133739,1.1121636325161726,0.6641377522573495,0.5467893030025207,0.77421363748411,1.1562228966056574,0.7903572858148499,0.8610876429848888,0.9245922956121413,0.8006133255345282,0.8711453233618609,0.5680184507108096,0.6579179519731071,1.313955710472442,1.1451302296814516,1.3551948413666688,0.9785918305342372,0.7732430677620703,1.3648149764716169,0.6252682292993744,0.0,1.0213807470869605,0.7856260784803717,0.7366241648797948,1.0565962137719094,0.5266941739184625,0.5862579937772946,1.0632024492816117,0.8626793808137128,0.5132533028864036,0.5990717883157293,0.5870271020445715,0.6357760362902484,0.812387287619567,0.5699103859948565,0.9102683905241866,0.6691326221002566,0.7643725081530157,0.8195086353629057,0.8624704588214637,0.5015100086005732,0.8634975410203207,0.9067648323638039,0.686929315914776,0.8227357717008725,0.6642424420694834,0.7374696139812947,0.4893900906184546,0.7005190551569176,0.5656305929917004,0.8141704126668257,0.6423271657299267,0.8349580229103191,0.8212648623751375,0.8384224247686458,0.5674322962816107,0.8616820885814351,0.5325629804611386,0.5903916369220483,1.406526799080432,0.573531807870034,0.865349816396924,0.6169175856649847,0.6434998810489865,0.8389715711353785,1.1332569103957577,0.4935847293665875,0.6420352233888645,2.656107320272083,0.7287926838322913,0.9196551478115569,0.6300224862482035,0.6563910697695463,0.6169524986516266,0.739672640519504,0.7344262988389152,0.7194260835523982,0.6875158423358962,0.8542037371644824,0.8008348393829161,0.6382520617257705,0.8920053976658683,0.6038468629795384,0.699058941806838,1.1965944911278799,0.49667324339449154,0.665793600782318,1.5845966923003354,0.6798471762037033,0.9116747878282869,0.7829795059554528,1.2048132457319811,0.7834666171389388,1.360290949174565,0.8627736603716019,0.6420126191410209,0.7970101519507168,1.646511438927911,0.5835574457407955,0.852242848261137,0.6541348637331172,0.566600103175868,1.1453958139044622,0.7728550780369168,0.8333277203331098,0.5346019971560054,0.7353470650111402,0.8752757093714267,0.7092886991404801,0.6807025063570161,0.5695054848984662,0.8650484308651748,0.6859268758529043,1.005054669370709,0.8392053639110705,1.0468105452559857,0.5370932801104911,0.8539970623838329,1.7080618033782986,1.2517820871362408,0.6149376108790487,0.5904604764189865,0.8057493263333864,0.8144961602101115,0.8745181755354379,1.3380577773060134,1.1874819663788339,0.6567466930437503,0.8110720126019937,1.1930912616542593,0.84517873191881,0.5688060435821144,1.4084131213705533,0.7921926284867289,1.1129387739889094,0.9403066526926027,1.3039471699901768,1.45813919944522,0.7671185167111705,0.4866155922170812,0.6549221172300745,1.0223096647331793,0.6126327850993889,1.024224427486276,1.458663348721505,0.6102932727371849,0.7753552745429644,0.7933461801742797,1.5483072416722536
arc_pair_27742,1.3828881445342742,0.9898637978655314,0.8558817393847193,0.9425829802847596,0.8250864945815553,1.544594074837665,1.189424114321307,0.926365255866251,0.8140778313837393,0.7840553033969072,0.8636254866934203,1.1551282367686064,0.6130525198530783,1.392664793705397,0.9009301844337486,1.0968086240379296,1.182020341238222,1.202080400039611,0.41745971006295857,0.7669845090156808,0.8451041307672564,0.9664459187676522,0.9005671171509582,1.1861150836423855,1.0213807470869605,0.0,0.8992912743709631,0.9660959578660845,0.7527443942034652,0.9466955706488679,1.2310860615450465,1.14328842315655,1.465217918531812,1.0944269107765296,1.121057767224638,0.876288246517896,1.0820734323756487,0.9327880860306867,0.8588051669347541,1.3018264615956099,1.0839093826606259,0.9551094974587584,0.9909429145035018,1.1874396776909957,1.073820876791182,0.8000447530667755,0.7697401090401895,1.2099484177511723,0.5952099180292665,1.2090146593420101,0.9468666939810357,0.7072280558951987,1.2194429687721506,1.1898715839286438,1.160522152656563,1.2858428037415786,1.2040783457576851,1.0317796867856468,0.757476048488162,1.1013580026415524,0.6704811881724296,1.160477197188674,0.9590004842061777,1.0462897343291646,0.6794590035175493,1.0359062387346496,1.230723472693746,0.954387490403381,0.5086795795287301,0.9784563847818245,0.7806089477397538,1.2665460628955025,1.7119013724773222,1.5093408473599612,0.9697344228472496,1.1455212170701121,0.7535848158786483,1.1865708732307096,0.7811941525610802,1.1850094303591698,0.7197382708809602,1.2237533925720188,0.9456114386869381,0.9315107366645464,1.057661148913244,0.6308869158068174,1.2035636218143542,0.8195020110490675,0.6575995171175676,1.0546680443727026,1.0889894810267677,1.263978693473521,1.0833261657418225,1.2096713498979041,1.2602307144406735,0.8682053275348354,0.5650118860206196,1.0313677379335426,0.9541735686242068,0.842439280760235,0.999091406119275,0.8443556195267646,0.8751163010719876,1.2535952455797634,1.0896082883258837,1.2266245992304023,1.0693172906710187,1.2831442762748084,0.6469524806289572,1.0559088002532149,1.2358146099418137,1.261147007280266,1.0836177894621024,0.5613427508834302,0.949411957248038,0.6513490053060143,0.9776524367075844,1.465209492575934,0.9427596946510624,1.1224415052829932,0.9722248407526412,1.2628523158613438,0.916050821407977,1.0054744907621704,1.130966584499085,1.121997695247492,0.5962597846511897,1.244327228941664,0.8582463655345283,0.8500275225030016,0.7055010378313027,0.9609718714896258,0.7564441019517419,0.5605193298940662,1.0720451942589433,0.9817462420014258,1.1038060219455543,1.133767659000009,0.7804770885182855,1.127375337519736,0.8695917436019065,0.9517750470193964,1.1035828426003564,0.931583522648455,0.9265691496895185,0.8998279370158475,1.2105275062910772,1.1450424653677032,1.042647715198782,0.9756839903845383,0.9275548529639992,1.5579758946119804,1.3463906286771061
arc_pair_255622,0.6160626897965643,0.7034113280231413,1.5757565633147603,0.4081606412598181,0.36987028653781373,1.0752565823208526,0.5854500047131423,0.5677724327820959,0.7350893150227362,1.1105816135609312,0.6679355264918212,0.7953108115173133,0.7139853782048136,0.611266976511271,0.8667150863505638,0.5516921105432657,0.4528994144551346,1.6472773718691032,0.9059872575167435,1.3354163597283377,1.0139167314132909,0.9689245229079816,1.2552655210892603,0.48903819152732764,0.7856260784803717,0.8992912743709631,0.0,0.5681894894808026,0.9174512639202619,0.5527455815339911,0.5265699677262464,1.08692090542052,0.8325550809371798,0.5228387579216011,0.3586408530428634,0.5682935791487622,0.7120702967401802,1.0712723804004294,0.4996784943911832,1.0513981642403185,0.5358552920548514,0.6690654544761576,0.9185438164074152,0.7744341158392753,0.48934757287845987,0.7880273304897065,0.9690426132979602,0.7224427929576388,0.9154015957749827,0.6012203672295966,0.42220625358951797,0.4841146514828729,0.7685700111473093,0.5814955111363075,0.6011360890439944,0.438225002963175,0.8241765965127668,0.8716440286978022,0.7246390559206133,0.4109858983711972,0.8289293106721451,0.5262784979211879,0.5766195529046142,1.6693879139884238,0.45357071137077887,0.6105070917472128,0.43444657847159396,0.716861789501311,0.7302680689740596,1.1368046002646384,0.5489153569313288,0.4849859745331302,2.7183742682883643,0.6525104144333662,1.2148179728451782,0.7176640035531641,0.5757775437719446,0.5854058437818019,0.5311308528932661,0.8103987523380607,0.6362373568656918,0.6169965816051509,0.9146383549446653,0.7074701229143585,0.6141575531674054,1.065950760827095,0.4188455175113476,0.7143695745365218,1.0189846261555873,0.5504125616810525,0.5687433991343038,1.5534736248962893,0.5589880898233257,1.1026997509028664,0.6868742444015403,1.1299030696548757,0.6702925970558382,1.1179064968541343,0.6373786444361118,0.6460720902304857,0.5706081069747191,1.7353131481094362,0.7088035678968179,0.8055340211315676,0.46966670872300575,0.568561797742775,0.816619506944986,0.6859601098735086,0.6090391535940717,0.5409969083010431,0.6623413663798976,0.9713443198578837,0.5647839691940519,0.538159289236513,0.5868192958032423,0.5925881560699151,0.5176103151929895,1.0664942504957473,0.9471858256154152,1.2136850378927155,0.34266140051041394,0.6316769928513473,1.815872963519052,1.2874013758641336,0.5792456553847732,0.521017448574137,0.8923696929567562,0.7319737132225217,0.6321242288170232,1.1837630499559864,1.1826555665336402,0.3886063146003892,0.9556451906011723,1.3075808752195457,0.6112436800034802,0.43400596604086683,1.3698421290854195,1.007312270747025,1.091059119326296,1.0965757157303087,1.1990782920978482,1.5131253456477873,0.6440370077730605,0.5362489959277718,0.7556412725411781,0.9183515556052673,0.4841953666802302,1.2364794161135226,1.4178614315538984,0.44773189863800605,0.4408469023993006,0.85539780054602,1.555097693935858
arc_pair_139628,0.5461964471167992,0.6514929045101839,1.5653265285981406,0.39346936444789604,0.24388893217998386,0.98492244949343,0.6357533082951633,0.6199986234664908,0.7759059477224525,1.2269742479570889,0.659716963685093,0.7031443542104829,0.8718248255855734,0.6049320133029803,0.7113319979413586,0.4445676507848264,0.5089485040026318,1.5694329965765326,1.051813286501345,1.5811655291897129,1.0124820333801534,0.7304567762645426,1.373134764440512,0.4249899392637877,0.7366241648797948,0.9660959578660845,0.5681894894808026,0.0,1.0634847789044686,0.6709750689927112,0.5044446051498844,0.9788023140203146,0.7828398932553866,0.5077534051437423,0.4622274388506656,0.6409252977603593,0.7266661362399511,0.8495929707370539,0.6806247302851547,0.7286311640728278,0.6878256430700138,0.5084442962941238,0.7932493743183453,0.7706849598366328,0.3940548348490727,0.9382547296854133,0.9638779128019439,0.5988053538542162,1.0441118810713954,0.502700129915952,0.41579560729165754,0.5470327805766317,0.8406732272165605,0.49547153780599673,0.5834112345015142,0.43104072278440503,0.7251714954612674,0.9014772045175177,0.8577830753574758,0.5700809095125581,1.0058854457206783,0.4588600016483104,0.46259823846201653,1.7056959709648853,0.6441747019918015,0.6515629942154068,0.38231466609542497,0.8256858778046592,0.8599362091763303,1.1205823820739536,0.6765165005070646,0.5612498304566566,2.9564861053236555,0.683618611062863,1.2324608752797697,0.6347288977897454,0.6587059966005057,0.5523967860805096,0.6659925828678239,0.5885525165689487,0.6148692352527857,0.6879486511270934,0.7764406048873157,0.8871474004529905,0.5414811995546571,1.250121357723073,0.4412954266253292,0.8646719496122465,1.0660258391625688,0.5330973639716208,0.5321083707707264,1.6343025955587827,0.5562863730648385,0.9934510599705478,0.7004170928002678,1.1995628716082478,0.844772035353966,1.2973732587676359,0.8587137946902403,0.8404165228639886,0.5313572044363697,1.7674159007925392,0.738950823310163,0.7652009222302645,0.44294523984367223,0.6612021893873863,0.8529355075753463,0.49835408777897616,0.8120482532621451,0.5792922364245745,0.41881949759177395,0.9347460135222418,0.5144648314368996,0.6852968649344459,0.49202235176493087,0.779305439646474,0.37550883768775145,0.9932801395332465,0.9878917382819556,1.2268642459121932,0.4346020006957653,0.7779752228359313,1.9540821816237925,1.1295783514656503,0.4895815172451004,0.649493953458293,0.9716909931802427,0.6691234585974388,0.8188730910426856,1.4019316818304448,1.2624015570202678,0.6102160492502527,0.8837909582247573,1.243114326454152,0.6779895420409765,0.31810272365178527,1.5657606730946427,0.819596102437044,1.268240323300318,1.058195875380382,1.4610975386033496,1.6188394271278452,0.6256371169925687,0.5192171072172379,0.8609531170871193,0.9613199462836642,0.5360800981792324,1.0440039817185136,1.59575387449743,0.5611204727845682,0.467552656569002,0.7444655148674715,1.350412060741181
arc_pair_58054,1.379992632671851,0.9941178055017651,1.2517918945996533,0.9085835211226465,0.9062766272746731,1.538984514074862,1.1690338009935755,0.8796403150017713,0.7962678948750828,1.0400983548371574,0.9772564349223565,1.0367462617105228,0.7929622093976723,1.4129739496229212,0.9173128100972465,0.9781104759109907,1.1742763498552353,1.1286256437363829,0.8224873557320558,1.0232582194840498,0.8988032439021081,0.8448509281949733,1.0281846677373712,1.198262586733727,1.0565962137719094,0.7527443942034652,0.9174512639202619,1.0634847789044686,0.0,0.8474448835412207,1.1631737325846063,1.1728983347019972,1.5239715368228601,1.0435494040745605,0.9284670129065693,0.9322379365056956,1.0740855996493066,1.0558181240684008,0.7753839585603604,1.0765688180116104,1.1305373678313213,0.9175014873881702,1.0726456575196406,1.1583031362599092,0.9472731912877623,0.9170962216703684,1.0778241895838454,1.0633935887268766,0.7130966749194525,1.1282722147430024,1.0535328116912601,0.790121249575738,1.17486904359727,1.0578912394863331,1.0766646939038143,1.255881736595427,1.1401398782353582,1.0818137941440145,0.6239800616797796,1.0985501465205016,0.6536413445211984,1.0207693078823532,0.785356334033968,1.2772831308864672,0.5355234608787413,1.2752738016434277,1.145206664080166,0.8437242144467298,0.6232291189006038,1.1167094282159162,0.8658296069449039,1.1580347005472083,1.91217555754808,1.3835958789373184,1.0153459416984478,1.1011884702088945,0.8476446898325489,1.1694435830971217,0.7257221794764246,0.9020637353753403,1.031730749236871,1.164554342236455,0.865994923366262,0.8085538682508726,1.1661657854819605,0.6783594599880014,1.1553471565849447,0.8351790372588328,0.8683909006808382,0.9506541742075382,0.9928493791234029,1.052852229695874,1.017598798038064,1.2749616013160812,1.1833560425831222,0.8336789335577132,0.5422067511039969,0.9188447497661408,0.913639716803015,0.6652644749634709,1.0594720938258944,0.993250322595101,0.8377546087094433,1.1538416038773716,1.0481010329571114,1.147260601110765,1.084967779072473,1.0224062478114933,0.6731963093163502,0.959027866397076,1.3400914539524948,1.2954598414634617,0.9946920216137074,0.7221579768328579,0.7549461272730627,0.663883433663552,1.0637102493237163,1.3178508793650172,0.8907441693450007,0.7435572095048607,0.9520411659196806,1.3228464733070897,1.1571460625431258,1.2588586252996898,1.0506461206527642,0.9424899382614083,0.6712587361599507,1.292118361231358,0.8534334404361128,1.1336360912548429,0.84505488025909,0.9769633314395971,0.8155992434381328,0.7082772243443818,1.0943788613145706,0.8277491132892635,0.9948593493219953,1.037044004277439,0.7889765057852183,1.0455792342357557,0.8810590037298462,1.2070820969239278,1.2057758993982075,0.8420950455072516,0.8069091989326338,0.8593577989363992,1.1398231710221995,1.0693881055558223,1.0647881506858545,0.9051081121348218,1.0289063991640346,1.2893011353293335,1.5298275598074376
arc_pair_557730,0.7123693935504745,0.5000250855530757,1.410652550473699,0.40507517912944424,0.4597072560612208,0.92481634010556,0.5031686386045726,0.3544109933717906,0.560395652426199,1.1050797349015191,0.7976069026688976,0.7737675162893005,0.8853182611686301,0.6643766426478709,0.6932114980240764,0.3897348300047848,0.49671157812754596,1.2376124869409606,0.8678104644647978,1.3278486209822802,0.786929772239673,0.6557254756753796,1.4069452743421405,0.4429619814211017,0.5266941739184625,0.9466955706488679,0.5527455815339911,0.6709750689927112,0.8474448835412207,0.0,0.5005413635756846,0.8799090135849704,0.7902052254199468,0.3406754599209796,0.4306981713673415,0.3025543705982966,0.5617903901424195,0.6356232413768876,0.3732547018483285,0.8504140891294679,0.43050579777753584,0.5940991943856446,0.5433279104679234,0.5552367593276375,0.3827809283253667,0.7596594188703751,0.6242371757515752,0.5150930447610049,0.6432191475536684,0.5601257156594965,0.5628776507852618,0.3274324149565022,0.4768218297026764,0.4041881522730777,0.6620858343138596,0.566432034215659,0.7269739627726031,0.7215893731085748,0.5748934535262051,0.3833676267289605,0.6778353369336283,0.3819056812570688,0.4704105302108536,1.5777961545643058,0.42659553065526856,0.6643065311941748,0.47495556791934535,0.666074113606242,0.6879204594864636,1.1742113127005895,0.34387220730926776,0.5070124659987183,2.664750769193121,0.6027496248181288,0.9150153513595395,0.4549779545697242,0.41923492924416084,0.4894989844226571,0.6257356225351962,0.5479020365506964,0.6265639660938807,0.6032822026463944,0.712368950297576,0.6036522002387319,0.5391090557876138,0.8648922909157761,0.44102101162503016,0.458332806390596,1.0000952580078772,0.31634808918709834,0.5097574909789757,1.4437795604752395,0.46822533875623135,0.8607781215473286,0.6909064545517436,1.0255226307769207,0.6893250451472025,1.2685261256849676,0.6739025247353683,0.37275973788552835,0.5549439142535886,1.6812670903989833,0.3035237314042769,0.6043712015684273,0.4853504239349212,0.5149010793108812,0.999857349284692,0.6085519883442251,0.6493408672023919,0.38343548481903356,0.7122787945656974,0.8403733359344224,0.570692298222364,0.4485090259253618,0.46548077293965706,0.77031844770109,0.5647123259812787,1.0423627262120192,0.5990428599015912,0.8831155712378933,0.3277467533863899,0.6117582018488772,1.6924339494046192,1.0612921869882492,0.5557593674130927,0.30284097230222984,0.6708432471186583,0.7129845146102403,0.6760550733460298,1.0669380912601842,1.035925671395545,0.3823064489039539,0.6828887368641159,1.0413714817527622,0.7083393032196692,0.3896180809461171,1.461228089556129,0.7642738162847986,1.007071456653923,0.8391225406669174,1.2281812939794368,1.29039487786106,0.6789556080599031,0.32425330011984665,0.4860243454769186,0.7906730455199171,0.4390096172675174,0.9721010457395243,1.3578995807166503,0.40112781782307183,0.5482462607200476,0.741993149953392,1.430418909949284
arc_pair_610128,0.4570500707519727,0.5926352603487105,1.7913331783970983,0.36555142865759893,0.45434159084272147,0.82246262711651,0.32281762623947713,0.5057838547921693,0.713520316100339,1.384897775886818,0.7874385979399836,0.7846309502408223,1.048561855516828,0.47041043751455225,1.0813695586137606,0.38430369814671084,0.24541001325094203,1.7850389626714807,1.3503438212657426,1.7196670029056975,0.9473120675183844,0.8247344597331221,1.711599415429316,0.41668613978018776,0.5862579937772946,1.2310860615450465,0.5265699677262464,0.5044446051498844,1.1631737325846063,0.5005413635756846,0.0,1.3132757696323156,0.5583457895811261,0.41660041224097033,0.39624547782431163,0.615749180229485,0.5129817733867145,0.9690460120211069,0.41830222543342827,0.9622485303416619,0.5002344268470095,0.6524415698327848,0.8634347851979074,0.7423212319281626,0.32199275401874977,0.945328379299837,1.1562002371736724,0.6347578978470043,1.1636724656192858,0.41351156974571135,0.5106462895140613,0.4988894994757032,0.6291020150420652,0.28811909638900796,0.5099456247372927,0.38644762342538724,0.7699150176394831,0.9457570044619792,0.9979101036482368,0.3766973244639402,0.8960911540630797,0.4640452792537567,0.5559896769311714,1.79458721461657,0.5855671467057422,0.6471508105523583,0.25997298691597526,0.7376334692528204,0.9845751439734236,1.2611583108429998,0.5613629863188582,0.40378846168179156,3.096996681734668,0.42127378464548587,1.3012222967360987,0.42345860504354493,0.4399218581845996,0.4215689805744116,0.7618806264769935,0.6876859032267235,0.7343642635134523,0.516096809564961,0.9842302377172825,0.963428540459919,0.631123408359189,1.3473201691492391,0.26025122990444255,0.7322929194726553,1.3150475034656621,0.32972171753062507,0.37012101594617913,1.9970099281612952,0.44551712909720487,0.9641288612821175,0.6155715222199516,1.3695653546729707,0.92865193073434,1.3734930359524615,0.8464395449399772,0.7190480937489983,0.7182928423282307,1.997943043120832,0.7892353441685219,0.6828350878869847,0.49872403718671876,0.49408547819166687,0.856332710375781,0.5270015343478058,0.9783794771485664,0.41893548947816883,0.49174712849801033,0.8556765181910981,0.49050978029457126,0.7145998896997361,0.5301170004924141,0.978033830884273,0.4588367718235551,1.0629727936667066,1.1641972965604348,1.3088756368564305,0.32758175499490905,0.5555836348006693,2.268875876124423,1.1836303990650938,0.4365252866257049,0.43016954879975533,1.0889256571615964,0.48071036165432746,0.8358118053336404,1.35633225539923,1.4559934802594157,0.4783205652413304,1.0572801604139532,1.5225516136413506,0.5868575908425511,0.3894031546723286,1.7527945480353102,0.8881404230543684,1.3667171875692854,1.0650398060901496,1.4355811814621744,1.5899322776901583,0.6170335151159647,0.49212003657532044,0.7133757174422002,1.12041453319521,0.32104472919826044,1.3536907375572584,1.7123381974242333,0.4000375578071864,0.6459279480142083,0.5989228059507989,1.836367499746825
arc_pair_283483,1.4595222307277846,0.9532731733096795,1.6746385793450036,1.1133368464678592,0.8393984826881846,1.6425659030207054,1.4105836273700691,0.947189675846928,1.1687489513986504,1.488227515724105,0.9992754354165985,0.8756543229093582,1.2404454295274903,1.4772291109712885,0.7049998596713759,0.9757632527021761,1.2698698951972485,1.0434861836043168,1.2078481431643922,1.602255576935578,1.3250834322954663,0.6952072876804017,1.4029229350230037,1.1896213464248078,1.0632024492816117,1.14328842315655,1.08692090542052,0.9788023140203146,1.1728983347019972,0.8799090135849704,1.3132757696323156,0.0,1.6063339072106553,1.0226057407707017,1.068702441389523,0.8557942019850361,1.2636443700943727,1.0950315344572554,0.9646204871708733,0.7125633245910084,1.154091719629282,0.9162869549626849,1.1205333354689497,1.3887777407193993,1.1024230329878995,1.1717799151462853,0.8077560855947381,0.6634995964259506,1.1237869429977858,1.204423809682264,1.253703040521517,0.8189734103720803,1.2258298982258726,1.15003325444295,1.315776941403159,1.2441342624704002,0.8658036510722606,1.0428867742675414,1.06136918491413,1.1213102600678635,1.1155570088464453,0.8955046070930954,0.8912420344912186,1.8907789112341118,0.9235606798778451,1.287548770531329,1.2337859071961716,1.2613261592018434,1.0566823039937128,1.258242133199856,0.8570155986263144,1.108591655063965,2.5950678415077535,1.256626695691253,1.32890535837734,1.3771700626178807,1.1681205753118726,0.8521072676689316,0.8848102607227619,0.769028999220998,0.9996354454797998,1.3544758870335427,0.6118939532088841,0.7176152785485328,1.062201028362787,1.0681598337081688,1.1990019755409986,1.1355269392472946,1.1683523422499524,1.1802406651583914,1.2214210308564555,0.6789165138075464,1.1410452861486549,1.5173851001073948,1.2958479217118932,1.1466866905653075,0.9470418254742672,1.5865813282711574,1.1018641407921073,0.9297382400995946,0.861230577434579,1.4759387684098155,0.8800011481597474,1.4283430002375384,1.2049577369845834,1.1028340661806981,1.5894344687486819,1.0602787671967007,0.7494255594336524,0.9931079451126159,1.2759373134689755,1.2800123205164546,1.219731367764583,0.8679408187578153,0.7837611930091153,0.8811687152773402,1.2369650684869224,1.3861652750721292,0.46652977309069393,0.8536006725813099,1.0361950366502275,1.3441160376482817,1.72769165272666,1.5536656350825073,1.0313064553540878,1.0261443330091484,1.0973487984402557,1.2074265429497513,1.3065364320664736,1.6368467834706206,1.3083575899895643,1.1939206366469464,0.7592327818965893,1.0539455372565987,1.313939365401092,0.9536706411652902,1.4911506741298157,0.8098295452802894,1.2930597608167997,1.2094480560938898,1.6472735790995687,1.6478277906750138,1.3016695420320792,0.9573281697797861,0.9042685729147388,1.2678129112700747,1.2744354488356273,0.6793972495139691,1.5250049626194047,1.225400021968038,0.8634165706675733,1.031500096242807,1.0814824285458475
arc_pair_370771,0.6068688283253778,0.9211476567257469,1.9600901390234886,0.6863045675682431,0.7044256013663288,1.0833784832455846,0.5717833211811109,0.7176661115618346,0.903811555543029,1.544103944692754,0.7430347399811144,1.2265111529048927,1.1817893106513386,0.5713219722646927,1.3597071278618194,0.6734536496713439,0.44551130003209405,2.0271636770988697,1.5739057266711192,2.1022844948205623,1.348820804047338,1.2107044366808741,1.8614061773292019,0.5815454194899708,0.8626793808137128,1.465217918531812,0.8325550809371798,0.7828398932553866,1.5239715368228601,0.7902052254199468,0.5583457895811261,1.6063339072106553,0.0,0.577483414803762,0.6397971167866563,0.8194466809988686,0.8564756947207561,1.3050065824881014,0.7815130876386925,1.3617380075896204,0.8139831066431547,0.9498370573702741,0.9757028212516856,0.9572595192892226,0.5109506704008902,1.127726220589471,1.3595795312813463,0.9852796085267649,1.4680639799940784,0.583354707676178,0.6105918013872538,0.6932065618371301,0.8085122933935793,0.5361166870545551,0.7476165162933,0.5274698218675878,1.120766701674829,1.0733121332989761,1.2552613811866478,0.5867106453145179,1.2986254293188626,0.6601890135362689,0.7574383703413261,2.171077783104622,0.913557459905032,0.8698252397015722,0.44662617309815095,1.0021977120233956,1.2426480303775997,1.5454287933603617,0.6919242021537533,0.5998560850552614,3.1466122281975304,0.5974465034456924,1.4352924729488954,0.6888598771593585,0.8683340017825063,0.7025736243404752,1.118777815858944,1.0116580192305618,0.9041093457147382,0.6119666500263181,1.2635981394221196,1.3376780110817656,0.8017576904838752,1.658308025345813,0.4747450650871179,0.9731927153167987,1.756970032953593,0.584974010901006,0.7178621648800225,2.4165652359106375,0.6785453285925918,1.2730737554486393,0.8247124404543051,1.6861368654429518,1.26492536311451,1.7735229942122117,1.2289431522297392,1.1646887211663834,0.8819539880042231,2.5649175115156875,0.9920765843174648,0.9051467728700662,0.6674713784420688,0.6388219614199303,1.011958040332027,0.8399636548920666,1.244641921752774,0.6237158837341885,0.5879069616757603,1.073685008692108,0.8634265478170987,0.9734173478485582,0.7476210957716278,1.1714069248006997,0.6526881759245692,1.2004966164567148,1.4860519686551936,1.7140630605004974,0.6508004658185534,0.8377976203994679,2.443942477464251,1.4945565990733412,0.6896906731165535,0.8020362023165877,1.2731241421521282,0.8804789752067181,1.1269664487113362,1.697766829481409,1.7930781839770513,0.7685562678220748,1.1844858729377763,1.8324735503183884,1.0152352128781452,0.7056720486396408,2.2055684020915427,1.282126199953884,1.541629800744231,1.4456429036407141,1.7246373011188654,1.9158855102740426,0.7496686998732616,0.6214042846679827,1.1103757574511226,1.247695658673254,0.46566265337393514,1.7029630450121769,2.0835539235710234,0.713904649871538,0.9252953652796463,0.9632908067324639,2.2075259829215446
arc_pair_522221,0.459285403374616,0.36279519323332615,1.6637127748215883,0.41547721995608633,0.28562862872071604,0.8999571075018027,0.3383590644216199,0.3175680564826298,0.6726504743941794,1.2940480828189083,0.6812881160363067,0.8331451575822307,0.9531025350504585,0.4151271056953196,0.803017871157898,0.354793162707593,0.32222821290831455,1.448152419028535,1.1890192050015358,1.6097149933299795,0.9688619821814718,0.7248507005904176,1.5616621790230782,0.2942248077401599,0.5132533028864036,1.0944269107765296,0.5228387579216011,0.5077534051437423,1.0435494040745605,0.3406754599209796,0.41660041224097033,1.0226057407707017,0.577483414803762,0.0,0.43259220827566025,0.3722408857287395,0.464048155275114,0.7839781273996757,0.3539846224031644,0.8848249406727694,0.3579183403927539,0.6445524335066459,0.6880030283321904,0.5723626599067395,0.2783613551540066,0.7729473377723626,0.7651435206329821,0.518090835442486,0.9038877626831728,0.40694257304125475,0.47510705943551235,0.3331867049986553,0.3450812918403531,0.26771631800362183,0.5339876408112079,0.2951776725335663,0.7088267138257318,0.692042628191613,0.7779979374829288,0.16641583871897708,0.8981518142201435,0.33618295448763247,0.3877887412123906,1.7824027201507735,0.49089012209490723,0.4358356658847743,0.3387462647682248,0.7122771744459228,0.9044863495126314,1.235194679328338,0.40610827907457236,0.32715322598047425,2.992603524099454,0.40043289608440824,0.9791904001579744,0.4027507968691541,0.5053367017530161,0.31158151787044996,0.7150224454341398,0.5205130361829711,0.6127918776775881,0.4150838973522127,0.8111060954091225,0.746353053652097,0.4418464588063947,1.1920422775367143,0.22335412599672785,0.5232348450285826,1.2159412846019773,0.294100384920834,0.4088657574185355,1.7539300866033645,0.5263699457945478,0.8865392013034705,0.48662841839162607,1.2426837136582756,0.8074566679304427,1.4338952639179214,0.7133500686132902,0.6112933657730837,0.45772404424278174,2.037091856472371,0.43551862392552554,0.6060592740161247,0.4195694385937372,0.4837007104383767,0.9775212601418966,0.5515228042504448,0.7896254976607614,0.21388120164484511,0.43523667330230154,0.7202601037206533,0.5290416813987981,0.6104489778331386,0.41331619329211366,0.8679990828894153,0.4699298138019665,1.0660193403167693,0.8293909587442738,1.230681324546102,0.23546888093390828,0.34562712368863674,2.0479214656873284,1.1765074594544231,0.3786724078435177,0.40225823203440647,0.8529736397236651,0.5734966309937906,0.7861958960840948,1.3706624441477557,1.3385257410404385,0.3503710227289095,0.7496365761508545,1.3373740061094586,0.6498477142059182,0.38266910720210945,1.699818667406771,0.8245691420169015,1.2375075038967522,1.0157163457284129,1.394579485012833,1.5293036700583647,0.5466543389553399,0.2564048184509363,0.6229876841890614,0.9461630130736516,0.32020380532196113,1.0988320725461806,1.6867184247714853,0.3716809465413039,0.38555779527190875,0.5677332481589001,1.5754939835675175
arc_pair_624573,0.44615482709414267,0.6201711909899442,1.6173897361810206,0.3148749227137898,0.2974492259942377,0.8599586949621814,0.5244431086671063,0.4663433700764694,0.6549906102891072,1.120450062774301,0.6977849858769765,0.7453901504837847,0.8244089923056842,0.47625090634050016,0.8123404732225571,0.44737546958924757,0.36466613742823056,1.4946557806943777,1.040969091679305,1.4897229271827979,0.8713009737268018,0.7262234028771082,1.2705576341150229,0.33138489905265145,0.5990717883157293,1.121057767224638,0.3586408530428634,0.4622274388506656,0.9284670129065693,0.4306981713673415,0.39624547782431163,1.068702441389523,0.6397971167866563,0.43259220827566025,0.0,0.5306231577366489,0.6651639891163978,0.9626946385343347,0.46932664744761043,0.7979424785799005,0.5495925435798252,0.4787176101987548,0.8297624888223268,0.6503422486768813,0.19885893896566958,0.8191462683375801,1.1144514939042187,0.6257965968543465,0.9847406674096835,0.40434887107492357,0.34060914482585625,0.438768697372665,0.6392046258723494,0.38230192114500394,0.43855859038102807,0.2831294905995603,0.6446490451442336,0.7669536012027635,0.6392089329526919,0.41661924337891454,0.7720078640612555,0.26228984723740234,0.43967136937271395,1.6394334188367736,0.4282507062810891,0.6754457609038746,0.24456451823988473,0.7039554456784997,0.6356094060689397,1.1076472269895437,0.49826993720224044,0.3505987988782424,2.8780450469977414,0.4748513968906286,1.1288811015593192,0.6118912772451226,0.6439687600300296,0.5738224731032462,0.49455367262435024,0.6612743908985756,0.6797945243526179,0.5160322219313951,0.8119172897753093,0.7942244728552662,0.5694346569112994,1.1078624315858328,0.34605489098810116,0.624427089549246,1.1007772347523694,0.3567234404938554,0.4525287530856337,1.4834546729974762,0.4283093937960323,0.9608058351001103,0.5926476957908189,1.0976315886473418,0.6824053212359893,1.1146979893692244,0.695706215634611,0.6493846252467129,0.520466036480545,1.7332006188070794,0.6109452733348647,0.6437146939584573,0.23657761731608645,0.39334461075038246,0.7446257810497435,0.4046486400699818,0.7333611429933151,0.43416407470547413,0.4925785786065173,0.8047490097593715,0.3213040783647679,0.5661485481379431,0.3538828532758054,0.6133902867366322,0.2994304378254918,0.7520330054918918,1.0004260870714792,1.0878141047546666,0.3464272265392439,0.6878340388059273,1.8741296744249902,1.2542171420542776,0.43268445376659165,0.4256320780281432,0.8856127594882219,0.6501351102121182,0.6530806803659023,1.3310238294134196,1.1493378146463886,0.3892787612506473,0.9087205246864498,1.3270497556174394,0.5955640568591086,0.1640087336700215,1.379473675946945,0.6754408140712193,1.1503296198123532,1.0256596490527752,1.2450392111014967,1.4907981646294317,0.5082874760479426,0.36590281032219696,0.794135705653666,0.8847691380792955,0.29740811459896555,1.068405816804948,1.356007033020584,0.38085991921604734,0.5679315022486247,0.6338525425806967,1.6315870333310574
arc_pair_144158,0.8370401100351103,0.5675674146962709,1.3242588765508339,0.47558363280433724,0.40735608743887464,0.9666035220672029,0.6622408705336987,0.4262770145643457,0.6593944964717269,1.1691712291660006,0.827010032220231,0.7772256714290391,0.862229724669012,0.7553959283060343,0.676832334647893,0.4982318866881997,0.5684138315991119,1.2342768592381432,0.9374702517078459,1.3248171297454145,0.9062728712716708,0.7142016718645097,1.4020803683257395,0.5131901163726353,0.5870271020445715,0.876288246517896,0.5682935791487622,0.6409252977603593,0.9322379365056956,0.3025543705982966,0.615749180229485,0.8557942019850361,0.8194466809988686,0.3722408857287395,0.5306231577366489,0.0,0.676939020083009,0.6934275563862219,0.5237408760885529,0.8936786095463383,0.48475698356608365,0.5841164879954006,0.5013256585549783,0.7450241258617736,0.44265044530786546,0.7305655617722799,0.5209131198354396,0.5664978689831747,0.7757001470289788,0.6897817353937163,0.5892910059759755,0.4683095461795982,0.5532368705710392,0.5510506219938713,0.7823446190040089,0.5977298120804433,0.6868505256130306,0.6460717996035326,0.6190193382816812,0.4572840789299118,0.6989744918866116,0.37539391048772663,0.5700010966865774,1.6243467752446095,0.42959324043864694,0.6146750946276937,0.5096033308150292,0.788055180731043,0.7773292627952775,1.2563791581765404,0.39416641937658037,0.5527876579175558,2.631128916616994,0.536331820951141,0.9500014813912332,0.6184587694564818,0.4754459578384286,0.459170533870099,0.613026941300623,0.5767354570515197,0.5417725797453115,0.6906831610575501,0.6908127870936717,0.5648892165908982,0.6376086819188436,0.8868649053324631,0.4495255269524862,0.503088852039574,0.8851080967550718,0.42870007325836423,0.667011757806899,1.3584339202347302,0.4737078219642853,0.9244685473936256,0.6829183675072203,0.9551510467890354,0.6918909695153795,1.3546610354682231,0.7654953345308665,0.42422506518729686,0.5647511449856867,1.6778920991841364,0.3105748776153875,0.7858215552185401,0.6377676261287093,0.5956538917196706,1.06868414178116,0.7521592926743177,0.5416584306714419,0.5145467709321351,0.7462576839449451,0.7707627692218497,0.6671430996972534,0.4936550143485478,0.37669850866535715,0.7902788991474394,0.6960604536394723,1.0729329237561056,0.6368244080472097,0.9106120642581093,0.43246720756431245,0.7116690917419398,1.6545207726870235,1.1148370087893613,0.5396696490351154,0.495671471194191,0.6869624053454125,0.7308444638822711,0.7737096915701562,1.1444446578674088,1.146702849429946,0.4639844266264579,0.5989660905330421,1.0146599496891646,0.8383654060005186,0.4708900571973721,1.4808898449971653,0.804165767114009,1.0856968519669934,0.8939755504455829,1.2835259541001722,1.3335277367204812,0.6913371458335946,0.40623723275256185,0.5395875410097328,0.8899366227538603,0.5655344285212499,0.9493322732315201,1.3218087237604368,0.3843868019481186,0.5330794539775299,0.7624570922646916,1.2302714037795845
arc_pair_257950,0.6865217182935501,0.3673578349561804,1.5488020944455796,0.5275578834698815,0.6009486283951877,1.0207524446959435,0.38526133727059625,0.44667837059825355,0.582255159567835,1.2861869039440816,0.7529329285464232,0.918093935879087,0.9007555546794811,0.6274604939535502,0.997814129985028,0.6433625045152316,0.5459049375854582,1.516964801307342,1.1676099304812384,1.3228599089056479,0.9230507643856538,0.9061407386465252,1.4363521061552667,0.5766440868139131,0.6357760362902484,1.0820734323756487,0.7120702967401802,0.7266661362399511,1.0740855996493066,0.5617903901424195,0.5129817733867145,1.2636443700943727,0.8564756947207561,0.464048155275114,0.6651639891163978,0.676939020083009,0.0,0.8653353782139013,0.4783037439237544,1.076311777321234,0.5386044610119157,0.8567731234817979,0.9298492191963916,0.8214305793726042,0.513217645540447,0.6949630665384561,0.987825082855188,0.7826995954997282,0.8254523252775066,0.5946345734088166,0.650043136748857,0.4719930228196328,0.5234594634285917,0.4499775918514143,0.7171331832051699,0.5535062006463667,0.8248137663804855,0.8451929447615159,0.9685617244525615,0.4508614441171751,0.7942443943656867,0.5961254164179477,0.6132513177265266,1.5491241783402214,0.5812587953770185,0.6205037183459481,0.5806754952028303,0.7273538484494759,0.8456704312707402,1.2029922916699944,0.457850487475694,0.5590177676486168,2.6240535868965744,0.6818030658951186,0.9931091378700958,0.22591496419514778,0.5993830967244378,0.6104693319230381,0.80808096853128,0.7701474991042279,0.6512720645098553,0.5572186754951158,1.0082191076892224,0.9432796147968662,0.5988474564098608,1.0590516800480159,0.5309175224285481,0.6102777222531459,1.171984825110179,0.4411323127815485,0.5536734468151825,1.8959544231494534,0.6899343859373012,0.9244619492130696,0.6916104526227885,1.1842673871471274,0.7678363505292872,1.1176635669492305,0.6566320993622272,0.7526688413306788,0.7520244424064815,1.7662517782485163,0.7078004679808365,0.6819778745516123,0.7230372851643414,0.697728472740468,1.0270850169291272,0.8560286782253766,0.9503363602244346,0.41426988248095276,0.6211266044588085,0.9191037708738912,0.7159043351416252,0.7183751995063716,0.7602908125755568,0.8701698295749867,0.6072565831501091,1.1880444670301695,0.9817924958595698,1.1781798543762314,0.5300481703316975,0.5082028540622597,1.8633057514151599,1.191998735044523,0.6276193895023074,0.5400932677213643,0.7459455387517916,0.6939967013534074,0.8005496088497956,1.1969279808339155,1.2517900796756252,0.561558205151051,0.8492805187909946,1.3712817778179442,0.6891975623684512,0.6130661482493811,1.654961192093166,0.830690069199237,1.1098722042536464,0.9519429073127037,1.0951869972283523,1.4829057193477733,0.6277598355500404,0.3882049240273534,0.7527210539483999,0.9499505482261987,0.549282173386545,1.0649258453183494,1.5342001416149598,0.4946244773532916,0.6112714635662386,0.7496036509670517,1.6751569627729102
arc_pair_115275,1.1042506317548604,0.8501358174746156,1.2131138933765295,0.8458838561590687,0.7536054252481594,1.1984065980580962,0.8670470229555468,0.8516739458569675,0.702417195543386,1.190350783042796,0.8612961214914008,1.0973341126543505,0.9112838147042563,1.0135001291442935,0.7545636841232322,0.8813857080859944,0.986993693002182,0.8904009610730904,0.9044453354452991,1.1849911271803761,0.8432663575628144,0.7907332578453314,1.290419724199949,0.9581043393936224,0.812387287619567,0.9327880860306867,1.0712723804004294,0.8495929707370539,1.0558181240684008,0.6356232413768876,0.9690460120211069,1.0950315344572554,1.3050065824881014,0.7839781273996757,0.9626946385343347,0.6934275563862219,0.8653353782139013,0.0,0.8975313986742401,0.9327132010408392,0.8546420638174286,0.9781042097069773,0.6615169664639089,0.8534527889438044,0.8610217224745262,0.9179977108756046,0.6261118516470918,0.795580071832314,0.9293960103172454,0.9159206285120646,0.9704317369626623,0.5580577083594259,0.700253365039718,0.8509422360812585,1.0490136005262236,1.0512864690327937,0.9866698837635453,0.733364310419681,0.9741563395091808,0.8967696365607769,0.8742481204928914,0.8303300000692244,0.7572174638730129,1.3769694277437232,0.6782417825161786,1.0657778664504785,1.0197459798682666,1.0256407427478873,0.8210068075949302,1.302151170946977,0.5522640797516714,0.921429474479095,2.3171882309528957,1.1444672874224138,0.9723492078797098,0.8248122146273449,0.7653617224857414,0.871362363386232,0.8424108498015186,0.821474850275109,0.5182353851769892,1.0290660969291685,0.7462861341462524,0.9552488412660439,0.9153513597560363,0.8247822330454888,0.9143119312623391,0.6826600774171008,0.8683174806759079,0.7140187221795943,0.9352972749100248,1.5015967613850494,1.0237211723156818,1.0198665080961176,1.1879934531369178,1.0554080542414823,0.789240841135008,1.3994432347683579,0.8462819190074338,0.812519547905455,0.848385864676086,1.499780880651145,0.6121605820808959,0.9369895852111791,0.8781823967246998,1.0608408254408732,1.3011136721817351,0.8939432992667107,0.9697261079677326,0.6810257393477204,0.9534347491390359,0.899451388062429,1.007463260825691,0.6639174232254537,0.8074593652706019,0.9636812314575576,0.893276865097723,1.2136594377815595,0.7517032581316456,1.0581516767295398,0.896383043449998,0.9391078814045474,1.5140077581205211,1.1099527539756324,0.9645983105369362,0.7535602058488711,0.7406674330845614,1.020652986096858,0.8945931346196323,1.047134944136186,1.128833903088205,0.8513639955442815,0.583000120176782,0.7591479341932998,1.030956507326918,0.7392983529983499,1.4981976829974801,0.7784608783342852,0.9944968299167977,0.8958540911833518,1.1481006915423961,1.193610216221121,0.7459613205520875,0.6803140595752745,0.6992710134661786,1.0249394677463373,0.9722519631668545,0.9536508642531383,1.38672994407709,0.9038977463465633,0.901967609840736,1.0356486428642881,1.0598370216664048
arc_pair_593564,0.647262949011957,0.41851639019429465,1.360973305285055,0.44711725604271035,0.42503780828646787,0.986544552844639,0.4396430647396582,0.31461296471194766,0.586115662452991,0.9441627066423297,0.7188774397245923,0.8547578775025737,0.8220262438483383,0.6304014722213244,0.9649776059057298,0.5700438199616461,0.3747071488045829,1.4095891797435751,0.9321592330090323,1.240903171373055,0.785565205882307,0.7616727833399976,1.2444167979437555,0.5600485427105835,0.5699103859948565,0.8588051669347541,0.4996784943911832,0.6806247302851547,0.7753839585603604,0.3732547018483285,0.41830222543342827,0.9646204871708733,0.7815130876386925,0.3539846224031644,0.46932664744761043,0.5237408760885529,0.4783037439237544,0.8975313986742401,0.0,1.0361202730505286,0.3950716057802264,0.6636359616486834,0.7656557209622888,0.6332496263272113,0.40745706128039594,0.6951971868704854,0.793816325344443,0.6662721704233159,0.6348318115570336,0.5607445549401414,0.5856953582247068,0.3330349642332745,0.46914323032658334,0.4244010437551876,0.6454821246847082,0.46047730230631106,0.8751903778489878,0.6792099126380362,0.6418799301288347,0.3027244630164847,0.5905496169536981,0.5304502572676084,0.5359621967884078,1.485011257554318,0.4077217735967697,0.4876006960073258,0.49508876598749063,0.6208115710201418,0.6420875388972722,1.004196706474914,0.414892723784164,0.4350873733535605,2.5104958198283693,0.5960549142222473,0.9616030413535486,0.4634168039914305,0.4065399591797966,0.47423995272072217,0.5869237174333126,0.6720410673320585,0.6375939955490695,0.5045896007617354,0.9317869592443708,0.7478474519163608,0.521404957270121,0.8712525831773967,0.48185934852928214,0.4652301467660408,1.0194897738873872,0.34180584986207985,0.35662655243214314,1.468906883653629,0.5590728328381012,0.9050922182135273,0.6979431904594129,1.0025298531596687,0.6244739700772508,1.0828164815308088,0.6553788328246233,0.5251609431970661,0.555335323816565,1.57981996851951,0.5123842267799563,0.6689564337798419,0.5915641017679735,0.5867057788727805,0.8093240354427833,0.663995963727817,0.6862454323115247,0.35035912463037344,0.7382986078660827,0.8071809384957851,0.5725144921067348,0.5435345952665505,0.4845778995757407,0.6908404227833957,0.6168610612124602,1.0539568993312083,0.8471282966233062,1.1067116886626165,0.40400657350717756,0.5333567267336224,1.6013328197727335,1.1413658727497462,0.523989493056989,0.42421401415109355,0.6882160265882291,0.7331304717999487,0.6544470957429428,1.0254229285495071,1.0458915936590536,0.3864417931867117,0.7415645027655954,1.1185310252642338,0.6735978988928739,0.4949302085939077,1.3489810738335903,0.8542745378710451,0.9400362256483938,0.8304134909778044,1.0842291594987645,1.1977562428274395,0.6910319841715681,0.4575546616829073,0.5043825436120724,0.8456122168104152,0.4317442683329453,1.1668170022588993,1.3376551727065982,0.43571420212967577,0.5203819937689508,0.7390775214196997,1.6919583389480204
arc_pair_708260,1.1549546599788811,0.8141457587338468,1.7079530836603851,0.8978785781109977,0.6635331863628471,1.3387300692536988,1.1599715489685154,0.8389484331012812,1.0186789089970558,1.5023754836624357,0.9938764897640318,0.3536348156007453,1.2064841065751173,1.1662169006309209,0.5528218969230346,0.7282021681669342,1.1444285294426269,0.9763367798990752,1.3207139348839294,1.6680022252796527,1.0930782595962472,0.34206277356092085,1.351534070932369,0.9741253969963862,0.9102683905241866,1.3018264615956099,1.0513981642403185,0.7286311640728278,1.0765688180116104,0.8504140891294679,0.9622485303416619,0.7125633245910084,1.3617380075896204,0.8848249406727694,0.7979424785799005,0.8936786095463383,1.076311777321234,0.9327132010408392,1.0361202730505286,0.0,1.069136527705586,0.651644095045989,1.0531604563485795,1.1465411007510964,0.7457106243482646,1.1874121398302702,1.071108387540351,0.4213488489333409,1.0758315275972743,0.9611945535688662,0.989291390979335,0.7010462861109654,1.1766411892167128,0.8660574065216425,1.100483504780738,1.0098504202791845,0.403808020079471,1.0233284980955466,1.013040387133988,0.9510996254725961,0.9453576029601618,0.6944155673620895,0.6515931298133546,1.8383236512510817,0.8740343903553404,1.2812128338026958,0.9733406702301692,1.1786219966917786,1.0055474886141325,1.3239948872778748,0.8387973615504019,0.7996401275195004,2.745373308195045,0.9510604926069518,1.2113334675423366,1.0851359181926434,0.9660331712976524,0.8743736400792558,0.743302108609831,0.5963395116096686,1.0132460997404786,1.088802023076663,0.5944595482679111,0.6334119251601775,0.9333946776609057,1.2043689288556965,0.9979462506119284,1.0447373094769223,1.1852649814080636,0.845500618475167,1.087539288958405,0.9638620551715333,0.8439811348909017,1.2643010706940065,1.057575331789295,1.1905816755945684,0.8369366480500771,1.3986541281972054,1.0852937257312631,0.802727574147815,1.0095252220413244,1.4754420834123803,0.8726956669335693,1.124293217573495,0.8124538824012867,0.869134416413148,1.4375100108690595,0.7884911496521909,0.972999385146009,0.8434163406064001,0.9558410427202191,0.9113230888610881,0.8886678722347316,0.8900436039836815,0.5585013890425266,0.9614183057364791,0.8819870586319618,1.1225703304180314,0.7374525426304007,0.7742514665005479,0.8678636931947973,1.3785036462132592,1.7812969590398011,1.4421465362269132,0.9190610248954674,0.9871038187489227,1.1677158123706066,0.9136814062403656,1.1774173291906183,1.6531044279680818,1.2151678172011608,1.0792637317642464,0.7936819243272554,1.202048271181682,1.1433335033606464,0.6265231026666299,1.5821946553277033,0.37388455139320986,1.3191421684336238,1.207442957446323,1.5808359975303299,1.7561062031602372,1.129142849036306,0.8210733728993395,0.9095323879999416,1.1652111717977447,1.0405534003396844,0.5280628216029968,1.3966185135874687,0.8681656527365076,0.928252619672793,0.49462746761465626,0.9686030759481846
arc_pair_496804,0.5980593657297328,0.40272298461516853,1.3740326026940444,0.44574501038545433,0.40145671052028165,1.0738862421577997,0.5759684343651101,0.43284371840727925,0.7562108646604199,1.1703778072526134,0.852289627448691,0.8282981592029037,0.899147738908467,0.48297864548617486,1.0193988951405775,0.5535417589676036,0.48459772230042364,1.5778567209826173,1.006103112655408,1.461213886215265,0.9080590057558084,0.9937791873871973,1.444149796462394,0.42344108335068287,0.6691326221002566,1.0839093826606259,0.5358552920548514,0.6878256430700138,1.1305373678313213,0.43050579777753584,0.5002344268470095,1.154091719629282,0.8139831066431547,0.3579183403927539,0.5495925435798252,0.48475698356608365,0.5386044610119157,0.8546420638174286,0.3950716057802264,1.069136527705586,0.0,0.7394458907366254,0.7034515501793281,0.6315981635740524,0.523688444190648,0.8178490975999226,0.6732592612850128,0.7204631697559023,0.8115160169644184,0.5531090906743024,0.636912760454306,0.5531853957125816,0.42524931349184614,0.4526920222615519,0.7522744724505109,0.33886568505066383,0.9861260244544653,0.6390884977937429,0.7599932571156457,0.26123723483971373,0.7799630968684192,0.5762989350198995,0.7961266509480981,1.6407084918402859,0.5557101355238574,0.4306761944195124,0.5769323552856163,0.799614079484221,0.8765730581079892,1.2798292641450169,0.4815992996581127,0.4455664348567804,2.7609510406902884,0.6203097960919982,0.9285825949466151,0.47693322074550454,0.5497054587689323,0.4591874170392196,0.6347819511096395,0.6886761710759564,0.6565608324070762,0.6403146525157614,1.1303603199305092,0.8358024869757412,0.49198963255923295,1.0765669082002758,0.4341268636684863,0.4730341058278067,1.0989831791059579,0.31541679054042204,0.5559126240911713,1.6669166645840376,0.6997320567462091,1.0182804990126917,0.6298419698272719,1.1639652806008165,0.7653206608454912,1.3457895028889524,0.6281004144570226,0.6109800889669078,0.5057872168032043,1.9511503684153921,0.6476553913711431,0.6754725555087295,0.6615727969809917,0.6549020784948728,1.0790459630943503,0.7364945063272105,0.881154326492575,0.42031002196268874,0.7699934974318903,0.845002183891017,0.5859968773364346,0.8244301243944092,0.5495408306188767,0.8631574695202988,0.6675862676833345,1.2543795209902477,0.91061113279286,1.3179626027880635,0.3576219855810445,0.4754758505189336,1.8599251632815221,1.2107139921825616,0.5355502550270347,0.40067075286326725,0.8357737610524809,0.8053183766072565,0.8032683247074242,1.2691604713011493,1.16607510866898,0.25611179643307735,0.8747213628739359,1.4352615855481277,0.779365656799105,0.5730143132262701,1.6948509950603097,0.9744149877475283,0.9799058588270768,1.0485636778254777,1.2225276653561394,1.4694436419137054,0.6972149665227891,0.44216171007999555,0.5009927780511547,1.0578791493381536,0.43610653827912965,1.2821164031057601,1.53977420736647,0.3763455101013625,0.41454547224494287,0.876973942425912,1.4302688970833541
arc_pair_247784,0.6881553988162792,0.696044521550747,1.5032876296735609,0.45058959134523446,0.37084838123718755,1.0626425968098927,0.8334358751654555,0.5363461293116766,0.7692443591535028,1.1869878153823534,0.7627632157934439,0.5110151784204736,0.9697265161154341,0.8131576913896839,0.7239730814635781,0.518862935314203,0.6833604384402379,1.4324942278870063,0.980576038325792,1.502208970173594,0.9183312999056571,0.5477621569208371,1.3725159713757373,0.5428809194567136,0.7643725081530157,0.9551094974587584,0.6690654544761576,0.5084442962941238,0.9175014873881702,0.5940991943856446,0.6524415698327848,0.9162869549626849,0.9498370573702741,0.6445524335066459,0.4787176101987548,0.5841164879954006,0.8567731234817979,0.9781042097069773,0.6636359616486834,0.651644095045989,0.7394458907366254,0.0,0.8558079933281788,0.9251518164145458,0.48975270976175933,0.824996772477163,0.9499044167457986,0.6645604045397915,0.8830620686748402,0.5100961507771452,0.5143013030527207,0.5613583318809463,0.9328345701438319,0.6359866843118581,0.7488391167122488,0.6339458061946908,0.6090780032235189,0.917213670263909,0.6577247550207292,0.5823857283220285,0.7596859373174868,0.46545587329862564,0.4324685387074693,1.6131661061059839,0.6783162707442099,0.8245373204639803,0.6092077173707862,0.9196948047863587,0.8186189755642982,1.072346828073604,0.599102618732713,0.5173333269863752,2.801648729538062,0.7356364727155775,1.1443291205976105,0.7857620081550492,0.6177204239892989,0.6773614372286929,0.41187852599741487,0.6405601106771053,0.7925447486878392,0.7318797796642609,0.6846013352407199,0.6835879985813165,0.5711133592724312,1.1164464860515206,0.6307189887139251,0.7784856058431227,0.946799671560254,0.5278642256914738,0.6871217578003824,1.2837489734561052,0.45581517695260454,1.1123924349526289,0.7518740513948601,1.005600614816565,0.680957650233897,1.2683045173863106,0.886679522557284,0.6220300292092243,0.7036999512873818,1.5837130262096792,0.6780851277214544,0.7739967487080526,0.5422980872315584,0.6324252765915337,0.9581899606999769,0.6331706249504284,0.6980697945100178,0.6785439084645433,0.7118652618208352,0.8331394645545669,0.5248388220391128,0.6168996258756745,0.3838458787670333,0.8095267519316823,0.47162625258282265,0.9124321793162602,1.0096519429540018,0.9435004315233659,0.5057999902132118,1.0183083083472608,1.7417776343309102,1.16518219651983,0.6544547194407664,0.716738959924041,0.9084158728081391,0.7278532686598262,0.8389188928191378,1.3656656214472467,1.077164861032914,0.6427692195679076,0.8969873760971595,1.2214792970727237,0.7907816910531321,0.33824503254514215,1.5174199346442567,0.648899672280798,1.212113275987111,1.0008519178227029,1.4419021939084649,1.5187167425688453,0.789897975836577,0.5174556187465227,0.7811180097395009,1.01618868590876,0.6285171794375133,0.8232292149958216,1.3712511816478559,0.5913945736728491,0.6798448838798861,0.8255536142149993,1.426682300258738
arc_pair_230744,1.0597454675818214,0.7538249091698803,1.3198231127575457,0.7074945604154316,0.7244988498727178,1.2125469582558233,0.851345170153582,0.7384083689958327,0.7172856307221873,1.0487180395167501,1.0553611412046793,1.0325006517373059,0.951899734942623,0.964638447647953,0.9182430252189253,0.7586750495116932,0.8007565448140488,1.3327227310584002,0.9352029038511908,1.396890615470237,0.9618612278070291,0.9575348299929329,1.402696314994603,0.8452074131173427,0.8195086353629057,0.9909429145035018,0.9185438164074152,0.7932493743183453,1.0726456575196406,0.5433279104679234,0.8634347851979074,1.1205333354689497,0.9757028212516856,0.6880030283321904,0.8297624888223268,0.5013256585549783,0.9298492191963916,0.6615169664639089,0.7656557209622888,1.0531604563485795,0.7034515501793281,0.8558079933281788,0.0,0.7900706086876006,0.6914136779978134,0.8965653715060056,0.6006806879431833,0.8270138564327765,0.927346900381178,0.8357939016759173,0.8803814790859007,0.5802873184590409,0.7124467753047415,0.8346812431637549,1.0281086444364345,0.9052900957245738,1.1334488601670925,0.8145249621322703,0.6155185206876561,0.7094892333813838,0.8781596166788366,0.780248995533481,0.8258305136376893,1.6180558857175023,0.6814329588337313,0.9283128973868544,0.7938772217804176,0.8571689686713532,0.8675783575600172,1.3785794924794548,0.4991392673160829,0.8644805159275271,2.4231817930349275,0.9624890742731287,0.9816261922199971,0.8141497181646452,0.6582271314687956,0.7213601130200673,0.8474397360297776,0.7321475556997354,0.6524656955257073,0.8614653269615681,0.9077161312070361,0.9915535607260964,0.8215215371681619,0.948486146582026,0.717167121063459,0.5810305839507427,1.1576572541151435,0.6073440243941083,0.9133688511135125,1.6569276661845629,0.8373388272585414,1.1450391336917178,0.9757095105554623,0.9784553715888985,0.839911688648936,1.4534709110478654,0.9924362885941496,0.6651897648453746,0.7294139676899658,1.9061692687150287,0.5205184534295246,0.8203833954005912,0.8580293407485604,0.9421373337574405,1.2599818781752115,0.874292743689316,0.8793236990612554,0.7067524498775833,0.924387885051162,1.021061983304627,0.9767416825042728,0.7076314293801256,0.6252199173464144,0.9687176529763865,0.9199643577356273,1.2114104912636632,0.8146091733685883,1.0804816225536493,0.78673597278586,0.9938212085338518,1.5207192354715344,1.2823848600950416,0.877416698206585,0.8049664858012002,0.716291932320801,0.9532790317082294,0.936859895380809,1.0038885583343033,1.0801165504715966,0.6861998632591902,0.6074958113664166,0.8815766348817242,1.050711665769354,0.7471124385233752,1.6276591696233775,1.0575733564020164,1.0647759569065778,0.9669762381223587,1.342653758139704,1.3241620715153686,0.8093597693369887,0.6696327271011042,0.6683648741200756,0.8497154658689858,0.6545676627452396,1.2685885614331203,1.4931805440757582,0.6654428011363941,0.7557881560195943,1.1689847610993973,1.3637296413111313
arc_pair_364083,0.70497230587351,0.6431558176894205,1.7113832147253203,0.6102967183291611,0.640825669555146,1.1004547847544053,0.6305316057621184,0.6926442201831251,0.7223249876865268,1.3851540168145613,0.8945332128007311,1.2030708966843768,0.9116582938495961,0.6657151931805241,1.1058326568058185,0.706008076318134,0.5544041168753893,1.6848837153534508,1.1053069210312025,1.5206416160163776,1.1017506026986172,1.1087883840640111,1.6055407414366027,0.7090274193300629,0.8624704588214637,1.1874396776909957,0.7744341158392753,0.7706849598366328,1.1583031362599092,0.5552367593276375,0.7423212319281626,1.3887777407193993,0.9572595192892226,0.5723626599067395,0.6503422486768813,0.7450241258617736,0.8214305793726042,0.8534527889438044,0.6332496263272113,1.1465411007510964,0.6315981635740524,0.9251518164145458,0.7900706086876006,0.0,0.5929608563698415,1.0350060720882661,1.0852198903003094,1.044521296194965,1.0481936569311314,0.5847921570360801,0.66074147928658,0.5563741216426334,0.6974212005975842,0.6765221241246742,0.6441650462004269,0.6249729739464872,1.1982709932371978,0.9243798583261332,0.9669635383370208,0.5952468309060248,1.0221336314727805,0.7660526485249466,0.8322180722577872,1.7483239891737659,0.6954711015147903,0.7402165669418546,0.5977509902557393,0.8961817038706827,0.9773180302437863,1.3157135218781053,0.6205882620003587,0.6999562582399689,2.879806282874806,0.8383016934183007,1.1138407591827022,0.7397131309333442,0.6511959970667982,0.7969316438183387,0.9393521037310752,0.8430671722640015,0.7007985018116599,0.7075649122275405,1.1619328478440973,1.2190526578700949,0.7565727818516708,1.121844938180602,0.5355727948096768,0.6998263007372107,1.284470252978093,0.502540277523623,0.6002591120932573,1.9966267667088893,0.8410923967074359,1.043346102280153,0.7894827299706068,1.3076907387871388,1.001887702707567,1.4839496145348583,0.9197045024868258,0.9459556169777508,0.6179137644489949,2.0831313422292865,0.8194753531876033,0.8158181902340752,0.620853616175121,0.7177123083210867,1.0801162272253126,0.7110488426380505,1.0236735100376915,0.5141255216336271,0.7892286666200812,0.7975020498756553,0.7452192593312609,0.7365922200494248,0.7199972145620195,0.9891234273088001,0.6910786424188795,1.177566496172709,1.144317440968636,1.464322478170084,0.5730728225884109,0.7358085637692482,1.974671487072726,1.2157033215971829,0.8318493789149513,0.6831519610692167,1.00410540251977,0.8745555340880353,0.7913811561790972,1.4018757414331235,1.450857263965241,0.5414875451720464,0.9412933841333937,1.4472473440934719,0.8841025508168859,0.64235190944651,1.705324702884612,1.1944901742901928,1.290117132234681,1.033019445438446,1.4621685417094814,1.6124188401875457,0.7657348620859183,0.5971895408641802,0.8958930075721125,0.9932999386254677,0.6118191195070427,1.4636112909698216,1.6828557252225813,0.6591212223405227,0.6765551475384753,1.1115306723083118,1.8754346667315036
arc_pair_511862,0.37638885922748155,0.46973455955064636,1.6443129520422959,0.2777636074928945,0.25979892539241717,0.7543840674293534,0.3897131667359586,0.3826468402456139,0.5610109840990406,1.1774585798144714,0.6602250814422397,0.6739577082394261,0.8485933923273647,0.4410325917964213,0.8190646255516677,0.36233588895493096,0.282734170110432,1.4218031298750182,1.1110976476927248,1.5969874064323297,0.8477640752271693,0.6143522036563162,1.3742014619395972,0.33830468843027445,0.5015100086005732,1.073820876791182,0.48934757287845987,0.3940548348490727,0.9472731912877623,0.3827809283253667,0.32199275401874977,1.1024230329878995,0.5109506704008902,0.2783613551540066,0.19885893896566958,0.44265044530786546,0.513217645540447,0.8610217224745262,0.40745706128039594,0.7457106243482646,0.523688444190648,0.48975270976175933,0.6914136779978134,0.5929608563698415,0.0,0.7958580209522561,1.056089827541248,0.5733685077554608,0.9329474874224253,0.35115260625754097,0.328625727172138,0.3076473408056743,0.492314588939318,0.263841637207039,0.39935420572834174,0.2843180111384902,0.6296762826518085,0.7350690385223312,0.725569532502532,0.3410298545973959,0.7786050656920733,0.2651061181157321,0.34763954980816036,1.7018891167424153,0.3972241489563023,0.6135996211339243,0.1887407853375405,0.5784270954831128,0.7239813397105271,1.1373868227577488,0.4349722837051659,0.33087190917441633,2.9079442224158205,0.3738462872031836,1.0644344086008164,0.42987836729502893,0.5046802454015074,0.47835824574777747,0.6021219954865563,0.5602257514689866,0.6256212170406349,0.4174494763302491,0.7539551858343034,0.7802407224464887,0.5651248017442589,1.1715555306994572,0.262441940426824,0.5434889028334292,1.1781383790983013,0.25049665970189516,0.3509932073543062,1.7223439754081302,0.3732577315628771,0.9082033684036825,0.48577725844324515,1.1539926218596661,0.6984617651590561,1.1851522023267749,0.7603993160364209,0.5974590388925634,0.5684202878482563,1.8541580403610451,0.5067630431971332,0.5857969734931447,0.24255842137599548,0.36807875101422116,0.7461475899456251,0.41322524122033083,0.7801745430742784,0.33301035967274956,0.3693213035463696,0.711413864794392,0.3715373460175374,0.5700593938631295,0.3031088679572688,0.7226554303161326,0.28780377509226995,0.7778884983353958,0.9557326962132039,1.119657501973154,0.3048339976198382,0.6327902679009743,1.9433273126237112,1.1880039010805457,0.3942526741850014,0.47946237137833847,0.8435280188059491,0.5131588274701269,0.6398158423590026,1.3104433211343163,1.216356398292596,0.4243069943597547,0.8251579683630496,1.2913237638774022,0.566195401759992,0.21441294435953168,1.510102420580671,0.7282199025300744,1.2045472782019837,0.9172205493707637,1.3038784900296267,1.518504249696563,0.5043979664102114,0.28229583421198284,0.7645855050328427,0.9013565306242586,0.25175639004526934,1.0953991239607543,1.4312475681702261,0.26917396668202387,0.5381649476635645,0.5117790404948066,1.5998644983217587
arc_pair_649551,1.0014953431723301,0.7871461097791754,1.2899031623426982,0.767705090458133,0.7369072198976623,1.228634609535973,0.822586890472719,0.6386025778835013,0.7696527347651776,0.831968142346245,0.8701378814175175,1.043457912202343,0.7279533985887602,0.9748254068084419,1.064981735775691,0.9178284000403041,0.8979881166896082,1.2445606803845084,0.829747513939838,0.9330266561201714,0.8325092243101984,0.9776960592122588,0.9933170741642416,0.853929510902562,0.8634975410203207,0.8000447530667755,0.7880273304897065,0.9382547296854133,0.9170962216703684,0.7596594188703751,0.945328379299837,1.1717799151462853,1.127726220589471,0.7729473377723626,0.8191462683375801,0.7305655617722799,0.6949630665384561,0.9179977108756046,0.6951971868704854,1.1874121398302702,0.8178490975999226,0.824996772477163,0.8965653715060056,1.0350060720882661,0.7958580209522561,0.0,0.874469515853892,0.9619775954663887,0.7562608880275998,0.9446945404815706,0.8118862544978241,0.5768314219443944,0.6993680269776033,0.8693189278626223,0.9697802152352565,0.8909535798184347,1.0278592899898595,0.7669068657782605,0.8145854391499702,0.6894025817301082,0.6436448134421985,0.865217973055532,0.7173846075866139,1.067276272657152,0.725571164771184,0.7943468128592674,0.8837611557987046,0.816189665372578,0.6782216170230233,1.147169113316394,0.5497947030185262,0.8091144248610171,2.045419376941745,0.9854090714767356,0.9052084942812156,0.8527067109603899,0.7146264755463358,0.8698187674315144,0.6528282356291191,0.9573282569270651,0.7498752920555898,0.7374866780838414,1.066400536954851,0.9739319224546444,0.8749078488268274,0.7687099980419767,0.8308655636102408,0.5829279801845884,1.0304561341385168,0.7329944458721229,0.9983381904570274,1.4777067847590906,0.8490568452725392,1.1088582350776839,0.8104793145281626,0.9349208019497111,0.5295854378612584,1.2013800756191442,0.8528588087556652,0.7019767620610697,0.9376186594939644,1.3812472207445916,0.6217032808561928,0.8125411423230333,0.8846273681440557,0.9703621187038081,0.9684057106588745,1.0574554577340989,0.9361721373363117,0.7476196361373524,0.8381244884647141,0.9644645994878814,0.9202485146512195,0.6688967437340188,0.8367960386544958,0.6417898492632117,0.7402830985408437,1.15763971936044,1.0436582322374455,1.0709940141279795,0.7961968756500665,0.7087312066889461,1.4652290946670747,1.1678747177075408,0.8574492792637074,0.9528657985548121,0.6224010308176577,0.8888665627290866,0.9609110231997722,1.0726782595818458,0.8698667693075849,0.7823163597055609,0.8033858343585403,1.0630434963486095,1.0039635357309082,0.82425125217429,1.2592301578628753,1.0062056000026738,0.8562689670501192,0.96374195434757,0.9077430226623111,1.1388369302472652,0.7575851386101784,0.6547621092361327,0.8523198240733492,0.8339849001249343,0.8643336447791491,1.1796784337373172,1.2647340244028622,0.7759188444775463,0.7344017611689623,1.1997613860871676,1.289947041154971
arc_pair_489657,1.4005515898371885,0.769386967300425,1.1416796433464989,0.9452303494035499,0.754324936583078,1.5384618855316092,1.1314543311653458,0.755332842079735,0.9386814056542171,1.1402394656456551,0.9550163176370354,1.0667199337205553,1.0311907463952084,1.1659449506069666,0.7583122022894069,0.9194409939834121,1.0822895644473136,1.1781851251005668,0.8658387523137827,1.2514449953720361,1.086136446385543,0.9266967940423916,1.3911513294326516,0.9969012306402705,0.9067648323638039,0.7697401090401895,0.9690426132979602,0.9638779128019439,1.0778241895838454,0.6242371757515752,1.1562002371736724,0.8077560855947381,1.3595795312813463,0.7651435206329821,1.1144514939042187,0.5209131198354396,0.987825082855188,0.6261118516470918,0.793816325344443,1.071108387540351,0.6732592612850128,0.9499044167457986,0.6006806879431833,1.0852198903003094,1.056089827541248,0.874469515853892,0.0,0.8535862279225068,0.7910935672586139,1.1253767128935488,1.0488639430383433,0.7432326303161556,0.8299082312328387,1.0680949455288866,1.2681454329081039,1.0694411507225543,1.0978740304219325,0.7453758964676733,0.8228366447677444,0.8195784718099544,0.8370617710733108,0.965593261895313,0.9527819966302334,1.605326893154285,0.7637541034513502,0.9359290279002814,1.1828536658905986,1.139739195975841,0.9017348737258357,1.3795183827510444,0.6380959497776033,1.0406255409462273,2.389656710434061,1.2364547403485964,0.9789949828298681,0.9715594147316845,0.7504091158932426,0.7514455974476109,0.7880838436598918,0.8547823318889004,0.716226036702426,1.16571006313992,0.8861891114905952,0.8225497100018548,0.8423105058362774,0.8476077027088431,0.9938167608325119,0.6949499294695299,0.807980659353486,0.8557414565249934,1.125889006284704,1.2232427981242195,0.9760334381683569,1.2545720047609747,1.2060393964025653,0.9533446672795753,0.7782900530447833,1.5137877010557887,0.9229974779560878,0.7158159434236552,0.7132977075154443,1.592561229139706,0.5772448837749737,1.06413802688769,1.1575488121061674,1.1925957313528843,1.3725214668225871,1.1241779734377892,0.7019531006060038,0.8438905626932318,1.2381633440579374,1.133808450691148,1.122780049589132,0.7419841485594858,0.7373155572798568,0.9482510833008678,1.1637025999894488,1.5608896390920295,0.5779618352972166,1.0657795432517352,0.857687300396847,1.031442071147688,1.4002285807619936,1.2320727716211204,0.9397935235605424,0.768705658515377,0.8042454124403768,1.2049733218269125,1.032107167499525,1.0966353276226726,1.099825115573995,0.7859238720764602,0.5729313860828612,0.8536103489385684,1.1593184526796287,0.951560516016827,1.5403213852492423,1.0324493674763748,0.9712020058605497,1.108046632194794,1.3046385675569248,1.257182945159559,1.0181741786675713,0.7991492457273139,0.5029975127398526,1.0167872188901057,1.0613176577658814,1.0492831705591918,1.4545795963605468,0.8941739920639024,0.7200358961916792,1.2900173231093488,1.0001540598326475
arc_pair_270697,0.9353703911802993,0.7451854867752405,1.6559386377196197,0.6787837275949199,0.43288740771812184,1.1484074307640013,0.7661570395417923,0.5727428829261401,0.9081726117446927,1.4415474169876559,0.8269854817253249,0.4993891793267528,1.121280314982211,0.8617482447548994,0.530315456394352,0.5259094195975225,0.7422351426917859,0.9983580272762259,1.3050542121412394,1.621368660332036,1.067476686195958,0.4181338050112996,1.339035674311752,0.6503812225670731,0.686929315914776,1.2099484177511723,0.7224427929576388,0.5988053538542162,1.0633935887268766,0.5150930447610049,0.6347578978470043,0.6634995964259506,0.9852796085267649,0.518090835442486,0.6257965968543465,0.5664978689831747,0.7826995954997282,0.795580071832314,0.6662721704233159,0.4213488489333409,0.7204631697559023,0.6645604045397915,0.8270138564327765,1.044521296194965,0.5733685077554608,0.9619775954663887,0.8535862279225068,0.0,1.0715840913226826,0.7941981835578404,0.8380105047594059,0.4843177972062822,0.8078387942735591,0.5087139770705333,0.8618417772891733,0.7062057588474866,0.4022292447716245,0.9115467799638891,0.9202186479947604,0.5170974796894938,0.9313846604230923,0.43537162819654807,0.4375607230843054,1.8442514110659678,0.7515189528429995,0.8790833646606319,0.6478329291362727,0.965018831538573,0.9714813956184971,1.33161909668421,0.5173941016401759,0.4855168780012489,2.824027531330593,0.5626682489379033,1.2304543752083987,0.7107633922130411,0.7424679760941499,0.394713853666923,0.7365944084827263,0.4887511335782365,0.8040793215271643,0.7870806114453508,0.5267741778119898,0.39767062220075555,0.6448836848986899,1.2074837199700976,0.6411565817524723,0.8674457608908728,1.1137304499212448,0.7007791428672102,0.795395896870259,1.2041979255322186,0.6248145312567532,1.1436675691468343,0.8924548433821824,1.2642751793351614,0.8094577693223666,1.425247479473748,0.8991756081814615,0.5626278553011912,0.8260031377444268,1.6354365064763106,0.5262293631017779,0.9184414308734625,0.6513739418553279,0.6030955929012332,1.3017733112587404,0.705266544233541,0.8344693148693929,0.6288352797596478,0.7331475848308536,0.8847116269130539,0.8261877094562347,0.7577712730009836,0.5334593334105733,0.8841164534396506,0.7568900904827056,1.178324099046347,0.637659514400204,0.899806903315099,0.5701231583846675,0.8488364955102725,1.8612354373554767,1.2861998237601102,0.6309017222923459,0.6007693260663537,1.0592131520176382,0.6720270310200573,1.0797964871347747,1.4882631128208184,1.3053259036209113,0.7315270389043271,0.7281273739558002,1.1469567198466675,0.8797699223807726,0.5368322956103189,1.6691519390259255,0.45749949463680684,1.32354285723238,1.1146386409371534,1.4906568076575688,1.5801207054189748,0.8931134849798168,0.5844913994035261,0.6596676791588314,1.1499417052213534,0.6862361903789271,0.6694423844739731,1.5041390763406683,0.6712384961966651,0.6286693618455422,0.32985868331015455,1.0522986480708227
arc_pair_446116,1.2933604875810891,0.7151333875067014,0.9087046038480358,0.8526721804536888,0.8278168270627166,1.420714141905039,1.0506569276563444,0.6378288360132693,0.7561273112714388,0.8742313840471724,1.0005798277135813,0.9738383116743429,0.7184234382389737,1.2833913455890118,0.8864936272486494,0.9249933929969838,1.2304729610356315,1.1336151003115307,0.5609148250729759,0.858204220266528,0.7770962845221873,0.8732647410488892,0.993649690098495,1.0214719187042618,0.8227357717008725,0.5952099180292665,0.9154015957749827,1.0441118810713954,0.7130966749194525,0.6432191475536684,1.1636724656192858,1.1237869429977858,1.4680639799940784,0.9038877626831728,0.9847406674096835,0.7757001470289788,0.8254523252775066,0.9293960103172454,0.6348318115570336,1.0758315275972743,0.8115160169644184,0.8830620686748402,0.927346900381178,1.0481936569311314,0.9329474874224253,0.7562608880275998,0.7910935672586139,1.0715840913226826,0.0,1.1177081556961115,1.0287826977615806,0.6357026004892652,0.9420135615792598,1.0020970262923528,1.1489037323267448,1.0694792523455978,1.1698691075261993,0.8290061410773225,0.5436234729474336,0.9153018680332485,0.4837947824703933,0.9649952368994617,0.868055953410892,1.1165579781977855,0.555058238253933,0.951180048466068,1.184925265441663,0.8467452547159647,0.5419757115274291,1.0679849256203158,0.7030029987870864,1.0013745300649335,1.832915743537759,1.2843364567827698,0.834882244843022,0.8903860249806417,0.769024342378316,1.1178511689348103,0.6283096670527655,0.9374061707837966,0.8473069334368615,1.0266407215311677,1.0892538195022894,0.7992704273262108,0.837716323234114,0.5437992980101481,1.1874975947663848,0.6264553998500211,0.8132920844084959,0.7212953857695099,1.0025238949864135,1.2311393712850658,0.9528630820974039,1.1555361653418275,1.061625217060318,0.8869409894228122,0.44957298069851614,1.0186070359427277,0.8567672271965159,0.5670381375525108,0.9873575180498495,1.048826633389925,0.6093945126871327,0.9519712643797806,1.0858596139609396,1.074952443921977,1.2876772334493705,1.1307676328166723,0.7178125364566158,0.8486498624539669,1.2596714000354803,1.0602393277434778,0.8341065436096319,0.6509929489865063,0.7842361013174384,0.7166573240856681,0.9931548048480554,1.3117029076702948,0.8217331895013158,0.9247912622124197,0.8400892798727531,1.2424127829387634,0.9440866570448605,1.1858238226480977,1.0187071545358324,0.859709747041832,0.45025289864563345,1.334004089415217,0.8028167892500159,0.9112706519209779,0.5857519080447272,0.8306421795967982,0.6780684637053429,0.829722769488427,1.0974391127581162,0.8799247591852939,1.1810980151425583,0.965884929634351,0.5810901189674703,0.9000173469542324,0.928252769550878,1.1321593628399742,1.1163747642399486,0.7401138588152016,0.6551978205407734,0.7310835151769635,1.0735136637698448,1.0069749109983541,0.9274696315554669,0.7115194490454736,0.9077931219940862,1.3222952642706094,1.3889974049619953
arc_pair_148500,0.3328734009103992,0.5970940117820966,1.6839346131513524,0.41606890574083577,0.4226777056469524,0.8886822357642499,0.37201746931110463,0.451257988852388,0.6669280217165944,1.2594350806249028,0.604912497633562,0.948157432486451,0.8791569253608877,0.4275328386402065,0.9599394451386367,0.3782707548961934,0.2977609820129331,1.6572849119960167,1.1623295400608533,1.6511933956164069,1.022306090257004,0.9088951917735334,1.5212337537849645,0.36294881373823173,0.6642424420694834,1.2090146593420101,0.6012203672295966,0.502700129915952,1.1282722147430024,0.5601257156594965,0.41351156974571135,1.204423809682264,0.583354707676178,0.40694257304125475,0.40434887107492357,0.6897817353937163,0.5946345734088166,0.9159206285120646,0.5607445549401414,0.9611945535688662,0.5531090906743024,0.5100961507771452,0.8357939016759173,0.5847921570360801,0.35115260625754097,0.9446945404815706,1.1253767128935488,0.7941981835578404,1.1177081556961115,0.0,0.4063530150636243,0.47662030791934973,0.6304140186410337,0.3147608841084394,0.47029810691440144,0.34110825090885266,0.8741865490446252,0.8524247372942344,0.8984306020445954,0.42826474508142415,1.0037462765601524,0.47208149780636055,0.5154787496893638,1.865363444746308,0.6069337227541798,0.6553553897358914,0.3143639324052325,0.7410490896478453,0.9880369281785064,1.0866328331726942,0.49136244129457196,0.4297953214136786,3.018943788773794,0.4963645676549402,1.135129203926247,0.5525772816019341,0.6464312370261,0.49705878936867676,0.7518088854453953,0.667803375642629,0.6081082560672436,0.4758306428817489,0.9325004665718652,1.0623692524739743,0.46444116502043714,1.3037932928357001,0.3001581257910376,0.6851855029334761,1.2693012734197318,0.33260534210947174,0.326586045775458,1.9251174841272052,0.5916194697930319,0.9391248689018945,0.5721803602174533,1.2490273811801182,0.946149709348109,1.4107283825828554,0.7766227358465385,0.9093031118541427,0.3740805816136643,2.0663894350474545,0.8049658538007327,0.6658441682971976,0.4160005044583097,0.5030219546061692,0.8066759886598085,0.5251947966005661,0.909244477060227,0.3310353173652347,0.34539527398936826,0.8112488899624171,0.4982300458185332,0.676700085351069,0.5957406360367631,0.9053152606496051,0.2886185675704792,0.9546348778069064,1.170013805296992,1.3879558068775766,0.33716175246668667,0.6066348152974999,2.148908761400193,1.214316642167481,0.5336065345290335,0.499166158717923,0.934908760828961,0.6647085986116973,0.7714615783652311,1.4297698718905065,1.3713997263138649,0.44833069328118996,0.9280735384712283,1.5219478342520796,0.7100641328925599,0.3749588774343867,1.6776855136908182,0.9540593377142377,1.3174795223849807,1.0261593036039445,1.425266883361877,1.6647619860961766,0.5695585930124865,0.32855295818598396,0.8873450708420363,1.0104952149736905,0.3469032009049277,1.2393370017004859,1.7197998470307834,0.5335385332202792,0.5120631308072562,0.832451103037031,1.8092410301943203
arc_pair_90669,0.36930704979960827,0.7044861828006486,1.627887344551301,0.37765604007724574,0.3040472741001409,0.8409613796391209,0.4191657556388576,0.42991117937377854,0.6292225295940506,1.2155917641119252,0.5459327185063343,0.8492260158840418,0.8200820278333979,0.4322802762900436,0.8492162128457098,0.5352889543260895,0.34113041100081876,1.7138132992111268,1.0281103322364376,1.5154265914996576,0.9955995990003202,0.854107203834358,1.4500298998250858,0.40377836884734564,0.7374696139812947,0.9468666939810357,0.42220625358951797,0.41579560729165754,1.0535328116912601,0.5628776507852618,0.5106462895140613,1.253703040521517,0.6105918013872538,0.47510705943551235,0.34060914482585625,0.5892910059759755,0.650043136748857,0.9704317369626623,0.5856953582247068,0.989291390979335,0.636912760454306,0.5143013030527207,0.8803814790859007,0.66074147928658,0.328625727172138,0.8118862544978241,1.0488639430383433,0.8380105047594059,1.0287826977615806,0.4063530150636243,0.0,0.4757948018783113,0.697601472738834,0.48947527413764425,0.5018278307812067,0.2934919686697611,0.7111967025215904,0.8849673614319173,0.8343425412797996,0.462881491184973,0.9354828358254952,0.42657863404339535,0.486740536204792,1.7130293568404686,0.5711030198809263,0.4821065182898012,0.27664478908209755,0.7532656689362587,0.7821821769306833,1.0941969997925405,0.5415924953864898,0.43889422667214006,2.9704767680216406,0.588235320752443,1.1202909064743187,0.5349705506635078,0.5306640435638093,0.6881900988064547,0.6651983875895533,0.7404844654145317,0.6096941978555324,0.5015310630709858,0.885415949452653,0.9859975334781917,0.5411949769683764,1.1950257103806834,0.3264604624340659,0.6888260786589613,1.1219095162108403,0.4201709417542051,0.4619911814434184,1.735383074239886,0.4327234145577634,0.8604241323626043,0.632776339841093,1.2337857851102216,0.8466898253283255,1.258716098525119,0.7419339492351573,0.9037480454516194,0.5323180195893921,1.9816403450453572,0.7234360605488857,0.6198982799633886,0.30712809910437455,0.6524820699623497,0.6198865976556119,0.5221092206924496,0.8095575914576354,0.49793199617198136,0.3966666332986649,0.9053415482043368,0.4355621076549856,0.5662872112186218,0.5514658917842281,0.7961871778964095,0.25725245041266676,0.877939252207425,1.1231883326020016,1.2561213845046273,0.4089054811973098,0.6256017605056907,2.0426260527969076,1.11009030385405,0.6546225549352811,0.6281980783339018,0.939996816069119,0.736458399376883,0.6742205220972258,1.253943212672219,1.3001412500717067,0.4489522585705581,0.922228490586277,1.490778748374816,0.6383041769358145,0.2715329129546618,1.5530877585858083,0.9647186064294413,1.2322181244317982,0.9933534865655096,1.3384437059671757,1.635836538032153,0.47383499392296546,0.41995965222393267,1.0788078541926718,0.8734370954665768,0.38342884358643137,1.141098356046216,1.6010148519273564,0.48490112569236365,0.5514470915778699,0.8405458547739735,1.7660707877997979
arc_pair_656372,0.5523893923775125,0.46698132876847637,1.1944014111566554,0.44018967258873076,0.3785337612257431,0.790400434708159,0.35362899057355635,0.31837957161563996,0.40610481364102724,0.9065737074715654,0.5053137448455982,0.7086688669319969,0.6227371764473045,0.5615197328300583,0.67649493777813,0.4917122260677883,0.44460254354880063,0.9831171362500088,0.7512991707527252,1.110825878793963,0.7097381303923551,0.5269242198707949,0.9489118113822916,0.5385155161899498,0.4893900906184546,0.7072280558951987,0.4841146514828729,0.5470327805766317,0.790121249575738,0.3274324149565022,0.4988894994757032,0.8189734103720803,0.6932065618371301,0.3331867049986553,0.438768697372665,0.4683095461795982,0.4719930228196328,0.5580577083594259,0.3330349642332745,0.7010462861109654,0.5531853957125816,0.5613583318809463,0.5802873184590409,0.5563741216426334,0.3076473408056743,0.5768314219443944,0.7432326303161556,0.4843177972062822,0.6357026004892652,0.47662030791934973,0.4757948018783113,0.0,0.38657098561641834,0.3911109766702405,0.5490757860319082,0.5022291106800709,0.6330722475339345,0.6099191083719181,0.6829119500451324,0.3259733582161666,0.5518144648316724,0.38318248387194065,0.288735019808396,1.3558477262640825,0.31553877944187314,0.625154045854664,0.4391653355857935,0.5793742415595264,0.5136309757943991,0.9166028440086164,0.15768682755770422,0.3624622898767404,2.214889993529761,0.5060158910806368,0.7735767235465438,0.457012314801585,0.40960430773042467,0.4871642950548792,0.505789040201654,0.5852788355733564,0.3765633118635431,0.3764629122395054,0.5474967249531577,0.6785857557253128,0.5123372700350316,0.7375090300792351,0.41178104875168303,0.3617118602747137,0.8668758895911894,0.33989244837896315,0.471983984059248,1.4237355922607318,0.499292416129291,0.7881538262421387,0.6310829049466087,0.9380330868630917,0.48221023661416623,0.9919590360279397,0.5579902893806497,0.49276170242960493,0.5756737509486379,1.355029055502035,0.38785918261742747,0.5327293770646181,0.40402612618936795,0.4790699715093357,0.7763355703387552,0.5488863449729708,0.6020103671023804,0.24260246513083422,0.4335905627443192,0.6035416732826661,0.5766332711843396,0.3401527986739416,0.4747938113081498,0.5535860931518528,0.420509648152526,0.7967429111719488,0.6582081332679313,0.9085589004095983,0.45527105964650993,0.556237291780336,1.4147928868173596,0.9483280328543687,0.5561512499176268,0.4717371105137837,0.5530478675955821,0.5272988221001705,0.49640706616966634,0.8989737339376416,0.9043379790199287,0.4641740966599467,0.4908287012327474,0.8763489159271274,0.6126082727720554,0.41003051483606356,1.3010733038398659,0.6406042521609916,0.8755450652298593,0.7030972534035502,0.9620097152416273,1.117733964833526,0.4559292615799364,0.27657646608384473,0.5801936742128447,0.683022933208463,0.4091951176920293,0.8498680952398807,1.1647197770091835,0.43004418894429836,0.5184906503436209,0.5724350521818462,1.2900417832396407
arc_pair_664080,0.6026211272157701,0.5477608888381731,1.48477115124035,0.6121426652231767,0.6096712649530462,1.0245801551781506,0.43325178077204207,0.4650524028771569,0.6397006882393287,1.2758215013414353,0.8015404928896537,1.1314692717331796,0.9873111765063678,0.505645089396664,1.128800468411113,0.750655797160021,0.5614550710113476,1.3447962044743793,1.1662875369972896,1.5786602583468983,1.0287695447756404,1.0280861375926231,1.4292869399938357,0.5592966126649842,0.7005190551569176,1.2194429687721506,0.7685700111473093,0.8406732272165605,1.17486904359727,0.4768218297026764,0.6291020150420652,1.2258298982258726,0.8085122933935793,0.3450812918403531,0.6392046258723494,0.5532368705710392,0.5234594634285917,0.700253365039718,0.46914323032658334,1.1766411892167128,0.42524931349184614,0.9328345701438319,0.7124467753047415,0.6974212005975842,0.492314588939318,0.6993680269776033,0.8299082312328387,0.8078387942735591,0.9420135615792598,0.6304140186410337,0.697601472738834,0.38657098561641834,0.0,0.4763546877969388,0.826487669892937,0.4528834718434313,1.0404343341584985,0.5870782803102066,1.0166397214572935,0.3375479250312742,0.8651427959136881,0.5481659804794029,0.5987498464518319,1.6481255657067555,0.49642534324335286,0.6003936034070265,0.6493589282773975,0.8276900988774616,0.9276214114257961,1.3347900116629188,0.3393541561400262,0.37041300392017157,2.724778252664014,0.514493444811172,0.9392164525971454,0.47784297312213375,0.6058191769193765,0.5336438663521834,0.7275243918957447,0.7173577282660702,0.5490021770646543,0.4391721963344099,0.9995772464998689,1.0596012983581549,0.6721509235756801,1.1726963078079513,0.5143581331248581,0.3888639669498066,1.2483871235019441,0.33753077902889744,0.6085084275835767,1.8669256403089634,0.7491053739430534,0.9185013819038707,0.6595447962121899,1.2794419286569503,0.7961897856522522,1.481968889022312,0.7009736150591306,0.769152089628636,0.6762408793048656,2.034859606050076,0.5122771653356084,0.5635133010868624,0.7266614528717812,0.7808011167181113,1.0733121500027452,0.7670009030619382,1.0295711674965278,0.30961838760048865,0.609872310082727,0.6618101838460474,0.7660838557363193,0.8206087627441123,0.6858713167751583,0.987151963881582,0.6914713392273302,0.977952875008787,0.9054446613723736,1.316393818582919,0.6101084014701199,0.437333676737931,1.9635681398113873,1.2692469411724663,0.6879889421724126,0.5962546238950179,0.8703288555258628,0.7871396916756519,0.8879079899845316,1.2298686921783593,1.3729989967950549,0.4474587034946025,0.6401737861941753,1.3767926400051604,0.896410725539422,0.6809951243682155,1.8635448642688726,1.0055082158166826,1.1752916271901523,0.8908293396164771,1.1792489320413044,1.5088414920320616,0.47735979979545945,0.4145755260816478,0.7489732389151211,0.992658045833472,0.4568367189188022,1.2588689712533627,1.6269962059683336,0.5491250319370541,0.668429265691806,0.8000266191074781,1.5900089019610846
arc_pair_257072,0.4116745872525215,0.522161299698893,1.7359299748120491,0.36962540585185344,0.3750989473079531,0.9017573635770907,0.3155147268613367,0.4024855186600268,0.7026891574078474,1.3107958222191407,0.6322935354246779,0.7893139401015608,0.9468232000799217,0.4399845607625866,0.8810096689689799,0.3764769166372318,0.329005603594471,1.490780621077591,1.2331606770551549,1.6582292728040506,0.9250456415614139,0.705379987961428,1.4966824871778515,0.31186330396298234,0.5656305929917004,1.1898715839286438,0.5814955111363075,0.49547153780599673,1.0578912394863331,0.4041881522730777,0.28811909638900796,1.15003325444295,0.5361166870545551,0.26771631800362183,0.38230192114500394,0.5510506219938713,0.4499775918514143,0.8509422360812585,0.4244010437551876,0.8660574065216425,0.4526920222615519,0.6359866843118581,0.8346812431637549,0.6765221241246742,0.263841637207039,0.8693189278626223,1.0680949455288866,0.5087139770705333,1.0020970262923528,0.3147608841084394,0.48947527413764425,0.3911109766702405,0.4763546877969388,0.0,0.5136739169899487,0.3507004362969629,0.656086040448483,0.8119077655863032,0.872596807520374,0.3179379987462848,0.9361751135202248,0.29643182752803643,0.3557974921290351,1.7770440205814617,0.52056321608015,0.6259716928676631,0.34576688879861384,0.744481978007203,0.8985767374050772,1.166949685966088,0.44204767394039923,0.3024373693267095,3.006277366612088,0.3656745914972102,1.1078788865217821,0.37652764005673744,0.554131220328768,0.3798643039583968,0.741969862926205,0.5483745365034913,0.6677645898965321,0.4501877585943606,0.8130925931463753,0.8311948069892099,0.4554067397261732,1.3059373540408243,0.3256224357997103,0.6903481781536669,1.2800196814838607,0.2675500622235583,0.34616510364388975,1.8276043851854107,0.44050901950306853,0.9031852347611049,0.5860837940624917,1.3313710440920161,0.8627334508479214,1.3936142180718174,0.7228696565783588,0.6609206437981205,0.5712312374196297,1.972506837867742,0.6633653926119383,0.6098617734364852,0.4000633764186574,0.4417939108055633,0.9219041196980107,0.5292442114935954,0.8934923081735497,0.22866130789548306,0.3965705677302832,0.7552371119542938,0.5083886791596096,0.68840806304525,0.5055065691638398,0.9253841954280287,0.3908289177280542,0.9654763631935883,0.9915812752648158,1.2406407103140962,0.30732971493322436,0.5232285788737296,2.1281668990948766,1.2677534326668638,0.4516037607622239,0.3736452000920766,0.9297088599839081,0.5144886715209338,0.79457698432437,1.4139109889497323,1.329399619031952,0.4934588194947052,0.8734759123482421,1.3999192859420027,0.6510468504222777,0.3516820933074387,1.7408032877974655,0.7406664218569532,1.2752097618591198,1.0930734817083554,1.4005972768995572,1.6333156924587058,0.6086508434819096,0.24067985576842427,0.7123707522949116,1.0434137108542434,0.299921717383258,1.080514810911576,1.6280227209572962,0.3776157353288289,0.5251051605390146,0.5217936797887958,1.6611739233361655
arc_pair_261455,0.51435719406066,0.7498052351083848,1.92259903880909,0.489840670297801,0.4594781575993717,0.9745402647565655,0.5353520581723463,0.6245456439272196,0.7769246430555699,1.3565494551413595,0.7325673183539967,0.9997807716498044,0.9511552190268846,0.6210373347796143,1.0406788041555024,0.5753738534231685,0.39196055510266153,1.7211667285266583,1.2139234146471969,1.6432859970001674,1.042394581588261,0.9344217459914304,1.5458497296180373,0.5671839147569093,0.8141704126668257,1.160522152656563,0.6011360890439944,0.5834112345015142,1.0766646939038143,0.6620858343138596,0.5099456247372927,1.315776941403159,0.7476165162933,0.5339876408112079,0.43855859038102807,0.7823446190040089,0.7171331832051699,1.0490136005262236,0.6454821246847082,1.100483504780738,0.7522744724505109,0.7488391167122488,1.0281086444364345,0.6441650462004269,0.39935420572834174,0.9697802152352565,1.2681454329081039,0.8618417772891733,1.1489037323267448,0.47029810691440144,0.5018278307812067,0.5490757860319082,0.826487669892937,0.5136739169899487,0.0,0.5077418670339104,0.9472399824855544,1.025030082230439,1.0027172255635195,0.5662369539316189,1.036197422016138,0.5961021048362812,0.5960517783159794,1.7626679946476487,0.6421386300502652,0.7321155285760431,0.38360760721088477,0.8050680716211893,0.8596671251073167,1.2476066227922302,0.6632665614736417,0.5992144354635014,3.0711539200318176,0.6894352284142404,1.337831746027018,0.6774626046093901,0.738537870246166,0.6570778102872084,0.862933306983096,0.820299299759172,0.7875914031274998,0.6691216118225431,0.9596796736793055,1.067993006532193,0.7195518467507054,1.2668622347735434,0.4502563182461086,0.8223649525184498,1.287195094408804,0.5906942314724576,0.4675840601977824,1.9977677210082725,0.666258009977143,1.0986597982564752,0.7663629259537172,1.3609655347496055,0.830362155200201,1.1932679097796315,0.9076950331556872,0.9406359042920237,0.6536097093028737,1.9837489465145874,0.8584675465096603,0.8653707471250451,0.4439728286395348,0.594339393276466,0.82786457764435,0.5828759047015432,0.9692651679836477,0.5445411391499778,0.48788614313424644,1.005628469281216,0.48003684344337466,0.6988478537552336,0.658165066188312,0.8352494363695713,0.41669327151782154,1.1000559517843298,1.2881991238243993,1.4466739315337582,0.45623491454887855,0.6954501788257543,2.0860825354018155,1.2733735477531574,0.6381075460751835,0.6455834862279369,1.051809756673089,0.6890214120317693,0.767453248801994,1.4789736817343941,1.4038073035532181,0.5943674616730832,1.0847569526522034,1.4703250415900464,0.44820992551641037,0.4397154605249463,1.5653294063947123,1.0467668254817104,1.4210695097938761,1.2052529570351984,1.3976376803818122,1.588386120110679,0.6754426388975074,0.5081002760292194,1.0074363528975954,0.9321120427552583,0.4974976434178673,1.3822920883421594,1.689050470970564,0.5879679230191043,0.607312630317056,0.8427860210704818,1.8963300946884543
arc_pair_547258,0.2773298178617767,0.5395279138867668,1.757934999155648,0.3731395511537195,0.2529927943707395,0.8842217724346138,0.35727395475864004,0.39854908355257884,0.768826646180204,1.3505467257785284,0.6454080561369067,0.878907561031346,0.9522866063174437,0.2647967732542212,0.9834364289764774,0.4375377343269869,0.27257131168431803,1.7510114545082194,1.2955850312561084,1.7443752724758332,1.1153841941362923,0.9640667701425777,1.546119269394171,0.2228471070031721,0.6423271657299267,1.2858428037415786,0.438225002963175,0.43104072278440503,1.255881736595427,0.566432034215659,0.38644762342538724,1.2441342624704002,0.5274698218675878,0.2951776725335663,0.2831294905995603,0.5977298120804433,0.5535062006463667,1.0512864690327937,0.46047730230631106,1.0098504202791845,0.33886568505066383,0.6339458061946908,0.9052900957245738,0.6249729739464872,0.2843180111384902,0.8909535798184347,1.0694411507225543,0.7062057588474866,1.0694792523455978,0.34110825090885266,0.2934919686697611,0.5022291106800709,0.4528834718434313,0.3507004362969629,0.5077418670339104,0.0,0.8232782641726497,0.7348805161974861,0.9195128464782177,0.2640965162706408,1.0052325522573495,0.35204009937008013,0.5233405137463337,1.869257499027186,0.6160360697982784,0.3523752579715338,0.2376954300946303,0.7774626357054913,0.9553476041733375,1.2118138679107797,0.5143983174028341,0.22845613319283453,3.1914516413777694,0.36727507434931655,1.182572686484148,0.43390090013788374,0.6582970515306028,0.46359618750322346,0.6971952203578724,0.644761090104917,0.6514137925328116,0.38261961120257826,1.0865954556313386,1.0079041445046264,0.38077858083339133,1.3935034085340858,0.251703353214731,0.6303168285639494,1.312257610974815,0.28437505027950294,0.3958109552138471,1.886598073236767,0.519522995592551,0.9431386110223301,0.5021117524671393,1.3962256713972814,0.9301327957078571,1.4456095143536587,0.7405205762974676,0.9305812995902532,0.4335979052095961,2.256187612429252,0.6944149637398047,0.5810189126213786,0.3363016962010098,0.5039025174936986,0.8002125987842585,0.4805366484212261,0.9227082426227625,0.35634437937708763,0.3626790619528337,0.7356979657293635,0.3577803854175686,0.7556818010249087,0.5032172147715314,0.8966786249727405,0.31471872011445173,0.9548126185727941,1.143021903006333,1.4796774565623103,0.2941445683917148,0.468103983307995,2.2311438169147437,1.2721510886925653,0.4389852749325557,0.4697620978316066,1.0559056305052006,0.721220843718188,0.8172217434364554,1.4505065037102156,1.4776998153371,0.3314106966941429,0.9504735680542055,1.7685702466267919,0.7017216830623623,0.345126266772671,1.80844027605173,0.957510267384531,1.288982734508339,1.0833528285867573,1.449665327531083,1.7654309047648602,0.4424062569475516,0.3605218494511825,0.8789262490198217,1.052820988625856,0.2373525261322491,1.2851120409111008,1.7465496165233207,0.42889562941929177,0.4562592061242516,0.6979184032084071,1.774481520635139
arc_pair_67750,0.9763069806605449,0.8165123833519512,1.80939713865253,0.7441543683890416,0.5569475251036219,1.239557959110643,0.8963531181667999,0.6967441308757911,0.9818319260407947,1.44232659432685,0.9372074910437509,0.428060609184161,1.1830446457702415,0.9519954039560421,0.5022091360975306,0.6951621866587676,0.931228259153146,1.2257551437459937,1.3243902915285801,1.5381662392372413,1.0039523927517813,0.3155721107115671,1.4476172521429942,0.7123151963321652,0.8349580229103191,1.2040783457576851,0.8241765965127668,0.7251714954612674,1.1401398782353582,0.7269739627726031,0.7699150176394831,0.8658036510722606,1.120766701674829,0.7088267138257318,0.6446490451442336,0.6868505256130306,0.8248137663804855,0.9866698837635453,0.8751903778489878,0.403808020079471,0.9861260244544653,0.6090780032235189,1.1334488601670925,1.1982709932371978,0.6296762826518085,1.0278592899898595,1.0978740304219325,0.4022292447716245,1.1698691075261993,0.8741865490446252,0.7111967025215904,0.6330722475339345,1.0404343341584985,0.656086040448483,0.9472399824855544,0.8232782641726497,0.0,1.0396292942138115,0.9812248465633742,0.7496723735949165,0.9799545431039958,0.506802629575011,0.5721344184300822,1.8438230279068926,0.8675059501784439,1.0421812293473371,0.7682996385399077,1.1158762597928649,0.979441248619156,1.3382256963668497,0.7026152886670725,0.6579077344681201,2.965589646644194,0.7796107578743551,1.318719546624882,0.8286066000225945,0.8211987319326124,0.7705945435933091,0.8144491583632343,0.6692235958805056,0.9352832040159568,0.9284929476261703,0.5513848360846574,0.6267268834842952,0.8006316024758454,1.2491900479922569,0.8142164551666738,0.9971626184458463,1.23031072179048,0.8110403895951201,0.9252989993473523,1.0994100462931906,0.6891120988212569,1.171529328147861,1.0805464529643465,1.2569352817153097,0.9032357155520807,1.3916033613311123,0.9016888757873731,0.8586884354847711,0.9388434561009429,1.6298300571146518,0.8101190801082079,1.0029459820157998,0.589576031269569,0.7594686878162272,1.2483527351498869,0.8787751482551192,0.9196489151343068,0.7985476758901456,0.8050280257329798,1.0243303649708824,0.7915435198516607,0.7146149151810827,0.6530215974076741,1.032917499006586,0.6916289895654819,1.1111593882005173,0.8331733304052733,0.8136226434981237,0.7365112938104084,1.0829037512907314,1.9916517293283447,1.3786593270342964,0.8583664248408024,0.8002541294249903,1.1536912576553298,0.7608593128583672,1.1436930425687355,1.5554154702784264,1.3005128830824382,0.8985583797058063,0.9262763475882332,1.2809282691099182,0.983485337117036,0.4757406883508434,1.615618419638905,0.2751021497913442,1.4066307252276316,1.2688139790782542,1.5786067540728963,1.7099613271407348,0.9990256467873551,0.677128030376734,1.0383774619567678,1.2222501845318368,0.807563320869214,0.4007778962850257,1.5954880135040372,0.8013401737271364,0.8446027850448266,0.4380512789860781,1.2551746867133173
arc_pair_720681,0.9586518885357447,0.7156876565028165,1.2159881714364036,0.775967298089823,0.7075944215882539,1.234491487346362,0.8877107930248744,0.6103948462276493,0.7651832663823319,0.914971330380035,0.9381683375698152,1.0017221214707173,0.7222526986158944,0.8785592149752567,1.0553942876478248,0.8715525309030127,0.8982756993693687,1.238212203964163,0.9602411630119392,1.2294170879190505,0.8781868456133866,0.9397006125439342,1.016829633004316,0.8065737596761711,0.8212648623751375,1.0317796867856468,0.8716440286978022,0.9014772045175177,1.0818137941440145,0.7215893731085748,0.9457570044619792,1.0428867742675414,1.0733121332989761,0.692042628191613,0.7669536012027635,0.6460717996035326,0.8451929447615159,0.733364310419681,0.6792099126380362,1.0233284980955466,0.6390884977937429,0.917213670263909,0.8145249621322703,0.9243798583261332,0.7350690385223312,0.7669068657782605,0.7453758964676733,0.9115467799638891,0.8290061410773225,0.8524247372942344,0.8849673614319173,0.6099191083719181,0.5870782803102066,0.8119077655863032,1.025030082230439,0.7348805161974861,1.0396292942138115,0.0,0.8202080133909306,0.7193503494585977,0.684313649436262,0.7790273375100947,0.8466799256288888,1.441761576565043,0.6675204721067208,0.800330336774091,0.9099099275691738,0.8262028558761241,0.7442506017801117,1.1755065081138651,0.5844234559437507,0.7007382697643558,2.0844041275458007,0.8414311133231898,0.9031956314747442,0.8202527604106076,0.8408308541734921,0.7973434098608689,0.6959813510965805,0.8020509741887518,0.6206724478592289,0.799169778261407,1.036766121788396,0.9694103878977465,0.8730659988858904,0.9269056287014632,0.8296892062931549,0.5583658326656995,1.042405077447496,0.5886022567701092,0.8818689348049695,1.4355298134402799,0.8874583358732253,1.1148729174668044,0.947095688677615,1.0867449977532733,0.7180936189255978,1.26506303442345,0.8565231904936955,0.846937349389844,0.7076095506448767,1.5887046498763118,0.6383766376741251,0.8446205693367239,0.8706438711115104,0.9210243413286368,1.150169749064089,0.9204136025601554,0.9273476808601179,0.6506660333819485,0.9157390810034017,0.8423091077654495,0.8514726120076043,0.7280525584759949,0.6903874659292604,0.7435698796446184,0.8320155962517495,0.945629992033822,0.9091615072903724,1.2097333179539211,0.7764493822387125,0.8453566584910653,1.4347794368887437,1.2329846959294297,0.7897152545877775,0.8217226955928176,0.794709350582517,0.9962448797641027,0.9356004680156986,1.274203353395141,1.0137967419867133,0.6748867752391497,0.6097089676883982,1.116683745480616,1.1120819206971522,0.7961822912913018,1.4262081208743371,0.9819562622192513,0.7366062484182249,0.8378560977804174,0.9656718193897292,1.2004975085318224,0.7411039484345208,0.6709313964485045,0.7607050516778682,0.9751317366632246,0.8089466414715443,1.1775643785846412,1.2596177994003646,0.7756579149989205,0.7307537604249756,1.015799212563553,1.3286958919821314
arc_pair_347280,1.0988565172978273,0.8176270614107386,1.2837749324968206,0.6658401372765476,0.6278609429870176,1.3540134731633322,1.0548351073190578,0.6406828508079315,0.7334484787587787,0.743016046071868,0.9956715773754434,0.8895106363414849,0.7132639665584922,1.106146327322818,0.8423793627287874,0.6899915741109507,0.9899127659846623,1.3298403593018084,0.7226150777676594,1.0908701492947626,0.7251325077228135,0.784801050781512,1.0988604562001207,0.7658129860165487,0.8384224247686458,0.757476048488162,0.7246390559206133,0.8577830753574758,0.6239800616797796,0.5748934535262051,0.9979101036482368,1.06136918491413,1.2552613811866478,0.7779979374829288,0.6392089329526919,0.6190193382816812,0.9685617244525615,0.9741563395091808,0.6418799301288347,1.013040387133988,0.7599932571156457,0.6577247550207292,0.6155185206876561,0.9669635383370208,0.725569532502532,0.8145854391499702,0.8228366447677444,0.9202186479947604,0.5436234729474336,0.8984306020445954,0.8343425412797996,0.6829119500451324,1.0166397214572935,0.872596807520374,1.0027172255635195,0.9195128464782177,0.9812248465633742,0.8202080133909306,0.0,0.8130755508313635,0.5881153963672768,0.7477908277595617,0.8082740756117249,1.3175719760633728,0.5494291637085654,0.9835121277165617,0.9045341898620202,0.6655223144342322,0.5555851075323419,1.1008112968908033,0.7140096710034409,0.9013055538677934,2.1917606466326274,1.1233738045309056,0.9568059781319728,0.9287609307237537,0.814197449227205,0.9626414239593134,0.5570351904620812,0.8377481009366283,0.936653593944683,0.9282014770702729,1.020232546176127,0.691468259239759,0.8134200639293407,0.689528481105813,0.8805370532137923,0.6251309613093861,0.9136112844444277,0.683920128769584,0.8492887353139671,1.1187269777304403,0.7720028453818544,1.2698000282893798,0.9752691411099013,0.7410531111163069,0.5337473802196682,1.062342584633384,0.8563476528287749,0.4581835591288872,0.737725091744481,1.3657848896093125,0.5717984621344044,0.9408721250575708,0.7539347851050615,0.8620566730933874,1.0625501974842737,0.8706274467079851,0.6273926020889272,0.8583754428374415,1.1314883814744947,1.1348550456344002,0.7086988646492565,0.5264495824606832,0.5386378041160447,0.6084235719347821,0.8061770777641031,1.1278839448864701,0.8974828830152728,0.8454419917200162,0.6469963735503222,1.1718155585580667,1.1265709813611435,1.3643873759329042,0.8322361577906657,0.7680389348536114,0.5978548547911279,1.1486539370870097,0.7404957999968329,1.00719867130414,0.7294000464516389,0.6545680373945416,0.7830885410238485,0.8410999005031757,1.0336050122065046,0.5525714814596419,1.0526685219914298,0.9046908896715286,0.7751375435004723,0.903355999957053,1.1257662218181643,1.130381947944914,1.03482145801403,0.642875690006663,0.6593966532316581,0.7961595551498459,0.7744725268215082,1.1387477379577793,1.0337675184933526,0.6179359384352923,0.7880409668041389,1.187236318208809,1.4569397022980493
arc_pair_588558,0.4198098050304284,0.3999734008851227,1.5463201878705588,0.4033873833541136,0.29617374098267435,0.9240698888504429,0.3235846450356023,0.3247098995418288,0.6285575654496702,1.1977443338497116,0.6665828543707908,0.7258990221692497,0.889573271265129,0.3787920765929161,0.9319841353437203,0.48701608112012673,0.2907512555927659,1.5168966997271918,1.1262665661736442,1.5718545918368472,0.9892201877719845,0.824845253014129,1.398545631706486,0.32683142736220316,0.5674322962816107,1.1013580026415524,0.4109858983711972,0.5700809095125581,1.0985501465205016,0.3833676267289605,0.3766973244639402,1.1213102600678635,0.5867106453145179,0.16641583871897708,0.41661924337891454,0.4572840789299118,0.4508614441171751,0.8967696365607769,0.3027244630164847,0.9510996254725961,0.26123723483971373,0.5823857283220285,0.7094892333813838,0.5952468309060248,0.3410298545973959,0.6894025817301082,0.8195784718099544,0.5170974796894938,0.9153018680332485,0.42826474508142415,0.462881491184973,0.3259733582161666,0.3375479250312742,0.3179379987462848,0.5662369539316189,0.2640965162706408,0.7496723735949165,0.7193503494585977,0.8130755508313635,0.0,0.8027227511064974,0.40595104651840563,0.40069111729741314,1.7213785888342004,0.5429582423295829,0.3655097299140107,0.35963722464104164,0.7229934301720464,0.8831515181799562,1.1962508883966654,0.32169224797632534,0.2043318156229114,2.8699707414476783,0.3612532354737238,1.0189369617092603,0.4130202035125514,0.45119871130256145,0.2739552012792116,0.5887554619766279,0.5851708594555544,0.6215095186051112,0.34549131320751114,0.9281583493743966,0.7760842601281088,0.3792346682536091,1.1769572656715133,0.2540660553432303,0.49540572716682313,1.2010447429543127,0.30502458444790215,0.42036187263449143,1.760910475938661,0.489240293385221,0.8774530979971558,0.5326471198932679,1.1870284175149208,0.7383734686779572,1.3183315933872684,0.6485530837792223,0.6178828649256061,0.5385897632425894,2.0287108938364717,0.4772776956973126,0.5288865658412724,0.4645272325711122,0.4644772163286195,0.9138473384650337,0.6269493801383799,0.8642652656210718,0.25949351167240375,0.4394065308074616,0.7256655022462942,0.5444957620117278,0.6830236799233559,0.47801361983570667,0.8382896341593902,0.4656898597012145,1.0478462043073726,0.9864841368661508,1.3358422704720974,0.2882647420214974,0.34515638217583966,1.991720733894006,1.1634754002151668,0.5127394110690964,0.4180079996711947,0.9062142481532534,0.5614225486211316,0.7533968038082924,1.3248744440410696,1.290504228811009,0.24289404802725395,0.7973024584830467,1.4374711951567987,0.6552936714898736,0.4351700863155309,1.7499913919556527,0.8330022228347859,1.2431531968951448,1.0205762939614733,1.303110723270813,1.5205090819191098,0.5254750210494284,0.30615681618196394,0.6177034440319381,0.9739923777129842,0.2516336546837209,1.1839227357392694,1.658393925653534,0.3698489564989186,0.33073948209339293,0.6135221452881353,1.594723769797598
arc_pair_594469,1.1620036127282825,0.7355968365004242,0.8502088988164613,0.7636653907541662,0.803844698862052,1.2671115007239646,0.9951562835179883,0.5580958312175028,0.6002926486817027,0.7854143492518062,0.9388893004685994,0.8153897125325245,0.6667921777789225,1.0863963212286263,1.0328087918452327,0.9182711691782834,1.0281920968441929,0.9972933824754256,0.6379795052342394,0.7392301120040097,0.5113486376474872,0.7443719756348627,0.7174266901114911,0.963462669110049,0.8616820885814351,0.6704811881724296,0.8289293106721451,1.0058854457206783,0.6536413445211984,0.6778353369336283,0.8960911540630797,1.1155570088464453,1.2986254293188626,0.8981518142201435,0.7720078640612555,0.6989744918866116,0.7942443943656867,0.8742481204928914,0.5905496169536981,0.9453576029601618,0.7799630968684192,0.7596859373174868,0.8781596166788366,1.0221336314727805,0.7786050656920733,0.6436448134421985,0.8370617710733108,0.9313846604230923,0.4837947824703933,1.0037462765601524,0.9354828358254952,0.5518144648316724,0.8651427959136881,0.9361751135202248,1.036197422016138,1.0052325522573495,0.9799545431039958,0.684313649436262,0.5881153963672768,0.8027227511064974,0.0,0.8892030284978796,0.8386705145950027,0.9901544129081483,0.49006895393300187,0.9808024320591207,0.9994438607648886,0.7944800908713249,0.34078930495128396,0.9617136820286682,0.618490021286578,0.8144109825091141,1.5237265881637259,0.9714648875315388,0.8054976636506606,0.8707523594212097,0.6599290125024178,0.9766269137539458,0.4926760862441209,0.8873005953082173,0.8365416992106783,0.9554862598401332,1.0405220524119168,0.775476389488835,1.0291079781173935,0.4804033822174453,0.9570175174695049,0.5051452195123215,0.7384633927985004,0.6836430021157135,1.0229350426486004,1.163718625241797,0.7687521522718954,1.13048490821983,0.9485753275681027,0.7321255113849181,0.27137676834575886,0.7670928844233149,0.8145910297958712,0.5117522167730479,0.9617854303617382,0.8439817208942604,0.6666407822853756,0.8382874140114617,0.9695348008944067,0.8990419366050577,0.9815199988265291,1.0176168250421216,0.7197950532535101,0.8372894754624569,1.1211977379362332,0.8929623176967145,0.8058932940096273,0.5910588570168345,0.6185168790058344,0.47282857564790887,0.8518897087113689,1.0073313220001934,0.9699059974359182,0.8372936447337596,0.8505760985834221,1.1326841102678955,0.8583493410767669,1.0685559424730617,0.8751629943500335,0.8571196429269097,0.5008471007546103,1.0207466662466242,0.625185300020752,0.8777149539133893,0.49040352249331354,0.7246607669199107,0.6207598805219368,0.7485633930868485,1.0079818621287497,0.7655311834063372,0.97894918698438,0.8450646619960793,0.61279554057814,0.8827543916096628,0.6251358234924942,0.7622695137643541,0.9581178341562884,0.7496652497320097,0.587157384778912,0.7285766761511606,0.9272898047800521,1.1164326819421238,0.6593349025361143,0.6483155108066118,0.9374883388631491,1.0269121263034873,1.2420703655952445
arc_pair_649403,0.5603526716565486,0.5839699675693009,1.664185337964145,0.3476893944645034,0.2871415930683784,0.8475473651913226,0.5025672869583365,0.4032245347096482,0.7182819722015822,1.3127331795137849,0.6469721295670627,0.7058756728855061,0.9166344593875382,0.5445971225330195,0.6977906211975583,0.394777218911501,0.4607676739679697,1.3614304545414155,1.1816084095306523,1.5988739783240666,0.9755080932480802,0.6285304403863526,1.4331863841809809,0.31321863833734587,0.5325629804611386,1.160477197188674,0.5262784979211879,0.4588600016483104,1.0207693078823532,0.3819056812570688,0.4640452792537567,0.8955046070930954,0.6601890135362689,0.33618295448763247,0.26228984723740234,0.37539391048772663,0.5961254164179477,0.8303300000692244,0.5304502572676084,0.6944155673620895,0.5762989350198995,0.46545587329862564,0.780248995533481,0.7660526485249466,0.2651061181157321,0.865217973055532,0.965593261895313,0.43537162819654807,0.9649952368994617,0.47208149780636055,0.42657863404339535,0.38318248387194065,0.5481659804794029,0.29643182752803643,0.5961021048362812,0.35204009937008013,0.506802629575011,0.7790273375100947,0.7477908277595617,0.40595104651840563,0.8892030284978796,0.0,0.28967763333258856,1.740038089072821,0.443332441712444,0.6818069616319025,0.3297224304601624,0.7355633141104592,0.8124058000402984,1.2010533144364555,0.3827594772288366,0.29552966102072487,2.9782206002209604,0.3497200357289889,1.0498844486153247,0.5197139754888536,0.6700969482334879,0.4629119820257433,0.5460967048809495,0.5429402679275388,0.5626955795888126,0.5004395446841317,0.6718067008428223,0.6985552785309285,0.47199117600191026,1.1704557593894775,0.37225324332813636,0.6708834115390638,1.0909176240002703,0.35891033029346064,0.49596057577674396,1.5080178919630916,0.3435008145292251,0.9127873384780032,0.5631598768449062,1.199907091122012,0.7989353919761605,1.3590099893164005,0.7520393736378036,0.5734753148937093,0.5745069912409198,1.7929921348552977,0.4778978524792069,0.6317715128766141,0.37987618810697676,0.414241542895444,0.9922722282245737,0.5281776049794527,0.7018253877660616,0.40371049057136593,0.4985561359213695,0.6548933346938992,0.445933671095619,0.5723531456904298,0.3586166657912521,0.8528664606234237,0.4470799471231224,0.8371334189921034,0.7794451118378503,1.0091174308271496,0.3834195442196633,0.7061600644668913,1.9767798081130086,1.2240286442030446,0.44248822325942894,0.40298898441839587,0.8628718453440136,0.6821820986012094,0.7567361338920611,1.4110435306354596,1.3301932678675272,0.5080357811386802,0.760185066593894,1.2896643254649605,0.6955348765403839,0.2107970957655796,1.5915901052193746,0.5972086084362208,1.2494919479037518,0.9115701026477356,1.4302954466583664,1.6139860783406275,0.5219816910456397,0.27110648749788857,0.7463289399798768,0.9706107551485824,0.35808879649494874,0.8550017291872539,1.3882829925581923,0.3651581360340567,0.5577922473710694,0.5031892218076155,1.5046252640283813
arc_pair_599471,0.59550993834988,0.6278107385485303,1.5736269593501313,0.4849636349167287,0.3488202117812615,0.9095655856277265,0.44920988042246274,0.4450109090214866,0.6249383790983776,1.2045430147704608,0.5084566307854264,0.6568479449642921,0.8331072811141573,0.700054980145884,0.6606488040968581,0.481838610170511,0.5345552171747059,1.1206127039526266,1.0505374119915398,1.5000969661206804,0.9292288280030474,0.4921696081328696,1.1902986266941566,0.5063721523109068,0.5903916369220483,0.9590004842061777,0.5766195529046142,0.46259823846201653,0.785356334033968,0.4704105302108536,0.5559896769311714,0.8912420344912186,0.7574383703413261,0.3877887412123906,0.43967136937271395,0.5700010966865774,0.6132513177265266,0.7572174638730129,0.5359621967884078,0.6515931298133546,0.7961266509480981,0.4324685387074693,0.8258305136376893,0.8322180722577872,0.34763954980816036,0.7173846075866139,0.9527819966302334,0.4375607230843054,0.868055953410892,0.5154787496893638,0.486740536204792,0.288735019808396,0.5987498464518319,0.3557974921290351,0.5960517783159794,0.5233405137463337,0.5721344184300822,0.8466799256288888,0.8082740756117249,0.40069111729741314,0.8386705145950027,0.28967763333258856,0.0,1.631342778618145,0.4724133221909268,0.735963388668545,0.47556942899760446,0.713428840730604,0.7536080233010102,1.0358661580930537,0.3926017263830166,0.3567325008474489,2.6499503753611444,0.5486778836553041,1.0515363490455694,0.555808920107418,0.5520890810424369,0.4847184123747974,0.5298325208092804,0.48496917605167467,0.628410679861485,0.4407441747579559,0.5327135978686601,0.6756457276368064,0.48134509119890484,1.0863977305865808,0.4922222221517468,0.659640513173868,1.0752779191823634,0.47073632918092545,0.5043487751805281,1.422713214906473,0.46078866380374983,0.8696849633499376,0.6713439855664171,1.1290037758764047,0.6706649394526938,1.2120535395327203,0.7343802246866846,0.6281649943488286,0.6956314219575533,1.6043168388430757,0.4217038253301243,0.6062564268883979,0.43690041957169984,0.5506077745867286,0.8697592603492423,0.4745541706282199,0.6845103860384759,0.36815486100432704,0.4015142712757127,0.7047619241460341,0.5617197919766626,0.4864940734016341,0.4378216485306244,0.7369389179731456,0.38033365131918334,0.8521954607518442,0.8231924796533945,1.0259816292033053,0.46382462723828194,0.7136708063955716,1.7994651112702518,1.1300723955406278,0.6327052744177022,0.49018107743510264,0.8253862773395316,0.6155846493423267,0.738893058785557,1.2764305613385478,1.1736119619862635,0.6446191683218967,0.6739835774662082,1.094012519502712,0.6626007516661938,0.33118533018242036,1.4747106493446582,0.6083593328783081,1.1737804067806068,0.8607279796038128,1.2887160873387584,1.5214393419802037,0.5385614346850618,0.28036102838482635,0.8007368595887252,0.86931553336885,0.46823130869101487,0.808534180019781,1.410698346583156,0.5572309168888119,0.5734344943580374,0.5657122419535375,1.4612065364247526
arc_pair_718797,1.9211236392836633,1.586190811205145,1.3539969281717554,1.5098946948155225,1.571439276365105,2.096239076956225,1.825644877008645,1.5407863155852977,1.4364380147960198,1.095144241334273,1.548652038027854,1.8112259122034953,1.188186703637468,1.958564760207328,1.7052740656363214,1.776428250924513,1.9359321341069913,1.621784531254884,1.1206692886572527,0.9287568959328407,1.115271674714596,1.5539298146944158,1.1269813877658157,1.821174131374935,1.406526799080432,1.0462897343291646,1.6693879139884238,1.7056959709648853,1.2772831308864672,1.5777961545643058,1.79458721461657,1.8907789112341118,2.171077783104622,1.7824027201507735,1.6394334188367736,1.6243467752446095,1.5491241783402214,1.3769694277437232,1.485011257554318,1.8383236512510817,1.6407084918402859,1.6131661061059839,1.6180558857175023,1.7483239891737659,1.7018891167424153,1.067276272657152,1.605326893154285,1.8442514110659678,1.1165579781977855,1.865363444746308,1.7130293568404686,1.3558477262640825,1.6481255657067555,1.7770440205814617,1.7626679946476487,1.869257499027186,1.8438230279068926,1.441761576565043,1.3175719760633728,1.7213785888342004,0.9901544129081483,1.740038089072821,1.631342778618145,0.0,1.2779624162866896,1.7581470476815386,1.9116676169049533,1.5184179292123625,0.9053378890406888,1.5132321118220018,1.4069859930980306,1.8111551156911179,1.6916172851954705,2.119705949378767,1.2216006529616812,1.6436189318685823,1.4190443015545247,1.9595617639667289,1.2386876777914317,1.7751980311384354,1.4289487685231501,1.7297300167417993,1.770536515319347,1.6320389370750734,1.8185037496277099,0.9248591601802929,1.8282038274671222,1.2955396769784104,1.3141886285944744,1.5181833753111642,1.8376960549564374,1.7582839723102728,1.656935144029902,1.836806266701486,1.8383895226281237,1.2630371499407926,0.9193914604458637,1.417068583579511,1.4283906487027302,1.3346984139819158,1.7997140039149504,1.2077594490444314,1.444334916072314,1.6330365708559134,1.7265897671831538,1.8031401112704866,1.6609896337428696,1.7723479677487566,1.4070516667788826,1.6930602310493472,1.9392060681096688,1.4641534166660521,1.5416464458472587,1.2726152233486823,1.546065157099299,1.0915885278543298,1.5736454400729738,1.7954864163504016,1.6091075869021392,1.579822453637564,1.7074432504383168,1.8235937156352213,1.1767988135372316,1.4662106892531146,1.6450642213048328,1.7458057694167355,1.0602010703048093,1.7023359688871165,1.3925288537438847,1.3142244875629843,1.0346285046000343,1.6388621352201125,1.2515182667094868,1.1744234428274118,1.6099075694104015,1.5322764420546227,1.4439378314199867,1.5855103844110794,1.0303133627271972,1.549055273853616,1.1384363402268658,1.1470115493660096,1.6457840262704362,1.565094509579144,1.4073830772815943,1.4000943617117212,1.8215542202780304,1.7295033630433108,1.4095508246863873,1.5135711104380436,1.694326199619074,2.0515447016625474,1.866496705722315
arc_pair_695283,0.7526082128737823,0.534880572807485,1.1281885515755736,0.45092756472175965,0.4626271730532665,0.9548547267839115,0.5845588927427191,0.47964685404520896,0.49789186870763236,0.9636490711556029,0.6012977647186493,0.8463084550830848,0.5706927250993454,0.736876591412015,0.7530934720430514,0.5927177081755748,0.5754015799500398,1.0561597597092005,0.7266116393223542,1.059769574582441,0.691750841099394,0.708169269840778,1.0169030218410382,0.640622879279071,0.573531807870034,0.6794590035175493,0.45357071137077887,0.6441747019918015,0.5355234608787413,0.42659553065526856,0.5855671467057422,0.9235606798778451,0.913557459905032,0.49089012209490723,0.4282507062810891,0.42959324043864694,0.5812587953770185,0.6782417825161786,0.4077217735967697,0.8740343903553404,0.5557101355238574,0.6783162707442099,0.6814329588337313,0.6954711015147903,0.3972241489563023,0.725571164771184,0.7637541034513502,0.7515189528429995,0.555058238253933,0.6069337227541798,0.5711030198809263,0.31553877944187314,0.49642534324335286,0.52056321608015,0.6421386300502652,0.6160360697982784,0.8675059501784439,0.6675204721067208,0.5494291637085654,0.5429582423295829,0.49006895393300187,0.443332441712444,0.4724133221909268,1.2779624162866896,0.0,0.800035600965654,0.5704590393731335,0.5281907784221788,0.41270927045046124,1.0089665769351666,0.37383285215748796,0.5751257826192956,2.157877158323286,0.7056277066540966,0.7358642533574611,0.613256717397497,0.5005968601688731,0.6430698923245127,0.420971304431301,0.64252971992913,0.44878160664399025,0.634243003753667,0.6676651375889144,0.6597184042766172,0.7212969771706874,0.6691107729315461,0.5408305759921286,0.4104526339978469,0.767427156604013,0.389669328740897,0.5140312528831784,1.2843555502745738,0.5988176116853479,0.953059410909941,0.6415910731199046,0.8380766735096256,0.38667049648494345,0.8629383624372429,0.5096387759207746,0.4139802588004483,0.5865120330683937,1.237307271615206,0.5161176046770575,0.7533872932035585,0.6155228141225421,0.6856612852196868,0.862834095486515,0.6253769603931217,0.4186225555229151,0.375814472271687,0.774044373608156,0.7037863408819414,0.5719330355460552,0.4541076039158523,0.40930954169823275,0.499520083316192,0.6257028817847645,0.951933369580134,0.6572542087360118,0.828633832187117,0.5186495515612747,0.7869786285369331,1.29003586326426,1.09563869989764,0.586921012678206,0.4687794514830962,0.510585376832721,0.8113413812502287,0.4643757643896314,0.9255513039704493,0.8441488131436449,0.4380416156951585,0.5488822670065692,0.7780424707117821,0.6425840604042963,0.4373823940658667,1.0901468918415167,0.826093615830568,0.7713337435356167,0.725898976744549,0.8040616622642007,1.1366363052167003,0.5855085514854069,0.35801272162020775,0.5559128579338065,0.6811889160375929,0.5500979206304231,0.9656450275592432,1.015310173734706,0.3307101410217504,0.6152620838063261,0.7919110292505589,1.3789898506409253
arc_pair_516918,0.5968551370713754,0.564712248459657,1.4760890735151317,0.574383065595311,0.42440630453358147,1.0836774567732852,0.46527597619565875,0.4503910246216224,0.8481222545488881,1.3434152533670107,0.8376828470319546,1.0210583188652103,0.9272392253121051,0.585450190745813,1.016823080337374,0.6337623955949272,0.476673729832814,1.7558025823361176,1.1113551198632008,1.5120060546581815,1.0929802473422123,1.1137570509825596,1.5456488791679077,0.529832592820499,0.865349816396924,1.0359062387346496,0.6105070917472128,0.6515629942154068,1.2752738016434277,0.6643065311941748,0.6471508105523583,1.287548770531329,0.8698252397015722,0.4358356658847743,0.6754457609038746,0.6146750946276937,0.6205037183459481,1.0657778664504785,0.4876006960073258,1.2812128338026958,0.4306761944195124,0.8245373204639803,0.9283128973868544,0.7402165669418546,0.6135996211339243,0.7943468128592674,0.9359290279002814,0.8790833646606319,0.951180048466068,0.6553553897358914,0.4821065182898012,0.625154045854664,0.6003936034070265,0.6259716928676631,0.7321155285760431,0.3523752579715338,1.0421812293473371,0.800330336774091,0.9835121277165617,0.3655097299140107,0.9808024320591207,0.6818069616319025,0.735963388668545,1.7581470476815386,0.800035600965654,0.0,0.524182473927149,0.9405250668246079,1.0077603047630346,1.2741386901589062,0.5979166732752986,0.5029763690988115,2.9772832927087842,0.6981350464123892,1.067358288723009,0.5239794953160947,0.5555866152013426,0.5580432752967601,0.859116732489015,0.7232252448031926,0.6944607753556605,0.5541694924514503,1.2084111620872502,1.0636361755586061,0.4842499690391446,1.2335891222227708,0.48447502122181674,0.5610519366486917,1.1914993061852868,0.5570820943712547,0.6051653097467039,1.8176842007284004,0.7586953981865385,0.8649094065866001,0.762674885839522,1.3366333462510023,0.9559561359921833,1.4844034770928074,0.8571983262435936,0.9304769485750789,0.5131150985637132,2.0881183062503785,0.6603613252670271,0.7357266463177492,0.6596558534195878,0.8261326405638694,0.960933916177529,0.7797333502663786,0.9866324094761618,0.5487827923560379,0.5784027661490772,1.0119991955715149,0.6805735633467083,0.7082822531199291,0.7217368845992873,0.9642436086322153,0.5708536247672409,1.3227490637189065,1.1256856365813803,1.5042345621852518,0.423470061795276,0.40061454130196106,2.047781421786876,1.010806182480776,0.7061985275809894,0.7145250612576244,0.9533160955609945,0.8931783934239222,0.954725449710219,1.3469125214466247,1.3847392739054398,0.36904748100141194,0.9209385408163812,1.5682324330263282,0.8421739547271877,0.6375944819467101,1.7522255714584651,1.164466935569702,1.2301462601055297,1.1001112804167827,1.3411737058716602,1.6124134743565592,0.6249698888639877,0.6063136859158711,0.9206272394141068,1.0821980461628367,0.5787353434152948,1.36909709977058,1.80300082394572,0.6105186503287527,0.3771308195703301,1.0609582707929883,1.7518782011055192
arc_pair_724174,0.33089005747111133,0.6333493663345063,1.8385837856326757,0.31189244107945124,0.3078326428554371,0.7426542775549595,0.333277623184536,0.4493435837520884,0.667960676494312,1.3623530865538918,0.6695316826182306,0.8931837538715326,0.9169202751778899,0.41195213576070916,0.9833200628736068,0.3471541526875409,0.16647707046462057,1.8016598461059008,1.2920204856852477,1.7279524703757585,1.0424278631291366,0.8940740602737764,1.637360223620502,0.32187135448270304,0.6169175856649847,1.230723472693746,0.43444657847159396,0.38231466609542497,1.145206664080166,0.47495556791934535,0.25997298691597526,1.2337859071961716,0.44662617309815095,0.3387462647682248,0.24456451823988473,0.5096033308150292,0.5806754952028303,1.0197459798682666,0.49508876598749063,0.9733406702301692,0.5769323552856163,0.6092077173707862,0.7938772217804176,0.5977509902557393,0.1887407853375405,0.8837611557987046,1.1828536658905986,0.6478329291362727,1.184925265441663,0.3143639324052325,0.27664478908209755,0.4391653355857935,0.6493589282773975,0.34576688879861384,0.38360760721088477,0.2376954300946303,0.7682996385399077,0.9099099275691738,0.9045341898620202,0.35963722464104164,0.9994438607648886,0.3297224304601624,0.47556942899760446,1.9116676169049533,0.5704590393731335,0.524182473927149,0.0,0.6342403759642183,0.9448546797515857,1.2362261067211051,0.5161012223747099,0.3798289632337388,3.1945478926832194,0.34283464354855675,1.2888878844545015,0.4834689460177623,0.5397374105064789,0.4684289207034193,0.7636749306068418,0.6772038471405932,0.6269979980622801,0.4257728358089521,0.9671535679613068,0.9680842917815574,0.589672237136604,1.3317730896131021,0.13791165794438676,0.6951094733067176,1.2978133798414555,0.35374953261357334,0.35137288756744234,2.0183718865561575,0.36968041662078027,0.9380850181900671,0.5046548932429864,1.3674068588331882,0.9395836083826998,1.3932875657954167,0.8954062131681023,0.8109572605144526,0.5557974051748136,2.1426582951833124,0.6445172359515908,0.6789853272627497,0.28434656269674263,0.4130154149344475,0.7435440465508881,0.4663833618174048,0.8963558612143618,0.41541601799426764,0.33800665751618064,0.8770367822398399,0.4456838737229103,0.651683483037737,0.4833910370972889,0.8522251164060831,0.3165177247993743,0.931727027156741,1.1452955739541384,1.3837865889632586,0.2624202796387441,0.5361441409578498,2.2424333194491752,1.1884920172415918,0.42163311202795445,0.4958757739412771,1.0440097473513963,0.5456813452643439,0.7645736202461011,1.4244191596661693,1.5023731429888563,0.4045831738795967,0.9943225362231894,1.5652524018572187,0.5813551666720793,0.27692883234678856,1.69999402624824,0.9886707953010542,1.4129643952130433,1.0133768238687209,1.4958857617997374,1.6855932808023422,0.4932551622397884,0.4012309354561105,0.8886025023983478,1.0048268002561311,0.2690669310392164,1.3588740824448475,1.7269554384035741,0.37147120323378874,0.5043711636617472,0.6463242688694599,1.8833468877872017
arc_pair_260376,0.8664322328844194,0.759058775871865,1.5847226655350999,0.6351796750093548,0.6992026071089592,1.077295300664883,0.7000625645017421,0.6455829001899216,0.6928977829851168,0.9790616342971659,0.8141382460319743,1.1099852598613154,0.6724997672331472,0.9605037661216911,1.1707086020434185,0.7233500590401134,0.7133908494455166,1.5573277258460558,1.065749919864657,1.3337205179731555,0.8665081854294123,1.0119462780585209,1.2106615048891922,0.7556829453855006,0.6434998810489865,0.954387490403381,0.716861789501311,0.8256858778046592,0.8437242144467298,0.666074113606242,0.7376334692528204,1.2613261592018434,1.0021977120233956,0.7122771744459228,0.7039554456784997,0.788055180731043,0.7273538484494759,1.0256407427478873,0.6208115710201418,1.1786219966917786,0.799614079484221,0.9196948047863587,0.8571689686713532,0.8961817038706827,0.5784270954831128,0.816189665372578,1.139739195975841,0.965018831538573,0.8467452547159647,0.7410490896478453,0.7532656689362587,0.5793742415595264,0.8276900988774616,0.744481978007203,0.8050680716211893,0.7774626357054913,1.1158762597928649,0.8262028558761241,0.6655223144342322,0.7229934301720464,0.7944800908713249,0.7355633141104592,0.713428840730604,1.5184179292123625,0.5281907784221788,0.9405250668246079,0.6342403759642183,0.0,0.7432829230150377,1.0933005299249106,0.6488013750843019,0.7937165788283707,2.220843693769542,0.8497644746361703,0.9721410531769554,0.7622907356613522,0.725497383291518,0.8157707919304279,0.7094535721532451,0.9722063711888538,0.7884077763271227,0.7233622385446907,1.1117683293725928,1.0323685481217788,0.8841176430992641,0.9163952194676936,0.651694934521913,0.6721301166601131,1.239673856816025,0.6080149472523344,0.6342252868250743,1.8098950503901814,0.7715595783175218,1.1493757604765933,0.8562924684584532,1.2546827746147644,0.7171853208635,1.120106722005614,0.8815524285335026,0.7525666616635274,0.8894293976164742,1.6675309489519639,0.7351346683845819,0.9149131400540317,0.7751280852370639,0.7672162004162042,1.004547483225474,0.9243728986957297,0.8516257685443765,0.6956306009224997,0.8271450151123472,1.0763990529487324,0.8079951313990038,0.747411792480118,0.7713971863166136,0.7444073962953512,0.6930195008538007,0.9464827451627325,1.0937425938765726,1.2816562789181962,0.6085808761380262,0.9115972382763748,1.5858422702953168,1.3072677199606209,0.763463901944015,0.7541781883200636,0.7523371192642367,0.940055960243084,0.7575646886857867,1.1963194992363668,1.0687358975944865,0.6683575521359777,0.92290171085262,1.135621438960338,0.8924557367170545,0.6846904914314214,1.2070214733057123,1.163685624561464,0.923557072750041,0.7129209261127764,0.9900131908494363,1.3228441552871049,0.819247493576917,0.6256445467322683,0.880739051248188,0.9302766911704776,0.6366779516623327,1.401064215428796,1.3477795277358156,0.6106624822220811,0.7977978567485751,1.096129782344569,1.8845539517445151
arc_pair_551617,1.0662273683277337,0.8001526270939492,0.9245044503025046,0.706451761272574,0.7232366540833953,1.2088044781329337,0.9812899378429285,0.6593478887955175,0.5812427544146842,0.6660708295230163,0.7595709823393619,0.9258196422981967,0.5468489264787206,1.0796670055105353,0.9333736976294363,0.9490062567746129,0.972085850176359,0.977989503384068,0.48650147946275335,0.6953079550784123,0.5223348114971613,0.7547548306621888,0.5673486551537681,0.9322823832727101,0.8389715711353785,0.5086795795287301,0.7302680689740596,0.8599362091763303,0.6232291189006038,0.6879204594864636,0.9845751439734236,1.0566823039937128,1.2426480303775997,0.9044863495126314,0.6356094060689397,0.7773292627952775,0.8456704312707402,0.8210068075949302,0.6420875388972722,1.0055474886141325,0.8765730581079892,0.8186189755642982,0.8675783575600172,0.9773180302437863,0.7239813397105271,0.6782216170230233,0.9017348737258357,0.9714813956184971,0.5419757115274291,0.9880369281785064,0.7821821769306833,0.5136309757943991,0.9276214114257961,0.8985767374050772,0.8596671251073167,0.9553476041733375,0.979441248619156,0.7442506017801117,0.5555851075323419,0.8831515181799562,0.34078930495128396,0.8124058000402984,0.7536080233010102,0.9053378890406888,0.41270927045046124,1.0077603047630346,0.9448546797515857,0.7432829230150377,0.0,0.9068545425008063,0.6064368651175737,0.9243261791276054,1.5577856888007582,1.1581544546079103,0.8757889791878439,0.8889056977378313,0.7653898134540776,1.0496827835549216,0.5576375188649807,0.9572933031861885,0.7176100073227261,0.9318986320873235,0.8709510101568653,0.7967648483762475,1.0323386365074345,0.46610572181577226,0.9656339990569593,0.6068477507731133,0.7369453613387824,0.7881612134176357,0.9365879546021996,1.1260603768145403,0.8114317062026961,1.1100490513126406,1.0311208153874685,0.7112906588839836,0.25469562722947997,0.6077077186673713,0.7182660891472626,0.6693674416742516,0.842495578526494,0.8534071986663286,0.6685995535437654,0.9027873875389757,0.7696600714974238,0.8704485341510183,0.8272602896891367,0.9350992718572926,0.6010662701853999,0.8164588517261528,1.012485900627627,1.0213730740005673,0.7677034415518909,0.48715121981805454,0.6575217206691677,0.33789078002973194,0.692179597470511,1.0023068338569343,0.9060464969824712,0.9008917099574845,0.8507592882261219,1.0881095028309997,0.834992620028104,1.125512094861838,0.9001349011321599,0.8417989637955321,0.43553496394247887,1.0044158923381978,0.5853929410592221,0.8033226007067027,0.45250089406812055,0.7715122191987243,0.6640943112137138,0.6094071174320105,0.8798086567583818,0.6843008846434357,0.772320169074684,0.8385281523741095,0.5826310501942813,0.9232824428513292,0.6458724837383918,0.8084938647423487,0.7886425875679235,0.690970221983254,0.765873240338334,0.6505260294774209,0.8887316788075404,1.0600459221518126,0.7119066150296107,0.7027469285744687,0.8627018455204081,1.0709144727913966,1.3813797991817371
arc_pair_358495,1.245528212523008,1.1492960306463802,1.4733765151010076,1.0871298852569558,1.0769214552056863,1.504416064963105,1.1681083892375148,0.9666780834214931,0.9011201174359148,1.0986016396170495,0.942515415476934,1.3480850510537783,1.034652797827891,1.3352866754388972,1.352216300307205,1.1938008732672396,1.2158429577472438,1.6796409131305996,0.9774404260597636,0.9632865040746074,1.0740575124772604,1.178590258831,1.091208456862034,1.2559493471248628,1.1332569103957577,0.9784563847818245,1.1368046002646384,1.1205823820739536,1.1167094282159162,1.1742113127005895,1.2611583108429998,1.258242133199856,1.5454287933603617,1.235194679328338,1.1076472269895437,1.2563791581765404,1.2029922916699944,1.302151170946977,1.004196706474914,1.3239948872778748,1.2798292641450169,1.072346828073604,1.3785794924794548,1.3157135218781053,1.1373868227577488,1.147169113316394,1.3795183827510444,1.33161909668421,1.0679849256203158,1.0866328331726942,1.0941969997925405,0.9166028440086164,1.3347900116629188,1.166949685966088,1.2476066227922302,1.2118138679107797,1.3382256963668497,1.1755065081138651,1.1008112968908033,1.1962508883966654,0.9617136820286682,1.2010533144364555,1.0358661580930537,1.5132321118220018,1.0089665769351666,1.2741386901589062,1.2362261067211051,1.0933005299249106,0.9068545425008063,0.0,1.0099884193912003,1.1508264942597166,2.0439870176993344,1.3680370368359935,1.141121114630074,1.2683243211290303,1.1086033677773117,1.2985394300705193,0.9709706160676583,1.3199714436759191,1.0751140171983344,1.159995391050721,1.2952605493832863,1.4376386881899434,1.0611694536685932,0.9880310312549072,1.235354633675515,1.092118026851176,1.1449269574813337,1.062445508624207,1.0920792697403092,1.6355244260192023,1.1871596069813704,1.3424276526949512,1.4042378635342962,1.2486670109444744,0.898599184993994,1.2723125146767178,1.0091846497287034,1.207613560542749,1.125540396065505,1.3131932983577632,1.2082780259929624,1.232063940456888,1.1529397675380735,1.205454693232129,0.9842839055666547,1.2354343201625255,1.0407984110936719,1.078691794663917,1.1817468318772972,1.3540063538669276,1.0982266022719664,0.8819989785699736,1.0997522547941712,0.8869926285996133,0.9123839030012906,1.047300004423533,1.3531052491286037,1.4766039141272458,1.1147693814524868,1.4337371502676772,1.557567259215582,1.2854660303732919,1.2780804308131222,1.1944676685123143,1.0178022604744763,1.3895387253607214,1.0682935175388117,1.3154407521296325,1.1081223067534254,1.1312563802816284,1.0376449682673679,1.2346507892661465,1.3590825294024615,0.9814276283130736,1.4024783378303507,1.292408306165587,1.1679116574271968,1.1791677773944331,1.241470550379232,1.3119703769089308,1.2046974890275384,1.037656168755253,1.248969239069965,1.2192369031435797,1.2374467714912507,1.4587278434573994,1.3659698205238557,1.2277958525984207,1.1113708102468591,1.454482983559313,1.955751592185412
arc_pair_450035,0.6537307473347403,0.4905271352014956,1.1506422863424544,0.47048566249135654,0.44832116982840925,0.8670070055008043,0.40296492241025156,0.3246229235586546,0.45305374356149763,1.0225751743010258,0.5230669003550004,0.8221847391527793,0.668458741499824,0.5650260435678294,0.7480096761400288,0.5509537486437629,0.47615383044807225,0.9869485576060903,0.8141632251625746,1.1331172794828974,0.8458005311824819,0.6854020783777157,1.0333806026201025,0.5261598894281561,0.4935847293665875,0.7806089477397538,0.5489153569313288,0.6765165005070646,0.8658296069449039,0.34387220730926776,0.5613629863188582,0.8570155986263144,0.6919242021537533,0.40610827907457236,0.49826993720224044,0.39416641937658037,0.457850487475694,0.5522640797516714,0.414892723784164,0.8387973615504019,0.4815992996581127,0.599102618732713,0.4991392673160829,0.6205882620003587,0.4349722837051659,0.5497947030185262,0.6380959497776033,0.5173941016401759,0.7030029987870864,0.49136244129457196,0.5415924953864898,0.15768682755770422,0.3393541561400262,0.44204767394039923,0.6632665614736417,0.5143983174028341,0.7026152886670725,0.5844234559437507,0.7140096710034409,0.32169224797632534,0.618490021286578,0.3827594772288366,0.3926017263830166,1.4069859930980306,0.37383285215748796,0.5979166732752986,0.5161012223747099,0.6488013750843019,0.6064368651175737,1.0099884193912003,0.0,0.36259912297845265,2.2361970639832984,0.46505050612515814,0.7474356593094434,0.4734056819814869,0.46852609281974544,0.45488581695962926,0.5331221905657038,0.6064785871806802,0.2872633849554366,0.3991011822981518,0.5856302069655926,0.7149101258934352,0.44870277683476734,0.727238422464412,0.4563357280712892,0.3577883479328587,0.8442279202042333,0.35814610810838854,0.5424869025791235,1.3815492576799027,0.5234702140649272,0.7964524161769343,0.6648739808944626,0.8981502376659537,0.5544211706521597,1.1316409728800414,0.5223496118190014,0.5207797710426412,0.5329918363071452,1.4316247779964346,0.37039555341734526,0.5515480736881263,0.528931765991369,0.5235384192717553,0.898171664113312,0.6811495520870003,0.6299047084801312,0.30187451341890825,0.5164364510527646,0.5848259687658306,0.6594378564837606,0.43018556640624905,0.4977410646220472,0.6893392192444009,0.5414265392801457,0.8242912384027602,0.6376318906859957,0.8964414013185421,0.5056177786049263,0.5396935616901217,1.431926874117067,0.9539852209763853,0.6492123620651666,0.4442709176091233,0.5436230018652148,0.641246658511772,0.6432466137879372,0.9227570895445943,0.9979931626269403,0.40363579644350145,0.4251863673695039,0.9337454696602854,0.7259280242129531,0.48973569699610087,1.3989034549773423,0.677021171407864,0.8836424143042052,0.6766071146639456,0.9881113960457067,1.1031611793468459,0.40428537326734726,0.263225951249522,0.5269848402753928,0.7426150756843695,0.42499235519445944,0.8182009788910429,1.1885269102945226,0.4924346788720311,0.5152524922969928,0.7062542901916564,1.336431044375225
arc_pair_64470,0.3935092748506346,0.5727760988646697,1.624891919986093,0.44739680094145384,0.31950585084746963,0.8640554995397263,0.39001804672471463,0.3800455203982753,0.6890080696100283,1.307718001601785,0.6072010526709943,0.7074907883320398,0.9563320350828188,0.36490947812249813,0.9273062318637258,0.5352226219958149,0.38805646691762763,1.4517295978981948,1.2146613794664058,1.7020929283972357,1.0697653317395601,0.8022995767577109,1.3440729796671282,0.34221143061645914,0.6420352233888645,1.2665460628955025,0.4849859745331302,0.5612498304566566,1.1580347005472083,0.5070124659987183,0.40378846168179156,1.108591655063965,0.5998560850552614,0.32715322598047425,0.3505987988782424,0.5527876579175558,0.5590177676486168,0.921429474479095,0.4350873733535605,0.7996401275195004,0.4455664348567804,0.5173333269863752,0.8644805159275271,0.6999562582399689,0.33087190917441633,0.8091144248610171,1.0406255409462273,0.4855168780012489,1.0013745300649335,0.4297953214136786,0.43889422667214006,0.3624622898767404,0.37041300392017157,0.3024373693267095,0.5992144354635014,0.22845613319283453,0.6579077344681201,0.7007382697643558,0.9013055538677934,0.2043318156229114,0.8144109825091141,0.29552966102072487,0.3567325008474489,1.8111551156911179,0.5751257826192956,0.5029763690988115,0.3798289632337388,0.7937165788283707,0.9243261791276054,1.1508264942597166,0.36259912297845265,0.0,2.9398498324271536,0.24430843440654376,1.1207112987497545,0.4847041093389707,0.6123755148527931,0.3483994711334637,0.4704531128326266,0.6043855994176581,0.6007045124382377,0.332414960617542,0.8961885618843687,0.8380836381673441,0.4151199579672223,1.2868356318923289,0.3651044353684757,0.5656143558090104,1.1688303433565983,0.31340174171056334,0.49315687513125944,1.7406089431125353,0.42420915059989717,0.9128562541552288,0.5806174096647341,1.2923293067500587,0.7821777270022535,1.373720191000857,0.769227785833367,0.7467164570512826,0.6102939567250169,2.019877097566816,0.6150428966793204,0.5187238104740761,0.4320151906992593,0.44235292919788205,0.9194048414825764,0.5483513608457017,0.9398107520578636,0.31520365952930585,0.38309596436520266,0.5537733968238397,0.49969763758260644,0.7597816202275178,0.4365453416007943,0.8748059553651839,0.4058029677796807,0.7854051241449753,1.0865830460591563,1.3513428583977802,0.41295274303773755,0.5638379832476947,2.02723670680533,1.197297716277809,0.5706776274576175,0.5430437963914244,1.0068896461373433,0.6180155013533093,0.8088123428436869,1.4133677613844604,1.3620142340817298,0.3745547959937392,0.761755573141162,1.5506048471157463,0.7359828285704004,0.37594754867720803,1.8183392878774889,0.7165500155351928,1.269327413247546,0.93533425317156,1.377013915282847,1.6021128671198643,0.46100269434599916,0.3737275819068595,0.7819102762155961,1.0526737562046105,0.28329249536298584,1.0826139231291205,1.551582942906673,0.441437926557547,0.56689006463956,0.49280755164969525,1.6014375473392168
arc_pair_665109,3.306266236639801,2.617986510710292,1.3906266681711643,2.824445469898862,2.874744218238196,2.9288450277475855,2.975979488586391,2.4908403736363507,1.9629700590310737,1.6854550753628539,2.400166109635306,2.7273749333264266,1.5957704191990696,3.187219360357553,2.7631868056632762,2.975287046523594,3.103034008103511,1.8848330196672067,1.6229804854031695,1.3369702960704097,1.8784855245730419,2.564290885372764,1.0033797858091589,3.1604211375318436,2.656107320272083,1.7119013724773222,2.7183742682883643,2.9564861053236555,1.91217555754808,2.664750769193121,3.096996681734668,2.5950678415077535,3.1466122281975304,2.992603524099454,2.8780450469977414,2.631128916616994,2.6240535868965744,2.3171882309528957,2.5104958198283693,2.745373308195045,2.7609510406902884,2.801648729538062,2.4231817930349275,2.879806282874806,2.9079442224158205,2.045419376941745,2.389656710434061,2.824027531330593,1.832915743537759,3.018943788773794,2.9704767680216406,2.214889993529761,2.724778252664014,3.006277366612088,3.0711539200318176,3.1914516413777694,2.965589646644194,2.0844041275458007,2.1917606466326274,2.8699707414476783,1.5237265881637259,2.9782206002209604,2.6499503753611444,1.6916172851954705,2.157877158323286,2.9772832927087842,3.1945478926832194,2.220843693769542,1.5577856888007582,2.0439870176993344,2.2361970639832984,2.9398498324271536,0.0,3.096553437893765,1.9730009664080508,2.779656336151863,2.4908306701429073,3.0445376163085913,2.1267986322895416,2.816317116598143,2.2767783388172598,2.8195110873168248,2.6549685027953824,2.461557571572774,2.9970344822960175,1.35690400495415,3.0940567434551416,2.1133797604205404,1.9885952790276893,2.720669593286817,3.059623464760749,2.356538406274513,2.8583762713961827,2.6081426558726677,3.036370720382256,2.0135610553482746,1.5665943295561664,1.8164167893792926,2.4138323592919892,2.316378686432101,2.8920873513303826,1.3564084681275603,2.3848795036934867,2.7442436321757566,3.0533758826066943,2.968655606537322,2.496858336893838,2.999524928363644,2.2853795727987007,2.716918591050657,3.075169647710628,2.5579862067108774,2.9406662652046216,2.126669955211545,2.640675022467315,1.6700976311548363,2.7664330975456304,2.5328199689104878,2.320908681872446,2.3510505522018996,3.0013401067635432,3.155091683754006,0.9802823920958512,2.261140614721408,2.916958034077678,2.770597077918418,1.5690707427425457,2.9169262411781087,2.3244570312949517,1.929225541071895,1.4382013503012891,2.7361552390723944,1.7312992473069013,1.4860003786575722,2.9263758400825193,2.887952619004888,1.8510586196765406,2.6024565961092856,1.4492728866496962,2.186610743816533,1.2554720309479221,1.3802581025502885,2.6077120206790445,2.680459380703111,2.304354872629237,1.9409596012007362,2.993942538313862,2.7443155539723536,1.508165618441916,2.6903589172721674,2.8338371255989885,3.049875278274489,2.4741371824593106
arc_pair_726873,0.5133873079671645,0.7390688069643024,1.892659904074688,0.529600856579366,0.5037291312257994,0.9073066712831399,0.4592908447060484,0.4159050625832077,0.8252092079527747,1.5779124535807019,0.8094512573457471,0.9466996829318123,1.1274810919539446,0.5029964608782154,1.1624709690579444,0.5563627694329081,0.39037063671608624,1.6210931947146539,1.530660798560892,1.9220411361634409,1.2601557820854197,0.9564375430866341,1.6134081054778355,0.4479697785152167,0.7287926838322913,1.5093408473599612,0.6525104144333662,0.683618611062863,1.3835958789373184,0.6027496248181288,0.42127378464548587,1.256626695691253,0.5974465034456924,0.40043289608440824,0.4748513968906286,0.536331820951141,0.6818030658951186,1.1444672874224138,0.5960549142222473,0.9510604926069518,0.6203097960919982,0.7356364727155775,0.9624890742731287,0.8383016934183007,0.3738462872031836,0.9854090714767356,1.2364547403485964,0.5626682489379033,1.2843364567827698,0.4963645676549402,0.588235320752443,0.5060158910806368,0.514493444811172,0.3656745914972102,0.6894352284142404,0.36727507434931655,0.7796107578743551,0.8414311133231898,1.1233738045309056,0.3612532354737238,0.9714648875315388,0.3497200357289889,0.5486778836553041,2.119705949378767,0.7056277066540966,0.6981350464123892,0.34283464354855675,0.8497644746361703,1.1581544546079103,1.3680370368359935,0.46505050612515814,0.24430843440654376,3.096553437893765,0.0,1.3537333450512454,0.5934203436006709,0.7319211059995161,0.4693952762350473,0.7718804354265761,0.7737120248459427,0.6914233104597198,0.44508722823261815,1.0097922635275212,0.9948221573999838,0.6526679428364008,1.4732045042300816,0.34497014278149857,0.7601981408075009,1.3683236483102608,0.41643604221499214,0.539825781782082,2.0638127734378773,0.4428676593715487,1.0706627601000622,0.6408788630807285,1.5414435291580892,1.0292271908745931,1.6403018197648405,0.999490538415536,0.8451808650575161,0.7721573620948672,2.2142005589136247,0.7086545903465551,0.7541813158411723,0.5680632967335132,0.4910281388297265,1.0457647025374102,0.7057748241318731,1.0718795239874122,0.44597318291918775,0.46872953523393374,0.6704218101781967,0.6740212422263485,0.8893736072510539,0.5787988684107764,1.091704676916068,0.5655647819424581,0.8052072045497245,1.1926932440351006,1.4944353307068134,0.47837262958509386,0.6686959749301669,2.3450896727012283,1.3492854872816498,0.5802764122901067,0.6287565377064362,1.1904097721531386,0.6555655064041357,0.9994958622670076,1.6601047528013748,1.6484850317090336,0.5478601206035423,0.9132517826659263,1.726469495404297,0.8829527626749105,0.5179178948084033,2.006057863446924,0.971384079606223,1.5408581421584082,1.0553335392204906,1.6041194986968508,1.7708489593706456,0.6281536073537168,0.49812656007749856,0.9262374811218019,1.2372673648533221,0.36044398792416255,1.3455309404291618,1.640264689239536,0.4732314357438987,0.7114585284905874,0.48241165790367085,1.84023278797995
arc_pair_461800,1.4413252943399892,0.7830408199132107,1.0502799409248662,1.0577846332770549,1.0318936327930814,1.415628394129757,1.123315326453806,0.8500940856241601,0.8986810261192111,1.0804523043096819,1.1152991846841789,1.2379548243602487,0.8914573038723335,1.2597751602837293,1.1507961137328557,1.1322682203127725,1.280295091775964,1.2466484850226056,0.9625232472352314,1.032685428044692,0.9269278156722769,1.1000186038208137,1.1321628326985052,1.1660064349687016,0.9196551478115569,0.9697344228472496,1.2148179728451782,1.2324608752797697,1.0153459416984478,0.9150153513595395,1.3012222967360987,1.32890535837734,1.4352924729488954,0.9791904001579744,1.1288811015593192,0.9500014813912332,0.9931091378700958,0.9723492078797098,0.9616030413535486,1.2113334675423366,0.9285825949466151,1.1443291205976105,0.9816261922199971,1.1138407591827022,1.0644344086008164,0.9052084942812156,0.9789949828298681,1.2304543752083987,0.834882244843022,1.135129203926247,1.1202909064743187,0.7735767235465438,0.9392164525971454,1.1078788865217821,1.337831746027018,1.182572686484148,1.318719546624882,0.9031956314747442,0.9568059781319728,1.0189369617092603,0.8054976636506606,1.0498844486153247,1.0515363490455694,1.2216006529616812,0.7358642533574611,1.067358288723009,1.2888878844545015,0.9721410531769554,0.8757889791878439,1.141121114630074,0.7474356593094434,1.1207112987497545,1.9730009664080508,1.3537333450512454,0.0,0.9978980580418999,0.8962725080672701,1.1805949508413405,0.8510216405640612,1.0282818287462379,0.8413149889858795,1.1550300924951522,1.1894277526866635,1.2378996671392943,1.0334333171545316,0.8001437998051965,1.1039640572729335,0.7003523603881396,1.1282108433278784,0.856138263472987,1.2386028634595447,1.5779219155144157,1.255075746670117,1.2299564065127746,1.1137774404441287,1.1695032115993245,0.7912928342620551,1.279775941165313,0.8540577846273694,0.8488355025681666,1.0287176086737526,1.3107856117509398,0.9206266371795582,1.049654534741105,1.2417830305992719,1.309946727856188,1.4426910884541444,1.237364196219312,0.951404720426068,0.8457574953808259,1.3250858427419911,1.0974447851222422,1.1163593395983378,0.9295061055068861,0.9477229547930928,0.9597738597541965,1.137427998547921,1.337825155494067,0.920413452380674,1.2109434334922438,1.091531608744845,1.2169437130722587,1.3028562289518757,1.162372895026893,1.162870181570686,1.0664198666814406,0.714256854469939,1.3859495774312331,1.0091177363257733,1.2833616629847353,0.8830004156447349,0.93132473056092,0.651687223113328,0.9868650548103146,1.353574626886966,1.0483160189595662,1.3747504936693002,1.2461865345704857,0.7834047230155479,1.081785211888963,0.8656171291485422,1.0998588640086635,1.122910686892876,0.7870034226532905,0.9516367605189935,0.9482874754369526,1.151419978476159,1.2314977677648886,1.4058880116123307,0.9279662634991337,0.9855829253361884,1.4317936060410026,1.5788350916593894
arc_pair_156269,0.5851820826425389,0.5073736824974998,1.5048328435147207,0.47542048628362366,0.5541063047830678,0.948048345538811,0.3143190466664732,0.421301725839889,0.6028801318642714,1.2778776374318748,0.7810928641865854,0.886205505607516,0.9576372766819322,0.5163163594135831,0.9961782318486578,0.5093937497272122,0.45863347256222564,1.6050429086945541,1.1538885290973029,1.4142976250608128,0.8731155160415625,0.8713788666081708,1.5417023335736446,0.47427270028219504,0.6300224862482035,1.1455212170701121,0.7176640035531641,0.6347288977897454,1.1011884702088945,0.4549779545697242,0.42345860504354493,1.3771700626178807,0.6888598771593585,0.4027507968691541,0.6118912772451226,0.6184587694564818,0.22591496419514778,0.8248122146273449,0.4634168039914305,1.0851359181926434,0.47693322074550454,0.7857620081550492,0.8141497181646452,0.7397131309333442,0.42987836729502893,0.8527067109603899,0.9715594147316845,0.7107633922130411,0.8903860249806417,0.5525772816019341,0.5349705506635078,0.457012314801585,0.47784297312213375,0.37652764005673744,0.6774626046093901,0.43390090013788374,0.8286066000225945,0.8202527604106076,0.9287609307237537,0.4130202035125514,0.8707523594212097,0.5197139754888536,0.555808920107418,1.6436189318685823,0.613256717397497,0.5239794953160947,0.4834689460177623,0.7622907356613522,0.8889056977378313,1.2683243211290303,0.4734056819814869,0.4847041093389707,2.779656336151863,0.5934203436006709,0.9978980580418999,0.0,0.4622100955516134,0.6210698513201343,0.8350792293638473,0.6513570747251187,0.7067461685105745,0.49354184093304293,1.0293576876727397,0.9106654773824967,0.5575364311682847,1.1821826812469793,0.4350019702994468,0.5711347757075507,1.225350997213932,0.3463680468076126,0.4931555146001757,1.9771698821120813,0.5508743114851534,0.8480134010820168,0.748441162734006,1.2031952109087833,0.8624275455246482,1.2412578744049527,0.7206771938760348,0.7451139164066316,0.6976081656072838,1.9083605683651346,0.6177845842202436,0.5662815934702436,0.573415715443442,0.6958600380460035,0.9681365248294252,0.7007357348163634,0.9831771030035064,0.4525826682859654,0.6101848454009737,0.8818076290472449,0.6289315513857584,0.6762335659093822,0.6879210170539738,0.9974205655215361,0.5238757376659481,1.1367169851949657,0.9700100673911012,1.1788918139639586,0.4487959882831771,0.5248725763360829,1.9863200279987652,1.1279569907698261,0.5992580779000165,0.4136098989689036,0.8611613807938663,0.6878254699450551,0.8521388437404358,1.1354999807955297,1.3099364379760177,0.5133285915950034,0.862292002331046,1.3819210806251867,0.717223690646926,0.5177566682238655,1.7437074623981734,0.8992121702419593,1.0922665871330306,0.9517029629223563,1.2163014166564559,1.4861869196053321,0.6336211620096606,0.3943188283257841,0.7488695634123448,0.9361158042582391,0.4529589988050114,1.1886997425228598,1.6261278999289148,0.44407336108672224,0.6699179427766764,0.6655079869415397,1.7768400873016161
arc_pair_269928,0.7494285845042976,0.5334228023903728,1.2324056061251425,0.4753093760746112,0.5544168256053097,0.9852666957443141,0.4413167822262374,0.4960326082114892,0.5743526569908661,1.0557384865666668,0.8058944603357969,0.8005904320772674,0.8661924145682817,0.7546013913685041,0.9251707953603833,0.5543428524298646,0.47653400854593775,1.4631116775636663,0.8371001498390331,1.144636127623491,0.7570710758824576,0.7487625615958562,1.3508928693439963,0.6649468601760109,0.6563910697695463,0.7535848158786483,0.5757775437719446,0.6587059966005057,0.8476446898325489,0.41923492924416084,0.4399218581845996,1.1681205753118726,0.8683340017825063,0.5053367017530161,0.6439687600300296,0.4754459578384286,0.5993830967244378,0.7653617224857414,0.4065399591797966,0.9660331712976524,0.5497054587689323,0.6177204239892989,0.6582271314687956,0.6511959970667982,0.5046802454015074,0.7146264755463358,0.7504091158932426,0.7424679760941499,0.769024342378316,0.6464312370261,0.5306640435638093,0.40960430773042467,0.6058191769193765,0.554131220328768,0.738537870246166,0.6582970515306028,0.8211987319326124,0.8408308541734921,0.814197449227205,0.45119871130256145,0.6599290125024178,0.6700969482334879,0.5520890810424369,1.4190443015545247,0.5005968601688731,0.5555866152013426,0.5397374105064789,0.725497383291518,0.7653898134540776,1.1086033677773117,0.46852609281974544,0.6123755148527931,2.4908306701429073,0.7319211059995161,0.8962725080672701,0.4622100955516134,0.0,0.6401896004250351,0.6293095793561799,0.6695150992578816,0.6387879494015059,0.602848679855417,0.8979391508065622,0.8068486506018804,0.6710393930313977,0.9036403159821534,0.44772898556139085,0.4802961403096425,0.9200634915948729,0.3910675655564181,0.5565173480618822,1.60571506726237,0.5180974965291434,0.7837700244376022,0.7347756145081696,1.0849840137111275,0.693658314666571,1.2194651604096685,0.723619676239379,0.5622941427556716,0.7171243618499916,1.5337364349572407,0.5623319345169063,0.6515625004000152,0.6521658055629466,0.6948730012936666,0.8917685850268691,0.6735627179822479,0.7459468276350647,0.4953853009534124,0.7502308497923145,0.8404356198304423,0.6850662642598171,0.5396777304508391,0.5468949989735148,0.8445336631780497,0.6170891686431832,1.1105631431296423,0.845175454126929,1.0492148850378236,0.44284994818283296,0.6107897180477604,1.6770530326156634,0.8789086426462461,0.6699785297575629,0.5033872133243531,0.8329810502741487,0.5945413235107462,0.7976647199770971,0.894687589762963,1.0545570757959422,0.4631846799387348,0.7372220690356417,1.0731712499233326,0.6708425691087246,0.5237432183055374,1.4422361869083005,0.9493035610721512,1.017145056954804,0.8601328952641158,1.072543360901196,1.2264848707720644,0.7336962885490371,0.5451504064580381,0.6250983178363858,0.8434022467997508,0.5807094076735309,1.1301762381981721,1.4086493143235472,0.4272833902492078,0.6332110844822079,0.8815069173363994,1.5601093729672197
arc_pair_242245,0.6416592690056389,0.539219951661646,1.7086397552935453,0.5413738259061935,0.3442747810710922,1.0927383653855758,0.5563916074076128,0.4686842044783677,0.8534474906619619,1.4326060050076979,0.7522056649645257,0.7214759998812176,1.039258551089599,0.5823179369818829,0.7929220832263341,0.40956484089047684,0.4435900692238798,1.4069285453359563,1.2696767133288112,1.812870905509433,1.1222766239417765,0.7940020789306661,1.6214683637209493,0.40597812568569525,0.6169524986516266,1.1865708732307096,0.5854058437818019,0.5523967860805096,1.1694435830971217,0.4894989844226571,0.4215689805744116,0.8521072676689316,0.7025736243404752,0.31158151787044996,0.5738224731032462,0.459170533870099,0.6104693319230381,0.871362363386232,0.47423995272072217,0.8743736400792558,0.4591874170392196,0.6773614372286929,0.7213601130200673,0.7969316438183387,0.47835824574777747,0.8698187674315144,0.7514455974476109,0.394713853666923,1.1178511689348103,0.49705878936867676,0.6881900988064547,0.4871642950548792,0.5336438663521834,0.3798643039583968,0.6570778102872084,0.46359618750322346,0.7705945435933091,0.7973434098608689,0.9626414239593134,0.2739552012792116,0.9766269137539458,0.4629119820257433,0.4847184123747974,1.9595617639667289,0.6430698923245127,0.5580432752967601,0.4684289207034193,0.8157707919304279,1.0496827835549216,1.2985394300705193,0.45488581695962926,0.3483994711334637,3.0445376163085913,0.4693952762350473,1.1805949508413405,0.6210698513201343,0.6401896004250351,0.0,0.6954988071741799,0.46425904214503666,0.7091322684294012,0.5815319045962709,0.7402746971044474,0.7037861110015422,0.4730690115252584,1.2798829204500783,0.4217325995101997,0.7176417665015009,1.2902494963879103,0.5081768359613854,0.5390695733391859,1.7045920280273341,0.620188230151543,1.0447419672456357,0.6584796087740117,1.2818851056025329,0.9062269322589613,1.5141324214295317,0.872683505346596,0.6858021393266602,0.48737980955781257,2.1107268523985354,0.5954128804696301,0.8199328421594245,0.6622713481216352,0.5066469986066464,1.1618568873236288,0.644871624186147,0.8226526382436772,0.3964987337954605,0.5209796136654099,0.8599275869896291,0.7497895218599678,0.7681979086885995,0.4992201446612196,0.9332046547750826,0.6367788815285166,1.213898545769346,0.899343188293515,1.2729036538897092,0.35658403672833994,0.5465321977432172,2.146484331048989,1.291980659052933,0.4747534120314228,0.5240016981661761,1.0170477623108332,0.5880028990158859,0.9704680767112814,1.5178620683780988,1.4578788809444703,0.45013320790223277,0.804082227023063,1.3390081291279723,0.7612359949723433,0.5664579511286125,1.7590181753086114,0.8160452333884071,1.4029079554895132,1.1927478579741853,1.5301770571411153,1.6496256472263826,0.6899727028882452,0.4593935130806296,0.5984052005892394,1.1832464474249038,0.44645427320755887,1.0847653095794016,1.7965581377742321,0.5958035050702006,0.3573549145252247,0.6165850622210131,1.3890253490937112
arc_pair_384979,0.8479302202615127,0.6938173306275386,1.0821974718514336,0.5381357357407204,0.46782367595774127,1.0840006312462735,0.8955035945002926,0.5893462017145732,0.6799916671809689,0.879850081558141,0.7139514598292103,0.6509357823729844,0.6687285815449995,0.8375823790199821,0.869908780463461,0.7199433374960782,0.8216538117765806,1.1815468573395704,0.687176214949228,1.1289983990461405,0.7808370613538874,0.7611530664507976,0.9415332375883869,0.6736281952351106,0.739672640519504,0.7811941525610802,0.5311308528932661,0.6659925828678239,0.7257221794764246,0.6257356225351962,0.7618806264769935,0.8848102607227619,1.118777815858944,0.7150224454341398,0.49455367262435024,0.613026941300623,0.80808096853128,0.8424108498015186,0.5869237174333126,0.743302108609831,0.6347819511096395,0.41187852599741487,0.8474397360297776,0.9393521037310752,0.6021219954865563,0.6528282356291191,0.7880838436598918,0.7365944084827263,0.6283096670527655,0.7518088854453953,0.6651983875895533,0.505789040201654,0.7275243918957447,0.741969862926205,0.862933306983096,0.6971952203578724,0.8144491583632343,0.6959813510965805,0.5570351904620812,0.5887554619766279,0.4926760862441209,0.5460967048809495,0.5298325208092804,1.2386876777914317,0.420971304431301,0.859116732489015,0.7636749306068418,0.7094535721532451,0.5576375188649807,0.9709706160676583,0.5331221905657038,0.4704531128326266,2.1267986322895416,0.7718804354265761,0.8510216405640612,0.8350792293638473,0.6293095793561799,0.6954988071741799,0.0,0.799595943193756,0.6349015538721436,0.7311418011013784,0.8239979781508098,0.7238487917706372,0.7052883362853637,0.7765543265625425,0.7289318045071298,0.5534347623330977,0.71528991560821,0.5381196274930141,0.7628879236649593,1.1844743897173577,0.5995461394952918,1.0709883756685319,0.7869151096223693,0.7991157658598681,0.4195520486181652,0.9767079159495611,0.7375141563027605,0.49959309806005414,0.7282928569077772,1.1920835384760609,0.6812311042303731,0.728452848257019,0.7176894403776284,0.6851889546510217,0.9750054703339581,0.7366828382437034,0.6218225224352817,0.6457478955267056,0.8574219137468759,0.7311613380611979,0.6142441017602231,0.6732793009347977,0.3863357354491226,0.5470589312614315,0.6119068525722273,0.8035493100203384,0.907094292690134,0.9921495637213329,0.6114679000780019,1.0190540297691757,1.2515573886605966,1.1069964299749058,0.6835197756525262,0.7372109991158493,0.7388326801694529,0.8425589449446061,0.6596819767068097,1.1314281947802807,0.7302350491253926,0.5447545127570045,0.6767185423172566,0.8980039040707107,0.7842515481682848,0.4571220763054944,1.1747789065817016,0.7156499513052994,0.768074503502633,0.7532959527141052,0.9804480813543328,1.1240642315606775,0.7058840746915597,0.598481228371047,0.6296296032932811,0.8447605063889014,0.6811376024549393,0.940029357721369,0.993292638030815,0.5302449141224728,0.6850704510562067,0.8854487589756608,1.2271500473190926
arc_pair_51712,0.8613736337367852,0.5814659388075034,1.5973155859089987,0.6328139561532646,0.48129816283229515,1.2297071452563577,0.751182498869904,0.5459177232423404,0.8829822403858459,1.4311928860746295,0.9126419636386756,0.45914285973127283,1.0709108935269294,0.8184947869767635,0.564477928449213,0.49689293151394726,0.7564977572960074,1.0639346963922112,1.221331043251024,1.6319461206053991,0.9543414463638149,0.49646647297160623,1.4593931133098013,0.6091571876605729,0.7344262988389152,1.1850094303591698,0.8103987523380607,0.5885525165689487,0.9020637353753403,0.5479020365506964,0.6876859032267235,0.769028999220998,1.0116580192305618,0.5205130361829711,0.6612743908985756,0.5767354570515197,0.7701474991042279,0.821474850275109,0.6720410673320585,0.5963395116096686,0.6886761710759564,0.6405601106771053,0.7321475556997354,0.8430671722640015,0.5602257514689866,0.9573282569270651,0.8547823318889004,0.4887511335782365,0.9374061707837966,0.667803375642629,0.7404844654145317,0.5852788355733564,0.7173577282660702,0.5483745365034913,0.820299299759172,0.644761090104917,0.6692235958805056,0.8020509741887518,0.8377481009366283,0.5851708594555544,0.8873005953082173,0.5429402679275388,0.48496917605167467,1.7751980311384354,0.64252971992913,0.7232252448031926,0.6772038471405932,0.9722063711888538,0.9572933031861885,1.3199714436759191,0.6064785871806802,0.6043855994176581,2.816317116598143,0.7737120248459427,1.0282818287462379,0.6513570747251187,0.6695150992578816,0.46425904214503666,0.799595943193756,0.0,0.8531804010792432,0.807514902169834,0.5795005160273898,0.5459377260410939,0.6321415522159302,1.164157962156491,0.6826125172200823,0.7419073657933569,1.2687554002400128,0.5775683813263056,0.7770157097541268,1.173077439313575,0.7288146228710439,1.1195548072603196,0.7523843605450837,1.1159238709767683,0.858355668556335,1.3907333680272849,0.8213338558313622,0.6459511692441127,0.5532845798965222,1.8111122194712383,0.5567413406911859,0.7960483379319124,0.6948957621137917,0.7777209444983264,1.2478336978697198,0.5702145147896205,0.7834649289708556,0.5388088504420855,0.7432570094743691,0.8233709933423052,0.7047869478555009,0.6301477281318271,0.45006406178565067,0.9013564897596995,0.7390620448695427,1.2150996691654488,0.6973190175822442,0.7336107895668347,0.5727767520531061,0.8609444667097549,1.9103811852218993,1.3328583354293997,0.698534281358392,0.6083353018830977,0.9479021228276798,0.8359290298230736,1.035682906932251,1.4997568567360318,1.2145798188704802,0.6587651468558733,0.6939570116325882,1.2137355889492425,0.9755725780352843,0.5641188950166118,1.4844076126741395,0.6721294025639191,1.2123753034020273,1.1127692980624064,1.4791155406544374,1.6164485872820362,0.8599439419953201,0.4613496680091812,0.6720129675834154,0.9394319179544071,0.6846451992478246,0.7313987562390329,1.5710116940240026,0.7131964920765057,0.5218676504464315,0.6322103699226911,1.1018712053729387
arc_pair_595373,0.7819628515678374,0.6333327100750674,1.1056416941226699,0.567561334792209,0.563277624352694,0.8589381693911922,0.5980669789719225,0.5749365653422247,0.5331432672632811,1.0279622382464642,0.5866738601432899,1.080886601523093,0.6376186308542174,0.7251292993411058,0.8819435019914584,0.7943275005610528,0.569262703580337,1.2765457091472043,0.7607571707445682,1.1486113110670928,0.9788266237625247,0.9389767908896129,1.1159134749613004,0.7783173184186647,0.7194260835523982,0.7197382708809602,0.6362373568656918,0.6148692352527857,1.031730749236871,0.6265639660938807,0.7343642635134523,0.9996354454797998,0.9041093457147382,0.6127918776775881,0.6797945243526179,0.5417725797453115,0.6512720645098553,0.5182353851769892,0.6375939955490695,1.0132460997404786,0.6565608324070762,0.7925447486878392,0.6524656955257073,0.7007985018116599,0.6256212170406349,0.7498752920555898,0.716226036702426,0.8040793215271643,0.8473069334368615,0.6081082560672436,0.6096941978555324,0.3765633118635431,0.5490021770646543,0.6677645898965321,0.7875914031274998,0.6514137925328116,0.9352832040159568,0.6206724478592289,0.936653593944683,0.6215095186051112,0.8365416992106783,0.5626955795888126,0.628410679861485,1.4289487685231501,0.44878160664399025,0.6944607753556605,0.6269979980622801,0.7884077763271227,0.7176100073227261,1.0751140171983344,0.2872633849554366,0.6007045124382377,2.2767783388172598,0.6914233104597198,0.8413149889858795,0.7067461685105745,0.6387879494015059,0.7091322684294012,0.6349015538721436,0.8531804010792432,0.0,0.6722440445327037,0.7199607618291666,0.9880355287827779,0.685120741050778,0.8423270002912642,0.5852409122796117,0.5449889867896933,0.7595293943424726,0.526434054217538,0.6419078382440913,1.590039817402753,0.7296257934612993,0.9132430776332559,0.8123223555480126,1.0642846169578548,0.725464225349669,1.2123276380952408,0.7151923051447018,0.8020450991626049,0.5900207341744055,1.4220060755726438,0.6190615060364028,0.8149675723126939,0.7323356707192726,0.7967716031612242,0.9321967979451857,0.8280245969698692,0.6981818759863063,0.4305383311228843,0.5794707821445692,0.6794949891651884,0.7750147648557083,0.5335365677760957,0.6819848015442775,0.7953352548092556,0.6527995825557488,1.009665060352415,0.7833558565372319,1.1997878803260145,0.6994715749692082,0.7261634157025166,1.5257080021771792,0.8980244742252216,0.7629301939493398,0.6941459432862822,0.6248636058654604,0.8728271538083349,0.6855901366590151,1.0254252531839343,1.1339930713839346,0.5627911078677545,0.46556306207152554,0.9221490224870612,0.8278230348230525,0.6200040949059303,1.5197420478077353,0.9397571818587771,0.9085367195534813,0.6629964656534373,1.042869621117791,1.165163959781138,0.4079226652205874,0.5067474824933924,0.7425107192487064,0.8560317464140142,0.6489378083235233,1.0211436416715218,1.2738960888547932,0.6422763103140291,0.6089006016063068,0.966404655300076,1.4096638661632683
arc_pair_295568,0.4447613568652573,0.6395024205148894,1.6547703070105078,0.47482898282921443,0.547137557361766,0.9293569055078246,0.3403627419994991,0.3863353552304299,0.639594257034698,1.2281120050725198,0.6619378744808904,1.0558762150885446,0.8558023783618738,0.5287941945882775,1.1044672016156518,0.5823275092957332,0.458419204350237,1.6294279517352956,1.2785668498416924,1.6260959893328042,1.059472194066295,0.9500784630890733,1.398229340118609,0.5003687472685208,0.6875158423358962,1.2237533925720188,0.6169965816051509,0.6879486511270934,1.164554342236455,0.6032822026463944,0.516096809564961,1.3544758870335427,0.6119666500263181,0.4150838973522127,0.5160322219313951,0.6906831610575501,0.5572186754951158,1.0290660969291685,0.5045896007617354,1.088802023076663,0.6403146525157614,0.7318797796642609,0.8614653269615681,0.7075649122275405,0.4174494763302491,0.7374866780838414,1.16571006313992,0.7870806114453508,1.0266407215311677,0.4758306428817489,0.5015310630709858,0.3764629122395054,0.4391721963344099,0.4501877585943606,0.6691216118225431,0.38261961120257826,0.9284929476261703,0.799169778261407,0.9282014770702729,0.34549131320751114,0.9554862598401332,0.5004395446841317,0.4407441747579559,1.7297300167417993,0.634243003753667,0.5541694924514503,0.4257728358089521,0.7233622385446907,0.9318986320873235,1.159995391050721,0.3991011822981518,0.332414960617542,2.8195110873168248,0.44508722823261815,1.1550300924951522,0.49354184093304293,0.602848679855417,0.5815319045962709,0.7311418011013784,0.807514902169834,0.6722440445327037,0.0,1.0441711645238232,1.0945608726198186,0.5430651931822892,1.235079460890527,0.4060180562487756,0.5356154679639473,1.375593420601253,0.3625486586533283,0.43365411088874845,1.9844616155037875,0.44601464694497867,0.8764910751752705,0.6465992175930054,1.3439611650607715,0.8749647329236492,1.362626941917604,0.8265384523342774,0.8691620323107502,0.696742137231939,2.0430984397377507,0.6340807682022525,0.5668540850500143,0.5506195169595263,0.5756450829983092,0.8343735775496768,0.6585886725120641,1.0197390524304097,0.38993471430507226,0.42895647182266095,0.7171411901114172,0.6114875954133021,0.6497965934717408,0.6545831447855568,0.9063842389454204,0.44150954041881474,0.8282076330026509,1.148488982205008,1.434294034661903,0.49338111723921974,0.54676827214631,2.047935125580725,1.2463679863964026,0.6839948171490774,0.6104247819061696,0.9711038299303031,0.6803903991862352,0.8236029333465642,1.337278939745889,1.464221712636133,0.5075304738682307,0.8630150666150487,1.573622418530527,0.8201982660097579,0.5333069229371126,1.832785086782251,1.0036098338353074,1.2920126815375261,0.8549754362726973,1.3775398917785835,1.6322240518307467,0.4923686364323656,0.4247400683171817,0.9412076268065659,0.9966229643762069,0.39155121265838766,1.3282374687968899,1.6006193395317743,0.5378531033939024,0.7081782765410456,0.8070281527993006,1.9028193805210714
arc_pair_142660,1.148323375621687,0.9653829718624027,1.6071423427421343,0.8515239414321202,0.651483107408109,1.2793496267549431,1.0353029750190366,0.7951586702059543,0.9199103132253503,1.398881914878018,0.852683764145464,0.6794341454214361,1.1124384866042287,1.1290498188418145,0.34364079565955724,0.8112312810453581,1.0047750766070844,0.8579428119498487,1.1556275649492938,1.5519319370262608,1.117471638070417,0.3614770321452905,1.3859688888734747,1.020560225221545,0.8542037371644824,0.9456114386869381,0.9146383549446653,0.7764406048873157,0.865994923366262,0.712368950297576,0.9842302377172825,0.6118939532088841,1.2635981394221196,0.8111060954091225,0.8119172897753093,0.6908127870936717,1.0082191076892224,0.7462861341462524,0.9317869592443708,0.5944595482679111,1.1303603199305092,0.6846013352407199,0.9077161312070361,1.1619328478440973,0.7539551858343034,1.066400536954851,0.8861891114905952,0.5267741778119898,1.0892538195022894,0.9325004665718652,0.885415949452653,0.5474967249531577,0.9995772464998689,0.8130925931463753,0.9596796736793055,1.0865954556313386,0.5513848360846574,1.036766121788396,1.020232546176127,0.9281583493743966,1.0405220524119168,0.6718067008428223,0.5327135978686601,1.770536515319347,0.6676651375889144,1.2084111620872502,0.9671535679613068,1.1117683293725928,0.8709510101568653,1.2952605493832863,0.5856302069655926,0.8961885618843687,2.6549685027953824,1.0097922635275212,1.1894277526866635,1.0293576876727397,0.8979391508065622,0.7402746971044474,0.8239979781508098,0.5795005160273898,0.7199607618291666,1.0441711645238232,0.0,0.6300175738539917,0.9160450632420019,1.0468672199094813,0.9856230104426773,1.0030468872975562,1.0979514734425915,0.948546671314336,0.9584763124875387,0.9911358794654466,0.8911029837082387,1.253614539441342,1.1572991784258209,1.1011744644064243,0.8568774241265769,1.2996320573514966,0.852511947970499,0.7401010970018318,0.8587711554809208,1.4440305217330272,0.7375373690287095,1.152504244790579,0.8222340185906167,0.9370014607555135,1.3052130845844276,0.8188678415666854,0.6043429708716437,0.7444249748777891,0.844968070226737,1.0526390696305015,0.9816837368014153,0.5773938391162482,0.6750341314517552,0.9128013368196459,0.8616368891402244,1.202063179092027,0.5799961935316952,0.5936742336132306,0.8974200331358376,1.225842139001172,1.7532680846166813,1.3018164860627432,1.0192535411099417,0.8845753348478089,0.9773832719210352,0.9327276443339403,1.0540657885823057,1.372381559374921,1.2368525660182117,1.017332042353502,0.6722283409759955,0.848292287061321,1.0392726859279644,0.6610500009886968,1.4361318689167888,0.5620745592804592,1.3388713419279963,1.0953012204782646,1.4576667174511582,1.5526101663504446,0.9586642967689685,0.688379671879098,0.9183073589858952,1.1104739316233871,0.9699111591892322,0.415970619696829,1.4952481509761375,1.0002851422023626,0.8692840757043858,0.7448089870492459,1.074926119336061
arc_pair_495861,1.2917126198495748,0.8495381884435573,1.4589842075403325,0.8283292428621516,0.587307419850225,1.5106274566750395,1.1821580178758528,0.6781579112457912,1.0083608955116485,1.30643649641027,1.0340968718386931,0.48297798255782487,1.0149289189180362,1.2530765699517388,0.5514625015702608,0.6685723557889489,1.06340928024435,0.9096912555106667,1.0202412727974774,1.3402353167930703,0.9085226966503661,0.5185309432298166,1.195690356073831,0.8475159306855216,0.8008348393829161,0.9315107366645464,0.7074701229143585,0.8871474004529905,0.8085538682508726,0.6036522002387319,0.963428540459919,0.7176152785485328,1.3376780110817656,0.746353053652097,0.7942244728552662,0.5648892165908982,0.9432796147968662,0.9552488412660439,0.7478474519163608,0.6334119251601775,0.8358024869757412,0.6835879985813165,0.9915535607260964,1.2190526578700949,0.7802407224464887,0.9739319224546444,0.8225497100018548,0.39767062220075555,0.7992704273262108,1.0623692524739743,0.9859975334781917,0.6785857557253128,1.0596012983581549,0.8311948069892099,1.067993006532193,1.0079041445046264,0.6267268834842952,0.9694103878977465,0.691468259239759,0.7760842601281088,0.775476389488835,0.6985552785309285,0.6756457276368064,1.6320389370750734,0.6597184042766172,1.0636361755586061,0.9680842917815574,1.0323685481217788,0.7967648483762475,1.4376386881899434,0.7149101258934352,0.8380836381673441,2.461557571572774,0.9948221573999838,1.2378996671392943,0.9106654773824967,0.8068486506018804,0.7037861110015422,0.7238487917706372,0.5459377260410939,0.9880355287827779,1.0945608726198186,0.6300175738539917,0.0,0.9464100363861445,0.9767468351920765,0.9472814335102147,0.8641949654386257,0.9857670742690043,0.8880591294919582,1.0829679327382373,0.8392281347610259,0.7590134363498613,1.4266080042390539,0.9670585906073512,1.02204570923654,0.6409346506189189,1.2852305204412353,1.0071777656867211,0.4470801164137097,0.8799468946434148,1.3588719894440129,0.5093373603605642,1.237018687499071,0.8539493464369203,0.7833674878652512,1.42360578478737,0.9475300986021854,0.5979789085936912,0.8799814557645607,1.151248392661255,1.0276240764336924,0.944858016668876,0.6541531428771827,0.5700224546230362,0.7226870149184115,0.9739031752123193,1.4219148519105864,0.5742516304972788,0.6608011125808972,0.6547145758985222,1.1730762790563811,1.4613896102398798,1.4756365691465763,0.7658375866508998,0.7582583820653432,0.8781917582826383,0.885556307243428,1.0774869381270562,1.3284900056317308,1.038760845804883,0.8371384050515256,0.8273134028558432,0.9943948020084301,1.0004374829242741,0.7317980190082193,1.3770888394092138,0.5896449475556154,1.1097618407087455,1.2831900513865544,1.349963979436247,1.4561640397690963,1.1909349679590846,0.7235771442792898,0.5943048044819262,1.1284159583168212,1.0342476666495564,0.6831854184380801,1.2167706504267786,0.7089146205862498,0.7938099226197757,0.6341376411941613,0.9960060588609325
arc_pair_167650,0.6238583033454597,0.554285129517651,1.5835486327488395,0.536429996420253,0.3489459588099624,1.1186974287100973,0.48031997905020263,0.4426042168140014,0.8133750401549982,1.292961576090574,0.6856878768511883,0.8614711153213002,0.963173572669909,0.5880607362911241,0.7284692084133212,0.4940599110927959,0.5558784980284609,1.5527833432878746,1.1160405265909763,1.6158828338500326,1.1251931377039261,0.8607570486709353,1.5096432200287742,0.40942033271728845,0.6382520617257705,1.057661148913244,0.6141575531674054,0.5414811995546571,1.1661657854819605,0.5391090557876138,0.631123408359189,1.062201028362787,0.8017576904838752,0.4418464588063947,0.5694346569112994,0.6376086819188436,0.5988474564098608,0.9153513597560363,0.521404957270121,0.9333946776609057,0.49198963255923295,0.5711133592724312,0.8215215371681619,0.7565727818516708,0.5651248017442589,0.8749078488268274,0.8423105058362774,0.6448836848986899,0.837716323234114,0.46444116502043714,0.5411949769683764,0.5123372700350316,0.6721509235756801,0.4554067397261732,0.7195518467507054,0.38077858083339133,0.8006316024758454,0.8730659988858904,0.8134200639293407,0.3792346682536091,1.0291079781173935,0.47199117600191026,0.48134509119890484,1.8185037496277099,0.7212969771706874,0.4842499690391446,0.589672237136604,0.8841176430992641,1.0323386365074345,1.0611694536685932,0.44870277683476734,0.4151199579672223,2.9970344822960175,0.6526679428364008,1.0334333171545316,0.5575364311682847,0.6710393930313977,0.4730690115252584,0.7052883362853637,0.6321415522159302,0.685120741050778,0.5430651931822892,0.9160450632420019,0.9464100363861445,0.0,1.2451903461843166,0.5770807666027672,0.7122969282936003,1.1969633626601932,0.43194451626348385,0.4845910237239073,1.6252237702742025,0.7139638467887591,0.926501123325636,0.8297808390285275,1.2535306748169286,0.9479453580036123,1.4725192499341,0.7015953223508007,0.8497697551259343,0.5074056983839301,1.985377728410585,0.6807330467240227,0.6809845516557543,0.5451223028260654,0.6694291384457198,1.0860029549795012,0.6979631531388928,0.8513774071974864,0.4345397059819479,0.5552995632142991,0.8449058604494322,0.5879084409492767,0.6785800332786147,0.6373159623188767,1.0133957784589627,0.507086401477495,1.1435299667939363,0.9734332807256945,1.3308027524482902,0.4256239234170882,0.6669819726598913,2.0010241807420712,1.1709448537889418,0.6742415672311792,0.4783619216334519,0.8852629581956174,0.9205891208818677,0.8792993251487129,1.4167494218357726,1.3164949174095044,0.44629731503539094,0.8620797597398173,1.476525043921818,0.8546032879898606,0.4688261063016853,1.8141066796045515,0.8251462711475086,1.2381273698252162,1.0772027128135002,1.483158149191753,1.6918107220479786,0.6913881651293673,0.39306860592250525,0.7893867695723704,1.0585472025894906,0.4755971468405821,0.956848656288182,1.6749932263239762,0.6554067362806875,0.45679719792872886,0.938155623825961,1.5485026801882658
arc_pair_82729,1.5300355674010795,0.9705845667831963,0.8497423091438081,1.0703314895212626,1.0797725968925933,1.4080037914609393,1.2829064452367562,0.8397265830495722,0.7090447681585894,0.8175495030598436,0.9933001889345603,1.2647069888338152,0.6752024676124719,1.51046047955689,1.0581325900339882,1.1546799334529476,1.3612426650223568,0.9962925228390478,0.5694985015742967,0.5268493915665567,0.736109437732448,0.959976185208521,0.7589934916315827,1.2907954504020795,0.8920053976658683,0.6308869158068174,1.065950760827095,1.250121357723073,0.6783594599880014,0.8648922909157761,1.3473201691492391,1.0681598337081688,1.658308025345813,1.1920422775367143,1.1078624315858328,0.8868649053324631,1.0590516800480159,0.8247822330454888,0.8712525831773967,1.2043689288556965,1.0765669082002758,1.1164464860515206,0.948486146582026,1.121844938180602,1.1715555306994572,0.7687099980419767,0.8476077027088431,1.2074837199700976,0.5437992980101481,1.3037932928357001,1.1950257103806834,0.7375090300792351,1.1726963078079513,1.3059373540408243,1.2668622347735434,1.3935034085340858,1.2491900479922569,0.9269056287014632,0.689528481105813,1.1769572656715133,0.4804033822174453,1.1704557593894775,1.0863977305865808,0.9248591601802929,0.6691107729315461,1.2335891222227708,1.3317730896131021,0.9163952194676936,0.46610572181577226,0.9880310312549072,0.727238422464412,1.2868356318923289,1.35690400495415,1.4732045042300816,0.8001437998051965,1.1821826812469793,0.9036403159821534,1.2798829204500783,0.7765543265625425,1.164157962156491,0.8423270002912642,1.235079460890527,1.0468672199094813,0.9767468351920765,1.2451903461843166,0.0,1.2913919653745005,0.6821927807686325,0.6897416863502935,1.0482203488939346,1.2890354217043567,1.0992023124957178,1.147773707948396,1.2393445065510171,1.3540306753859295,0.7342301596215604,0.460630451005442,0.8666236329518849,0.8826675653666329,0.7943902538183585,1.071361969481535,0.7949171139117792,0.7932347346743532,1.191783629963008,1.2501062220798511,1.1804991992242169,1.236565902068004,1.2799764484704579,0.7305870937415178,1.0732327228207608,1.4267473870526985,1.225238419269973,1.126008318872629,0.5945200761060482,0.9482386873593276,0.5946118846182178,1.1770298377614061,1.2672760472824605,0.8405392322257008,0.9151595053079056,1.150037342549796,1.3668509709934056,0.73414767103996,1.1125059837352025,1.2226662016675849,1.0008243623542068,0.4314773454990751,1.4127210403624881,0.8595948425278549,0.8276138460821645,0.6484285197901978,1.0424398577288447,0.604551352358841,0.5564503546680933,1.3093883208984731,1.0373662237734254,0.8082961828630929,1.0450774003828145,0.5611185395626944,0.9349220880468508,0.7224216915656859,0.7121832305576041,1.1123252836568058,0.9567219852338519,0.7970382458121963,0.7432327042430109,1.3031323931874503,1.1476031045075588,0.8816791642083384,1.037997555006285,1.1253995580037954,1.4663945884403111,1.4441448705305753
arc_pair_169398,0.33258757605027706,0.524699287631842,1.7845049599178449,0.32724687503103034,0.33270661867085993,0.7633367429877624,0.2812048693958847,0.42822203935745085,0.6285516336927421,1.3560868061653069,0.5975914113993861,0.928350966905503,0.8814333514921789,0.3337192573176482,1.038264484545554,0.34113056896146776,0.1395558459106233,1.7905679296799761,1.2936026429037852,1.6709679049430215,1.0170485720022144,0.9120163179662918,1.6462958807228076,0.30270844741132646,0.6038468629795384,1.2035636218143542,0.4188455175113476,0.4412954266253292,1.1553471565849447,0.44102101162503016,0.26025122990444255,1.1990019755409986,0.4747450650871179,0.22335412599672785,0.34605489098810116,0.4495255269524862,0.5309175224285481,0.9143119312623391,0.48185934852928214,0.9979462506119284,0.4341268636684863,0.6307189887139251,0.717167121063459,0.5355727948096768,0.262441940426824,0.8308655636102408,0.9938167608325119,0.6411565817524723,1.1874975947663848,0.3001581257910376,0.3264604624340659,0.41178104875168303,0.5143581331248581,0.3256224357997103,0.4502563182461086,0.251703353214731,0.8142164551666738,0.8296892062931549,0.8805370532137923,0.2540660553432303,0.9570175174695049,0.37225324332813636,0.4922222221517468,1.8282038274671222,0.5408305759921286,0.48447502122181674,0.13791165794438676,0.651694934521913,0.9656339990569593,1.235354633675515,0.4563357280712892,0.3651044353684757,3.0940567434551416,0.34497014278149857,1.1039640572729335,0.4350019702994468,0.44772898556139085,0.4217325995101997,0.7289318045071298,0.6826125172200823,0.5852409122796117,0.4060180562487756,0.9856230104426773,0.9472814335102147,0.5770807666027672,1.2913919653745005,0.0,0.5809482516600205,1.2695431093511158,0.3024992310556196,0.38345022409484875,2.0121910429636136,0.39604633526570554,0.8926724166026556,0.41507439110463584,1.3352355320941836,0.8987835050307282,1.4288240219114057,0.7678342211718417,0.726252445262161,0.5129965414759943,2.136850174562006,0.6232142306504171,0.6152051803029424,0.3663205821056428,0.43969609985308916,0.776089797063396,0.4646982661024902,0.8688725821844541,0.30992388046662656,0.37287655210542175,0.8022693041509006,0.4752002353007795,0.6556277945712367,0.487764963372015,0.8524253468474002,0.3800076488754549,0.9755546369058656,1.0738558674001182,1.3732615817955067,0.21274010563420265,0.3573662956082917,2.2326926503742976,1.1306188217777724,0.39041726654304765,0.4387047472959227,1.0166910186920033,0.4670447355373347,0.7399747841035973,1.3667680591841187,1.4895032279398441,0.34400214023843884,0.945194034458701,1.559835396361509,0.5695815500081194,0.3357421563830595,1.7269189306384,1.0307967969187233,1.3261072295172667,0.9214597327306316,1.3992649342852936,1.5970277548889822,0.47735020544737083,0.3332865424029535,0.7690993811753327,0.9673761890650558,0.27085726818088474,1.3994939815033207,1.7295677871074113,0.29850295215139644,0.444800202019945,0.6660895884190883,1.8339417375656568
arc_pair_435729,0.7543945586784203,0.48545762229376815,0.9776514695299477,0.5933225058401089,0.633174864539733,1.00212622667912,0.5813982646749006,0.40949952760872343,0.48049933627613023,0.9192155865636931,0.795494755128408,1.006759082062972,0.6652951689202715,0.7713499040451379,1.0186908269880959,0.6784940982585821,0.6678248696890704,1.1790640209779073,0.7430203061495111,1.023498875280429,0.6409810834556783,0.8824415019854497,1.0402067400416697,0.6785050469812215,0.699058941806838,0.8195020110490675,0.7143695745365218,0.8646719496122465,0.8351790372588328,0.458332806390596,0.7322929194726553,1.1355269392472946,0.9731927153167987,0.5232348450285826,0.624427089549246,0.503088852039574,0.6102777222531459,0.6826600774171008,0.4652301467660408,1.0447373094769223,0.4730341058278067,0.7784856058431227,0.5810305839507427,0.6998263007372107,0.5434889028334292,0.5829279801845884,0.6949499294695299,0.8674457608908728,0.6264553998500211,0.6851855029334761,0.6888260786589613,0.3617118602747137,0.3888639669498066,0.6903481781536669,0.8223649525184498,0.6303168285639494,0.9971626184458463,0.5583658326656995,0.6251309613093861,0.49540572716682313,0.5051452195123215,0.6708834115390638,0.659640513173868,1.2955396769784104,0.4104526339978469,0.5610519366486917,0.6951094733067176,0.6721301166601131,0.6068477507731133,1.092118026851176,0.3577883479328587,0.5656143558090104,2.1133797604205404,0.7601981408075009,0.7003523603881396,0.5711347757075507,0.4802961403096425,0.7176417665015009,0.5534347623330977,0.7419073657933569,0.5449889867896933,0.5356154679639473,1.0030468872975562,0.8641949654386257,0.7122969282936003,0.6821927807686325,0.5809482516600205,0.0,0.871764825328496,0.43887389298736756,0.6719886136267217,1.4380483185308384,0.7628149762539091,0.8120554314119925,0.7301965999420567,0.8906779452260773,0.5386721767746897,1.0882965849427697,0.6456860173814867,0.5794407967751718,0.6239558675636241,1.4619305500601778,0.4049673020903972,0.6092506009662295,0.6846894806924475,0.7909366472879336,0.8953128182865935,0.7568441537295199,0.7295844002131603,0.4482026621067297,0.7537605430723044,0.7892323659038647,0.6856543035230318,0.5147045900735966,0.5946056703406037,0.6674074868429694,0.646894641500815,1.0739704774709375,0.8051905471123534,1.1059672189727803,0.5718443049542816,0.6331665899713951,1.3209354356433445,0.9346912151418378,0.7444433170327065,0.6235665193645883,0.5478751859785553,0.8437000002447177,0.6535973847183898,0.8056580707902219,0.8762995669550631,0.4072643972927481,0.5547060266623245,0.9831962827730417,0.8523613872287277,0.6568647570875157,1.3612137375582967,0.933632592367142,0.7243956075388043,0.6982313078216755,0.8601921330289819,1.0271540332698965,0.5806300430216813,0.4651966554570449,0.6615633418141268,0.6849338332852828,0.6154345090423033,1.1664630524834736,1.1799521393240813,0.4980853244819598,0.6611271426606751,1.034386886322972,1.46921623735509
arc_pair_653762,1.4574326696835755,1.101738549873661,0.8568756689375157,0.9848202522313443,0.9299034295203126,1.5078353128577686,1.329897344758474,0.9735469226827358,0.8165872928351192,1.1106116376161286,0.9305967236914007,1.244358596232611,0.9290766231393692,1.4225324972738034,1.03039621219602,1.1417895443125652,1.2923132549173095,1.2390978222599354,0.5973565845817864,0.8282925256669501,1.0786046611927467,1.0492343135275042,0.9629442155534906,1.2489596092419948,1.1965944911278799,0.6575995171175676,1.0189846261555873,1.0660258391625688,0.8683909006808382,1.0000952580078772,1.3150475034656621,1.1683523422499524,1.756970032953593,1.2159412846019773,1.1007772347523694,0.8851080967550718,1.171984825110179,0.8683174806759079,1.0194897738873872,1.1852649814080636,1.0989831791059579,0.946799671560254,1.1576572541151435,1.284470252978093,1.1781383790983013,1.0304561341385168,0.807980659353486,1.1137304499212448,0.8132920844084959,1.2693012734197318,1.1219095162108403,0.8668758895911894,1.2483871235019441,1.2800196814838607,1.287195094408804,1.312257610974815,1.23031072179048,1.042405077447496,0.9136112844444277,1.2010447429543127,0.7384633927985004,1.0909176240002703,1.0752779191823634,1.3141886285944744,0.767427156604013,1.1914993061852868,1.2978133798414555,1.239673856816025,0.7369453613387824,1.1449269574813337,0.8442279202042333,1.1688303433565983,1.9885952790276893,1.3683236483102608,1.1282108433278784,1.225350997213932,0.9200634915948729,1.2902494963879103,0.71528991560821,1.2687554002400128,0.7595293943424726,1.375593420601253,1.0979514734425915,0.9857670742690043,1.1969633626601932,0.6897416863502935,1.2695431093511158,0.871764825328496,0.0,1.1053831684560682,1.2685485935343757,1.3280905698381305,1.0665611203137209,1.177529704178359,1.3912767599456854,0.9022258423280078,0.621182810276002,1.1949612212911682,1.0108894080798376,0.8767236898590489,1.0580058815253284,0.7831244352824477,0.9435970429823923,1.251095686654704,1.1884711790069002,1.2533812193992164,1.244646713095925,1.247914691531488,0.7554494416038443,1.1241789048448148,1.3676180921686738,1.1790133361220678,1.1020042931720768,0.811013988126289,0.9192679475348873,0.7964982864485324,1.0919340479860324,1.4037060899726863,1.016762654114686,1.1883577161928183,1.0918425393673794,1.4015464287297061,0.8939199595205833,1.0447227394566014,1.0979172067806189,1.0951042912803355,0.7079701447197808,1.3404895784953086,0.9283590263985304,0.9829430187350117,0.8654566332244409,1.0138845097616542,0.6354675020905971,0.7299829052485822,1.1736365918594318,0.9439511582758837,1.4016632945447758,1.0566565987196408,0.9217584138540038,1.0657478094216828,0.9504562376441752,1.1366952692981152,1.1015830235355377,1.021313367554563,0.8415031162150225,1.0113231508543978,1.3202248740261049,1.1783403037778553,0.9940564908755767,1.0691147193701447,1.0852522423255608,1.3728896396563535,1.3724033903105806
arc_pair_644674,0.42733530767537364,0.4023731485797616,1.446277655976213,0.31474665256926,0.3855426270529442,0.7621988790420768,0.3275263893949711,0.3452672548492499,0.5546283733983964,1.1038513097871534,0.6618992870781877,0.7872118760694155,0.8286995414333541,0.4241571321921461,0.9103228330709592,0.3946184600620126,0.35214442788806555,1.4663626025339653,1.033169125879,1.4627558000884773,0.8160839687183208,0.7519541293983838,1.4051899617921844,0.32988962077795647,0.49667324339449154,1.0546680443727026,0.5504125616810525,0.5330973639716208,0.9506541742075382,0.31634808918709834,0.32972171753062507,1.1802406651583914,0.584974010901006,0.294100384920834,0.3567234404938554,0.42870007325836423,0.4411323127815485,0.7140187221795943,0.34180584986207985,0.845500618475167,0.31541679054042204,0.5278642256914738,0.6073440243941083,0.502540277523623,0.25049665970189516,0.7329944458721229,0.8557414565249934,0.7007791428672102,0.7212953857695099,0.33260534210947174,0.4201709417542051,0.33989244837896315,0.33753077902889744,0.2675500622235583,0.5906942314724576,0.28437505027950294,0.8110403895951201,0.5886022567701092,0.683920128769584,0.30502458444790215,0.6836430021157135,0.35891033029346064,0.47073632918092545,1.5181833753111642,0.389669328740897,0.5570820943712547,0.35374953261357334,0.6080149472523344,0.7881612134176357,1.062445508624207,0.35814610810838854,0.31340174171056334,2.720669593286817,0.41643604221499214,0.856138263472987,0.3463680468076126,0.3910675655564181,0.5081768359613854,0.5381196274930141,0.5775683813263056,0.526434054217538,0.3625486586533283,0.948546671314336,0.8880591294919582,0.43194451626348385,1.0482203488939346,0.3024992310556196,0.43887389298736756,1.1053831684560682,0.0,0.3153161128021473,1.7528359544890593,0.3971914100039198,0.7995971475120256,0.4902366746692733,1.1120979492935048,0.707706647115796,1.2793825967070038,0.6551654424471027,0.5589717257907874,0.526622785732582,1.8481399698989878,0.516306671733664,0.46028538410468345,0.42233465249258206,0.5064859000721731,0.8572188745237064,0.505644611211425,0.8254774777635616,0.25425417836108805,0.5364753042151729,0.5624921436829239,0.395724047731112,0.6111556927818262,0.38658438664037764,0.8355806777899293,0.41936717405896906,0.7975143960108945,0.9114654435026829,1.10352550889845,0.294935765760178,0.541471031247223,1.8491511930745808,1.1220913909144126,0.42358500849858916,0.3621538663692825,0.7739335051386377,0.6320401367903645,0.647833904233586,1.1714387543368496,1.1701252446145818,0.33602183026980514,0.7403139572713917,1.3225545500803397,0.6759439786951318,0.32429730546669394,1.6414776200683434,0.8404523410324252,1.0072085885255304,0.817605710549363,1.1565518176351373,1.4288398963289282,0.49946608290581695,0.2790291770812221,0.5892354117414047,0.859045509176367,0.2932008974413735,1.143135406061695,1.3977310218364567,0.25101292587761026,0.5699635303419311,0.6821489437290995,1.5813461522648418
arc_pair_365022,0.3901327043466098,0.6045851570781806,1.7864855126875054,0.37822481659280394,0.42740326370499593,0.8591322792088215,0.3123890996883448,0.4863183491812585,0.6641837785777674,1.3037868841829687,0.7049806408377772,1.0385672094627556,0.8959958246917128,0.5438229932805654,1.0469848094339655,0.4303710684555569,0.27640172798471296,1.748982374269267,1.1818017317448035,1.6803565122675015,1.0323422687693808,0.892936380069533,1.6152478912556298,0.484791525598237,0.665793600782318,1.0889894810267677,0.5687433991343038,0.5321083707707264,0.9928493791234029,0.5097574909789757,0.37012101594617913,1.2214210308564555,0.7178621648800225,0.4088657574185355,0.4525287530856337,0.667011757806899,0.5536734468151825,0.9352972749100248,0.35662655243214314,1.087539288958405,0.5559126240911713,0.6871217578003824,0.9133688511135125,0.6002591120932573,0.3509932073543062,0.9983381904570274,1.125889006284704,0.795395896870259,1.0025238949864135,0.326586045775458,0.4619911814434184,0.471983984059248,0.6085084275835767,0.34616510364388975,0.4675840601977824,0.3958109552138471,0.9252989993473523,0.8818689348049695,0.8492887353139671,0.42036187263449143,1.0229350426486004,0.49596057577674396,0.5043487751805281,1.8376960549564374,0.5140312528831784,0.6051653097467039,0.35137288756744234,0.6342252868250743,0.9365879546021996,1.0920792697403092,0.5424869025791235,0.49315687513125944,3.059623464760749,0.539825781782082,1.2386028634595447,0.4931555146001757,0.5565173480618822,0.5390695733391859,0.7628879236649593,0.7770157097541268,0.6419078382440913,0.43365411088874845,0.9584763124875387,1.0829679327382373,0.4845910237239073,1.2890354217043567,0.38345022409484875,0.6719886136267217,1.2685485935343757,0.3153161128021473,0.0,1.9577770201080307,0.5906808781808845,0.8539173225206822,0.707404053332194,1.314309208952496,0.9479824735464639,1.291769304232969,0.7385654420331635,0.8205725996052341,0.5043282350901623,1.983635418079596,0.7527329411163459,0.7244294184521435,0.4672205567961958,0.5960665301523644,0.8007228754900535,0.5616426819682798,0.88254071498976,0.3625082902494592,0.5038470071820439,0.9199015219186837,0.4803562197871209,0.6442842619129612,0.6153704802615776,0.9223681741045633,0.4082025497061351,1.0248232189435886,1.115353788274507,1.4303374520728065,0.32061948893030157,0.5423798928095129,2.166976668011647,1.1487654027095477,0.5695307658804456,0.44423664885375047,0.9960891337498048,0.7303977034297191,0.7390814414224355,1.3479766339966857,1.4996087984367081,0.4091053456411628,0.983318737129178,1.45787399580502,0.6638961218320794,0.38857386174129005,1.63351590723734,1.0486818637319621,1.2995898403761705,0.8896638472838818,1.3915899588348128,1.6836754552855453,0.6553592978968588,0.44217615807990895,0.8908435988451426,1.0689634852934722,0.37527142936219604,1.3383071257794839,1.7229995166043568,0.5041086475738146,0.5452110431859205,0.8462629477207997,1.9539695592344324
arc_pair_716732,2.2127336701135643,1.4934895715731655,1.6341115047702934,1.6787364461986358,1.3500289176578597,2.345256277649871,2.164546427973178,1.4222266257649987,1.5436264104213884,1.573219197806248,1.5586261070919472,1.0652851560541663,1.4961966950439591,2.165734060388502,0.8819222964953211,1.6804909008180713,2.075669845400048,0.9816266828562653,1.299875657516237,1.4885278963478334,1.4031981307407335,0.8968510405184904,1.2990653067853755,1.8135958104288479,1.5845966923003354,1.263978693473521,1.5534736248962893,1.6343025955587827,1.052852229695874,1.4437795604752395,1.9970099281612952,0.6789165138075464,2.4165652359106375,1.7539300866033645,1.4834546729974762,1.3584339202347302,1.8959544231494534,1.5015967613850494,1.468906883653629,0.9638620551715333,1.6669166645840376,1.2837489734561052,1.6569276661845629,1.9966267667088893,1.7223439754081302,1.4777067847590906,1.2232427981242195,1.2041979255322186,1.2311393712850658,1.9251174841272052,1.735383074239886,1.4237355922607318,1.8669256403089634,1.8276043851854107,1.9977677210082725,1.886598073236767,1.0994100462931906,1.4355298134402799,1.1187269777304403,1.760910475938661,1.163718625241797,1.5080178919630916,1.422713214906473,1.7582839723102728,1.2843555502745738,1.8176842007284004,2.0183718865561575,1.8098950503901814,1.1260603768145403,1.6355244260192023,1.3815492576799027,1.7406089431125353,2.356538406274513,2.0638127734378773,1.5779219155144157,1.9771698821120813,1.60571506726237,1.7045920280273341,1.1844743897173577,1.173077439313575,1.590039817402753,1.9844616155037875,0.9911358794654466,0.8392281347610259,1.6252237702742025,1.0992023124957178,2.0121910429636136,1.4380483185308384,1.3280905698381305,1.7528359544890593,1.9577770201080307,0.0,1.7281693655503578,2.0114770336906354,1.9611720561461126,1.0919331854468497,1.0118487569153,1.5512598520546637,1.3927408156300303,1.1938622784708202,1.4974288231215467,1.1924087362633415,1.2104323059937452,1.9031776800072409,1.6598240163064466,1.8055036771070347,1.933792787405177,1.5796552453580248,1.0400363450721892,1.7121685907723219,2.0744133344305173,1.6455746432002252,1.5760049264814864,1.121994145970677,1.1699331859742548,1.0993580842702322,1.7669613683047087,1.8383724290241663,0.7615784412068112,0.6780958632804107,1.6788283033580735,2.1255071677150914,1.4590100074669201,1.9762852768674048,1.77062458768974,1.5596752206129514,1.3240904565229856,1.9149580546571088,1.6747400305484028,1.7520348144328706,1.1819792720599578,1.6567296370659226,1.0985216250150909,1.1457345336730667,1.8717658718261005,1.3905394846242294,1.4164513035188824,0.8763724952191025,1.3370187884051317,1.6927877408864012,1.6882738417779384,1.7376983919362208,1.87298181435394,1.526668908155902,1.2725343728042562,1.5265409654934579,1.9590689084047583,0.7273187212473402,1.3897481711693391,1.7383336412332546,1.499360425165184,1.5372933284546724,1.1706411209041545
arc_pair_692544,0.6533123162814249,0.734136570759766,1.6188874042080061,0.32099456961557893,0.4412792479771024,0.9240622135449038,0.5950162059516161,0.4793864750038884,0.6866258801121785,1.256772340217576,0.6842749667393779,0.7539919001820612,0.947298020648351,0.6675457554980817,0.9619138174327302,0.4509428936186096,0.47151154379940213,1.659469134709151,1.182010328141665,1.5399138690147998,0.9449271796848506,0.7348403145614145,1.510405241428766,0.4747832184864734,0.6798471762037033,1.0833261657418225,0.5589880898233257,0.5562863730648385,1.017598798038064,0.46822533875623135,0.44551712909720487,1.1410452861486549,0.6785453285925918,0.5263699457945478,0.4283093937960323,0.4737078219642853,0.6899343859373012,1.0237211723156818,0.5590728328381012,0.8439811348909017,0.6997320567462091,0.45581517695260454,0.8373388272585414,0.8410923967074359,0.3732577315628771,0.8490568452725392,0.9760334381683569,0.6248145312567532,0.9528630820974039,0.5916194697930319,0.4327234145577634,0.499292416129291,0.7491053739430534,0.44050901950306853,0.666258009977143,0.519522995592551,0.6891120988212569,0.8874583358732253,0.7720028453818544,0.489240293385221,0.7687521522718954,0.3435008145292251,0.46078866380374983,1.656935144029902,0.5988176116853479,0.7586953981865385,0.36968041662078027,0.7715595783175218,0.8114317062026961,1.1871596069813704,0.5234702140649272,0.42420915059989717,2.8583762713961827,0.4428676593715487,1.255075746670117,0.5508743114851534,0.5180974965291434,0.620188230151543,0.5995461394952918,0.7288146228710439,0.7296257934612993,0.44601464694497867,0.8911029837082387,0.7590134363498613,0.7139638467887591,1.147773707948396,0.39604633526570554,0.7628149762539091,1.0665611203137209,0.3971914100039198,0.5906808781808845,1.7281693655503578,0.0,1.0153658820179559,0.650977658460828,1.201415878605648,0.7543143997156927,1.3379081251041827,0.9541699567265265,0.579219680476928,0.7744614411245125,1.7700322787581662,0.6034239832948328,0.7066081444605934,0.5032056024515323,0.5066896186237804,0.8522505200063943,0.6274256740647666,0.7825941810598739,0.6251638487495221,0.6280235710241742,0.8264031460102763,0.5490080845477181,0.6472863971651432,0.42873330118328,0.8697539067578597,0.526410170499518,0.8617523796409954,1.0650737801412427,1.0711124949097708,0.3984052138212514,0.8204377142010488,1.8852666969985137,1.1759260354798617,0.5348588012425817,0.5504017225977331,0.99727174085119,0.6288413078764029,0.8272468807848035,1.2919880579252812,1.2916058575774803,0.6240857255914769,0.8819079768607212,1.3266909451706337,0.731261222091373,0.33312334664279014,1.6378211746066142,0.8355346026204513,1.2422061335567633,0.9228256417996904,1.3923978942400597,1.52068126625185,0.675446883377006,0.49089259106871574,0.7033942773629538,0.9450083418538975,0.46299910762836927,1.183619042998912,1.2736059011937328,0.34531530504721275,0.7436703451129361,0.637349528759894,1.7144365040720533
arc_pair_134659,0.988865438809174,0.988809326480732,1.3656989576234138,0.9013571886300953,0.9204304070306686,1.2676027626114152,0.7491836761100796,0.8429459537730525,0.8652759252045579,1.4013900645098407,1.002613019069872,1.2764125237416541,1.1770149652579371,1.0370446865903225,1.2617397608598528,0.9891941855126375,0.9086206940063841,1.766853110860132,1.1710235003242782,1.529301534640605,1.2866747058493164,1.1993436950584107,1.5342130489060763,1.0089372335313993,0.9116747878282869,1.2096713498979041,1.1026997509028664,0.9934510599705478,1.2749616013160812,0.8607781215473286,0.9641288612821175,1.5173851001073948,1.2730737554486393,0.8865392013034705,0.9608058351001103,0.9244685473936256,0.9244619492130696,1.0198665080961176,0.9050922182135273,1.2643010706940065,1.0182804990126917,1.1123924349526289,1.1450391336917178,1.043346102280153,0.9082033684036825,1.1088582350776839,1.2545720047609747,1.1436675691468343,1.1555361653418275,0.9391248689018945,0.8604241323626043,0.7881538262421387,0.9185013819038707,0.9031852347611049,1.0986597982564752,0.9431386110223301,1.171529328147861,1.1148729174668044,1.2698000282893798,0.8774530979971558,1.13048490821983,0.9127873384780032,0.8696849633499376,1.836806266701486,0.953059410909941,0.8649094065866001,0.9380850181900671,1.1493757604765933,1.1100490513126406,1.3424276526949512,0.7964524161769343,0.9128562541552288,2.6081426558726677,1.0706627601000622,1.2299564065127746,0.8480134010820168,0.7837700244376022,1.0447419672456357,1.0709883756685319,1.1195548072603196,0.9132430776332559,0.8764910751752705,1.253614539441342,1.4266080042390539,0.926501123325636,1.2393445065510171,0.8926724166026556,0.8120554314119925,1.177529704178359,0.7995971475120256,0.8539173225206822,2.0114770336906354,1.0153658820179559,0.0,1.2068832978900068,1.473230866948084,1.0880628672070602,1.5374617767369432,1.0548845267423386,1.151419566560817,1.0591943640085293,1.5965754051678738,0.9453717372017225,0.8565262069018649,0.900923707142413,1.0882850951265588,1.1622368760263777,1.0296865729460543,1.284881770223357,0.8173311128484742,0.9213874830161161,1.2522403704947593,1.0177120722061777,0.9277776854208986,1.0553395001143653,1.1764338769573182,0.8493216140286082,1.263487751285834,1.262624085271264,1.5390531389423807,0.9130101924319669,0.9294287988944343,1.8636245664943898,1.1593220435453295,1.1295596909682732,0.94787991822332,1.0726211777538512,1.1507433143247345,1.0813242379640933,1.3396649392979392,1.5600144994955256,0.9081848435855213,0.9269013853458508,1.444206864781253,1.1518998849369864,0.8546440541672612,1.821905316314255,1.2069532978684885,1.406313665437887,1.0363455565301496,1.2707746947968863,1.758460995535228,0.9189438443643705,0.8382487243198011,1.2371139951187233,1.1036909459841586,0.9478538048013407,1.4348892300556266,1.7385679295554426,0.9927419005612159,1.0078725814379077,1.2520070878642153,1.9857410056664357
arc_pair_639703,0.6405091382303499,0.5880482697162543,1.692769291968967,0.5475342920945514,0.5269109143415645,1.084537071691472,0.6994506519328112,0.6023096154291278,0.8326222492573265,1.5043471896308858,0.8156163052070223,0.9768181881048451,1.0082233347099985,0.6185196144115245,1.2072373101292881,0.5756704180419615,0.5658169339060666,1.6940055257088744,1.3240563583019445,1.7969788762180823,1.1279508060922534,1.0372472527064676,1.6457510938665736,0.543802691354204,0.7829795059554528,1.2602307144406735,0.6868742444015403,0.7004170928002678,1.1833560425831222,0.6909064545517436,0.6155715222199516,1.2958479217118932,0.8247124404543051,0.48662841839162607,0.5926476957908189,0.6829183675072203,0.6916104526227885,1.1879934531369178,0.6979431904594129,1.057575331789295,0.6298419698272719,0.7518740513948601,0.9757095105554623,0.7894827299706068,0.48577725844324515,0.8104793145281626,1.2060393964025653,0.8924548433821824,1.061625217060318,0.5721803602174533,0.632776339841093,0.6310829049466087,0.6595447962121899,0.5860837940624917,0.7663629259537172,0.5021117524671393,1.0805464529643465,0.947095688677615,0.9752691411099013,0.5326471198932679,0.9485753275681027,0.5631598768449062,0.6713439855664171,1.8383895226281237,0.6415910731199046,0.762674885839522,0.5046548932429864,0.8562924684584532,1.0311208153874685,1.4042378635342962,0.6648739808944626,0.5806174096647341,3.036370720382256,0.6408788630807285,1.1137774404441287,0.748441162734006,0.7347756145081696,0.6584796087740117,0.7869151096223693,0.7523843605450837,0.8123223555480126,0.6465992175930054,1.1572991784258209,0.9670585906073512,0.8297808390285275,1.3540306753859295,0.41507439110463584,0.7301965999420567,1.3912767599456854,0.4902366746692733,0.707404053332194,1.9611720561461126,0.650977658460828,1.2068832978900068,0.0,1.4055225703816125,0.8710965914478226,1.5289394359637876,0.9972635708010248,0.7669094813792865,0.748896050399574,2.0461001173523847,0.7726755887198704,0.8651199369254288,0.7041854907254386,0.6328976630510122,1.0750588035496487,0.685438311208846,0.9663362622504971,0.529309663273305,0.6657270344664824,0.8724248237438869,0.6531988300852261,0.9017781193318242,0.5654145455010333,0.8169717639076834,0.6532839007485121,1.189780839610118,1.235177845717883,1.305424866633955,0.47101752788335005,0.6385414937891457,2.112519317267374,1.4077690855467964,0.5820885451188392,0.7858274551696107,1.0410556292843443,0.7010813362157207,0.9195797730265769,1.5338680036739682,1.3921548267949404,0.6251029483637693,1.0159273873458299,1.6604069790808802,0.8231731820258981,0.6195959029479231,1.803302629177293,1.1453500878003624,1.3572324502326538,1.111953662035143,1.4605869589977316,1.7372083411596824,0.7271605848977777,0.46709473695473075,0.8453324976897221,1.0615220512274688,0.5623286133376468,1.392478088883001,1.5934665709226028,0.45707323223110224,0.6935395858786026,0.9247105490101933,1.755289257635883
arc_pair_632661,1.3979414979809284,1.077634107417719,1.188102098008311,1.0682840903381705,1.0288796534233458,1.666910328689115,1.461298094256618,1.039939829934922,0.9146673278551664,1.043528374730254,1.1597612775085655,1.1292612621730662,0.9392886933642877,1.4075280217114157,1.0435230152990667,1.185741524703217,1.389897800833484,1.2145529583279937,0.8124673388330557,0.9581491554564756,0.9194105676794644,1.0235391047675408,1.069186834979285,1.3134188650113663,1.2048132457319811,0.8682053275348354,1.1299030696548757,1.1995628716082478,0.8336789335577132,1.0255226307769207,1.3695653546729707,1.1466866905653075,1.6861368654429518,1.2426837136582756,1.0976315886473418,0.9551510467890354,1.1842673871471274,1.0554080542414823,1.0025298531596687,1.1905816755945684,1.1639652806008165,1.005600614816565,0.9784553715888985,1.3076907387871388,1.1539926218596661,0.9349208019497111,0.9533446672795753,1.2642751793351614,0.8869409894228122,1.2490273811801182,1.2337857851102216,0.9380330868630917,1.2794419286569503,1.3313710440920161,1.3609655347496055,1.3962256713972814,1.2569352817153097,1.0867449977532733,0.7410531111163069,1.1870284175149208,0.7321255113849181,1.199907091122012,1.1290037758764047,1.2630371499407926,0.8380766735096256,1.3366333462510023,1.3674068588331882,1.2546827746147644,0.7112906588839836,1.2486670109444744,0.8981502376659537,1.2923293067500587,2.0135610553482746,1.5414435291580892,1.1695032115993245,1.2031952109087833,1.0849840137111275,1.2818851056025329,0.7991157658598681,1.1159238709767683,1.0642846169578548,1.3439611650607715,1.1011744644064243,1.02204570923654,1.2535306748169286,0.7342301596215604,1.3352355320941836,0.8906779452260773,0.9022258423280078,1.1120979492935048,1.314309208952496,1.0919331854468497,1.201415878605648,1.473230866948084,1.4055225703816125,0.0,0.6464138523874189,0.972962417929316,1.089895006923807,0.8488500861256381,1.0451453924270604,1.124803778907417,0.9355572956875386,1.2688576012286235,1.2404409222873114,1.3370759298818975,1.2496009243074762,1.2543422482274158,0.8529310864082271,1.1800203701945544,1.444232500752884,1.3247227696372503,1.1429887069681803,0.7891722277993706,0.8786572522208186,0.7744435276759942,1.1710710124434278,1.4508116296710392,1.0036450813504667,0.9280440218867787,1.178872454915207,1.506163119352669,1.15415559084672,1.4002508489825192,1.235392097415606,1.182709249625685,0.7791050512388498,1.3913444040990703,1.0997233397411585,1.1380068179165317,0.7553173785448155,1.0522198303774772,0.8418441575398261,0.7887597331879035,1.3237179708294693,0.9970775607976998,1.0304107422388056,1.05363083678543,1.0095629404632185,1.1652665474897659,1.1290180244279915,1.2207969926384328,1.2648539908376435,1.046241543253271,0.8845811906110954,0.9564549588750586,1.2984268481648882,1.223237657630953,1.1319341332536825,1.0961058613636618,1.087507563784909,1.4623345766574425,1.4141544520227027
arc_pair_566053,1.0375514065111155,0.7024959644301243,0.9019775026327712,0.6845015058667222,0.644616265533591,1.2231359354213351,0.9612945923182726,0.6089614521500557,0.5411224915332227,0.7463383695875224,0.7329623554042928,0.7774286402618669,0.5755938433287175,1.0466490087109572,0.8423980047333781,0.8815916522102238,0.9776554279627114,0.8460151313881121,0.5427450363342184,0.7113584258120196,0.5285705543237234,0.669988156754477,0.5738491745406199,0.8672247988530677,0.7834666171389388,0.5650118860206196,0.6702925970558382,0.844772035353966,0.5422067511039969,0.6893250451472025,0.92865193073434,0.9470418254742672,1.26492536311451,0.8074566679304427,0.6824053212359893,0.6918909695153795,0.7678363505292872,0.789240841135008,0.6244739700772508,0.8369366480500771,0.7653206608454912,0.680957650233897,0.839911688648936,1.001887702707567,0.6984617651590561,0.5295854378612584,0.7782900530447833,0.8094577693223666,0.44957298069851614,0.946149709348109,0.8466898253283255,0.48221023661416623,0.7961897856522522,0.8627334508479214,0.830362155200201,0.9301327957078571,0.9032357155520807,0.7180936189255978,0.5337473802196682,0.7383734686779572,0.27137676834575886,0.7989353919761605,0.6706649394526938,0.9193914604458637,0.38667049648494345,0.9559561359921833,0.9395836083826998,0.7171853208635,0.25469562722947997,0.898599184993994,0.5544211706521597,0.7821777270022535,1.5665943295561664,1.0292271908745931,0.7912928342620551,0.8624275455246482,0.693658314666571,0.9062269322589613,0.4195520486181652,0.858355668556335,0.725464225349669,0.8749647329236492,0.8568774241265769,0.6409346506189189,0.9479453580036123,0.460630451005442,0.8987835050307282,0.5386721767746897,0.621182810276002,0.707706647115796,0.9479824735464639,1.0118487569153,0.7543143997156927,1.0880628672070602,0.8710965914478226,0.6464138523874189,0.0,0.670412645243297,0.6856813114495225,0.5183098178186203,0.8891339567456321,0.8041013456855007,0.5820429466380364,0.8476265643534395,0.8100960134219702,0.8176275119804547,0.8834365498994744,0.9114681814832374,0.6002854602456904,0.7496269061495128,1.0067163849763547,0.8886821832148656,0.7417914829495964,0.5734750720586188,0.5745549378958485,0.29873787847597716,0.7385892221432409,0.9370781691224757,0.8418359690341624,0.7964563074222095,0.7616348851048302,1.027100985998952,0.7931264878308801,1.095586375687172,0.813142288601435,0.8132134830843594,0.43008449691342937,0.8851524623813726,0.6264646805688624,0.8278535778266087,0.46250565022175816,0.7268381643751218,0.5801998297826994,0.5786805645507305,0.8068920584066802,0.6759758967728334,0.8598616989282749,0.7284193826068042,0.5836406495488542,0.8734677541456262,0.5576980186982191,0.8527566144011436,0.8217013642905031,0.6368245040132868,0.5744746945942152,0.6566676591760217,0.8809645618642863,0.9798058734426089,0.7146494276296509,0.6052743438756465,0.7919804206327534,0.9099121005081234,1.154273335996647
arc_pair_129381,1.4300852421983399,1.1862382783668424,1.4209579752821628,1.1440286561203807,1.1862973713627265,1.5083116613577456,1.4324324080905768,1.1670850417258196,0.8657595457959334,1.119193476794188,1.2332157886882575,1.2595115646290833,0.999663993918873,1.5303919321993515,1.4086900397791142,1.432384810186978,1.4098366004607183,1.5323332581921534,1.0072035501548453,1.0860856825513951,0.9323377920696716,1.201753952673402,0.9898349246736929,1.5012154644964149,1.360290949174565,1.0313677379335426,1.1179064968541343,1.2973732587676359,0.9188447497661408,1.2685261256849676,1.3734930359524615,1.5865813282711574,1.7735229942122117,1.4338952639179214,1.1146979893692244,1.3546610354682231,1.1176635669492305,1.3994432347683579,1.0828164815308088,1.3986541281972054,1.3457895028889524,1.2683045173863106,1.4534709110478654,1.4839496145348583,1.1851522023267749,1.2013800756191442,1.5137877010557887,1.425247479473748,1.0186070359427277,1.4107283825828554,1.258716098525119,0.9919590360279397,1.481968889022312,1.3936142180718174,1.1932679097796315,1.4456095143536587,1.3916033613311123,1.26506303442345,1.062342584633384,1.3183315933872684,0.7670928844233149,1.3590099893164005,1.2120535395327203,1.417068583579511,0.8629383624372429,1.4844034770928074,1.3932875657954167,1.120106722005614,0.6077077186673713,1.2723125146767178,1.1316409728800414,1.373720191000857,1.8164167893792926,1.6403018197648405,1.279775941165313,1.2412578744049527,1.2194651604096685,1.5141324214295317,0.9767079159495611,1.3907333680272849,1.2123276380952408,1.362626941917604,1.2996320573514966,1.2852305204412353,1.4725192499341,0.8666236329518849,1.4288240219114057,1.0882965849427697,1.1949612212911682,1.2793825967070038,1.291769304232969,1.5512598520546637,1.3379081251041827,1.5374617767369432,1.5289394359637876,0.972962417929316,0.670412645243297,0.0,1.029285231632136,1.1309032671532961,1.381517732014184,1.1408309333770474,1.2610541859042297,1.386923990186264,1.2835444268594367,1.395486677134638,1.12506339224778,1.351220891757204,1.0791198993416495,1.278087407133508,1.4697445774726126,1.5521653279862178,1.1701714385212907,0.9584768155797412,1.184261868839965,0.7321998288743684,1.1519218360923498,1.4791473806597941,1.4224007995411632,1.3252109274862995,1.3189405761383999,1.6035324476443797,1.2363261820258784,1.538728927689733,1.4009047244767827,1.2902205486749874,0.9688350537683047,1.4220040899380906,0.9391654887858483,1.314738263565439,0.9073828821607814,1.2023699336676732,1.1515103046709934,1.0996474181652554,1.2328766377978095,1.133566381008102,1.1321090011014374,1.26003266214341,1.0393472593363577,1.3022668802966884,0.949514679693499,1.2857145584054797,1.2968723091216054,1.2140053968880806,1.2700911057243576,1.0738677494636244,1.3591093596914896,1.5065211764115516,1.1764659531831123,1.1555189441098523,1.2945768875154766,1.4203590701674744,1.9091889764532128
arc_pair_271027,0.908392955947353,0.6750819167373767,1.4109165032262903,0.6735916709239642,0.6954014255702549,1.2465036662353497,0.6616560838312531,0.6470291447497701,0.6772900187328115,1.0807688676279206,0.731918282355275,0.9918759881468102,0.8479705935786774,0.8023007897543908,0.9215802547924825,0.8387406020930435,0.8368772140106786,1.3511577513716306,0.9597374221762165,1.1427908060472536,0.8985621771945558,0.8699328781520388,1.1458105579076538,0.7750301046461296,0.8627736603716019,0.9541735686242068,0.6373786444361118,0.8587137946902403,0.913639716803015,0.6739025247353683,0.8464395449399772,1.1018641407921073,1.2289431522297392,0.7133500686132902,0.695706215634611,0.7654953345308665,0.6566320993622272,0.8462819190074338,0.6553788328246233,1.0852937257312631,0.6281004144570226,0.886679522557284,0.9924362885941496,0.9197045024868258,0.7603993160364209,0.8528588087556652,0.9229974779560878,0.8991756081814615,0.8567672271965159,0.7766227358465385,0.7419339492351573,0.5579902893806497,0.7009736150591306,0.7228696565783588,0.9076950331556872,0.7405205762974676,0.9016888757873731,0.8565231904936955,0.8563476528287749,0.6485530837792223,0.8145910297958712,0.7520393736378036,0.7343802246866846,1.4283906487027302,0.5096387759207746,0.8571983262435936,0.8954062131681023,0.8815524285335026,0.7182660891472626,1.0091846497287034,0.5223496118190014,0.769227785833367,2.4138323592919892,0.999490538415536,0.8540577846273694,0.7206771938760348,0.723619676239379,0.872683505346596,0.7375141563027605,0.8213338558313622,0.7151923051447018,0.8265384523342774,0.852511947970499,1.0071777656867211,0.7015953223508007,0.8826675653666329,0.7678342211718417,0.6456860173814867,1.0108894080798376,0.6551654424471027,0.7385654420331635,1.3927408156300303,0.9541699567265265,1.0548845267423386,0.9972635708010248,1.089895006923807,0.6856813114495225,1.029285231632136,0.0,0.8248544985542298,0.7229060293952463,1.5030084487531463,0.8305489919833478,0.7656581513782389,0.792078824258819,0.9625532584161296,1.051250009233188,0.9315569419509804,0.6998404324247908,0.570261763247048,0.9441300106180377,1.0199130559750134,0.7619166612596082,0.6434626343223575,0.8622384752805032,0.7897362665919143,0.7109000667427178,1.1418448585076533,0.8488857788375737,1.102112150382989,0.7192812779485425,0.7423407116840508,1.6240459476844344,1.2693044190304559,0.9019236020807404,0.5748078558869477,0.7486910924357228,1.0636561819642685,0.7118636554193867,1.1106059360229215,1.0593958825229104,0.6089157729849644,0.7997442600869333,1.1719692491035925,0.9475328761488293,0.6745511464533942,1.3451493799289982,0.9419343226743113,0.9207303291025121,0.9749600027079821,1.0372163357410873,1.3812581749681434,0.8158047855201181,0.5068963663118988,0.8616285627731615,0.892283132782067,0.754789657990128,1.0014548284772122,1.4554750549856306,0.7385593114142652,0.6517648271777212,1.0681317753057167,1.5255408678566185
arc_pair_493828,1.1101017965409443,0.663862345393549,1.2776591359888256,0.5554364154656308,0.5885543133929874,1.1896615492536675,0.8990428813679127,0.5527572140618044,0.7513794096824076,1.066884442928497,0.9799375654822314,0.633250882299085,0.8702693303493764,1.0108518837560483,0.7928530621593363,0.5616249497636465,0.8486167861325903,1.1264857181451187,0.8728691064593342,1.1827808601697267,0.7959645687511716,0.651728587958089,1.2667604107254196,0.7878668121630499,0.6420126191410209,0.842439280760235,0.6460720902304857,0.8404165228639886,0.6652644749634709,0.37275973788552835,0.7190480937489983,0.9297382400995946,1.1646887211663834,0.6112933657730837,0.6493846252467129,0.42422506518729686,0.7526688413306788,0.812519547905455,0.5251609431970661,0.802727574147815,0.6109800889669078,0.6220300292092243,0.6651897648453746,0.9459556169777508,0.5974590388925634,0.7019767620610697,0.7158159434236552,0.5626278553011912,0.5670381375525108,0.9093031118541427,0.9037480454516194,0.49276170242960493,0.769152089628636,0.6609206437981205,0.9406359042920237,0.9305812995902532,0.8586884354847711,0.846937349389844,0.4581835591288872,0.6178828649256061,0.5117522167730479,0.5734753148937093,0.6281649943488286,1.3346984139819158,0.4139802588004483,0.9304769485750789,0.8109572605144526,0.7525666616635274,0.6693674416742516,1.207613560542749,0.5207797710426412,0.7467164570512826,2.316378686432101,0.8451808650575161,0.8488355025681666,0.7451139164066316,0.5622941427556716,0.6858021393266602,0.49959309806005414,0.6459511692441127,0.8020450991626049,0.8691620323107502,0.7401010970018318,0.4470801164137097,0.8497697551259343,0.7943902538183585,0.726252445262161,0.5794407967751718,0.8767236898590489,0.5589717257907874,0.8205725996052341,1.1938622784708202,0.579219680476928,1.151419566560817,0.7669094813792865,0.8488500861256381,0.5183098178186203,1.1309032671532961,0.8248544985542298,0.0,0.8735762079211092,1.2338334674870408,0.4154380575018746,0.8975093824987175,0.826080097009154,0.6968963149321763,1.2082199998476024,0.8061406305115169,0.5819708590920554,0.6725156838345082,1.0640280649793783,0.9156629465824524,0.7592542900258528,0.5708152853233667,0.41128159570272177,0.7021572202963016,0.8964692497855185,1.2239497932760988,0.635379213736792,0.5928718231312264,0.5316397057418478,0.9731494674379595,1.3824604004199492,1.217922296881833,0.6153011974730737,0.6341294611261522,0.6727638652000538,0.8532118840353696,0.7575287325551029,1.0938233718260861,0.8484906907719343,0.6239103561759876,0.7131025250397528,0.8377273782518553,0.8276606619594686,0.568192063348849,1.2710033288260862,0.7982361742059025,0.9286724373958875,0.8943170846413051,1.0833470926238031,1.1958520028060682,0.9908795187622639,0.5575510687622801,0.351716775866523,0.8376881543385855,0.7748077861718221,0.9878578023078188,1.0394373139869717,0.41312107472038606,0.6902887925668958,0.8133084436645499,1.1210694924626812
arc_pair_336359,0.622807616799713,0.5756731121212982,1.482164287880874,0.5316327384682921,0.400676431021743,1.143090372973514,0.6583770034674855,0.5413017523836676,0.8025567267589101,1.1455218400643288,0.7302884502220799,0.9737981495944741,0.8599137473975353,0.6190651558611739,0.7295381701315452,0.4425630198171949,0.531381559713366,1.4859612337087067,0.9335307232339798,1.4209028040804765,1.0090144407873656,0.9065164031380468,1.4067592008436343,0.47328058806240236,0.7970101519507168,0.999091406119275,0.5706081069747191,0.5313572044363697,1.0594720938258944,0.5549439142535886,0.7182928423282307,0.861230577434579,0.8819539880042231,0.45772404424278174,0.520466036480545,0.5647511449856867,0.7520244424064815,0.848385864676086,0.555335323816565,1.0095252220413244,0.5057872168032043,0.7036999512873818,0.7294139676899658,0.6179137644489949,0.5684202878482563,0.9376186594939644,0.7132977075154443,0.8260031377444268,0.9873575180498495,0.3740805816136643,0.5323180195893921,0.5756737509486379,0.6762408793048656,0.5712312374196297,0.6536097093028737,0.4335979052095961,0.9388434561009429,0.7076095506448767,0.737725091744481,0.5385897632425894,0.9617854303617382,0.5745069912409198,0.6956314219575533,1.7997140039149504,0.5865120330683937,0.5131150985637132,0.5557974051748136,0.8894293976164742,0.842495578526494,1.125540396065505,0.5329918363071452,0.6102939567250169,2.8920873513303826,0.7721573620948672,1.0287176086737526,0.6976081656072838,0.7171243618499916,0.48737980955781257,0.7282928569077772,0.5532845798965222,0.5900207341744055,0.696742137231939,0.8587711554809208,0.8799468946434148,0.5074056983839301,1.071361969481535,0.5129965414759943,0.6239558675636241,1.0580058815253284,0.526622785732582,0.5043282350901623,1.4974288231215467,0.7744614411245125,1.0591943640085293,0.748896050399574,1.0451453924270604,0.8891339567456321,1.381517732014184,0.7229060293952463,0.8735762079211092,0.0,1.9364547819177558,0.7100474754396169,0.82764595664064,0.576291299751436,0.7057505208768842,0.9569434346037615,0.6170662030630305,0.63923470978039,0.4711139648745285,0.6095493266117551,0.9426259675839178,0.5944668670935505,0.567616154860421,0.5250039663439013,0.7986440439693981,0.4731375281683872,1.178171678306724,0.8327592704322018,1.2229077027686412,0.40228387063725896,0.636614174559875,1.877367396493603,1.198122824483108,0.5848709369376026,0.5267812369405618,0.8544848656022168,0.9167828593326939,0.8345245175821323,1.3333835857883636,1.2087978616332333,0.42358978869850517,0.7664143278603646,1.2636156328583699,0.8552948567217038,0.4820999687539773,1.4478599813679534,0.9729242104020008,1.1274238524987705,1.0616689342682106,1.403451034616977,1.523365614548987,0.655799317371077,0.4742276753154148,0.7275993946769184,0.9716513293679794,0.6019982182871011,1.0906027208632227,1.620276459596931,0.6851285465702659,0.3765665907768915,1.0339587483598298,1.4168394526649726
arc_pair_621082,2.3297898508412556,1.6656215214548984,0.938688266441692,1.703090231407237,1.727787172156884,2.212263142760153,2.119214752749045,1.5491776796844279,1.3069032048719502,1.2376525718003604,1.5700976023072375,1.5780504070468713,1.1792319369653061,2.3574657493611677,1.5618926219437355,1.86097411069727,2.1964647160587805,1.2551391657477946,0.9227347468169567,0.762318584497472,1.110187796684075,1.289567633358919,0.8350446383199173,2.1454060413138953,1.646511438927911,0.8443556195267646,1.7353131481094362,1.7674159007925392,0.993250322595101,1.6812670903989833,1.997943043120832,1.4759387684098155,2.5649175115156875,2.037091856472371,1.7332006188070794,1.6778920991841364,1.7662517782485163,1.499780880651145,1.57981996851951,1.4754420834123803,1.9511503684153921,1.5837130262096792,1.9061692687150287,2.0831313422292865,1.8541580403610451,1.3812472207445916,1.592561229139706,1.6354365064763106,1.048826633389925,2.0663894350474545,1.9816403450453572,1.355029055502035,2.034859606050076,1.972506837867742,1.9837489465145874,2.256187612429252,1.6298300571146518,1.5887046498763118,1.3657848896093125,2.0287108938364717,0.8439817208942604,1.7929921348552977,1.6043168388430757,1.2077594490444314,1.237307271615206,2.0881183062503785,2.1426582951833124,1.6675309489519639,0.8534071986663286,1.3131932983577632,1.4316247779964346,2.019877097566816,1.3564084681275603,2.2142005589136247,1.3107856117509398,1.9083605683651346,1.5337364349572407,2.1107268523985354,1.1920835384760609,1.8111122194712383,1.4220060755726438,2.0430984397377507,1.4440305217330272,1.3588719894440129,1.985377728410585,0.7949171139117792,2.136850174562006,1.4619305500601778,0.7831244352824477,1.8481399698989878,1.983635418079596,1.1924087362633415,1.7700322787581662,1.5965754051678738,2.0461001173523847,1.124803778907417,0.8041013456855007,1.1408309333770474,1.5030084487531463,1.2338334674870408,1.9364547819177558,0.0,1.5270652148509238,1.9136675031207842,1.9398658710328625,1.8551303904662135,1.7523053812234086,1.9287852299872243,1.2497402808745255,1.852068753846053,2.163692268505366,1.7728273551588973,1.7008839715297763,1.2097728763305795,1.5341612964617073,0.9784754643605849,1.774180450831044,1.8192956927854833,1.2854072385786983,1.170564079077297,1.882939111571418,2.2556437525090534,0.7313062851392115,1.4444635525085727,1.7994058594282218,1.7599267529654112,0.999992577023054,1.9141623454255714,1.4955457550855051,1.4049380641625906,0.8199891253606442,1.8452469550519763,1.0577876818531085,0.7338368506621905,1.8152721407062422,1.635544990120711,1.2249860098984082,1.335350775086029,0.9648430636870544,1.405507247443945,0.9326845909741135,1.1135737593717243,1.916865363347167,1.7031845231024634,1.3299523538251037,1.2655671567959994,2.179824685025286,1.3931082503698886,0.8533744020221827,1.7074961685753898,1.8522459376580158,1.896076211632653,1.6632822638943154
arc_pair_731860,0.9397838209661243,0.6012862144477845,1.1869889109486746,0.5923745777737284,0.4965443798928463,1.0700749048339475,0.6824825895302908,0.4141182923223262,0.615544300214883,1.0338472305421522,0.8534576469248512,0.8144038109117124,0.8578449019990559,0.9199147570240849,0.7029217610995344,0.6052959362259229,0.7428252539707952,0.9709696346216992,0.8695504949504185,1.2041715711232088,0.80000712136092,0.6402192599242262,1.124275057021864,0.6265296546581242,0.5835574457407955,0.8751163010719876,0.7088035678968179,0.738950823310163,0.8377546087094433,0.3035237314042769,0.7892353441685219,0.8800011481597474,0.9920765843174648,0.43551862392552554,0.6109452733348647,0.3105748776153875,0.7078004679808365,0.6121605820808959,0.5123842267799563,0.8726956669335693,0.6476553913711431,0.6780851277214544,0.5205184534295246,0.8194753531876033,0.5067630431971332,0.6217032808561928,0.5772448837749737,0.5262293631017779,0.6093945126871327,0.8049658538007327,0.7234360605488857,0.38785918261742747,0.5122771653356084,0.6633653926119383,0.8584675465096603,0.6944149637398047,0.8101190801082079,0.6383766376741251,0.5717984621344044,0.4772776956973126,0.6666407822853756,0.4778978524792069,0.4217038253301243,1.444334916072314,0.5161176046770575,0.6603613252670271,0.6445172359515908,0.7351346683845819,0.6685995535437654,1.2082780259929624,0.37039555341734526,0.6150428966793204,2.3848795036934867,0.7086545903465551,0.9206266371795582,0.6177845842202436,0.5623319345169063,0.5954128804696301,0.6812311042303731,0.5567413406911859,0.6190615060364028,0.6340807682022525,0.7375373690287095,0.5093373603605642,0.6807330467240227,0.7932347346743532,0.6232142306504171,0.4049673020903972,0.9435970429823923,0.516306671733664,0.7527329411163459,1.2104323059937452,0.6034239832948328,0.9453717372017225,0.7726755887198704,0.9355572956875386,0.5820429466380364,1.2610541859042297,0.8305489919833478,0.4154380575018746,0.7100474754396169,1.5270652148509238,0.0,0.7050170435396734,0.6455487915472331,0.704815211075446,1.0666062237707061,0.7364509697140778,0.6827344083042853,0.5576843864031662,0.7528154526418039,0.8145484495275931,0.7220839661250766,0.44434383060070015,0.5104936886417633,0.7146430871345801,0.6875219841331308,1.0745933968479497,0.552159329107122,0.8716306746982823,0.5220622710063272,0.7525103582042346,1.4575155776106623,1.0606150082309824,0.6851035961667703,0.5571191258309104,0.6158405248473872,0.8259685920870952,0.803207555890871,0.99033238301653,1.0008199484281857,0.5397613051313161,0.5101223038964549,0.8779098983979113,0.8518255690159117,0.5454243147423529,1.34349055900006,0.7555972490647982,0.9636981086361083,0.8024597583002551,1.1534609143325034,1.2152058711628362,0.6707859319859031,0.43447512970039104,0.5990837300876439,0.7967880615663067,0.6319278896073984,0.9484736535947755,1.1870115553710943,0.5281027384811311,0.5722724491030345,0.7956683860095382,1.3139405632653238
arc_pair_323321,0.6757695312241248,0.7282461730946355,1.5226933624926688,0.5937761699928661,0.6883125815282138,1.0072588983353845,0.5032132921667646,0.5674511782732158,0.6719219358180397,1.198510137697312,0.8340448011553461,1.012194514728501,1.0691050263153676,0.6542589764704081,1.162707066692146,0.7651143200359587,0.7174081498105062,1.6147382371344094,1.1594997512407323,1.5385772384361707,1.0497609672277557,0.991922446181817,1.3634105356614847,0.6569333829632308,0.852242848261137,1.2535952455797634,0.8055340211315676,0.7652009222302645,1.1538416038773716,0.6043712015684273,0.6828350878869847,1.4283430002375384,0.9051467728700662,0.6060592740161247,0.6437146939584573,0.7858215552185401,0.6819778745516123,0.9369895852111791,0.6689564337798419,1.124293217573495,0.6754725555087295,0.7739967487080526,0.8203833954005912,0.8158181902340752,0.5857969734931447,0.8125411423230333,1.06413802688769,0.9184414308734625,0.9519712643797806,0.6658441682971976,0.6198982799633886,0.5327293770646181,0.5635133010868624,0.6098617734364852,0.8653707471250451,0.5810189126213786,1.0029459820157998,0.8446205693367239,0.9408721250575708,0.5288865658412724,0.8382874140114617,0.6317715128766141,0.6062564268883979,1.6330365708559134,0.7533872932035585,0.7357266463177492,0.6789853272627497,0.9149131400540317,0.9027873875389757,1.232063940456888,0.5515480736881263,0.5187238104740761,2.7442436321757566,0.7541813158411723,1.049654534741105,0.5662815934702436,0.6515625004000152,0.8199328421594245,0.728452848257019,0.7960483379319124,0.8149675723126939,0.5668540850500143,1.152504244790579,1.237018687499071,0.6809845516557543,1.191783629963008,0.6152051803029424,0.6092506009662295,1.251095686654704,0.46028538410468345,0.7244294184521435,1.9031776800072409,0.7066081444605934,0.8565262069018649,0.8651199369254288,1.2688576012286235,0.8476265643534395,1.386923990186264,0.7656581513782389,0.8975093824987175,0.82764595664064,1.9136675031207842,0.7050170435396734,0.0,0.6745022858734726,0.8311745319524699,0.9576752965516819,0.7799180545082429,1.1301478966821215,0.579865114779768,0.6608075492716519,0.9266704572566089,0.6787490048583864,0.7815208722587926,0.7416548185804642,1.0109411377247186,0.5641467764175935,0.9436056203775509,1.1834822571455885,1.3866341325699294,0.7043532460157925,0.7236753536771594,1.9649797782052718,1.2200514339723991,0.7844458888133472,0.6998523227874357,0.9523822881532665,0.9118804444382789,0.882851421714014,1.2585619052510817,1.3009814622864946,0.621956896984964,0.837452074392114,1.4343754251392373,0.9533923300017075,0.5871123986101167,1.7285747975456722,1.0400229609474352,1.1547090302609935,0.9664775385337356,1.267317504097372,1.5413375591681164,0.642952083214414,0.5187827068185813,0.9888729342129644,0.8797701840034199,0.5283746254734033,1.3635544037196314,1.6003529496792401,0.6823321842402839,0.76409242670707,0.99652004700821,1.8520914332256653
arc_pair_462000,0.41635031924120947,0.7276385928928775,1.7930202512149094,0.385615102822072,0.26813574682744734,0.9126086438627754,0.4882990144810817,0.534053711229146,0.7155638096200102,1.2482434304964032,0.6542313720652612,0.7805212143617238,0.9090300330309404,0.5005038643380424,0.7491476034610053,0.43407011932342154,0.378724918469593,1.507315658601375,1.0671771096921006,1.5661157087890398,0.9191096030995078,0.7018196293663761,1.399130587855579,0.34829171748724796,0.6541348637331172,1.0896082883258837,0.46966670872300575,0.44294523984367223,1.0481010329571114,0.4853504239349212,0.49872403718671876,1.2049577369845834,0.6674713784420688,0.4195694385937372,0.23657761731608645,0.6377676261287093,0.7230372851643414,0.8781823967246998,0.5915641017679735,0.8124538824012867,0.6615727969809917,0.5422980872315584,0.8580293407485604,0.620853616175121,0.24255842137599548,0.8846273681440557,1.1575488121061674,0.6513739418553279,1.0858596139609396,0.4160005044583097,0.30712809910437455,0.40402612618936795,0.7266614528717812,0.4000633764186574,0.4439728286395348,0.3363016962010098,0.589576031269569,0.8706438711115104,0.7539347851050615,0.4645272325711122,0.9695348008944067,0.37987618810697676,0.43690041957169984,1.7265897671831538,0.6155228141225421,0.6596558534195878,0.28434656269674263,0.7751280852370639,0.7696600714974238,1.1529397675380735,0.528931765991369,0.4320151906992593,3.0533758826066943,0.5680632967335132,1.2417830305992719,0.573415715443442,0.6521658055629466,0.6622713481216352,0.7176894403776284,0.6948957621137917,0.7323356707192726,0.5506195169595263,0.8222340185906167,0.8539493464369203,0.5451223028260654,1.2501062220798511,0.3663205821056428,0.6846894806924475,1.1884711790069002,0.42233465249258206,0.4672205567961958,1.6598240163064466,0.5032056024515323,0.900923707142413,0.7041854907254386,1.2404409222873114,0.8100960134219702,1.2835444268594367,0.792078824258819,0.826080097009154,0.576291299751436,1.9398658710328625,0.6455487915472331,0.6745022858734726,0.0,0.4725199425146434,0.7641260676625621,0.447546861280564,0.8786316563563178,0.5073117968982686,0.4430652815745879,0.8992136514389317,0.4200348097457733,0.5619939052634058,0.4949389016203665,0.7637637616797683,0.25453620734443244,0.7957506551581467,1.0581119650562494,1.2073066766586074,0.3451728797718213,0.6852412025139971,2.000984394921062,1.2582488450340588,0.5854650895656675,0.5541632962358987,0.9920494870259782,0.590652516064228,0.726014128475893,1.3032737187640209,1.2707202391610142,0.48467341393473606,1.0028379421892946,1.3846406376298552,0.6385667651363922,0.20375751594234995,1.5469260981185535,0.7191014048408493,1.2802435801367993,1.1085952901135752,1.4227445846538007,1.6225273930389081,0.5766770323011083,0.39854188483380154,0.9615178140676581,0.9790896743194613,0.3804567607611815,1.0813996571995614,1.5713753693104877,0.5166035047711944,0.594597339871717,0.6618359602140966,1.6451361269284641
arc_pair_43532,0.6094905731571681,0.6938167200815246,1.8039358144073194,0.47365584973250974,0.475954753882526,1.017997749147804,0.5989512683368295,0.4988763749768228,0.7739862728453271,1.3258704693440506,0.7934256639156478,0.7774381721780438,0.9594473563461228,0.6600059002314416,1.001980592385866,0.40907056584522394,0.48930449290603006,1.570677278276347,1.185145124955818,1.612588484459624,1.0090731538532163,0.7849204059766848,1.4826378346114142,0.4190443361532724,0.566600103175868,1.2266245992304023,0.568561797742775,0.6612021893873863,1.147260601110765,0.5149010793108812,0.49408547819166687,1.1028340661806981,0.6388219614199303,0.4837007104383767,0.39334461075038246,0.5956538917196706,0.697728472740468,1.0608408254408732,0.5867057788727805,0.869134416413148,0.6549020784948728,0.6324252765915337,0.9421373337574405,0.7177123083210867,0.36807875101422116,0.9703621187038081,1.1925957313528843,0.6030955929012332,1.074952443921977,0.5030219546061692,0.6524820699623497,0.4790699715093357,0.7808011167181113,0.4417939108055633,0.594339393276466,0.5039025174936986,0.7594686878162272,0.9210243413286368,0.8620566730933874,0.4644772163286195,0.8990419366050577,0.414241542895444,0.5506077745867286,1.8031401112704866,0.6856612852196868,0.8261326405638694,0.4130154149344475,0.7672162004162042,0.8704485341510183,1.205454693232129,0.5235384192717553,0.44235292919788205,2.968655606537322,0.4910281388297265,1.309946727856188,0.6958600380460035,0.6948730012936666,0.5066469986066464,0.6851889546510217,0.7777209444983264,0.7967716031612242,0.5756450829983092,0.9370014607555135,0.7833674878652512,0.6694291384457198,1.1804991992242169,0.43969609985308916,0.7909366472879336,1.2533812193992164,0.5064859000721731,0.5960665301523644,1.8055036771070347,0.5066896186237804,1.0882850951265588,0.6328976630510122,1.3370759298818975,0.8176275119804547,1.395486677134638,0.9625532584161296,0.6968963149321763,0.7057505208768842,1.8551303904662135,0.704815211075446,0.8311745319524699,0.4725199425146434,0.0,1.030721065744651,0.6987979543743505,0.9077347736601544,0.5257797657263215,0.5620146603793906,0.854830494261114,0.5913755145761245,0.6930658562187684,0.44205233715412606,0.8187789962915716,0.4997230170609603,0.9503227966264131,1.1529920681099153,1.2579885756146143,0.36373508579449365,0.8010936662014014,1.9910712956864836,1.3866800406541462,0.5037829773627402,0.5903959104722936,0.9764575890917953,0.630143296934138,0.8125146706264554,1.4784381683928498,1.354738217885793,0.5840551253830133,1.0280901541921468,1.4429481833608235,0.7591174013580315,0.4558705764954357,1.6391920556628636,0.791313122627695,1.3225860825982185,1.1896236431602987,1.477947633881574,1.5887295776857622,0.7256781342470506,0.42257213146717026,0.6911169667913328,1.1320150879842137,0.47474283362239195,1.2281907466195343,1.5291605592583366,0.5031661084383114,0.6657353421550464,0.6512188502615677,1.7248131950281542
arc_pair_131562,0.721521372770311,1.0926473212355317,1.616663245932021,0.7638314699239076,0.8336942308478423,1.1839798514387958,0.804593256393701,0.8307878481918953,0.7747795390093412,1.1498177472497413,0.7361773642860034,1.3225454720023617,1.004103751689705,0.8520818240709944,1.4515683016337628,0.9826797538631562,0.6916823649628896,1.929389835345599,1.1539003964584076,1.377662508788138,1.011845009254322,1.186147204848457,1.242259194962616,0.9700333148139482,1.1453958139044622,1.0693172906710187,0.816619506944986,0.8529355075753463,1.084967779072473,0.999857349284692,0.856332710375781,1.5894344687486819,1.011958040332027,0.9775212601418966,0.7446257810497435,1.06868414178116,1.0270850169291272,1.3011136721817351,0.8093240354427833,1.4375100108690595,1.0790459630943503,0.9581899606999769,1.2599818781752115,1.0801162272253126,0.7461475899456251,0.9684057106588745,1.3725214668225871,1.3017733112587404,1.2876772334493705,0.8066759886598085,0.6198865976556119,0.7763355703387552,1.0733121500027452,0.9219041196980107,0.82786457764435,0.8002125987842585,1.2483527351498869,1.150169749064089,1.0625501974842737,0.9138473384650337,0.9815199988265291,0.9922722282245737,0.8697592603492423,1.6609896337428696,0.862834095486515,0.960933916177529,0.7435440465508881,1.004547483225474,0.8272602896891367,0.9842839055666547,0.898171664113312,0.9194048414825764,2.496858336893838,1.0457647025374102,1.4426910884541444,0.9681365248294252,0.8917685850268691,1.1618568873236288,0.9750054703339581,1.2478336978697198,0.9321967979451857,0.8343735775496768,1.3052130845844276,1.42360578478737,1.0860029549795012,1.236565902068004,0.776089797063396,0.8953128182865935,1.244646713095925,0.8572188745237064,0.8007228754900535,1.933792787405177,0.8522505200063943,1.1622368760263777,1.0750588035496487,1.2496009243074762,0.8834365498994744,1.12506339224778,1.051250009233188,1.2082199998476024,0.9569434346037615,1.7523053812234086,1.0666062237707061,0.9576752965516819,0.7641260676625621,1.030721065744651,0.0,0.9201184705624949,1.0185048484481478,0.8761350235137372,0.7764756134841155,1.2598327330007097,0.8330065938873847,0.778955040764882,0.9874402311454886,0.81979575396338,0.5733440824991347,1.1838577348925425,1.5483783117027363,1.572802294365673,0.8740434027793145,1.037982501550097,1.8663570414438642,1.0926096526703897,1.0288583226126515,1.0456588404306313,1.0058228283113855,1.0861320434662018,0.8185699695774491,1.1422489925084602,1.250799917488354,0.8721091703585085,1.1406909913372167,1.4564911902399986,1.0067047576743842,0.7707474842163362,1.4420913762382606,1.3764812473481016,1.328880713734643,1.166211267685965,1.219946863857161,1.453637083226631,0.8402109089508595,0.8444526125513463,1.3227366441819155,1.0112429078036063,0.7521015817808833,1.7337679526474212,1.5680629642436263,0.9502417272235069,0.9929757131036312,1.295433738219467,2.165227184852618
arc_pair_119264,0.5283426415016249,0.7420164462773333,1.7591196482480302,0.5294470078169596,0.41800660548429175,1.0099450219151187,0.628059302618772,0.6278062407041793,0.8260840498699931,1.3603128917648184,0.7447032063252916,0.8546145068440532,1.0490075409331636,0.6173840959732677,0.8888670079708555,0.48460943132810474,0.5017734499569122,1.4768749284192888,1.2266552279652223,1.7394295339559207,1.0620137176864435,0.743926028235693,1.5352816840695653,0.5830006681251722,0.7728550780369168,1.2831442762748084,0.6859601098735086,0.49835408777897616,1.0224062478114933,0.6085519883442251,0.5270015343478058,1.0602787671967007,0.8399636548920666,0.5515228042504448,0.4046486400699818,0.7521592926743177,0.8560286782253766,0.8939432992667107,0.663995963727817,0.7884911496521909,0.7364945063272105,0.6331706249504284,0.874292743689316,0.7110488426380505,0.41322524122033083,1.0574554577340989,1.1241779734377892,0.705266544233541,1.1307676328166723,0.5251947966005661,0.5221092206924496,0.5488863449729708,0.7670009030619382,0.5292442114935954,0.5828759047015432,0.4805366484212261,0.8787751482551192,0.9204136025601554,0.8706274467079851,0.6269493801383799,1.0176168250421216,0.5281776049794527,0.4745541706282199,1.7723479677487566,0.6253769603931217,0.7797333502663786,0.4663833618174048,0.9243728986957297,0.9350992718572926,1.2354343201625255,0.6811495520870003,0.5483513608457017,2.999524928363644,0.7057748241318731,1.237364196219312,0.7007357348163634,0.6735627179822479,0.644871624186147,0.7366828382437034,0.5702145147896205,0.8280245969698692,0.6585886725120641,0.8188678415666854,0.9475300986021854,0.6979631531388928,1.2799764484704579,0.4646982661024902,0.7568441537295199,1.247914691531488,0.505644611211425,0.5616426819682798,1.5796552453580248,0.6274256740647666,1.0296865729460543,0.685438311208846,1.2543422482274158,0.9114681814832374,1.351220891757204,0.9315569419509804,0.8061406305115169,0.6170662030630305,1.9287852299872243,0.7364509697140778,0.7799180545082429,0.447546861280564,0.6987979543743505,0.9201184705624949,0.0,0.8934536956282928,0.5104049781655631,0.5698863163348917,0.8967402683860188,0.5170321080219946,0.6863678790205063,0.4299150564717341,0.8282630159713458,0.5069807810565843,1.019382921134461,1.0193332650419333,1.1729682242775188,0.5004911536292709,0.7864417210796639,2.081307613872059,1.2433316571477189,0.6378401217399037,0.6141917456430604,1.1311948666906484,0.7178678978058501,0.8542911003110897,1.386588448944104,1.3611113100548309,0.654630522463215,0.9056619232914553,1.4483286912197615,0.625156521714318,0.3544027559211942,1.5783160889712355,0.8640427706334327,1.2926173208931093,0.9577807144811559,1.4778631202373222,1.6426061804724452,0.6682944789717216,0.5409052309539384,0.8629088419768969,0.971837863393982,0.5452152714730297,1.1788501461835512,1.6119525762781453,0.6127363982401905,0.6972127438780205,0.7309756862569492,1.647295867005762
arc_pair_625567,1.1861268337258861,0.7979257540594095,1.245721102718431,0.7194887214855383,0.6319055182817059,1.35937754662715,1.027760664319296,0.676676969896087,0.8076821936132356,1.1204900905876134,0.7748970454166892,0.9410121559616121,0.8023660526477385,1.1406382108078785,0.6501430596497563,0.6974249564106988,0.9336131801136704,1.1599573212355307,0.799113523734988,1.0685453468182877,0.9100456422193094,0.7313481052872762,1.1736169140222723,0.8833350966964288,0.8333277203331098,0.6469524806289572,0.6090391535940717,0.8120482532621451,0.6731963093163502,0.6493408672023919,0.9783794771485664,0.7494255594336524,1.244641921752774,0.7896254976607614,0.7333611429933151,0.5416584306714419,0.9503363602244346,0.9697261079677326,0.6862454323115247,0.972999385146009,0.881154326492575,0.6980697945100178,0.8793236990612554,1.0236735100376915,0.7801745430742784,0.9361721373363117,0.7019531006060038,0.8344693148693929,0.7178125364566158,0.909244477060227,0.8095575914576354,0.6020103671023804,1.0295711674965278,0.8934923081735497,0.9692651679836477,0.9227082426227625,0.9196489151343068,0.9273476808601179,0.6273926020889272,0.8642652656210718,0.7197950532535101,0.7018253877660616,0.6845103860384759,1.4070516667788826,0.4186225555229151,0.9866324094761618,0.8963558612143618,0.8516257685443765,0.6010662701853999,1.0407984110936719,0.6299047084801312,0.9398107520578636,2.2853795727987007,1.0718795239874122,0.951404720426068,0.9831771030035064,0.7459468276350647,0.8226526382436772,0.6218225224352817,0.7834649289708556,0.6981818759863063,1.0197390524304097,0.6043429708716437,0.5979789085936912,0.8513774071974864,0.7305870937415178,0.8688725821844541,0.7295844002131603,0.7554494416038443,0.8254774777635616,0.88254071498976,1.0400363450721892,0.7825941810598739,1.284881770223357,0.9663362622504971,0.8529310864082271,0.6002854602456904,1.0791198993416495,0.6998404324247908,0.5819708590920554,0.63923470978039,1.2497402808745255,0.6827344083042853,1.1301478966821215,0.8786316563563178,0.9077347736601544,1.0185048484481478,0.8934536956282928,0.0,0.7751852965329514,1.0805551466817875,1.003771083703661,0.8229330674804909,0.4497500330533092,0.6057771989583209,0.5995112673553735,0.8553217916663427,1.3208125260766308,0.6230028326654132,0.8272549843174118,0.6963546635468129,1.1520766927710488,1.2253063287757464,1.1564716231801273,0.7924121335742826,0.7147473153249558,0.6660483135705175,1.0836444194079495,0.7757184580806944,0.997270218575526,0.9040325078329797,0.7675261789569457,0.6315797203713478,0.791950734118519,0.9592765753220787,0.677605317619777,1.193669148355167,0.9401779081530328,0.8773360074196409,1.0076010252968763,1.120256908584999,1.227236008006058,0.9901936251490954,0.6460029640416949,0.6703882074825674,0.839803170276199,0.9290598575143101,0.8950922669700574,1.1946789537714695,0.7582432345599897,0.7459567792729634,1.1158831084260101,1.317041519768183
arc_pair_16513,0.4332581123219742,0.3562798465839184,1.5217347307040325,0.45700133533300313,0.42733695798667515,0.8049730404310531,0.24823106728668012,0.35207900095135636,0.5417952022772561,1.1944741153435903,0.5544059459328048,0.8605948842164661,0.8342306030571969,0.42628774228809513,0.8603533592697202,0.4816078994976099,0.302077927430006,1.3093505913182104,1.086971549671083,1.4945146645833491,0.9530724950429003,0.7418275771956774,1.3519632364332281,0.45082864341367274,0.5346019971560054,1.0559088002532149,0.5409969083010431,0.5792922364245745,0.959027866397076,0.38343548481903356,0.41893548947816883,0.9931079451126159,0.6237158837341885,0.21388120164484511,0.43416407470547413,0.5145467709321351,0.41426988248095276,0.6810257393477204,0.35035912463037344,0.8434163406064001,0.42031002196268874,0.6785439084645433,0.7067524498775833,0.5141255216336271,0.33301035967274956,0.7476196361373524,0.8438905626932318,0.6288352797596478,0.8486498624539669,0.3310353173652347,0.49793199617198136,0.24260246513083422,0.30961838760048865,0.22866130789548306,0.5445411391499778,0.35634437937708763,0.7985476758901456,0.6506660333819485,0.8583754428374415,0.25949351167240375,0.8372894754624569,0.40371049057136593,0.36815486100432704,1.6930602310493472,0.375814472271687,0.5487827923560379,0.41541601799426764,0.6956306009224997,0.8164588517261528,1.078691794663917,0.30187451341890825,0.31520365952930585,2.716918591050657,0.44597318291918775,0.8457574953808259,0.4525826682859654,0.4953853009534124,0.3964987337954605,0.6457478955267056,0.5388088504420855,0.4305383311228843,0.38993471430507226,0.7444249748777891,0.8799814557645607,0.4345397059819479,1.0732327228207608,0.30992388046662656,0.4482026621067297,1.1241789048448148,0.25425417836108805,0.3625082902494592,1.7121685907723219,0.6251638487495221,0.8173311128484742,0.529309663273305,1.1800203701945544,0.7496269061495128,1.278087407133508,0.570261763247048,0.6725156838345082,0.4711139648745285,1.852068753846053,0.5576843864031662,0.579865114779768,0.5073117968982686,0.5257797657263215,0.8761350235137372,0.5104049781655631,0.7751852965329514,0.0,0.38733762590444626,0.6422720088697664,0.5555334495156009,0.5642833544911761,0.5016474904928458,0.8007538563190675,0.46245066381134603,0.9716655421898712,0.8325393793988236,1.193659416912772,0.3684517469963682,0.4046870951565239,1.9283907019892,1.1373880969926407,0.5173247511302959,0.4120505409089148,0.7528344379031136,0.6072212343630301,0.6120510770354785,1.2434019823552913,1.2521775411458398,0.39702074737792176,0.6468887108073942,1.283740302403309,0.6596510815954314,0.46043698828879487,1.6178737717531881,0.8108297295207523,1.1037120297200886,0.8391430536767014,1.205172480587724,1.4515434625564798,0.44617194185808373,0.20632890250141783,0.6350476404332284,0.8768461741042969,0.34746014662917435,1.030863423109281,1.5623442942385164,0.4436506997584544,0.4350285443104347,0.644703605685034,1.6031331494011378
arc_pair_101269,0.31920459489542385,0.7308860770831186,1.856037268715883,0.5436103697072858,0.4395649653146354,0.8023507305160539,0.3459792347413069,0.536299906574455,0.7109811169641198,1.3376830162882931,0.6096036451041025,0.9527936537245466,0.940696679723885,0.4656074360316563,0.9857105320323343,0.5372480324633073,0.36282067474137913,1.6366800060879692,1.2793958798996985,1.814712401927374,1.1584352712425798,0.8912163373497811,1.4348068299088803,0.4928966526237621,0.7353470650111402,1.2358146099418137,0.6623413663798976,0.41881949759177395,1.3400914539524948,0.7122787945656974,0.49174712849801033,1.2759373134689755,0.5879069616757603,0.43523667330230154,0.4925785786065173,0.7462576839449451,0.6211266044588085,0.9534347491390359,0.7382986078660827,0.9558410427202191,0.7699934974318903,0.7118652618208352,0.924387885051162,0.7892286666200812,0.3693213035463696,0.8381244884647141,1.2381633440579374,0.7331475848308536,1.2596714000354803,0.34539527398936826,0.3966666332986649,0.4335905627443192,0.609872310082727,0.3965705677302832,0.48788614313424644,0.3626790619528337,0.8050280257329798,0.9157390810034017,1.1314883814744947,0.4394065308074616,1.1211977379362332,0.4985561359213695,0.4015142712757127,1.9392060681096688,0.774044373608156,0.5784027661490772,0.33800665751618064,0.8271450151123472,1.012485900627627,1.1817468318772972,0.5164364510527646,0.38309596436520266,3.075169647710628,0.46872953523393374,1.3250858427419911,0.6101848454009737,0.7502308497923145,0.5209796136654099,0.8574219137468759,0.7432570094743691,0.5794707821445692,0.42895647182266095,0.844968070226737,1.151248392661255,0.5552995632142991,1.4267473870526985,0.37287655210542175,0.7537605430723044,1.3676180921686738,0.5364753042151729,0.5038470071820439,2.0744133344305173,0.6280235710241742,0.9213874830161161,0.6657270344664824,1.444232500752884,1.0067163849763547,1.4697445774726126,0.9441300106180377,1.0640280649793783,0.6095493266117551,2.163692268505366,0.7528154526418039,0.6608075492716519,0.4430652815745879,0.5620146603793906,0.7764756134841155,0.5698863163348917,1.0805551466817875,0.38733762590444626,0.0,0.8867813002176093,0.6199766580495314,0.6884630129906659,0.6799822740759296,0.9326968284254021,0.2362306980151093,0.9688686151975037,1.2913437219295307,1.5223178256106173,0.49652109213903656,0.5828598011066137,2.3110554872012683,1.2065379189413565,0.6680919447709263,0.7673338098039866,1.0228803490371512,0.604297408202762,0.88226946575043,1.495029728609493,1.5123459580075194,0.611743930458722,0.916422202725646,1.60835053746368,0.7583074553124342,0.4702876004632437,1.8306373015722708,0.9272354118139693,1.4934192001189572,1.0784291936021226,1.4918425988516346,1.7826142856823517,0.41485772266566695,0.44381705137396676,1.107576695933953,1.0622647719021134,0.4030081273993863,1.2510463017764855,1.8091811829467197,0.6739386527846003,0.5744798822308366,0.7312749459095838,1.737031825796699
arc_pair_176092,0.9316655671683547,0.7368977621155981,1.5993140646551973,0.8134207034460533,0.7283357357758533,1.205789599729309,0.8596924588327741,0.7002547646903454,0.9037954152407962,1.3968408069931648,0.8654870890425224,1.062432880472349,1.0262330134864543,0.8713676306880944,1.0956951869804583,0.9028045066653843,0.8719888218121684,1.2386858650323953,1.326742824730338,1.5994968149714557,1.0897905832174066,0.9222955978235394,1.3853508685487899,0.8012618582223583,0.8752757093714267,1.261147007280266,0.9713443198578837,0.9347460135222418,1.2954598414634617,0.8403733359344224,0.8556765181910981,1.2800123205164546,1.073685008692108,0.7202601037206533,0.8047490097593715,0.7707627692218497,0.9191037708738912,0.899451388062429,0.8071809384957851,0.9113230888610881,0.845002183891017,0.8331394645545669,1.021061983304627,0.7975020498756553,0.711413864794392,0.9644645994878814,1.133808450691148,0.8847116269130539,1.0602393277434778,0.8112488899624171,0.9053415482043368,0.6035416732826661,0.6618101838460474,0.7552371119542938,1.005628469281216,0.7356979657293635,1.0243303649708824,0.8423091077654495,1.1348550456344002,0.7256655022462942,0.8929623176967145,0.6548933346938992,0.7047619241460341,1.4641534166660521,0.7037863408819414,1.0119991955715149,0.8770367822398399,1.0763990529487324,1.0213730740005673,1.3540063538669276,0.5848259687658306,0.5537733968238397,2.5579862067108774,0.6704218101781967,1.0974447851222422,0.8818076290472449,0.8404356198304423,0.8599275869896291,0.7311613380611979,0.8233709933423052,0.6794949891651884,0.7171411901114172,1.0526390696305015,1.0276240764336924,0.8449058604494322,1.225238419269973,0.8022693041509006,0.7892323659038647,1.1790133361220678,0.5624921436829239,0.9199015219186837,1.6455746432002252,0.8264031460102763,1.2522403704947593,0.8724248237438869,1.3247227696372503,0.8886821832148656,1.5521653279862178,1.0199130559750134,0.9156629465824524,0.9426259675839178,1.7728273551588973,0.8145484495275931,0.9266704572566089,0.8992136514389317,0.854830494261114,1.2598327330007097,0.8967402683860188,1.003771083703661,0.6422720088697664,0.8867813002176093,0.0,0.8033378194701113,0.8653422775900826,0.6731407072066553,1.083616068432514,0.8504089931283608,1.0180152557280941,1.145128084873963,1.3687373671079646,0.8432098113719138,1.0875872127250241,1.7584113833231452,1.3755911811845807,0.9016500627892083,0.890430259069457,1.0452003290067027,0.9514648104591066,1.0443232533403548,1.4968154054974203,1.3978441580380945,0.8166775987704531,0.7210730334284419,1.4713164866788788,1.0978810141226334,0.7699136485887493,1.8894902787602605,0.9023741107393124,1.3222705025028612,1.0151815339312176,1.45811293656542,1.588227483942709,0.7772739033533631,0.668512896997089,0.889181598862774,1.1931856698736722,0.8029186372453222,1.1241096728983446,1.435645867624805,0.7564677245016111,1.006954150339751,0.8021926617788573,1.5611018257349347
arc_pair_523521,0.5306319928750742,0.6150096966639717,1.6085513611873217,0.3942567955495391,0.37081538496836536,0.961436311235961,0.6218356251394774,0.5047859205011067,0.7465005577888602,1.1769609523066,0.7687991755560998,0.799365506253298,0.8963327573113885,0.5855953023998985,0.8964217208666295,0.5051179881388794,0.5307998138469348,1.5958906716888464,1.1186452718976043,1.4663777247874634,0.8763821652408329,0.7406995520644076,1.4213564460009263,0.43688816106133843,0.7092886991404801,1.0836177894621024,0.5647839691940519,0.5144648314368996,0.9946920216137074,0.570692298222364,0.49050978029457126,1.219731367764583,0.8634265478170987,0.5290416813987981,0.3213040783647679,0.6671430996972534,0.7159043351416252,1.007463260825691,0.5725144921067348,0.8886678722347316,0.5859968773364346,0.5248388220391128,0.9767416825042728,0.7452192593312609,0.3715373460175374,0.9202485146512195,1.122780049589132,0.8261877094562347,0.8341065436096319,0.4982300458185332,0.4355621076549856,0.5766332711843396,0.7660838557363193,0.5083886791596096,0.48003684344337466,0.3577803854175686,0.7915435198516607,0.8514726120076043,0.7086988646492565,0.5444957620117278,0.8058932940096273,0.445933671095619,0.5617197919766626,1.5416464458472587,0.5719330355460552,0.6805735633467083,0.4456838737229103,0.8079951313990038,0.7677034415518909,1.0982266022719664,0.6594378564837606,0.49969763758260644,2.9406662652046216,0.6740212422263485,1.1163593395983378,0.6289315513857584,0.6850662642598171,0.7497895218599678,0.6142441017602231,0.7047869478555009,0.7750147648557083,0.6114875954133021,0.9816837368014153,0.944858016668876,0.5879084409492767,1.126008318872629,0.4752002353007795,0.6856543035230318,1.1020042931720768,0.395724047731112,0.4803562197871209,1.5760049264814864,0.5490080845477181,1.0177120722061777,0.6531988300852261,1.1429887069681803,0.7417914829495964,1.1701714385212907,0.7619166612596082,0.7592542900258528,0.5944668670935505,1.7008839715297763,0.7220839661250766,0.6787490048583864,0.4200348097457733,0.5913755145761245,0.8330065938873847,0.5170321080219946,0.8229330674804909,0.5555334495156009,0.6199766580495314,0.8033378194701113,0.0,0.6221891933296413,0.4670905517953003,0.7765266329051908,0.3860356096253278,0.9434473885719401,1.1077944228326297,1.197267663246134,0.40475937455562006,0.8059639990203702,1.8799632532112256,1.2075353708746694,0.5888547619406985,0.5530778173710573,0.9492077427321723,0.79986695452173,0.7489853329600622,1.3474788418329693,1.1584380825921317,0.5059988099906183,0.9658435027781268,1.4536117874821337,0.7153954088401934,0.2849652200913748,1.489570246690429,0.8205748097865326,1.1605264680739524,1.0141899875566314,1.3155558481755247,1.5604527645319757,0.6575743566370975,0.4358505214363644,0.8654780068476678,0.9861297437554477,0.4705439271770524,1.1331118076065614,1.4439838066638941,0.47601875788301573,0.6345156196808318,0.8326071513413341,1.712141091229489
arc_pair_551110,0.8521029171854958,0.7058727793934544,1.1795406096247465,0.5787010970102571,0.5685241588716623,1.0239829415693542,0.6179757958514582,0.4422932930059704,0.5248234540902988,0.872638320911094,0.7044108868380787,0.8302107131120244,0.5965198133340359,0.8852311553188397,0.6224664108326408,0.52189401060615,0.6847210808667659,1.1266991799905073,0.6603374637628738,0.9163133520300315,0.6794111817106029,0.5498994824747813,1.037317871930028,0.6972495163086776,0.6807025063570161,0.5613427508834302,0.538159289236513,0.6852968649344459,0.7221579768328579,0.4485090259253618,0.7145998896997361,0.8679408187578153,0.9734173478485582,0.6104489778331386,0.5661485481379431,0.4936550143485478,0.7183751995063716,0.6639174232254537,0.5435345952665505,0.8900436039836815,0.8244301243944092,0.6168996258756745,0.7076314293801256,0.7365922200494248,0.5700593938631295,0.6688967437340188,0.7419841485594858,0.7577712730009836,0.6509929489865063,0.676700085351069,0.5662872112186218,0.3401527986739416,0.8206087627441123,0.68840806304525,0.6988478537552336,0.7556818010249087,0.7146149151810827,0.7280525584759949,0.5264495824606832,0.6830236799233559,0.5910588570168345,0.5723531456904298,0.4864940734016341,1.2726152233486823,0.4541076039158523,0.7082822531199291,0.651683483037737,0.747411792480118,0.48715121981805454,0.8819989785699736,0.43018556640624905,0.7597816202275178,2.126669955211545,0.8893736072510539,0.9295061055068861,0.6762335659093822,0.5396777304508391,0.7681979086885995,0.6732793009347977,0.6301477281318271,0.5335365677760957,0.6497965934717408,0.5773938391162482,0.6541531428771827,0.6785800332786147,0.5945200761060482,0.6556277945712367,0.5147045900735966,0.811013988126289,0.6111556927818262,0.6442842619129612,1.121994145970677,0.6472863971651432,0.9277776854208986,0.9017781193318242,0.7891722277993706,0.5734750720586188,0.9584768155797412,0.6434626343223575,0.5708152853233667,0.567616154860421,1.2097728763305795,0.44434383060070015,0.7815208722587926,0.5619939052634058,0.6930658562187684,0.778955040764882,0.6863678790205063,0.4497500330533092,0.5642833544911761,0.6884630129906659,0.8653422775900826,0.6221891933296413,0.0,0.5865064292336817,0.548054067581693,0.5356668407090639,1.0407753527688925,0.652925430437572,0.7542155554189822,0.5498956159460766,0.828665937493337,1.336378387289247,0.9222673348906252,0.7588650602350118,0.5500707461906913,0.5333114081328107,0.858052679808702,0.6117472573733918,0.8832963886443527,0.9046051445386825,0.6239229705763691,0.5956037737587268,0.7818750365876197,0.8406969586092109,0.48843382147862935,1.0189533936049715,0.7683492328043697,0.8184610150231606,0.7683478716238596,1.0587235589072768,1.0002851700807696,0.6695802527007003,0.45760264543609874,0.72996482358947,0.6978642713145865,0.7125832595813406,0.9167146770982495,1.1163754540015642,0.6949997989798422,0.6487073372378203,0.9297136567122196,1.3546928844667372
arc_pair_521750,0.7034488277763371,0.5146769272156395,1.4128586433719785,0.41246329651520286,0.29986054686071595,0.969659489804336,0.75244591134944,0.4521185666757428,0.7046104805836417,1.1464441209296214,0.7201943589113277,0.5249872710757464,0.8859935641235601,0.6810506328519652,0.6994753842787842,0.42414415342695255,0.5588842994871962,1.167883443501333,0.9712425395467382,1.4747470244472374,0.8488132031548274,0.5302130151471733,1.307063736438005,0.5080892116063294,0.5695054848984662,0.949411957248038,0.5868192958032423,0.49202235176493087,0.7549461272730627,0.46548077293965706,0.5301170004924141,0.7837611930091153,0.7476210957716278,0.41331619329211366,0.3538828532758054,0.37669850866535715,0.7602908125755568,0.8074593652706019,0.4845778995757407,0.5585013890425266,0.5495408306188767,0.3838458787670333,0.6252199173464144,0.7199972145620195,0.3031088679572688,0.8367960386544958,0.7373155572798568,0.5334593334105733,0.7842361013174384,0.5957406360367631,0.5514658917842281,0.4747938113081498,0.6858713167751583,0.5055065691638398,0.658165066188312,0.5032172147715314,0.6530215974076741,0.6903874659292604,0.5386378041160447,0.47801361983570667,0.6185168790058344,0.3586166657912521,0.4378216485306244,1.546065157099299,0.40930954169823275,0.7217368845992873,0.4833910370972889,0.7713971863166136,0.6575217206691677,1.0997522547941712,0.4977410646220472,0.4365453416007943,2.640675022467315,0.5787988684107764,0.9477229547930928,0.6879210170539738,0.5468949989735148,0.4992201446612196,0.3863357354491226,0.45006406178565067,0.6819848015442775,0.6545831447855568,0.6750341314517552,0.5700224546230362,0.6373159623188767,0.9482386873593276,0.487764963372015,0.5946056703406037,0.9192679475348873,0.38658438664037764,0.6153704802615776,1.1699331859742548,0.42873330118328,1.0553395001143653,0.5654145455010333,0.8786572522208186,0.5745549378958485,1.184261868839965,0.8622384752805032,0.41128159570272177,0.5250039663439013,1.5341612964617073,0.5104936886417633,0.7416548185804642,0.4949389016203665,0.44205233715412606,0.9874402311454886,0.4299150564717341,0.6057771989583209,0.5016474904928458,0.6799822740759296,0.6731407072066553,0.4670905517953003,0.5865064292336817,0.0,0.6671705812711702,0.5849376716558543,0.8815358772150448,0.7551289761033728,0.821521412946237,0.4245638201568137,0.8837351532445019,1.59458671031915,1.2238571971426502,0.46226588450201356,0.5872908331854528,0.8337714169129171,0.6691575105502392,0.7360012696094395,1.313818163332856,1.0200766088755449,0.5184720357839797,0.6495752584348922,1.020433846735078,0.7194164264272188,0.27976805769526775,1.3282923330054637,0.6277787998644684,1.0163548634410615,0.9109503514068737,1.3036510228544738,1.3583696086103376,0.681031500920821,0.43190323088538485,0.4491904715101247,0.8666548014804363,0.5159738770374778,0.8869269901096155,1.1867826948211389,0.37208139995921613,0.5921869762575599,0.5774349747766947,1.206669550335425
arc_pair_166773,1.0224671011893045,0.8402415038240509,1.0621721014134489,0.7350616408400779,0.6366022642047819,1.2674305448479337,1.028554949922412,0.6998282224571463,0.7094140457619518,0.8001923882564757,0.7676617456732012,0.9374342178645546,0.5618565234681667,0.9941605210914461,0.9030760150889618,0.8607436526176069,0.925783734632582,1.0476717640403546,0.618274123930056,0.8580955233865928,0.7169914181941719,0.8305442337473015,0.5378438373485753,0.9057004041497287,0.8650484308651748,0.6513490053060143,0.5925881560699151,0.779305439646474,0.663883433663552,0.77031844770109,0.978033830884273,0.8811687152773402,1.1714069248006997,0.8679990828894153,0.6133902867366322,0.7902788991474394,0.8701698295749867,0.9636812314575576,0.6908404227833957,0.9614183057364791,0.8631574695202988,0.8095267519316823,0.9687176529763865,0.9891234273088001,0.7226554303161326,0.6417898492632117,0.9482510833008678,0.8841164534396506,0.7166573240856681,0.9053152606496051,0.7961871778964095,0.5535860931518528,0.987151963881582,0.9253841954280287,0.8352494363695713,0.8966786249727405,1.032917499006586,0.7435698796446184,0.6084235719347821,0.8382896341593902,0.47282857564790887,0.8528664606234237,0.7369389179731456,1.0915885278543298,0.499520083316192,0.9642436086322153,0.8522251164060831,0.7444073962953512,0.33789078002973194,0.8869926285996133,0.6893392192444009,0.8748059553651839,1.6700976311548363,1.091704676916068,0.9597738597541965,0.9974205655215361,0.8445336631780497,0.9332046547750826,0.5470589312614315,0.9013564897596995,0.7953352548092556,0.9063842389454204,0.9128013368196459,0.7226870149184115,1.0133957784589627,0.5946118846182178,0.8524253468474002,0.6674074868429694,0.7964982864485324,0.8355806777899293,0.9223681741045633,1.0993580842702322,0.8697539067578597,1.1764338769573182,0.8169717639076834,0.7744435276759942,0.29873787847597716,0.7321998288743684,0.7897362665919143,0.7021572202963016,0.7986440439693981,0.9784754643605849,0.7146430871345801,1.0109411377247186,0.7637637616797683,0.8187789962915716,0.81979575396338,0.8282630159713458,0.5995112673553735,0.8007538563190675,0.9326968284254021,1.083616068432514,0.7765266329051908,0.548054067581693,0.6671705812711702,0.0,0.6881985181402538,1.0304756364424004,0.9399333962641248,0.9665772102925312,0.7566675041306955,0.9710197366817875,0.939610793934996,1.1475690940717744,0.7548040729458267,0.8674930729046673,0.5472828756584042,0.7804580820951463,0.6361367577053157,1.0096254018176367,0.6029244258983916,0.7199958106907556,0.7108125454791072,0.8053096047544496,0.8294198799385173,0.6904697116285927,0.848520568261738,0.9447973093052398,0.6856224645088362,0.9574093407892418,0.7184990365675392,0.9790777931740636,0.8483233759432476,0.7311826444663782,0.7764258013557646,0.7722190227778293,0.8899383919147998,1.1487992924513302,0.8983770608212454,0.7527049857783337,0.7370607763715864,1.0552621311077592,1.2050692107318
arc_pair_532740,0.3004213810215082,0.6902778664682077,1.5913503477844386,0.3807890399933239,0.3367726099017308,0.7908756966080038,0.3902225136122315,0.4671298045752238,0.6030726611509802,1.044384850259272,0.5702915336391747,0.7981430994216936,0.7857398580962562,0.4634439491504643,0.8354725139038399,0.4390424033771026,0.3916047713747236,1.538072252239267,0.9322978961335134,1.3997583051640143,0.8290138935338371,0.7263399589625722,1.1356780360451153,0.3547465496852105,0.6859268758529043,0.9776524367075844,0.5176103151929895,0.37550883768775145,1.0637102493237163,0.5647123259812787,0.4588367718235551,1.2369650684869224,0.6526881759245692,0.4699298138019665,0.2994304378254918,0.6960604536394723,0.6072565831501091,0.893276865097723,0.6168610612124602,0.8819870586319618,0.6675862676833345,0.47162625258282265,0.9199643577356273,0.6910786424188795,0.28780377509226995,0.7402830985408437,1.1637025999894488,0.7568900904827056,0.9931548048480554,0.2886185675704792,0.25725245041266676,0.420509648152526,0.6914713392273302,0.3908289177280542,0.41669327151782154,0.31471872011445173,0.6916289895654819,0.8320155962517495,0.8061770777641031,0.4656898597012145,0.8518897087113689,0.4470799471231224,0.38033365131918334,1.5736454400729738,0.6257028817847645,0.5708536247672409,0.3165177247993743,0.6930195008538007,0.692179597470511,0.9123839030012906,0.5414265392801457,0.4058029677796807,2.7664330975456304,0.5655647819424581,1.137427998547921,0.5238757376659481,0.6170891686431832,0.6367788815285166,0.6119068525722273,0.7390620448695427,0.6527995825557488,0.44150954041881474,0.8616368891402244,0.9739031752123193,0.507086401477495,1.1770298377614061,0.3800076488754549,0.646894641500815,1.0919340479860324,0.41936717405896906,0.4082025497061351,1.7669613683047087,0.526410170499518,0.8493216140286082,0.6532839007485121,1.1710710124434278,0.7385892221432409,1.1519218360923498,0.7109000667427178,0.8964692497855185,0.4731375281683872,1.774180450831044,0.6875219841331308,0.5641467764175935,0.25453620734443244,0.4997230170609603,0.5733440824991347,0.5069807810565843,0.8553217916663427,0.46245066381134603,0.2362306980151093,0.8504089931283608,0.3860356096253278,0.5356668407090639,0.5849376716558543,0.6881985181402538,0.0,0.772599600741918,1.178440419292347,1.309796141389505,0.35530014725638065,0.6345784351017978,1.8792141456652933,1.052124489609482,0.5504937429431942,0.5929212857234144,0.8295751414718909,0.6145379666619134,0.6618660373022168,1.239082739636053,1.0885412872279734,0.4870998090169494,0.9248336494199205,1.371652066773864,0.6227822985645743,0.2681496270926817,1.4649250166626058,0.7992912365141658,1.1721786505370337,0.9915304447740908,1.2510348640983742,1.4976350444185718,0.4820716408731127,0.3786233332035406,1.0231145147303906,0.9121831534305008,0.3784156335430528,1.126694819272166,1.473390897802272,0.5541928263719755,0.5545304692734413,0.7755147930069204,1.6770400207342477
arc_pair_700005,0.9927470863042086,1.1875293922206058,1.847447256618275,0.8979313700617357,0.9330836841255437,1.2947872812353287,1.0405262557577233,0.9001483899682086,0.8177938460184653,1.4022829032464246,0.93967765299915,1.2430211202197494,1.0942122700897516,1.0723807543153818,1.3280908820838848,1.1060761026636685,1.0552886179945515,1.575909789589752,1.3837290797647097,1.6787824284341337,1.2616658175382083,1.1018719847844594,1.2886138657973838,0.9267479418041031,1.005054669370709,1.465209492575934,1.0664942504957473,0.9932801395332465,1.3178508793650172,1.0423627262120192,1.0629727936667066,1.3861652750721292,1.2004966164567148,1.0660193403167693,0.7520330054918918,1.0729329237561056,1.1880444670301695,1.2136594377815595,1.0539568993312083,1.1225703304180314,1.2543795209902477,0.9124321793162602,1.2114104912636632,1.177566496172709,0.7778884983353958,1.15763971936044,1.5608896390920295,1.178324099046347,1.3117029076702948,0.9546348778069064,0.877939252207425,0.7967429111719488,0.977952875008787,0.9654763631935883,1.1000559517843298,0.9548126185727941,1.1111593882005173,0.945629992033822,1.1278839448864701,1.0478462043073726,1.0073313220001934,0.8371334189921034,0.8521954607518442,1.7954864163504016,0.951933369580134,1.3227490637189065,0.931727027156741,0.9464827451627325,1.0023068338569343,1.047300004423533,0.8242912384027602,0.7854051241449753,2.5328199689104878,0.8052072045497245,1.337825155494067,1.1367169851949657,1.1105631431296423,1.213898545769346,0.8035493100203384,1.2150996691654488,1.009665060352415,0.8282076330026509,1.202063179092027,1.4219148519105864,1.1435299667939363,1.2672760472824605,0.9755546369058656,1.0739704774709375,1.4037060899726863,0.7975143960108945,1.0248232189435886,1.8383724290241663,0.8617523796409954,1.263487751285834,1.189780839610118,1.4508116296710392,0.9370781691224757,1.4791473806597941,1.1418448585076533,1.2239497932760988,1.178171678306724,1.8192956927854833,1.0745933968479497,0.9436056203775509,0.7957506551581467,0.9503227966264131,1.1838577348925425,1.019382921134461,1.3208125260766308,0.9716655421898712,0.9688686151975037,1.0180152557280941,0.9434473885719401,1.0407753527688925,0.8815358772150448,1.0304756364424004,0.772599600741918,0.0,1.4000372061000013,1.4572905694933784,1.0394406743572353,1.3551408301082424,1.913376470422644,1.6532928956230872,1.1279876982721713,1.136451744879082,1.1955540422713096,1.064375433603746,1.129649233114095,1.6869845942280086,1.3133772117217972,1.0808328415230317,1.0301292875636163,1.4752760554013626,1.2145026849384486,0.7110003396978153,1.649559141757232,1.0908878870187313,1.328900974273803,1.0437091592805103,1.5426355009258588,1.682681224661132,0.9229001114087474,0.915654790766025,1.3659871382627196,1.2349582528055048,0.915232826727949,1.384225049612486,1.4877346662661735,0.9754184291433954,1.258617053728437,1.078400482660227,2.015413729203071
arc_pair_474346,1.445001282995575,0.8206437599873007,1.3159345396961122,0.9892981172920883,0.8363094165085075,1.5600961432189084,1.1550439048659633,0.7663538122147882,0.9541300040045249,1.3173807278660024,1.0341659729172323,0.8801362297719699,1.0719187084910267,1.3623602216302984,0.5469712013046528,0.835564101060218,1.2061883464150678,0.7971338087782471,1.0048678891508656,1.210758392304336,1.1086311141153653,0.6758346408382336,1.297311161986275,1.0983793153708088,0.8392053639110705,0.9427596946510624,0.9471858256154152,0.9878917382819556,0.8907441693450007,0.5990428599015912,1.1641972965604348,0.46652977309069393,1.4860519686551936,0.8293909587442738,1.0004260870714792,0.6368244080472097,0.9817924958595698,0.7517032581316456,0.8471282966233062,0.7374525426304007,0.91061113279286,1.0096519429540018,0.8146091733685883,1.144317440968636,0.9557326962132039,1.0436582322374455,0.5779618352972166,0.637659514400204,0.8217331895013158,1.170013805296992,1.1231883326020016,0.6582081332679313,0.9054446613723736,0.9915812752648158,1.2881991238243993,1.143021903006333,0.8331733304052733,0.9091615072903724,0.8974828830152728,0.9864841368661508,0.9699059974359182,0.7794451118378503,0.8231924796533945,1.6091075869021392,0.6572542087360118,1.1256856365813803,1.1452955739541384,1.0937425938765726,0.9060464969824712,1.3531052491286037,0.6376318906859957,1.0865830460591563,2.320908681872446,1.1926932440351006,0.920413452380674,0.9700100673911012,0.845175454126929,0.899343188293515,0.907094292690134,0.6973190175822442,0.7833558565372319,1.148488982205008,0.5799961935316952,0.5742516304972788,0.9734332807256945,0.8405392322257008,1.0738558674001182,0.8051905471123534,1.016762654114686,0.9114654435026829,1.115353788274507,0.7615784412068112,1.0650737801412427,1.262624085271264,1.235177845717883,1.0036450813504667,0.8418359690341624,1.4224007995411632,0.8488857788375737,0.635379213736792,0.8327592704322018,1.2854072385786983,0.552159329107122,1.1834822571455885,1.0581119650562494,1.1529920681099153,1.5483783117027363,1.0193332650419333,0.6230028326654132,0.8325393793988236,1.2913437219295307,1.145128084873963,1.1077944228326297,0.652925430437572,0.7551289761033728,0.9399333962641248,1.178440419292347,1.4000372061000013,0.0,0.6309109222114162,0.9256886829805983,1.1750329338807841,1.4822789107499543,1.3737382995176315,0.9803738543317713,0.739869362392377,0.8426662280271398,1.215876955163142,1.1383114214219172,1.2316371010562701,1.14360992196477,0.9571059109113379,0.5299027385338599,0.7742720568384942,1.226912069009385,0.8660960106961324,1.4094039577018407,0.7819238230002612,0.9731753964392413,1.0617189801417024,1.3642446837435873,1.3987785327684268,1.1746526843064664,0.7955855735124089,0.7085029186672058,0.9637159114239318,1.163308846235788,0.649257311148956,1.3583189982863084,0.9172486659648255,0.8664829795652376,0.9833021707187619,0.9600771270135211
arc_pair_460240,1.6729070120698348,1.1499896013693909,1.5495262438095492,1.1070219506593606,1.093837302741653,1.715937976996482,1.447419033163958,1.0030337786067127,1.1028186031786293,1.4682889063040498,1.2839098612521718,0.7047905765005413,1.2206562138142254,1.5474838446659192,0.6338218744650677,1.0289773566527378,1.4739523328997002,0.9722802373094486,1.1925847489266879,1.3027108014052224,1.1055705029956782,0.5551868992833516,1.450722671067128,1.2946214330788888,1.0468105452559857,1.1224415052829932,1.2136850378927155,1.2268642459121932,0.7435572095048607,0.8831155712378933,1.3088756368564305,0.8536006725813099,1.7140630605004974,1.230681324546102,1.0878141047546666,0.9106120642581093,1.1781798543762314,1.0581516767295398,1.1067116886626165,0.7742514665005479,1.3179626027880635,0.9435004315233659,1.0804816225536493,1.464322478170084,1.119657501973154,1.0709940141279795,1.0657795432517352,0.899806903315099,0.9247912622124197,1.3879558068775766,1.2561213845046273,0.9085589004095983,1.316393818582919,1.2406407103140962,1.4466739315337582,1.4796774565623103,0.8136226434981237,1.2097333179539211,0.8454419917200162,1.3358422704720974,0.8372936447337596,1.0091174308271496,1.0259816292033053,1.579822453637564,0.828633832187117,1.5042345621852518,1.3837865889632586,1.2816562789181962,0.9008917099574845,1.4766039141272458,0.8964414013185421,1.3513428583977802,2.3510505522018996,1.4944353307068134,1.2109434334922438,1.1788918139639586,1.0492148850378236,1.2729036538897092,0.9921495637213329,0.7336107895668347,1.1997878803260145,1.434294034661903,0.5936742336132306,0.6608011125808972,1.3308027524482902,0.9151595053079056,1.3732615817955067,1.1059672189727803,1.1883577161928183,1.10352550889845,1.4303374520728065,0.6780958632804107,1.0711124949097708,1.5390531389423807,1.305424866633955,0.9280440218867787,0.7964563074222095,1.3252109274862995,1.102112150382989,0.5928718231312264,1.2229077027686412,1.170564079077297,0.8716306746982823,1.3866341325699294,1.2073066766586074,1.2579885756146143,1.572802294365673,1.1729682242775188,0.8272549843174118,1.193659416912772,1.5223178256106173,1.3687373671079646,1.197267663246134,0.7542155554189822,0.821521412946237,0.9665772102925312,1.309796141389505,1.4572905694933784,0.6309109222114162,0.0,1.1522825227680422,1.5877683726103133,1.5022176383357122,1.6214532968879514,1.1865030477115264,1.082646558454592,0.9399855573224889,1.3439060130406206,1.248699302237931,1.3707353225929713,1.076221030187709,1.2876150998788065,0.9010369278243817,0.9055346910956039,1.3669636484455991,0.9230586812760518,1.3175216835676995,0.7129958105525779,1.144471816504631,1.2906369612756725,1.322135294540018,1.5197932416429034,1.4088245568078372,0.9967824581434582,0.8180455580031852,1.062402617490606,1.395319752201293,0.631097854017745,1.1843398796504232,1.1022054949637783,1.2537337945547846,1.074644080058855,1.0514100776907482
arc_pair_594335,0.4383305669913746,0.4547819275451994,1.66657654454373,0.28627820587372055,0.25123985393286624,0.9280753180222381,0.3911229237714856,0.38170375197465845,0.7099778293133727,1.2616839800588746,0.6605941070660588,0.7030532864698945,0.8359603670605176,0.48652456646735104,0.7974747298363618,0.16143811016433876,0.2917279310799469,1.6024666467564643,1.04997245498992,1.5069082497700017,0.8551631209010517,0.7272077340721659,1.5644063334815799,0.2131071777434982,0.5370932801104911,0.9722248407526412,0.34266140051041394,0.4346020006957653,0.9520411659196806,0.3277467533863899,0.32758175499490905,1.0361950366502275,0.6508004658185534,0.23546888093390828,0.3464272265392439,0.43246720756431245,0.5300481703316975,0.896383043449998,0.40400657350717756,0.8678636931947973,0.3576219855810445,0.5057999902132118,0.78673597278586,0.5730728225884109,0.3048339976198382,0.7961968756500665,0.857687300396847,0.5701231583846675,0.8400892798727531,0.33716175246668667,0.4089054811973098,0.45527105964650993,0.6101084014701199,0.30732971493322436,0.45623491454887855,0.2941445683917148,0.7365112938104084,0.7764493822387125,0.6469963735503222,0.2882647420214974,0.8505760985834221,0.3834195442196633,0.46382462723828194,1.7074432504383168,0.5186495515612747,0.423470061795276,0.2624202796387441,0.6085808761380262,0.8507592882261219,1.1147693814524868,0.5056177786049263,0.41295274303773755,3.0013401067635432,0.47837262958509386,1.091531608744845,0.4487959882831771,0.44284994818283296,0.35658403672833994,0.6114679000780019,0.5727767520531061,0.6994715749692082,0.49338111723921974,0.8974200331358376,0.6547145758985222,0.4256239234170882,1.150037342549796,0.21274010563420265,0.5718443049542816,1.0918425393673794,0.294935765760178,0.32061948893030157,1.6788283033580735,0.3984052138212514,0.9130101924319669,0.47101752788335005,1.178872454915207,0.7616348851048302,1.3189405761383999,0.7192812779485425,0.5316397057418478,0.40228387063725896,1.882939111571418,0.5220622710063272,0.7043532460157925,0.3451728797718213,0.36373508579449365,0.8740434027793145,0.5004911536292709,0.6963546635468129,0.3684517469963682,0.49652109213903656,0.8432098113719138,0.40475937455562006,0.5498956159460766,0.4245638201568137,0.7566675041306955,0.35530014725638065,1.0394406743572353,0.9256886829805983,1.1522825227680422,0.0,0.4354781279137389,1.9791745867030235,1.093847465533135,0.31110475243214164,0.3547936739244435,0.869348310208077,0.5460647325416716,0.7334979883225674,1.3050953224549144,1.2360745950856589,0.2861630882180445,0.9558264440962163,1.3668814325738419,0.5237233295858604,0.29869848251052916,1.5266589771762704,0.8725879043155959,1.1679694140558248,1.0209474700573709,1.342590971438585,1.5505791246944394,0.6464573602711731,0.32943074785199944,0.5783138478529511,0.9877687825217121,0.38027159688264445,1.161664637579517,1.551007354398198,0.3001509267397947,0.3342703380108816,0.7065162940628804,1.5895450425991804
arc_pair_24655,0.5548120607351212,0.5842197615959119,1.8789734861266651,0.6031367485563978,0.5866672081857628,1.0616739540612352,0.31642838443144855,0.5583834113642149,0.818690730319783,1.472436954704988,0.7979058054787505,1.2374457427635634,1.0896274157085815,0.5327644214597349,1.261122820701057,0.6655159915854914,0.3923726134468404,1.8300671657004985,1.3358628812365945,1.6586472406370254,1.2217565121593386,1.1945292511095642,1.7041840109730058,0.5504541887770159,0.8539970623838329,1.2628523158613438,0.6316769928513473,0.7779752228359313,1.3228464733070897,0.6117582018488772,0.5555836348006693,1.3441160376482817,0.8377976203994679,0.34562712368863674,0.6878340388059273,0.7116690917419398,0.5082028540622597,0.9391078814045474,0.5333567267336224,1.3785036462132592,0.4754758505189336,1.0183083083472608,0.9938212085338518,0.7358085637692482,0.6327902679009743,0.7087312066889461,1.031442071147688,0.8488364955102725,1.2424127829387634,0.6066348152974999,0.6256017605056907,0.556237291780336,0.437333676737931,0.5232285788737296,0.6954501788257543,0.468103983307995,1.0829037512907314,0.8453566584910653,1.1718155585580667,0.34515638217583966,1.1326841102678955,0.7061600644668913,0.7136708063955716,1.8235937156352213,0.7869786285369331,0.40061454130196106,0.5361441409578498,0.9115972382763748,1.0881095028309997,1.4337371502676772,0.5396935616901217,0.5638379832476947,3.155091683754006,0.6686959749301669,1.2169437130722587,0.5248725763360829,0.6107897180477604,0.5465321977432172,1.0190540297691757,0.8609444667097549,0.7261634157025166,0.54676827214631,1.225842139001172,1.1730762790563811,0.6669819726598913,1.3668509709934056,0.3573662956082917,0.6331665899713951,1.4015464287297061,0.541471031247223,0.5423798928095129,2.1255071677150914,0.8204377142010488,0.9294287988944343,0.6385414937891457,1.506163119352669,1.027100985998952,1.6035324476443797,0.7423407116840508,0.9731494674379595,0.636614174559875,2.2556437525090534,0.7525103582042346,0.7236753536771594,0.6852412025139971,0.8010936662014014,1.037982501550097,0.7864417210796639,1.1520766927710488,0.4046870951565239,0.5828598011066137,1.0875872127250241,0.8059639990203702,0.828665937493337,0.8837351532445019,0.9710197366817875,0.6345784351017978,1.3551408301082424,1.1750329338807841,1.5877683726103133,0.4354781279137389,0.0,2.378593451459422,1.2562707074273693,0.6038486343768584,0.5912675768379301,1.0493074811421195,0.6725558615890349,1.0042533803766887,1.455651510622756,1.6086476392173241,0.4748527337964772,1.0407371128062848,1.7287330193479746,0.748576101318242,0.7266017657460153,1.8100367962840316,1.2106528637919385,1.3714288633800822,1.1109733471815453,1.3481411938888732,1.7123263583473864,0.5740779032557213,0.5162412643915457,0.9076085086988506,1.1593314094375353,0.5529809704443587,1.4999725411964424,1.9930804583693997,0.6721373908021719,0.46947984290604505,0.9855114926184364,1.8660798025964602
arc_pair_278581,2.439140620820639,1.716388187512378,0.7940335524634203,1.8211256620247604,1.7588706765972568,2.3402664388408714,2.2630572034674206,1.6040692558450433,1.3375342226926328,1.1149477150819047,1.6330811001099201,1.8214828303348165,1.1142576101502253,2.3499569015983637,1.6456339231084924,2.022535698523137,2.2818285832991574,1.228380046522331,0.8912873710265308,0.8434851490068649,1.2305361321205908,1.5776905619133808,0.6757229695279583,2.133241298572433,1.7080618033782986,0.916050821407977,1.815872963519052,1.9540821816237925,1.1571460625431258,1.6924339494046192,2.268875876124423,1.72769165272666,2.443942477464251,2.0479214656873284,1.8741296744249902,1.6545207726870235,1.8633057514151599,1.5140077581205211,1.6013328197727335,1.7812969590398011,1.8599251632815221,1.7417776343309102,1.5207192354715344,1.974671487072726,1.9433273126237112,1.4652290946670747,1.4002285807619936,1.8612354373554767,0.9440866570448605,2.148908761400193,2.0426260527969076,1.4147928868173596,1.9635681398113873,2.1281668990948766,2.0860825354018155,2.2311438169147437,1.9916517293283447,1.4347794368887437,1.1265709813611435,1.991720733894006,0.8583493410767669,1.9767798081130086,1.7994651112702518,1.1767988135372316,1.29003586326426,2.047781421786876,2.2424333194491752,1.5858422702953168,0.834992620028104,1.557567259215582,1.431926874117067,2.02723670680533,0.9802823920958512,2.3450896727012283,1.3028562289518757,1.9863200279987652,1.6770530326156634,2.146484331048989,1.2515573886605966,1.9103811852218993,1.5257080021771792,2.047935125580725,1.7532680846166813,1.4613896102398798,2.0010241807420712,0.73414767103996,2.2326926503742976,1.3209354356433445,0.8939199595205833,1.8491511930745808,2.166976668011647,1.4590100074669201,1.8852666969985137,1.8636245664943898,2.112519317267374,1.15415559084672,0.7931264878308801,1.2363261820258784,1.6240459476844344,1.3824604004199492,1.877367396493603,0.7313062851392115,1.4575155776106623,1.9649797782052718,2.000984394921062,1.9910712956864836,1.8663570414438642,2.081307613872059,1.2253063287757464,1.9283907019892,2.3110554872012683,1.7584113833231452,1.8799632532112256,1.336378387289247,1.59458671031915,0.939610793934996,1.8792141456652933,1.913376470422644,1.4822789107499543,1.5022176383357122,1.9791745867030235,2.378593451459422,0.0,1.6319150070089545,1.9850404761104667,1.8615074394747158,0.8741720566157856,2.130048057569204,1.4118116004332228,1.202617309543364,0.706223792732239,1.7396636189031849,0.9274718510594512,0.7453414126162057,1.9905852564469462,1.8065563355245795,1.2987674033735244,1.6174804831064413,0.8697583655724319,1.485606257963763,0.9604600094082187,1.0269771055945296,1.9415248698696779,1.7535100910218355,1.3202241753154962,1.2150390197218863,2.089528292158579,1.7132229045690464,0.9336743580558394,1.7589846641468954,1.9265343658908949,2.1565175256748477,1.7627534700767455
arc_pair_75573,1.3244513962056321,1.1438380606362957,1.0093912180165838,1.0340185137625653,1.0896203371008963,1.4909001922257723,1.100032984090977,1.0592671412755945,0.9979409445989728,1.4639984221679323,1.2122109341298608,1.4707075033051615,1.208764092978632,1.2629089101556898,1.3942157148927583,1.1446681741556233,1.1779676973167912,1.7417709645531452,1.0570264462417505,1.2871394252384607,1.0626268910469998,1.266555224889903,1.4507788103521575,1.312258497921585,1.2517820871362408,1.0054744907621704,1.2874013758641336,1.1295783514656503,1.2588586252996898,1.0612921869882492,1.1836303990650938,1.5536656350825073,1.4945565990733412,1.1765074594544231,1.2542171420542776,1.1148370087893613,1.191998735044523,1.1099527539756324,1.1413658727497462,1.4421465362269132,1.2107139921825616,1.16518219651983,1.2823848600950416,1.2157033215971829,1.1880039010805457,1.1678747177075408,1.2320727716211204,1.2861998237601102,1.1858238226480977,1.214316642167481,1.11009030385405,0.9483280328543687,1.2692469411724663,1.2677534326668638,1.2733735477531574,1.2721510886925653,1.3786593270342964,1.2329846959294297,1.3643873759329042,1.1634754002151668,1.0685559424730617,1.2240286442030446,1.1300723955406278,1.4662106892531146,1.09563869989764,1.010806182480776,1.1884920172415918,1.3072677199606209,1.125512094861838,1.2854660303732919,0.9539852209763853,1.197297716277809,2.261140614721408,1.3492854872816498,1.162372895026893,1.1279569907698261,0.8789086426462461,1.291980659052933,1.1069964299749058,1.3328583354293997,0.8980244742252216,1.2463679863964026,1.3018164860627432,1.4756365691465763,1.1709448537889418,1.1125059837352025,1.1306188217777724,0.9346912151418378,1.0447227394566014,1.1220913909144126,1.1487654027095477,1.9762852768674048,1.1759260354798617,1.1593220435453295,1.4077690855467964,1.4002508489825192,1.095586375687172,1.538728927689733,1.2693044190304559,1.217922296881833,1.198122824483108,1.4444635525085727,1.0606150082309824,1.2200514339723991,1.2582488450340588,1.3866800406541462,1.0926096526703897,1.2433316571477189,1.1564716231801273,1.1373880969926407,1.2065379189413565,1.3755911811845807,1.2075353708746694,0.9222673348906252,1.2238571971426502,1.1475690940717744,1.052124489609482,1.6532928956230872,1.3737382995176315,1.6214532968879514,1.093847465533135,1.2562707074273693,1.6319150070089545,0.0,1.3144786480503117,1.1975237779193502,1.0433701643924123,1.3559231925828712,1.2930775421124587,1.1437347124103345,1.2939204645353561,1.0180143733872342,0.9782914808915153,1.199414303857529,1.2089632569878832,1.071699996135699,1.7082295140588737,1.439198645907004,1.2195826857989196,0.9994922502189891,1.2297571197734334,1.2725284870695368,1.1754233089844097,1.1316551357972051,1.3060820542668792,1.19547970746925,1.2415047809894446,1.5480573807182152,1.564262579545438,1.2123610206992603,1.1589583662024205,1.5608353777665323,1.9396400918242236
arc_pair_641885,0.6487362622976887,0.5915328671429387,1.7059960197662853,0.417471575546433,0.4053346588878891,1.025492148496848,0.6403454109319968,0.5296450787943001,0.8729134823931692,1.2934517599585087,0.7973275153713776,0.8469776293930968,0.9858646830025863,0.6453755548165205,0.9606513040341216,0.29943697341762543,0.5011654788246223,1.608164000487518,1.2007482869755348,1.5553477670376745,1.0263821022975341,0.8672030796426581,1.5139306430369794,0.3968426165806127,0.6149376108790487,1.130966584499085,0.5792456553847732,0.4895815172451004,1.0506461206527642,0.5557593674130927,0.4365252866257049,1.0313064553540878,0.6896906731165535,0.3786724078435177,0.43268445376659165,0.5396696490351154,0.6276193895023074,0.9645983105369362,0.523989493056989,0.9190610248954674,0.5355502550270347,0.6544547194407664,0.877416698206585,0.8318493789149513,0.3942526741850014,0.8574492792637074,0.9397935235605424,0.6309017222923459,1.0187071545358324,0.5336065345290335,0.6546225549352811,0.5561512499176268,0.6879889421724126,0.4516037607622239,0.6381075460751835,0.4389852749325557,0.8583664248408024,0.7897152545877775,0.8322361577906657,0.5127394110690964,0.8751629943500335,0.44248822325942894,0.6327052744177022,1.6450642213048328,0.586921012678206,0.7061985275809894,0.42163311202795445,0.763463901944015,0.9001349011321599,1.2780804308131222,0.6492123620651666,0.5706776274576175,2.916958034077678,0.5802764122901067,1.162870181570686,0.5992580779000165,0.6699785297575629,0.4747534120314228,0.6835197756525262,0.698534281358392,0.7629301939493398,0.6839948171490774,1.0192535411099417,0.7658375866508998,0.6742415672311792,1.2226662016675849,0.39041726654304765,0.7444433170327065,1.0979172067806189,0.42358500849858916,0.5695307658804456,1.77062458768974,0.5348588012425817,1.1295596909682732,0.5820885451188392,1.235392097415606,0.813142288601435,1.4009047244767827,0.9019236020807404,0.6153011974730737,0.5848709369376026,1.7994058594282218,0.6851035961667703,0.7844458888133472,0.5854650895656675,0.5037829773627402,1.0288583226126515,0.6378401217399037,0.7924121335742826,0.5173247511302959,0.6680919447709263,0.9016500627892083,0.5888547619406985,0.7588650602350118,0.46226588450201356,0.7548040729458267,0.5504937429431942,1.1279876982721713,0.9803738543317713,1.1865030477115264,0.31110475243214164,0.6038486343768584,1.9850404761104667,1.3144786480503117,0.0,0.5492173952506751,0.9277632030807174,0.5835501636182399,0.8865532660813222,1.426227626906683,1.3030238098410105,0.5621271366566242,0.9395531571307776,1.3374828389555855,0.6494844002896588,0.46845008704603586,1.5802903890306126,0.9282315161414465,1.1488003692322275,1.1768870807583502,1.3349405239482925,1.5274683320186178,0.7438441542698874,0.5161786034787854,0.5672920682557221,1.008176533214436,0.5186249341012543,1.2599364815899075,1.5343369233315638,0.4629257973321335,0.5739348146770482,0.7381758437068249,1.473261396922884
arc_pair_292663,0.7202754424510427,0.5473886027671708,1.5504602292408438,0.4631550963222845,0.507913888217866,1.019944328803331,0.4301247513535611,0.44423706838945876,0.6583590528515084,1.258984969950856,0.7430143842020484,0.9280923359216593,0.8918708610258659,0.6381463640550462,0.8337757779001249,0.433969588462354,0.4806482072077607,1.5051351910563675,1.1059191070621197,1.3835653766981162,0.8773923583749332,0.8014589619981618,1.4974586794527656,0.4195278215986893,0.5904604764189865,1.121997695247492,0.521017448574137,0.649493953458293,0.9424899382614083,0.30284097230222984,0.43016954879975533,1.0261443330091484,0.8020362023165877,0.40225823203440647,0.4256320780281432,0.495671471194191,0.5400932677213643,0.7535602058488711,0.42421401415109355,0.9871038187489227,0.40067075286326725,0.716738959924041,0.8049664858012002,0.6831519610692167,0.47946237137833847,0.9528657985548121,0.768705658515377,0.6007693260663537,0.859709747041832,0.499166158717923,0.6281980783339018,0.4717371105137837,0.5962546238950179,0.3736452000920766,0.6455834862279369,0.4697620978316066,0.8002541294249903,0.8217226955928176,0.7680389348536114,0.4180079996711947,0.8571196429269097,0.40298898441839587,0.49018107743510264,1.7458057694167355,0.4687794514830962,0.7145250612576244,0.4958757739412771,0.7541781883200636,0.8417989637955321,1.1944676685123143,0.4442709176091233,0.5430437963914244,2.770597077918418,0.6287565377064362,1.0664198666814406,0.4136098989689036,0.5033872133243531,0.5240016981661761,0.7372109991158493,0.6083353018830977,0.6941459432862822,0.6104247819061696,0.8845753348478089,0.7582583820653432,0.4783619216334519,1.0008243623542068,0.4387047472959227,0.6235665193645883,1.0951042912803355,0.3621538663692825,0.44423664885375047,1.5596752206129514,0.5504017225977331,0.94787991822332,0.7858274551696107,1.182709249625685,0.8132134830843594,1.2902205486749874,0.5748078558869477,0.6341294611261522,0.5267812369405618,1.7599267529654112,0.5571191258309104,0.6998523227874357,0.5541632962358987,0.5903959104722936,1.0456588404306313,0.6141917456430604,0.7147473153249558,0.4120505409089148,0.7673338098039866,0.890430259069457,0.5530778173710573,0.5500707461906913,0.5872908331854528,0.8674930729046673,0.5929212857234144,1.136451744879082,0.739869362392377,1.082646558454592,0.3547936739244435,0.5912675768379301,1.8615074394747158,1.1975237779193502,0.5492173952506751,0.0,0.8225680621508943,0.8304909489582548,0.7590427933210719,1.2159981765173642,1.2983111735626496,0.43056250256780815,0.8474230885009093,1.2481577751420638,0.7372561293380635,0.40897421283792523,1.4966115324641847,0.800396844425167,1.0174710524397046,0.9446510790945262,1.2923658452226177,1.435386955921392,0.7160849127849335,0.3318021687032625,0.5029802811822399,0.9516324043540558,0.4770525900731152,1.0937965623804038,1.491780954206456,0.4759945844400181,0.5868000594945042,0.7634623832656533,1.5700603443683527
arc_pair_39421,1.1679653743129703,0.7217761049267091,0.8749044351588089,0.8156804730299307,0.8402771394563089,1.258743773448575,0.9026266977426802,0.6154350643708125,0.5711582000146491,0.8352191229932046,0.8072152270806663,1.118435469367097,0.585145862860057,1.1577205673280386,0.9121277377408682,0.9112702812935721,1.0408047007816106,1.0371759350759513,0.4820168419921248,0.702365017063321,0.6796380562375237,0.8974870550085978,0.7627307655583381,0.9570800084810491,0.8057493263333864,0.5962597846511897,0.8923696929567562,0.9716909931802427,0.6712587361599507,0.6708432471186583,1.0889256571615964,1.0973487984402557,1.2731241421521282,0.8529736397236651,0.8856127594882219,0.6869624053454125,0.7459455387517916,0.7406674330845614,0.6882160265882291,1.1677158123706066,0.8357737610524809,0.9084158728081391,0.716291932320801,1.00410540251977,0.8435280188059491,0.6224010308176577,0.8042454124403768,1.0592131520176382,0.45025289864563345,0.934908760828961,0.939996816069119,0.5530478675955821,0.8703288555258628,0.9297088599839081,1.051809756673089,1.0559056305052006,1.1536912576553298,0.794709350582517,0.5978548547911279,0.9062142481532534,0.5008471007546103,0.8628718453440136,0.8253862773395316,1.0602010703048093,0.510585376832721,0.9533160955609945,1.0440097473513963,0.7523371192642367,0.43553496394247887,1.0178022604744763,0.5436230018652148,1.0068896461373433,1.5690707427425457,1.1904097721531386,0.714256854469939,0.8611613807938663,0.8329810502741487,1.0170477623108332,0.7388326801694529,0.9479021228276798,0.6248636058654604,0.9711038299303031,0.9773832719210352,0.8781917582826383,0.8852629581956174,0.4314773454990751,1.0166910186920033,0.5478751859785553,0.7079701447197808,0.7739335051386377,0.9960891337498048,1.3240904565229856,0.99727174085119,1.0726211777538512,1.0410556292843443,0.7791050512388498,0.43008449691342937,0.9688350537683047,0.7486910924357228,0.6727638652000538,0.8544848656022168,0.999992577023054,0.6158405248473872,0.9523822881532665,0.9920494870259782,0.9764575890917953,1.0058228283113855,1.1311948666906484,0.6660483135705175,0.7528344379031136,1.0228803490371512,1.0452003290067027,0.9492077427321723,0.5333114081328107,0.8337714169129171,0.5472828756584042,0.8295751414718909,1.1955540422713096,0.8426662280271398,0.9399855573224889,0.869348310208077,1.0493074811421195,0.8741720566157856,1.0433701643924123,0.9277632030807174,0.8225680621508943,0.0,1.1705018261443816,0.6361405664936053,0.8016433578426263,0.5623295737317517,0.7764414544960325,0.5703918571000032,0.6583286889852398,1.064131049702656,0.8378068146901954,1.0659009466217275,0.9263327375635678,0.5044144209288168,0.9148514052592751,0.7116405396689005,0.8857066105256235,0.8726777857285157,0.5961513200860493,0.7297424028542816,0.6583195446147891,0.9383486201522284,1.0795075129802132,0.9143567993199011,0.7918744365366261,0.853988767111431,1.2998597324425392,1.3971515687549396
arc_pair_703887,0.7151200529265946,0.7578956079007961,1.8827478539271323,0.5901279536929553,0.5745106109741409,1.127249244459244,0.6858840037218155,0.7264202928626338,0.9051320549634171,1.446318603546427,0.885247582337052,0.8421873157231078,1.115285317785598,0.7825102664175061,1.0788784082648282,0.6276235146068294,0.5702422037654428,1.5516053662974014,1.3082720719253829,1.6720192560271876,1.026777283376563,0.8469208713929908,1.490647937452891,0.6570819316224391,0.8144961602101115,1.244327228941664,0.7319737132225217,0.6691234585974388,1.292118361231358,0.7129845146102403,0.48071036165432746,1.2074265429497513,0.8804789752067181,0.5734966309937906,0.6501351102121182,0.7308444638822711,0.6939967013534074,1.020652986096858,0.7331304717999487,0.9136814062403656,0.8053183766072565,0.7278532686598262,0.9532790317082294,0.8745555340880353,0.5131588274701269,0.8888665627290866,1.2049733218269125,0.6720270310200573,1.334004089415217,0.6647085986116973,0.736458399376883,0.5272988221001705,0.7871396916756519,0.5144886715209338,0.6890214120317693,0.721220843718188,0.7608593128583672,0.9962448797641027,1.1486539370870097,0.5614225486211316,1.0207466662466242,0.6821820986012094,0.6155846493423267,1.7023359688871165,0.8113413812502287,0.8931783934239222,0.5456813452643439,0.940055960243084,1.0044158923381978,1.3895387253607214,0.641246658511772,0.6180155013533093,2.9169262411781087,0.6555655064041357,1.3859495774312331,0.6878254699450551,0.5945413235107462,0.5880028990158859,0.8425589449446061,0.8359290298230736,0.8728271538083349,0.6803903991862352,0.9327276443339403,0.885556307243428,0.9205891208818677,1.4127210403624881,0.4670447355373347,0.8437000002447177,1.3404895784953086,0.6320401367903645,0.7303977034297191,1.9149580546571088,0.6288413078764029,1.1507433143247345,0.7010813362157207,1.3913444040990703,0.8851524623813726,1.4220040899380906,1.0636561819642685,0.8532118840353696,0.9167828593326939,1.9141623454255714,0.8259685920870952,0.9118804444382789,0.590652516064228,0.630143296934138,1.0861320434662018,0.7178678978058501,1.0836444194079495,0.6072212343630301,0.604297408202762,0.9514648104591066,0.79986695452173,0.858052679808702,0.6691575105502392,0.7804580820951463,0.6145379666619134,1.064375433603746,1.215876955163142,1.3439060130406206,0.5460647325416716,0.6725558615890349,2.130048057569204,1.3559231925828712,0.5835501636182399,0.8304909489582548,1.1705018261443816,0.0,1.056047748116338,1.4690766810820142,1.38386849217874,0.7452150546568657,1.0555880066232937,1.4517876561975598,0.6004706063259153,0.6165049839859219,1.765417076834547,0.8734739867226307,1.4765429954397549,1.2662962241627884,1.4585947817442984,1.6678519821020426,0.7571155408973744,0.6657729946247115,0.9002005141963325,1.2259071836134174,0.6417959958544994,1.2214175635280007,1.726233790140391,0.6202168363119018,0.7138006748620891,0.6498915789719508,1.6236608004813018
arc_pair_22407,0.8719863667800617,0.8012143933704403,1.3208797947536761,0.6338759694303271,0.6644378217999097,1.1081195599028821,0.7500970956766613,0.6530969553823001,0.6305643205711529,1.0231676360896413,0.721953694887294,1.102389022148683,0.6917691300906108,0.8536499660868132,1.0726898868918426,0.8913186900427079,0.7547421003746665,1.5069118938706794,0.7951289668235109,1.2147952787156366,0.9107001425030204,0.993597114699901,1.1223207960255688,0.8475524819721999,0.8745181755354379,0.8582463655345283,0.6321242288170232,0.8188730910426856,0.8534334404361128,0.6760550733460298,0.8358118053336404,1.3065364320664736,1.1269664487113362,0.7861958960840948,0.6530806803659023,0.7737096915701562,0.8005496088497956,0.8945931346196323,0.6544470957429428,1.1774173291906183,0.8032683247074242,0.8389188928191378,0.936859895380809,0.7913811561790972,0.6398158423590026,0.9609110231997722,1.032107167499525,1.0797964871347747,0.8028167892500159,0.7714615783652311,0.6742205220972258,0.49640706616966634,0.8879079899845316,0.79457698432437,0.767453248801994,0.8172217434364554,1.1436930425687355,0.9356004680156986,0.7404957999968329,0.7533968038082924,0.625185300020752,0.7567361338920611,0.738893058785557,1.3925288537438847,0.4643757643896314,0.954725449710219,0.7645736202461011,0.7575646886857867,0.5853929410592221,1.0682935175388117,0.6432466137879372,0.8088123428436869,2.3244570312949517,0.9994958622670076,1.0091177363257733,0.8521388437404358,0.7976647199770971,0.9704680767112814,0.6596819767068097,1.035682906932251,0.6855901366590151,0.8236029333465642,1.0540657885823057,1.0774869381270562,0.8792993251487129,0.8595948425278549,0.7399747841035973,0.6535973847183898,0.9283590263985304,0.647833904233586,0.7390814414224355,1.6747400305484028,0.8272468807848035,1.0813242379640933,0.9195797730265769,1.0997233397411585,0.6264646805688624,0.9391654887858483,0.7118636554193867,0.7575287325551029,0.8345245175821323,1.4955457550855051,0.803207555890871,0.882851421714014,0.726014128475893,0.8125146706264554,0.8185699695774491,0.8542911003110897,0.7757184580806944,0.6120510770354785,0.88226946575043,1.0443232533403548,0.7489853329600622,0.6117472573733918,0.7360012696094395,0.6361367577053157,0.6618660373022168,1.129649233114095,1.1383114214219172,1.248699302237931,0.7334979883225674,1.0042533803766887,1.4118116004332228,1.2930775421124587,0.8865532660813222,0.7590427933210719,0.6361405664936053,1.056047748116338,0.0,1.0626791537393205,1.0094141361595041,0.6787552154888722,0.8521168598428275,1.0974354331476646,0.84715030207158,0.6195419218986852,1.3724778619916604,1.1067953804536617,0.9958404376894961,0.9336479283721557,1.0848610794998663,1.3098495448863765,0.7674686487434645,0.5560733840783814,0.8769075391043628,0.8722032501169281,0.6641702960218105,1.349032034830942,1.193219278234428,0.6261291889909133,0.7939543492612864,1.1515646405128568,1.7457570912459386
arc_pair_717256,1.556175378190947,1.2477353101665385,1.1395062490092411,1.2034135328275877,1.2823520480053454,1.630063429927628,1.2579806900839603,1.1071361318010655,0.8953948879440832,1.0578540791548776,1.231262131929034,1.575290950003549,1.036973333703471,1.465762011596236,1.4478422103905615,1.3683446780003354,1.351272202207869,1.5146016123128032,0.7648770271246317,0.8252854692546964,0.9400810703769173,1.3631050686306116,1.23081421627406,1.4521632059235234,1.3380577773060134,0.8500275225030016,1.1837630499559864,1.4019316818304448,1.1336360912548429,1.0669380912601842,1.35633225539923,1.6368467834706206,1.697766829481409,1.3706624441477557,1.3310238294134196,1.1444446578674088,1.1969279808339155,1.047134944136186,1.0254229285495071,1.6531044279680818,1.2691604713011493,1.3656656214472467,1.0038885583343033,1.4018757414331235,1.3104433211343163,1.0726782595818458,1.0966353276226726,1.4882631128208184,0.9112706519209779,1.4297698718905065,1.253943212672219,0.8989737339376416,1.2298686921783593,1.4139109889497323,1.4789736817343941,1.4505065037102156,1.5554154702784264,1.274203353395141,1.00719867130414,1.3248744440410696,0.8777149539133893,1.4110435306354596,1.2764305613385478,1.3142244875629843,0.9255513039704493,1.3469125214466247,1.4244191596661693,1.1963194992363668,0.8033226007067027,1.3154407521296325,0.9227570895445943,1.4133677613844604,1.929225541071895,1.6601047528013748,1.2833616629847353,1.1354999807955297,0.894687589762963,1.5178620683780988,1.1314281947802807,1.4997568567360318,1.0254252531839343,1.337278939745889,1.372381559374921,1.3284900056317308,1.4167494218357726,0.8276138460821645,1.3667680591841187,0.8056580707902219,0.9829430187350117,1.1714387543368496,1.3479766339966857,1.7520348144328706,1.2919880579252812,1.3396649392979392,1.5338680036739682,1.1380068179165317,0.8278535778266087,1.314738263565439,1.1106059360229215,1.0938233718260861,1.3333835857883636,1.4049380641625906,0.99033238301653,1.2585619052510817,1.3032737187640209,1.4784381683928498,1.1422489925084602,1.386588448944104,0.997270218575526,1.2434019823552913,1.495029728609493,1.4968154054974203,1.3474788418329693,0.8832963886443527,1.313818163332856,1.0096254018176367,1.239082739636053,1.6869845942280086,1.2316371010562701,1.3707353225929713,1.3050953224549144,1.455651510622756,1.202617309543364,1.1437347124103345,1.426227626906683,1.2159981765173642,0.8016433578426263,1.4690766810820142,1.0626791537393205,0.0,0.9288783753204553,1.1536004468534407,0.9186373387482671,0.9552830714178835,1.3321178074540738,1.2447634851920961,1.5010317465292609,1.4283225121362846,0.9715395972929917,1.1569234651289153,0.894163844525502,1.1177911107306586,1.248812346247345,1.18689132867365,1.1309824261992287,0.9760479123878782,1.33512881449717,1.5776287176815746,1.3849791189566814,1.165332520266422,1.3860711503445882,1.6999859281060399,1.9076980721848742
arc_pair_89302,1.5571552811700842,1.0623246215716964,0.811580174259662,1.1355265021090473,1.1024552473459726,1.7407275512254345,1.5290847965022338,1.013049227886717,0.8930642624085492,0.7274644861051358,1.2462215284858194,1.106599712408321,0.8099120973986753,1.5883928672447096,1.1486272176021517,1.296337925086819,1.571456250646167,1.0098471790668642,0.5593141621849078,0.6494742400479254,0.6429422161191789,1.0262483075226814,0.60168515121732,1.3227826724497262,1.1874819663788339,0.7055010378313027,1.1826555665336402,1.2624015570202678,0.84505488025909,1.035925671395545,1.4559934802594157,1.3083575899895643,1.7930781839770513,1.3385257410404385,1.1493378146463886,1.146702849429946,1.2517900796756252,1.128833903088205,1.0458915936590536,1.2151678172011608,1.16607510866898,1.077164861032914,1.0801165504715966,1.450857263965241,1.216356398292596,0.8698667693075849,1.099825115573995,1.3053259036209113,0.5857519080447272,1.3713997263138649,1.3001412500717067,0.9043379790199287,1.3729989967950549,1.329399619031952,1.4038073035532181,1.4776998153371,1.3005128830824382,1.0137967419867133,0.7294000464516389,1.290504228811009,0.49040352249331354,1.3301932678675272,1.1736119619862635,1.0346285046000343,0.8441488131436449,1.3847392739054398,1.5023731429888563,1.0687358975944865,0.45250089406812055,1.1081223067534254,0.9979931626269403,1.3620142340817298,1.4382013503012891,1.6484850317090336,0.8830004156447349,1.3099364379760177,1.0545570757959422,1.4578788809444703,0.7302350491253926,1.2145798188704802,1.1339930713839346,1.464221712636133,1.2368525660182117,1.038760845804883,1.3164949174095044,0.6484285197901978,1.4895032279398441,0.8762995669550631,0.8654566332244409,1.1701252446145818,1.4996087984367081,1.1819792720599578,1.2916058575774803,1.5600144994955256,1.3921548267949404,0.7553173785448155,0.46250565022175816,0.9073828821607814,1.0593958825229104,0.8484906907719343,1.2087978616332333,0.8199891253606442,1.0008199484281857,1.3009814622864946,1.2707202391610142,1.354738217885793,1.250799917488354,1.3611113100548309,0.9040325078329797,1.2521775411458398,1.5123459580075194,1.3978441580380945,1.1584380825921317,0.9046051445386825,1.0200766088755449,0.6029244258983916,1.0885412872279734,1.3133772117217972,1.14360992196477,1.076221030187709,1.2360745950856589,1.6086476392173241,0.706223792732239,1.2939204645353561,1.3030238098410105,1.2983111735626496,0.5623295737317517,1.38386849217874,1.0094141361595041,0.9288783753204553,0.0,1.1399280784326846,0.86280631593299,0.6629960142159819,1.3096720542061797,1.094014611934307,0.985759859825418,1.041406629545146,0.572259844147534,1.1880656209726737,0.789177790154133,0.8743610912428066,1.377903099350793,1.0838833763445275,0.9482784216194116,0.8742262508135867,1.3335893019069194,1.1640741472444818,0.8873179153507703,1.1009047600484367,1.1960310304504949,1.5641627946248187,1.373504130772523
arc_pair_714315,0.5281659826120648,0.48022641051666853,1.3522255365903937,0.3775724011521967,0.34545663261636816,0.9706332676951552,0.45154038752501924,0.4122178718867119,0.617899054569067,1.1282464621831902,0.7558129939810075,0.8881204935018427,0.7769069379692648,0.44770661554572133,0.9148722276652221,0.49685045983192566,0.3753687243208208,1.5619692535087455,0.9171385452434189,1.3672236026974853,0.845590986816199,0.9670727738817374,1.3494984337881302,0.3773027698352438,0.6567466930437503,0.9609718714896258,0.3886063146003892,0.6102160492502527,0.9769633314395971,0.3823064489039539,0.4783205652413304,1.1939206366469464,0.7685562678220748,0.3503710227289095,0.3892787612506473,0.4639844266264579,0.561558205151051,0.8513639955442815,0.3864417931867117,1.0792637317642464,0.25611179643307735,0.6427692195679076,0.6861998632591902,0.5414875451720464,0.4243069943597547,0.7823163597055609,0.7859238720764602,0.7315270389043271,0.8306421795967982,0.44833069328118996,0.4489522585705581,0.4641740966599467,0.4474587034946025,0.4934588194947052,0.5943674616730832,0.3314106966941429,0.8985583797058063,0.6748867752391497,0.6545680373945416,0.24289404802725395,0.7246607669199107,0.5080357811386802,0.6446191683218967,1.6388621352201125,0.4380416156951585,0.36904748100141194,0.4045831738795967,0.6683575521359777,0.7715122191987243,1.1312563802816284,0.40363579644350145,0.3745547959937392,2.7361552390723944,0.5478601206035423,0.93132473056092,0.5133285915950034,0.4631846799387348,0.45013320790223277,0.5447545127570045,0.6587651468558733,0.5627911078677545,0.5075304738682307,1.017332042353502,0.8371384050515256,0.44629731503539094,1.0424398577288447,0.34400214023843884,0.4072643972927481,1.0138845097616542,0.33602183026980514,0.4091053456411628,1.6567296370659226,0.6240857255914769,0.9081848435855213,0.6251029483637693,1.0522198303774772,0.7268381643751218,1.2023699336676732,0.6089157729849644,0.6239103561759876,0.42358978869850517,1.8452469550519763,0.5397613051313161,0.621956896984964,0.48467341393473606,0.5840551253830133,0.8721091703585085,0.654630522463215,0.7675261789569457,0.39702074737792176,0.611743930458722,0.8166775987704531,0.5059988099906183,0.6239229705763691,0.5184720357839797,0.7199958106907556,0.4870998090169494,1.0808328415230317,0.9571059109113379,1.2876150998788065,0.2861630882180445,0.4748527337964772,1.7396636189031849,1.0180143733872342,0.5621271366566242,0.43056250256780815,0.7764414544960325,0.7452150546568657,0.6787552154888722,1.1536004468534407,1.1399280784326846,0.0,0.7907225038664587,1.3060171406702832,0.6720363213316003,0.3992594131918704,1.5207138291384394,0.9709648194406335,1.0710002034290906,0.903721920024467,1.1170578701771308,1.3856910381581846,0.5675874664941671,0.42735970673048773,0.6589629661087171,0.9343339841032223,0.36564161625562686,1.2485559878768486,1.4947564946475018,0.408349097018677,0.3481087403415819,0.8960186556931506,1.6174314830453411
arc_pair_464015,1.1591681626022545,0.7151755520273309,0.7989717075598822,0.8622141915160202,0.7684277912705912,1.2322743186560645,0.9147768009165236,0.5900961560524443,0.6098654795271693,0.9905796185666791,0.7436193869979059,0.9912179275253494,0.7797056510836777,1.0389208120845494,0.7557808118962004,0.8906184815513164,1.0113677813712127,0.7369730455551824,0.7632921679425051,0.9654720869261075,0.9445812333407242,0.7358813534644286,0.8486889001925668,0.9792914523211936,0.8110720126019937,0.7564441019517419,0.9556451906011723,0.8837909582247573,0.8155992434381328,0.6828887368641159,1.0572801604139532,0.7592327818965893,1.1844858729377763,0.7496365761508545,0.9087205246864498,0.5989660905330421,0.8492805187909946,0.583000120176782,0.7415645027655954,0.7936819243272554,0.8747213628739359,0.8969873760971595,0.6074958113664166,0.9412933841333937,0.8251579683630496,0.8033858343585403,0.5729313860828612,0.7281273739558002,0.6780684637053429,0.9280735384712283,0.922228490586277,0.4908287012327474,0.6401737861941753,0.8734759123482421,1.0847569526522034,0.9504735680542055,0.9262763475882332,0.6097089676883982,0.7830885410238485,0.7973024584830467,0.6207598805219368,0.760185066593894,0.6739835774662082,1.2515182667094868,0.5488822670065692,0.9209385408163812,0.9943225362231894,0.92290171085262,0.6640943112137138,1.0376449682673679,0.4251863673695039,0.761755573141162,1.7312992473069013,0.9132517826659263,0.651687223113328,0.862292002331046,0.7372220690356417,0.804082227023063,0.6767185423172566,0.6939570116325882,0.46556306207152554,0.8630150666150487,0.6722283409759955,0.8273134028558432,0.8620797597398173,0.604551352358841,0.945194034458701,0.5547060266623245,0.6354675020905971,0.7403139572713917,0.983318737129178,1.0985216250150909,0.8819079768607212,0.9269013853458508,1.0159273873458299,0.8418441575398261,0.5801998297826994,1.1515103046709934,0.7997442600869333,0.7131025250397528,0.7664143278603646,1.0577876818531085,0.5101223038964549,0.837452074392114,1.0028379421892946,1.0280901541921468,1.1406909913372167,0.9056619232914553,0.6315797203713478,0.6468887108073942,0.916422202725646,0.7210730334284419,0.9658435027781268,0.5956037737587268,0.6495752584348922,0.7108125454791072,0.9248336494199205,1.0301292875636163,0.5299027385338599,0.9010369278243817,0.9558264440962163,1.0407371128062848,0.9274718510594512,0.9782914808915153,0.9395531571307776,0.8474230885009093,0.5703918571000032,1.0555880066232937,0.8521168598428275,0.9186373387482671,0.86280631593299,0.7907225038664587,0.0,0.6147386092867413,1.115790316072931,0.7978395608791988,1.2967456001659938,0.8103849572401252,0.7640125734761385,0.758498645697938,0.9505514766967942,0.9929369761221675,0.7747589954901166,0.6569551796133782,0.6918480337573435,0.6486397077662313,0.8640187181096591,0.8113127093770895,1.0674968572649386,0.872237528632233,0.7963414855279181,0.928890173932595,1.1005486249889371
arc_pair_674772,1.867399480494484,1.2662429788563838,0.8161347752239789,1.2133527910949922,1.1746391403535812,1.7590374499179,1.5721829650736365,1.1890933971516113,0.913114139515955,0.9553427923651265,1.1980400749395583,1.2800815727789532,0.8466623874739297,1.829446574179637,0.9206636550400041,1.3055623729545716,1.6093182580202188,0.8498014518737816,0.657230150511787,0.7518032955235934,0.8268838490876083,0.909533104038706,0.8925016836787409,1.5419897257646857,1.1930912616542593,0.5605193298940662,1.3075808752195457,1.243114326454152,0.7082772243443818,1.0413714817527622,1.5225516136413506,1.0539455372565987,1.8324735503183884,1.3373740061094586,1.3270497556174394,1.0146599496891646,1.3712817778179442,0.7591479341932998,1.1185310252642338,1.202048271181682,1.4352615855481277,1.2214792970727237,0.8815766348817242,1.4472473440934719,1.2913237638774022,1.0630434963486095,0.8536103489385684,1.1469567198466675,0.829722769488427,1.5219478342520796,1.490778748374816,0.8763489159271274,1.3767926400051604,1.3999192859420027,1.4703250415900464,1.7685702466267919,1.2809282691099182,1.116683745480616,0.8410999005031757,1.4374711951567987,0.7485633930868485,1.2896643254649605,1.094012519502712,1.1744234428274118,0.7780424707117821,1.5682324330263282,1.5652524018572187,1.135621438960338,0.6094071174320105,1.2346507892661465,0.9337454696602854,1.5506048471157463,1.4860003786575722,1.726469495404297,0.9868650548103146,1.3819210806251867,1.0731712499233326,1.3390081291279723,0.8980039040707107,1.2137355889492425,0.9221490224870612,1.573622418530527,0.848292287061321,0.9943948020084301,1.476525043921818,0.5564503546680933,1.559835396361509,0.9831962827730417,0.7299829052485822,1.3225545500803397,1.45787399580502,1.1457345336730667,1.3266909451706337,1.444206864781253,1.6604069790808802,0.7887597331879035,0.5786805645507305,1.0996474181652554,1.1719692491035925,0.8377273782518553,1.2636156328583699,0.7338368506621905,0.8779098983979113,1.4343754251392373,1.3846406376298552,1.4429481833608235,1.4564911902399986,1.4483286912197615,0.791950734118519,1.283740302403309,1.60835053746368,1.4713164866788788,1.4536117874821337,0.7818750365876197,1.020433846735078,0.8053096047544496,1.371652066773864,1.4752760554013626,0.7742720568384942,0.9055346910956039,1.3668814325738419,1.7287330193479746,0.7453414126162057,1.199414303857529,1.3374828389555855,1.2481577751420638,0.6583286889852398,1.4517876561975598,1.0974354331476646,0.9552830714178835,0.6629960142159819,1.3060171406702832,0.6147386092867413,0.0,1.3883904064474595,1.1447031864768267,1.0398066853649435,1.0571524768743408,0.737518352545445,1.2049481815291498,0.893091840699606,0.8543167644788043,1.3873285237284558,1.1792723625886894,0.8699669418380931,0.9596507050374268,1.4747760159213177,1.1144550709114323,1.0245629730895207,1.2579209407451437,1.2613752000407894,1.4773537615115915,1.2363950470867615
arc_pair_280409,0.7497425389256386,0.7793497744826532,1.7732041238695109,0.5404231360183395,0.5329622935982518,1.15884410794496,0.6778433385341281,0.7663660283442612,0.8751475311543384,1.3849457163792644,0.8259564682726332,1.0081157739924527,1.0347370603562422,0.8012720954964315,1.0564375467100091,0.7149229575869738,0.5799685837801959,1.71442440670794,1.1322156033290098,1.5470128604098363,1.0444709039832556,1.0084895288749998,1.5547683842974227,0.6984989495902246,0.84517873191881,1.0720451942589433,0.6112436800034802,0.6779895420409765,1.0943788613145706,0.7083393032196692,0.5868575908425511,1.313939365401092,1.0152352128781452,0.6498477142059182,0.5955640568591086,0.8383654060005186,0.6891975623684512,1.030956507326918,0.6735978988928739,1.1433335033606464,0.779365656799105,0.7907816910531321,1.050711665769354,0.8841025508168859,0.566195401759992,1.0039635357309082,1.1593184526796287,0.8797699223807726,1.0974391127581162,0.7100641328925599,0.6383041769358145,0.6126082727720554,0.896410725539422,0.6510468504222777,0.44820992551641037,0.7017216830623623,0.983485337117036,1.1120819206971522,1.0336050122065046,0.6552936714898736,1.0079818621287497,0.6955348765403839,0.6626007516661938,1.6099075694104015,0.6425840604042963,0.8421739547271877,0.5813551666720793,0.8924557367170545,0.8798086567583818,1.3590825294024615,0.7259280242129531,0.7359828285704004,2.9263758400825193,0.8829527626749105,1.353574626886966,0.717223690646926,0.6708425691087246,0.7612359949723433,0.7842515481682848,0.9755725780352843,0.8278230348230525,0.8201982660097579,1.0392726859279644,1.0004374829242741,0.8546032879898606,1.3093883208984731,0.5695815500081194,0.8523613872287277,1.1736365918594318,0.6759439786951318,0.6638961218320794,1.8717658718261005,0.731261222091373,1.1518998849369864,0.8231731820258981,1.3237179708294693,0.8068920584066802,1.2328766377978095,0.9475328761488293,0.8276606619594686,0.8552948567217038,1.8152721407062422,0.8518255690159117,0.9533923300017075,0.6385667651363922,0.7591174013580315,1.0067047576743842,0.625156521714318,0.9592765753220787,0.6596510815954314,0.7583074553124342,1.0978810141226334,0.7153954088401934,0.8406969586092109,0.7194164264272188,0.8294198799385173,0.6227822985645743,1.2145026849384486,1.226912069009385,1.3669636484455991,0.5237233295858604,0.748576101318242,1.9905852564469462,1.2089632569878832,0.6494844002896588,0.7372561293380635,1.064131049702656,0.6004706063259153,0.84715030207158,1.3321178074540738,1.3096720542061797,0.6720363213316003,1.115790316072931,1.3883904064474595,0.0,0.5587562201342415,1.5910169613841496,1.0247813713920495,1.3814040312084082,1.1524197450242717,1.3202766939156634,1.474175350671084,0.7732588454236415,0.6668816023426504,0.8999852502755195,0.9696219522843664,0.6871741259215243,1.3002197375024125,1.6277965863527022,0.5969710424578274,0.6870639524244291,0.9157297920965071,1.7974485176185153
arc_pair_388971,0.4606481045305455,0.581004457427114,1.5400128138862725,0.2545564023679046,0.188060605045579,0.8208734581494834,0.5018283568917169,0.4454224299882358,0.5913268008787294,1.120931393588187,0.5973054347096483,0.6286180998102243,0.8248727321490714,0.498549024138205,0.5834346985230313,0.3558892122752547,0.4088846929358812,1.4130083096568964,0.9740983742762677,1.409741287598741,0.7931624017732719,0.5222444223621775,1.3504057630205688,0.315131283784031,0.5688060435821144,0.9817462420014258,0.43400596604086683,0.31810272365178527,0.8277491132892635,0.3896180809461171,0.3894031546723286,0.9536706411652902,0.7056720486396408,0.38266910720210945,0.1640087336700215,0.4708900571973721,0.6130661482493811,0.7392983529983499,0.4949302085939077,0.6265231026666299,0.5730143132262701,0.33824503254514215,0.7471124385233752,0.64235190944651,0.21441294435953168,0.82425125217429,0.951560516016827,0.5368322956103189,0.8799247591852939,0.3749588774343867,0.2715329129546618,0.41003051483606356,0.6809951243682155,0.3516820933074387,0.4397154605249463,0.345126266772671,0.4757406883508434,0.7961822912913018,0.5525714814596419,0.4351700863155309,0.7655311834063372,0.2107970957655796,0.33118533018242036,1.5322764420546227,0.4373823940658667,0.6375944819467101,0.27692883234678856,0.6846904914314214,0.6843008846434357,0.9814276283130736,0.48973569699610087,0.37594754867720803,2.887952619004888,0.5179178948084033,1.0483160189595662,0.5177566682238655,0.5237432183055374,0.5664579511286125,0.4571220763054944,0.5641188950166118,0.6200040949059303,0.5333069229371126,0.6610500009886968,0.7317980190082193,0.4688261063016853,1.0373662237734254,0.3357421563830595,0.6568647570875157,0.9439511582758837,0.32429730546669394,0.38857386174129005,1.3905394846242294,0.33312334664279014,0.8546440541672612,0.6195959029479231,0.9970775607976998,0.6759758967728334,1.133566381008102,0.6745511464533942,0.568192063348849,0.4820999687539773,1.635544990120711,0.5454243147423529,0.5871123986101167,0.20375751594234995,0.4558705764954357,0.7707474842163362,0.3544027559211942,0.677605317619777,0.46043698828879487,0.4702876004632437,0.7699136485887493,0.2849652200913748,0.48843382147862935,0.27976805769526775,0.6904697116285927,0.2681496270926817,0.7110003396978153,0.8660960106961324,0.9230586812760518,0.29869848251052916,0.7266017657460153,1.8065563355245795,1.071699996135699,0.46845008704603586,0.40897421283792523,0.8378068146901954,0.6165049839859219,0.6195419218986852,1.2447634851920961,1.094014611934307,0.3992594131918704,0.7978395608791988,1.1447031864768267,0.5587562201342415,0.0,1.3694670655723171,0.5453131837669962,1.1295475176945584,0.8799062399585046,1.2933192779129026,1.4647666850518442,0.5446530195137023,0.3286401222674435,0.7520873144709438,0.8804373465204939,0.340452705645704,0.8485511724493146,1.3232997938053153,0.35644744217071866,0.5093637816012027,0.5743935616694704,1.469950377751244
arc_pair_674359,1.9379842819795416,1.5151244349772344,1.6746932484554333,1.4420214051270484,1.4201118538415336,2.0316669676160557,1.7893577813673769,1.4217985592662143,1.3331097872684552,1.2632318182368754,1.5126827899797102,1.5087783281658176,1.0948894643073337,1.9768360448540192,1.479652668340358,1.5608630705351496,1.7843677989192213,1.4467284707861938,1.1597894194728644,1.0566788172992625,1.1244876064647218,1.3377689448840537,1.0895326153029283,1.7483492567276548,1.4084131213705533,1.1038060219455543,1.3698421290854195,1.5657606730946427,0.9948593493219953,1.461228089556129,1.7527945480353102,1.4911506741298157,2.2055684020915427,1.699818667406771,1.379473675946945,1.4808898449971653,1.654961192093166,1.4981976829974801,1.3489810738335903,1.5821946553277033,1.6948509950603097,1.5174199346442567,1.6276591696233775,1.705324702884612,1.510102420580671,1.2592301578628753,1.5403213852492423,1.6691519390259255,1.1810980151425583,1.6776855136908182,1.5530877585858083,1.3010733038398659,1.8635448642688726,1.7408032877974655,1.5653294063947123,1.80844027605173,1.615618419638905,1.4262081208743371,1.0526685219914298,1.7499913919556527,0.97894918698438,1.5915901052193746,1.4747106493446582,1.4439378314199867,1.0901468918415167,1.7522255714584651,1.69999402624824,1.2070214733057123,0.772320169074684,1.4024783378303507,1.3989034549773423,1.8183392878774889,1.8510586196765406,2.006057863446924,1.3747504936693002,1.7437074623981734,1.4422361869083005,1.7590181753086114,1.1747789065817016,1.4844076126741395,1.5197420478077353,1.832785086782251,1.4361318689167888,1.3770888394092138,1.8141066796045515,0.8082961828630929,1.7269189306384,1.3612137375582967,1.4016632945447758,1.6414776200683434,1.63351590723734,1.4164513035188824,1.6378211746066142,1.821905316314255,1.803302629177293,1.0304107422388056,0.8598616989282749,1.1321090011014374,1.3451493799289982,1.2710033288260862,1.4478599813679534,1.2249860098984082,1.34349055900006,1.7285747975456722,1.5469260981185535,1.6391920556628636,1.4420913762382606,1.5783160889712355,1.193669148355167,1.6178737717531881,1.8306373015722708,1.8894902787602605,1.489570246690429,1.0189533936049715,1.3282923330054637,0.848520568261738,1.4649250166626058,1.649559141757232,1.4094039577018407,1.3175216835676995,1.5266589771762704,1.8100367962840316,1.2987674033735244,1.7082295140588737,1.5802903890306126,1.4966115324641847,1.0659009466217275,1.765417076834547,1.3724778619916604,1.5010317465292609,0.985759859825418,1.5207138291384394,1.2967456001659938,1.0398066853649435,1.5910169613841496,1.3694670655723171,0.0,1.5015304834699679,1.0479679753864506,1.3309759664956973,1.2152628893612927,1.2323489513068329,1.6718473695655602,1.4786442054096813,1.4090211644902073,1.0650265524427953,1.756002620757331,1.6429907981820944,1.1914948732846562,1.5023979916751922,1.4466298145746013,1.8249453167326288,1.925610033511838
arc_pair_172674,1.11571718160551,0.7219188108792637,1.5529917002930618,0.8326932273020449,0.6150484795699682,1.346582201969349,1.0467422956394148,0.7595704698667161,0.9083804105144044,1.256512767668827,0.9081298684284896,0.4945335708025639,1.134700258530932,1.0816591138957623,0.4637301619692794,0.8272302759127845,1.0840387775817308,0.8303224498712997,1.1942126725547073,1.4003585801556262,0.8847843373568236,0.30665351269535984,1.2225518257915595,0.829071308766018,0.7921926284867289,1.133767659000009,1.007312270747025,0.819596102437044,1.037044004277439,0.7642738162847986,0.8881404230543684,0.8098295452802894,1.282126199953884,0.8245691420169015,0.6754408140712193,0.804165767114009,0.830690069199237,0.7784608783342852,0.8542745378710451,0.37388455139320986,0.9744149877475283,0.648899672280798,1.0575733564020164,1.1944901742901928,0.7282199025300744,1.0062056000026738,1.0324493674763748,0.45749949463680684,0.965884929634351,0.9540593377142377,0.9647186064294413,0.6406042521609916,1.0055082158166826,0.7406664218569532,1.0467668254817104,0.957510267384531,0.2751021497913442,0.9819562622192513,0.9046908896715286,0.8330022228347859,0.8450646619960793,0.5972086084362208,0.6083593328783081,1.5855103844110794,0.826093615830568,1.164466935569702,0.9886707953010542,1.163685624561464,0.8385281523741095,1.292408306165587,0.677021171407864,0.7165500155351928,2.6024565961092856,0.971384079606223,1.2461865345704857,0.8992121702419593,0.9493035610721512,0.8160452333884071,0.7156499513052994,0.6721294025639191,0.9397571818587771,1.0036098338353074,0.5620745592804592,0.5896449475556154,0.8251462711475086,1.0450774003828145,1.0307967969187233,0.933632592367142,1.0566565987196408,0.8404523410324252,1.0486818637319621,0.8763724952191025,0.8355346026204513,1.2069532978684885,1.1453500878003624,1.05363083678543,0.7284193826068042,1.26003266214341,0.9419343226743113,0.7982361742059025,0.9729242104020008,1.335350775086029,0.7555972490647982,1.0400229609474352,0.7191014048408493,0.791313122627695,1.3764812473481016,0.8640427706334327,0.9401779081530328,0.8108297295207523,0.9272354118139693,0.9023741107393124,0.8205748097865326,0.7683492328043697,0.6277787998644684,0.9447973093052398,0.7992912365141658,1.0908878870187313,0.7819238230002612,0.7129958105525779,0.8725879043155959,1.2106528637919385,1.6174804831064413,1.439198645907004,0.9282315161414465,0.800396844425167,0.9263327375635678,0.8734739867226307,1.1067953804536617,1.4283225121362846,1.041406629545146,0.9709648194406335,0.8103849572401252,1.0571524768743408,1.0247813713920495,0.5453131837669962,1.5015304834699679,0.0,1.2225575886689755,1.2114388905358209,1.3776846977822341,1.5360637168555074,0.9614277464123501,0.682820674260233,0.8102988369860183,1.1723534754399203,0.9212639014034214,0.33745682591028653,1.3039506491369033,0.8911940122050981,0.9773290274499409,0.5436897736830132,1.105686824270973
arc_pair_217721,1.5382944873994677,1.01269673532956,0.877221725383126,1.0935498737352627,1.1456498956189636,1.6489658586507518,1.2878327813420218,0.9216139176454206,0.806944659221796,0.8866818636476897,1.0928094715261187,1.2751490705041455,0.667589357039021,1.483307948935669,1.2934422105039822,1.1965970098808696,1.4382613797131798,1.258291328634641,0.6409652722320311,0.733592448629674,0.7566496728563422,1.1726213069872595,0.8049336365692545,1.281717081433348,1.1129387739889094,0.7804770885182855,1.091059119326296,1.268240323300318,0.7889765057852183,1.007071456653923,1.3667171875692854,1.2930597608167997,1.541629800744231,1.2375075038967522,1.1503296198123532,1.0856968519669934,1.1098722042536464,0.9944968299167977,0.9400362256483938,1.3191421684336238,0.9799058588270768,1.212113275987111,1.0647759569065778,1.290117132234681,1.2045472782019837,0.8562689670501192,0.9712020058605497,1.32354285723238,0.5810901189674703,1.3174795223849807,1.2322181244317982,0.8755450652298593,1.1752916271901523,1.2752097618591198,1.4210695097938761,1.288982734508339,1.4066307252276316,0.7366062484182249,0.7751375435004723,1.2431531968951448,0.61279554057814,1.2494919479037518,1.1737804067806068,1.0303133627271972,0.7713337435356167,1.2301462601055297,1.4129643952130433,0.923557072750041,0.5826310501942813,1.1679116574271968,0.8836424143042052,1.269327413247546,1.4492728866496962,1.5408581421584082,0.7834047230155479,1.0922665871330306,1.017145056954804,1.4029079554895132,0.768074503502633,1.2123753034020273,0.9085367195534813,1.2920126815375261,1.3388713419279963,1.1097618407087455,1.2381273698252162,0.5611185395626944,1.3261072295172667,0.7243956075388043,0.9217584138540038,1.0072085885255304,1.2995898403761705,1.3370187884051317,1.2422061335567633,1.406313665437887,1.3572324502326538,1.0095629404632185,0.5836406495488542,1.0393472593363577,0.9207303291025121,0.9286724373958875,1.1274238524987705,0.9648430636870544,0.9636981086361083,1.1547090302609935,1.2802435801367993,1.3225860825982185,1.328880713734643,1.2926173208931093,0.8773360074196409,1.1037120297200886,1.4934192001189572,1.3222705025028612,1.1605264680739524,0.8184610150231606,1.0163548634410615,0.6856224645088362,1.1721786505370337,1.328900974273803,0.9731753964392413,1.144471816504631,1.1679694140558248,1.3714288633800822,0.8697583655724319,1.2195826857989196,1.1488003692322275,1.0174710524397046,0.5044144209288168,1.4765429954397549,0.9958404376894961,0.9715395972929917,0.572259844147534,1.0710002034290906,0.7640125734761385,0.737518352545445,1.3814040312084082,1.1295475176945584,1.0479679753864506,1.2225575886689755,0.0,0.9531218031245008,0.7283040287429473,0.7942251185634858,1.218465494585708,1.0183267242070242,0.8407724845035698,0.8039866788730679,1.2949488973044074,1.372444287861886,0.9483488354279748,1.0221411306456971,1.2179914331812225,1.526996587071761,1.4910108473578028
arc_pair_649523,1.1008256740115383,0.9258930630585888,1.3961330722716594,0.8541897979919674,0.9743884208823844,1.1518125987004528,0.9216506484952617,0.7951479848766024,0.7032001039501372,1.069127790254011,0.9347068672362034,1.3661956341931671,0.8733942894223332,1.1251233552421493,1.3356305992321196,1.0601982616307624,0.9986979561125446,1.5094502296804122,1.1262611441450772,1.3414296866895423,1.0410398014151205,1.1190008233834186,1.257977846623934,1.2017661552982348,0.9403066526926027,1.127375337519736,1.0965757157303087,1.058195875380382,1.0455792342357557,0.8391225406669174,1.0650398060901496,1.2094480560938898,1.4456429036407141,1.0157163457284129,1.0256596490527752,0.8939755504455829,0.9519429073127037,0.8958540911833518,0.8304134909778044,1.207442957446323,1.0485636778254777,1.0008519178227029,0.9669762381223587,1.033019445438446,0.9172205493707637,0.96374195434757,1.108046632194794,1.1146386409371534,0.9000173469542324,1.0261593036039445,0.9933534865655096,0.7030972534035502,0.8908293396164771,1.0930734817083554,1.2052529570351984,1.0833528285867573,1.2688139790782542,0.8378560977804174,0.903355999957053,1.0205762939614733,0.8827543916096628,0.9115701026477356,0.8607279796038128,1.549055273853616,0.725898976744549,1.1001112804167827,1.0133768238687209,0.7129209261127764,0.9232824428513292,1.1791677773944331,0.6766071146639456,0.93533425317156,2.186610743816533,1.0553335392204906,1.081785211888963,0.9517029629223563,0.8601328952641158,1.1927478579741853,0.7532959527141052,1.1127692980624064,0.6629964656534373,0.8549754362726973,1.0953012204782646,1.2831900513865544,1.0772027128135002,0.9349220880468508,0.9214597327306316,0.6982313078216755,1.0657478094216828,0.817605710549363,0.8896638472838818,1.6927877408864012,0.9228256417996904,1.0363455565301496,1.111953662035143,1.1652665474897659,0.8734677541456262,1.3022668802966884,0.9749600027079821,0.8943170846413051,1.0616689342682106,1.405507247443945,0.8024597583002551,0.9664775385337356,1.1085952901135752,1.1896236431602987,1.166211267685965,0.9577807144811559,1.0076010252968763,0.8391430536767014,1.0784291936021226,1.0151815339312176,1.0141899875566314,0.7683478716238596,0.9109503514068737,0.9574093407892418,0.9915304447740908,1.0437091592805103,1.0617189801417024,1.2906369612756725,1.0209474700573709,1.1109733471815453,1.485606257963763,0.9994922502189891,1.1768870807583502,0.9446510790945262,0.9148514052592751,1.2662962241627884,0.9336479283721557,1.1569234651289153,1.1880656209726737,0.903721920024467,0.758498645697938,1.2049481815291498,1.1524197450242717,0.8799062399585046,1.3309759664956973,1.2114388905358209,0.9531218031245008,0.0,1.1849342531511506,1.2783711361469354,0.8497672091715036,0.9054786344672383,0.9869662284009575,0.9323424605815505,1.0356575512595059,1.3322742169709854,1.160275340013504,0.9276648892500008,1.1333810170787428,1.2921665995506153,1.9193893049336355
arc_pair_492710,1.5871396862771467,1.188947445165529,1.0090431970582072,1.2175965425593323,1.2961479633624609,1.5014925746208196,1.3124145419696585,1.1420021631235704,0.8921620023281863,0.927758838770085,1.1817484853269373,1.4708862626370447,0.7417759033801263,1.5126824624472217,1.5075086808868121,1.5026334941692787,1.4040624351712805,1.336454394002247,0.8279226246452613,0.7704766009872502,0.8770797717928727,1.3625879260415856,0.7549984795925389,1.4833409537611653,1.3039471699901768,0.8695917436019065,1.1990782920978482,1.4610975386033496,0.8810590037298462,1.2281812939794368,1.4355811814621744,1.6472735790995687,1.7246373011188654,1.394579485012833,1.2450392111014967,1.2835259541001722,1.0951869972283523,1.1481006915423961,1.0842291594987645,1.5808359975303299,1.2225276653561394,1.4419021939084649,1.342653758139704,1.4621685417094814,1.3038784900296267,0.9077430226623111,1.3046385675569248,1.4906568076575688,0.928252769550878,1.425266883361877,1.3384437059671757,0.9620097152416273,1.1792489320413044,1.4005972768995572,1.3976376803818122,1.449665327531083,1.5786067540728963,0.9656718193897292,1.1257662218181643,1.303110723270813,0.6251358234924942,1.4302954466583664,1.2887160873387584,1.1384363402268658,0.8040616622642007,1.3411737058716602,1.4958857617997374,0.9900131908494363,0.6458724837383918,1.241470550379232,0.9881113960457067,1.377013915282847,1.2554720309479221,1.6041194986968508,0.8656171291485422,1.2163014166564559,1.072543360901196,1.5301770571411153,0.9804480813543328,1.4791155406544374,1.042869621117791,1.3775398917785835,1.4576667174511582,1.349963979436247,1.483158149191753,0.7224216915656859,1.3992649342852936,0.8601921330289819,0.9504562376441752,1.1565518176351373,1.3915899588348128,1.6882738417779384,1.3923978942400597,1.2707746947968863,1.4605869589977316,1.1290180244279915,0.5576980186982191,0.949514679693499,1.0372163357410873,1.0833470926238031,1.403451034616977,0.9326845909741135,1.1534609143325034,1.267317504097372,1.4227445846538007,1.477947633881574,1.219946863857161,1.4778631202373222,1.120256908584999,1.205172480587724,1.4918425988516346,1.45811293656542,1.3155558481755247,1.0587235589072768,1.3036510228544738,0.7184990365675392,1.2510348640983742,1.5426355009258588,1.3642446837435873,1.322135294540018,1.342590971438585,1.3481411938888732,0.9604600094082187,1.2297571197734334,1.3349405239482925,1.2923658452226177,0.7116405396689005,1.4585947817442984,1.0848610794998663,0.894163844525502,0.789177790154133,1.1170578701771308,0.9505514766967942,0.893091840699606,1.3202766939156634,1.2933192779129026,1.2152628893612927,1.3776846977822341,0.7283040287429473,1.1849342531511506,0.0,0.9884787904464634,1.1939715098767751,1.152909102872285,1.1408923403152844,0.9914761236412131,1.4062663457743945,1.603683970690163,1.0013253427822266,1.1340695800204263,1.3264485330472842,1.6269594823786584,1.7510503350282307
arc_pair_297765,1.9208777049650687,1.384459659425128,1.0682895616110966,1.4599255113111427,1.5145578494015457,1.7784807302732237,1.621538351166206,1.2141387474774432,1.105650142673055,1.057441824933819,1.493031903549636,1.723322137096297,1.0977621546493925,1.8102713086444293,1.684324673482494,1.572522875785769,1.6514618975355335,1.4481881589383396,1.0132292415999793,0.9033434955785293,0.9473707626086407,1.41697752804357,1.0118324311258748,1.641317365504841,1.45813919944522,0.9517750470193964,1.5131253456477873,1.6188394271278452,1.2070820969239278,1.29039487786106,1.5899322776901583,1.6478277906750138,1.9158855102740426,1.5293036700583647,1.4907981646294317,1.3335277367204812,1.4829057193477733,1.193610216221121,1.1977562428274395,1.7561062031602372,1.4694436419137054,1.5187167425688453,1.3241620715153686,1.6124188401875457,1.518504249696563,1.1388369302472652,1.257182945159559,1.5801207054189748,1.1321593628399742,1.6647619860961766,1.635836538032153,1.117733964833526,1.5088414920320616,1.6333156924587058,1.588386120110679,1.7654309047648602,1.7099613271407348,1.2004975085318224,1.130381947944914,1.5205090819191098,0.7622695137643541,1.6139860783406275,1.5214393419802037,1.1470115493660096,1.1366363052167003,1.6124134743565592,1.6855932808023422,1.3228441552871049,0.8084938647423487,1.3119703769089308,1.1031611793468459,1.6021128671198643,1.3802581025502885,1.7708489593706456,1.0998588640086635,1.4861869196053321,1.2264848707720644,1.6496256472263826,1.1240642315606775,1.6164485872820362,1.165163959781138,1.6322240518307467,1.5526101663504446,1.4561640397690963,1.6918107220479786,0.7121832305576041,1.5970277548889822,1.0271540332698965,1.1366952692981152,1.4288398963289282,1.6836754552855453,1.7376983919362208,1.52068126625185,1.758460995535228,1.7372083411596824,1.2207969926384328,0.8527566144011436,1.2857145584054797,1.3812581749681434,1.1958520028060682,1.523365614548987,1.1135737593717243,1.2152058711628362,1.5413375591681164,1.6225273930389081,1.5887295776857622,1.453637083226631,1.6426061804724452,1.227236008006058,1.4515434625564798,1.7826142856823517,1.588227483942709,1.5604527645319757,1.0002851700807696,1.3583696086103376,0.9790777931740636,1.4976350444185718,1.682681224661132,1.3987785327684268,1.5197932416429034,1.5505791246944394,1.7123263583473864,1.0269771055945296,1.2725284870695368,1.5274683320186178,1.435386955921392,0.8857066105256235,1.6678519821020426,1.3098495448863765,1.1177911107306586,0.8743610912428066,1.3856910381581846,0.9929369761221675,0.8543167644788043,1.474175350671084,1.4647666850518442,1.2323489513068329,1.5360637168555074,0.7942251185634858,1.2783711361469354,0.9884787904464634,0.0,1.5142721420957594,1.3910313460635753,1.1581489307103534,1.0767798641942259,1.5937885703482237,1.7805158891939556,1.2749397936620803,1.4209410740848425,1.579080526377208,1.8067223178651148,1.8817843815046973
arc_pair_208250,0.5355557425932496,0.6920386044158424,1.553842313352145,0.5352460345458128,0.5170465106837048,0.8011397402097018,0.4799207152547367,0.603273004478668,0.5965425158476838,1.224210121126035,0.5846417389704307,1.1207212076120476,0.8295559435241118,0.5431583684289492,1.064437696202655,0.7599839191295084,0.4717869356044196,1.4847376437860718,1.0639803136887562,1.5102049366070869,1.0986949285044272,1.06092157526838,1.2829848118149254,0.5874805034008707,0.7671185167111705,1.1035828426003564,0.6440370077730605,0.6256371169925687,1.2057758993982075,0.6789556080599031,0.6170335151159647,1.3016695420320792,0.7496686998732616,0.5466543389553399,0.5082874760479426,0.6913371458335946,0.6277598355500404,0.7459613205520875,0.6910319841715681,1.129142849036306,0.6972149665227891,0.789897975836577,0.8093597693369887,0.7657348620859183,0.5043979664102114,0.7575851386101784,1.0181741786675713,0.8931134849798168,1.1163747642399486,0.5695585930124865,0.47383499392296546,0.4559292615799364,0.47735979979545945,0.6086508434819096,0.6754426388975074,0.4424062569475516,0.9990256467873551,0.7411039484345208,1.03482145801403,0.5254750210494284,0.9581178341562884,0.5219816910456397,0.5385614346850618,1.6457840262704362,0.5855085514854069,0.6249698888639877,0.4932551622397884,0.819247493576917,0.7886425875679235,1.2046974890275384,0.40428537326734726,0.46100269434599916,2.6077120206790445,0.6281536073537168,1.122910686892876,0.6336211620096606,0.7336962885490371,0.6899727028882452,0.7058840746915597,0.8599439419953201,0.4079226652205874,0.4923686364323656,0.9586642967689685,1.1909349679590846,0.6913881651293673,1.1123252836568058,0.47735020544737083,0.5806300430216813,1.1015830235355377,0.49946608290581695,0.6553592978968588,1.87298181435394,0.675446883377006,0.9189438443643705,0.7271605848977777,1.2648539908376435,0.8217013642905031,1.2968723091216054,0.8158047855201181,0.9908795187622639,0.655799317371077,1.916865363347167,0.6707859319859031,0.642952083214414,0.5766770323011083,0.7256781342470506,0.8402109089508595,0.6682944789717216,0.9901936251490954,0.44617194185808373,0.41485772266566695,0.7772739033533631,0.6575743566370975,0.6695802527007003,0.681031500920821,0.8483233759432476,0.4820716408731127,0.9229001114087474,1.1746526843064664,1.4088245568078372,0.6464573602711731,0.5740779032557213,1.9415248698696779,1.1754233089844097,0.7438441542698874,0.7160849127849335,0.8726777857285157,0.7571155408973744,0.7674686487434645,1.248812346247345,1.377903099350793,0.5675874664941671,0.7747589954901166,1.3873285237284558,0.7732588454236415,0.5446530195137023,1.6718473695655602,0.9614277464123501,1.218465494585708,0.8497672091715036,1.1939715098767751,1.5142721420957594,0.0,0.47861132133574597,0.9337226710247257,0.9864261122586975,0.49050140872876546,1.2866169859687686,1.5359667737957556,0.671601925199776,0.6683562093306876,0.9262662819947551,1.76861986518539
arc_pair_713999,0.4900337825945664,0.40095740902764754,1.4385609026355686,0.36630758833846766,0.33938794821983886,0.8537741744039407,0.33893792915058857,0.2984514413157752,0.5114199649173825,1.136770330046923,0.4966756869758032,0.7429066913219013,0.704951657587436,0.4806646328891205,0.7206597134294366,0.4083326954451477,0.4100722224186636,1.2266766399844093,0.9636256264871661,1.357825304428774,0.8149063479486744,0.6161754228745134,1.3026038116760805,0.3045707006120548,0.4866155922170812,0.931583522648455,0.5362489959277718,0.5192171072172379,0.8420950455072516,0.32425330011984665,0.49212003657532044,0.9573281697797861,0.6214042846679827,0.2564048184509363,0.36590281032219696,0.40623723275256185,0.3882049240273534,0.6803140595752745,0.4575546616829073,0.8210733728993395,0.44216171007999555,0.5174556187465227,0.6696327271011042,0.5971895408641802,0.28229583421198284,0.6547621092361327,0.7991492457273139,0.5844913994035261,0.7401138588152016,0.32855295818598396,0.41995965222393267,0.27657646608384473,0.4145755260816478,0.24067985576842427,0.5081002760292194,0.3605218494511825,0.677128030376734,0.6709313964485045,0.642875690006663,0.30615681618196394,0.7496652497320097,0.27110648749788857,0.28036102838482635,1.565094509579144,0.35801272162020775,0.6063136859158711,0.4012309354561105,0.6256445467322683,0.690970221983254,1.037656168755253,0.263225951249522,0.3737275819068595,2.680459380703111,0.49812656007749856,0.7870034226532905,0.3943188283257841,0.5451504064580381,0.4593935130806296,0.598481228371047,0.4613496680091812,0.5067474824933924,0.4247400683171817,0.688379671879098,0.7235771442792898,0.39306860592250525,0.9567219852338519,0.3332865424029535,0.4651966554570449,1.021313367554563,0.2790291770812221,0.44217615807990895,1.526668908155902,0.49089259106871574,0.8382487243198011,0.46709473695473075,1.046241543253271,0.6368245040132868,1.2140053968880806,0.5068963663118988,0.5575510687622801,0.4742276753154148,1.7031845231024634,0.43447512970039104,0.5187827068185813,0.39854188483380154,0.42257213146717026,0.8444526125513463,0.5409052309539384,0.6460029640416949,0.20632890250141783,0.44381705137396676,0.668512896997089,0.4358505214363644,0.45760264543609874,0.43190323088538485,0.7311826444663782,0.3786233332035406,0.915654790766025,0.7955855735124089,0.9967824581434582,0.32943074785199944,0.5162412643915457,1.7535100910218355,1.1316551357972051,0.5161786034787854,0.3318021687032625,0.5961513200860493,0.6657729946247115,0.5560733840783814,1.18689132867365,1.0838833763445275,0.42735970673048773,0.6569551796133782,1.1792723625886894,0.6668816023426504,0.3286401222674435,1.4786442054096813,0.682820674260233,1.0183267242070242,0.9054786344672383,1.152909102872285,1.3910313460635753,0.47861132133574597,0.0,0.6441623152643172,0.787066252626737,0.3260111247557127,0.885024309521547,1.3792279586623803,0.3791121282594444,0.4108169212029489,0.6815401014327753,1.5032099050722791
arc_pair_564013,1.1632603367904921,0.5583371210922627,1.2581149817682098,0.6519436432499026,0.6484813883646315,1.3178649272132406,0.9304566442105511,0.5963143445825673,0.7842310146885569,1.1116000865333948,0.9090057732806289,0.8009958694177441,0.9189353889725029,0.9734204113118461,0.8817886399460706,0.6035791375107964,0.8324959690748559,1.196354096003055,0.9258145781300942,1.1955077412026724,0.8690638091303847,0.824945485762604,1.3333274056032611,0.7863146739980711,0.6549221172300745,0.9265691496895185,0.7556412725411781,0.8609531170871193,0.8069091989326338,0.4860243454769186,0.7133757174422002,0.9042685729147388,1.1103757574511226,0.6229876841890614,0.794135705653666,0.5395875410097328,0.7527210539483999,0.6992710134661786,0.5043825436120724,0.9095323879999416,0.5009927780511547,0.7811180097395009,0.6683648741200756,0.8958930075721125,0.7645855050328427,0.8523198240733492,0.5029975127398526,0.6596676791588314,0.6551978205407734,0.8873450708420363,1.0788078541926718,0.5801936742128447,0.7489732389151211,0.7123707522949116,1.0074363528975954,0.8789262490198217,1.0383774619567678,0.7607050516778682,0.6593966532316581,0.6177034440319381,0.587157384778912,0.7463289399798768,0.8007368595887252,1.4073830772815943,0.5559128579338065,0.9206272394141068,0.8886025023983478,0.880739051248188,0.765873240338334,1.248969239069965,0.5269848402753928,0.7819102762155961,2.304354872629237,0.9262374811218019,0.9516367605189935,0.7488695634123448,0.6250983178363858,0.5984052005892394,0.6296296032932811,0.6720129675834154,0.7425107192487064,0.9412076268065659,0.9183073589858952,0.5943048044819262,0.7893867695723704,0.7970382458121963,0.7690993811753327,0.6615633418141268,0.8415031162150225,0.5892354117414047,0.8908435988451426,1.2725343728042562,0.7033942773629538,1.2371139951187233,0.8453324976897221,0.8845811906110954,0.5744746945942152,1.2700911057243576,0.8616285627731615,0.351716775866523,0.7275993946769184,1.3299523538251037,0.5990837300876439,0.9888729342129644,0.9615178140676581,0.6911169667913328,1.3227366441819155,0.8629088419768969,0.6703882074825674,0.6350476404332284,1.107576695933953,0.889181598862774,0.8654780068476678,0.72996482358947,0.4491904715101247,0.7764258013557646,1.0231145147303906,1.3659871382627196,0.7085029186672058,0.8180455580031852,0.5783138478529511,0.9076085086988506,1.3202241753154962,1.3060820542668792,0.5672920682557221,0.5029802811822399,0.7297424028542816,0.9002005141963325,0.8769075391043628,1.1309824261992287,0.9482784216194116,0.6589629661087171,0.6918480337573435,0.8699669418380931,0.8999852502755195,0.7520873144709438,1.4090211644902073,0.8102988369860183,0.8407724845035698,0.9869662284009575,1.1408923403152844,1.1581489307103534,0.9337226710247257,0.6441623152643172,0.0,0.9328562332914432,0.8410164405178154,1.0963610677471483,1.1879853990954776,0.5813007557069789,0.7416258083735738,0.8990863943765163,1.0974479958328272
arc_pair_672184,1.1589279215693238,0.8703556928626062,1.2396911034489388,0.8533809512108076,0.9614455892973975,1.3429882935718345,0.9658025307947393,0.7484208482828576,0.722070483974679,1.0218487038633064,0.8877433529025028,1.1714605667438474,0.7731879520214453,1.1451743239309429,1.1787342377726904,0.9240418242030561,1.051756143800605,1.3190494291439925,0.840774166591041,1.0475465111819995,0.9301788480196367,1.084731833316821,1.0860202576588136,1.0644343577598185,1.0223096647331793,0.8998279370158475,0.9183515556052673,0.9613199462836642,0.8593577989363992,0.7906730455199171,1.12041453319521,1.2678129112700747,1.247695658673254,0.9461630130736516,0.8847691380792955,0.8899366227538603,0.9499505482261987,1.0249394677463373,0.8456122168104152,1.1652111717977447,1.0578791493381536,1.01618868590876,0.8497154658689858,0.9932999386254677,0.9013565306242586,0.8339849001249343,1.0167872188901057,1.1499417052213534,0.7310835151769635,1.0104952149736905,0.8734370954665768,0.683022933208463,0.992658045833472,1.0434137108542434,0.9321120427552583,1.052820988625856,1.2222501845318368,0.9751317366632246,0.7961595551498459,0.9739923777129842,0.7285766761511606,0.9706107551485824,0.86931553336885,1.4000943617117212,0.6811889160375929,1.0821980461628367,1.0048268002561311,0.9302766911704776,0.6505260294774209,1.2192369031435797,0.7426150756843695,1.0526737562046105,1.9409596012007362,1.2372673648533221,0.9482874754369526,0.9361158042582391,0.8434022467997508,1.1832464474249038,0.8447605063889014,0.9394319179544071,0.8560317464140142,0.9966229643762069,1.1104739316233871,1.1284159583168212,1.0585472025894906,0.7432327042430109,0.9673761890650558,0.6849338332852828,1.0113231508543978,0.859045509176367,1.0689634852934722,1.5265409654934579,0.9450083418538975,1.1036909459841586,1.0615220512274688,0.9564549588750586,0.6566676591760217,1.0738677494636244,0.892283132782067,0.8376881543385855,0.9716513293679794,1.2655671567959994,0.7967880615663067,0.8797701840034199,0.9790896743194613,1.1320150879842137,1.0112429078036063,0.971837863393982,0.839803170276199,0.8768461741042969,1.0622647719021134,1.1931856698736722,0.9861297437554477,0.6978642713145865,0.8666548014804363,0.7722190227778293,0.9121831534305008,1.2349582528055048,0.9637159114239318,1.062402617490606,0.9877687825217121,1.1593314094375353,1.2150390197218863,1.19547970746925,1.008176533214436,0.9516324043540558,0.6583195446147891,1.2259071836134174,0.8722032501169281,0.9760479123878782,0.8742262508135867,0.9343339841032223,0.6486397077662313,0.9596507050374268,0.9696219522843664,0.8804373465204939,1.0650265524427953,1.1723534754399203,0.8039866788730679,0.9323424605815505,0.9914761236412131,1.0767798641942259,0.9864261122586975,0.787066252626737,0.9328562332914432,0.0,0.9590968072794038,1.3408281508087814,1.1840118974226972,0.8569933964384993,0.9985971304170571,1.3331611152397433,1.6486453249680304
arc_pair_649903,0.3600611287538842,0.5677468047952673,1.6699240425362185,0.3352148631168165,0.36421925229581,0.8399338183706515,0.34168536452455844,0.41183690720757826,0.612963781992927,1.2164354059426667,0.6646089304084297,0.8911369485148087,0.959092228637402,0.3106070424600447,1.0414385624175182,0.4914114139291739,0.27429725092807034,1.6801944910986348,1.2410870228811814,1.737644269730792,1.0488899356431518,0.9087626854403652,1.475714536474685,0.30441537228010607,0.6126327850993889,1.2105275062910772,0.4841953666802302,0.5360800981792324,1.1398231710221995,0.4390096172675174,0.32104472919826044,1.2744354488356273,0.46566265337393514,0.32020380532196113,0.29740811459896555,0.5655344285212499,0.549282173386545,0.9722519631668545,0.4317442683329453,1.0405534003396844,0.43610653827912965,0.6285171794375133,0.6545676627452396,0.6118191195070427,0.25175639004526934,0.8643336447791491,1.0613176577658814,0.6862361903789271,1.0735136637698448,0.3469032009049277,0.38342884358643137,0.4091951176920293,0.4568367189188022,0.299921717383258,0.4974976434178673,0.2373525261322491,0.807563320869214,0.8089466414715443,0.7744725268215082,0.2516336546837209,0.9272898047800521,0.35808879649494874,0.46823130869101487,1.8215542202780304,0.5500979206304231,0.5787353434152948,0.2690669310392164,0.6366779516623327,0.8887316788075404,1.2374467714912507,0.42499235519445944,0.28329249536298584,2.993942538313862,0.36044398792416255,1.151419978476159,0.4529589988050114,0.5807094076735309,0.44645427320755887,0.6811376024549393,0.6846451992478246,0.6489378083235233,0.39155121265838766,0.9699111591892322,1.0342476666495564,0.4755971468405821,1.3031323931874503,0.27085726818088474,0.6154345090423033,1.3202248740261049,0.2932008974413735,0.37527142936219604,1.9590689084047583,0.46299910762836927,0.9478538048013407,0.5623286133376468,1.2984268481648882,0.8809645618642863,1.3591093596914896,0.754789657990128,0.7748077861718221,0.6019982182871011,2.179824685025286,0.6319278896073984,0.5283746254734033,0.3804567607611815,0.47474283362239195,0.7521015817808833,0.5452152714730297,0.9290598575143101,0.34746014662917435,0.4030081273993863,0.8029186372453222,0.4705439271770524,0.7125832595813406,0.5159738770374778,0.8899383919147998,0.3784156335430528,0.915232826727949,1.163308846235788,1.395319752201293,0.38027159688264445,0.5529809704443587,2.089528292158579,1.2415047809894446,0.5186249341012543,0.4770525900731152,0.9383486201522284,0.6417959958544994,0.6641702960218105,1.33512881449717,1.3335893019069194,0.36564161625562686,0.8640187181096591,1.4747760159213177,0.6871741259215243,0.340452705645704,1.756002620757331,0.9212639014034214,1.2949488973044074,1.0356575512595059,1.4062663457743945,1.5937885703482237,0.49050140872876546,0.3260111247557127,0.8410164405178154,0.9590968072794038,0.0,1.3158610071558314,1.6821483867461806,0.39673338384745216,0.5353256586455215,0.6990381406467571,1.8779632334938308
arc_pair_729575,1.5141415247779473,0.9472213059843815,1.6274849879133515,1.1283245733170555,0.8395268053604567,1.6723977170891131,1.3725654435907486,0.9462836950038612,1.216265854053024,1.5515535621283805,1.096070903392658,0.6918004844177221,1.321901869908923,1.433875917912583,0.3549531844240714,1.1029902586617188,1.4791866398091698,0.8148266261853856,1.3080909564346368,1.4975403499155968,1.182478124672763,0.4433951764707181,1.4181718327806694,1.1736087542315776,1.024224427486276,1.1450424653677032,1.2364794161135226,1.0440039817185136,1.0693881055558223,0.9721010457395243,1.3536907375572584,0.6793972495139691,1.7029630450121769,1.0988320725461806,1.068405816804948,0.9493322732315201,1.0649258453183494,0.9536508642531383,1.1668170022588993,0.5280628216029968,1.2821164031057601,0.8232292149958216,1.2685885614331203,1.4636112909698216,1.0953991239607543,1.1796784337373172,1.0492831705591918,0.6694423844739731,1.0069749109983541,1.2393370017004859,1.141098356046216,0.8498680952398807,1.2588689712533627,1.080514810911576,1.3822920883421594,1.2851120409111008,0.4007778962850257,1.1775643785846412,1.1387477379577793,1.1839227357392694,1.1164326819421238,0.8550017291872539,0.808534180019781,1.7295033630433108,0.9656450275592432,1.36909709977058,1.3588740824448475,1.401064215428796,1.0600459221518126,1.4587278434573994,0.8182009788910429,1.0826139231291205,2.7443155539723536,1.3455309404291618,1.2314977677648886,1.1886997425228598,1.1301762381981721,1.0847653095794016,0.940029357721369,0.7313987562390329,1.0211436416715218,1.3282374687968899,0.415970619696829,0.6831854184380801,0.956848656288182,1.1476031045075588,1.3994939815033207,1.1664630524834736,1.1783403037778553,1.143135406061695,1.3383071257794839,0.7273187212473402,1.183619042998912,1.4348892300556266,1.392478088883001,1.223237657630953,0.9798058734426089,1.5065211764115516,1.0014548284772122,0.9878578023078188,1.0906027208632227,1.3931082503698886,0.9484736535947755,1.3635544037196314,1.0813996571995614,1.2281907466195343,1.7337679526474212,1.1788501461835512,0.8950922669700574,1.030863423109281,1.2510463017764855,1.1241096728983446,1.1331118076065614,0.9167146770982495,0.8869269901096155,1.1487992924513302,1.126694819272166,1.384225049612486,0.649257311148956,0.631097854017745,1.161664637579517,1.4999725411964424,1.7132229045690464,1.5480573807182152,1.2599364815899075,1.0937965623804038,1.0795075129802132,1.2214175635280007,1.349032034830942,1.5776287176815746,1.1640741472444818,1.2485559878768486,0.8113127093770895,1.1144550709114323,1.3002197375024125,0.8485511724493146,1.6429907981820944,0.33745682591028653,1.372444287861886,1.3322742169709854,1.603683970690163,1.7805158891939556,1.2866169859687686,0.885024309521547,1.0963610677471483,1.3408281508087814,1.3158610071558314,0.0,1.5495370705442602,1.221914723625877,1.0875930254696977,0.9141733158307124,1.037794708617824
arc_pair_642267,1.8964256393351746,1.4637352328267708,1.2269917467217586,1.3230894234073796,1.4174103977791974,1.8647966711147979,1.795535615030211,1.2635940510119976,1.133380820470732,1.240679287044444,1.4055155256108798,1.3969551585495523,1.0234270383789381,1.8848715735323078,1.518266799656585,1.6116631777848562,1.7384227489486084,1.2265821341723253,0.9459451055113886,1.056634370689121,1.0787208869126568,1.301702316896938,0.9187123270899455,1.7124259769461736,1.458663348721505,1.042647715198782,1.4178614315538984,1.59575387449743,1.0647881506858545,1.3578995807166503,1.7123381974242333,1.5250049626194047,2.0835539235710234,1.6867184247714853,1.356007033020584,1.3218087237604368,1.5342001416149598,1.38672994407709,1.3376551727065982,1.3966185135874687,1.53977420736647,1.3712511816478559,1.4931805440757582,1.6828557252225813,1.4312475681702261,1.2647340244028622,1.4545795963605468,1.5041390763406683,0.9274696315554669,1.7197998470307834,1.6010148519273564,1.1647197770091835,1.6269962059683336,1.6280227209572962,1.689050470970564,1.7465496165233207,1.5954880135040372,1.2596177994003646,1.0337675184933526,1.658393925653534,0.6593349025361143,1.3882829925581923,1.410698346583156,1.4095508246863873,1.015310173734706,1.80300082394572,1.7269554384035741,1.3477795277358156,0.7119066150296107,1.3659698205238557,1.1885269102945226,1.551582942906673,1.508165618441916,1.640264689239536,1.4058880116123307,1.6261278999289148,1.4086493143235472,1.7965581377742321,0.993292638030815,1.5710116940240026,1.2738960888547932,1.6006193395317743,1.4952481509761375,1.2167706504267786,1.6749932263239762,0.8816791642083384,1.7295677871074113,1.1799521393240813,0.9940564908755767,1.3977310218364567,1.7229995166043568,1.3897481711693391,1.2736059011937328,1.7385679295554426,1.5934665709226028,1.1319341332536825,0.7146494276296509,1.1764659531831123,1.4554750549856306,1.0394373139869717,1.620276459596931,0.8533744020221827,1.1870115553710943,1.6003529496792401,1.5713753693104877,1.5291605592583366,1.5680629642436263,1.6119525762781453,1.1946789537714695,1.5623442942385164,1.8091811829467197,1.435645867624805,1.4439838066638941,1.1163754540015642,1.1867826948211389,0.8983770608212454,1.473390897802272,1.4877346662661735,1.3583189982863084,1.1843398796504232,1.551007354398198,1.9930804583693997,0.9336743580558394,1.564262579545438,1.5343369233315638,1.491780954206456,0.9143567993199011,1.726233790140391,1.193219278234428,1.3849791189566814,0.8873179153507703,1.4947564946475018,1.0674968572649386,1.0245629730895207,1.6277965863527022,1.3232997938053153,1.1914948732846562,1.3039506491369033,0.9483488354279748,1.160275340013504,1.0013253427822266,1.2749397936620803,1.5359667737957556,1.3792279586623803,1.1879853990954776,1.1840118974226972,1.6821483867461806,1.5495370705442602,0.0,1.2519012254927258,1.6337816788230421,1.5806419919346721,1.7150339388935767
arc_pair_149569,0.6001505989710461,0.44505111980910833,1.4421197491310427,0.31926498426654837,0.37505795229911437,0.9129485363647639,0.5113445700435126,0.4181041967100056,0.6217684039409225,1.163675749589713,0.7672234508457871,0.7278659928433694,0.7624433544154251,0.5905584845664927,0.9418124065840139,0.4582343171454899,0.44092438262557954,1.529211324822815,1.0192714316618403,1.373635930685659,0.7544991828534127,0.8048210641651377,1.3876720241039757,0.4213810250339814,0.6102932727371849,0.9756839903845383,0.44773189863800605,0.5611204727845682,0.9051081121348218,0.40112781782307183,0.4000375578071864,1.225400021968038,0.713904649871538,0.3716809465413039,0.38085991921604734,0.3843868019481186,0.4946244773532916,0.9038977463465633,0.43571420212967577,0.8681656527365076,0.3763455101013625,0.5913945736728491,0.6654428011363941,0.6591212223405227,0.26917396668202387,0.7759188444775463,0.8941739920639024,0.6712384961966651,0.7115194490454736,0.5335385332202792,0.48490112569236365,0.43004418894429836,0.5491250319370541,0.3776157353288289,0.5879679230191043,0.42889562941929177,0.8013401737271364,0.7756579149989205,0.6179359384352923,0.3698489564989186,0.6483155108066118,0.3651581360340567,0.5572309168888119,1.5135711104380436,0.3307101410217504,0.6105186503287527,0.37147120323378874,0.6106624822220811,0.7027469285744687,1.2277958525984207,0.4924346788720311,0.441437926557547,2.6903589172721674,0.4732314357438987,0.9279662634991337,0.44407336108672224,0.4272833902492078,0.5958035050702006,0.5302449141224728,0.7131964920765057,0.6422763103140291,0.5378531033939024,1.0002851422023626,0.7089146205862498,0.6554067362806875,1.037997555006285,0.29850295215139644,0.4980853244819598,1.0691147193701447,0.25101292587761026,0.5041086475738146,1.7383336412332546,0.34531530504721275,0.9927419005612159,0.45707323223110224,1.0961058613636618,0.6052743438756465,1.1555189441098523,0.7385593114142652,0.41312107472038606,0.6851285465702659,1.7074961685753898,0.5281027384811311,0.6823321842402839,0.5166035047711944,0.5031661084383114,0.9502417272235069,0.6127363982401905,0.7582432345599897,0.4436506997584544,0.6739386527846003,0.7564677245016111,0.47601875788301573,0.6949997989798422,0.37208139995921613,0.7527049857783337,0.5541928263719755,0.9754184291433954,0.9172486659648255,1.1022054949637783,0.3001509267397947,0.6721373908021719,1.7589846641468954,1.2123610206992603,0.4629257973321335,0.4759945844400181,0.7918744365366261,0.6202168363119018,0.6261291889909133,1.165332520266422,1.1009047600484367,0.408349097018677,0.872237528632233,1.2579209407451437,0.5969710424578274,0.35644744217071866,1.5023979916751922,0.8911940122050981,1.0221411306456971,0.9276648892500008,1.1340695800204263,1.4209410740848425,0.671601925199776,0.3791121282594444,0.5813007557069789,0.8569933964384993,0.39673338384745216,1.221914723625877,1.2519012254927258,0.0,0.5679547072418446,0.6788003405078129,1.5611567402740258
arc_pair_281486,0.649910379413974,0.4667611677105852,1.514175403074131,0.4637394682490499,0.30026017439444874,1.0854313714224106,0.5588598932358239,0.5063698158316081,0.7884878536214708,1.1681595778793787,0.71923881645422,0.7359337628472961,0.7846949790369242,0.611437349281158,0.7726113843192512,0.5277403297959239,0.47608985913569485,1.5121004197462078,0.9664934399028117,1.4145387897025157,1.0381892381896562,0.8763387928762064,1.3586802813398164,0.4800912147451025,0.7753552745429644,0.9275548529639992,0.4408469023993006,0.467552656569002,1.0289063991640346,0.5482462607200476,0.6459279480142083,0.8634165706675733,0.9252953652796463,0.38555779527190875,0.5679315022486247,0.5330794539775299,0.6112714635662386,0.901967609840736,0.5203819937689508,0.928252619672793,0.41454547224494287,0.6798448838798861,0.7557881560195943,0.6765551475384753,0.5381649476635645,0.7344017611689623,0.7200358961916792,0.6286693618455422,0.9077931219940862,0.5120631308072562,0.5514470915778699,0.5184906503436209,0.668429265691806,0.5251051605390146,0.607312630317056,0.4562592061242516,0.8446027850448266,0.7307537604249756,0.7880409668041389,0.33073948209339293,0.9374883388631491,0.5577922473710694,0.5734344943580374,1.694326199619074,0.6152620838063261,0.3771308195703301,0.5043711636617472,0.7977978567485751,0.8627018455204081,1.1113708102468591,0.5152524922969928,0.56689006463956,2.8338371255989885,0.7114585284905874,0.9855829253361884,0.6699179427766764,0.6332110844822079,0.3573549145252247,0.6850704510562067,0.5218676504464315,0.6089006016063068,0.7081782765410456,0.8692840757043858,0.7938099226197757,0.45679719792872886,1.1253995580037954,0.444800202019945,0.6611271426606751,1.0852522423255608,0.5699635303419311,0.5452110431859205,1.499360425165184,0.7436703451129361,1.0078725814379077,0.6935395858786026,1.087507563784909,0.7919804206327534,1.2945768875154766,0.6517648271777212,0.6902887925668958,0.3765665907768915,1.8522459376580158,0.5722724491030345,0.76409242670707,0.594597339871717,0.6657353421550464,0.9929757131036312,0.6972127438780205,0.7459567792729634,0.4350285443104347,0.5744798822308366,1.006954150339751,0.6345156196808318,0.6487073372378203,0.5921869762575599,0.7370607763715864,0.5545304692734413,1.258617053728437,0.8664829795652376,1.2537337945547846,0.3342703380108816,0.46947984290604505,1.9265343658908949,1.1589583662024205,0.5739348146770482,0.5868000594945042,0.853988767111431,0.7138006748620891,0.7939543492612864,1.3860711503445882,1.1960310304504949,0.3481087403415819,0.7963414855279181,1.2613752000407894,0.6870639524244291,0.5093637816012027,1.4466298145746013,0.9773290274499409,1.2179914331812225,1.1333810170787428,1.3264485330472842,1.579080526377208,0.6683562093306876,0.4108169212029489,0.7416258083735738,0.9985971304170571,0.5353256586455215,1.0875930254696977,1.6337816788230421,0.5679547072418446,0.0,0.8911444359313364,1.3514446471933084
arc_pair_27275,0.8611045782998158,0.8078559977638191,1.981262178026176,0.7493061433604713,0.5807508623712545,1.141475412594859,0.7873746599503391,0.6505309932835548,0.9488159001432002,1.6163258489993315,0.9230412720898608,0.5538609253745483,1.3328158968365624,0.8007012328484189,0.885647886688365,0.7325834975086857,0.7440045698479237,1.272322499735794,1.5881323913257228,1.8740743247535452,1.1186032393110712,0.5362418845589456,1.5677822898208271,0.7315762174031266,0.7933461801742797,1.5579758946119804,0.85539780054602,0.7444655148674715,1.2893011353293335,0.741993149953392,0.5989228059507989,1.031500096242807,0.9632908067324639,0.5677332481589001,0.6338525425806967,0.7624570922646916,0.7496036509670517,1.0356486428642881,0.7390775214196997,0.49462746761465626,0.876973942425912,0.8255536142149993,1.1689847610993973,1.1115306723083118,0.5117790404948066,1.1997613860871676,1.2900173231093488,0.32985868331015455,1.3222952642706094,0.832451103037031,0.8405458547739735,0.5724350521818462,0.8000266191074781,0.5217936797887958,0.8427860210704818,0.6979184032084071,0.4380512789860781,1.015799212563553,1.187236318208809,0.6135221452881353,1.0269121263034873,0.5031892218076155,0.5657122419535375,2.0515447016625474,0.7919110292505589,1.0609582707929883,0.6463242688694599,1.096129782344569,1.0709144727913966,1.454482983559313,0.7062542901916564,0.49280755164969525,3.049875278274489,0.48241165790367085,1.4317936060410026,0.6655079869415397,0.8815069173363994,0.6165850622210131,0.8854487589756608,0.6322103699226911,0.966404655300076,0.8070281527993006,0.7448089870492459,0.6341376411941613,0.938155623825961,1.4663945884403111,0.6660895884190883,1.034386886322972,1.3728896396563535,0.6821489437290995,0.8462629477207997,1.5372933284546724,0.637349528759894,1.2520070878642153,0.9247105490101933,1.4623345766574425,0.9099121005081234,1.4203590701674744,1.0681317753057167,0.8133084436645499,1.0339587483598298,1.896076211632653,0.7956683860095382,0.99652004700821,0.6618359602140966,0.6512188502615677,1.295433738219467,0.7309756862569492,1.1158831084260101,0.644703605685034,0.7312749459095838,0.8021926617788573,0.8326071513413341,0.9297136567122196,0.5774349747766947,1.0552621311077592,0.7755147930069204,1.078400482660227,0.9833021707187619,1.074644080058855,0.7065162940628804,0.9855114926184364,2.1565175256748477,1.5608353777665323,0.7381758437068249,0.7634623832656533,1.2998597324425392,0.6498915789719508,1.1515646405128568,1.6999859281060399,1.5641627946248187,0.8960186556931506,0.928890173932595,1.4773537615115915,0.9157297920965071,0.5743935616694704,1.8249453167326288,0.5436897736830132,1.526996587071761,1.2921665995506153,1.6269594823786584,1.8067223178651148,0.9262662819947551,0.6815401014327753,0.8990863943765163,1.3331611152397433,0.6990381406467571,0.9141733158307124,1.5806419919346721,0.6788003405078129,0.8911444359313364,0.0,1.4793310396869555
arc_pair_723396,2.1014892128445153,1.5052063286745294,1.6745460952822087,1.6046510349193432,1.2390598957764047,2.2574558430241423,2.021772941898424,1.5041270292745106,1.717966217580126,1.712463290056542,1.692307713758116,1.0293491462783164,1.471218561663028,1.805431896251786,0.8416132673807328,1.4604409523420165,2.0057541367129303,1.0391490959582015,1.3552136266118675,1.6674432002393325,1.4956135702217983,1.1386978389597884,1.4286483117828137,1.6732824593342353,1.5483072416722536,1.3463906286771061,1.555097693935858,1.350412060741181,1.5298275598074376,1.430418909949284,1.836367499746825,1.0814824285458475,2.2075259829215446,1.5754939835675175,1.6315870333310574,1.2302714037795845,1.6751569627729102,1.0598370216664048,1.6919583389480204,0.9686030759481846,1.4302688970833541,1.426682300258738,1.3637296413111313,1.8754346667315036,1.5998644983217587,1.289947041154971,1.0001540598326475,1.0522986480708227,1.3889974049619953,1.8092410301943203,1.7660707877997979,1.2900417832396407,1.5900089019610846,1.6611739233361655,1.8963300946884543,1.774481520635139,1.2551746867133173,1.3286958919821314,1.4569397022980493,1.594723769797598,1.2420703655952445,1.5046252640283813,1.4612065364247526,1.866496705722315,1.3789898506409253,1.7518782011055192,1.8833468877872017,1.8845539517445151,1.3813797991817371,1.955751592185412,1.336431044375225,1.6014375473392168,2.4741371824593106,1.84023278797995,1.5788350916593894,1.7768400873016161,1.5601093729672197,1.3890253490937112,1.2271500473190926,1.1018712053729387,1.4096638661632683,1.9028193805210714,1.074926119336061,0.9960060588609325,1.5485026801882658,1.4441448705305753,1.8339417375656568,1.46921623735509,1.3724033903105806,1.5813461522648418,1.9539695592344324,1.1706411209041545,1.7144365040720533,1.9857410056664357,1.755289257635883,1.4141544520227027,1.154273335996647,1.9091889764532128,1.5255408678566185,1.1210694924626812,1.4168394526649726,1.6632822638943154,1.3139405632653238,1.8520914332256653,1.6451361269284641,1.7248131950281542,2.165227184852618,1.647295867005762,1.317041519768183,1.6031331494011378,1.737031825796699,1.5611018257349347,1.712141091229489,1.3546928844667372,1.206669550335425,1.2050692107318,1.6770400207342477,2.015413729203071,0.9600771270135211,1.0514100776907482,1.5895450425991804,1.8660798025964602,1.7627534700767455,1.9396400918242236,1.473261396922884,1.5700603443683527,1.3971515687549396,1.6236608004813018,1.7457570912459386,1.9076980721848742,1.373504130772523,1.6174314830453411,1.1005486249889371,1.2363950470867615,1.7974485176185153,1.469950377751244,1.925610033511838,1.105686824270973,1.4910108473578028,1.9193893049336355,1.7510503350282307,1.8817843815046973,1.76861986518539,1.5032099050722791,1.0974479958328272,1.6486453249680304,1.8779632334938308,1.037794708617824,1.7150339388935767,1.5611567402740258,1.3514446471933084,1.4793310396869555,0.0
