,arc_pair_221519,arc_pair_161493,arc_pair_48468,arc_pair_684529,arc_pair_206257,arc_pair_249616,arc_pair_337111,arc_pair_290847,arc_pair_726656,arc_pair_447717,arc_pair_218228,arc_pair_307657,arc_pair_48188,arc_pair_147702,arc_pair_169201,arc_pair_694660,arc_pair_25587,arc_pair_542791,arc_pair_682126,arc_pair_402982,arc_pair_578116,arc_pair_307953,arc_pair_313438,arc_pair_203062,arc_pair_197122,arc_pair_27742,arc_pair_255622,arc_pair_139628,arc_pair_58054,arc_pair_557730,arc_pair_610128,arc_pair_283483,arc_pair_370771,arc_pair_522221,arc_pair_624573,arc_pair_144158,arc_pair_257950,arc_pair_115275,arc_pair_593564,arc_pair_708260,arc_pair_496804,arc_pair_247784,arc_pair_230744,arc_pair_364083,arc_pair_511862,arc_pair_649551,arc_pair_489657,arc_pair_270697,arc_pair_446116,arc_pair_148500,arc_pair_90669,arc_pair_656372,arc_pair_664080,arc_pair_257072,arc_pair_261455,arc_pair_547258,arc_pair_67750,arc_pair_720681,arc_pair_347280,arc_pair_588558,arc_pair_594469,arc_pair_649403,arc_pair_599471,arc_pair_718797,arc_pair_695283,arc_pair_516918,arc_pair_724174,arc_pair_260376,arc_pair_551617,arc_pair_358495,arc_pair_450035,arc_pair_64470,arc_pair_665109,arc_pair_726873,arc_pair_461800,arc_pair_156269,arc_pair_269928,arc_pair_242245,arc_pair_384979,arc_pair_51712,arc_pair_595373,arc_pair_295568,arc_pair_142660,arc_pair_495861,arc_pair_167650,arc_pair_82729,arc_pair_169398,arc_pair_435729,arc_pair_653762,arc_pair_644674,arc_pair_365022,arc_pair_716732,arc_pair_692544,arc_pair_134659,arc_pair_639703,arc_pair_632661,arc_pair_566053,arc_pair_129381,arc_pair_271027,arc_pair_493828,arc_pair_336359,arc_pair_621082,arc_pair_731860,arc_pair_323321,arc_pair_462000,arc_pair_43532,arc_pair_131562,arc_pair_119264,arc_pair_625567,arc_pair_16513,arc_pair_101269,arc_pair_176092,arc_pair_523521,arc_pair_551110,arc_pair_521750,arc_pair_166773,arc_pair_532740,arc_pair_700005,arc_pair_474346,arc_pair_460240,arc_pair_594335,arc_pair_24655,arc_pair_278581,arc_pair_75573,arc_pair_641885,arc_pair_292663,arc_pair_39421,arc_pair_703887,arc_pair_22407,arc_pair_717256,arc_pair_89302,arc_pair_714315,arc_pair_464015,arc_pair_674772,arc_pair_280409,arc_pair_388971,arc_pair_674359,arc_pair_172674,arc_pair_217721,arc_pair_649523,arc_pair_492710,arc_pair_297765,arc_pair_208250,arc_pair_713999,arc_pair_564013,arc_pair_672184,arc_pair_649903,arc_pair_729575,arc_pair_642267,arc_pair_149569,arc_pair_281486,arc_pair_27275,arc_pair_723396
arc_pair_221519,0.0,67.09793297938259,172.71496670307945,42.947035263565,39.96471966665126,72.51160184047566,36.982107281645234,50.72737922854956,65.50781152407436,126.77017885679894,55.93723011060405,91.18904808819633,91.58946069295025,34.08722215600458,107.36159246419378,49.69072101856705,29.31307508635456,171.01252985779857,123.75191988914352,167.0817888335631,107.03664549085207,89.53971832751684,147.00743668947297,38.53414970252146,71.05405900244217,125.19901134311165,54.42976617371597,49.55615420758732,125.44309109835758,60.780450910690334,42.45780110837482,127.57105306436834,53.410321561795264,43.22681782500286,40.85631376928744,73.77373271712966,64.28678124835498,95.60783242227302,58.89743926120467,100.68647382485753,53.71308903528731,60.51141299792464,93.58088841564025,62.87422974674942,33.80476032190619,84.7859538427271,126.02020031264884,81.46404041795634,120.31195742216677,29.569616727309622,30.642501006489816,47.33907065302356,54.971631962965105,38.631520341125494,48.82049602140877,24.65984421944984,76.91683185510955,84.51376945271575,101.51131866351264,34.86285181617602,101.06118474266172,48.797472644356645,53.32502263288382,174.0469521858887,69.68206514692358,51.36470845230207,29.966467180640095,60.70872712156424,96.87636358801208,107.53544427513118,56.21989094578268,34.98818694371922,289.5573312991143,45.79056971443124,124.70129415773054,51.82038631152459,61.920117203196966,58.34114932919974,75.54592075031448,73.96236247375991,65.42766879974721,38.463229518042965,102.94416104628641,117.06099326711116,55.98490240937435,132.12392850932733,30.646169816683248,66.77573881752127,127.3790660910943,38.720453206771275,37.01408239282087,195.5570545090066,58.68420577636047,82.1356206993195,57.2349851246462,116.3059680753245,94.79272440080518,125.76865563175649,81.43172567259246,101.01732776165126,57.47651908884463,206.53912467279736,81.05089066398702,54.02834273692689,35.522428188443016,50.3230702606748,61.3169359145956,49.31343939471775,109.38463605485592,40.75876970788782,28.524051375708034,82.20210967084275,46.76129132063298,72.39748886880837,63.995150413577775,91.81237551673534,26.738403148971415,82.44940814392527,129.91973067178725,144.42647481431578,41.23760813380904,50.902009329406845,221.7883493291724,106.19921282075899,61.67374142994384,63.7463540849156,104.54523553621969,65.91310887584052,76.45928427023517,137.33185351912823,140.95044259471845,43.88979447648639,101.48334120635232,171.29745668129587,71.08103522368279,39.64068792002084,173.00227228075607,93.64404546606971,139.20396007960082,87.99336443447785,127.19144496529874,168.93959169796847,45.00038733748896,43.65676494596504,105.70818567628677,102.80152966371368,32.68844361594293,127.42943078370338,165.66531460317557,56.75410887876926,58.98457295869592,75.47642346632944,187.2649278925668
arc_pair_161493,67.09793297938259,0.0,115.09487312113484,44.5625396478829,44.44444337898638,80.84024359054432,53.79856621019168,36.61307373597304,45.00630637536487,99.06078153773133,58.451468491389555,60.79249225616972,74.66138491953433,51.300978547646885,68.37609935545119,51.90126555744034,54.91952529388119,107.88304608451121,92.01803504567818,115.05214383728377,71.6043140027003,57.68362237878195,116.9763431926292,50.53477925433796,45.953858796119945,85.29031609983593,58.421545973489366,54.00657208195952,83.91709941509086,42.5706973534847,51.07824194915506,77.35841475624646,76.63955565869836,31.90771142100386,56.60738443329862,49.26785472882279,27.99405553069893,63.607827964388875,36.52859416656888,66.88454092280854,34.74623434455164,61.12634241752525,61.7580705911589,54.937168889845964,43.65722447939466,62.219777671219546,66.20772488363562,60.645015364582086,62.61310367413191,54.60478187810271,64.00931375406726,38.67295813805708,46.01746343532364,45.2364885588196,70.02295956730767,50.42571121628722,62.51913946715685,56.68188942839765,71.77132910130251,36.16250713623226,64.70350845268229,51.387889658126625,55.03860521223507,120.98177586777139,46.51747903577254,47.59020435290123,60.0668183670944,54.728194390675554,67.69209272176197,90.54007602645572,39.44440521176354,53.286356718621946,214.25919269660216,66.0233769199466,68.54109776207768,36.18279490581603,46.12425789711364,46.4226896016086,61.32335651681398,44.90585084697872,47.52808288266086,53.60069719421826,70.54632539284319,67.2552080454082,50.45134049776941,77.2175945369618,48.11715848534572,42.8493621390489,86.23755499814794,36.559878977868166,53.31584310875682,125.56780553917588,65.4291591204605,71.92493828713737,50.41098540170334,83.73160460082244,60.26419135947363,101.61376271059395,53.331398967010045,56.17340897494602,48.68206304939213,139.3817952236384,50.87386111445849,67.78344828599552,59.46440020507141,55.901827544047435,94.36631926253938,64.49499029600688,65.64380198772548,32.69527598130702,65.37636309589519,60.10854249313522,57.81166777558485,53.60598857553913,45.036016292143785,66.88489741493771,64.44448053300131,86.49273266151306,64.11002071948587,81.34269933404899,40.11602840233162,50.00823072774057,147.33972825700948,87.21981771579837,51.18335313332031,47.39753598847149,56.15734438516189,51.60499912695548,69.65015325156962,101.45390128868713,93.89578497294227,44.570203865204846,57.44088131429292,107.89876562547522,62.07342049569499,50.88883695915179,123.32713853953975,54.927760681191806,86.28905158768433,68.03572580070184,92.4364949174307,120.30995754527487,57.63492508362384,35.63185627832213,46.728458239446624,72.9845566830066,52.0167332856986,69.65456276161115,122.19928746236693,40.71535218462934,40.796496956143514,60.125445851471554,120.15357565292167
arc_pair_48468,172.71496670307945,115.09487312113484,0.0,120.47988026524487,121.60321291557403,167.69573576751665,159.02953906901567,103.15782775396019,79.62977001989834,53.57203476602567,118.33164619010202,121.45750949285474,67.37099663679568,160.10228260582522,109.58312966203725,140.10243214017424,168.0136447426366,90.44927579799698,51.40251033912714,59.62236154451414,71.92402769526075,115.60155706765445,58.668584419418345,135.58793629678163,113.85933467299031,60.01314458894328,126.87356001090117,124.31800920987891,87.79556866532593,105.87795672366528,155.25308411968743,126.48934233836411,144.52426137768873,136.7329994592563,132.44203351487587,97.05064275691907,132.22198369718961,90.7669861030129,106.44629442962781,125.20936581506501,107.11683136505314,113.05872249895273,81.4764880179568,137.8632683316838,135.2571070725826,90.9298951323543,75.07018961704051,128.62206266477307,57.74910042275816,141.57277609788153,137.0935293616221,96.0530221777093,121.74972757459697,139.26294524012812,168.28603061841352,152.20602352072657,137.41444925908036,65.70631631428401,63.53150339085702,126.20165498790602,58.628304279687995,131.1684679824895,126.95033413505982,86.66468061386368,86.9353646688732,125.0784501257576,162.82562396190087,86.71381069264933,69.04339810286801,93.94288522025619,93.13768306112982,135.37731025278532,90.37842642436632,146.0313964056844,65.54981431627785,126.08045546935764,99.76887628116624,139.4734546882242,71.65504413661752,125.2696986720673,87.47915772564176,123.13155906231744,124.91410216893252,102.74508665990325,127.82836154327939,62.18839394660225,155.25358228115243,79.38440902708618,51.09990511519157,111.5750631733145,140.28999073490564,115.93971178051405,120.43929448361791,106.37076142722033,136.61326732991606,82.48749155409396,63.1934291776016,104.28446314679735,112.45378742353412,89.20758964138696,118.98139432715303,63.03249002564512,82.45319266801772,122.98915152918804,144.74339739179155,141.05237653357634,134.31532363901886,144.90783308429366,93.02607579936488,131.41469858416477,163.0202692226529,118.80313988714198,132.15841231952007,91.54016506244784,104.93511212850355,80.18002896236918,136.40867790605338,104.02758231807016,91.4590262184691,106.96074784800987,137.94268061854737,166.93759245147456,52.42229657549511,68.20778541879821,138.92435904618665,126.58989598613697,62.831078122860504,153.97752368810046,103.8063360429887,79.23458815970254,50.56771856260099,114.08782690805734,58.33251029202127,54.86712745965116,148.66631133203174,122.05295676600772,98.70809320795668,111.46411968947615,51.44240676482643,77.77203706921593,66.47161502629828,71.40217225970096,135.37718744275122,118.13216033589255,88.75294866643294,93.3083306252185,126.7494178006769,118.63183494378231,73.49025719450273,107.38248299546791,129.1673761031733,153.48808678039364,110.43157187077753
arc_pair_684529,42.947035263565,44.5625396478829,120.47988026524487,0.0,25.60725761730877,60.70903376340476,42.0908957524054,36.997460618288514,44.39252642581929,93.37576979680486,50.55374996585424,56.471103931583244,66.96101754306213,45.032774062647015,67.4145862207755,30.744484717133833,34.4326418691683,124.54780516404902,79.95260451252378,116.70632652185449,70.30693830992081,58.28849567829559,115.74017668271512,30.682557061283347,49.785614515282305,77.4548568682321,33.50926424639045,32.03662509572043,78.09648939863489,30.18897363994778,30.891328093023812,94.44100049446124,55.64525287837393,35.520421247548995,27.148743046915385,40.67116115785669,50.16267174567071,65.66636664103169,39.52148036888377,70.3223026908218,36.86032461596574,37.34689019154703,59.60595795153944,51.37741791385061,22.90051196736871,62.97948021380614,83.49817019466353,52.831610654613144,74.56673991061982,36.56249493946896,31.541097295815835,32.93154642259376,53.30402335926749,31.09439533309371,43.962157389982735,33.989255445030736,55.42045573437513,63.10021189320272,59.26409864489058,32.849080356516325,64.57668721684497,29.623858855775605,41.305571467715644,127.91285500095253,38.8806938932005,48.39277458776614,28.496078507432863,43.955273972401145,57.089727355230124,81.72367055298774,37.87575560321501,38.995885430033496,234.75258890923544,44.608482685735126,81.02062980351673,40.82624156654445,38.52829504964955,45.93328330923721,45.51893271282886,52.98861404339007,41.56883888449065,41.540584724393,62.54061712927136,70.5024935710164,47.95232006416943,86.78462445721715,29.880322792281287,51.55390371968476,78.19993770418802,27.232807464372613,32.68969378077041,144.68168353458384,29.586276097216068,71.16643585044729,43.99853007241005,93.38430051307152,58.183222439491075,94.45592193366,54.09085728118652,47.63576873034922,46.58160254746389,139.46728415520656,48.91813869612208,49.30118526125579,28.459252475507963,36.039862114052234,63.899330469559374,45.69320577480419,62.10045175356401,39.68701409314891,45.48580236869682,69.87419063288125,33.78536436955904,42.129047104686,36.63850190513696,61.01888415404689,30.54680450051307,65.02018691519933,80.07385970126299,89.18258710267499,23.284512892338086,52.02592562990593,161.1653627955455,74.75323824753471,37.88815421947852,39.775428845995435,66.61565586363093,49.83902756679668,55.077709528486366,103.37396911672326,94.28077947780451,30.986936433066713,70.44932533164655,102.7530448950985,48.1636970965646,20.702769445123103,114.93435069771724,67.07322720039365,92.63355174640643,67.30338277335173,95.75353182881472,116.13652832251506,46.51005588816202,31.04591318180755,56.857648497053475,71.41204403414488,27.57885965166752,91.18139019570643,110.76453744046302,27.859821229243185,39.64585904717523,58.825605571985285,130.84577374710796
arc_pair_206257,39.96471966665126,44.44444337898638,121.60321291557403,25.60725761730877,0.0,72.13582104649292,53.1174460291916,35.824026078862346,54.45551096143301,97.2239703172744,42.00819228596505,47.97163857665612,63.59795323771249,40.72606292872068,42.76885988923138,34.14033966250305,35.681529364433324,107.22385255754344,81.74745450366017,126.0408174715511,80.28395572330808,49.6776096945673,110.43129968373222,26.87062482085576,44.66826046178893,70.19170252599531,31.552076531979893,17.80810926106652,77.35562647275084,38.10797283196773,41.07915944392178,70.70999778817428,57.177763766794136,26.543180920574372,25.87610161834745,35.58231915454137,56.184326693458445,62.39257066107569,38.92276063563321,57.279563037973304,34.39376064033836,31.011632375804094,60.62211293256208,54.4309975525301,23.81298299973976,59.398759122560946,66.67795625152289,38.22224411646684,76.0825377064105,38.36353195520705,24.931016057898965,33.699691335903104,53.26035020367156,33.57713123834303,44.11358291268445,24.04130943042658,46.83404559835729,58.82694700675101,57.921751350961586,24.723493623437466,70.88081201120502,25.20019726743765,32.164497600780216,133.3185844508211,41.094731634210184,34.8977428510096,28.938136079195825,50.735491743410186,63.810508941339876,85.20687763411127,38.50129924667,30.218155838518467,240.6520741160693,45.279929553179514,87.07856403277347,49.928661681637166,46.404545866298385,29.401983714172623,41.414363296140564,39.849434616084665,43.919218562196114,46.411929950321024,49.8218971159343,53.216745008098556,33.20986807585006,91.1137342717856,30.19308191403465,56.589911854151765,77.34221966823138,35.67788906909868,38.579264529526206,115.41039557452834,40.03500095071742,70.80103545512979,42.501480842589096,89.2307830076277,57.56112914023993,100.49639890892192,58.326411760504264,52.4178433349627,33.692706577705614,145.89366652868296,43.96821866834057,56.6039654997276,21.189256724422705,37.42179674995488,71.67350472307322,34.523402693260635,55.02936715129835,38.796666424353305,37.75070840454565,61.9119252043023,34.43751769749092,45.61319036524031,25.545466116932726,55.09420432815961,31.319825850327362,68.7212999120828,69.88029247031743,88.3893194738205,22.432991961674134,49.87726267917226,158.2870643968298,80.24550498673189,37.69260866898582,45.332720686176884,72.87921269820337,50.45030797713761,58.84199395398992,111.15979318966363,99.2643649609691,27.058042724288597,63.94150276331861,103.20076221250514,47.38405760964942,16.921306799525663,119.05745701519365,52.87563075664437,100.8631083344719,74.12182580839418,102.39415221697423,131.72917792337316,44.507003594555385,31.010222207477995,58.15747784353015,80.70388837615731,32.975865207774554,69.64747179386873,119.40318807093479,34.67503067057267,26.200641216467734,48.9754375468197,106.36038970138497
arc_pair_249616,72.51160184047566,80.84024359054432,167.69573576751665,60.70903376340476,72.13582104649292,0.0,63.3358994334022,66.49438247929928,73.79435822242283,136.2805406026082,79.38706242556674,105.78355444058236,103.1770331486552,75.20970983930347,108.59085115988071,68.27388438343155,66.40994543781181,155.57030763666108,124.7163460393339,156.4925815090735,105.28687238679325,89.7974936865532,155.24939848247493,66.72553831311575,84.06172741622886,126.14637770797664,90.9465266475579,74.82797846072307,128.39851468216278,64.17574505693128,66.50898362776111,129.41151285028747,86.81240735573999,63.99994181015032,71.9481609513104,75.52367503662116,77.24169705876537,91.59167432908804,79.9970341727114,107.15065158898017,81.89323248718985,83.57445341090678,98.23372060935762,93.11525459826325,63.56739693945248,98.1164735624025,123.64078239639602,81.0466891730793,116.1858475924171,69.33964099481233,72.19886641632417,62.6026657083743,87.73144673899365,60.7679343427508,82.19049537441833,74.48742013536871,89.0999032161688,101.9633084484827,104.83063989676975,67.37791725317695,105.81643132024384,59.06672470300151,66.90168755059682,173.7726612705277,80.54153627859004,86.11992583614496,62.59744246219968,79.81837048245532,99.92410071856835,120.30527067009442,67.74271773941129,74.20137367543758,252.4360451229389,73.38525143453464,110.79534361150229,67.84439962845207,79.5265089602601,80.19169847749265,93.90500454242166,89.09860229632125,73.29829131192635,76.27097040864228,101.3111587159016,114.56296985034979,84.28312633969867,108.4101632194056,59.98772015551866,84.58822398864237,121.50534089877416,62.36934219485944,65.89497410904738,193.31736086464588,71.95024687165223,97.77184888463519,80.11640751528986,133.38088156615277,102.58453979086632,128.35724955978577,92.35620733058065,95.18349866983885,86.8302153642874,182.7906572526954,80.87591600326188,79.00800557372182,69.20892780370765,75.53546024758373,100.65310721517028,83.41970464714002,109.20370544481285,66.19692083571911,71.85959178273767,105.09657506690053,76.90255701707628,74.03494094684353,83.05618785092156,106.55231943871452,63.649931209468015,102.84913694895316,118.80807188418584,133.59547240229773,64.2542845299439,78.85503074172408,199.70095300113738,110.11533903422465,82.26978247593314,66.33603452684078,96.16066811687189,92.51586988927019,94.0538901602789,135.45379076364048,141.57400740975743,78.43200065905324,102.52437449194926,142.62037637437754,97.9862986648748,62.13759244514738,167.4116349745943,100.52785912051775,134.7329041352928,96.31318863679226,124.07639928373723,145.8933598813823,68.97316054174806,56.064119831244,103.12030593189752,108.45668948864918,67.57582546593972,129.767909331182,159.75873935857345,72.83297963241034,82.12338576744084,88.00410304490933,182.157849576493
arc_pair_337111,36.982107281645234,53.79856621019168,159.02953906901567,42.0908957524054,53.1174460291916,63.3358994334022,0.0,34.78887619048241,48.39949631855505,123.9946295053885,55.65720676764641,94.32968839917538,86.2427692477311,39.58438593917836,97.9120773272603,46.46913420015686,22.05325247510181,155.92901808009123,119.4686967940832,146.99489187896367,99.77562797563853,83.22281964054257,147.46679252751548,40.142926369386956,57.49916577858702,111.03393245040908,54.34036411065873,59.72784632484134,108.48215099437473,43.31721831720301,28.28126108350471,128.49611345659957,45.616267270322524,29.472045853088076,47.884650680435136,58.577699136467956,36.51426209286294,77.4677651849769,39.74219157450432,103.61470310542826,51.462113671235876,73.81097838755358,74.43161897408552,57.729926185155634,34.66370270790951,69.76655792044221,104.00863981797801,64.8901053188769,100.8555332027853,33.67523538718992,37.819212445736206,30.966157083257553,36.818640366324075,27.54292036105356,51.34805653071252,32.08043331849408,75.96256823870962,75.91995292878117,98.16812127098973,26.24496485149441,91.9242500425367,43.84917219216449,40.723788307243105,168.10036611165563,55.93132858990851,40.52374085809445,30.60316340627449,59.86750605656031,93.4845944738367,103.67283475472613,34.03971172071501,33.28290783899426,274.3479745286379,36.68043448856018,103.46902837394103,27.667266334096205,39.011002514066,49.041030552094476,82.3799945899096,66.29521002649739,51.648777703910106,28.323619788755938,92.78032468017363,106.43727973103196,44.67441356209504,117.62113023729843,24.848448430022042,51.952374131915946,117.91035729096735,29.945045327029625,29.998362725384272,199.3313816994725,53.16611058055399,63.57380697978519,60.43217997454876,134.68186958565926,89.9503440245746,136.9772589336961,62.511924964467525,82.4829764569312,61.49933405204062,195.8516440062358,58.24420556948771,45.55622998354535,45.73660029356114,49.38745646627822,72.08071481155312,59.505522501368816,96.6624430426045,22.614424357430337,31.772621677190934,76.56583288981574,57.65779262324514,55.21126971082472,69.64876186386554,96.15221058436478,37.34239782190402,87.60104500876139,104.37139357822896,130.22065196491337,36.871890341931575,28.125128853822613,211.80746013254299,95.76413140364919,59.34422741499013,38.97410979449265,83.31314321005084,60.95538162208872,69.82261046371039,115.70749027634334,144.03904340436162,42.32526463440418,81.5052858673211,147.1931274484441,64.50332090021091,47.28253680410705,162.25814890874392,89.5061347191922,120.41739978371155,79.9818654047848,117.33792737897326,147.81379710423994,41.93021698688908,29.105145729201528,84.62210061705208,87.64829307153957,26.499177730850136,121.51202805726564,168.41244392343907,46.50925349389484,52.41640408327873,67.44325395435092,179.0771358974688
arc_pair_290847,50.72737922854956,36.61307373597304,103.15782775396019,36.997460618288514,35.824026078862346,66.49438247929928,34.78887619048241,0.0,38.662660738565336,83.26500351151245,50.749681493154284,59.968695779259455,60.08906671303062,50.348700208769735,67.63476256045035,39.62001656411712,42.06459600465265,102.2773334521156,80.08427379924412,104.34067431863268,67.80764915354594,51.572552867708026,104.71259135790098,37.14391998100417,42.27420874497902,71.16334300091455,48.28422994638008,50.41136043273868,73.61564864164086,30.25367753342813,42.54659790750292,76.02482164176112,53.158485111623975,27.181178675395778,39.67994615416033,36.908438340337824,40.003492127508295,65.141701805732,25.06978766713302,68.23691316327779,36.068893819226915,44.71324326137485,58.400984872801416,54.33288536629523,32.35126527201269,51.408355559325216,64.35062799543358,48.04000548462389,55.68464362969469,38.48641368056301,36.396950143760805,23.374314272716,38.63295644985335,32.89952237409472,56.58927420745165,35.44343234239314,55.54361735632851,45.05537546748848,53.90506057457462,26.59725644170684,49.24123450434763,33.75063055933847,37.770239323031305,127.73441645919478,38.08836651152844,35.79892876179051,40.683376191734,46.73333531951921,57.95341418585501,70.56886320595882,25.559072725904937,32.82206407505295,207.18761079232175,35.980881864849515,69.31733207242513,35.57187149244734,38.48034428149455,39.95466755919912,47.92910697037294,43.05767366547228,38.91419133668834,30.530724866277474,63.443094291769384,61.40386918828243,36.835348355440104,69.96271041606607,38.38546596489843,33.20251289233414,73.80699687025994,28.180943383434332,34.017844839484624,123.11468237862901,41.748108134342935,54.4249489564084,49.736058913300454,88.87287452635587,53.526983258950786,101.06086193019524,51.4903922684082,48.15432104592726,43.95605353762531,125.07314912962272,34.438627954396765,48.88982094654666,45.67461217105727,40.21446305723734,68.64487463358067,49.804549367986354,58.25731074038465,28.374309022906104,47.57416027467551,58.72594983040288,44.66716290639283,33.176467364742535,37.51681961418508,61.4157254979277,42.656391777306595,64.48048692831435,61.38725024372551,80.85125306938153,33.471670803596396,47.82928381179673,139.61021893189766,68.44079739809543,48.29148877004425,36.436162234295566,51.74511202665268,64.59971300386991,53.90341181580017,91.16429503572267,92.40608878805243,34.65678921003763,45.739227676942306,99.7526209010677,64.56405856217091,37.53208278617262,114.02106299748569,60.448001084856,77.56739113458569,51.520645463589645,88.68205537823326,104.87165072051016,50.20198011712175,25.024373788596204,51.17555366308434,61.10803567935026,33.083078585931894,77.48175584130934,105.45249430475371,36.07578267886589,42.99726037174271,52.843090507395274,123.61910233990754
arc_pair_726656,65.50781152407436,45.00630637536487,79.62977001989834,44.39252642581929,54.45551096143301,73.79435822242283,48.39949631855505,38.662660738565336,0.0,67.90175129989845,44.03832076331553,74.3146336831472,44.19194183920357,58.12336025961178,76.50217319275208,63.08836127152139,53.220868250054096,94.74734392071835,58.516201122974195,81.795379367003,53.09541366452427,64.99329846282805,81.88982246735851,58.08534776613615,54.135400621524326,59.37883327327733,54.32268215623553,58.539166822348655,64.17411970182985,38.37021689926067,53.764574934353234,92.30808459457197,60.00016655894367,51.53993005482684,50.55006634183741,47.445906783863016,42.34549743511537,51.73939864126957,42.425490115112865,80.55695697565116,53.280597044757414,60.555575276229,46.359635344032625,56.27234537890929,43.3205232307818,51.46903577739354,66.89390810034936,64.78150093065054,57.84191672231482,54.63685291333974,49.967039144611704,27.465962459427747,49.323115326332754,50.13706440062917,65.37873107273208,60.829513647520336,72.3422089931446,52.258505053302365,52.72850804173917,45.36867578498122,45.82788409350009,52.87545982286312,48.077863709530845,102.79028476262297,36.197075768746785,60.545267339551394,55.33859557761302,38.894877728203,45.108027290463745,67.96582249498454,29.795119466129506,54.69581120730855,159.10633952907511,60.26698487130119,63.94370695948319,40.566105591880486,39.38938165401402,61.84450287548232,48.323443497371656,66.05123052550096,33.627540410066395,46.6508635109518,68.79134774744901,71.65327833809769,64.98801889610323,55.465069849080756,50.318225790397726,34.19960784313358,57.905559005478594,43.35437922715003,49.84809417391922,127.53332050723678,52.391136594566376,59.84445383552028,59.25993850534877,73.51792364574649,41.751180679595336,71.83604908498081,52.374562087625684,53.762716533383724,62.83739342326452,103.10715502473838,39.80999773247551,51.809100955819545,57.06359684293148,55.34235385711224,62.18486228230779,63.33594463798443,59.78140125352219,42.54556986448992,58.388359986245945,71.53469795669469,61.05799790860317,37.282208298721486,53.95149374397833,50.098961765808816,51.09091348415815,58.8373694591853,67.59105021340687,79.69721368620202,56.166911603725524,65.74164291859317,109.33506717128095,59.2700745535193,68.42272653746072,48.65533620443352,39.265496120441455,60.88160384859962,47.39688791094966,60.645193606914475,71.04347230347805,48.789441401314335,44.23279519730957,71.47981443422292,60.955320980555754,47.64694551277324,99.26556995552221,64.58613150459405,59.84405038957881,42.10175696982135,60.388950343212976,79.26069263320525,45.542793470977244,36.56500079205827,57.0895339273314,53.02921442352767,40.09243255051335,90.77121698946362,90.94778434817567,43.014548991744434,60.73595253832552,71.4397611061546,128.7853328605659
arc_pair_447717,126.77017885679894,99.06078153773133,53.57203476602567,93.37576979680486,97.2239703172744,136.2805406026082,123.9946295053885,83.26500351151245,67.90175129989845,0.0,87.05823812146531,104.96540984803659,54.67140474557675,128.5627106971474,102.57298588938121,115.6626176544677,122.93864128215304,107.26534793107874,43.9121291246946,58.1710932621771,59.92800928878704,96.64954334250586,51.950406691548764,111.64259891791518,89.5151846839169,51.943447415158055,93.2076088759993,101.81739151386044,84.81742197193347,84.00394385532455,120.92085471776751,114.00555575913432,116.78074900283698,111.32772486920865,96.579927085627,87.33949193808321,112.11576226551881,90.6144471836607,76.95645772800668,115.22414901509346,89.31297250823857,97.5449137854955,77.33922637458568,104.12237483694705,101.58547758802817,64.68804112736777,80.47269939195209,116.1602171998606,56.19054117201646,109.60376882385306,104.53110579843222,76.4365923655568,106.60819343158676,110.04837345932211,121.45527824690545,119.49865123320126,113.05742338124583,56.108365912103984,52.799284401374095,101.01327353239846,58.02878856353943,110.17470135687182,106.52330505751164,75.86676605710613,79.44159595916207,98.54217488489935,124.50564968786142,62.75660428039913,52.8789222587314,70.32570815684056,83.50702523132725,112.92200144768678,115.53327248032757,124.23624069132859,69.63032449143898,105.15974127353692,81.55079092635623,121.55182823228363,64.20072141972723,115.62414821556277,75.69937699826264,98.51080631695878,111.75240643036682,98.72828426342993,106.01598382542375,57.857553109381364,124.3030002459687,70.94449686728646,48.49266277371369,89.98949967191987,105.16275462314029,115.96625222368422,101.28842449757303,80.51214642196173,125.53619079795213,78.57947389505142,58.95486731572438,91.60933003553288,91.40828392345321,80.27618089582519,92.13434029284954,70.46085186147319,75.26469647901503,98.50255109867598,106.90972209080165,105.72631607339153,91.5424950457712,118.49698774096383,88.59077940094946,104.92155158437848,121.87754940584341,113.91827568018013,101.36177196275777,66.81282132611759,92.19589393694575,64.77487329069547,92.24112065675023,84.6832094198098,93.20043154587214,106.25739551526965,105.79934259520545,128.92143409561885,74.93652291440588,78.13632589032062,110.60547092059835,105.42275950119264,52.237237222423005,128.0089240849129,79.11774096481201,75.10780004600193,48.688080651526874,91.86329833401753,65.80309742336331,65.53425379185771,118.84587338476132,94.65926015409946,91.41743987372311,93.6747371500583,56.68063157207883,69.64593233722067,58.209659159703975,76.36341372437997,109.77118353636814,97.48662643847317,84.68213104057631,75.88400334269281,95.40524913037059,114.04693117879486,82.95344926760932,93.22209129452217,99.68454541079583,130.932206735286,119.10316122185333
arc_pair_218228,55.93723011060405,58.451468491389555,118.33164619010202,50.55374996585424,42.00819228596505,79.38706242556674,55.65720676764641,50.749681493154284,44.03832076331553,87.05823812146531,0.0,75.19431912617043,54.51531230329085,55.44912746282185,70.06297375511363,55.194506273319504,48.82971195076205,108.95481251684588,82.95984894024225,117.88591188117513,86.43513150936934,67.31744296866388,97.9723509100877,52.68699981308574,59.844817006317776,67.1597791173606,48.22622498618885,47.958665371245445,76.94363406016356,55.328476387970234,60.78088587358665,81.80377457234155,52.96488276496987,53.77624603829059,52.69462758264099,65.13074266060343,60.522133615127366,70.79853906012252,57.49818592822148,75.01598193655428,62.27637307483221,60.104700806166825,77.73801113227104,63.878940979340754,51.184864902248066,62.93882271641462,72.89655971508633,63.85191178323207,78.15770141058334,48.348122456877775,44.08881060745372,40.4313385122603,66.5888496899256,46.94806811868818,62.160546946841244,53.373195253276805,70.95711523398194,71.04318170340267,75.87840700684754,49.84464485478094,72.72787874500301,52.85765801394568,44.14623446544279,127.27130069109019,49.11487303710813,65.10632987898356,54.19242694159902,56.13231041955407,61.15571198668866,74.78786765667694,41.32243613001151,50.852436296167824,199.51258547654334,63.649090844141966,88.28000554570109,61.44758004613653,60.058592438187844,57.46082703216774,58.70393587246581,67.45020798679477,43.765403558609464,51.58957600420442,67.38848309731797,78.87708090598,55.18313635359838,81.85274920848505,49.205311164995564,62.81980812418479,73.35633183849465,52.614227657584216,57.10878888743282,130.20438837600753,50.71435927246614,75.62376880052994,56.95561327743032,96.32844253353872,59.36695360161222,100.01285856710925,57.477206237019885,74.24034322590414,54.980722228340845,129.17348551472784,66.10208091796919,62.00860739464888,52.02181954446631,51.388010257882826,58.96695502479407,58.83803933191888,61.63844583094945,43.1236568902137,50.79845263619912,72.20599496917765,59.933549611140506,52.62086369855288,56.87746744897261,60.322424415635254,46.800361934760666,69.91153264490492,80.7318006169109,96.35055909427216,47.41577120006632,65.18353974513303,141.022565212129,77.63475524821851,63.412915501753616,57.882396534590086,64.44383363086614,70.14988102534464,57.52779219499021,103.79891980182869,99.17044524788237,56.21273441016542,59.4859320956686,100.68254247723257,67.11347147518057,49.28839169920337,122.66600139766767,69.9494044651232,89.74925826663016,71.14995084038134,86.9458405246456,124.3236975837369,50.3785522443398,36.70171501182787,68.21233422811116,68.52834937681155,49.131927565955785,87.63144770120564,112.40115991881412,59.31857263854023,51.22071559643007,75.08888296308878,132.3011654960574
arc_pair_307657,91.18904808819633,60.79249225616972,121.45750949285474,56.471103931583244,47.97163857665612,105.78355444058236,94.32968839917538,59.968695779259455,74.3146336831472,104.96540984803659,75.19431912617043,0.0,83.79840469237676,85.32654630896853,50.854557846070065,56.733170626816545,87.014105660053,91.47305813180479,88.9890371589837,125.73203154238463,83.03994920512724,32.78502404779836,102.07439334164232,68.89016131672709,67.42439091906034,83.31249025374417,60.19868644477418,51.85270870476261,73.9913574632038,62.06316931075958,70.60596178766008,76.29593136468496,97.93206077443092,67.1991976700977,63.8947567902811,64.01232284331707,76.99916775141931,87.70696217437111,70.34938990780749,30.874628850244196,67.21694557510537,40.020047151667086,83.07828762469548,89.14274278795499,54.87031698844676,68.88852418650981,86.03562078853841,44.81725240518843,77.659428788833,80.442116786496,68.42913251901157,57.39838069362945,95.31734736841277,65.56567557069133,87.04499192768269,78.56418180867146,36.759847170317634,75.3599358924202,67.72915747483472,60.72316363959869,65.59136495551624,59.01330708190255,57.19748916233671,132.54745836478142,67.40488772446444,80.2941325475508,77.80181029523854,76.60291498472245,71.12639051034552,99.52089541701393,67.88701946957437,63.364100170366115,207.79005759503895,82.79309007915123,94.93755495828835,72.61147065274858,59.9035266232288,62.80768881941754,50.643818552454924,37.56507339907709,76.60189692456767,80.88323822763971,54.02358040399595,36.857662480289754,75.37117925717692,96.2251359880992,77.28316711684434,78.4282255520676,88.62846587802274,64.82524611494824,84.02458110322563,92.82180807811308,58.76455446003189,90.06443511351992,67.25647400493442,91.94386024267102,60.09277873658382,99.88123584738216,82.65984960116553,46.60477065354473,79.92236191374303,117.84150507404458,65.91087568978615,86.75384396065454,59.38338649846591,59.00264292214708,104.30500188226702,67.54217971552443,75.77492216435661,74.87269610035611,78.74476645201909,81.99427242394661,68.97482034822332,61.425477978593115,41.80525095660087,67.14213487647544,69.57515528821295,84.60782358630975,72.07552408308342,49.54168785777901,54.512728073088894,98.00703413305641,143.65210232762962,98.13904611573112,68.87055193622899,79.06582586336947,80.45863084582274,63.34928113094955,86.12544324172632,122.85352404477653,90.14896678946118,69.15464950524724,78.33709276091963,105.83233203229088,77.96790318751465,52.027251020551276,116.078810706022,43.30782005975954,100.03234090555186,93.41252621323378,107.00110257345237,136.89665607537657,93.829332689426,62.30259109798304,63.25907637476473,89.8914630002634,75.60821572282633,57.30807315022003,103.70132941660843,56.468100413389806,60.50183578231065,47.108808891377365,76.04880387502315
arc_pair_48188,91.58946069295025,74.66138491953433,67.37099663679568,66.96101754306213,63.59795323771249,103.1770331486552,86.2427692477311,60.08906671303062,44.19194183920357,54.67140474557675,54.51531230329085,83.79840469237676,0.0,93.54064799952084,78.09324866058827,78.42275782162673,83.18349475616023,98.07932757876998,42.740854703459604,60.564789357300555,58.93869691953429,80.6043994638779,59.90249306703563,73.00201485224824,73.88113298687549,43.09928152656416,57.85680043022958,68.78496195769381,62.0085772099138,62.413810118300475,89.63082701049268,95.55055132032068,86.44706102959758,79.21096014694511,68.56508043171591,61.38798013087154,78.71779248503074,66.87163591798031,66.18351996705881,92.52359366705821,66.55830744736795,73.00190298047974,57.713637693453606,74.9289784497614,70.19543028127165,54.74567968097359,68.72918769434011,85.01717229445993,53.98374418120645,75.43727673165886,69.16465109795146,49.530999224093954,79.85792564394923,75.94869886823743,84.89807537495778,82.33447970243168,89.44516850336998,51.34620996092824,45.710233749073915,68.6454646361426,48.47544782194515,74.30522748113395,69.6354160359139,90.37511511556289,44.84500891966379,72.0575208124209,83.68816610816062,43.65056743695867,41.08470400581303,66.24584813706525,52.01562122171456,78.97906993352358,126.08544776754417,90.11550200439875,60.48772662779814,77.75634489204691,62.79507085886796,82.12417056098255,50.176283319348286,80.80975359536997,47.646001146377415,70.0497531226546,85.68395222386442,71.25252626722697,79.49560786709311,52.169682086157074,77.83915403264217,47.36146998847927,51.89662262095659,67.85942250686588,73.89017278827995,114.57945298281419,73.26764106361117,71.74179795791758,77.44289354276839,72.08459247540725,43.416564077524,82.15110706989093,67.24032181508902,63.104224292468146,67.91870566562515,86.04623904516191,57.35098860722411,80.23767798677359,72.85285860243545,74.84110905980246,77.34823742475865,87.69164490373035,60.10034625650157,71.75041452168568,82.46450236062464,82.7113692339222,76.83598573742756,45.931356284786446,67.66737680298415,43.84826796523085,67.97276581092939,77.00366982882774,77.26549362333567,89.08486677170461,69.67995904853947,95.07382983125508,81.91066469908596,74.05293928420784,83.1435676359166,72.83255918672916,41.46410204560536,91.27391146579554,55.18469198210697,62.20329625043318,60.67737890070207,59.870092978173055,54.13526926006037,62.37732379090473,87.71812679290835,68.23447957175571,84.48213264677608,81.92885080467876,50.64105827260116,61.23775619429113,46.85169538758969,82.91230509296659,72.47824661292117,55.94883623041123,67.2434696916246,60.30844014213209,70.25329072133806,101.48226397894894,78.79147010168096,58.46369617088332,63.668669729780845,103.01275310042828,108.4467224701141
arc_pair_147702,34.08722215600458,51.300978547646885,160.10228260582522,45.032774062647015,40.72606292872068,75.20970983930347,39.58438593917836,50.348700208769735,58.12336025961178,128.5627106971474,55.44912746282185,85.32654630896853,93.54064799952084,0.0,97.48632106635118,56.93561912114798,31.97911953446968,161.68581294420528,125.31478756190431,160.11024959747667,109.4484301506744,93.76263017725579,145.87005785921053,37.97295536748568,63.45497541890212,123.08870193582945,52.90875646086164,51.02265998533122,127.76658525986862,59.161140735489425,40.035902800320564,128.63609848406108,46.076481131183996,37.84174556075723,42.937806370158775,66.85664067334392,44.74680160457115,84.83082369785801,56.81759813251269,95.93934906410306,42.72874428104673,72.27626735222347,86.4058300528996,55.33188135364051,36.06416167827321,85.82935639541105,104.00923088597084,73.48970262276033,119.68024982583107,38.886896139516146,34.37723857648565,48.78192063895604,45.3875496383662,39.713112789833104,57.83402495714604,24.20957584123477,76.02367212975513,74.91664920223671,102.66581783960977,33.239594075176754,99.0530060425575,49.492943787692205,64.40164805203182,168.39487169694485,66.73092626988523,51.320269218407645,37.901097300605755,71.76280197560358,97.10023987566196,112.20399966920522,48.817710330795975,33.15577846510089,278.1981058901556,45.056822849113175,111.22879478240506,36.78739182767248,66.16531216716584,52.78571063181098,75.26366220595165,72.09869646122911,56.97205939344474,44.8953153397655,96.6183523991518,107.53598812723982,54.013653235031015,131.32746804726315,29.557700824135374,68.9807761518939,122.15851750467388,39.00565596447326,47.87428291435948,189.9955920137549,60.05368946313392,83.64691125182117,57.18532976335881,121.64483170828903,93.88427209713021,125.60210883188857,68.43596383578806,93.29936460048272,55.930935631316736,206.31705459559913,81.46056452643728,60.014342505177474,43.50557386109051,54.27426232287048,73.1692798689217,56.03792744756398,102.22773521114601,38.52148046305862,42.489514425806746,73.5746885339788,51.71322893720121,74.08960649068646,63.48545048510785,86.94981461033831,41.37050371196271,84.38511686381443,113.50737862111495,132.84148768105803,44.57384381808912,46.860759008080166,211.42327441614088,103.60630087831954,58.17289761288403,56.69209730252261,100.22462708660876,57.451993640767434,72.96741304589595,130.20009872748307,146.48993738872315,39.89250713279196,89.88243295638081,163.18194133212222,67.17683632933937,44.94546051900949,174.71121639458823,86.02007258861481,131.98159967147296,90.03370685551813,128.4429329754695,162.755590281912,42.32615363338938,43.964764666391204,89.2019284983459,103.80372184079624,27.259631119570134,120.4578572400065,167.80640044302513,51.35292031202102,55.47192448113625,60.81377111576859,162.73736542610555
arc_pair_169201,107.36159246419378,68.37609935545119,109.58312966203725,67.4145862207755,42.76885988923138,108.59085115988071,97.9120773272603,67.63476256045035,76.50217319275208,102.57298588938121,70.06297375511363,50.854557846070065,78.09324866058827,97.48632106635118,0.0,65.10286088159413,99.10274048440156,66.02124361565153,84.76376867154471,110.350477226214,90.78938220314342,32.29501553504914,107.7997091989217,72.76457953340108,69.8906487879012,67.32610144721413,67.10554839263342,58.03091515166412,67.48497425111992,59.10684764207602,92.73742049118313,59.2488000109325,107.72634905959805,64.86965970232394,68.23979203158103,56.45252272042445,83.6021058390728,64.02206513776015,77.30180004633951,43.27816578527914,77.87255750507184,57.88445529505343,74.14328639489474,90.89803118741878,70.01537688387586,72.4366960007145,57.723748691823744,42.0465128981521,69.15582638629428,83.87482023068738,72.66869910658208,56.660056747003054,94.94881350157667,71.3522805389122,91.90845101516919,86.52816631914256,43.355787633940814,78.4702212950052,62.32859027937589,71.63627308522409,80.24855729289314,60.56524008821025,55.722967953880875,128.5292830423257,61.7124754095896,79.59655976942535,86.41497979430335,78.37169748801868,74.88055423963144,98.57610794838968,63.729347830997554,80.06226489811459,210.33613103679983,98.94495153812827,82.79758293263276,84.43290333319008,70.04453270237794,63.24046137992741,63.35251366712541,44.51170041763646,71.47857187490328,92.21966491988401,28.476464653463495,43.90369920451117,62.58846513077991,84.24962763317671,85.15175022900232,83.54732620650154,73.32894548838473,77.50630852849025,89.77412112777331,73.76806159851903,81.0865251339788,92.23442147648791,82.18333501744931,83.98083177135766,64.17567609130586,107.39781277628825,70.28792234800167,57.96976531905213,60.60326025060376,113.48770936355548,57.878989795491364,96.18106625631873,63.54772229261483,78.02263046119748,121.96631967876743,74.21216004800634,48.81469254943798,72.54537458286629,89.67459554913549,85.82544940956174,77.94479583351207,51.75697207657315,54.927949288823626,66.2396782916534,77.0788867820208,94.83176802767872,44.630457671595266,47.9140861412985,62.69512713751222,97.72021677045177,130.30657564233096,94.74965865197252,78.36706567908138,69.66979156762572,72.11875033154112,84.29783132866255,86.21423192697102,116.15265221718869,86.44095393204628,70.38005617921358,59.71240741929162,75.42909512929795,84.58321273113516,48.518682192247184,105.67398340774932,37.34306358524084,99.87595120162037,93.43897465299702,105.85213730706938,132.5075807412624,95.65758483029802,59.366318329139204,66.70721085477734,91.31835139889833,86.10050025641755,29.251545893363826,115.39660630698097,71.22035896520657,57.70350842577716,69.11077039934351,64.70392598412113
arc_pair_694660,49.69072101856705,51.90126555744034,140.10243214017424,30.744484717133833,34.14033966250305,68.27388438343155,46.46913420015686,39.62001656411712,63.08836127152139,115.6626176544677,55.194506273319504,56.733170626816545,78.42275782162673,56.93561912114798,65.10286088159413,0.0,41.28931645790536,123.35446491711596,100.1480980887846,135.98781752166852,82.31429121204326,53.46727597026273,139.20604426877318,27.944099080312967,47.268627946389934,92.70016412301729,48.93146909247215,36.90151938729116,82.06941929084017,33.25372601060217,33.1548421082904,82.89928260351711,57.027299397398664,32.79718879713685,40.57548463654783,43.51838101442479,58.840931668485716,73.87393822513486,50.19682660079335,58.7183031055188,48.9106079206622,42.59100003058626,66.88005421712732,63.44287608957971,31.970073474449578,79.21032637435843,83.81928952124693,43.81833942534783,81.27396945843783,34.04085326177575,47.27510652941584,43.72303272435081,68.07345575868045,32.68157505244805,54.789571552816795,40.83727616842707,56.92459066186185,72.01996874307083,62.11728554634868,41.43063354986734,77.0836531366216,34.947326641158355,42.488953484575475,153.63192687450305,51.93736017482048,56.418858544068044,31.64498231496053,57.71919254209936,79.37737167483294,93.54603766602332,48.94115048662455,46.1846996006299,249.7472641920861,46.567738210809466,97.99108506977878,45.81531430665405,44.499169291728606,35.92251000438,59.25903755114621,41.1251826753287,62.78865781918974,50.58785688259702,65.67876864335967,59.07931521135975,46.19823089071783,98.75968990625381,31.427605161940896,62.02965898592531,92.41094040510924,34.486081946298086,36.9129367077807,146.12255636621563,38.725282081997335,77.82284476486137,45.0066115362734,106.02919578058837,77.55502878291566,122.31812483237536,72.1368422477472,48.598091275793635,41.51313173070728,150.6021992197416,54.50121803406828,66.07735363105681,39.38501157781812,30.034901770813853,84.59377161075791,43.243492700200115,61.73552366826846,42.94987994062642,49.097831576501875,73.1595414635071,44.41073521483557,44.619484700804534,35.806323983542754,75.52280933194038,41.041842172591984,85.73688184796062,75.18693334555371,86.35672073326944,14.109735569043501,59.71107021681237,178.19180167807124,83.576929498836,27.07796614193363,39.46952342553992,79.67963784136347,54.67728574857471,77.33375184269003,117.6277869446347,112.56116454030247,41.976437528533026,74.15878488317483,116.66792182872737,64.38193088454062,31.655274782149796,129.52259774413784,67.11892894733123,104.55263764454652,76.23288399961154,120.58669470505801,134.52192587235515,67.10880361437344,35.83058525945859,50.33617916982328,75.99038415061372,43.747518875583744,89.98383226680802,129.21030453961208,39.29983452063418,46.801627451844055,59.55525981408785,126.62588117349725
arc_pair_25587,29.31307508635456,54.91952529388119,168.0136447426366,34.4326418691683,35.681529364433324,66.40994543781181,22.05325247510181,42.06459600465265,53.220868250054096,122.93864128215304,48.82971195076205,87.014105660053,83.18349475616023,31.97911953446968,99.10274048440156,41.28931645790536,0.0,165.18739892748457,118.17161781085926,158.54870526677357,103.81806941787083,87.40173439138471,150.66459038508626,39.08598128172104,54.6690105730191,108.78875617432853,38.991351966666905,42.946615821805324,106.9162799274996,42.439935819199334,19.90616935442183,115.13691342700645,33.7442640790554,29.926100963246604,32.33388084154052,51.25335219673849,51.699164612855526,86.01750453035422,34.93678998372854,100.37962570731703,43.970244138328745,62.126556054160375,70.53682461192797,44.10760388969473,24.90301266490549,78.85574423377608,99.20469395047508,66.11511423676484,115.76848996678093,26.14191793862623,29.58604252592115,37.79932862965531,50.147675395551715,30.42729470444906,36.72392828994069,25.27200757323265,79.90645159590105,79.31797882300889,94.10826664190225,25.826526992530965,94.69925991798497,40.8858499786994,49.3035944115034,176.54851959056703,52.9365159161641,42.99417642526892,14.293427863272424,60.27590145009132,90.62844321309296,105.32219528996369,40.580654126513906,36.1061131801371,282.5243196897286,34.626974263967746,115.10985070802545,42.089219799090564,41.41462413667627,40.311071344856686,76.28733516627231,67.12206177837001,45.16965747365529,39.22738985289592,85.66623104123698,97.43601155554049,51.89314461081682,120.18635741067489,12.5464419310468,60.224604096724185,115.43540009123043,32.67993033314853,25.76974202559493,188.62802840285212,44.24168394221651,77.51856903831457,50.41417637089599,128.24701792099162,90.47832935363309,132.05076229980946,74.08408498922864,78.86135966490704,48.94153344189297,200.73210698839756,65.64266380263757,63.39320740814666,32.797209832140894,38.72422445830222,60.65787901847207,46.16749599913192,85.72408825445422,27.154782122358736,30.098286880811948,78.5635085691251,48.968983944603146,56.77295469372787,52.168620528896135,84.23015111022721,35.37404830396932,85.05975547446948,104.48694619805819,129.19963260979995,27.752499628444404,36.34639094431124,212.07605102758572,96.91609177679487,47.83803607758734,42.37458547649038,92.8639884053768,52.75506652367759,66.71258079290114,122.39125219182607,147.72363106527865,32.892666940269535,90.1132553641217,148.1948187481519,55.689912130433484,37.34730877455163,161.30672677869757,95.8231268658268,131.40612521375016,84.64275574022123,126.50438163369964,149.3245583386642,40.785668330511825,37.227898844348715,77.0873343386381,90.4968944970888,23.809819753542108,129.38876822348257,162.83384889209702,41.933255463644755,43.11218859382468,64.96448873912486,177.63524585416897
arc_pair_542791,171.01252985779857,107.88304608451121,90.44927579799698,124.54780516404902,107.22385255754344,155.57030763666108,155.92901808009123,102.2773334521156,94.74734392071835,107.26534793107874,108.95481251684588,91.47305813180479,98.07932757876998,161.68581294420528,66.02124361565153,123.35446491711596,165.18739892748457,0.0,91.9800829265734,98.48230699992399,92.23083538703366,64.76096275393495,74.04324210136053,140.22893076238387,101.15488807601868,84.43108557272934,133.0568524342344,121.93094904507271,74.60014494262312,96.27110067482339,154.03636849517923,77.64282637139009,166.17376333538144,118.26472035046987,125.2946639154842,94.06793883837292,126.53461121410643,71.59082587137542,112.63571986847664,72.6533203227322,124.94599500142232,108.09184437877128,99.1894149058425,134.77134540828428,117.88798452518,85.74069166556414,88.90897499355421,80.22038052621483,82.07170011671509,144.99424267060812,143.64266253113388,83.07494680766098,115.32181748105279,124.77514802419583,150.1953202872309,154.06819532064912,97.36889019546146,87.41856466083125,90.55223259197807,125.32946361648496,72.39079091163717,112.84377681024337,92.46815651484076,111.84914521577605,84.41737816227834,141.4835224376228,156.70595313075106,107.25534233792891,76.72494295564465,112.80209375749635,85.49048787075839,126.16904696208836,138.75357125205664,140.46003718799233,85.16703621338225,130.47129405612696,110.52790716031859,119.0215032535761,84.59453479532468,85.32226780524597,99.82381864724053,135.15866523916512,66.72705523688694,65.44346697415898,132.5599296844272,74.58086542764916,150.8529166166865,94.18045923708328,79.24000566919612,123.04726052749079,143.41853755589568,74.96569471365646,129.65795748737548,122.68432954283938,118.96958733806665,94.76939536204097,62.90739725188541,117.45445092929599,105.97918076021504,77.95871038719406,121.76513543182494,76.52716055585944,73.72689163597742,133.950964260087,126.2189788165153,125.38622922743578,156.2783975053365,112.79820700182779,82.96151386925968,114.81554338706093,149.27980506075988,99.74648220818547,133.66736780215126,90.48497728274393,89.97401592380771,75.33475227052037,136.51643627982156,108.77918154194477,59.67790773602192,68.88422875034149,128.65926297389626,149.36182967837289,90.05141964045211,105.54906195778224,129.3385115118436,122.8698012027198,77.74880024914077,121.70326901602637,119.76354490448085,113.62755201869345,72.54013796031495,129.21376051344532,57.35809754930308,59.332781660301436,130.6062918199791,113.72590773139382,95.57782841005931,66.29941381016722,89.08879965902993,94.60723283728743,92.07983513146152,105.12914749596689,134.36932174567107,102.10781238891852,90.75022480366435,98.81784038065746,138.33888402229448,57.76434105875322,84.11408578009002,116.51604633813366,120.76295057297715,103.56888921336778,75.15267148062524
arc_pair_682126,123.75191988914352,92.01803504567818,51.40251033912714,79.95260451252378,81.74745450366017,124.7163460393339,119.4686967940832,80.08427379924412,58.516201122974195,43.9121291246946,82.95984894024225,88.9890371589837,42.740854703459604,125.31478756190431,84.76376867154471,100.1480980887846,118.17161781085926,91.9800829265734,0.0,47.67753682917236,58.895155428695986,91.65038100471497,50.552058939568525,100.28483389209606,90.73288711338603,32.564893461810925,77.98286783267622,85.52935474281585,68.0766038358292,68.60048480868439,118.47258375041432,93.96973755509126,121.78710272043705,103.31041774570136,88.72791611703346,76.97892432378141,105.3764623337299,72.1455518961146,78.47331916169006,105.60889915375827,79.90004063679888,79.08324020833518,69.97714714653218,96.52172853664861,95.94621067027626,62.83096989133533,63.27048390930098,104.30831466890209,44.93524311765373,103.48074978271356,94.05800700622605,66.42058735760514,101.66754356561508,104.66028233534941,109.90946655732236,114.92333827718888,104.49444429507128,64.8671406270201,45.998059933438284,94.53255707448751,51.00376080693846,99.04510290058411,91.18095936532406,81.56463588957843,63.491627319840276,93.18564627360793,118.41436641604112,62.096781763142765,38.19434479546354,65.01224079662225,71.65595219254911,107.1983499815311,118.67568411837271,128.79456362226693,66.75340591796115,103.45739624733132,71.81534181615267,106.43744252825132,50.171506942212716,100.23317773179289,63.07332070082757,103.414316441291,94.47440869278014,77.8881385897871,97.34686110174738,44.6618044239146,115.40432239478471,62.764446003565084,42.59703859090028,90.54149448236522,99.16444759151419,101.1962266331087,98.61165090450484,92.37288071300318,109.22249900871209,66.29545193938867,44.66382360149909,75.83481739677808,80.99106156581385,66.85017456676076,79.66124758455737,67.83069346293227,63.83098434683308,97.45750850168687,91.41268797825867,96.85774112721217,93.26300245366637,105.85628850077862,67.06214699399206,99.14993163605297,114.66221793570624,113.1334880888636,95.20015136605407,55.20805454192049,80.64566101335294,48.24028117313215,82.94838430136585,91.56596604364285,76.33479325186958,90.6775084586406,92.5328459366967,118.83341026445507,64.47415294420679,71.42638963564379,103.81696321155414,95.35217412396358,39.88998075895607,113.16817478293072,67.74855222060772,56.28199713695015,38.75738825124425,77.19624861494427,61.58971050614272,49.251493244720336,99.21201982214349,83.42134000679133,70.01354917830669,89.9160787524921,43.306142149062545,71.81395922355284,53.24420176011775,74.55688115932267,96.5824855732343,83.39964698620906,72.60906407082767,66.99042262917675,99.30577449266015,102.43285669308911,69.11822236693038,82.87934157531275,82.64305016652669,130.55245926439744,100.80384421509956
arc_pair_402982,167.0817888335631,115.05214383728377,59.62236154451414,116.70632652185449,126.0408174715511,156.4925815090735,146.99489187896367,104.34067431863268,81.795379367003,58.1710932621771,117.88591188117513,125.73203154238463,60.564789357300555,160.11024959747667,110.350477226214,135.98781752166852,158.54870526677357,98.48230699992399,47.67753682917236,0.0,66.13302179057197,112.96757205497195,57.06663359465826,138.60212206836968,111.43913765444927,59.46238616396289,112.8872634947727,132.94280479748969,81.32023612454705,103.89957393752502,150.72632805562708,130.4063938089573,163.44266630038652,136.92877637258619,127.6861307486768,105.17879817053176,116.26778180986568,93.64887608081743,103.01092343202478,133.21138431052103,114.33300023630608,122.92839762806256,100.29468705515913,128.34518049585637,136.6102786928307,76.00747066704007,91.91467266139504,133.42712481743294,63.309769268030195,143.6854055760457,133.0422376398602,96.07307391753491,131.5873686028991,136.36468576566338,146.35168923462115,153.31684045446778,123.96503269980394,82.69771104257197,68.79539727020602,131.54178381750154,57.28200739234501,134.65884933926267,130.39971881436625,64.40813657638124,87.10006066250688,126.15452655719702,159.65934053774566,85.47012836118286,54.7113251593903,66.21604846348158,97.10147288442286,146.8796805097915,94.10481646025515,161.7673957148163,70.99173526608226,119.96680365007452,97.91765982403817,151.9016444377705,87.87876994301156,133.06492736942377,97.8951177675609,135.29668529321734,129.17626956840712,101.35359109901796,136.75310644228838,43.44627889480133,150.106374129976,83.14484686384966,55.340242512905334,121.40899977812647,137.60742078417778,114.58841534697385,128.78793048499585,110.86089383266587,150.0183363118871,74.07693813778415,57.627175812256226,83.19554167127131,91.49656438834609,90.88021777803917,117.4163478101286,59.75352860234801,91.12967719376157,130.6431049542324,134.3488752021316,135.67206796399165,116.91411625536543,148.20152533184628,85.77137904116933,130.29034056269415,165.4893466406591,135.5223670927238,126.12202062938601,76.11168171430614,121.36693249447998,68.66230913478492,126.84889688740732,118.6256193043005,90.7396402087663,101.64138420300179,130.1171239279827,145.88875776603948,54.2918408184373,88.73918738336732,133.161270231785,117.58081410627301,55.58193702507481,141.02301208647285,98.76692656725494,58.026456744643056,44.92277563848993,115.0101719313254,77.65941986421211,59.69191733548674,133.07675838401428,120.31182713279908,67.64120855819591,108.50620904938319,50.050176088233115,95.43363935010734,49.6735477584395,65.50584742600803,134.78391238557668,115.54439661030926,93.94208839050683,81.89766525560023,135.84211141466778,116.09790480197805,81.51107313288492,109.2956385287825,120.66651603042678,153.97563241356778,127.18136669619116
arc_pair_578116,107.03664549085207,71.6043140027003,71.92402769526075,70.30693830992081,80.28395572330808,105.28687238679325,99.77562797563853,67.80764915354594,53.09541366452427,59.92800928878704,86.43513150936934,83.03994920512724,58.93869691953429,109.4484301506744,90.78938220314342,82.31429121204326,103.81806941787083,92.23083538703366,58.895155428695986,66.13302179057197,0.0,67.39883248126836,80.03426801427635,84.62807972924912,80.74536372075036,62.733162377519406,84.89507376849873,86.93644928930178,70.79743350169088,63.87882613644438,85.66281815725367,110.24217158345287,111.56260039050429,87.20750716115228,81.32708186196464,70.05643793322571,84.59702229708193,63.289929812326434,69.58587774221998,92.2578805673463,76.08754956361756,77.02264769230341,71.14284594472232,91.88958303380363,78.74966525474642,63.767400775681,80.47594199479995,90.99456610678476,62.85084813958773,91.36543745651929,90.04784326496701,62.27270124964123,91.04291444310994,83.09666542254772,96.60127572325428,104.48081609030847,84.64742401651256,60.79496146125863,50.43327389007382,86.56802106033548,37.55370746385174,86.50701525992855,83.305707247427,87.53143936007795,60.86929267649557,90.82157129872438,99.11246818659042,57.75185605625023,43.62677191711453,79.94523798533154,71.99776134629815,98.81157843020205,141.4515943464068,108.29702016714512,73.24761952188342,79.4397695264787,61.01695473533701,96.46479929276626,64.01702758805848,82.96971402109094,78.5019291827206,89.5204993216667,95.30924002227816,72.88859333491547,100.0319146945373,55.50619636847799,94.0223068566248,53.14750652858093,60.015878623439924,71.86908982673674,88.10443253547137,115.61666293838026,81.30019198602062,85.79143137641479,92.26945621142575,73.11813702327802,42.43881660312127,77.04891836866119,79.46192652311314,63.384197676687684,83.66846802835487,78.48892431199795,61.27695654383958,90.12544138728646,82.58371230980606,85.0025554754367,84.82166507605868,96.42590262272826,74.33283824188163,87.95339623270485,107.0254464445483,92.69606247243524,80.13170596451438,53.46127737455066,72.76159863008377,57.28256071466508,77.10520018728003,87.4164818271459,87.71980278422092,86.83637500850708,75.27107264362388,106.9781938799178,92.62616704802052,69.29574207936832,91.59536336848717,76.75712789180068,47.05768349257967,90.49891675520192,68.77639622565181,68.79948834386671,48.046009461107644,72.08560371624333,71.40703954730371,63.013578542009796,93.62724230202205,70.2809101322494,83.3662078736673,74.11618063104108,58.532331784583526,73.70982087746,63.13638135972643,71.49503664165123,97.45021255225689,72.46645656754151,67.69483788971289,73.81247330400643,85.6624592641123,99.21954308519246,79.75370351135025,66.10597940569939,90.83967060217493,98.94789916120426,110.29196543907631
arc_pair_307953,89.53971832751684,57.68362237878195,115.60155706765445,58.28849567829559,49.6776096945673,89.7974936865532,83.22281964054257,51.572552867708026,64.99329846282805,96.64954334250586,67.31744296866388,32.78502404779836,80.6043994638779,93.76263017725579,32.29501553504914,53.46727597026273,87.40173439138471,64.76096275393495,91.65038100471497,112.96757205497195,67.39883248126836,0.0,104.05525872678788,70.01277629809577,59.56052378874011,72.56358184897562,73.85041775333066,61.93115894396745,61.341179976270666,52.25845438211078,72.56344372513556,60.96017404340647,95.76597068868078,57.05772158559304,63.98672445892612,57.14308007105035,75.41459953480162,65.45823422102731,62.02500216407105,29.398516810047244,77.69503978648588,43.52563154375663,79.4458223378328,85.26589905311118,52.591501150009435,63.76993356033676,76.72546061236226,37.022356655559776,68.52146467215046,77.41466166348349,71.5121233777246,44.377159344868616,86.17384170777125,56.334919856881044,83.78256030407785,85.23489928041445,27.242976422820817,72.64369868889113,60.95640612366643,65.22582113451975,59.88939100880327,52.52152175592577,42.072463854140935,123.15553478458688,56.99828810287279,87.61851436558798,78.47974262093112,68.43795448238242,65.16896866673748,90.22101791615144,57.95749405744887,70.25237657292125,198.8388705567252,81.82020773761386,84.18970780017486,72.0259486728571,56.499117329487945,66.19127859806245,60.26054556903136,39.60439506936596,72.02007803493524,76.18574956364341,31.316293339815697,40.089982140353186,73.07001057331053,75.23029040881472,76.68081163598117,72.11736564663325,78.0634924162673,61.77256620191177,72.92132990865699,77.25620631826253,60.01155414621611,83.96594138413911,66.88544247371418,81.8413366885578,52.39515371669134,98.25899545373665,71.04671681883241,47.05420878913176,75.78689023972493,97.30249357340813,51.33115581056023,83.27367297410228,58.66388725086851,59.9644723275609,98.45383058648837,59.834833232229464,58.396051190109254,62.688755358858046,81.48665770866991,75.44297570875156,66.56830928466411,42.55593197987207,41.85579860927423,63.91111102706462,67.92793142520867,78.40687630944818,54.8137525589858,38.47450388080503,55.176934584524986,92.56435780408086,131.5458806392033,84.76999209902594,70.55632990946873,64.79224197166212,68.71100174500882,69.16750707896264,76.43017133165262,111.48356657585767,83.99742844374532,76.38612308752887,60.51145794077793,77.89629626107316,79.95016414315724,45.20401332768797,100.21809491504698,27.379062199439097,93.81286978720321,75.68016999610579,98.88916027771239,117.8359383544057,94.14479657316224,49.95966033079923,63.538596576960934,85.36124994414195,76.7432886596862,36.248219130167435,99.00216364131612,61.21296987789337,70.72659659672625,44.28257287311295,83.11693786743271
arc_pair_313438,147.00743668947297,116.9763431926292,58.668584419418345,115.74017668271512,110.43129968373222,155.24939848247493,147.46679252751548,104.71259135790098,81.88982246735851,51.950406691548764,97.9723509100877,102.07439334164232,59.90249306703563,145.87005785921053,107.7997091989217,139.20604426877318,150.66459038508626,74.04324210136053,50.552058939568525,57.06663359465826,80.03426801427635,104.05525872678788,0.0,136.0165159279037,113.00098013744127,66.68140451048782,103.06256838679484,110.02790775194521,79.09354780512382,111.18518891654058,149.07226926171637,114.03002801452229,147.85315475766748,134.7774070747192,110.84094491051886,111.71328352323877,122.47057442301694,104.7033542036762,104.34637819957497,108.26411856319243,114.16813895065837,108.2278436777663,106.6263505997026,133.17643353327904,118.91733379429833,74.93250476657303,105.86426527999664,113.6606024330336,76.03417933714553,133.7291223496231,125.16865560283614,84.06163673746903,120.4759907723735,127.60071095245499,137.44433927778118,139.4220850048646,118.20943961392645,77.08836978214617,78.76614778519881,115.92150605768074,55.46649958533799,120.71123600136474,103.75012819741323,78.73570327814133,83.16827495884543,126.49000573333925,150.86096405618548,83.84289666248537,49.68736940211382,79.58765279980763,90.48622945197566,116.21324471187353,79.88571589847052,139.64451547303753,79.18476506234931,124.39031743646743,107.34634608872406,135.83469423543536,63.836970025963396,118.20281467675989,91.38808789520465,116.41262285653333,115.52774713900857,87.87152521096633,129.77337102138256,63.891756881143976,147.36891883625495,84.124433620632,59.66924760356976,119.4101731557807,136.98010771903924,99.76011869442948,121.8362958474504,112.24987549694829,131.8627074761469,78.86751991607505,46.91634851595044,77.72182055266877,96.0653636558952,95.23730809713956,115.35382760951589,58.372430917159335,90.11979929872561,109.35899917899957,121.36333960307766,124.59803391774531,105.12902677994477,128.26463567453052,94.53784820912004,120.71576046991791,131.1707416416871,117.06414144080186,121.76322209150351,88.20344196836592,103.5988942294075,46.0484187592493,103.1528234523146,93.9956527998908,99.01903982112859,107.77119900966585,132.96960621577438,148.0652115777024,54.952422578187765,92.28970365208646,128.16411950083153,127.37415518843174,60.758901656352435,126.13442061261638,91.8736587387555,91.78934850153716,46.715553122822044,110.48006240508427,70.0866866482371,69.23189855339236,126.9773837702647,113.74811921414116,78.66472652562827,95.1236536207268,61.80480175219035,92.33713464753838,53.0395304797332,82.80367880213362,117.05076760164499,111.29820740244271,104.12502692840044,89.11291211692482,121.49740898588647,108.57972578286822,60.821119831793524,110.10433856558102,113.89385046616535,129.5862758158672,102.7943794343714
arc_pair_203062,38.53414970252146,50.53477925433796,135.58793629678163,30.682557061283347,26.87062482085576,66.72553831311575,40.142926369386956,37.14391998100417,58.08534776613615,111.64259891791518,52.68699981308574,68.89016131672709,73.00201485224824,37.97295536748568,72.76457953340108,27.944099080312967,39.08598128172104,140.22893076238387,100.28483389209606,138.60212206836968,84.62807972924912,70.01277629809577,136.0165159279037,0.0,51.30805715432594,95.95880933218912,41.03627031544583,32.412658008111606,102.01209769541889,37.14113521421942,37.12814917858022,99.06304698975225,50.22692111280182,27.603554788002427,29.631984421433643,43.3046540462123,51.76819591320758,72.9118293878202,49.15273238018034,79.36797127180819,37.091196715643946,44.142564682389704,69.78294441718153,59.72422948619154,30.847495086011698,72.83953135878686,85.7353886057412,53.81596477176379,88.53948199355611,32.75476400122025,32.19581293946843,44.940556614807946,47.88619388911937,28.02221726432741,53.74045012537927,20.562522645715152,54.97492886346508,62.26005716563422,67.74042769334028,27.381575642915003,80.48713980708735,25.201030590399633,43.645853909649716,154.52081488883007,53.73129098259258,45.21655425318464,30.06949529026158,52.00871562784819,79.00096824641301,95.91036116679393,42.83473018568267,26.995643935738414,260.5163452959797,34.8631885465984,99.04245590601826,41.24355148640977,51.492951412511154,35.952081304745036,52.30476192369255,52.930203949812835,53.96953338711785,39.83615180463883,82.01915933509068,75.61102023701102,36.65606166989027,105.53972215333081,27.949208667255036,59.55999064866646,93.40758866647067,26.736122323558334,37.394835835455346,156.51154177420185,38.60260006391299,71.76785901135605,45.6133654215345,112.8531210145801,75.20874600630913,123.80624700143136,61.45869332039763,69.6521067188468,40.79744581490761,171.93702616649233,54.00876234188193,51.068005338210305,31.17821809754586,32.9637577438479,81.27048353797493,52.400262563854504,75.31702052806207,39.51977420145617,43.08769599091711,64.4523055847246,38.63767185402499,54.40409236221696,44.21576897656869,79.10623199040683,30.99914220176312,65.61860058547913,92.99403520778313,108.32054934099499,19.346298228981688,49.034592671349024,184.39342463737208,88.80974849061101,37.103718581310304,35.3804347878722,81.11187319428271,58.48610788005023,71.49034224895232,118.20409925068256,118.01244190201945,30.083941725259322,77.87414238878546,131.9196855514109,61.40274857258137,25.914955531204956,145.87081778369117,66.24277833894239,108.47499708131002,81.2450213894198,114.54156509275992,139.02233775314397,46.654684158935915,26.80801625735917,68.49996464500354,87.95077417390392,26.197495140821733,94.97163550265732,137.08629246393764,37.12139014552169,43.5236535093299,58.45022886182939,142.4750917811466
arc_pair_197122,71.05405900244217,45.953858796119945,113.85933467299031,49.785614515282305,44.66826046178893,84.06172741622886,57.49916577858702,42.27420874497902,54.135400621524326,89.5151846839169,59.844817006317776,67.42439091906034,73.88113298687549,63.45497541890212,69.8906487879012,47.268627946389934,54.6690105730191,101.15488807601868,90.73288711338603,111.43913765444927,80.74536372075036,59.56052378874011,113.00098013744127,51.30805715432594,0.0,80.51246742287842,64.33087521611937,58.095505567915495,83.61663087252415,38.085823344720794,48.60486046790877,80.76160462020886,68.27670325762543,36.901409086979456,50.81484900297567,45.19977203279581,54.67821271451823,58.25945681935281,41.05733103177108,69.19741553065265,46.64141372771577,64.41714014657825,65.14992095575357,63.36522509752772,39.878504588929154,67.91797249607214,72.18828192116831,52.41320517331104,69.2073434279514,57.09482688302424,61.40557147579096,39.16692907872957,52.20205216741391,41.99507708400203,69.69440881645436,54.898322874588736,65.67238940869956,59.257515959025596,70.43967345387804,42.563125252083665,70.8919159204103,43.50629920050563,50.29152542171964,119.05290672446452,45.35905101227996,66.42236284181669,56.636893026854125,49.46824425773589,70.78008904663432,84.96068330869115,41.34717592858618,52.41430357297965,210.11146581760715,57.58682037211824,70.25209235581511,49.769057015468384,48.495825141057885,48.19448587636079,59.89297000895175,57.51840406436756,51.08328647077184,56.59780720787071,64.72307828753065,64.10607529768421,54.83673637114254,72.56757636838464,49.82690070854829,56.68856566836486,85.51714147948701,39.81709495524203,49.248755021563554,129.4497682560068,57.582530454351215,51.82837911021838,63.68881721395053,102.4719132754841,65.04071674109187,115.31291036343632,64.99250439575385,51.08656508542056,63.86652130443596,127.28099596462648,47.84450636668517,74.33825858025024,55.69821322518148,42.71282870544419,96.65459224524253,61.16132669226044,70.27029887228983,39.646993046853076,67.37326356382412,67.47384779050313,59.92042381815152,53.052953524027174,45.17532059746291,72.29069981052974,62.256261996935166,72.17313277314196,61.58845712115257,84.54798527305181,41.401033905594645,66.86953874700087,143.978833976683,79.96830944171691,51.12645978281941,45.44425358010985,64.34717200548977,65.7630018255964,73.09119670292054,107.7340911641326,102.41216366411308,52.050169781344934,60.47695457553716,97.22794365370834,70.03084146981237,47.753770130216964,113.90211088499993,61.573900654416256,87.14973757779762,59.44122189733994,96.93634248444869,117.42997826953184,65.45051556038662,39.819966172080726,50.79312812972272,81.19465141072598,49.31886453242239,78.84142387511125,117.2161189278858,47.47229902454947,62.54263823136091,56.93027852061544,126.23146751057796
arc_pair_27742,125.19901134311165,85.29031609983593,60.01314458894328,77.4548568682321,70.19170252599531,126.14637770797664,111.03393245040908,71.16334300091455,59.37883327327733,51.943447415158055,67.1597791173606,83.31249025374417,43.09928152656416,123.08870193582945,67.32610144721413,92.70016412301729,108.78875617432853,84.43108557272934,32.564893461810925,59.46238616396289,62.733162377519406,72.56358184897562,66.68140451048782,95.95880933218912,80.51246742287842,0.0,73.05032278458572,80.40221255877388,58.75063156116406,69.47856724518803,108.34345442181741,87.5591830094929,107.60289409412732,92.40967063512437,92.20284518045526,68.13426104680258,95.80749964336145,72.58441612255778,70.89382139682947,102.53369910435134,81.1362736619229,76.12603005508711,69.66983212895728,94.63030574540261,89.70583335744413,60.01281632294241,50.85572682739031,92.29680890869913,45.43587146628822,106.96552876692857,85.75105016138362,58.20546522236196,101.35060427836822,97.63176418487848,104.3450871630886,112.03476761525317,95.11007568392283,67.86217662775053,48.7958145597449,87.82974224878288,49.085037641930455,94.5018222966392,82.19501588675196,78.45916424014135,57.74761251099439,85.92173475408626,111.15274431687548,58.57340506802821,40.19342411499229,66.36153789866353,64.16826491199535,107.80137267063424,126.6625757812478,122.22490730188258,70.60308144191032,97.62085517814548,64.79062304241025,94.29072742391955,59.232980118786976,92.97234900958881,60.89211748748231,99.30231685623102,74.74068495203232,65.49151050805256,89.61619074463111,48.37131144792029,107.79889764109217,66.49286015384288,44.21227660953885,88.70322585313544,92.9293602119695,97.67993339146791,87.06919825666873,94.83880361041841,101.14618322210785,69.61066263920551,42.44525255036569,80.21672161028805,79.23106366816548,59.966051113504186,84.4547233439334,64.11715772018873,59.35770569079173,102.6436103971577,89.83107567584038,92.22373144800461,87.15421273704682,112.08897867694431,51.1363028053271,93.16507809527045,111.614690137889,105.78912945728979,94.09041681501796,46.30873670267323,75.49387939821045,48.39865219287387,88.01479290513157,99.8177037144456,67.58408516399021,80.64205069131754,82.04317090190159,110.6392317087571,68.48929735007962,68.87297002401439,93.82886504986618,91.80087509504457,42.890581922732444,105.33705798814657,66.01431579099517,64.89710471922766,51.059950794452874,78.0429950141466,59.92271155876288,40.34453858317749,94.02677513546267,84.13909959944539,71.55362893507555,83.93238413217426,53.249977176459,79.90947996977394,57.45908335499291,71.60902126138188,100.92403631688651,76.92436748234388,65.81062289527785,68.58009521291261,93.80287498634198,90.0223968567933,75.50322932337792,77.32400352970971,77.37239204843009,122.54862705642346,95.72435158084326
arc_pair_255622,54.42976617371597,58.421545973489366,126.87356001090117,33.50926424639045,31.552076531979893,90.9465266475579,54.34036411065873,48.28422994638008,54.32268215623553,93.2076088759993,48.22622498618885,60.19868644477418,57.85680043022958,52.90875646086164,67.10554839263342,48.93146909247215,38.991351966666905,133.0568524342344,77.98286783267622,112.8872634947727,84.89507376849873,73.85041775333066,103.06256838679484,41.03627031544583,64.33087521611937,73.05032278458572,0.0,39.74081926332488,74.7934238752338,44.09057356122253,42.73377831150493,91.33855542764547,64.92955606161713,47.525959511077275,27.325021237622938,46.56151749308176,65.94431452843247,86.19296086997832,43.04536750371595,84.33164410549425,44.27837803587142,50.642399619858,71.34852019144074,59.07582978420214,39.59656605957318,63.08295324253419,80.34052395337092,61.11283313866221,80.867049501854,50.13939929162892,33.240688924229914,42.53783694197787,64.2098345090794,47.43065203880626,54.26193142217731,37.36057552795028,63.77293696777153,66.91278151101335,61.5422862178966,36.5108034154487,69.46039599149215,43.27367079390483,51.41975650773653,137.02551664503352,37.71263386612787,47.518128587825835,36.92237423479864,50.372639722753554,58.05676569669701,85.08163024644222,46.781202213027015,43.19651946551795,229.52492588867227,56.53412204376466,96.29487103636171,61.305013505052315,44.00069146928018,50.44929479493141,43.73298793138024,60.4513041364415,46.474546536793525,52.235338663528736,69.45600434253402,59.39630592657911,53.96275349697854,88.7387691641033,38.1231363319489,57.882352929350084,80.41559831368173,47.37620559186536,51.3827389881393,126.77494496868485,45.45942527182476,86.96820430255508,55.18493514038751,93.54698949790638,58.43962745818328,90.55843187169957,50.73430272470742,56.042101910144915,45.39545053467709,143.6543942055968,58.00804730658312,66.93768112424794,37.82405699147774,46.28621422669619,63.92916807126234,55.75948301527504,50.259946597123815,47.58780640235595,54.182245383721394,81.02443881655081,46.98214386378845,42.601050498967425,45.554972097825285,50.67988216501719,43.23563113790713,74.9368369521576,76.29404380699741,92.57376032798464,30.159722195355947,56.88150485478265,156.3978789604269,94.88770366596569,51.477135715485346,46.33101563056911,73.82666030557215,60.81793058374419,55.67729359083981,100.83904769289785,101.2383580827493,29.623512107694573,77.23135180696204,110.3139707708829,53.799409237566636,34.10064513116305,113.27770706714003,77.49030670319124,93.84697572314553,86.33405727738287,92.30702065557038,129.72363232947822,53.315699536276945,46.623180351933776,63.95874999541109,73.71459589223565,39.57124911930107,97.95457079649498,116.85151516585172,37.85382157848595,35.18600517588584,69.68469627986045,127.99079624794828
arc_pair_139628,49.55615420758732,54.00657208195952,124.31800920987891,32.03662509572043,17.80810926106652,74.82797846072307,59.72784632484134,50.41136043273868,58.539166822348655,101.81739151386044,47.958665371245445,51.85270870476261,68.78496195769381,51.02265998533122,58.03091515166412,36.90151938729116,42.946615821805324,121.93094904507271,85.52935474281585,132.94280479748969,86.93644928930178,61.93115894396745,110.02790775194521,32.412658008111606,58.095505567915495,80.40221255877388,39.74081926332488,0.0,82.7757355410191,52.157513827766394,43.404483006113054,79.89598302101764,61.12217247835312,40.729479189144065,37.80610310122135,48.948528703635745,64.50032275442422,71.01976436131125,57.46647790348718,62.26519651949007,52.11416968590967,35.20874712521881,63.936059429666116,63.23382753777311,33.34610873143763,70.22156126376339,78.23663924958076,49.036014818351006,89.50068378496216,44.84042776534358,34.70623024046542,45.063942354600776,71.16638850975092,42.670286284511334,53.52053173260387,38.3340502569809,60.02561322449981,71.59612933578103,70.26399220754831,37.59121613712112,81.11431094456512,37.83713928752755,36.66228962766454,136.9433737693686,51.723651442420206,49.48528337791511,34.33163260361863,60.339302439926975,72.23566649439876,90.02573623979166,53.51524779056116,44.64555390129699,239.22041835805507,57.03209979189659,100.64322623547184,56.33662650604259,51.017002329511214,38.00870795063444,47.60853462857608,43.55550059814207,50.241676379271794,54.601115790460526,59.89270740333579,65.85806724557264,48.2596687724273,100.86638414283323,35.81335659275517,69.70604119040104,84.36259010609298,45.97923127272506,48.96515770653838,133.3872331405469,44.792641368514055,81.85071760263901,48.04561754810994,95.99514399680348,66.91177879361379,108.80347809395234,70.25410975369566,64.25969125592492,43.506286047149715,151.6530266182608,58.077219402606545,58.62906271403471,33.501607337122984,46.74230417083733,73.21369648324891,42.567823379720664,63.82670541955674,50.076276674973045,37.70417643083788,73.01867101269286,46.627522578309986,52.6376568352281,34.21386782641513,61.476496374958195,31.74827082516239,76.47339023106582,82.00957416829424,96.30983147876013,33.025264542609634,59.914328950500774,167.19730827057984,85.12858638708397,38.478867666810096,56.560419285779005,79.53018017287519,50.572755424603486,66.14565390356884,117.40079139304862,106.57070607984721,43.228302272128104,73.45074315752323,107.07992415296968,54.93134633304685,27.530626479567594,130.8652156296721,66.86583702038497,108.93425251285312,82.13566554263386,112.27589671542468,135.19196308280658,52.00605069499652,42.63572873378865,66.4117379015625,81.0577252160515,43.57424679595806,85.77195196925487,128.444707731689,46.177337564467585,35.64469908472976,60.42253704786159,112.59170044977746
arc_pair_58054,125.44309109835758,83.91709941509086,87.79556866532593,78.09648939863489,77.35562647275084,128.39851468216278,108.48215099437473,73.61564864164086,64.17411970182985,84.81742197193347,76.94363406016356,73.9913574632038,62.0085772099138,127.76658525986862,67.48497425111992,82.06941929084017,106.9162799274996,74.60014494262312,68.0766038358292,81.32023612454705,70.79743350169088,61.341179976270666,79.09354780512382,102.01209769541889,83.61663087252415,58.75063156116406,74.7934238752338,82.7757355410191,0.0,69.06523974551925,99.49709848072868,88.22187143731679,118.07970577464783,89.61139756412108,78.76498576424106,72.18976047078792,99.16619435827766,80.03502625659357,69.21125112333905,77.63596382543744,91.98296300398366,73.35596491278733,78.7147546465848,97.51274397027052,80.24797575618774,71.40248153205205,80.86915817717131,77.94268646084419,61.5545259987712,100.8402588035305,94.9203578002014,65.19512023959874,102.18673249669949,85.84729018791244,97.20445839212499,111.9329579251604,86.17971335093895,77.76111242384883,49.638236961211106,91.01121326195084,54.305232497200564,82.45914034651238,64.88804272261501,100.34671825216647,45.40013633446743,103.76992076931523,105.23958653838834,64.32922030432813,52.97234840128787,75.96230021554025,71.43204143651263,99.72146643143819,150.48916188446225,111.28479787639407,78.2527779270353,97.75975595625795,67.73477148888813,93.70936272832236,57.32231973427796,66.12616398053342,78.3210726962255,97.64606733429214,63.43761046874365,56.885208212730284,100.03455501575743,55.51584584473626,102.15873838102983,66.42917712037811,55.07190974595886,83.28907773741572,86.04232847214021,82.56933809380072,83.18982595883494,90.02897492667728,95.34563466744754,70.0167035090603,43.2425946100663,79.63863953826396,77.32906230867196,47.81292257675615,89.54469466873631,71.27197754922437,61.69045595988713,100.66010371470453,84.38093550213235,88.48382329816774,95.64842325277961,86.15694649233308,51.727036229850924,83.93665174970852,115.92733246217233,101.01628241965,85.66430366009283,56.40471569887886,59.562166949809765,52.7131380344145,97.18872251254997,90.48001793938607,62.70594243127938,53.047703905973876,81.05623775753756,116.92853916351004,91.887628710284,83.30339567086102,88.59510281735135,79.26249465209972,52.36490800598798,101.32527202985243,73.88886446914134,87.06834327956395,67.80315832471419,85.54213224870165,60.32486281852869,51.43989360410551,95.49739369299289,70.59678684162314,71.93031757398886,74.32276853078199,57.653775576435145,79.60211879076896,66.08077054868913,97.6488425586528,108.32695666722395,71.5755277964832,61.640019041874616,67.50949385231469,93.60819904279997,77.29002871076922,76.94839453485477,72.39102568497049,83.93571467393444,96.70018448968992,105.24043323297866
arc_pair_557730,60.780450910690334,42.5706973534847,105.87795672366528,30.18897363994778,38.10797283196773,64.17574505693128,43.31721831720301,30.25367753342813,38.37021689926067,84.00394385532455,55.328476387970234,62.06316931075958,62.413810118300475,59.161140735489425,59.10684764207602,33.25372601060217,42.439935819199334,96.27110067482339,68.60048480868439,103.89957393752502,63.87882613644438,52.25845438211078,111.18518891654058,37.14113521421942,38.085823344720794,69.47856724518803,44.09057356122253,52.157513827766394,69.06523974551925,0.0,41.17441236528379,70.61350333198942,58.64209015683615,29.894379875889925,36.696953614366805,22.60221295280767,49.92052378834851,48.879906614384296,29.499554079865522,67.11078420039787,33.998792126670935,49.441307835885524,42.86144601683777,44.324340997274334,31.67730382089892,60.18781589688226,54.483724793016975,40.35048043975352,55.28415330941945,48.08255832947271,48.12791906299098,26.959293563238667,39.8268316930094,29.61065470457622,56.79552883181812,48.21002545737826,56.061446239556744,52.643354096142694,47.57000481556051,32.738568864537406,55.76764102755205,30.823811493450503,39.758978752470924,127.25062139795001,34.04655248321103,51.41882753614229,41.0929006407319,41.317868332076074,54.53208201592992,82.60158468339986,28.101056803034567,42.81324273273841,212.38284909521613,46.05123784298715,69.84967644817802,37.20959958530328,26.7064973249,39.89602947185563,46.91537786967416,44.1594912313159,41.266961894736625,49.13598688446793,55.644410986728445,52.175184721201454,47.62614524381539,67.35881105309664,37.284913191375985,39.644758344168196,68.87115282029683,26.978316690019504,36.48806706281919,124.35610887322878,37.936884264945306,54.051264342238795,52.29752124744235,88.95077029222297,57.961480352966944,102.93240298479617,53.904522679053116,30.283692287935207,47.080413631265785,122.12802544977956,25.77610255963485,53.80225575518021,41.947208486962325,35.22129496647231,81.40507222366567,50.844892694580025,53.13071310919598,33.551489035067476,59.96635299301553,65.57757876149796,49.5140066857699,35.38980477091288,37.7058639799329,61.00170421844355,50.293185523272214,68.34343399622452,48.1233475313308,72.15726130203893,26.570481332728797,50.14278832008537,137.4484229910168,66.47248936394966,47.46999915372568,23.572897630497394,53.84305269315986,56.08926783156545,55.08712966922928,83.38923548690627,86.25901035503824,32.683033565604624,48.941937688063305,82.75284170499546,59.55017244513598,32.58527247490187,109.35125819820826,58.43449778513771,77.64497908236481,49.64713780542181,88.64628227291081,102.0986434670167,56.47462170849284,26.589355110061483,39.942014785145645,60.4754275468533,33.91210940414499,77.2275340825916,106.72074989945247,30.339822252123255,45.375402642559436,57.36515762827517,118.07368889364858
arc_pair_610128,42.45780110837482,51.07824194915506,155.25308411968743,30.891328093023812,41.07915944392178,66.50898362776111,28.28126108350471,42.54659790750292,53.764574934353234,120.92085471776751,60.78088587358665,70.60596178766008,89.63082701049268,40.035902800320564,92.73742049118313,33.1548421082904,19.90616935442183,154.03636849517923,118.47258375041432,150.72632805562708,85.66281815725367,72.56344372513556,149.07226926171637,37.12814917858022,48.60486046790877,108.34345442181741,42.73377831150493,43.404483006113054,99.49709848072868,41.17441236528379,0.0,116.41427910301645,45.399143819763026,36.31099982614576,34.60225501089944,49.66837145598505,46.995175961495704,78.65815100008666,36.70162578304081,85.20766823155284,42.44025517967704,56.55154140557046,71.6119427352781,60.56787787670934,26.79879356301534,77.11421469895818,99.63674092421915,55.55352476051149,107.06458269276294,35.788195452753186,42.155607820225,41.87255168602266,53.61591701378204,25.53551194932936,47.824887391877944,35.3754673942025,66.14348437276625,78.95061932389751,89.82808965810973,33.26612781043356,80.25930510899951,37.57079045608968,50.40001602551314,159.14032543606652,49.81039357040789,54.60273301931602,23.02006257351844,60.89999150340518,86.77405274874083,109.78746798552882,45.30826915602378,36.70387630498737,271.49462470343303,35.997826629489495,112.455288546249,35.61156499775325,35.19795735569356,36.77067613392707,67.39876656085698,59.0481682742585,54.29487407138625,42.09584240085509,82.10947882573868,84.67047799038178,57.133915675277386,112.89619025790222,22.15852490165942,61.44033788750039,108.24387379774149,28.19242854808579,31.006435441851412,177.29686665885637,35.516089397772106,77.97097728262155,52.93595026332089,120.06477452393253,82.15553083324319,123.61622557400237,73.04330693515692,62.943943404755196,61.9947322720738,176.75086024469027,65.40404669174221,60.31241363029197,42.816253353641244,38.51949871418627,71.54312970702719,47.541074611443484,84.91335103652986,36.45773407578322,43.72525458344202,73.98280091357206,46.367195923211284,57.70757180476789,47.075879441126354,85.41466215877325,42.43604267085199,86.87744618236724,96.97240215332542,110.33706577005833,28.64921762588092,47.37132772019658,204.13819403169234,97.11157796133412,38.877577348068485,35.652959940700995,87.86711454914436,42.32335604051389,67.56485876283897,119.21035157469873,134.70152412861194,40.046169905933446,89.29665064361528,136.0953863087966,54.12725150144796,33.90135169088215,151.26948307681516,76.84099636090073,120.1010423549344,83.17352624683578,122.2609234490815,140.41082300585902,49.10951950065005,43.30086090430001,60.913535666723675,93.18517036682431,26.63584353125171,118.4887263546023,148.4919622680792,33.91080989953949,57.028801680466316,52.75175462308622,157.95918524545039
arc_pair_283483,127.57105306436834,77.35841475624646,126.48934233836411,94.44100049446124,70.70999778817428,129.41151285028747,128.49611345659957,76.02482164176112,92.30808459457197,114.00555575913432,81.80377457234155,76.29593136468496,95.55055132032068,128.63609848406108,59.2488000109325,82.89928260351711,115.13691342700645,77.64282637139009,93.96973755509126,130.4063938089573,110.24217158345287,60.96017404340647,114.03002801452229,99.06304698975225,80.76160462020886,87.5591830094929,91.33855542764547,79.89598302101764,88.22187143731679,70.61350333198942,116.41427910301645,0.0,129.46118811561308,83.68718630788453,89.13588928290291,72.61104408308609,109.93561180500497,94.5849646500884,79.36700453240996,61.786547736920454,90.86240921062281,77.95262992070708,94.55502980404691,110.5223643684694,92.63413541411478,90.8746519288994,64.32967629638068,59.778382653396925,88.3063540842868,106.70058599502487,107.88952692656477,72.10281749713955,105.89071076835475,97.43225080060174,116.08419787892855,109.14095655154172,77.32322611058899,83.74737920355768,81.46317429896209,93.35850274730839,90.86549305901337,78.6605256934611,80.54017106696284,150.4213848898782,73.7018552546446,108.56963188932184,106.89060122799248,91.96701425892402,85.92401676267912,92.69703894395164,76.00728601487484,100.85184982506055,201.82285297222148,110.77742790192383,104.55442831271287,116.92273931709639,97.25973733125748,73.03285211328291,71.0953946156734,60.325477127786066,80.75505856419716,113.54783455883351,50.90449738697739,58.5438307743935,91.84989156220301,83.83119566098652,106.01557151300958,93.75424372126594,86.73782037522435,103.03958952867336,102.84672444409995,57.59633038505602,99.39208486463193,119.41184629243668,99.06209156276023,89.35587110927688,78.86544615743227,124.58744081398316,85.04615890698827,72.07643968629954,72.2256467439461,108.65504846320485,75.36289251004914,120.79412841447464,100.59227221292156,88.18586599965708,137.68708711049544,83.56893673380065,54.65589751675128,86.40859195304354,118.2049481243615,103.44899237337668,104.29487928395721,70.91864309880486,62.69592259810132,68.50645654363264,113.12583151038442,109.44681787990248,39.2176017657676,67.04603491258534,85.299432543189,111.96764900283813,137.01486982080527,111.22321256209496,85.56750417874208,86.055578992753,85.70941044989969,104.47204582440975,105.81065963335476,135.33927913071142,103.36503543887963,94.9580773756148,62.98046710344266,88.92149589207634,107.61477057765711,83.4750590442965,111.23911011284011,69.9382726264965,104.93559978565091,90.55524650114907,121.78870427798876,135.8210707782926,117.3934835104703,77.401754700358,70.56469754030118,97.50445951539427,110.00082509935267,53.62611835747539,112.20123065268484,101.13192111638713,69.49230662542814,88.09001088881672,87.24063065441588
arc_pair_370771,53.410321561795264,76.63955565869836,144.52426137768873,55.64525287837393,57.177763766794136,86.81240735573999,45.616267270322524,53.158485111623975,60.00016655894367,116.78074900283698,52.96488276496987,97.93206077443092,86.44706102959758,46.076481131183996,107.72634905959805,57.027299397398664,33.7442640790554,166.17376333538144,121.78710272043705,163.44266630038652,111.56260039050429,95.76597068868078,147.85315475766748,50.22692111280182,68.27670325762543,107.60289409412732,64.92955606161713,61.12217247835312,118.07970577464783,58.64209015683615,45.399143819763026,129.46118811561308,0.0,47.80690210948066,48.72046135079192,59.12811722448089,70.71639669186355,97.95850200131716,60.00622348287124,104.47542547701381,66.60079489841296,72.75148089385712,67.97606462438583,65.93634726723789,39.809279784814606,91.16175689850644,100.12364228409419,78.36560275590307,119.18346651449849,46.672837582546585,43.348271414777294,51.26350671379481,67.6756991512695,46.6353268707163,63.73903486301832,47.147884587142585,87.64809670124538,77.20049180580168,95.15597059288896,45.29477250779473,99.789442002203,53.47675479189524,62.56871082265642,178.73141399330103,72.62709402745686,66.0619611646836,34.5063048248363,66.49853746709533,99.71503460529871,113.1985067973766,50.961780953747805,47.907640249288946,256.52022119707067,39.18624484524013,114.52334241162599,56.78157144182495,58.66306738981856,57.57900698495229,86.06234335445171,85.18547328340654,57.0965428324087,45.85900733398654,98.16985802482421,111.25660758574296,64.41955003459516,127.92267576070257,38.22866692121248,77.50322553909182,114.88894116482416,45.53207111418123,50.88805615403565,202.59934493721613,48.041502306599384,80.63211480422581,67.36578722791324,139.01198068793195,100.22265920468456,146.14462233750956,99.89574748029125,93.94620047284349,74.69078546207709,192.1070757307087,76.12139839885579,64.21991201014612,52.72279795007839,44.26342649536441,71.2396983896602,71.60584454884973,100.72548168407053,49.693609250695545,47.87705138025302,85.67873208383307,70.84870707352832,72.13694587436228,59.390349846631665,95.32740316802702,53.18528870704705,74.01893893077164,118.00884733702446,137.90011533880482,54.584198751987,73.20215609236898,198.0420299870733,85.9024099412282,58.64242685836986,65.67751692575543,96.98588195840664,71.70716221718456,80.32730339164262,126.1307932755606,149.34501343013724,59.03088390271958,84.24384173757679,142.03473413234704,84.86195066065414,55.97217717337728,175.4249071415441,102.06778896222889,125.58166652261079,91.45776604360566,132.41814860738063,154.48019384608162,59.54478804635836,51.50999442488993,86.77630407620438,96.72422688091913,27.419937594530722,139.17529562123607,160.41406364839384,56.71280960383365,74.62808865543373,75.93085188868658,179.17506225443458
arc_pair_522221,43.22681782500286,31.90771142100386,136.7329994592563,35.520421247548995,26.543180920574372,63.99994181015032,29.472045853088076,27.181178675395778,51.53993005482684,111.32772486920865,53.77624603829059,67.1991976700977,79.21096014694511,37.84174556075723,64.86965970232394,32.79718879713685,29.926100963246604,118.26472035046987,103.31041774570136,136.92877637258619,87.20750716115228,57.05772158559304,134.7774070747192,27.603554788002427,36.901409086979456,92.40967063512437,47.525959511077275,40.729479189144065,89.61139756412108,29.894379875889925,36.31099982614576,83.68718630788453,47.80690210948066,0.0,38.683005043635916,31.347492218098218,43.71900172498644,58.17762283823312,30.730249849665547,70.36998963291894,32.18277182770949,56.15349446787186,56.38739036173292,46.44909273872946,24.557035032666157,64.54776288037415,67.81434666157149,40.88160156909215,81.15445789173114,37.62024721522879,40.62928676035017,27.8970710218137,28.36081882408756,23.415656174838045,51.04171033595941,27.811106482173763,54.789733054838536,54.550644200081564,71.49744969478905,13.613836481939796,79.13928016828793,28.58883989486135,32.23286077405071,152.51806301171473,42.07068068563029,35.971650075823455,31.673806899121768,54.523396107111935,79.38297785442504,96.1693423773751,33.000103857005584,27.47770595965928,254.2271850779723,32.7123148783208,82.70811216072465,35.16718840355162,39.267990867129626,25.598581678371715,61.16582826106492,39.22356999451288,43.50951224032613,34.900760021292896,60.56782750637427,65.89422468699783,40.67878821080551,97.84318037331904,20.627858430595566,45.894077642420314,97.57257870520132,26.04265659009074,33.46570652430704,150.77378952002073,47.3825348561283,60.819075790277836,42.328732477577645,108.58826247332053,72.98948899399397,128.50882678180912,59.21950590128792,54.923843071426795,39.41392163627963,168.80184986398424,36.90295246789975,54.4206533970529,35.1607385436742,40.342718570126706,84.57759712850509,46.732285942651856,69.19686669928788,18.89976204790197,38.13118758772041,56.82079628536533,49.760852050988355,47.31304109399454,36.09698238377386,78.18567606496057,43.723075479570696,76.135404161103,68.32432460367855,100.92399266188754,22.26036215366807,29.735614426391898,180.27578532384013,84.67881479830247,36.38247051346495,36.474380266914444,73.17050113829751,51.1175750963046,70.5112686924123,114.71973097201491,121.62283267978819,30.839064367451908,57.50407092084434,114.74202946992924,58.819322913075325,33.936415389808516,139.96193996118527,65.80630544682552,109.31044212299592,71.22882121366993,113.38303044062096,133.75920881415192,45.45862420871723,23.80533198618587,56.06534727511066,80.49723614016145,28.80656049041246,85.70730774190221,142.75247960912836,34.206264460564896,34.38811617032748,40.457568924355044,134.82156398549296
arc_pair_624573,40.85631376928744,56.60738443329862,132.44203351487587,27.148743046915385,25.87610161834745,71.9481609513104,47.884650680435136,39.67994615416033,50.55006634183741,96.579927085627,52.69462758264099,63.8947567902811,68.56508043171591,42.937806370158775,68.23979203158103,40.57548463654783,32.33388084154052,125.2946639154842,88.72791611703346,127.6861307486768,81.32708186196464,63.98672445892612,110.84094491051886,29.631984421433643,50.81484900297567,92.20284518045526,27.325021237622938,37.80610310122135,78.76498576424106,36.696953614366805,34.60225501089944,89.13588928290291,48.72046135079192,38.683005043635916,0.0,42.48996610474326,61.44761060230127,77.6520929293198,40.549088954047605,69.5708617717413,46.12764818823244,40.149107095101215,70.16673665939031,56.10837918710614,18.900973480529657,67.52293472078453,91.49530486507456,54.565625312454166,91.41546988284506,36.22303399745445,25.331865258065477,38.640821199201014,56.16076266435026,34.10536694764352,38.90571243721674,25.782463013290837,54.479582944258645,63.57893653889718,60.295464135783035,33.66584163658136,67.6485124182432,21.791026722589997,39.906640791738035,142.8513220078404,37.87394032520234,54.8560669078433,22.35683767143764,53.07549938624701,56.99000556968674,89.36068173214002,41.273188710124806,31.117631153933644,245.37812156713056,40.68990536490805,95.89894670047826,55.22891575958111,52.02132623483609,46.88566931546683,41.14984824375695,54.51853338902343,47.11232845489958,43.97756190410563,64.79169331385472,69.78535339923957,49.989775659878035,91.98550925683017,31.12224094521981,55.76689774858119,86.18519127728422,33.03678917753243,37.08468609097193,129.04399700758484,35.76721722952518,74.01472706689535,48.24421609579778,95.74494951449144,60.817067509168325,94.36946323278968,55.297753840338274,58.983796734073394,41.050991428193996,144.90638615481885,53.39224220111588,51.68128584558964,21.60460561110755,28.543815369887426,61.8354177585679,36.07114613677774,60.42597385769928,38.651280755395774,43.548927546656486,68.82159760280592,29.811781417540885,44.89829734259277,28.49047684205022,53.55438456018876,27.770525822449002,54.14912663845074,81.99231217167548,90.89057080032723,30.602781872880804,57.663644830344076,166.52136486983127,92.1562786899379,38.91152016445895,36.68430627676173,75.16287147355338,58.04834189099897,54.38877215660083,113.4112075812445,106.51821430097813,30.618743348062885,74.07252259404297,115.8969781870089,50.857022010341964,13.957194404855935,118.74527046572504,58.87376348486768,98.86889769896723,78.01056372066496,99.68208219349688,130.17372322405424,41.42764465434354,32.169021210017206,66.3583240907595,71.51870159916595,26.402434131619657,91.19229345164234,113.6943717605787,33.924279917109125,46.36520732136252,53.339318392099095,136.0192495804876
arc_pair_144158,73.77373271712966,49.26785472882279,97.05064275691907,40.67116115785669,35.58231915454137,75.52367503662116,58.577699136467956,36.908438340337824,47.445906783863016,87.33949193808321,65.13074266060343,64.01232284331707,61.38798013087154,66.85664067334392,56.45252272042445,43.51838101442479,51.25335219673849,94.06793883837292,76.97892432378141,105.17879817053176,70.05643793322571,57.14308007105035,111.71328352323877,43.3046540462123,45.19977203279581,68.13426104680258,46.56151749308176,48.948528703635745,72.18976047078792,22.60221295280767,49.66837145598505,72.61104408308609,59.12811722448089,31.347492218098218,42.48996610474326,0.0,59.82192689716916,54.769494848764865,40.91457430434319,70.93553085628318,38.06819886379036,49.37952342373515,36.599169293317125,59.81556626477699,36.45453528368785,60.18344518889347,46.84356564692971,46.15191737940768,66.34853882619501,59.650940162860266,49.60930086016993,39.96666133684111,47.18613478825113,42.69060149384437,69.40935933541527,52.296515712432104,56.95862596474953,46.08622315203358,44.77648742375651,36.454703014957445,57.51567498243908,32.566763845927774,47.851836237705236,125.78209787491295,34.20558291521617,47.8727531495696,42.85857532050265,46.44219361351114,63.13823161264129,91.50514066103614,34.78858251653995,49.178358578268195,205.11074430157853,44.20079259194349,69.48523559793395,50.52430490823977,32.628289609924536,37.694131772165264,44.96471175504758,45.915804049347145,40.4464324254377,56.43164351222103,52.87986827859211,48.20206223737377,57.223088361108964,69.56576155851718,38.37390547336341,44.16612299565915,63.93218279901385,35.202768990940235,51.24090842257883,118.2683933186994,38.957998358010904,65.43008631873792,54.03447084622668,83.1959479031943,58.083298521537536,114.06266803875582,62.390160423009306,33.19660249513416,49.01672486131861,125.56709814250172,25.729544396446528,70.45291848927526,51.989034620455634,46.777890735025274,88.34207293785396,57.578368961150915,43.05782407017939,44.46416233814693,65.37484045443915,62.100909046828264,57.561313808761355,40.272591632080534,31.16563870437705,63.73955937306313,61.854689684644036,69.63971685973524,51.30523513224482,73.51430543876688,35.69981884066536,61.927373868844185,132.53111253148904,68.69358587308916,47.56240051964828,40.21498295492775,55.59692064728705,61.711792108077255,65.18724002579211,85.67974370280521,92.83707764621245,37.294429337953574,43.524648791126936,77.69693870830673,69.1385029697324,37.97081584675247,108.85884480799042,63.90056448022122,82.55822457263933,56.5991901111378,90.6634851634794,103.62645181209311,61.69061614084508,35.3689777354722,43.75232511143295,67.83314050444095,41.817282629315855,77.1771478745907,103.72669148841898,28.21462232579622,45.89288984075384,57.18655208469978,106.26156064103708
arc_pair_257950,64.28678124835498,27.99405553069893,132.22198369718961,50.16267174567071,56.184326693458445,77.24169705876537,36.51426209286294,40.003492127508295,42.34549743511537,112.11576226551881,60.522133615127366,76.99916775141931,78.71779248503074,44.74680160457115,83.6021058390728,58.840931668485716,51.699164612855526,126.53461121410643,105.3764623337299,116.26778180986568,84.59702229708193,75.41459953480162,122.47057442301694,51.76819591320758,54.67821271451823,95.80749964336145,65.94431452843247,64.50032275442422,99.16619435827766,49.92052378834851,46.995175961495704,109.93561180500497,70.71639669186355,43.71900172498644,61.44761060230127,59.82192689716916,0.0,72.87719951013852,44.53857781945253,90.96591523705149,49.11073997231509,76.42982624157416,79.44372810996053,75.19072009972787,46.141844295733094,59.0595549514957,88.2791803842379,65.24253284091819,78.5361548892261,55.1210768583569,60.50699449369427,40.91149023790422,46.518784842560805,41.890575743180236,67.50844954541185,52.299204873693846,66.39117573367845,69.69485910258632,88.50749348497553,40.43972996785851,72.53104968731638,53.025649625774996,55.8457895197379,129.61753757598956,54.49326365374271,52.87500947897607,55.31929971974647,57.60320709312898,76.10770246542648,97.78531665897864,37.96591630897729,51.59642748848238,223.80600660100652,59.49651072969634,88.23140144270926,16.473298643601403,53.055240435626814,54.50690348710725,73.61182941015596,66.45400235135891,53.34416649740344,48.26200310305973,83.47801443791843,82.4871649888401,55.48957787267078,92.80717088836121,49.91823275465906,53.88757763329821,96.02071808989308,42.27550836669579,51.14425501055075,166.29982513661741,63.437852351931426,72.15871050851956,64.75791000281399,102.71528884430803,69.81939192100609,102.31669006197416,53.79399582420856,69.56362048078763,67.65957220922381,154.08292980019004,61.939065541661705,62.27562938929617,66.47061129088539,58.72411558339115,90.81147160280817,79.36781265675471,84.7609121555594,39.31378513032643,57.81651574294392,80.76651860794576,67.68393408019044,59.91382006322289,70.71274349710475,74.76641817217126,57.741756709620404,93.86397930914315,82.99713350440308,98.17666380268449,50.50648536343837,46.324677498073356,165.66692292399895,95.71149310040487,59.01353399367629,47.77916460234471,63.40327900970436,48.26576016446217,73.99676473746423,101.90911577197053,114.91036949568816,52.552406377179395,72.4987971219615,122.79377176049164,60.159341691510036,57.321925289996486,142.61968312882482,66.8074590621585,99.20411240657319,75.31432041007028,90.03415765254891,128.11068648960995,51.62664519841547,35.52782336973985,69.06049170131604,84.18920897673598,48.38748951509086,89.8087545896272,137.225735153173,45.305138981279086,55.809674344250325,60.84967489240894,144.5080375671145
arc_pair_115275,95.60783242227302,63.607827964388875,90.7669861030129,65.66636664103169,62.39257066107569,91.59167432908804,77.4677651849769,65.141701805732,51.73939864126957,90.6144471836607,70.79853906012252,87.70696217437111,66.87163591798031,84.83082369785801,64.02206513776015,73.87393822513486,86.01750453035422,71.59082587137542,72.1455518961146,93.64887608081743,63.289929812326434,65.45823422102731,104.7033542036762,72.9118293878202,58.25945681935281,72.58441612255778,86.19296086997832,71.01976436131125,80.03502625659357,48.879906614384296,78.65815100008666,94.5849646500884,97.95850200131716,58.17762283823312,77.6520929293198,54.769494848764865,72.87719951013852,0.0,69.54516960948253,77.28269334006356,58.60690605693259,81.18177909306567,51.906417214880804,68.95949277510277,70.96873709593034,67.93595882015288,51.4852673918021,60.38583083747992,74.01026226151356,78.77903039408044,83.82451052491858,46.471437200162526,57.942748011779656,61.8353842045164,89.12494260849427,88.2087299677004,79.17921105705625,51.33444320597663,71.25308659674305,64.79512529512755,67.44798348237629,69.60612663791775,64.96006878826799,104.37802024037435,55.043383616947665,80.64637601233744,89.78281961288678,67.06388044108442,67.38416947152817,99.72800571321756,44.753404138771806,76.5619592589631,185.4623749887776,89.91595597301995,67.40835291878503,67.99779132470707,54.43683249402429,67.13985136460937,66.08268947968841,66.92690407641706,43.811576914448544,77.23758717917546,65.29675378439062,73.23125569743456,76.47342694011446,65.42208519036811,74.54506720113527,55.116632015069214,64.87400481555723,58.56990613798937,75.80754376829843,126.43272072657658,81.74761995818344,73.43621210334884,88.67695562516184,91.5390063941137,63.18790368367124,114.51082321038746,69.8545317833015,59.489405938843724,72.78151638640286,116.82912455130901,48.13357226685834,82.9107202611682,70.78918772038281,76.85293735047337,111.01097128720866,75.05684440780733,80.52541534881358,57.607174128851796,86.38113963786529,70.2832886553381,86.84613291137211,56.654406940386,63.43264349749194,76.19474068729369,80.18852506388896,85.86124507184569,62.7148915255506,87.73906462142028,68.474909492026,73.08953368905291,124.38088754200248,78.31671845711583,77.06967728777727,60.51737156717418,58.86779797372172,76.98199964803509,75.56342487091607,84.38091677002011,85.04750347689733,66.1350392504884,48.13547369684503,64.27769001683473,79.06112003654741,63.35370647955094,114.84623556061946,60.79124036935793,74.18914052918139,65.24264497671234,80.66248224067662,87.09353785888649,67.88755442159456,53.96170179709205,51.96654804574946,85.93125865732944,74.32202902841603,76.94017290965232,114.91585022644105,67.10022391899649,73.74028564135767,80.26918630220726,87.2297076765528
arc_pair_593564,58.89743926120467,36.52859416656888,106.44629442962781,39.52148036888377,38.92276063563321,79.9970341727114,39.74219157450432,25.06978766713302,42.425490115112865,76.95645772800668,57.49818592822148,70.34938990780749,66.18351996705881,56.81759813251269,77.30180004633951,50.19682660079335,34.93678998372854,112.63571986847664,78.47331916169006,103.01092343202478,69.58587774221998,62.02500216407105,104.34637819957497,49.15273238018034,41.05733103177108,70.89382139682947,43.04536750371595,57.46647790348718,69.21125112333905,29.499554079865522,36.70162578304081,79.36700453240996,60.00622348287124,30.730249849665547,40.549088954047605,40.91457430434319,44.53857781945253,69.54516960948253,0.0,84.4730803387357,32.150193314542605,58.587030346132465,61.08909083359133,49.24674326309445,34.41685390018184,53.663069173078114,66.23004260495426,55.11327150546058,57.718208019064434,49.47033342644034,50.64779716984201,26.156930130324646,36.59758007656841,36.13086044234025,59.87481252789785,41.58456099902686,69.2919111521951,48.32463368117054,57.674104724034535,26.66415749256968,52.28871694019993,42.93227091570912,48.36714977944045,124.8652684480802,34.62556393956844,37.39547446680112,45.897774676391656,46.36660425651774,57.50364219225717,75.39524432929514,32.298660987589265,38.3053087105864,206.87693293403657,47.81977980066803,79.15554315978727,40.11301986287315,33.5706973769115,41.34354574979629,50.481562433685774,55.63065992577904,42.436169668340554,41.32316073973171,71.8883572843551,65.91669401444385,46.71746117386222,70.00186430961632,44.85758762044414,36.610915303227074,74.03443556206305,29.179218467628772,28.260968758398512,125.3299250487591,49.42792472922143,60.263254508186876,60.85207670810718,86.9802426758998,55.02779636398221,97.93636197344007,53.78440269842473,46.000597478803584,46.852104421719474,127.19995944052035,39.61649401388339,59.62616164478901,50.585097597692645,45.29727183104521,69.38482331697296,57.90846327284797,57.93313820427819,30.28163853933324,64.10749954309094,66.27189069377927,50.92912389948502,40.45098398172996,43.13652372075734,61.22142663087335,56.31475201736915,71.4336889202639,63.68079082197457,88.29241852868878,36.69666329738414,47.067236510561045,136.89054487188588,77.47692318326048,47.99969330297162,35.554129894926284,55.13234394955963,66.46326791729452,54.51331173551413,85.85697693360339,95.45208242038099,33.59485463221557,55.71908939414729,94.61177128197912,62.47709536820173,43.250885586897354,108.34871994561951,68.44734468350268,78.59158898249663,56.7310216585752,85.86271744362172,103.0084591836954,56.53966208608742,40.53190658173036,44.63968917248346,66.71123211667779,35.49936112460903,93.0201934830003,109.97564346327938,38.16914244405436,45.21597149430946,58.80163493986907,134.48618330120792
arc_pair_708260,100.68647382485753,66.88454092280854,125.20936581506501,70.3223026908218,57.279563037973304,107.15065158898017,103.61470310542826,68.23691316327779,80.55695697565116,115.22414901509346,75.01598193655428,30.874628850244196,92.52359366705821,95.93934906410306,43.27816578527914,58.7183031055188,100.37962570731703,72.6533203227322,105.60889915375827,133.21138431052103,92.2578805673463,29.398516810047244,108.26411856319243,79.36797127180819,69.19741553065265,102.53369910435134,84.33164410549425,62.26519651949007,77.63596382543744,67.11078420039787,85.20766823155284,61.786547736920454,104.47542547701381,70.36998963291894,69.5708617717413,70.93553085628318,90.96591523705149,77.28269334006356,84.4730803387357,0.0,84.56391427123249,54.168245833011895,84.06872577267887,90.8936945551616,63.715507504899094,81.34498868387017,83.1263332276338,36.16982213031518,86.40571688840646,82.47443903121194,83.09243203611796,59.68806961266096,98.08212262904019,70.57492918250693,98.94001332217812,89.77321764120758,35.1631882868172,76.22993366670511,79.76470460702626,76.97192594697106,75.90876459127293,60.731446870163325,56.75301176833595,139.65941282244248,70.77833932404043,101.66120537439444,86.4879573742121,89.13268933100446,82.62469907423417,106.8893821272643,70.18698038849868,71.15384279656084,213.2518335605719,83.19918453009052,94.239987299613,87.49535138528961,75.55824255276434,70.97409721413624,61.20260473653311,44.062995856136034,78.90536248851825,85.53656181021368,48.46150581236323,46.60873943521488,79.31931589301993,96.4740955273154,84.49587367759892,83.33946833678709,89.98005237740406,70.15952483347897,92.041484535079,81.96386255927837,67.38655681287584,89.04141502275867,72.46000232560316,95.09329362833132,67.52495751237817,116.24293878715145,90.41144700958333,60.53703676138685,81.31122000923438,113.25918880099131,68.63773459313884,95.86078460698047,65.71675626655865,66.76203970728304,120.75411834236291,58.55420151076586,77.85906004341503,72.88229557158965,86.83819304507855,72.75784051308852,79.95643487547031,69.43434670865022,44.037127929412755,72.41199172537449,81.09837061334342,83.83544608275156,59.578458003421154,52.989339942736635,68.55363814536392,108.68329220662,142.31419907444916,97.98441066839476,74.4489801782344,79.01396494288164,86.78821653291843,70.8403151069711,98.39249154635377,132.79192552722532,98.23409308149564,83.66978916826648,62.99761038154095,101.47589489820402,89.9814934390107,54.33044011325219,123.91505002769208,32.15910386698563,104.17006912694805,86.52251195125544,114.90073281993647,141.46709371105482,99.1091207792489,66.96562095249747,69.25943061496328,92.5305674464075,88.2420024413099,41.529917921518134,106.35274112385478,70.22786988762367,75.8437522629851,40.23723846696249,71.36301424897722
arc_pair_496804,53.71308903528731,34.74623434455164,107.11683136505314,36.86032461596574,34.39376064033836,81.89323248718985,51.462113671235876,36.068893819226915,53.280597044757414,89.31297250823857,62.27637307483221,67.21694557510537,66.55830744736795,42.72874428104673,77.87255750507184,48.9106079206622,43.970244138328745,124.94599500142232,79.90004063679888,114.33300023630608,76.08754956361756,77.69503978648588,114.16813895065837,37.091196715643946,46.64141372771577,81.1362736619229,44.27837803587142,52.11416968590967,91.98296300398366,33.998792126670935,42.44025517967704,90.86240921062281,66.60079489841296,32.18277182770949,46.12764818823244,38.06819886379036,49.11073997231509,58.60690605693259,32.150193314542605,84.56391427123249,0.0,59.336113006348654,54.85067940587251,52.78285191395881,43.90623527577693,62.36306447051979,57.33353516960871,57.463570611074104,68.83064351449782,48.887461451299046,52.72263260475452,43.40005770972668,34.00246996386651,38.4495114720299,68.27416791988315,31.459025200351846,76.13461983173354,44.386771429665046,60.339397893409235,24.70624406688909,65.95151179192358,45.554201980166106,67.87692347546275,127.72362522797202,43.33523429439272,33.90139699939981,52.300870577348135,46.72583581417295,68.9748631914021,89.5686791142127,35.51268635128782,39.13801297866324,220.7469722239765,52.84662748304713,70.15774189754683,40.075085456423125,41.08244140132345,41.28171574090348,47.055063193544335,55.44723104282318,40.19681746287685,50.36190988582665,84.13693496454403,69.82185507119095,43.68323999922711,81.43279734144392,39.0135648646232,37.88411546215379,75.95606115662503,25.79141818613128,44.54595715283857,135.78074854731943,58.38162040633488,71.01363206760506,55.123250954655624,92.2094877831066,64.25135356771844,110.11296737507617,51.43257140958155,49.4615128407725,42.300888628742214,148.8548472708855,51.76704277577558,60.788336592444125,51.50993681957764,52.455046123718006,87.08847334270769,61.94852659384267,72.01687756380042,37.460479843898256,67.25966615520025,62.317034368217236,51.110573845994594,59.460456118058346,44.743053842099386,70.34075205007998,58.57412477654219,82.74723009189654,71.33099023867615,100.16431502423842,31.639642787322877,42.92673684820298,151.35889155761595,84.9746519035459,47.87236660630214,35.973411984662576,64.04685854076783,67.2132677589174,65.59931363522313,96.78514821609275,98.4753813311271,21.929573264502793,63.85073281147076,113.28005246683176,67.31310058087463,45.787014165995316,130.67188427682032,73.65107690206389,80.24254202999101,66.93682203151505,91.50640666225038,117.90101846225633,50.8629121663252,38.21169791225114,42.63136442130717,87.5753852465286,36.57033605793893,95.51592741166985,123.44476961473228,32.94160123177518,37.0653937575713,67.93390993892294,117.61795475016302
arc_pair_247784,60.51141299792464,61.12634241752525,113.05872249895273,37.34689019154703,31.011632375804094,83.57445341090678,73.81097838755358,44.71324326137485,60.555575276229,97.5449137854955,60.104700806166825,40.020047151667086,73.00190298047974,72.27626735222347,57.88445529505343,42.59100003058626,62.126556054160375,108.09184437877128,79.08324020833518,122.92839762806256,77.02264769230341,43.52563154375663,108.2278436777663,44.142564682389704,64.41714014657825,76.12603005508711,50.642399619858,35.20874712521881,73.35596491278733,49.441307835885524,56.55154140557046,77.95262992070708,72.75148089385712,56.15349446787186,40.149107095101215,49.37952342373515,76.42982624157416,81.18177909306567,58.587030346132465,54.168245833011895,59.336113006348654,0.0,70.39871041680644,72.62267509194979,41.54303991068984,68.16737873959829,81.69579154007911,55.82695557453903,76.67651576479804,43.40789958110865,40.55577059600984,46.88684465190312,82.7441592907577,51.870445559638824,67.65923649276635,54.59910604644313,48.57498623019324,71.40636517502,54.64678462035807,50.07539080220284,62.97228487712706,37.678250965122736,38.631351517398265,136.278482551379,57.369807176644,66.9443846087402,54.144775396665885,66.02689164052893,69.77068483416282,84.54468633398747,50.62120302946238,47.63852252323498,221.07256158408867,62.94049550108166,92.17323972435624,68.0047962881863,49.37359239727552,57.43402485370598,35.51714918726113,48.65733025021711,58.74370056164133,60.40088750128641,55.994230751577334,58.08727506129922,44.66237159729452,90.50724954774614,56.3493079590679,67.20023948881868,73.05761692739974,43.590930131415796,55.19312529044726,108.47474999097751,40.22781207664106,83.17903122144274,57.707478020324615,86.87527851291566,57.65390517371468,102.7260613005024,71.77198796268547,53.00200868054539,57.89822288884379,123.280118856021,57.949672559535955,63.8771084883349,42.08985277655239,45.891797717849684,80.39301606395011,48.350090373578894,60.73710848338904,58.70776877474492,59.84859162204196,70.42411756137622,43.290384391218225,47.429014571019444,31.10327139485577,65.9765436490066,41.97773505371155,64.16581955503064,80.86045347637699,74.67889095315232,41.96112786374232,87.03456083727609,147.68738224931974,77.2597584126498,58.53931099079128,58.64638593419002,73.63428992393872,64.73452494337786,68.03296408841155,113.51091903811178,90.69112745659686,51.97499865783033,73.02888411022198,103.97440166333003,66.66573611864962,27.281432736517942,119.87712452283179,56.0676839816275,96.79347411504867,72.72702695005208,107.34071540966134,126.6972572690502,71.2526113187017,42.550134043426326,68.23338597179531,81.11242778248433,52.33766718531124,67.13339650955331,102.01354374111035,49.01146649536306,55.179243308076146,68.41113985269206,110.76105643531315
arc_pair_230744,93.58088841564025,61.7580705911589,81.4764880179568,59.60595795153944,60.62211293256208,98.23372060935762,74.43161897408552,58.400984872801416,46.359635344032625,77.33922637458568,77.73801113227104,83.07828762469548,57.713637693453606,86.4058300528996,74.14328639489474,66.88005421712732,70.53682461192797,99.1894149058425,69.97714714653218,100.29468705515913,71.14284594472232,79.4458223378328,106.6263505997026,69.78294441718153,65.14992095575357,69.66983212895728,71.34852019144074,63.936059429666116,78.7147546465848,42.86144601683777,71.6119427352781,94.55502980404691,67.97606462438583,56.38739036173292,70.16673665939031,36.599169293317125,79.44372810996053,51.906417214880804,61.08909083359133,84.06872577267887,54.85067940587251,70.39871041680644,0.0,66.43724392658241,58.931297649959106,68.44012492844514,47.97123342813761,64.11774750249093,70.2649498085337,73.69829831306454,74.36205131906061,46.10509477962792,61.177041428642134,67.8987041928272,90.01328449340802,79.0976903138493,90.41252990724942,49.06611105323509,44.41224106825436,55.012424253361026,67.47387943157655,67.41407247393641,69.03878296243178,122.32616967928391,53.88411647068392,66.33245777327252,70.21125794661245,51.86268707365917,69.73238597553228,92.13682455938357,40.30983303613475,73.47518613951092,183.4982591776853,70.81787284339532,62.72932124353612,67.03386770364928,41.68381541643461,59.90639740471843,61.26461236906539,63.33013967039345,45.59201020273431,66.55474416975586,72.03431270860168,76.82382835937133,71.24918745691778,73.36027930965275,58.9555408358808,47.90040370157338,60.75104117517832,49.386125025063606,71.71808075587538,138.30773125115905,68.91834850395323,65.34522456669885,75.62043937142384,85.73753667276893,65.66108244113846,118.42846268259476,81.92160474024101,49.115906565831395,66.2339593107629,123.49202023106342,41.05596250145983,71.73144061060376,70.10093910975414,71.83319885631438,103.56181494982806,74.55228345140961,70.8447536783317,61.20399198450112,79.69746395828622,73.26874343456035,85.49016579248448,57.42209150417172,48.35643757629096,76.49284204063801,82.13092203105155,70.61944869957699,63.61911165705346,87.61788079008397,64.53936491454584,82.54433082513583,115.00449817253104,70.49466203250267,75.6063273354508,67.64621610774282,57.78316663136731,75.82863967008538,77.37715818685311,75.51457318854588,84.06716667195067,55.372220724819584,40.26988933545516,65.64036956958167,86.45653398629531,62.42948003689688,119.74675981719452,84.9501102702034,75.56250323995299,55.66854133751257,88.8824612366264,98.30563105795139,70.760176291698,57.32815452891914,50.22412574382985,66.11340745483673,52.44847311751835,99.0630077446358,113.75327649533682,45.7711643673171,62.80031435745156,87.9829462703251,108.74598461929513
arc_pair_364083,62.87422974674942,54.937168889845964,137.8632683316838,51.37741791385061,54.4309975525301,93.11525459826325,57.729926185155634,54.33288536629523,56.27234537890929,104.12237483694705,63.878940979340754,89.14274278795499,74.9289784497614,55.33188135364051,90.89803118741878,63.44287608957971,44.10760388969473,134.77134540828428,96.52172853664861,128.34518049585637,91.88958303380363,85.26589905311118,133.17643353327904,59.72422948619154,63.36522509752772,94.63030574540261,59.07582978420214,63.23382753777311,97.51274397027052,44.324340997274334,60.56787787670934,110.5223643684694,65.93634726723789,46.44909273872946,56.10837918710614,59.81556626477699,75.19072009972787,68.95949277510277,49.24674326309445,90.8936945551616,52.78285191395881,72.62267509194979,66.43724392658241,0.0,49.816413513733245,79.12449751144128,83.79140394096436,80.12732353123751,93.17797963561273,53.27796055751344,52.933059220536656,43.17269290456041,57.981451007919794,56.4823757353892,59.05699443154918,54.94985417133539,88.98358046163197,67.05321692201832,82.15391681637644,46.007303415066346,84.30598940672026,65.48379332132586,69.74157201481515,142.76449104218437,61.06441989107449,59.83041660344471,55.60376715845965,66.90248967342923,80.85876466805931,99.21560939027268,51.44853891242895,58.91936878415423,236.6638373142234,66.84918137660145,93.51784723086044,64.38273649947001,48.214902398316234,64.35331525351839,78.72673121269027,68.04007876557787,54.137869186280255,57.73639660979906,89.56981447517208,95.78184944022323,67.54479384495144,91.97195604950012,43.92939603965385,57.977383170603474,101.11912346535945,44.374976695921475,51.84641975551208,161.97034938538343,65.16670577880569,72.84470398344169,65.46233622278339,112.39047421677037,85.20998126837864,127.11445225819094,76.51998004599002,76.91975464681474,55.3924900339463,171.9966380920551,63.40830476379473,74.40087695551117,47.171271974849134,53.78775810947116,82.00123993835842,61.16192709896902,84.35361223562407,45.21503581716821,67.52800500603259,62.63771300076196,65.7752082684178,54.67402323457211,59.114559726835125,81.16499196511103,61.74654860697327,83.36775992932928,90.36449238856756,114.33190347725176,48.91497618723156,62.175422849001485,169.00341516523793,86.57609230613446,72.0770104434708,59.49366339586468,85.79145412620665,70.32370896917652,65.69221155064642,108.80377143001567,125.90888327785251,45.815656289108524,76.0482446802404,121.59956764689244,79.12987476691309,54.00320683950458,137.70686982400275,92.94464231778014,107.01771237011604,77.86682525497875,115.68423322389651,133.38360537036758,66.38393174596445,52.223639240039816,72.28375549685995,82.48841091222316,47.59829705526939,116.5512805505047,142.67051534412528,57.141403840503926,55.840456882609494,81.13928278307128,155.7435000265201
arc_pair_511862,33.80476032190619,43.65722447939466,135.2571070725826,22.90051196736871,23.81298299973976,63.56739693945248,34.66370270790951,32.35126527201269,43.3205232307818,101.58547758802817,51.184864902248066,54.87031698844676,70.19543028127165,36.06416167827321,70.01537688387586,31.970073474449578,24.90301266490549,117.88798452518,95.94621067027626,136.6102786928307,78.74966525474642,52.591501150009435,118.91733379429833,30.847495086011698,39.878504588929154,89.70583335744413,39.59656605957318,33.34610873143763,80.24797575618774,31.67730382089892,26.79879356301534,92.63413541411478,39.809279784814606,24.557035032666157,18.900973480529657,36.45453528368785,46.141844295733094,70.96873709593034,34.41685390018184,63.715507504899094,43.90623527577693,41.54303991068984,58.931297649959106,49.816413513733245,0.0,66.06901448098193,91.0113452405146,47.781203782162805,87.85374128237453,31.352657789993827,25.87395277697604,25.620013547261856,42.753802307737864,23.520018116846416,37.38949676435658,26.499166713854,50.93887118036385,61.561300889767836,68.22136875939363,25.47849504459647,67.52846921631546,23.111015899762684,30.964942886490682,147.1710190697029,34.93999795590871,51.56538807275311,17.653990116637296,46.13570313976675,65.1680392637951,90.49406862486015,35.870981896707285,28.870875139423205,246.75804010822105,31.4193698694549,91.99532311866739,36.78246610517169,38.66497105206817,38.36366082126724,51.280326787253266,47.25307097355713,46.56088028823528,35.115038447091685,59.40188338911307,67.43910183477206,52.57068325363398,97.50996343138226,22.391224180875334,48.80752029753097,94.47104169216124,23.396573045357137,27.21808357222035,151.94309682801025,32.292828008443564,65.47399256259517,38.02443101571372,101.4615210915533,61.63520825088355,105.48989610953242,63.67196643789839,53.34561037819127,48.252445355845154,154.69954264724984,44.531445763524275,46.51426266644786,22.338330535879958,27.594307985547943,62.1658008980572,36.14266650806981,67.58671553267997,30.511358195985004,32.7736530972069,61.684147727755075,34.95934119273706,45.13942367377207,25.774621551499855,60.15427793068462,26.912169321172193,57.05746457235081,80.81069830456863,92.19805919171617,26.713211925226886,51.62585002064199,173.61733163176186,85.40846631253993,34.680047217102775,41.285185836533586,73.81267685476436,39.21609751588658,54.77798925649796,111.21614175001166,112.75434523393358,33.767828918154876,67.63667856641976,113.14512288722047,47.27318047392194,19.401332742024007,127.72588406917961,62.686956962321005,105.50433096059241,67.18629477888855,103.64039763515522,132.65866162864376,42.47438295186537,25.21798619347937,65.69356850911714,75.61028117288257,22.470936151515712,92.63634646035912,121.24511346910441,24.375922860515615,46.11538403578625,40.33839224509991,134.20820038876147
arc_pair_649551,84.7859538427271,62.219777671219546,90.9298951323543,62.97948021380614,59.398759122560946,98.1164735624025,69.76655792044221,51.408355559325216,51.46903577739354,64.68804112736777,62.93882271641462,68.88852418650981,54.74567968097359,85.82935639541105,72.4366960007145,79.21032637435843,78.85574423377608,85.74069166556414,62.83096989133533,76.00747066704007,63.767400775681,63.76993356033676,74.93250476657303,72.83953135878686,67.91797249607214,60.01281632294241,63.08295324253419,70.22156126376339,71.40248153205205,60.18781589688226,77.11421469895818,90.8746519288994,91.16175689850644,64.54776288037415,67.52293472078453,60.18344518889347,59.0595549514957,67.93595882015288,53.663069173078114,81.34498868387017,62.36306447051979,68.16737873959829,68.44012492844514,79.12449751144128,66.06901448098193,0.0,66.95751619394044,67.74596751637779,62.07299060464862,78.87261248925279,68.62463788455828,43.73792698887747,58.81286532045644,68.96258786534459,79.82338266932481,73.67023824538687,69.2851060436316,53.22670112623896,63.59315095216613,54.78434969243054,53.61975024947427,72.80240269865948,56.9920895903398,85.15693594084802,57.68993997733081,60.517184861690474,78.8214372098852,55.33497934799398,51.46552413012044,79.4259911000368,46.17100415608884,68.79224563969973,166.69067238960042,84.00650439612855,67.86798644310133,66.76759294878102,54.27121042198725,69.97357911195078,51.584457455180015,70.24515843733843,55.763605127862284,55.86970645491293,77.58560505305033,72.36126350933719,71.904587125484,61.95657454155165,73.70281898820025,43.29040714381303,65.83119253992322,61.55312123881309,78.26876279811543,113.99517255351549,69.99283709876337,71.980344199071,67.68749773617219,78.25109901635895,41.61927577335058,93.7972917964382,62.72005319552122,59.96710065878494,73.85995109068185,104.69100814572761,46.94394932304178,66.58209747453562,66.77684546202563,74.14218651834787,75.69906528651762,84.68368291051851,71.85968110677521,61.8648552741153,71.18609282642147,78.81201465721647,77.81997256058892,52.42849015660609,67.29879328716493,50.69331573633812,62.51017271964753,81.22570613120806,77.26303597549206,82.80474404606255,65.96254523132473,60.14733496461248,116.14623921958378,78.32116734779095,73.97300691685325,76.58612655656613,47.00565057118317,71.3835171543573,75.35361900881978,78.31908800950917,68.64891489548135,63.85954183646815,58.399793237892645,81.63799313247216,78.60881544539703,67.59730128633375,99.64386037165323,65.13623512927585,63.5120849870722,71.98828568145828,59.98400176261099,91.33522324628083,64.93648540132085,54.137953618887416,69.56489335994837,64.37648041123536,67.60204874285289,81.70880468794985,98.51618843006572,63.34424098531483,57.4465723895571,84.6096566908566,99.72761484051841
arc_pair_489657,126.02020031264884,66.20772488363562,75.07018961704051,83.49817019466353,66.67795625152289,123.64078239639602,104.00863981797801,64.35062799543358,66.89390810034936,80.47269939195209,72.89655971508633,86.03562078853841,68.72918769434011,104.00923088597084,57.723748691823744,83.81928952124693,99.20469395047508,88.90897499355421,63.27048390930098,91.91467266139504,80.47594199479995,76.72546061236226,105.86426527999664,85.7353886057412,72.18828192116831,50.85572682739031,80.34052395337092,78.23663924958076,80.86915817717131,54.483724793016975,99.63674092421915,64.32967629638068,100.12364228409419,67.81434666157149,91.49530486507456,46.84356564692971,88.2791803842379,51.4852673918021,66.23004260495426,83.1263332276338,57.33353516960871,81.69579154007911,47.97123342813761,83.79140394096436,91.0113452405146,66.95751619394044,0.0,72.85245818265776,60.28840711799331,100.3934760040332,93.06949178684359,63.956140045607185,74.04606015758304,90.05439506365866,113.52925674175683,96.62629202876705,90.6740256952155,51.11231532710748,58.01721494389123,72.50285712069936,66.71922569833018,86.44360990953317,84.5809126750554,112.45597882220473,63.68951624715855,73.39723588885137,105.43055791749649,75.16353175788677,70.2403700635718,91.60431788440687,56.5578945941469,94.3312746120775,171.33932127749975,106.87017979067275,68.77649171761064,84.58678554768191,57.99654343455461,67.13382092241592,59.25572171929465,69.76216814241735,54.64373661178169,93.93565641136311,69.1527500185575,66.63538667352312,75.14636753800767,64.73796109683664,89.78362110125046,60.217751263030706,52.06309266769653,75.37162939252248,97.62170702966739,93.94595462440202,85.85387835939919,88.11081815203663,97.75629734577755,76.68410825468986,62.19483631763461,118.55021289414661,76.91077113430052,56.51501306611921,64.71405110752033,106.0727525071035,50.376907450856706,97.48112212563191,93.84672764416413,92.56677104328915,114.91999461634677,94.28368116665571,54.797728542045085,76.30696364292702,110.91459951548673,86.54164315521743,98.98764201712456,58.10032232122176,60.07880573420604,69.73173043167293,104.55036202688805,101.95764489351038,41.9771273960208,77.94283203164622,74.82441041057125,91.14773204158352,101.73549902213307,72.0079396085385,82.45891567913941,70.8663085587638,61.10563446276906,99.91846808702383,87.31225393133309,81.93246932367201,81.45910454236137,68.32442043268202,41.363074658824985,62.20795157547932,97.38860129041768,81.57952257120263,107.00021953781332,79.7159759240396,69.25611972376167,72.12152156748338,88.17575759592225,92.97980982674707,91.9525594563663,71.69482119790293,40.58619420747802,78.410634288421,89.49586017515246,78.78373253893145,106.08375284388248,74.52944396250896,63.49799446765826,103.1511778774378,76.08396187609017
arc_pair_270697,81.46404041795634,60.645015364582086,128.62206266477307,52.831610654613144,38.22224411646684,81.0466891730793,64.8901053188769,48.04000548462389,64.78150093065054,116.1602171998606,63.85191178323207,44.81725240518843,85.01717229445993,73.48970262276033,42.0465128981521,43.81833942534783,66.11511423676484,80.22038052621483,104.30831466890209,133.42712481743294,90.99456610678476,37.022356655559776,113.6606024330336,53.81596477176379,52.41320517331104,92.29680890869913,61.11283313866221,49.036014818351006,77.94268646084419,40.35048043975352,55.55352476051149,59.778382653396925,78.36560275590307,40.88160156909215,54.565625312454166,46.15191737940768,65.24253284091819,60.38583083747992,55.11327150546058,36.16982213031518,57.463570611074104,55.82695557453903,64.11774750249093,80.12732353123751,47.781203782162805,67.74596751637779,72.85245818265776,0.0,85.89963052125538,67.47901623070081,69.78048053310812,40.04842162720717,64.8487213522635,39.22964121816899,78.26187047825437,63.44505287908585,35.93930797942258,70.68657753890078,73.85956252377103,41.43076267769234,78.34902734341466,36.67645857585639,37.25397046402853,147.20782917108056,57.529646030663194,72.90191746187041,58.25042029896729,68.85835371412026,82.69455136354901,103.58544621595212,42.30543569846843,42.972217558129216,230.74501168599176,47.79326648545606,95.24377919725387,57.37152835254982,54.52656077772427,33.68056747969195,59.31738206409173,36.99373734629363,57.52126072274113,60.81498916212627,41.33442475941084,35.533360563339684,53.60197665758038,99.68098555487542,54.65556836664414,69.71773346549996,85.83411475794658,55.326634928224905,62.152688178660554,105.69209483825537,52.40180668912941,81.0540588999605,63.61919176217947,105.46008859847076,69.21956856029304,119.11993350145188,72.30853070686359,42.976221990569115,68.52374559994432,127.20608525992832,43.95249026295471,75.35246663448274,52.84862200540785,50.73765612811693,111.34909334736483,52.656883941207695,70.87058685977362,51.97772219597932,66.40237419907362,68.23028180569469,73.23155568946729,60.76056064080184,43.88868846476155,74.82014586559578,69.27948929240674,87.17091287717554,51.258370480727834,70.23451544744813,45.56963526007536,66.6603124468518,157.32711422312798,88.87541410016473,53.562690076904616,48.10884653891209,83.27177221562104,54.0068343556667,89.24723790274223,122.47078226590895,109.90359088042891,57.07738742360873,57.358690520897426,95.14738102580651,70.33238003972072,45.391871112324125,136.1506163495764,39.0258307932165,110.02465114807137,76.6172789680034,115.3662478875083,132.71791575473932,74.6905381194999,45.50961998125115,52.746940574435094,91.59555578354414,56.439896912921455,52.365422250315554,121.00770878771355,54.085961592389324,53.168265795111665,27.573148187681692,85.50529888796949
arc_pair_446116,120.31195742216677,62.61310367413191,57.74910042275816,74.56673991061982,76.0825377064105,116.1858475924171,100.8555332027853,55.68464362969469,57.84191672231482,56.19054117201646,78.15770141058334,77.659428788833,53.98374418120645,119.68024982583107,69.15582638629428,81.27396945843783,115.76848996678093,82.07170011671509,44.93524311765373,63.309769268030195,62.85084813958773,68.52146467215046,76.03417933714553,88.53948199355611,69.2073434279514,45.43587146628822,80.867049501854,89.50068378496216,61.5545259987712,55.28415330941945,107.06458269276294,88.3063540842868,119.18346651449849,81.15445789173114,91.41546988284506,66.34853882619501,78.5361548892261,74.01026226151356,57.718208019064434,86.40571688840646,68.83064351449782,76.67651576479804,70.2649498085337,93.17797963561273,87.85374128237453,62.07299060464862,60.28840711799331,85.89963052125538,0.0,100.96072481766055,96.60468136811485,57.14254644005162,84.9828699022546,88.54805229932029,106.49306359347985,99.91570522008985,94.553830787003,58.511510873961775,40.00190764988876,80.29352875348579,42.626744625039905,84.54438251431618,76.73921790857199,85.31782895592647,52.87694243949416,75.48869221138281,113.51085893792187,56.04200422584574,45.12264758394516,73.279227076051,63.31387712562466,92.39556922952247,132.59289760745963,111.26551662444339,54.819751445153216,78.92588997914271,64.67668756995809,95.53619629714137,51.59817189283588,77.35857857205198,69.16062628480726,88.17809542250154,87.94037869871227,63.26013549975064,74.79019289325652,41.50632388461844,108.4074431258039,54.07313054772405,48.234307245327685,68.24534552925812,87.44739802222367,98.43918099199026,84.57362884956643,73.06046284563237,93.74286510485484,72.889404445911,39.205027012192126,81.75018280973667,71.6296535243976,48.41861906611332,80.92028001844648,70.09581797940446,47.04141802321027,86.66491776111911,99.20734031071798,88.5457519937064,108.72918698390873,99.8039608665575,58.146961537826655,79.78667752129061,115.43532304932718,91.76578302785884,74.92552996865638,51.36640413073124,70.88641658001394,61.12734992625608,91.9627345388734,91.70561854024477,59.92147224853811,72.01137360715506,75.21033406389012,109.73050795536157,67.50112450143506,72.87389549037998,92.33509862037232,74.69520119647383,36.91286942347832,119.79624001882016,71.51661369495375,68.71739639514655,46.670348707241445,75.01297189549355,49.490111337355614,62.79286530886752,99.83723223043586,78.93494088577657,79.44897192960498,74.11548545315273,42.357431617909825,57.190735348221565,55.48690854107953,86.49110745839728,101.91578625916233,68.32902931768,54.983192672295274,58.9722328978625,92.07084879688719,81.04291375717219,70.03194160688429,63.741579996207356,78.504162883924,109.59406855900289,107.33354883416243
arc_pair_148500,29.569616727309622,54.60478187810271,141.57277609788153,36.56249493946896,38.36353195520705,69.33964099481233,33.67523538718992,38.48641368056301,54.63685291333974,109.60376882385306,48.348122456877775,80.442116786496,75.43727673165886,38.886896139516146,83.87482023068738,34.04085326177575,26.14191793862623,144.99424267060812,103.48074978271356,143.6854055760457,91.36543745651929,77.41466166348349,133.7291223496231,32.75476400122025,57.09482688302424,106.96552876692857,50.13939929162892,44.84042776534358,100.8402588035305,48.08255832947271,35.788195452753186,106.70058599502487,46.672837582546585,37.62024721522879,36.22303399745445,59.650940162860266,55.1210768583569,78.77903039408044,49.47033342644034,82.47443903121194,48.887461451299046,43.40789958110865,73.69829831306454,53.27796055751344,31.352657789993827,78.87261248925279,100.3934760040332,67.47901623070081,100.96072481766055,0.0,34.90774641165392,39.47953655552476,56.43952439474777,28.88858215660771,44.75630470008346,31.384743199126007,72.21383162129844,70.56233488867268,82.66785343785011,35.6688521057369,85.39358986958175,41.18870009400243,46.99171392846121,166.77360319276033,54.24471155168811,56.63682039224727,28.793794452624653,62.05786227409078,88.4797224542229,89.57232525638997,40.41690405930224,37.15521423757338,261.77280918111,40.3906286228781,99.18187874798082,49.954523504082005,53.65358460043461,44.074088957306344,63.467882948584986,59.183913164872585,46.067827659944854,37.74182112113252,79.26720216660216,94.74677880314466,39.989449115164675,113.15377256395558,26.545141839179315,59.96795806656093,103.27886067475133,29.713370273347557,28.431008372185673,171.38902518048428,50.57877941383926,75.22697452491124,48.6053688814023,113.55984383921924,83.31846218053985,126.86149270644614,67.65072582251679,79.74891613831545,34.371757847697374,177.07229404158932,70.0157748201294,57.635852414829756,37.536112511655325,39.010590685200754,69.80481685523927,47.96096130853466,81.78749035132572,28.733859300034883,30.739194796818147,68.67349921668637,44.76311334294831,55.215638921975206,52.55387288209171,81.12443751301808,26.096486742979845,76.91406052178274,102.41221664518227,117.58537558392314,30.560873384954597,54.93840470859213,193.4965449531367,91.52838055620362,49.39021650173213,43.48569664030936,82.646104346136,59.71541754747545,64.95942314269922,124.91720459035257,124.02245349869024,37.38218922535843,79.09009880484659,139.262374808688,65.41058522620739,32.8567891618857,148.42403065738802,81.10283599006704,116.89531350791628,77.22395203332496,118.18980826391312,143.84770226455726,48.704961412943454,29.22665343496942,78.32960711883536,90.38769534343459,30.757038240204544,106.07175966651766,143.5417990357038,48.53973233480909,45.637052084505584,69.2550682017681,154.81737941660364
arc_pair_90669,30.642501006489816,64.00931375406726,137.0935293616221,31.541097295815835,24.931016057898965,72.19886641632417,37.819212445736206,36.396950143760805,49.967039144611704,104.53110579843222,44.08881060745372,68.42913251901157,69.16465109795146,34.37723857648565,72.66869910658208,47.27510652941584,29.58604252592115,143.64266253113388,94.05800700622605,133.0422376398602,90.04784326496701,71.5121233777246,125.16865560283614,32.19581293946843,61.40557147579096,85.75105016138362,33.240688924229914,34.70623024046542,94.9203578002014,48.12791906299098,42.155607820225,107.88952692656477,43.348271414777294,40.62928676035017,25.331865258065477,49.60930086016993,60.50699449369427,83.82451052491858,50.64779716984201,83.09243203611796,52.72263260475452,40.55577059600984,74.36205131906061,52.933059220536656,25.87395277697604,68.62463788455828,93.06949178684359,69.78048053310812,96.60468136811485,34.90774641165392,0.0,38.04952981049715,60.921350630234755,40.89569400336876,44.97591825015401,23.543730140682726,57.756540563423904,70.68044673483158,73.10110429360094,34.257389366154996,80.65140942041684,34.320386386645495,42.47392017845834,152.05437047965097,51.343175862327854,41.461975483424055,22.729768296955534,55.3521950567969,71.79710320473419,91.22383691620783,44.81997445212245,35.23904838112611,256.8241951365801,46.03261806322915,99.83174720827245,48.62407981438521,46.66505436775058,57.289513335343145,56.629028498423295,62.526478456319126,50.1139996960439,40.595120130860465,75.64274249964367,86.53605474437914,47.53836172062465,105.08685663394888,26.526009061998057,61.308379938020096,97.67237202432673,36.28943555489552,41.15386948030225,155.45368148728528,36.0684341445546,72.02504102458524,50.60910737531807,108.8645481434507,73.57286605499607,108.70061754411577,63.45811051480847,78.52055999172602,46.72494484612595,173.48143522019015,60.5911257871965,51.996812942472275,24.077059427916797,45.746240701835525,52.300115371533394,46.149788212209266,72.62538214696889,42.90037761208164,34.22231444463527,76.96150240975399,34.90532200528707,45.83680025177305,47.40267550963809,67.97421693788051,22.641863710877345,62.474117414699556,98.2908649453127,108.09209029890033,35.378287238728376,54.54251628615641,184.8929386129173,83.63157056848002,57.17621444719313,53.44134825232693,82.86578990084271,62.12987888705485,57.06732423146751,112.69535689268409,117.91499848112664,36.240977194453976,80.82305839029647,133.68307442191258,57.70854483062304,21.700903261296524,135.3882102417055,78.28575809581898,110.41922247445937,81.47958966630239,110.35386530366539,145.47230952961849,40.83370099605864,34.353443754960765,91.86532019776784,76.09634424855336,26.577093220459602,100.47243134698383,138.75332485957153,40.93582383959004,46.4151515535022,68.61827347150412,151.23246438603837
arc_pair_656372,47.33907065302356,38.67295813805708,96.0530221777093,32.93154642259376,33.699691335903104,62.6026657083743,30.966157083257553,23.374314272716,27.465962459427747,76.4365923655568,40.4313385122603,57.39838069362945,49.530999224093954,48.78192063895604,56.660056747003054,43.72303272435081,37.79932862965531,83.07494680766098,66.42058735760514,96.07307391753491,62.27270124964123,44.377159344868616,84.06163673746903,44.940556614807946,39.16692907872957,58.20546522236196,42.53783694197787,45.063942354600776,65.19512023959874,26.959293563238667,41.87255168602266,72.10281749713955,51.26350671379481,27.8970710218137,38.640821199201014,39.96666133684111,40.91149023790422,46.471437200162526,26.156930130324646,59.68806961266096,43.40005770972668,46.88684465190312,46.10509477962792,43.17269290456041,25.620013547261856,43.73792698887747,63.956140045607185,40.04842162720717,57.14254644005162,39.47953655552476,38.04952981049715,0.0,32.18687755143067,30.100531316275543,49.45221502203313,43.715319242544794,52.01551322795808,45.9806471584716,57.90504899555693,25.58080468322023,49.302641256049895,33.64801119455412,26.133651662103794,115.88146498652826,27.837904319993992,48.22118170941236,39.50348316115689,41.60994443368699,46.511325953725,72.78983495377156,13.88428879786062,32.4706296867638,190.19280236937078,42.49962012518115,62.135003940173064,36.80521573736964,30.628636062593635,40.27147377685951,43.300408567370255,47.48891779595138,28.148381148838073,29.19324599700172,46.660594444569355,58.51885422487034,45.641411392118364,65.66797031084155,35.51357823176008,30.188394563812118,67.53480568731248,29.383091340821164,37.23140153378774,126.25902151775949,42.23099445676708,52.572495351634984,48.61796869028107,82.15466380460403,42.98315305000478,87.63293005316973,47.8660628028625,44.02970454472211,48.63980718463303,113.13367148708708,32.74651353188138,42.85259849611403,34.59362456989321,39.571048282025814,63.84499133594925,44.4174149993065,53.789056166979194,21.30267007116223,39.37511299769069,52.32019474147803,51.77204930461302,29.95598830681007,40.0484570771476,48.7669926413616,37.49618657933921,56.48501136170972,55.21186283229365,75.98809824401647,38.492967503044156,45.34760921943802,125.79909019609588,63.28763902651108,49.572787475266665,39.26972144526722,46.31572558254443,44.95087015655026,44.62950827203436,77.35476450466851,80.87336920218105,39.017557389821334,39.80398956865248,77.69255058786791,51.444541961398485,36.020556206054465,104.84884603265826,53.00726871582451,72.56057174165491,47.99549691699936,74.79146150463234,96.17444273119389,40.72473402461422,23.11108172953461,50.12041019748939,55.82871856211844,31.728905937427797,72.6047934201911,98.83822510528526,34.61400888278985,43.68193548405567,47.104807441433884,109.7258300745009
arc_pair_664080,54.971631962965105,46.01746343532364,121.74972757459697,53.30402335926749,53.26035020367156,87.73144673899365,36.818640366324075,38.63295644985335,49.323115326332754,106.60819343158676,66.5888496899256,95.31734736841277,79.85792564394923,45.3875496383662,94.94881350157667,68.07345575868045,50.147675395551715,115.32181748105279,101.66754356561508,131.5873686028991,91.04291444310994,86.17384170777125,120.4759907723735,47.88619388911937,52.20205216741391,101.35060427836822,64.2098345090794,71.16638850975092,102.18673249669949,39.8268316930094,53.61591701378204,105.89071076835475,67.6756991512695,28.36081882408756,56.16076266435026,47.18613478825113,46.518784842560805,57.942748011779656,36.59758007656841,98.08212262904019,34.00246996386651,82.7441592907577,61.177041428642134,57.981451007919794,42.753802307737864,58.81286532045644,74.04606015758304,64.8487213522635,84.9828699022546,56.43952439474777,60.921350630234755,32.18687755143067,0.0,39.456902058328495,73.80551649936017,38.528359584162246,84.11696703063191,45.69234791308147,87.97676852404585,26.93988571247891,76.89031666240908,48.834051207608354,51.883793964809925,144.5199318776704,43.13995932407241,48.455702670817814,58.380664774050025,58.72980760108419,81.34414935536972,99.91325812134909,28.38830921367689,31.904428064809807,233.58088346425575,42.412606788130994,79.72634108740786,39.510651463271216,47.002097980835224,46.449480086444154,61.42396605743117,61.402022334366684,41.482247567750164,32.9069676798469,85.7108547221342,91.55163464305534,58.13132917199335,98.25099365314611,44.40211782321079,34.63138399056612,96.67418529105785,30.077453956483616,48.312235310715025,167.17843441123222,63.62841038525322,64.6271691273634,58.32238553512467,113.47816895652998,71.90486724670052,129.50537167540415,57.63155314646681,69.05788741575327,59.33225408364122,166.90788161110893,44.40360016820572,51.9905127743878,62.14339057607746,64.6201171296372,91.9416392327581,65.60879420931235,88.35641594018765,27.390739389800967,55.62504176625575,54.70427337346431,69.23133715184167,67.87020171560262,60.166485154037375,84.74365915431865,62.58250583808353,74.90203982989178,80.12377390721689,116.57189430079538,53.258860485312326,36.8162499493904,169.8597552266046,93.4226051570459,61.78454465206986,48.66878028307539,74.76813871749471,65.56700756747678,75.98448779160015,103.47957898487738,122.66077349288017,39.696585692823675,51.143624081529545,119.97440694325934,75.75473139988,60.98938399553355,152.69481791547258,81.94965942084633,97.40617027627778,60.43244269502706,95.03601549812744,126.0063078915505,40.37286757515831,36.33459801404723,66.08180265629116,85.92153741074335,35.99054212310215,105.09098441588802,138.02030248272868,46.60898368793694,59.31926193908291,62.75570080187535,140.74668275305936
arc_pair_257072,38.631520341125494,45.2364885588196,139.26294524012812,31.09439533309371,33.57713123834303,60.7679343427508,27.54292036105356,32.89952237409472,50.13706440062917,110.04837345932211,46.94806811868818,65.56567557069133,75.94869886823743,39.713112789833104,71.3522805389122,32.68157505244805,30.42729470444906,124.77514802419583,104.66028233534941,136.36468576566338,83.09666542254772,56.334919856881044,127.60071095245499,28.02221726432741,41.99507708400203,97.63176418487848,47.43065203880626,42.670286284511334,85.84729018791244,29.61065470457622,25.53551194932936,97.43225080060174,46.6353268707163,23.415656174838045,34.10536694764352,42.69060149384437,41.890575743180236,61.8353842045164,36.13086044234025,70.57492918250693,38.4495114720299,51.870445559638824,67.8987041928272,56.4823757353892,23.520018116846416,68.96258786534459,90.05439506365866,39.22964121816899,88.54805229932029,28.88858215660771,40.89569400336876,30.100531316275543,39.456902058328495,0.0,48.980684887127424,33.49442720063688,48.14670439236578,65.23136779006293,77.78037045540121,24.307775690754717,79.19781010568144,22.371746192664027,29.391109160572068,152.15123921899487,42.82163644104797,54.215852861042585,31.776765246818385,56.29319449166471,78.7850474166764,94.78075850772737,32.990252192751925,25.34166401617642,252.51758099658548,29.093097728148962,93.14747803955228,33.25884005799912,40.73110338338067,31.2801831175857,59.97099789814509,46.21787426292653,45.43913983800678,35.023933658910636,63.55505558359158,71.29279844406584,39.18538732612642,103.22665528490025,29.101048708515307,57.163974794428725,96.14759076700788,23.007704740002673,26.55812589474231,155.60295572858416,36.61042457298094,63.14337877620654,50.633069916609315,114.35998314442617,74.37573846370174,122.45144599856322,59.17539962452707,55.4705219457446,50.434720003997555,159.87303346692343,51.76747286197743,49.43716336050814,36.13768427332319,33.915890938525855,77.17272359453139,48.30635541535323,77.0325167926367,19.583986880308228,36.1555747704148,61.32638370662596,46.641422137517516,51.14395111338615,45.635162481815854,81.25359392275989,36.90644498931577,71.22977083095803,80.0468880229153,100.02003786235326,27.098763852163305,44.884419245113534,184.2139840032166,88.92814369580124,41.61735006501212,27.000227062593744,76.51153058216315,45.05889628727396,65.95251700286653,118.13130796024362,119.77802498162407,40.34289485371844,68.19366083303832,118.57490044346943,57.7213641671006,30.321067187935448,146.00245227030516,57.414521735728144,110.7168600111649,72.75960906664041,109.99958875586697,137.81668152812733,46.90527438961492,20.559292502375165,60.21145011162089,88.71788828492825,26.22369069747088,85.51502203274508,134.9283255965284,34.35320401809051,46.324921862014065,40.795595903186516,138.32503387905837
arc_pair_261455,48.82049602140877,70.02295956730767,168.28603061841352,43.962157389982735,44.11358291268445,82.19049537441833,51.34805653071252,56.58927420745165,65.37873107273208,121.45527824690545,62.160546946841244,87.04499192768269,84.89807537495778,57.83402495714604,91.90845101516919,54.789571552816795,36.72392828994069,150.1953202872309,109.90946655732236,146.35168923462115,96.60127572325428,83.78256030407785,137.44433927778118,53.74045012537927,69.69440881645436,104.3450871630886,54.26193142217731,53.52053173260387,97.20445839212499,56.79552883181812,47.824887391877944,116.08419787892855,63.73903486301832,51.04171033595941,38.90571243721674,69.40935933541527,67.50844954541185,89.12494260849427,59.87481252789785,98.94001332217812,68.27416791988315,67.65923649276635,90.01328449340802,59.05699443154918,37.38949676435658,79.82338266932481,113.52925674175683,78.26187047825437,106.49306359347985,44.75630470008346,44.97591825015401,49.45221502203313,73.80551649936017,48.980684887127424,0.0,49.127456716285145,83.71840727664811,88.14751797956808,93.77705521187252,50.24740533280418,92.29164671577948,54.4886988137807,55.934146687370664,155.65263662847107,58.25213739984219,65.52606776208876,37.264129371036006,66.63222215112796,77.22691805500835,103.52853959727933,58.507115977057836,56.31617099101741,268.3846416059946,63.34400989906213,117.20425811201105,63.35350535764478,63.97143227192113,60.26316974913125,77.60448286796702,73.58768538153595,64.83887561964434,59.77972317134049,82.0282184414013,97.66316439781744,68.6524988037077,109.91649480275856,42.389922974451686,74.36681608105911,112.46242793836751,54.93031822868511,45.423026573938074,176.51682808677782,61.37603142755929,90.38095283404618,66.07965533841809,123.41398078227539,75.10706276136574,106.9497207542497,79.3535723126135,85.65396429418067,59.911094103831644,176.4975651295482,76.96837777998199,75.39949838696113,41.24802967805754,50.84230861971024,70.58019253920459,54.47816673157551,88.10717262581142,49.83061965244173,45.016775639370444,91.75140059986943,39.80365102199243,58.85892701027305,60.49533408223181,71.62377146597045,39.81381264447421,90.91473734794974,113.36220918710215,122.1856067781284,43.72995015338762,59.57746867919079,193.3510681101934,104.43650827329594,59.20287532545885,59.44741276576745,94.0371357782279,62.716434721813584,69.21100196737501,132.65576673796727,129.01598171626605,51.37607690751794,96.7853561299885,135.6867448513938,42.95150622429147,41.840042110897954,138.15586288695113,92.97735064210823,127.1259376748495,100.86425712682953,115.33435592295655,141.23473151442295,55.06980527575836,46.38649962996459,89.63019004940983,79.99932838101098,45.790510120717414,121.24044959377336,149.70612772260887,54.64558259799115,56.515019395488196,76.84235504929936,164.16208995927602
arc_pair_547258,24.65984421944984,50.42571121628722,152.20602352072657,33.989255445030736,24.04130943042658,74.48742013536871,32.08043331849408,35.44343234239314,60.829513647520336,119.49865123320126,53.373195253276805,78.56418180867146,82.33447970243168,24.20957584123477,86.52816631914256,40.83727616842707,25.27200757323265,154.06819532064912,114.92333827718888,153.31684045446778,104.48081609030847,85.23489928041445,139.4220850048646,20.562522645715152,54.898322874588736,112.03476761525317,37.36057552795028,38.3340502569809,111.9329579251604,48.21002545737826,35.3754673942025,109.14095655154172,47.147884587142585,27.811106482173763,25.782463013290837,52.296515712432104,52.299204873693846,88.2087299677004,41.58456099902686,89.77321764120758,31.459025200351846,54.59910604644313,79.0976903138493,54.94985417133539,26.499166713854,73.67023824538687,96.62629202876705,63.44505287908585,99.91570522008985,31.384743199126007,23.543730140682726,43.715319242544794,38.528359584162246,33.49442720063688,49.127456716285145,0.0,70.88644114969779,63.99936476064796,85.26050363228705,22.193255104879285,90.67870345697533,30.35848214913367,48.047124331472254,165.57131514448275,54.526109597401444,30.550933713446852,22.70837000061065,59.05248771522706,86.7875043113604,98.63925014700754,43.185821018483736,19.310852280093755,278.7422573037148,32.19333363802629,103.44914891969114,39.13955770108813,55.00513060332948,42.19163280001699,59.066846233647595,57.32792344619688,49.30463823293959,31.99082620930805,91.55621542936424,92.54082818962479,35.933118676779884,120.03978645809649,23.109216509294296,55.50964944942561,110.54176617388953,25.718289399943558,33.911652327628715,169.31127125104626,46.86936423947865,73.87295631534164,44.519804451581464,121.05407950495325,84.4444872565932,126.89452514136678,62.15596975788078,84.80528202586413,38.23749906071738,196.99550135261245,61.34750451223009,47.098947658836735,30.44167754231264,43.82666629944791,69.07467794156344,42.859825873547976,81.31143064787346,32.38242728908308,33.15942097530293,61.9519137678941,33.09190651086046,61.00381590596467,46.30960558411235,81.6401223677894,29.27684521102377,74.07530327862047,100.18459671917797,127.99389700450462,28.033031002316346,41.49661931381571,204.25051102368235,99.9068559632324,41.693470451339856,43.20846362826397,94.19347198400627,66.03384351679243,71.87068641864784,125.6350425196784,137.47026323839088,27.471248878308092,80.84507896397903,159.72866404388049,64.30504157308252,30.495330362588597,157.4829888931097,83.48598839993313,117.60037859815002,81.7199071879388,121.96629569990503,157.15002080645348,34.59212752580754,33.14717851607082,81.4633382467741,89.48707592293661,22.009288005291374,111.64363710934528,153.4813306392923,40.7157315099303,42.313325930541666,60.70163733502668,159.52385861765674
arc_pair_67750,76.91683185510955,62.51913946715685,137.41444925908036,55.42045573437513,46.83404559835729,89.0999032161688,75.96256823870962,55.54361735632851,72.3422089931446,113.05742338124583,70.95711523398194,36.759847170317634,89.44516850336998,76.02367212975513,43.355787633940814,56.92459066186185,79.90645159590105,97.36889019546146,104.49444429507128,123.96503269980394,84.64742401651256,27.242976422820817,118.20943961392645,54.97492886346508,65.67238940869956,95.11007568392283,63.77293696777153,60.02561322449981,86.17971335093895,56.061446239556744,66.14348437276625,77.32322611058899,87.64809670124538,54.789733054838536,54.479582944258645,56.95862596474953,66.39117573367845,79.17921105705625,69.2919111521951,35.1631882868172,76.13461983173354,48.57498623019324,90.41252990724942,88.98358046163197,50.93887118036385,69.2851060436316,90.6740256952155,35.93930797942258,94.553830787003,72.21383162129844,57.756540563423904,52.01551322795808,84.11696703063191,48.14670439236578,83.71840727664811,70.88644114969779,0.0,79.06593584054747,78.5515288631049,57.67118312407283,79.38133365802699,41.103085371769964,48.02749774051307,141.7315247325282,70.68101323601829,83.25752893551189,65.9424854859204,75.67874513439364,80.31407057988511,107.5975322045915,58.09727119515951,56.31876182386921,234.16013017224424,64.79550866508733,105.13511101925828,64.41174961516414,62.318207000847536,63.84474075522269,66.28150205711916,53.783296532212944,70.71013245893322,70.12121364392858,48.17386402311957,52.865993831239415,66.81056011498754,100.31543000606725,67.57509633157173,80.08783189682828,92.7596249816295,63.37004872238613,73.8020110555655,98.09214106214395,52.19135252711055,83.77772375381215,73.43952435804196,97.7796468711116,73.26620361742283,112.8057272364584,71.89758955821812,67.02883154689646,75.35439869958819,130.97651533649525,64.82755791147639,81.22391780495943,45.49532101205219,57.90533484778889,100.64608144331763,68.29317676592446,75.71570226852376,65.9967110351248,72.73679271054692,82.2212087778634,67.24074382870953,55.42438438578043,55.49463365689692,80.98867720203125,61.456582231174195,81.00182117803308,68.58748690772458,64.49280326395498,56.399222536386034,83.43484931537913,165.93457011811688,94.74587114169691,68.87457395688489,62.4190285298179,86.01507099083122,57.46829884426724,91.0218391815544,123.99314774460662,105.64720672237394,69.64953166761535,75.70481839008556,109.86751168675491,76.16729053411532,39.68460673203754,128.32663788158175,22.363877358989804,111.95386968696027,90.53549690668272,115.55609518292982,142.90735147497423,84.44464265486357,51.52915175377552,80.7649566509122,95.52822259403251,64.92628151659554,35.21095856426033,124.01599118371712,61.29235733961437,68.0348662466833,35.475767114600615,99.5222243671719
arc_pair_720681,84.51376945271575,56.68188942839765,65.70631631428401,63.10021189320272,58.82694700675101,101.9633084484827,75.91995292878117,45.05537546748848,52.258505053302365,56.108365912103984,71.04318170340267,75.3599358924202,51.34620996092824,74.91664920223671,78.4702212950052,72.01996874307083,79.31797882300889,87.41856466083125,64.8671406270201,82.69771104257197,60.79496146125863,72.64369868889113,77.08836978214617,62.26005716563422,59.257515959025596,67.86217662775053,66.91278151101335,71.59612933578103,77.76111242384883,52.643354096142694,78.95061932389751,83.74737920355768,77.20049180580168,54.550644200081564,63.57893653889718,46.08622315203358,69.69485910258632,51.33444320597663,48.32463368117054,76.22993366670511,44.386771429665046,71.40636517502,49.06611105323509,67.05321692201832,61.561300889767836,53.22670112623896,51.11231532710748,70.68657753890078,58.511510873961775,70.56233488867268,70.68044673483158,45.9806471584716,45.69234791308147,65.23136779006293,88.14751797956808,63.99936476064796,79.06593584054747,0.0,47.507668557342186,54.23232985927585,48.94616726730224,65.7912215122219,70.09723852910085,93.08453916806491,46.39400549786677,55.1256009098209,81.26315473275429,46.73223700459894,55.82911012189973,74.30917442325344,42.665821451084845,58.08942962344908,154.34472901791435,64.8158007254122,49.42999704295654,61.49729880137217,52.94386555252349,66.8045602673227,44.23623984186643,64.17287128156188,40.544433033544976,56.412779817921475,81.4909144050157,69.78375341208874,68.74888240006952,62.899622677534246,70.27033097852535,35.1517021082546,52.65366253157937,41.94950090661096,64.04919132689389,112.67220662834188,70.57497055448798,61.282469162494124,75.83722396311799,79.82363705495645,52.86934723651845,101.18988906280327,63.34550689680261,60.514713904827,54.95077838943864,105.42556917220685,43.83800220012328,69.6795031739266,69.36357699364264,71.75928876011332,91.36734624751995,70.6418774628193,68.98642634121775,53.920159337614884,84.07438530324575,59.62803149805543,71.75851848727191,52.5813084981736,51.339367957145285,55.73342713320124,71.83687955412063,54.95775124955375,63.54825877165978,90.11847536488554,62.1970285025037,70.60089796895548,97.9295076325308,62.341790692369734,66.47280956045216,64.3278699040024,52.96627701436998,80.37991641512043,70.35378462197627,77.19366411244656,73.1939041485781,48.80244214923427,31.880145625883664,77.72552361699721,84.04986038993738,62.95991115360897,104.01395158761412,74.02303970056752,49.762693000701496,50.306565941801395,61.63406409633354,79.09054658260493,64.62434993138305,54.20092913614735,56.19893564446337,71.29429327953038,58.11977545861328,87.63871039288561,92.86343390008031,56.259345755787834,62.24803563317847,75.39760806876731,96.26499022296764
arc_pair_347280,101.51131866351264,71.77132910130251,63.53150339085702,59.26409864489058,57.921751350961586,104.83063989676975,98.16812127098973,53.90506057457462,52.72850804173917,52.799284401374095,75.87840700684754,67.72915747483472,45.710233749073915,102.66581783960977,62.32859027937589,62.11728554634868,94.10826664190225,90.55223259197807,45.998059933438284,68.79539727020602,50.43327389007382,60.95640612366643,78.76614778519881,67.74042769334028,70.43967345387804,48.7958145597449,61.5422862178966,70.26399220754831,49.638236961211106,47.57000481556051,89.82808965810973,81.46317429896209,95.15597059288896,71.49744969478905,60.295464135783035,44.77648742375651,88.50749348497553,71.25308659674305,57.674104724034535,79.76470460702626,60.339397893409235,54.64678462035807,44.41224106825436,82.15391681637644,68.22136875939363,63.59315095216613,58.01721494389123,73.85956252377103,40.00190764988876,82.66785343785011,73.10110429360094,57.90504899555693,87.97676852404585,77.78037045540121,93.77705521187252,85.26050363228705,78.5515288631049,47.507668557342186,0.0,69.26063026191491,41.810493028372925,66.93244956290934,72.56849126970843,93.65979099103171,47.50634650301591,68.8472566023041,86.12688674918327,41.86481774770563,42.3311470483996,66.59643577465874,59.806712275304214,81.60293132966075,148.83263632145844,91.83441221449168,57.633654517993556,78.17073359079917,59.336243408142714,81.59901550146358,42.10617824481834,66.7007281236512,65.47952065302775,79.26008744761553,78.26709144103097,52.60251624060019,73.40375406224604,47.43233172051314,80.48838881545146,47.930381424377615,36.112490963299805,60.73512909215687,73.97384479751736,85.00088758185649,66.97613246333458,74.02934673552056,80.7979436725671,57.14774367011206,41.35710054541164,81.37135814152637,68.8507238077464,36.639314345769186,61.08942394228493,74.3538321625326,43.196877745375055,80.74731665908456,69.44004589548447,70.51964149999675,90.90747250608885,77.35927418783334,47.866861276248365,78.14434460092805,102.92140730597572,88.9943349017172,63.93573697081575,39.68457401075578,45.04387696039674,49.36205497530439,75.0047193523275,64.97434053768926,61.49474440696337,60.209203769677956,58.01275756862534,102.64729648765775,76.40184921337121,68.45754246973607,76.95576784654634,67.05708536481055,41.719484812318264,101.29710757789704,58.463236132552254,70.01524367920106,53.231691415493785,54.9724065723071,47.22409254159706,54.05850449031654,92.98909030510302,50.442557811905246,71.37016224848497,70.81134746302003,49.45672824710867,57.595814700859776,68.39572295105594,80.77884292116399,92.4659330751397,57.59012630294393,51.22147992807463,58.47834848104955,68.76137615047955,84.66720953720811,70.65274639968479,49.09826257417152,65.9223348043113,96.03700631016045,105.2082517973586
arc_pair_588558,34.86285181617602,36.16250713623226,126.20165498790602,32.849080356516325,24.723493623437466,67.37791725317695,26.24496485149441,26.59725644170684,45.36867578498122,101.01327353239846,49.84464485478094,60.72316363959869,68.6454646361426,33.239594075176754,71.63627308522409,41.43063354986734,25.826526992530965,125.32946361648496,94.53255707448751,131.54178381750154,86.56802106033548,65.22582113451975,115.92150605768074,27.381575642915003,42.563125252083665,87.82974224878288,36.5108034154487,37.59121613712112,91.01121326195084,32.738568864537406,33.26612781043356,93.35850274730839,45.29477250779473,13.613836481939796,33.66584163658136,36.454703014957445,40.43972996785851,64.79512529512755,26.66415749256968,76.97192594697106,24.70624406688909,50.07539080220284,55.012424253361026,46.007303415066346,25.47849504459647,54.78434969243054,72.50285712069936,41.43076267769234,80.29352875348579,35.6688521057369,34.257389366154996,25.58080468322023,26.93988571247891,24.307775690754717,50.24740533280418,22.193255104879285,57.67118312407283,54.23232985927585,69.26063026191491,0.0,71.68037189631809,30.65874852395395,32.69069279700627,144.66658844587903,43.78434917796911,28.196246277299387,30.017153545009265,49.70371656543222,73.90452752897635,93.91487999985043,24.967408165428296,17.283298843440072,241.56708392738062,27.329523669949438,86.20540970554359,33.460190280079296,35.0202815276312,23.349867524253,49.7751158913828,44.412036064472304,37.7216787542403,24.209893851859714,69.47803798867164,68.4083670444542,33.77907940579655,96.75098272258221,21.385986518629515,41.959874964157805,92.82401581352919,24.372413330299203,30.140871049892926,151.74317963001943,40.629837007386996,58.51665117115612,44.12200153054984,99.66228962238819,66.13828428242495,113.80853960025466,55.34417837083965,55.66106929702243,43.203138457379886,164.7562876013653,38.27633179274345,45.93235169355168,32.25279697019195,37.0659090080206,72.8942227702943,49.61665339273765,75.13053054731616,22.468950592540345,31.643984738303416,56.895683899444904,47.15248542799439,51.34797448880342,39.90389047899352,73.34517341039125,37.52932949026827,71.96952249346798,80.57443729243226,106.04262726825513,24.80905267533063,29.349659304357512,173.18784775997887,80.66331552518841,45.40515987010723,38.01824748703781,74.4155675839879,48.196656268859336,63.87739165365987,109.57436083344123,116.73646184588397,21.619950926892642,60.80311743647978,119.04092226033484,56.248161922324584,33.700087693120494,143.8959123683178,66.67289088749214,107.9901808787445,69.36972936513693,101.97882336240725,132.88405455949072,38.524257501420195,25.148212867410077,56.591600555503696,80.4656041677126,20.058227903316734,92.66335212855101,136.04565172096193,30.687627689115008,28.867063600307624,45.135611518963486,135.07917905498923
arc_pair_594469,101.06118474266172,64.70350845268229,58.628304279687995,64.57668721684497,70.88081201120502,105.81643132024384,91.9242500425367,49.24123450434763,45.82788409350009,58.02878856353943,72.72787874500301,65.59136495551624,48.47544782194515,99.0530060425575,80.24855729289314,77.0836531366216,94.69925991798497,72.39079091163717,51.00376080693846,57.28200739234501,37.55370746385174,59.88939100880327,55.46649958533799,80.48713980708735,70.8919159204103,49.085037641930455,69.46039599149215,81.11431094456512,54.305232497200564,55.76764102755205,80.25930510899951,90.86549305901337,99.789442002203,79.13928016828793,67.6485124182432,57.51567498243908,72.53104968731638,67.44798348237629,52.28871694019993,75.90876459127293,65.95151179192358,62.97228487712706,67.47387943157655,84.30598940672026,67.52846921631546,53.61975024947427,66.71922569833018,78.34902734341466,42.626744625039905,85.39358986958175,80.65140942041684,49.302641256049895,76.89031666240908,79.19781010568144,92.29164671577948,90.67870345697533,79.38133365802699,48.94616726730224,41.810493028372925,71.68037189631809,0.0,73.87810704019083,73.6599321689551,74.57324511183292,41.602270289788265,79.20846913776877,91.61534175925124,52.07326924418754,28.50952027152315,64.97870703385654,53.82729817415088,75.190376872376,117.5439713577309,86.21070391965685,59.95041659490165,73.80762672018624,55.167799178369975,83.21876163528708,39.95955473158856,71.67602820696371,63.68282885374454,79.53388416691047,84.04580207642586,60.24021529092846,89.3786071527107,39.16468892806445,86.75661209359858,43.45317059295502,46.23295494907481,59.52817735090525,82.31481875962828,95.3500643347865,64.51006860800865,77.99727942056798,80.16328075013777,57.16186189471685,21.946900353820297,62.9231721831903,64.9106036757017,44.192776639243434,78.54985506065641,59.279252627898366,51.66644677722568,72.63141444796314,81.86567644404428,73.15011303957122,78.00392547726248,82.42389102714691,57.22473404178202,75.98335186609063,98.68699341533852,76.62117269914089,70.1917240851024,46.3843300529236,52.825288350543175,38.485893774008474,75.34267788156919,68.65232640286285,72.75636493172104,65.24176036517918,72.9292938097435,99.34135403199201,64.20977160687237,65.77959021761251,76.56815963345127,72.31140600280892,37.968991841853345,90.80984506671004,49.59999362232466,65.0849375701136,41.987065296946824,63.04238516863708,46.55053664825154,58.10019038978076,85.57103999350845,64.27500646678828,61.688270208028804,67.54806891069128,45.91716218048941,60.70840021518676,41.54292746573746,59.52243602673241,85.54238374366093,64.62055007502353,49.918317184852505,55.68663493563663,75.35156132657659,90.27197776170392,44.68079194425689,52.84516157616605,80.93465878304134,85.84455435742123,95.70108577948884
arc_pair_649403,48.797472644356645,51.387889658126625,131.1684679824895,29.623858855775605,25.20019726743765,59.06672470300151,43.84917219216449,33.75063055933847,52.87545982286312,110.17470135687182,52.85765801394568,59.01330708190255,74.30522748113395,49.492943787692205,60.56524008821025,34.947326641158355,40.8858499786994,112.84377681024337,99.04510290058411,134.65884933926267,86.50701525992855,52.52152175592577,120.71123600136474,25.201030590399633,43.50629920050563,94.5018222966392,43.27367079390483,37.83713928752755,82.45914034651238,30.823811493450503,37.57079045608968,78.6605256934611,53.47675479189524,28.58883989486135,21.791026722589997,32.566763845927774,53.025649625774996,69.60612663791775,42.93227091570912,60.731446870163325,45.554201980166106,37.678250965122736,67.41407247393641,65.48379332132586,23.111015899762684,72.80240269865948,86.44360990953317,36.67645857585639,84.54438251431618,41.18870009400243,34.320386386645495,33.64801119455412,48.834051207608354,22.371746192664027,54.4886988137807,30.35848214913367,41.103085371769964,65.7912215122219,66.93244956290934,30.65874852395395,73.87810704019083,0.0,25.99339963481537,149.65527523477118,36.763600371099244,57.5475268965653,29.334318250234812,55.99695448917273,70.48890935541945,95.55879848670878,34.361274393514755,26.18343720606792,245.68246823478117,28.926286055346917,90.24719596722599,44.163233366853134,51.008000585349976,39.00732543877228,44.63968785482726,44.98783321757335,43.61087649658806,43.210563315053804,54.7046306504173,60.41302798106935,42.61106215855504,96.9579713506997,33.24977540830917,60.39580463817818,86.65859911586534,30.815872886939033,37.5505522481328,131.41195857982183,28.723224031152732,65.4537090201612,43.82920083503619,107.02900168457339,67.4708969791038,114.69069540070018,59.14352504982846,51.11612908711357,50.84218138036459,143.4447434673737,43.79080445780821,50.937165766016975,33.96305397305595,33.2736218410229,82.5302323063161,40.890297531279714,58.89234900942145,35.49382043845905,47.3112739047815,58.41715688823927,37.99106608014606,47.11082816159286,31.944022977429867,73.01386719682048,40.428266326563985,61.718062986914006,69.23593350240066,86.33927926567375,32.10947013419866,60.44241102924797,172.35072610434833,85.07924727250062,39.251106007590856,30.20739701000344,73.28809874271049,59.19745467444504,64.98452886389265,116.29513707801848,114.58794718281551,40.534988621175486,63.559481749199534,112.15370651158878,57.33023575649011,18.292049841289234,131.78142929309018,49.67575506773079,105.61800108464783,66.53274645111634,107.85659002054058,138.0421460066848,46.29983130368316,22.023365348810003,63.815727065394626,80.37572798733072,28.61734651199616,71.49759022919872,113.41607022499213,30.359506694192213,48.3913860412682,40.831472554080406,130.72387852637686
arc_pair_599471,53.32502263288382,55.03860521223507,126.95033413505982,41.305571467715644,32.164497600780216,66.90168755059682,40.723788307243105,37.770239323031305,48.077863709530845,106.52330505751164,44.14623446544279,57.19748916233671,69.6354160359139,64.40164805203182,55.722967953880875,42.488953484575475,49.3035944115034,92.46815651484076,91.18095936532406,130.39971881436625,83.305707247427,42.072463854140935,103.75012819741323,43.645853909649716,50.29152542171964,82.19501588675196,51.41975650773653,36.66228962766454,64.88804272261501,39.758978752470924,50.40001602551314,80.54017106696284,62.56871082265642,32.23286077405071,39.906640791738035,47.851836237705236,55.8457895197379,64.96006878826799,48.36714977944045,56.75301176833595,67.87692347546275,38.631351517398265,69.03878296243178,69.74157201481515,30.964942886490682,56.9920895903398,84.5809126750554,37.25397046402853,76.73921790857199,46.99171392846121,42.47392017845834,26.133651662103794,51.883793964809925,29.391109160572068,55.934146687370664,48.047124331472254,48.02749774051307,70.09723852910085,72.56849126970843,32.69069279700627,73.6599321689551,25.99339963481537,0.0,144.79956273391105,42.27957934010689,60.31273607437159,43.30304811974092,59.81211429793437,69.35012601390426,89.32364839019309,34.96057106955304,33.33644759178106,227.92769467098913,46.00067878887174,91.19222238435668,49.02602038198779,44.692593714719685,41.3308811741655,48.54454972789552,40.312724117800116,49.46591103673819,36.339535086386,45.58138658204912,58.80660266839336,44.60535374919185,93.99948912587118,43.344544651082316,56.53485469493638,87.97931287448236,41.46310554617067,43.30912270895935,127.46755223863585,41.37408215880052,63.0217715204781,49.19012025326782,102.99967150289842,59.211351715327694,108.56754216319271,66.09318270164856,55.86065174390364,61.39295170530694,136.28037030596232,34.3563630168002,49.865517605973885,37.267954253099155,45.589653431626424,74.98517832630239,40.43980981289142,62.848281672261436,32.41268389844657,33.40269354618867,62.31925744215549,51.600693936770554,42.556106552685165,39.76561861146001,65.30166140491474,34.792971166859985,67.81409373926688,71.26822721108643,86.69006003238513,38.56923077643719,58.01357622031553,162.08146458097417,78.8005530929143,57.05431975420263,42.855144577938766,70.88913040301297,53.404662771039,67.21750544401871,112.2013777328127,105.01077605196534,53.95372365226551,57.11253803413755,99.23163073791014,56.78863854001139,31.04814950991937,128.7343112542814,52.53157055373178,104.342536112359,64.97820105806929,100.784833038969,134.3759432029146,49.24307262163498,23.698339999097968,71.00607846353633,75.05379717116259,41.40024198512879,68.36141121570469,116.26078595705744,47.150689044162924,50.01278812755865,48.42723457734148,124.02974105599299
arc_pair_718797,174.0469521858887,120.98177586777139,86.66468061386368,127.91285500095253,133.3185844508211,173.7726612705277,168.10036611165563,127.73441645919478,102.79028476262297,75.86676605710613,127.27130069109019,132.54745836478142,90.37511511556289,168.39487169694485,128.5292830423257,153.63192687450305,176.54851959056703,111.84914521577605,81.56463588957843,64.40813657638124,87.53143936007795,123.15553478458688,78.73570327814133,154.52081488883007,119.05290672446452,78.45916424014135,137.02551664503352,136.9433737693686,100.34671825216647,127.25062139795001,159.14032543606652,150.4213848898782,178.73141399330103,152.51806301171473,142.8513220078404,125.78209787491295,129.61753757598956,104.37802024037435,124.8652684480802,139.65941282244248,127.72362522797202,136.278482551379,122.32616967928391,142.76449104218437,147.1710190697029,85.15693594084802,112.45597882220473,147.20782917108056,85.31782895592647,166.77360319276033,152.05437047965097,115.88146498652826,144.5199318776704,152.15123921899487,155.65263662847107,165.57131514448275,141.7315247325282,93.08453916806491,93.65979099103171,144.66658844587903,74.57324511183292,149.65527523477118,144.79956273391105,0.0,108.2139213610904,138.44521042587746,176.26517220532068,99.65715572889313,72.28517726625786,106.29010153269007,121.00769522419164,161.50393929942751,111.92929253601443,176.6216293964114,86.72019914751522,134.87600908051147,119.74700088722346,160.60689735175964,100.86056172284285,142.07998336411157,116.15170025070685,148.8969453222303,143.42066482357393,120.86552131586342,155.02408878769828,70.34180271040151,165.06569637891238,104.13730455428205,79.8720808794408,131.59439890925535,155.03129777760753,131.63378829514875,142.57219521506127,125.55594121207892,157.0633334329962,91.00994637255954,72.53550796096795,104.0027852090293,109.05780661377563,102.24273755614038,146.537353914385,79.51564120243306,109.1576997695287,140.22529137369474,146.6582307575326,149.89674050139948,136.31266512919413,152.72524892343884,113.26046713525011,146.54398312299563,176.3168258926516,123.80854914929084,134.8223195535012,102.8122201284167,127.46477710941721,85.21887959659372,143.48578478591168,126.48642684911457,117.05793556612608,118.99415338677626,146.0710383284456,155.30281411630102,80.37071000741855,99.45165106679144,138.02543551160898,147.02158871148927,77.43434586303317,143.01035590456175,103.56374099687984,94.86020401391974,70.31610818362732,136.6757698381353,94.31370976735762,86.06775960095783,135.82656054388127,134.603564542972,86.25581388305542,117.62902010611846,68.63875040824064,110.88469773757669,71.52545533863864,86.29947741279534,148.25404338244033,134.95473040137458,107.14831384855154,102.7003868182873,147.96324011877581,131.36041043024952,99.54779978239748,121.90934728618751,135.88958818233172,160.3096515836679,132.59943904546452
arc_pair_695283,69.68206514692358,46.51747903577254,86.9353646688732,38.8806938932005,41.094731634210184,80.54153627859004,55.93132858990851,38.08836651152844,36.197075768746785,79.44159595916207,49.11487303710813,67.40488772446444,44.84500891966379,66.73092626988523,61.7124754095896,51.93736017482048,52.9365159161641,84.41737816227834,63.491627319840276,87.10006066250688,60.86929267649557,56.99828810287279,83.16827495884543,53.73129098259258,45.35905101227996,57.74761251099439,37.71263386612787,51.723651442420206,45.40013633446743,34.04655248321103,49.81039357040789,73.7018552546446,72.62709402745686,42.07068068563029,37.87394032520234,34.20558291521617,54.49326365374271,55.043383616947665,34.62556393956844,70.77833932404043,43.33523429439272,57.369807176644,53.88411647068392,61.06441989107449,34.93999795590871,57.68993997733081,63.68951624715855,57.529646030663194,52.87694243949416,54.24471155168811,51.343175862327854,27.837904319993992,43.13995932407241,42.82163644104797,58.25213739984219,54.526109597401444,70.68101323601829,46.39400549786677,47.50634650301591,43.78434917796911,41.602270289788265,36.763600371099244,42.27957934010689,108.2139213610904,0.0,64.5584593348471,52.491731465316036,36.947374628368976,37.07983608811875,72.43685593765855,32.21417869892056,50.75037668266282,177.66697632908227,56.329535865806974,58.693587659204965,53.904364992200776,40.08914176185765,51.88545384983685,34.914978048333836,52.21481529745547,32.57092528582402,53.29945553522615,52.39329973864429,51.96326995244098,66.77229312613477,55.176400539779706,47.24691224785325,35.028143628492664,54.369186900162234,36.71699589514646,44.04637925804886,109.0867084084709,49.47868282028722,66.91672229222229,49.91876820498797,72.4821313689275,33.67391518497229,76.39073528485274,40.54794786911306,34.5884272774209,50.1078747402272,96.81509165412525,40.1862038701708,64.79027769282143,55.37087255258418,54.09242637178485,71.60099140670334,54.40792185729637,32.767169148198576,35.135584693967274,69.79875356278828,60.46723696717153,51.32134433103856,36.231984915158,36.242960855441645,39.75214036251649,57.35033295979539,64.24157193064588,51.60855245111043,66.87832990766019,44.303582884395986,66.72960506505883,109.46482608682057,76.47040216813818,50.96718645917147,37.82809183422049,41.70374131569035,66.60337124953637,39.76212620360787,77.16353243894736,74.56305447973338,38.00134969837809,41.494941641896375,65.5887784244447,56.611680351651124,39.00556394358418,81.8126528195437,66.0488887999376,61.55268401965539,49.01510238559375,58.55002744063631,93.15630434738429,51.967080114016895,31.394415548560026,47.20416895186487,55.98727898756037,43.959853733002205,80.12301703038639,80.53647305373721,26.83026073314238,51.54435040104081,61.66513757697624,112.24023657151491
arc_pair_516918,51.36470845230207,47.59020435290123,125.0784501257576,48.39277458776614,34.8977428510096,86.11992583614496,40.52374085809445,35.79892876179051,60.545267339551394,98.54217488489935,65.10632987898356,80.2941325475508,72.0575208124209,51.320269218407645,79.59655976942535,56.418858544068044,42.99417642526892,141.4835224376228,93.18564627360793,126.15452655719702,90.82157129872438,87.61851436558798,126.49000573333925,45.21655425318464,66.42236284181669,85.92173475408626,47.518128587825835,49.48528337791511,103.76992076931523,51.41882753614229,54.60273301931602,108.56963188932184,66.0619611646836,35.971650075823455,54.8560669078433,47.8727531495696,52.87500947897607,80.64637601233744,37.39547446680112,101.66120537439444,33.90139699939981,66.9443846087402,66.33245777327252,59.83041660344471,51.56538807275311,60.517184861690474,73.39723588885137,72.90191746187041,75.48869221138281,56.63682039224727,41.461975483424055,48.22118170941236,48.455702670817814,54.215852861042585,65.52606776208876,30.550933713446852,83.25752893551189,55.1256009098209,68.8472566023041,28.196246277299387,79.20846913776877,57.5475268965653,60.31273607437159,138.44521042587746,64.5584593348471,0.0,46.326421667173214,56.872603136182576,80.16834514413739,93.64449502809123,47.17280048274923,42.541771133655764,243.52774467503195,59.17833205276702,89.20535279031216,42.98984202319075,44.82936255954227,49.37717053315859,68.2029926059419,57.308582508287635,54.443843830636425,41.478699738168096,94.9168866741078,87.82478673694006,38.82874392011868,98.40143554962096,42.556836989255814,44.17395674022174,95.31164842687086,43.30987465102069,48.704378007170774,151.24613058380362,64.47946621247881,69.03295729827234,64.84526430410358,107.54756430238635,77.2525708345797,122.07529559243022,69.06749115732194,74.8973006988713,42.21240024803833,178.69401132702976,47.31668318492475,60.49770007473549,49.14979846520171,65.48245310042299,77.91222803366713,64.31900238949508,82.22102532931814,45.69203621071698,46.50185917086149,78.61637498618009,56.097994136411785,50.670237643337174,57.199380248234014,79.53101930692215,49.35178568555294,90.89523979299535,91.14818450256067,118.81476871200726,36.84892895665236,35.17562606946953,173.67681775932223,83.55440872706602,63.0327857855678,60.26597432630835,76.96718553014799,79.98626583410899,76.28251116939435,101.82505428448421,116.79609135825652,28.874648607745797,72.83606299414171,132.0359659925432,74.1989330411346,50.335307335248885,137.65054283387016,89.27954415812735,104.0593580609007,79.41191099046006,106.43166925141003,132.80153683629828,49.721455150657675,49.73336991228936,72.27629194320559,84.99901908616854,44.58366878175172,110.36663181023482,149.53497308141144,49.952727341848636,32.282616824563796,83.20187061090269,144.27426269652221
arc_pair_724174,29.966467180640095,60.0668183670944,162.82562396190087,28.496078507432863,28.938136079195825,62.59744246219968,30.60316340627449,40.683376191734,55.33859557761302,124.50564968786142,54.19242694159902,77.80181029523854,83.68816610816062,37.901097300605755,86.41497979430335,31.64498231496053,14.293427863272424,156.70595313075106,118.41436641604112,159.65934053774566,99.11246818659042,78.47974262093112,150.86096405618548,30.06949529026158,56.636893026854125,111.15274431687548,36.92237423479864,34.33163260361863,105.23958653838834,41.0929006407319,23.02006257351844,106.89060122799248,34.5063048248363,31.673806899121768,22.35683767143764,42.85857532050265,55.31929971974647,89.78281961288678,45.897774676391656,86.4879573742121,52.300870577348135,54.144775396665885,70.21125794661245,55.60376715845965,17.653990116637296,78.8214372098852,105.43055791749649,58.25042029896729,113.51085893792187,28.793794452624653,22.729768296955534,39.50348316115689,58.380664774050025,31.776765246818385,37.264129371036006,22.70837000061065,65.9424854859204,81.26315473275429,86.12688674918327,30.017153545009265,91.61534175925124,29.334318250234812,43.30304811974092,176.26517220532068,52.491731465316036,46.326421667173214,0.0,57.3392745585719,87.35521388015984,106.62942630011702,44.43948592724638,34.48177933388343,287.07947292807177,29.787880884034564,117.7783367760234,45.22003347104789,46.12316060682174,38.394268648415014,69.32328177746203,58.105167151408246,51.46020293194793,37.94330940787985,77.25139645088677,88.2586034550496,54.680900644991056,120.14573084570222,12.686810612249074,65.07733712647581,115.35254920757276,33.58995645858315,31.89870338399185,181.35527522493342,33.187109865482526,79.99719482745664,42.394375216322246,126.25079662594024,87.90669639925504,130.3996297917488,76.79969099569603,75.90670619397633,47.80704286270051,194.70294726477516,59.26021793336955,59.81206371290682,26.011488842237284,33.473817110296864,65.33879902705633,41.21345688418639,78.08580086323269,37.785170037087184,28.88438213647404,79.6293727490006,42.054074162738864,53.63963490288012,42.36999017140576,79.32471986109181,29.635033553705494,75.73291404810371,100.28671248162452,120.37953598405727,25.08097911090853,46.875088347873394,210.87918782855849,98.37211055659478,40.800159703047555,44.89855220725157,95.28335820724593,50.676708661759136,69.00714666046893,127.95157235898563,142.07525603802372,34.21095891299487,87.23880193363681,143.9800787518883,55.751545186755735,25.81292023217859,154.23060165688017,87.7136490510971,130.47572013307837,86.18712524116808,131.3265132306192,154.23805714671062,43.07303832838957,35.90337896640434,79.75873258920284,88.25316007527192,24.067752703443873,119.36508575759771,156.3780243418865,35.44365722406403,44.581806890498484,55.95256170835263,167.3136905339701
arc_pair_260376,60.70872712156424,54.728194390675554,86.71381069264933,43.955273972401145,50.735491743410186,79.81837048245532,59.86750605656031,46.73333531951921,38.894877728203,62.75660428039913,56.13231041955407,76.60291498472245,43.65056743695867,71.76280197560358,78.37169748801868,57.71919254209936,60.27590145009132,107.25534233792891,62.096781763142765,85.47012836118286,57.75185605625023,68.43795448238242,83.84289666248537,52.00871562784819,49.46824425773589,58.57340506802821,50.372639722753554,60.339302439926975,64.32922030432813,41.317868332076074,60.89999150340518,91.96701425892402,66.49853746709533,54.523396107111935,53.07549938624701,46.44219361351114,57.60320709312898,67.06388044108442,46.36660425651774,89.13268933100446,46.72583581417295,66.02689164052893,51.86268707365917,66.90248967342923,46.13570313976675,55.33497934799398,75.16353175788677,68.85835371412026,56.04200422584574,62.05786227409078,55.3521950567969,41.60994443368699,58.72980760108419,56.29319449166471,66.63222215112796,59.05248771522706,75.67874513439364,46.73223700459894,41.86481774770563,49.70371656543222,52.07326924418754,55.99695448917273,59.81211429793437,99.65715572889313,36.947374628368976,56.872603136182576,57.3392745585719,0.0,49.69264901675924,67.54259595534026,43.572048538576055,58.60900471833907,165.78435298158695,61.8626604814977,61.22177017017678,53.20662833988963,45.97427048058659,64.04461447480006,48.30423046526944,72.65129827517026,49.11433062864802,55.37272098190104,81.17190785879603,70.19802753044841,66.70995985848698,59.672982679690335,54.06666565216742,39.97705486280133,54.70434164230048,43.75063966242729,49.92023612708607,131.6962967059971,59.01265590031369,56.33217000562712,64.1795618123307,73.97755686455787,48.77376038197929,77.83447176557766,60.08460758489328,51.10429561911127,63.715512625826186,104.16676720449385,46.588371813194684,62.94489102514175,57.89788753304545,55.83221661812317,71.50742633030461,73.39578606193007,60.562163822252145,54.19407063722058,70.01935795802333,79.0122888654849,58.3295656559475,48.59779247752648,56.42804577266834,51.72901217790053,52.835823758609905,58.396529436596765,77.66305366595117,88.6109706337772,46.43884197249091,70.84554828515638,109.69678727220786,63.53494445134535,62.9954253897678,56.97683993541471,46.308966626862535,75.31982194918375,54.37033982710858,75.32314603398642,70.87099017616302,42.65223402163274,53.553380896088576,79.01872780259879,69.66353264764543,50.849822525434455,93.35514393649686,76.80685713620203,63.017099915236564,47.80480810556625,59.43302132293332,94.30462023563561,62.83883669228891,43.580172184234684,62.52139439352433,65.95115160640096,41.061700382093164,95.39495965618467,97.42418416168371,41.57497052639573,59.65543808485005,82.31025423046728,131.20745109021857
arc_pair_551617,96.87636358801208,67.69209272176197,69.04339810286801,57.089727355230124,63.810508941339876,99.92410071856835,93.4845944738367,57.95341418585501,45.108027290463745,52.8789222587314,61.15571198668866,71.12639051034552,41.08470400581303,97.10023987566196,74.88055423963144,79.37737167483294,90.62844321309296,76.72494295564465,38.19434479546354,54.7113251593903,43.62677191711453,65.16896866673748,49.68736940211382,79.00096824641301,70.78008904663432,40.19342411499229,58.05676569669701,72.23566649439876,52.97234840128787,54.53208201592992,86.77405274874083,85.92401676267912,99.71503460529871,79.38297785442504,56.99000556968674,63.13823161264129,76.10770246542648,67.38416947152817,57.50364219225717,82.62469907423417,68.9748631914021,69.77068483416282,69.73238597553228,80.85876466805931,65.1680392637951,51.46552413012044,70.2403700635718,82.69455136354901,45.12264758394516,88.4797224542229,71.79710320473419,46.511325953725,81.34414935536972,78.7850474166764,77.22691805500835,86.7875043113604,80.31407057988511,55.82911012189973,42.3311470483996,73.90452752897635,28.50952027152315,70.48890935541945,69.35012601390426,72.28517726625786,37.07983608811875,80.16834514413739,87.35521388015984,49.69264901675924,0.0,64.1243106562552,52.69963378999838,84.29895037102949,126.97376845778001,101.08497593876017,65.57145519197184,77.30554032744489,63.73272251814293,88.17406869702688,45.68898605840289,78.7547641761359,58.221272720745105,79.4900296398512,74.67082239583992,60.984509432416104,91.40217069204456,38.33231074215922,87.16920426181512,52.02489941751911,50.31619549669993,70.0622340849739,82.02811941599889,93.81444096761336,67.39226385783202,83.11582304294382,81.67333454019331,56.38991499604823,20.333988773536984,48.40999339178969,59.22537363451226,52.08326556401891,69.44246583917264,63.54110959847138,53.02101401639047,76.73707128970005,68.18090862001374,69.01371391559367,68.84524136431837,82.56735957516838,49.62574068387373,75.78594876044988,93.96504303407112,88.61937912698716,68.72272499412708,40.06572213916448,56.99715411479855,27.837342106343236,64.8197952923945,70.03132460238542,68.16942519484948,66.59694165603763,69.67496972783309,91.32739006419689,70.34143967966402,73.72316688038208,76.57863986064268,71.09236731840846,35.03191407684227,88.10921227429301,49.02876187097689,64.28724539758919,39.0130996570364,64.07031216080576,55.54907797685852,50.164614855363546,75.18462642930389,59.96390409554987,51.949387839583494,67.59037516642223,46.01301348906561,70.47895145389606,43.080564236185666,67.33601126485433,71.90634442796008,62.00096528435113,58.18556041106115,49.238969822339826,75.067179044581,88.34287601736672,53.81275621685978,56.44969454267375,70.04248615879078,90.6766798659087,106.10810503404518
arc_pair_358495,107.53544427513118,90.54007602645572,93.94288522025619,81.72367055298774,85.20687763411127,120.30527067009442,103.67283475472613,70.56886320595882,67.96582249498454,70.32570815684056,74.78786765667694,99.52089541701393,66.24584813706525,112.20399966920522,98.57610794838968,93.54603766602332,105.32219528996369,112.80209375749635,65.01224079662225,66.21604846348158,79.94523798533154,90.22101791615144,79.58765279980763,95.91036116679393,84.96068330869115,66.36153789866353,85.08163024644222,90.02573623979166,75.96230021554025,82.60158468339986,109.78746798552882,92.69703894395164,113.1985067973766,96.1693423773751,89.36068173214002,91.50514066103614,97.78531665897864,99.72800571321756,75.39524432929514,106.8893821272643,89.5686791142127,84.54468633398747,92.13682455938357,99.21560939027268,90.49406862486015,79.4259911000368,91.60431788440687,103.58544621595212,73.279227076051,89.57232525638997,91.22383691620783,72.78983495377156,99.91325812134909,94.78075850772737,103.52853959727933,98.63925014700754,107.5975322045915,74.30917442325344,66.59643577465874,93.91487999985043,64.97870703385654,95.55879848670878,89.32364839019309,106.29010153269007,72.43685593765855,93.64449502809123,106.62942630011702,67.54259595534026,64.1243106562552,0.0,78.38351383563577,95.62234771186078,144.7678671883853,110.94502630578427,75.03787654475282,99.63898924153625,87.09530318224998,101.22719189825932,69.34046071681749,94.75690716472414,79.9290161943322,93.51556344295334,100.98583388699961,102.1021721792639,86.4139442077966,68.44992889559825,105.51174226884574,75.44257112367588,68.63726541165387,85.09943439629981,84.20148136907221,120.39424592324309,95.85526188689626,91.8313819759282,107.04614936777077,88.10498485438612,64.79271605957986,93.93835960085724,74.82037379720197,85.4125221179242,81.13069114915328,96.89515448209275,85.26637755075352,94.60805754566962,95.38292478494843,91.61259713806037,79.23463449014552,99.82969211567152,74.62041164200541,88.74319479234765,105.69758677724548,112.30483355308131,86.07993646192539,63.38644012249418,82.0297729677922,64.26133579959313,80.3184248633533,78.791772457633,92.95462478435493,102.51293732740186,89.15085730819685,113.54159978985484,103.34899663378448,74.99412076386523,99.07765484350921,95.55416293011706,66.64721993171153,118.25079038268453,79.40723718327033,90.92457880435646,72.98922956513623,84.79245236254079,68.63989367331203,88.1500112001289,114.68769138212994,82.65148615766219,86.94183696008619,100.8504749923336,73.04607945016377,81.27629868543478,77.56203145481315,89.6942163636972,102.41001149962968,77.86523430097762,92.13816460648866,82.59104400054724,87.85136350918206,110.65004586283301,95.1119210876081,92.78632349649305,82.55641202964063,119.20214896964737,136.98194194896274
arc_pair_450035,56.21989094578268,39.44440521176354,93.13768306112982,37.87575560321501,38.50129924667,67.74271773941129,34.03971172071501,25.559072725904937,29.795119466129506,83.50702523132725,41.32243613001151,67.88701946957437,52.01562122171456,48.817710330795975,63.729347830997554,48.94115048662455,40.580654126513906,85.49048787075839,71.65595219254911,97.10147288442286,71.99776134629815,57.95749405744887,90.48622945197566,42.83473018568267,41.34717592858618,64.16826491199535,46.781202213027015,53.51524779056116,71.43204143651263,28.101056803034567,45.30826915602378,76.00728601487484,50.961780953747805,33.000103857005584,41.273188710124806,34.78858251653995,37.96591630897729,44.753404138771806,32.298660987589265,70.18698038849868,35.51268635128782,50.62120302946238,40.30983303613475,51.44853891242895,35.870981896707285,46.17100415608884,56.5578945941469,42.30543569846843,63.31387712562466,40.41690405930224,44.81997445212245,13.88428879786062,28.38830921367689,32.990252192751925,58.507115977057836,43.185821018483736,58.09727119515951,42.665821451084845,59.806712275304214,24.967408165428296,53.82729817415088,34.361274393514755,34.96057106955304,121.00769522419164,32.21417869892056,47.17280048274923,44.43948592724638,43.572048538576055,52.69963378999838,78.38351383563577,0.0,32.23188602801444,191.37139826091848,37.761898215148925,62.130848743395006,37.0103429304798,35.3940802903877,37.90963069709737,44.5017359294027,51.19038065804065,19.40009496134728,29.938095047689387,49.908386871151485,63.06979683942362,39.29444444626714,65.47857257983489,38.653172920421504,31.413587657770634,65.85329712273233,29.03278131126602,39.39986119488171,125.06062441381397,43.42699372739865,54.72659550233753,53.741267040823026,82.88505815746439,49.055170582406944,94.89689187069118,43.57934139599682,46.60123164841113,45.04336406970302,117.00282430896911,33.520690949011346,49.11431883887617,43.468935464050844,42.80349306657571,72.97504199304115,52.63703077581452,55.00045773324885,25.438516923462654,47.44853503438193,49.14981954554301,57.43129150332648,38.730613221514105,43.24813114812445,60.17086512490255,48.01344332347891,58.84945299650061,55.07213112205484,77.72070575347803,41.36503805098281,45.50294116944694,127.24743453890507,64.8891996693593,57.78329633723345,34.50325932511957,47.60829955664363,53.372294950882946,54.707020260758085,78.69881081026062,87.6921045982094,34.22121354998745,35.47409683974459,82.2230748073177,58.26834139055987,42.1636799679351,116.34623972756512,55.20683713615158,72.895668012144,44.86947279911769,75.69991050641374,95.53150460193471,34.89214108253273,21.724948258695836,44.97136306622153,62.99899291743102,31.3758415454906,69.52360887572107,100.72927765757639,38.11933629705696,42.876404354980444,56.01186747163302,116.1900893949933
arc_pair_64470,34.98818694371922,53.286356718621946,135.37731025278532,38.995885430033496,30.218155838518467,74.20137367543758,33.28290783899426,32.82206407505295,54.69581120730855,112.92200144768678,50.852436296167824,63.364100170366115,78.97906993352358,33.15577846510089,80.06226489811459,46.1846996006299,36.1061131801371,126.16904696208836,107.1983499815311,146.8796805097915,98.81157843020205,70.25237657292125,116.21324471187353,26.995643935738414,52.41430357297965,107.80137267063424,43.19651946551795,44.64555390129699,99.72146643143819,42.81324273273841,36.70387630498737,100.85184982506055,47.907640249288946,27.47770595965928,31.117631153933644,49.178358578268195,51.59642748848238,76.5619592589631,38.3053087105864,71.15384279656084,39.13801297866324,47.63852252323498,73.47518613951092,58.91936878415423,28.870875139423205,68.79224563969973,94.3312746120775,42.972217558129216,92.39556922952247,37.15521423757338,35.23904838112611,32.4706296867638,31.904428064809807,25.34166401617642,56.31617099101741,19.310852280093755,56.31876182386921,58.08942962344908,81.60293132966075,17.283298843440072,75.190376872376,26.18343720606792,33.33644759178106,161.50393929942751,50.75037668266282,42.541771133655764,34.48177933388343,58.60900471833907,84.29895037102949,95.62234771186078,32.23188602801444,0.0,251.47865738153743,18.377986667145976,97.49883163856094,40.68987629469625,50.334798190904465,31.359347124151178,43.031925328901345,51.719690796348246,43.545748536230164,23.724313928834853,77.09301640542897,77.56364078406449,36.554104283856844,112.19697835809362,33.0457265009389,50.310082977274575,96.88752286450935,26.677068211893882,37.506756982865205,159.16614500319116,37.46860209111087,64.34459926766702,51.248854637406694,116.26486354866967,72.9337540808794,120.32384074704333,65.3850784583682,70.27261843831215,52.58512288762115,171.4298835193619,54.269539588727575,44.06185143255214,37.05267822186943,37.92412621945225,75.83036475330867,41.42215979116789,85.528650065697,28.261416681482437,32.11416938928606,49.415930229113144,44.87916327543755,62.832671421629456,41.96728441319965,80.00103175974584,35.4198892608373,58.83838115985171,94.81546019911633,117.43238734903743,36.47339278633438,49.805964344789466,181.45092563853535,87.41842910453438,53.1321207137581,46.120875410249894,87.59805203282738,57.74009353782263,71.04018593366075,123.04273459773464,126.31328069245319,31.78543512378369,62.6943124275461,138.34794153039957,64.27520742525766,33.76022601940001,156.86084863034438,63.006209254875806,113.18795533612884,68.81646872932123,112.96658028333516,144.10283522324988,38.27565795976987,31.66008786675516,73.74663422038674,90.13757359471992,22.333483461941476,95.29716610956218,131.10683406142942,40.49434485068815,52.078628664124786,41.05603748119397,139.57128974036016
arc_pair_665109,289.5573312991143,214.25919269660216,90.37842642436632,234.75258890923544,240.6520741160693,252.4360451229389,274.3479745286379,207.18761079232175,159.10633952907511,115.53327248032757,199.51258547654334,207.79005759503895,126.08544776754417,278.1981058901556,210.33613103679983,249.7472641920861,282.5243196897286,138.75357125205664,118.67568411837271,94.10481646025515,141.4515943464068,198.8388705567252,79.88571589847052,260.5163452959797,210.11146581760715,126.6625757812478,229.52492588867227,239.22041835805507,150.48916188446225,212.38284909521613,271.49462470343303,201.82285297222148,256.52022119707067,254.2271850779723,245.37812156713056,205.11074430157853,223.80600660100652,185.4623749887776,206.87693293403657,213.2518335605719,220.7469722239765,221.07256158408867,183.4982591776853,236.6638373142234,246.75804010822105,166.69067238960042,171.33932127749975,230.74501168599176,132.59289760745963,261.77280918111,256.8241951365801,190.19280236937078,233.58088346425575,252.51758099658548,268.3846416059946,278.7422573037148,234.16013017224424,154.34472901791435,148.83263632145844,241.56708392738062,117.5439713577309,245.68246823478117,227.92769467098913,111.92929253601443,177.66697632908227,243.52774467503195,287.07947292807177,165.78435298158695,126.97376845778001,144.7678671883853,191.37139826091848,251.47865738153743,0.0,263.4949559817933,129.98771426598563,230.2322349109789,206.42354932230674,253.27947390746203,158.24805299064172,228.51830681120185,186.20557973411312,238.8319485646421,216.90151100879672,178.9872580743899,249.2370173863229,107.09061255611358,276.08898040443927,173.11972128079037,125.18588035180248,225.6368671959951,252.39150687937223,169.09000917331701,232.07043094428565,201.65324357653952,249.87138670303557,143.65145194881921,126.52107938598473,142.39352094255696,199.3918363238153,173.95939317374592,234.64803980110872,85.1539086588375,184.28155273998874,231.70484110673743,259.6695046156092,243.28374316983724,213.55863493023884,249.3320216403154,175.96566246385345,236.98473560147903,277.196633773628,208.48990886988886,242.62444394131643,175.9405932785207,210.1468059569213,139.1586235727938,243.43750673150362,187.36700303584433,171.865689889118,170.69853356554557,252.89342706010865,281.14479115581884,66.63876322110693,151.49590875402862,242.50758750228914,234.6598066694079,122.5025332016084,249.45189028177376,185.8561812917854,141.2431814566914,105.20210187281259,229.79524170827625,138.39085637081288,110.60315074582087,235.83434954326228,241.9641401625139,130.68715559571865,196.9367562435523,104.09861301065553,162.00156538068924,94.81406891698916,99.4542174705693,235.1204060614855,224.7163331887134,174.42408103519872,160.18898651529656,245.3360675770488,202.3202881041601,108.14778097397989,213.3601774800119,238.88887655580135,249.1411693320965,174.46944410825807
arc_pair_726873,45.79056971443124,66.0233769199466,146.0313964056844,44.608482685735126,45.279929553179514,73.38525143453464,36.68043448856018,35.980881864849515,60.26698487130119,124.23624069132859,63.649090844141966,82.79309007915123,90.11550200439875,45.056822849113175,98.94495153812827,46.567738210809466,34.626974263967746,140.46003718799233,128.79456362226693,161.7673957148163,108.29702016714512,81.82020773761386,139.64451547303753,34.8631885465984,57.58682037211824,122.22490730188258,56.53412204376466,57.03209979189659,111.28479787639407,46.05123784298715,35.997826629489495,110.77742790192383,39.18624484524013,32.7123148783208,40.68990536490805,44.20079259194349,59.49651072969634,89.91595597301995,47.81977980066803,83.19918453009052,52.84662748304713,62.94049550108166,70.81787284339532,66.84918137660145,31.4193698694549,84.00650439612855,106.87017979067275,47.79326648545606,111.26551662444339,40.3906286228781,46.03261806322915,42.49962012518115,42.412606788130994,29.093097728148962,63.34400989906213,32.19333363802629,64.79550866508733,64.8158007254122,91.83441221449168,27.329523669949438,86.21070391965685,28.926286055346917,46.00067878887174,176.6216293964114,56.329535865806974,59.17833205276702,29.787880884034564,61.8626604814977,101.08497593876017,110.94502630578427,37.761898215148925,18.377986667145976,263.4949559817933,0.0,108.1023699216612,45.93268882860058,53.933539321943364,38.98475873952229,63.10960668210091,65.09589362751662,48.316714248326775,30.372790395797026,82.9439568581608,88.22822339847417,54.411193946211384,123.32874878610325,30.128007905056258,63.33963378063907,107.20031761435885,31.21677017521298,36.898558413046146,183.27076353469934,34.82751732473533,70.36987100332827,55.26837891626202,133.84984507904264,92.44316119331958,142.70892469912317,81.41650304810065,75.32794655287609,65.17606281502178,181.54839451383248,58.176704562206226,59.76847278665571,49.33826696459688,41.10568850338414,86.66318387177267,50.4393744609173,91.90144080754358,36.89716631550175,41.655750602677216,57.738843138397485,59.32102005608253,71.3026025893881,51.31519069889524,97.19299643793896,49.70434690852673,60.71375454067002,100.36879517865847,128.09542750837505,41.59180760659312,59.16781421573331,199.5099319916275,87.27159805874459,52.867111614076606,49.248076392850514,100.27122314025738,59.129713879176364,82.94717908731963,132.83930719821592,147.0090584286267,43.9552606161638,68.72296225044701,144.59041438687933,71.97861265334255,43.643076907317095,170.11640776088885,82.71369257218842,129.54778834071288,67.68295675000891,127.42719877018544,149.6675514375692,51.106921210199616,39.86821889665759,81.40733157740186,98.75292973978492,22.426665528534627,112.96647549072739,141.33108607375402,40.62921439001278,64.04843875450784,41.991413424211245,163.6633630550184
arc_pair_461800,124.70129415773054,68.54109776207768,65.54981431627785,81.02062980351673,87.07856403277347,110.79534361150229,103.46902837394103,69.31733207242513,63.94370695948319,69.63032449143898,88.28000554570109,94.93755495828835,60.48772662779814,111.22879478240506,82.79758293263276,97.99108506977878,115.10985070802545,85.16703621338225,66.75340591796115,70.99173526608226,73.24761952188342,84.18970780017486,79.18476506234931,99.04245590601826,70.25209235581511,70.60308144191032,96.29487103636171,100.64322623547184,78.2527779270353,69.84967644817802,112.455288546249,104.55442831271287,114.52334241162599,82.70811216072465,95.89894670047826,69.48523559793395,88.23140144270926,67.40835291878503,79.15554315978727,94.239987299613,70.15774189754683,92.17323972435624,62.72932124353612,93.51784723086044,91.99532311866739,67.86798644310133,68.77649171761064,95.24377919725387,54.819751445153216,99.18187874798082,99.83174720827245,62.135003940173064,79.72634108740786,93.14747803955228,117.20425811201105,103.44914891969114,105.13511101925828,49.42999704295654,57.633654517993556,86.20540970554359,59.95041659490165,90.24719596722599,91.19222238435668,86.72019914751522,58.693587659204965,89.20535279031216,117.7783367760234,61.22177017017678,65.57145519197184,75.03787654475282,62.130848743395006,97.49883163856094,129.98771426598563,108.1023699216612,0.0,85.94920978023085,74.97026105406292,100.4018458951393,60.83082543593335,83.99174851459986,63.01860688089501,93.40844633444327,92.81746381367489,87.57996879887324,90.11769297724818,55.97204683396914,99.77520749681082,55.64576360121595,63.20767307807484,71.17461997693914,99.66660693119752,119.07741378215914,105.14654798632604,81.41324549035846,91.20454360867657,88.65923271317996,57.00667730113464,103.43614329890416,66.37413788495212,63.681046587692215,86.7838003669493,92.35489059440852,65.78336574353426,92.24348848129043,102.40779118723778,103.57577995886639,119.1834139719982,105.14054239308278,73.77831741802426,74.5619362105629,117.82224096564713,87.09463612915775,94.3284831899046,67.13644084226775,77.07833198779615,68.59543211202657,100.93568812307498,83.30359535330192,68.22534121891637,88.82413053313039,93.2634412763939,106.64888850230341,85.69746312547994,71.42837541793466,99.36184165192681,88.19336708921136,47.454712469342034,113.70491622126914,78.50557897217003,89.11161568872772,63.33022944855928,80.19964764268326,46.31873429979166,74.58097489749332,113.56570690111923,88.67060687049063,87.44363123832078,93.8408223992264,52.13072672906206,66.7804554229547,58.28913329468037,81.21780545109468,97.05985045810219,66.1162040937356,70.46388271076992,75.68337749662548,89.87755710810045,94.11779472779432,94.81686191509954,73.32286966763436,81.70286941767256,112.01515327588424,110.70015896149219
arc_pair_156269,51.82038631152459,36.18279490581603,126.08045546935764,40.82624156654445,49.928661681637166,67.84439962845207,27.667266334096205,35.57187149244734,40.566105591880486,105.15974127353692,61.44758004613653,72.61147065274858,77.75634489204691,36.78739182767248,84.43290333319008,45.81531430665405,42.089219799090564,130.47129405612696,103.45739624733132,119.96680365007452,79.4397695264787,72.0259486728571,124.39031743646743,41.24355148640977,49.769057015468384,97.62085517814548,61.305013505052315,56.33662650604259,97.75975595625795,37.20959958530328,35.61156499775325,116.92273931709639,56.78157144182495,35.16718840355162,55.22891575958111,50.52430490823977,16.473298643601403,67.99779132470707,40.11301986287315,87.49535138528961,40.075085456423125,68.0047962881863,67.03386770364928,64.38273649947001,36.78246610517169,66.76759294878102,84.58678554768191,57.37152835254982,78.92588997914271,49.954523504082005,48.62407981438521,36.80521573736964,39.510651463271216,33.25884005799912,63.35350535764478,39.13955770108813,64.41174961516414,61.49729880137217,78.17073359079917,33.460190280079296,73.80762672018624,44.163233366853134,49.02602038198779,134.87600908051147,53.904364992200776,42.98984202319075,45.22003347104789,53.20662833988963,77.30554032744489,99.63898924153625,37.0103429304798,40.68987629469625,230.2322349109789,45.93268882860058,85.94920978023085,0.0,38.8920674595809,53.84731373560145,70.11222666231953,58.739113649235144,54.53144360873598,38.30103103634481,87.0774094637675,78.94320690894716,49.980347534695255,100.06138705331483,38.36840593873505,47.69129532661481,95.4065519635013,29.671267079181163,41.34578505472225,171.406123548518,48.52617395538202,62.53827182607006,63.01711206454845,106.60125066394586,73.53757501716342,109.34884302689719,60.79729386868286,64.5569845258834,62.71595221627346,159.45466543240127,50.35941556314806,51.65980443966053,52.83596865895705,56.89854702029097,83.0801222479209,64.6948527549666,88.7481174228873,39.150360675946175,53.42569172064228,72.18428388523581,56.04764244494446,54.72124069030357,61.82555913320363,80.18561578530498,48.16535166964009,83.03937775267653,80.5574644485725,99.91464836936447,39.73516617527131,43.09568811283045,169.1630039630925,83.98390096379913,54.3953281590925,36.25645715648237,70.51517691708106,47.690521121961524,73.01750081903725,95.13897838433576,115.11838726744492,45.14208894872169,70.70909916951395,124.71107519996117,62.94115771202293,46.85853746252521,145.88133544772364,70.98380094018673,96.90519837457802,64.03052091675252,98.95231636487594,126.82458386402135,47.73253835942299,33.51432362535544,65.80839238211288,82.38302576968057,35.75110562899314,97.60855276335283,138.65899794536824,35.62551802377401,59.368960761798576,52.77655461904156,148.6356405762429
arc_pair_269928,61.920117203196966,46.12425789711364,99.76887628116624,38.52829504964955,46.404545866298385,79.5265089602601,39.011002514066,38.48034428149455,39.38938165401402,81.55079092635623,60.058592438187844,59.9035266232288,62.79507085886796,66.16531216716584,70.04453270237794,44.499169291728606,41.41462413667627,110.52790716031859,71.81534181615267,97.91765982403817,61.01695473533701,56.499117329487945,107.34634608872406,51.492951412511154,48.495825141057885,64.79062304241025,44.00069146928018,51.017002329511214,67.73477148888813,26.7064973249,35.19795735569356,97.25973733125748,58.66306738981856,39.267990867129626,52.02132623483609,32.628289609924536,53.055240435626814,54.43683249402429,33.5706973769115,75.55824255276434,41.08244140132345,49.37359239727552,41.68381541643461,48.214902398316234,38.66497105206817,54.27121042198725,57.99654343455461,54.52656077772427,64.67668756995809,53.65358460043461,46.66505436775058,30.628636062593635,47.002097980835224,40.73110338338067,63.97143227192113,55.00513060332948,62.318207000847536,52.94386555252349,59.336243408142714,35.0202815276312,55.167799178369975,51.008000585349976,44.692593714719685,119.74700088722346,40.08914176185765,44.82936255954227,46.12316060682174,45.97427048058659,63.73272251814293,87.09530318224998,35.3940802903877,50.334798190904465,206.42354932230674,53.933539321943364,74.97026105406292,38.8920674595809,0.0,49.659881039684976,51.80386853307917,49.58562747725007,44.48247783741219,44.19533026942194,69.59022862382082,61.62410197187905,57.221535287503926,72.96397855538748,37.59713136135638,36.36473522437119,70.50088732372649,28.924614968434344,43.60754254230367,137.1116740392245,40.76482188948551,58.93083997857461,56.75170114832892,92.8338613187995,58.06365927583683,106.67242639438949,62.686301056065524,42.80150449172068,60.36461887418545,130.7294255715829,34.32244924618235,55.2376874353415,48.08512566047189,49.10477921225244,74.10285693995499,56.831982329723964,63.81746151740891,41.563639942818256,59.09009729045754,66.39956185440951,58.1433958572124,38.60407218939351,44.687469634129386,68.78072364059422,53.30405422203394,74.53068813112367,63.20878176021533,81.40744902618955,35.841788633379636,50.57095947780513,141.3002151057876,62.59926016470537,54.50851855892889,40.058700401883655,63.586056549568035,49.17667878058787,62.551280332119475,74.03396144656028,91.73486402957116,37.87067920744224,56.64100109121766,89.05330444793067,59.36178439377576,42.02531485097619,113.6366931854198,71.46574831535006,80.374879151165,55.97823948527255,83.78053137946948,101.67785408681638,58.71469777487822,42.775015025075334,47.349867305664134,66.58547741185458,40.73867490587781,90.9369114263886,115.4189250883555,31.223429093244786,52.96852751556216,66.83749137092498,121.46847396757398
arc_pair_242245,58.34114932919974,46.4226896016086,139.4734546882242,45.93328330923721,29.401983714172623,80.19169847749265,49.041030552094476,39.95466755919912,61.84450287548232,121.55182823228363,57.46082703216774,62.80768881941754,82.12417056098255,52.78571063181098,63.24046137992741,35.92251000438,40.311071344856686,119.0215032535761,106.43744252825132,151.9016444377705,96.46479929276626,66.19127859806245,135.83469423543536,35.952081304745036,48.19448587636079,94.29072742391955,50.44929479493141,38.00870795063444,93.70936272832236,39.89602947185563,36.77067613392707,73.03285211328291,57.57900698495229,25.598581678371715,46.88566931546683,37.694131772165264,54.50690348710725,67.13985136460937,41.34354574979629,70.97409721413624,41.28171574090348,57.43402485370598,59.90639740471843,64.35331525351839,38.36366082126724,69.97357911195078,67.13382092241592,33.68056747969195,95.53619629714137,44.074088957306344,57.289513335343145,40.27147377685951,46.449480086444154,31.2801831175857,60.26316974913125,42.19163280001699,63.84474075522269,66.8045602673227,81.59901550146358,23.349867524253,83.21876163528708,39.00732543877228,41.3308811741655,160.60689735175964,51.88545384983685,49.37717053315859,38.394268648415014,64.04461447480006,88.17406869702688,101.22719189825932,37.90963069709737,31.359347124151178,253.27947390746203,38.98475873952229,100.4018458951393,53.84731373560145,49.659881039684976,0.0,56.1656741332755,38.43765194316539,49.54200378329466,45.044906143007786,56.481186790751295,62.43244999528129,42.62271673241103,103.93540226758368,36.533432969231065,62.34194121151896,102.37331301574976,42.623679723241985,42.51831552546142,145.3656993914302,51.75148333192284,77.18016087893521,54.51250439538062,108.5446181905713,78.26331048352185,130.32728658393862,72.51313807333949,55.10729801769544,43.73665781663385,167.9413714538503,50.69218071041725,71.42969645571162,51.22786453690075,39.69202216347145,97.11289946695679,52.85459482788856,67.52505043495796,34.306042575746844,41.8408875362817,66.08731999589057,65.71892664336389,60.75267140634526,40.24968511236334,79.82936302031783,55.49889777764764,91.6458293285568,74.21289859235007,99.69721334271244,30.309086110868236,47.46804662542345,184.3623116704689,92.71731466464448,41.62332537481821,45.58345288064656,83.37270992161666,51.10309387429326,81.8211775418277,128.3094078699928,127.07182845447167,37.569543068120055,63.608817345851435,112.20497182021249,64.9490494619531,45.32085933799111,145.36168705337656,67.0107503808383,120.36769263557262,84.84664780472087,121.30507260988861,141.48207015386683,57.11803276691076,39.25847995204819,50.155657346177414,95.53701469107949,40.43056439894336,87.54263362416647,143.44270040991555,50.220214685719064,33.16903489730049,47.337507968050446,116.26549704363114
arc_pair_384979,75.54592075031448,61.32335651681398,71.65504413661752,45.51893271282886,41.414363296140564,93.90500454242166,82.3799945899096,47.92910697037294,48.323443497371656,64.20072141972723,58.70393587246581,50.643818552454924,50.176283319348286,75.26366220595165,63.35251366712541,59.25903755114621,76.28733516627231,84.59453479532468,50.171506942212716,87.87876994301156,64.01702758805848,60.26054556903136,63.836970025963396,52.30476192369255,59.89297000895175,59.232980118786976,43.73298793138024,47.60853462857608,57.32231973427796,46.91537786967416,67.39876656085698,71.0953946156734,86.06234335445171,61.16582826106492,41.14984824375695,44.96471175504758,73.61182941015596,66.08268947968841,50.481562433685774,61.20260473653311,47.055063193544335,35.51714918726113,61.26461236906539,78.72673121269027,51.280326787253266,51.584457455180015,59.25572171929465,59.31738206409173,51.59817189283588,63.467882948584986,56.629028498423295,43.300408567370255,61.42396605743117,59.97099789814509,77.60448286796702,59.066846233647595,66.28150205711916,44.23623984186643,42.10617824481834,49.7751158913828,39.95955473158856,44.63968785482726,48.54454972789552,100.86056172284285,34.914978048333836,68.2029926059419,69.32328177746203,48.30423046526944,45.68898605840289,69.34046071681749,44.5017359294027,43.031925328901345,158.24805299064172,63.10960668210091,60.83082543593335,70.11222666231953,51.80386853307917,56.1656741332755,0.0,59.86326288262779,44.408679163365576,58.48302639876298,63.33931017848174,54.5372960675323,59.883181461730615,61.31831299507188,66.78826181542932,45.093507114754985,44.36035437837308,45.69450752370096,62.946021674997134,94.09871623313133,51.789198295264015,74.867177903618,64.36449985153897,65.51663326201194,34.745356347733846,76.79902149271004,57.392384731875495,41.921884243521006,54.97800259637553,84.99623254519352,51.59938788777994,60.838192770459614,57.718103632597554,53.96919905058809,80.11447443470252,56.030392132916866,49.30905206446141,57.604222147197675,71.1890987484787,60.35033736878634,51.14382147411745,50.870521927215535,33.39123236930382,41.23751213184504,51.293329012460305,52.83450660815474,66.65664622884576,73.38354161093588,51.31309679476418,87.99714842712683,96.97615184514106,70.5021815684915,59.91963963598583,58.094434261113534,52.784667354857085,73.3562338740693,57.384284478952765,88.15012810635942,60.442564754942026,43.76630165655097,47.7690124558835,73.65412960243262,67.30521501712352,39.261759395912065,91.92438026752174,56.25654736707899,58.784736762945144,54.4613589052549,61.390200407047516,92.06243250482575,61.46815095808236,48.72587215530569,52.27149429745431,67.49250590374702,54.138358260055654,73.27408636670924,68.33221374016098,44.34139322618048,56.78898844026273,72.34877243722445,86.51572178582958
arc_pair_51712,73.96236247375991,44.90585084697872,125.2696986720673,52.98861404339007,39.849434616084665,89.09860229632125,66.29521002649739,43.05767366547228,66.05123052550096,115.62414821556277,67.45020798679477,37.56507339907709,80.80975359536997,72.09869646122911,44.51170041763646,41.1251826753287,67.12206177837001,85.32226780524597,100.23317773179289,133.06492736942377,82.96971402109094,39.60439506936596,118.20281467675989,52.930203949812835,57.51840406436756,92.97234900958881,60.4513041364415,43.55550059814207,66.12616398053342,44.1594912313159,59.0481682742585,60.325477127786066,85.18547328340654,39.22356999451288,54.51853338902343,45.915804049347145,66.45400235135891,66.92690407641706,55.63065992577904,44.062995856136034,55.44723104282318,48.65733025021711,63.33013967039345,68.04007876557787,47.25307097355713,70.24515843733843,69.76216814241735,36.99373734629363,77.35857857205198,59.183913164872585,62.526478456319126,47.48891779595138,61.402022334366684,46.21787426292653,73.58768538153595,57.32792344619688,53.783296532212944,64.17287128156188,66.7007281236512,44.412036064472304,71.67602820696371,44.98783321757335,40.312724117800116,142.07998336411157,52.21481529745547,57.308582508287635,58.105167151408246,72.65129827517026,78.7547641761359,94.75690716472414,51.19038065804065,51.719690796348246,228.51830681120185,65.09589362751662,83.99174851459986,58.739113649235144,49.58562747725007,38.43765194316539,59.86326288262779,0.0,63.1269159932273,61.79504786013168,43.54635479492396,42.91487667333695,56.078681514064236,90.72429209871541,53.67096477593553,60.32225174748762,94.57421744035886,49.22413182049429,62.99260211505964,98.9979732639286,59.25967017147521,79.93697278262681,51.130825032016716,93.37574577795343,68.85575915019055,115.8011341878765,66.2038694813179,45.96649803685705,47.31092702619165,139.26676600744287,44.24379659706642,72.490458884583,56.571498820206145,58.13095177623711,104.08992852590998,46.04108830487966,60.64585886666684,46.53786260452524,62.19386898946949,63.25006422008559,60.19053368691276,48.2788846672187,33.07502360371971,70.34463657511924,66.55892023308846,90.21466766267092,53.56040575772022,56.457584633785096,43.23395145906683,64.92198034755748,159.3351079204372,92.72497011677459,55.85959200151399,50.55260269551284,76.20171446106711,67.69891803214081,83.05214157183883,124.00277177764887,102.62660122456717,52.09113797834839,54.57403516207573,102.84499707356326,79.22899005471217,44.17184036273861,117.5735294508953,53.29916816107441,101.71833989441451,76.77725396358099,114.06260034111376,134.66450864167587,73.68099798477658,39.38352866248519,51.063368383892865,74.52224803640672,60.69301797944433,57.62662081555105,121.3835807568969,53.291988893890306,42.103843876773155,47.75379751293703,88.94221074796106
arc_pair_595373,65.42766879974721,47.52808288266086,87.47915772564176,41.56883888449065,43.919218562196114,73.29829131192635,51.648777703910106,38.91419133668834,33.627540410066395,75.69937699826264,43.765403558609464,76.60189692456767,47.646001146377415,56.97205939344474,71.47857187490328,62.78865781918974,45.16965747365529,99.82381864724053,63.07332070082757,97.8951177675609,78.5019291827206,72.02007803493524,91.38808789520465,53.96953338711785,51.08328647077184,60.89211748748231,46.474546536793525,50.241676379271794,78.3210726962255,41.266961894736625,54.29487407138625,80.75505856419716,57.0965428324087,43.50951224032613,47.11232845489958,40.4464324254377,53.34416649740344,43.811576914448544,42.436169668340554,78.90536248851825,40.19681746287685,58.74370056164133,45.59201020273431,54.137869186280255,46.56088028823528,55.763605127862284,54.64373661178169,57.52126072274113,69.16062628480726,46.067827659944854,50.1139996960439,28.148381148838073,41.482247567750164,45.43913983800678,64.83887561964434,49.30463823293959,70.71013245893322,40.544433033544976,65.47952065302775,37.7216787542403,63.68282885374454,43.61087649658806,49.46591103673819,116.15170025070685,32.57092528582402,54.443843830636425,51.46020293194793,49.11433062864802,58.221272720745105,79.9290161943322,19.40009496134728,43.545748536230164,186.20557973411312,48.316714248326775,63.01860688089501,54.53144360873598,44.48247783741219,49.54200378329466,44.408679163365576,63.1269159932273,0.0,44.783316316695455,56.252576432451555,72.6671055939146,52.20574473050725,68.66150664938212,46.399021275568245,41.995423630928556,59.23321893090993,37.732590385098916,45.83049728792524,129.30472655578333,52.99947142156642,67.83398633727367,58.999649234714255,87.32128531907678,56.497754631358376,97.87573956192452,52.293564665103126,58.879641903227004,46.16685905825936,120.08277502285316,45.498193612958175,63.526770870867566,54.50401409161486,56.658328782831816,74.17311212899043,59.47799220815878,55.40404833452875,32.65070788599144,53.34916424557618,52.266493392840985,62.61695551958047,41.274368804310626,48.36534416661566,61.82789652842821,54.007463024725816,67.15184242199788,61.28449764137367,92.3359012193556,52.286874657087964,60.34458421096495,126.98687540050005,67.57579902936777,60.54161449588203,47.9019524792281,51.0743949331446,66.42853132981494,54.87576479753896,82.59243297725428,91.24037805556169,39.37073074952592,36.55966910313239,79.09104966110384,62.22801270075695,49.40460886844729,120.0126407788793,68.98236042716913,70.9732037876843,44.47851074861719,76.65115882613925,92.52222213007543,36.143951772763714,35.150759046795514,51.902151772599765,68.40214284981354,39.88897663438461,83.01228467510623,101.46017641961046,46.52686438838525,48.52455453605609,67.84914458219014,115.35745703036088
arc_pair_295568,38.463229518042965,53.60069719421826,123.13155906231744,41.540584724393,46.411929950321024,76.27097040864228,28.323619788755938,30.530724866277474,46.6508635109518,98.51080631695878,51.58957600420442,80.88323822763971,70.0497531226546,44.8953153397655,92.21966491988401,50.58785688259702,39.22738985289592,135.15866523916512,103.414316441291,135.29668529321734,89.5204993216667,76.18574956364341,116.41262285653333,39.83615180463883,56.59780720787071,99.30231685623102,52.235338663528736,54.601115790460526,97.64606733429214,49.13598688446793,42.09584240085509,113.54783455883351,45.85900733398654,34.900760021292896,43.97756190410563,56.43164351222103,48.26200310305973,77.23758717917546,41.32316073973171,85.53656181021368,50.36190988582665,60.40088750128641,66.55474416975586,57.73639660979906,35.115038447091685,55.86970645491293,93.93565641136311,60.81498916212627,88.17809542250154,37.74182112113252,40.595120130860465,29.19324599700172,32.9069676798469,35.023933658910636,59.77972317134049,31.99082620930805,70.12121364392858,56.412779817921475,79.26008744761553,24.209893851859714,79.53388416691047,43.210563315053804,36.339535086386,148.8969453222303,53.29945553522615,41.478699738168096,37.94330940787985,55.37272098190104,79.4900296398512,93.51556344295334,29.938095047689387,23.724313928834853,238.8319485646421,30.372790395797026,93.40844633444327,38.30103103634481,44.19533026942194,45.044906143007786,58.48302639876298,61.79504786013168,44.783316316695455,0.0,83.77648911999287,91.29397844780596,44.80160749054805,104.40870494429579,35.752635321364025,36.60470613780225,101.185390293576,30.254582623080267,34.579030317126154,170.5603540684884,36.78438205885185,57.41053606336503,52.67718137406036,116.46389662047798,73.27208243484358,119.66235665703056,70.1579156126873,76.30693233497229,56.79061926247511,164.84628057233616,49.09203263299647,45.21845689569193,42.52843867389795,47.06546047879406,63.66549515390868,54.51260199750945,89.37635627615141,31.13507945269129,33.24413640362582,59.38232458947439,53.753727775646645,54.603238738828274,54.56072473260452,79.57715085297997,37.118284705009486,65.4759361825519,95.71061229588247,119.03501052044905,41.57526728033411,45.481780548081886,178.39505344930276,82.24512977651935,61.568140617077404,51.19245826354553,79.5875359530664,57.07354557781192,70.56839334025622,108.17892417050578,124.2538817750716,39.44809190008846,63.181820979380674,130.69904904079107,72.92187439999549,45.443727104849486,153.7530264124333,78.54445737359035,104.72918518387308,60.636847536076154,105.63404135028827,133.60421996911256,41.01642004273996,33.96198667475029,78.82971762090934,81.46165868087724,28.62942609669235,108.15761783598809,132.2029625332405,45.326113105059505,56.35481975884737,59.088565163608195,154.92438509955224
arc_pair_142660,102.94416104628641,70.54632539284319,124.91410216893252,62.54061712927136,49.8218971159343,101.3111587159016,92.78032468017363,63.443094291769384,68.79134774744901,111.75240643036682,67.38848309731797,54.02358040399595,85.68395222386442,96.6183523991518,28.476464653463495,65.67876864335967,85.66623104123698,66.72705523688694,94.47440869278014,129.17626956840712,95.30924002227816,31.316293339815697,115.52774713900857,82.01915933509068,64.72307828753065,74.74068495203232,69.45600434253402,59.89270740333579,63.43761046874365,55.644410986728445,82.10947882573868,50.90449738697739,98.16985802482421,60.56782750637427,64.79169331385472,52.87986827859211,83.47801443791843,65.29675378439062,71.8883572843551,48.46150581236323,84.13693496454403,55.994230751577334,72.03431270860168,89.56981447517208,59.40188338911307,77.58560505305033,69.1527500185575,41.33442475941084,87.94037869871227,79.26720216660216,75.64274249964367,46.660594444569355,85.7108547221342,63.55505558359158,82.0282184414013,91.55621542936424,48.17386402311957,81.4909144050157,78.26709144103097,69.47803798867164,84.04580207642586,54.7046306504173,45.58138658204912,143.42066482357393,52.39329973864429,94.9168866741078,77.25139645088677,81.17190785879603,74.67082239583992,100.98583388699961,49.908386871151485,77.09301640542897,216.90151100879672,82.9439568581608,92.81746381367489,87.0774094637675,69.59022862382082,56.481186790751295,63.33931017848174,43.54635479492396,56.252576432451555,83.77648911999287,0.0,47.88339170337891,76.32226182152885,85.50960777250278,78.81487109427724,82.54456997329608,84.13848209845489,77.96962512818182,78.41977065514125,85.33509709827996,71.66346894003911,96.56377948156182,77.77253995622272,92.41957145915704,68.0204628006772,105.43791943516874,67.62629584633592,52.25950999881323,68.72342906851662,112.68197389176764,58.89769524796331,99.63477602554767,65.67378893858303,70.12645262733298,111.26747909192483,63.75879008166704,45.01337296944348,61.108429360978405,78.01439762618361,82.7176456165721,83.77855540387361,47.90399553036055,50.21232247275284,69.75262976403867,79.692331667048,92.24663130294246,46.21206610579316,45.83745659385353,65.56770639472717,95.77281885422008,145.03866450536026,96.14557794173894,77.80134984138986,68.71327352057446,79.60270313681158,73.80842995980345,84.1934175346064,119.12795383232698,102.22592035729826,77.62963624084801,56.169065287510335,73.32441415697775,78.94268164184194,54.83579306441561,110.19874778803955,48.38408011030926,110.44867574248445,79.74857767874582,111.38405767343221,127.46484687319523,85.46487679620736,55.31627599520989,63.65282103442111,87.81232564807615,80.05658241313552,37.351931717582445,114.86819678049083,71.88127480945691,63.69884349879459,57.12113224256484,81.88819565117679
arc_pair_495861,117.06099326711116,67.2552080454082,102.74508665990325,70.5024935710164,53.216745008098556,114.56296985034979,106.43727973103196,61.40386918828243,71.65327833809769,98.72828426342993,78.87708090598,36.857662480289754,71.25252626722697,107.53598812723982,43.90369920451117,59.07931521135975,97.43601155554049,65.44346697415898,77.8881385897871,101.35359109901796,72.88859333491547,40.089982140353186,87.87152521096633,75.61102023701102,64.10607529768421,65.49151050805256,59.39630592657911,65.85806724557264,56.885208212730284,52.175184721201454,84.67047799038178,58.5438307743935,111.25660758574296,65.89422468699783,69.78535339923957,48.20206223737377,82.4871649888401,73.23125569743456,65.91669401444385,46.60873943521488,69.82185507119095,58.08727506129922,76.82382835937133,95.78184944022323,67.43910183477206,72.36126350933719,66.63538667352312,35.533360563339684,63.26013549975064,94.74677880314466,86.53605474437914,58.51885422487034,91.55163464305534,71.29279844406584,97.66316439781744,92.54082818962479,52.865993831239415,69.78375341208874,52.60251624060019,68.4083670444542,60.24021529092846,60.41302798106935,58.80660266839336,120.86552131586342,51.96326995244098,87.82478673694006,88.2586034550496,70.19802753044841,60.984509432416104,102.1021721792639,63.06979683942362,77.56364078406449,178.9872580743899,88.22822339847417,87.57996879887324,78.94320690894716,61.62410197187905,62.43244999528129,54.5372960675323,42.91487667333695,72.6671055939146,91.29397844780596,47.88339170337891,0.0,85.15376587986793,74.6718012237135,84.39580379929224,71.03945678816791,69.2683821559084,76.18703331162483,90.1228054641413,67.48697920584027,66.51903907918393,100.82822110946685,75.07651593424917,82.9397920552342,51.96035814718608,98.1081204845155,79.43852537934913,32.35009726129054,74.34002813417888,90.5051701609284,43.46322005431105,105.22696439802988,75.93359620699829,66.90543884181977,119.373812809739,76.62303105828227,47.82071362502333,77.53671303580863,101.36209620531604,82.22733209050278,83.96520571271668,52.431308674829175,46.37996593987665,55.147149772762276,89.84634847986234,97.37373999513852,42.382077642993096,47.958862491474505,55.589747070529754,99.68390962852057,109.54648253654304,95.96455023786498,67.23831412953048,64.47226254077812,64.66255041512387,72.60599096857788,85.61848775782875,103.18996693856917,79.82144400465332,66.23497082230661,61.911609026267115,74.51394432343358,82.97969364086492,62.47168601422983,94.38604848754537,47.475848303190645,84.49095310048,84.4561035589428,92.36460107076383,114.54098410516814,102.74472776920426,63.534903902273044,48.33208798980245,84.9999536922517,89.0636958585174,52.511484975990655,85.67212490915779,55.993108734866645,64.4486519486664,52.10971710295292,71.46565846786055
arc_pair_167650,55.98490240937435,50.45134049776941,127.82836154327939,47.95232006416943,33.20986807585006,84.28312633969867,44.67441356209504,36.835348355440104,64.98801889610323,106.01598382542375,55.18313635359838,75.37117925717692,79.49560786709311,54.013653235031015,62.58846513077991,46.19823089071783,51.89314461081682,132.5599296844272,97.34686110174738,136.75310644228838,100.0319146945373,73.07001057331053,129.77337102138256,36.65606166989027,54.83673637114254,89.61619074463111,53.96275349697854,48.2596687724273,100.03455501575743,47.62614524381539,57.133915675277386,91.84989156220301,64.41955003459516,40.67878821080551,49.989775659878035,57.223088361108964,55.48957787267078,76.47342694011446,46.71746117386222,79.31931589301993,43.68323999922711,44.66237159729452,71.24918745691778,67.54479384495144,52.57068325363398,71.904587125484,75.14636753800767,53.60197665758038,74.79019289325652,39.989449115164675,47.53836172062465,45.641411392118364,58.13132917199335,39.18538732612642,68.6524988037077,35.933118676779884,66.81056011498754,68.74888240006952,73.40375406224604,33.77907940579655,89.3786071527107,42.61106215855504,44.60535374919185,155.02408878769828,66.77229312613477,38.82874392011868,54.680900644991056,66.70995985848698,91.40217069204456,86.4139442077966,39.29444444626714,36.554104283856844,249.2370173863229,54.411193946211384,90.11769297724818,49.980347534695255,57.221535287503926,42.62271673241103,59.883181461730615,56.078681514064236,52.20574473050725,44.80160749054805,76.32226182152885,85.15376587986793,0.0,106.67475290181198,52.71715267791724,63.22595284441243,92.88223666197567,39.28803755689769,42.81731138104937,140.87261895121262,63.622807910478016,65.9927750325689,72.6332695427574,109.89094336747094,83.00114709241329,126.07517402272468,62.82761312341021,75.97567598194922,45.55585099832293,162.03223741999165,59.44914682472153,58.786311665295344,49.14252897058131,53.13429474840456,94.56139395353844,62.86661320568509,77.80055649445906,37.53347632771665,49.70441561774286,70.87413159445654,53.65857053832811,58.159285870322606,56.25032499978927,89.84635383582665,47.66631209064089,86.6695244166115,83.24901087283371,111.46271480938731,39.02459899741332,59.490790959579186,174.99291282937673,84.36007528209367,62.81565609104614,43.34878512291505,77.47594250924021,82.06699237518029,78.55273263975589,120.80216825728598,115.71727132256513,40.21861298601666,70.10198924060063,130.0374144409529,77.65800791371692,42.79936531659456,153.08333828663993,68.55438795514675,106.83398375487951,77.10161953136128,119.25783311871777,145.24462668877052,59.70747458521366,36.325503023828006,69.9214994667332,90.8669425446716,42.372776595491544,78.65214081448045,139.90319817572654,60.049982880956726,41.24417111495171,78.06888016967915,135.05084632855662
arc_pair_82729,132.12392850932733,77.2175945369618,62.18839394660225,86.78462445721715,91.1137342717856,108.4101632194056,117.62113023729843,69.96271041606607,55.465069849080756,57.857553109381364,81.85274920848505,96.2251359880992,52.169682086157074,131.32746804726315,84.24962763317671,98.75968990625381,120.18635741067489,74.58086542764916,44.6618044239146,43.44627889480133,55.50619636847799,75.23029040881472,63.891756881143976,105.53972215333081,72.56757636838464,48.37131144792029,88.7387691641033,100.86638414283323,55.51584584473626,67.35881105309664,112.89619025790222,83.83119566098652,127.92267576070257,97.84318037331904,91.98550925683017,69.56576155851718,92.80717088836121,65.42208519036811,70.00186430961632,96.4740955273154,81.43279734144392,90.50724954774614,73.36027930965275,91.97195604950012,97.50996343138226,61.95657454155165,64.73796109683664,99.68098555487542,41.50632388461844,113.15377256395558,105.08685663394888,65.66797031084155,98.25099365314611,103.22665528490025,109.91649480275856,120.03978645809649,100.31543000606725,62.899622677534246,47.43233172051314,96.75098272258221,39.16468892806445,96.9579713506997,93.99948912587118,70.34180271040151,55.176400539779706,98.40143554962096,120.14573084570222,59.672982679690335,38.33231074215922,68.44992889559825,65.47857257983489,112.19697835809362,107.09061255611358,123.32874878610325,55.97204683396914,100.06138705331483,72.96397855538748,103.93540226758368,61.31831299507188,90.72429209871541,68.66150664938212,104.40870494429579,85.50960777250278,74.6718012237135,106.67475290181198,0.0,113.3090013547635,56.251896490388006,45.11904619893466,86.73621858278027,101.30598293630251,86.94852426366404,96.67102133400203,85.99286102388479,105.39424611271873,61.26379889261578,38.30749305826913,70.15936001815061,68.97301137915993,60.184117800834144,86.50606710383585,58.746905346624665,61.03401967948342,103.12717227472147,105.81026877690186,93.77202140929236,102.51458026658594,105.26709342641968,56.14126923959639,91.48694001266277,128.07250206578342,101.82476247953143,92.2076552464079,48.48071275148486,75.71584807526676,49.054002611930784,104.30840654742434,89.28262428726941,61.986598690184685,67.27527790000218,94.79325548215874,116.25702718755582,58.44372359887322,75.50983174367445,101.32071840225434,83.0092455321971,35.15722407789569,118.97802942828244,70.59221432601433,65.07122214488813,50.96609336608387,87.23504375882999,49.43133179876121,44.41543511126919,108.91892968483411,85.97669110849716,54.23316830876098,80.30588301056376,39.22385025213993,66.08811012920523,47.27255422502559,57.73001412650363,100.54741972868425,79.94878336279137,61.433725066351414,60.16131191396697,104.31280718024476,89.27023959729217,65.3127020729269,80.68108119553531,91.88026568285397,118.32620664489835,111.90275936450897
arc_pair_169398,30.646169816683248,48.11715848534572,155.25358228115243,29.880322792281287,30.19308191403465,59.98772015551866,24.848448430022042,38.38546596489843,50.318225790397726,124.3030002459687,49.205311164995564,77.28316711684434,77.83915403264217,29.557700824135374,85.15175022900232,31.427605161940896,12.5464419310468,150.8529166166865,115.40432239478471,150.106374129976,94.0223068566248,76.68081163598117,147.36891883625495,27.949208667255036,49.82690070854829,107.79889764109217,38.1231363319489,35.81335659275517,102.15873838102983,37.284913191375985,22.15852490165942,106.01557151300958,38.22866692121248,20.627858430595566,31.12224094521981,38.37390547336341,49.91823275465906,74.54506720113527,44.85758762044414,84.49587367759892,39.0135648646232,56.3493079590679,58.9555408358808,43.92939603965385,22.391224180875334,73.70281898820025,89.78362110125046,54.65556836664414,108.4074431258039,26.545141839179315,26.526009061998057,35.51357823176008,44.40211782321079,29.101048708515307,42.389922974451686,23.109216509294296,67.57509633157173,70.27033097852535,80.48838881545146,21.385986518629515,86.75661209359858,33.24977540830917,43.344544651082316,165.06569637891238,47.24691224785325,42.556836989255814,12.686810612249074,54.06666565216742,87.16920426181512,105.51174226884574,38.653172920421504,33.0457265009389,276.08898040443927,30.128007905056258,99.77520749681082,38.36840593873505,37.59713136135638,36.533432969231065,66.78826181542932,53.67096477593553,46.399021275568245,35.752635321364025,78.81487109427724,84.39580379929224,52.71715267791724,113.3090013547635,0.0,52.24566018795905,108.32529175038127,26.65062605603186,35.121014980054355,177.18028621993267,36.60883796826357,73.33922595336008,34.269273760842694,120.54784764644177,82.83443796600926,131.22565227495744,67.14354891688473,67.51000988038179,45.64853877125255,191.5841621405258,53.834915859811545,54.313567135647844,28.428144094264315,37.76307058667033,69.19803874978638,39.182624073850384,78.52766145328096,27.47644409145144,31.693170387160333,67.89943493951489,43.6942986780023,54.2837509475855,43.11617284848897,78.29324155842727,34.50148570836766,78.347503361501,92.45416333224972,115.85511273049823,20.374774099146418,31.446526134887897,202.9261967643038,90.76325099304964,37.93366328063223,39.60877490589691,89.40141997704319,42.569256130442085,67.11034893273765,118.7798545803352,137.533398704465,29.48623813936272,78.03977819778535,140.300389571794,53.666592411973916,29.983316228221476,152.66423363341232,87.03217380244635,121.51688666765735,77.88570786256663,121.41139849077288,146.4064303958297,40.257030959202964,28.65947569284146,69.31549805353127,84.6635904831445,22.725631803922635,116.0510122141275,154.57672883711024,27.953179097983842,39.42484260305618,54.28183485828226,159.5736536902137
arc_pair_435729,66.77573881752127,42.8493621390489,79.38440902708618,51.55390371968476,56.589911854151765,84.58822398864237,51.952374131915946,33.20251289233414,34.19960784313358,70.94449686728646,62.81980812418479,78.4282255520676,47.36146998847927,68.9807761518939,83.54732620650154,62.02965898592531,60.224604096724185,94.18045923708328,62.764446003565084,83.14484686384966,53.14750652858093,72.11736564663325,84.124433620632,59.55999064866646,56.68856566836486,66.49286015384288,57.882352929350084,69.70604119040104,66.42917712037811,39.644758344168196,61.44033788750039,93.75424372126594,77.50322553909182,45.894077642420314,55.76689774858119,44.16612299565915,53.88757763329821,55.116632015069214,36.610915303227074,83.33946833678709,37.88411546215379,67.20023948881868,47.90040370157338,57.977383170603474,48.80752029753097,43.29040714381303,60.217751263030706,69.71773346549996,54.07313054772405,59.96795806656093,61.308379938020096,30.188394563812118,34.63138399056612,57.163974794428725,74.36681608105911,55.50964944942561,80.08783189682828,35.1517021082546,47.930381424377615,41.959874964157805,43.45317059295502,60.39580463817818,56.53485469493638,104.13730455428205,35.028143628492664,44.17395674022174,65.07733712647581,39.97705486280133,52.02489941751911,75.44257112367588,31.413587657770634,50.310082977274575,173.11972128079037,63.33963378063907,55.64576360121595,47.69129532661481,36.36473522437119,62.34194121151896,45.093507114754985,60.32225174748762,41.995423630928556,36.60470613780225,82.54456997329608,71.03945678816791,63.22595284441243,56.251896490388006,52.24566018795905,0.0,62.24829079788044,38.12254902598148,52.847467468567984,122.85305732882546,63.797585809468835,54.60032142459545,59.652704151258945,77.69905825103577,45.83756828766826,94.09830187110126,53.38240525043214,50.11856381156038,53.58616294215589,113.11855458770098,33.42465024443851,54.65232223861695,57.0988470595708,65.80466787986043,71.18932912277859,63.85197104388325,62.27305189943667,39.96350128232396,67.48774217423214,61.771024371794255,60.912340018959625,41.42760087807318,51.39229780091329,54.56279844126601,58.06508529061124,72.01422454870944,64.35165908077654,89.34494956484514,50.440680147879846,54.01523296857013,111.63078235917212,63.177604248897126,67.77398832680902,51.71694585296165,42.836775897220704,72.16407572373745,55.556137156244986,61.88709351502448,76.83499861892162,36.39908994100092,42.420246117199234,85.06772602317744,74.59781458876702,57.46541841606842,102.2333308383879,73.78634510952604,52.529214310978425,42.024898923267955,63.414995500476834,83.33497472623813,51.478118841677734,41.11624087382283,56.2161298080719,54.33584933248905,50.62313025628017,93.33217050717313,93.50039283276432,41.92148353663889,57.58687735563943,82.0065213500742,118.04103605592033
arc_pair_653762,127.3790660910943,86.23755499814794,51.09990511519157,78.19993770418802,77.34221966823138,121.50534089877416,117.91035729096735,73.80699687025994,57.905559005478594,48.49266277371369,73.35633183849465,88.62846587802274,51.89662262095659,122.15851750467388,73.32894548838473,92.41094040510924,115.43540009123043,79.24000566919612,42.59703859090028,55.340242512905334,60.015878623439924,78.0634924162673,59.66924760356976,93.40758866647067,85.51714147948701,44.21227660953885,80.41559831368173,84.36259010609298,55.07190974595886,68.87115282029683,108.24387379774149,86.73782037522435,114.88894116482416,97.57257870520132,86.18519127728422,63.93218279901385,96.02071808989308,64.87400481555723,74.03443556206305,89.98005237740406,75.95606115662503,73.05761692739974,60.75104117517832,101.11912346535945,94.47104169216124,65.83119253992322,52.06309266769653,85.83411475794658,48.234307245327685,103.27886067475133,97.67237202432673,67.53480568731248,96.67418529105785,96.14759076700788,112.46242793836751,110.54176617388953,92.7596249816295,52.65366253157937,36.112490963299805,92.82401581352919,46.23295494907481,86.65859911586534,87.97931287448236,79.8720808794408,54.369186900162234,95.31164842687086,115.35254920757276,54.70434164230048,50.31619549669993,68.63726541165387,65.85329712273233,96.88752286450935,125.18588035180248,107.20031761435885,63.20767307807484,95.4065519635013,70.50088732372649,102.37331301574976,44.36035437837308,94.57421744035886,59.23321893090993,101.185390293576,84.13848209845489,69.2683821559084,92.88223666197567,45.11904619893466,108.32529175038127,62.24829079788044,0.0,81.14705448171253,98.43494286709259,94.38940931443172,85.01778419648562,85.70470493080666,106.42206668288424,60.27964036537149,41.292595431321686,81.12453921792778,72.3549010565948,56.120901412890404,83.33388939212078,54.87086879155878,61.307947620403354,92.51350013082589,96.46752760697171,94.29857851140785,102.58228351673199,96.13562103440526,55.49643628374399,91.71416188730684,122.01797743666006,94.10502227020308,90.21556996202254,56.643598677723034,70.52520915457157,53.300088962309886,94.00581875340507,75.27332875122957,67.66134967065449,78.15130622876096,88.04418836765944,120.97454673016884,56.83289061563036,64.72281906683918,89.90176134359231,83.28895249715492,44.16511472111722,110.04053603867948,69.89450859166251,63.98272494835686,47.980559390908454,78.21713201598823,44.83887958502945,43.43474922429947,95.35661105729899,75.90742365477446,76.22377938195618,75.2923605192522,45.56529855351501,57.04978773388734,54.38110508276057,69.49128417158869,96.96676662182334,77.47413982664693,57.22701591171423,68.02999753300814,90.69868282479909,85.69676040417748,62.919176397714814,74.18539526478226,87.03240224245732,110.79386160362756,95.39945698281082
arc_pair_644674,38.720453206771275,36.559878977868166,111.5750631733145,27.232807464372613,35.67788906909868,62.36934219485944,29.945045327029625,28.180943383434332,43.35437922715003,89.98949967191987,52.614227657584216,64.82524611494824,67.85942250686588,39.00565596447326,77.50630852849025,34.486081946298086,32.67993033314853,123.04726052749079,90.54149448236522,121.40899977812647,71.86908982673674,61.77256620191177,119.4101731557807,26.736122323558334,39.81709495524203,88.70322585313544,47.37620559186536,45.97923127272506,83.28907773741572,26.978316690019504,28.19242854808579,103.03958952867336,45.53207111418123,26.04265659009074,33.03678917753243,35.202768990940235,42.27550836669579,58.56990613798937,29.179218467628772,70.15952483347897,25.79141818613128,43.590930131415796,49.386125025063606,44.374976695921475,23.396573045357137,61.55312123881309,75.37162939252248,55.326634928224905,68.24534552925812,29.713370273347557,36.28943555489552,29.383091340821164,30.077453956483616,23.007704740002673,54.93031822868511,25.718289399943558,63.37004872238613,41.94950090661096,60.73512909215687,24.372413330299203,59.52817735090525,30.815872886939033,41.46310554617067,131.59439890925535,36.71699589514646,43.30987465102069,33.58995645858315,43.75063966242729,70.0622340849739,85.09943439629981,29.03278131126602,26.677068211893882,225.6368671959951,31.21677017521298,71.17461997693914,29.671267079181163,28.924614968434344,42.623679723241985,45.69450752370096,49.22413182049429,37.732590385098916,30.254582623080267,77.96962512818182,76.18703331162483,39.28803755689769,86.73621858278027,26.65062605603186,38.12254902598148,81.14705448171253,0.0,26.280605577118862,153.8254427047658,33.74632949843119,50.29443104104273,42.28417605322117,98.60936923928942,63.182000514594925,114.3628267504046,56.97777219244166,50.67535357624802,46.43343248018444,147.94691753051362,43.279366028357614,40.10979379975384,37.788737045483074,37.51115137414942,73.20353915146892,44.098931113803104,72.70415403649417,24.111152332560152,49.06795988165784,45.94416666171766,36.774307642429335,48.61482442135149,34.9069473586672,74.93481310431856,38.805134085070705,53.89180894766285,78.11895355147921,94.35353832508315,25.805336844319775,47.11252835699646,158.13338342011468,74.15752466684783,39.311239166584755,30.07486656930159,65.96749725072232,55.7387972849431,57.35499129462761,96.65520310077886,104.41243932076833,29.079618152915476,56.22362903476274,113.85337031969277,60.7342112807635,28.90355914212314,135.8495863366161,68.6992619434825,84.57207114807308,54.66120423813061,89.67633972081899,117.98783542903806,43.110279663111115,25.33701027456526,52.86615793356117,73.2242955395948,22.827514828603647,95.59027753704748,117.08032091129611,22.721490886283355,50.353123056948675,52.851319730947964,135.68630236256683
arc_pair_365022,37.01408239282087,53.31584310875682,140.28999073490564,32.68969378077041,38.579264529526206,65.89497410904738,29.998362725384272,34.017844839484624,49.84809417391922,105.16275462314029,57.10878888743282,84.02458110322563,73.89017278827995,47.87428291435948,89.77412112777331,36.9129367077807,25.76974202559493,143.41853755589568,99.16444759151419,137.60742078417778,88.10443253547137,72.92132990865699,136.98010771903924,37.394835835455346,49.248755021563554,92.9293602119695,51.3827389881393,48.96515770653838,86.04232847214021,36.48806706281919,31.006435441851412,102.84672444409995,50.88805615403565,33.46570652430704,37.08468609097193,51.24090842257883,51.14425501055075,75.80754376829843,28.260968758398512,92.041484535079,44.54595715283857,55.19312529044726,71.71808075587538,51.84641975551208,27.21808357222035,78.26876279811543,97.62170702966739,62.152688178660554,87.44739802222367,28.431008372185673,41.15386948030225,37.23140153378774,48.312235310715025,26.55812589474231,45.423026573938074,33.911652327628715,73.8020110555655,64.04919132689389,73.97384479751736,30.140871049892926,82.31481875962828,37.5505522481328,43.30912270895935,155.03129777760753,44.04637925804886,48.704378007170774,31.89870338399185,49.92023612708607,82.02811941599889,84.20148136907221,39.39986119488171,37.506756982865205,252.39150687937223,36.898558413046146,99.66660693119752,41.34578505472225,43.60754254230367,42.51831552546142,62.946021674997134,62.99260211505964,45.83049728792524,34.579030317126154,78.41977065514125,90.1228054641413,42.81731138104937,101.30598293630251,35.121014980054355,52.847467468567984,98.43494286709259,26.280605577118862,0.0,167.22344057592784,47.971650371656615,64.69173712144345,58.001769175279684,111.42604953375061,82.07777052144328,116.54823250456599,64.6769451883111,66.70381868924265,45.540878687535695,163.23845889640205,56.82362347734798,58.87414986196879,41.049708491590735,40.699612362716536,67.28630553515353,51.12544904044685,77.86724501903798,31.348090453229695,45.528990726802235,73.58493382285648,41.723863608077,49.99772191715305,50.96958958922834,81.47271811543317,38.37492340363849,77.92971231446171,93.23675613555909,116.01654005667866,29.65305674819338,50.717157059819286,185.0187027263345,83.60246137379994,50.549274809725134,35.93770366760444,78.79591524804363,63.64518479778961,61.35574818537363,111.92513257400087,128.3549179681253,33.744950846781784,76.91803912926707,123.23455992890497,63.12657867355413,34.20179255463775,139.9604911580833,83.26017039858866,107.12446579456005,64.16828303334665,107.11357923698937,134.9136878079861,52.92559728371499,33.67715079332056,73.93706034190409,87.94384415141033,26.124393663472787,109.93292092027092,143.05493854988634,43.78878612855915,50.27898194031157,66.23761867628426,163.7622864223028
arc_pair_716732,195.5570545090066,125.56780553917588,115.93971178051405,144.68168353458384,115.41039557452834,193.31736086464588,199.3313816994725,123.11468237862901,127.53332050723678,115.96625222368422,130.20438837600753,92.82180807811308,114.57945298281419,189.9955920137549,73.76806159851903,146.12255636621563,188.62802840285212,74.96569471365646,101.1962266331087,114.58841534697385,115.61666293838026,77.25620631826253,99.76011869442948,156.51154177420185,129.4497682560068,97.67993339146791,126.77494496868485,133.3872331405469,82.56933809380072,124.35610887322878,177.29686665885637,57.59633038505602,202.59934493721613,150.77378952002073,129.04399700758484,118.2683933186994,166.29982513661741,126.43272072657658,125.3299250487591,81.96386255927837,135.78074854731943,108.47474999097751,138.30773125115905,161.97034938538343,151.94309682801025,113.99517255351549,93.94595462440202,105.69209483825537,98.43918099199026,171.38902518048428,155.45368148728528,126.25902151775949,167.17843441123222,155.60295572858416,176.51682808677782,169.31127125104626,98.09214106214395,112.67220662834188,85.00088758185649,151.74317963001943,95.3500643347865,131.41195857982183,127.46755223863585,131.63378829514875,109.0867084084709,151.24613058380362,181.35527522493342,131.6962967059971,93.81444096761336,120.39424592324309,125.06062441381397,159.16614500319116,169.09000917331701,183.27076353469934,119.07741378215914,171.406123548518,137.1116740392245,145.3656993914302,94.09871623313133,98.9979732639286,129.30472655578333,170.5603540684884,85.33509709827996,67.48697920584027,140.87261895121262,86.94852426366404,177.18028621993267,122.85305732882546,94.38940931443172,153.8254427047658,167.22344057592784,0.0,148.27339790102516,156.71129243580594,153.92189491880399,86.31512767987061,82.20904418539104,120.3263467659726,113.43915365618392,92.65615872137433,123.2753433980284,80.57029191669042,104.13806021538863,169.66378935312517,143.28328980128916,146.5962529868791,166.26444446811445,130.19713051308446,77.66484596804702,151.37985565124623,189.08482899374496,135.84447839786168,136.42175046410594,94.33996713367432,98.3641673524283,84.97437241514385,162.66523133601135,141.55165667406214,61.603123384428045,55.11522700959187,139.38844094308286,181.2960792085219,107.91933149212758,136.88121130211283,148.96568956462946,131.57346428478283,102.3885413810195,165.10080374715432,133.37832608847737,143.1892913004447,92.0518869192635,138.2550177142279,92.42843654293816,92.61721490927087,154.74133338041264,120.48318677294604,97.85089076946458,75.99998654551672,103.63537453488132,127.17308457378942,120.63915944054,139.0027671970846,171.76617786604047,133.16887360234477,99.63220899008397,122.8750278764328,170.7169359519329,59.27351961169116,100.93421787501123,141.62142500176293,119.9036695001721,130.8068366978175,85.39650508831106
arc_pair_692544,58.68420577636047,65.4291591204605,120.43929448361791,29.586276097216068,40.03500095071742,71.95024687165223,53.16611058055399,41.748108134342935,52.391136594566376,101.28842449757303,50.71435927246614,58.76455446003189,73.26764106361117,60.05368946313392,81.0865251339788,38.725282081997335,44.24168394221651,129.65795748737548,98.61165090450484,128.78793048499585,81.30019198602062,60.01155414621611,121.8362958474504,38.60260006391299,57.582530454351215,87.06919825666873,45.45942527182476,44.792641368514055,83.18982595883494,37.936884264945306,35.516089397772106,99.39208486463193,48.041502306599384,47.3825348561283,35.76721722952518,38.957998358010904,63.437852351931426,81.74761995818344,49.42792472922143,67.38655681287584,58.38162040633488,40.22781207664106,68.91834850395323,65.16670577880569,32.292828008443564,69.99283709876337,85.85387835939919,52.40180668912941,84.57362884956643,50.57877941383926,36.0684341445546,42.23099445676708,63.62841038525322,36.61042457298094,61.37603142755929,46.86936423947865,52.19135252711055,70.57497055448798,66.97613246333458,40.629837007386996,64.51006860800865,28.723224031152732,41.37408215880052,142.57219521506127,49.47868282028722,64.47946621247881,33.187109865482526,59.01265590031369,67.39226385783202,95.85526188689626,43.42699372739865,37.46860209111087,232.07043094428565,34.82751732473533,105.14654798632604,48.52617395538202,40.76482188948551,51.75148333192284,51.789198295264015,59.25967017147521,52.99947142156642,36.78438205885185,71.66346894003911,66.51903907918393,63.622807910478016,96.67102133400203,36.60883796826357,63.797585809468835,85.01778419648562,33.74632949843119,47.971650371656615,148.27339790102516,0.0,74.23539925442216,50.3844474705843,108.88246186645904,65.00260540521603,112.6539474775542,80.29165250451966,51.435340801042976,67.57644388568602,139.3868833776958,48.896164452081194,61.275404933362275,42.386464536740135,37.23334258013114,66.54343616828439,49.99920151684114,69.86053168065175,54.622259851850814,55.020874316232195,71.17121328270595,46.88049458992293,50.931143801615505,38.60542804200843,74.01368627683298,46.457241887174064,63.17307022403442,87.29403276653744,87.94088343448021,34.822470463134195,71.17127128630747,163.06064429396892,74.55269226071294,50.28568445212649,45.268603235957116,83.15980323112909,56.85929952980163,68.44737111154912,109.48234152300768,111.35394392726661,50.50184957251456,69.24615650441501,111.99970436399313,64.86367658493197,29.40595262848442,132.20384243586358,67.47871337062331,104.44860083926847,68.67450369232274,107.67687884886254,125.85848893652826,59.79327093821263,40.38013615367948,62.129152011656984,75.45504882945137,35.374370598027866,99.4430866546166,103.74183044894522,29.37611170849349,63.821701044965536,51.83139398048516,140.6149078997364
arc_pair_134659,82.1356206993195,71.92493828713737,106.37076142722033,71.16643585044729,70.80103545512979,97.77184888463519,63.57380697978519,54.4249489564084,59.84445383552028,80.51214642196173,75.62376880052994,90.06443511351992,71.74179795791758,83.64691125182117,92.23442147648791,77.82284476486137,77.51856903831457,122.68432954283938,92.37288071300318,110.86089383266587,85.79143137641479,83.96594138413911,112.24987549694829,71.76785901135605,51.82837911021838,94.83880361041841,86.96820430255508,81.85071760263901,90.02897492667728,54.051264342238795,77.97097728262155,119.41184629243668,80.63211480422581,60.819075790277836,74.01472706689535,65.43008631873792,72.15871050851956,73.43621210334884,60.263254508186876,89.04141502275867,71.01363206760506,83.17903122144274,65.34522456669885,72.84470398344169,65.47399256259517,71.980344199071,88.11081815203663,81.0540588999605,73.06046284563237,75.22697452491124,72.02504102458524,52.572495351634984,64.6271691273634,63.14337877620654,90.38095283404618,73.87295631534164,83.77772375381215,61.282469162494124,74.02934673552056,58.51665117115612,77.99727942056798,65.4537090201612,63.0217715204781,125.55594121207892,66.91672229222229,69.03295729827234,79.99719482745664,56.33217000562712,83.11582304294382,91.8313819759282,54.72659550233753,64.34459926766702,201.65324357653952,70.36987100332827,81.41324549035846,62.53827182607006,58.93083997857461,77.18016087893521,74.867177903618,79.93697278262681,67.83398633727367,57.41053606336503,96.56377948156182,100.82822110946685,65.9927750325689,85.99286102388479,73.33922595336008,54.60032142459545,85.70470493080666,50.29443104104273,64.69173712144345,156.71129243580594,74.23539925442216,0.0,91.33119664529404,113.63249453297131,78.422627419534,119.99891391583517,82.84181915278788,76.42971018081232,84.60279283934491,131.48668517468533,56.18035065117813,64.11664170405085,69.34871284003535,75.82229268390884,97.21562800746739,81.72174787246246,99.1902620337271,58.66896601181853,77.76127843087222,83.57773911292352,77.09786959075855,66.39711935954642,76.0355552540298,91.1266233803454,71.66930851160103,72.02713550624361,89.3256574397252,111.53733901757732,72.04981224556661,78.77542396388122,145.43261027296177,78.27242495904748,89.37199733085095,69.95141417204823,71.15269673238834,94.17326458335711,82.043307244158,94.42169454124812,110.58675062801423,68.59780226924293,61.306648061398334,109.40241404641237,96.27571177784822,65.85840575064475,132.7711428191137,80.81196299541722,90.02193281552633,55.71514059635028,87.27259055027926,131.2306907928235,75.76675028908653,57.52403540037085,86.89149157427204,78.74459374597137,58.693642629987096,103.0529608741108,130.74971001260377,66.81594451353855,83.20535884492574,89.21499969022642,153.6320624850557
arc_pair_639703,57.2349851246462,50.41098540170334,136.61326732991606,43.99853007241005,42.501480842589096,80.11640751528986,60.43217997454876,49.736058913300454,59.25993850534877,125.53619079795213,56.95561327743032,67.25647400493442,77.44289354276839,57.18532976335881,82.18333501744931,45.0066115362734,50.41417637089599,118.96958733806665,109.22249900871209,150.0183363118871,92.26945621142575,66.88544247371418,131.8627074761469,45.6133654215345,63.68881721395053,101.14618322210785,55.18493514038751,48.04561754810994,95.34563466744754,52.29752124744235,52.93595026332089,99.06209156276023,67.36578722791324,42.328732477577645,48.24421609579778,54.03447084622668,64.75791000281399,88.67695562516184,60.85207670810718,72.46000232560316,55.123250954655624,57.707478020324615,75.62043937142384,65.46233622278339,38.02443101571372,67.68749773617219,97.75629734577755,63.61919176217947,93.74286510485484,48.6053688814023,50.60910737531807,48.61796869028107,58.32238553512467,50.633069916609315,66.07965533841809,44.519804451581464,73.43952435804196,75.83722396311799,80.7979436725671,44.12200153054984,80.16328075013777,43.82920083503619,49.19012025326782,157.0633334329962,49.91876820498797,64.84526430410358,42.394375216322246,64.1795618123307,81.67333454019331,107.04614936777077,53.741267040823026,51.248854637406694,249.87138670303557,55.26837891626202,91.20454360867657,63.01711206454845,56.75170114832892,54.51250439538062,64.36449985153897,51.130825032016716,58.999649234714255,52.67718137406036,77.77253995622272,75.07651593424917,72.6332695427574,105.39424611271873,34.269273760842694,59.652704151258945,106.42206668288424,42.28417605322117,58.001769175279684,153.92189491880399,50.3844474705843,91.33119664529404,0.0,116.59032573521549,70.84581638435034,125.60208876883007,74.5497519356269,65.6472954145124,59.72299145787489,165.99357579765163,59.307079587592185,64.6505837218838,53.45490903247428,53.169405981106195,85.36186841642711,52.584176982804124,71.68440591568122,45.99370756457954,55.72023427397286,69.75258081925251,55.15964878016212,64.26698715760836,45.76625143721659,67.5881937279088,52.71107718483167,85.9183799156742,95.31752970547359,97.73592920518522,38.812483840782086,56.88129459549755,179.10147614123935,97.82450992327067,46.84661953651561,61.36770667032597,84.27775825392062,60.577096951006894,75.15073709018641,121.47099158743956,121.08228089839976,50.921306374888765,76.42226593724897,132.25271158137255,69.33483341573633,46.84833751736356,143.98649158555094,81.15961848030905,112.59400670968782,80.32294434090798,111.10723899817395,146.9826821632634,59.40673413153225,37.54872798321645,71.98899067621946,83.88308575621522,47.5869022185162,103.19726802241885,126.34882525152977,39.968076991475975,57.15511339637394,65.92579404234661,138.87343668846017
arc_pair_632661,116.3059680753245,83.73160460082244,82.48749155409396,93.38430051307152,89.2307830076277,133.38088156615277,134.68186958565926,88.87287452635587,73.51792364574649,78.57947389505142,96.32844253353872,91.94386024267102,72.08459247540725,121.64483170828903,83.98083177135766,106.02919578058837,128.24701792099162,94.76939536204097,66.29545193938867,74.07693813778415,73.11813702327802,81.8413366885578,78.86751991607505,112.8531210145801,102.4719132754841,69.61066263920551,93.54698949790638,95.99514399680348,70.0167035090603,88.95077029222297,120.06477452393253,89.35587110927688,139.01198068793195,108.58826247332053,95.74494951449144,83.1959479031943,102.71528884430803,91.5390063941137,86.9802426758998,95.09329362833132,92.2094877831066,86.87527851291566,85.73753667276893,112.39047421677037,101.4615210915533,78.25109901635895,76.68410825468986,105.46008859847076,72.889404445911,113.55984383921924,108.8645481434507,82.15466380460403,113.47816895652998,114.35998314442617,123.41398078227539,121.05407950495325,97.7796468711116,79.82363705495645,57.14774367011206,99.66228962238819,57.16186189471685,107.02900168457339,102.99967150289842,91.00994637255954,72.4821313689275,107.54756430238635,126.25079662594024,73.97755686455787,56.38991499604823,88.10498485438612,82.88505815746439,116.26486354866967,143.65145194881921,133.84984507904264,88.65923271317996,106.60125066394586,92.8338613187995,108.5446181905713,65.51663326201194,93.37574577795343,87.32128531907678,116.46389662047798,92.41957145915704,82.9397920552342,109.89094336747094,61.26379889261578,120.54784764644177,77.69905825103577,60.27964036537149,98.60936923928942,111.42604953375061,86.31512767987061,108.88246186645904,113.63249453297131,116.59032573521549,0.0,52.3576554300989,66.07487907681372,84.87082274017048,71.77515587278118,87.91635005208244,78.71342088836343,80.93000437189346,113.41586506052352,107.5479877945004,109.26898967853768,104.29553628134252,106.84456280065808,67.00218835628051,103.70404411504347,129.82274660774857,111.12502253097104,99.21050678036035,68.42573002905064,76.616276363372,58.28735472728596,105.26719955540081,105.74330420032368,78.85926605554907,73.01003846927024,101.99138771273678,130.96761742270832,87.9168725422538,97.30405977975832,108.54186709106557,103.40817699474174,63.04747289374724,116.18663239760151,79.20447969062042,90.21842305406379,58.36786623810893,89.63973087674923,70.03465057592203,67.88993705924004,113.92399098874233,86.70806590746322,73.15773325456487,82.83640695249221,76.25399883469444,83.71582911920501,74.57267252779866,95.52828641620722,114.54576555566089,94.19418787590574,75.12255403712254,79.06179313915595,111.32291119797898,91.33926362348137,83.29237722940289,89.73943673692395,89.33689908074803,119.25526756352886,109.07279415265711
arc_pair_566053,94.79272440080518,60.26419135947363,63.1934291776016,58.183222439491075,57.56112914023993,102.58453979086632,89.9503440245746,53.526983258950786,41.751180679595336,58.95486731572438,59.36695360161222,60.09277873658382,43.416564077524,93.88427209713021,64.17567609130586,77.55502878291566,90.47832935363309,62.90739725188541,44.66382360149909,57.627175812256226,42.43881660312127,52.39515371669134,46.91634851595044,75.20874600630913,65.04071674109187,42.44525255036569,58.43962745818328,66.91177879361379,43.2425946100663,57.961480352966944,82.15553083324319,78.86544615743227,100.22265920468456,72.98948899399397,60.817067509168325,58.083298521537536,69.81939192100609,63.18790368367124,55.02779636398221,67.52495751237817,64.25135356771844,57.65390517371468,65.66108244113846,85.20998126837864,61.63520825088355,41.61927577335058,62.19483631763461,69.21956856029304,39.205027012192126,83.31846218053985,73.57286605499607,42.98315305000478,71.90486724670052,74.37573846370174,75.10706276136574,84.4444872565932,73.26620361742283,52.86934723651845,41.35710054541164,66.13828428242495,21.946900353820297,67.4708969791038,59.211351715327694,72.53550796096795,33.67391518497229,77.2525708345797,87.90669639925504,48.77376038197929,20.333988773536984,64.79271605957986,49.055170582406944,72.9337540808794,126.52107938598473,92.44316119331958,57.00667730113464,73.53757501716342,58.06365927583683,78.26331048352185,34.745356347733846,68.85575915019055,56.497754631358376,73.27208243484358,68.0204628006772,51.96035814718608,83.00114709241329,38.30749305826913,82.83443796600926,45.83756828766826,41.292595431321686,63.182000514594925,82.07777052144328,82.20904418539104,65.00260540521603,78.422627419534,70.84581638435034,52.3576554300989,0.0,53.244559168212994,55.96921585073099,43.979031190733735,74.3268547123137,57.92106887749091,47.25885745136843,71.49447963284275,69.37550926039512,69.92709307559524,71.53443207742549,75.75469565013682,47.74706794559943,68.8048167122804,90.27526786954375,76.44326881894347,63.10956950538554,44.8574636170884,49.17794603818921,24.300773557938015,66.93165552857064,65.60961162206266,64.15649346743507,58.306805115692995,67.60504986514056,90.81486881075796,63.423638928744595,69.25889194900127,73.43798515205233,69.60094914541776,33.102801950988116,78.45715954340952,52.132242307719864,64.49973273323168,38.42024881059079,61.810338299834264,45.212394757101556,45.643341657355364,68.89303638004685,57.924000982318255,60.588717868930395,58.108606629125376,45.362434447853786,63.69270498998536,35.94165610954299,67.66886009901377,73.74835993290742,55.40554467826185,50.2071805923251,52.56565071897644,74.23499334432408,76.32532884881775,48.025871208264945,52.137674393985016,67.65531546945884,77.07451678065316,89.78214396907211
arc_pair_129381,125.76865563175649,101.61376271059395,104.28446314679735,94.45592193366,100.49639890892192,128.35724955978577,136.9772589336961,101.06086193019524,71.83604908498081,91.60933003553288,100.01285856710925,99.88123584738216,82.15110706989093,125.60210883188857,107.39781277628825,122.31812483237536,132.05076229980946,117.45445092929599,75.83481739677808,83.19554167127131,77.04891836866119,98.25899545373665,77.72182055266877,123.80624700143136,115.31291036343632,80.21672161028805,90.55843187169957,108.80347809395234,79.63863953826396,102.93240298479617,123.61622557400237,124.58744081398316,146.14462233750956,128.50882678180912,94.36946323278968,114.06266803875582,102.31669006197416,114.51082321038746,97.93636197344007,116.24293878715145,110.11296737507617,102.7260613005024,118.42846268259476,127.11445225819094,105.48989610953242,93.7972917964382,118.55021289414661,119.11993350145188,81.75018280973667,126.86149270644614,108.70061754411577,87.63293005316973,129.50537167540415,122.45144599856322,106.9497207542497,126.89452514136678,112.8057272364584,101.18988906280327,81.37135814152637,113.80853960025466,62.9231721831903,114.69069540070018,108.56754216319271,104.0027852090293,76.39073528485274,122.07529559243022,130.3996297917488,77.83447176557766,48.40999339178969,93.93835960085724,94.89689187069118,120.32384074704333,142.39352094255696,142.70892469912317,103.43614329890416,109.34884302689719,106.67242639438949,130.32728658393862,76.79902149271004,115.8011341878765,97.87573956192452,119.66235665703056,105.43791943516874,98.1081204845155,126.07517402272468,70.15936001815061,131.22565227495744,94.09830187110126,81.12453921792778,114.3628267504046,116.54823250456599,120.3263467659726,112.6539474775542,119.99891391583517,125.60208876883007,66.07487907681372,53.244559168212994,0.0,86.75803060817556,90.47988463741521,112.60650791406724,85.45204657108448,102.852596348008,116.30320817283403,108.98789404577316,114.13639114466022,92.14883359005856,114.87088917394863,88.35358086768726,117.72845011861318,133.7248093764532,135.00927030613286,95.6123033229544,79.608608974121,100.0645423227817,54.93549466632996,102.54078046396852,108.73575068849715,110.95668718131968,94.94209442952615,112.28978907916652,140.52364137053587,96.27717958891559,112.10135707163931,121.55889706765569,111.63561920932366,78.01003882936378,116.8166809544018,79.3197998289769,102.2041420201866,69.55365472879407,100.66018377569901,96.65185506634597,89.83069716762847,102.11136146694844,95.06803710804589,85.6382515437414,98.54444016830385,84.30060922183064,102.20729820168137,67.02548281176205,100.14826030988664,110.08257021858023,106.38482947258188,99.749966248333,88.21770438788563,113.69736046751092,116.06078818114581,88.73790027420954,96.30488479505613,110.19005491863618,122.15308714645332,144.55435711737812
arc_pair_271027,81.43172567259246,53.331398967010045,112.45378742353412,54.09085728118652,58.326411760504264,92.35620733058065,62.511924964467525,51.4903922684082,52.374562087625684,91.40828392345321,57.477206237019885,82.65984960116553,67.24032181508902,68.43596383578806,70.28792234800167,72.1368422477472,74.08408498922864,105.97918076021504,80.99106156581385,91.49656438834609,79.46192652311314,71.04671681883241,96.0653636558952,61.45869332039763,64.99250439575385,79.23106366816548,50.73430272470742,70.25410975369566,77.32906230867196,53.904522679053116,73.04330693515692,85.04615890698827,99.89574748029125,59.21950590128792,55.297753840338274,62.390160423009306,53.79399582420856,69.8545317833015,53.78440269842473,90.41144700958333,51.43257140958155,71.77198796268547,81.92160474024101,76.51998004599002,63.67196643789839,62.72005319552122,76.91077113430052,72.30853070686359,71.6296535243976,67.65072582251679,63.45811051480847,47.8660628028625,57.63155314646681,59.17539962452707,79.3535723126135,62.15596975788078,71.89758955821812,63.34550689680261,68.8507238077464,55.34417837083965,64.9106036757017,59.14352504982846,66.09318270164856,109.05780661377563,40.54794786911306,69.06749115732194,76.79969099569603,60.08460758489328,59.22537363451226,74.82037379720197,43.57934139599682,65.3850784583682,199.3918363238153,81.41650304810065,66.37413788495212,60.79729386868286,62.686301056065524,72.51313807333949,57.392384731875495,66.2038694813179,52.293564665103126,70.1579156126873,67.62629584633592,79.43852537934913,62.82761312341021,68.97301137915993,67.14354891688473,53.38240525043214,72.3549010565948,56.97777219244166,64.6769451883111,113.43915365618392,80.29165250451966,82.84181915278788,74.5497519356269,84.87082274017048,55.96921585073099,86.75803060817556,0.0,64.92076917415525,56.82801904308811,119.97690346598277,67.28286048989116,68.77531354192635,68.8849443241082,76.20595059116351,89.66538165826577,80.71635002081683,50.89001045331557,48.73677746166232,85.25019068517314,83.53092636269183,64.75383562882487,50.402845824682295,70.50671545160289,61.121658110922525,65.5908606694922,82.86248951343234,63.237331368478344,80.78776629538831,61.248103064823724,62.47292892660336,134.6391650194579,96.82116297105273,72.34364170900622,48.63036858370984,59.17923650374342,85.88429825897663,58.90870308160757,91.91546013980883,87.98877671684721,52.73766125274646,62.528726948886366,97.38930022704486,77.35221096561202,55.62715383876115,100.67449161936833,72.29360887137985,74.40156644626066,74.05017550455378,75.3705718465686,112.48647185966972,66.47698692104473,42.35542173749445,68.39594749123465,70.82528546280791,61.89054487642208,76.00896514758564,115.32425050835303,59.689871031101134,53.40112962852096,84.58593248971067,122.80051921197686
arc_pair_493828,101.01732776165126,56.17340897494602,89.20758964138696,47.63576873034922,52.4178433349627,95.18349866983885,82.4829764569312,48.15432104592726,53.762716533383724,80.27618089582519,74.24034322590414,46.60477065354473,63.104224292468146,93.29936460048272,57.96976531905213,48.598091275793635,78.86135966490704,77.95871038719406,66.85017456676076,90.88021777803917,63.384197676687684,47.05420878913176,95.23730809713956,69.6521067188468,51.08656508542056,59.966051113504186,56.042101910144915,64.25969125592492,47.81292257675615,30.283692287935207,62.943943404755196,72.07643968629954,93.94620047284349,54.923843071426795,58.983796734073394,33.19660249513416,69.56362048078763,59.489405938843724,46.000597478803584,60.53703676138685,49.4615128407725,53.00200868054539,49.115906565831395,76.91975464681474,53.34561037819127,59.96710065878494,56.51501306611921,42.976221990569115,48.41861906611332,79.74891613831545,78.52055999172602,44.02970454472211,69.05788741575327,55.4705219457446,85.65396429418067,84.80528202586413,67.02883154689646,60.514713904827,36.639314345769186,55.66106929702243,44.192776639243434,51.11612908711357,55.86065174390364,102.24273755614038,34.5884272774209,74.8973006988713,75.90670619397633,51.10429561911127,52.08326556401891,85.4125221179242,46.60123164841113,70.27261843831215,173.95939317374592,75.32794655287609,63.681046587692215,64.5569845258834,42.80150449172068,55.10729801769544,41.921884243521006,45.96649803685705,58.879641903227004,76.30693233497229,52.25950999881323,32.35009726129054,75.97567598194922,60.184117800834144,67.51000988038179,50.11856381156038,56.120901412890404,50.67535357624802,66.70381868924265,92.65615872137433,51.435340801042976,76.42971018081232,65.6472954145124,71.77515587278118,43.979031190733735,90.47988463741521,64.92076917415525,0.0,72.3838306941899,83.39937794929904,33.80121627808099,81.56223974333341,71.39725214218586,56.444456100948756,102.29321907689416,66.04553242129043,46.9904044879374,61.795094633526695,95.1313997699938,72.88655971000549,68.7965697508123,46.03807421324882,35.74086472350784,57.6270613324936,81.55697726971925,83.92813048843243,44.0921169842251,43.7230777183959,46.03607033724331,84.555326153034,105.7712646911702,77.91420021034824,56.32145715650477,52.73363009001427,50.17150857490164,73.30881895006993,64.51887596925579,85.94867785853108,69.70901536714038,55.16245031069176,50.39891805904252,61.33293987735195,71.54514038469488,50.985417840471186,89.0956040313265,60.76684558356435,69.6420869231138,59.13621396677695,75.89421258055816,92.86874183501821,88.86184344538907,50.32569538859577,29.433136479669827,63.399532547005094,66.29390698263208,72.71815145512005,78.32575696756717,34.56149428879671,56.72830839624426,64.57325024173733,85.51828014551583
arc_pair_336359,57.47651908884463,48.68206304939213,118.98139432715303,46.58160254746389,33.692706577705614,86.8302153642874,61.49933405204062,43.95605353762531,62.83739342326452,92.13434029284954,54.980722228340845,79.92236191374303,67.91870566562515,55.930935631316736,60.60326025060376,41.51313173070728,48.94153344189297,121.76513543182494,79.66124758455737,117.4163478101286,83.66846802835487,75.78689023972493,115.35382760951589,40.79744581490761,63.86652130443596,84.4547233439334,45.39545053467709,43.506286047149715,89.54469466873631,47.080413631265785,61.9947322720738,72.2256467439461,74.69078546207709,39.41392163627963,41.050991428193996,49.01672486131861,67.65957220922381,72.78151638640286,46.852104421719474,81.31122000923438,42.300888628742214,57.89822288884379,66.2339593107629,55.3924900339463,48.252445355845154,73.85995109068185,64.71405110752033,68.52374559994432,80.92028001844648,34.371757847697374,46.72494484612595,48.63980718463303,59.33225408364122,50.434720003997555,59.911094103831644,38.23749906071738,75.35439869958819,54.95077838943864,61.08942394228493,43.203138457379886,78.54985506065641,50.84218138036459,61.39295170530694,146.537353914385,50.1078747402272,42.21240024803833,47.80704286270051,63.715512625826186,69.44246583917264,81.13069114915328,45.04336406970302,52.58512288762115,234.64803980110872,65.17606281502178,86.7838003669493,62.71595221627346,60.36461887418545,43.73665781663385,54.97800259637553,47.31092702619165,46.16685905825936,56.79061926247511,68.72342906851662,74.34002813417888,45.55585099832293,86.50606710383585,45.64853877125255,53.58616294215589,83.33388939212078,46.43343248018444,45.540878687535695,123.2753433980284,67.57644388568602,84.60279283934491,59.72299145787489,87.91635005208244,74.3268547123137,112.60650791406724,56.82801904308811,72.3838306941899,0.0,154.14934022616546,60.38804905210933,72.65810825480688,46.12285241694016,54.88661539735631,81.11302371951288,54.16206305936724,51.014513581067106,42.44456378963187,54.922214930972046,72.92314145393595,51.45168267617248,45.00949083332495,44.77058134132167,64.44329790475703,41.62125631889443,84.53059685388911,71.67636878629729,98.36859732875692,34.25545087145019,55.96679594171712,157.9237047447097,90.58522250679107,52.14002264849397,46.42127479057559,72.03125287949268,79.68279378771452,69.46726614653178,110.87692693875827,100.06435184789532,32.670929672744094,63.86814818401128,110.85913542768093,74.63860239635454,39.76437700463836,114.83610951074944,75.35558119328881,95.12166538708206,77.92086633849861,108.37491777275571,126.26233517944567,56.55462019355424,42.11737956507578,61.30301809515473,79.83850780724364,52.983496087011765,85.19251111686292,128.78861769949054,58.27703203612273,30.686220674892468,80.31607935240645,119.19083921473728
arc_pair_621082,206.53912467279736,139.3817952236384,63.03249002564512,139.46728415520656,145.89366652868296,182.7906572526954,195.8516440062358,125.07314912962272,103.10715502473838,70.46085186147319,129.17348551472784,117.84150507404458,86.04623904516191,206.31705459559913,113.48770936355548,150.6021992197416,200.73210698839756,76.52716055585944,67.83069346293227,59.75352860234801,78.48892431199795,97.30249357340813,58.372430917159335,171.93702616649233,127.28099596462648,64.11715772018873,143.6543942055968,151.6530266182608,71.27197754922437,122.12802544977956,176.75086024469027,108.65504846320485,192.1070757307087,168.80184986398424,144.90638615481885,125.56709814250172,154.08292980019004,116.82912455130901,127.19995944052035,113.25918880099131,148.8548472708855,123.280118856021,123.49202023106342,171.9966380920551,154.69954264724984,104.69100814572761,106.0727525071035,127.20608525992832,70.09581797940446,177.07229404158932,173.48143522019015,113.13367148708708,166.90788161110893,159.87303346692343,176.4975651295482,196.99550135261245,130.97651533649525,105.42556917220685,74.3538321625326,164.7562876013653,59.279252627898366,143.4447434673737,136.28037030596232,79.51564120243306,96.81509165412525,178.69401132702976,194.70294726477516,104.16676720449385,63.54110959847138,96.89515448209275,117.00282430896911,171.4298835193619,85.1539086588375,181.54839451383248,92.35489059440852,159.45466543240127,130.7294255715829,167.9413714538503,84.99623254519352,139.26676600744287,120.08277502285316,164.84628057233616,112.68197389176764,90.5051701609284,162.03223741999165,58.746905346624665,191.5841621405258,113.11855458770098,54.87086879155878,147.94691753051362,163.23845889640205,80.57029191669042,139.3868833776958,131.48668517468533,165.99357579765163,78.71342088836343,57.92106887749091,85.45204657108448,119.97690346598277,83.39937794929904,154.14934022616546,0.0,107.05413583629979,155.5710022543335,164.7246840830474,146.590474836415,151.9660925295912,157.38284483974724,89.82690212513356,159.96124988634395,199.113169872411,144.67010504939836,144.802944825563,96.49636134177697,118.29866192296859,74.19159742449428,160.43318514430558,126.62173086875228,86.73299630970517,78.22298006014643,156.18843238432368,198.48897059832098,43.873017759965634,106.43097878870967,147.51601205002706,141.04582522926768,68.4320236123807,163.91775044603247,116.0605795410691,101.5092624419242,50.40108267949639,152.34177948783713,80.95500787991628,48.2594703928093,153.82096291797313,137.993970931617,74.28702494457562,99.46611348670025,60.828784798061875,97.8128763456805,64.84493100313503,77.81337767056279,172.24781217116268,138.05522421944607,93.039434878793,96.3619418416953,167.05568798948215,101.7463813083548,52.32431215925869,132.0673871648519,156.227605143984,153.51454908312667,110.54632100742575
arc_pair_731860,81.05089066398702,50.87386111445849,82.45319266801772,48.91813869612208,43.96821866834057,80.87591600326188,58.24420556948771,34.438627954396765,39.80999773247551,75.26469647901503,66.10208091796919,65.91087568978615,57.35098860722411,81.46056452643728,57.878989795491364,54.50121803406828,65.64266380263757,73.72689163597742,63.83098434683308,91.12967719376157,61.27695654383958,51.33115581056023,90.11979929872561,54.00876234188193,47.84450636668517,59.35770569079173,58.00804730658312,58.077219402606545,61.69045595988713,25.77610255963485,65.40404669174221,75.36289251004914,76.12139839885579,36.90295246789975,53.39224220111588,25.729544396446528,61.939065541661705,48.13357226685834,39.61649401388339,68.63773459313884,51.76704277577558,57.949672559535955,41.05596250145983,63.40830476379473,44.531445763524275,46.94394932304178,50.376907450856706,43.95249026295471,47.04141802321027,70.0157748201294,60.5911257871965,32.74651353188138,44.40360016820572,51.76747286197743,76.96837777998199,61.34750451223009,64.82755791147639,43.83800220012328,43.196877745375055,38.27633179274345,51.66644677722568,43.79080445780821,34.3563630168002,109.1576997695287,40.1862038701708,47.31668318492475,59.26021793336955,46.588371813194684,53.02101401639047,85.26637755075352,33.520690949011346,54.269539588727575,184.28155273998874,58.176704562206226,65.78336574353426,50.35941556314806,34.32244924618235,50.69218071041725,51.59938788777994,44.24379659706642,45.498193612958175,49.09203263299647,58.89769524796331,43.46322005431105,59.44914682472153,61.03401967948342,53.834915859811545,33.42465024443851,61.307947620403354,43.279366028357614,56.82362347734798,104.13806021538863,48.896164452081194,56.18035065117813,59.307079587592185,80.93000437189346,47.25885745136843,102.852596348008,67.28286048989116,33.80121627808099,60.38804905210933,107.05413583629979,0.0,61.48626019941692,53.87402042715472,58.327356721667556,86.20925601983049,59.044201639374435,56.12546001548054,48.87145225814963,66.6614723561996,61.82225616436654,62.9034131886046,34.82960661229418,40.727772967729294,58.01130086552171,61.9233486271884,71.28927560493572,46.39907913200702,71.31267607420479,43.34421768328313,61.542915919283175,115.4506881600511,60.848758803140235,62.15459656139517,45.91073441984898,47.551208419379336,70.65352694949823,65.83628927179586,72.57380201091193,78.43520531504493,44.49947089819287,36.40968198094845,67.0451630385604,70.81988841752288,45.653780284494275,98.37945822665306,60.464331509262024,70.53432303825691,46.45661942765824,77.22794888786078,92.98917528133708,60.395794026121976,37.78574610549727,48.93028735555021,59.08346804300105,50.876923782813314,74.99093441881774,90.58897892082129,39.96461498484392,48.879221135766876,62.17448902133039,108.71717603323765
arc_pair_323321,54.02834273692689,67.78344828599552,122.98915152918804,49.30118526125579,56.6039654997276,79.00800557372182,45.55622998354535,48.88982094654666,51.809100955819545,98.50255109867598,62.00860739464888,86.75384396065454,80.23767798677359,60.014342505177474,96.18106625631873,66.07735363105681,63.39320740814666,133.950964260087,97.45750850168687,130.6431049542324,90.12544138728646,83.27367297410228,109.35899917899957,51.068005338210305,74.33825858025024,102.6436103971577,66.93768112424794,58.62906271403471,100.66010371470453,53.80225575518021,60.31241363029197,120.79412841447464,64.21991201014612,54.4206533970529,51.68128584558964,70.45291848927526,62.27562938929617,82.9107202611682,59.62616164478901,95.86078460698047,60.788336592444125,63.8771084883349,71.73144061060376,74.40087695551117,46.51426266644786,66.58209747453562,97.48112212563191,75.35246663448274,86.66491776111911,57.635852414829756,51.996812942472275,42.85259849611403,51.9905127743878,49.43716336050814,75.39949838696113,47.098947658836735,81.22391780495943,69.6795031739266,80.74731665908456,45.93235169355168,72.63141444796314,50.937165766016975,49.865517605973885,140.22529137369474,64.79027769282143,60.49770007473549,59.81206371290682,62.94489102514175,76.73707128970005,94.60805754566962,49.11431883887617,44.06185143255214,231.70484110673743,59.76847278665571,92.24348848129043,51.65980443966053,55.2376874353415,71.42969645571162,60.838192770459614,72.490458884583,63.526770870867566,45.21845689569193,99.63477602554767,105.22696439802988,58.786311665295344,103.12717227472147,54.313567135647844,54.65232223861695,92.51350013082589,40.10979379975384,58.87414986196879,169.66378935312517,61.275404933362275,64.11664170405085,64.6505837218838,113.41586506052352,71.49447963284275,116.30320817283403,68.77531354192635,81.56223974333341,72.65810825480688,155.5710022543335,61.48626019941692,0.0,55.29711041277692,65.15290337046675,75.68592015028719,67.45012494586211,96.24430616611106,51.906896951236135,51.97962723466938,78.99018374605468,59.36478348414303,65.53261436829892,65.78526572515196,81.29478550877565,42.93972633317773,66.12371356176402,105.36608417392868,121.84233019300156,61.62380512425136,63.81680537488957,172.32414142499576,82.18746929335728,55.49177617168617,61.580677084392185,78.84004290055944,76.87961969254233,75.97651442452295,102.26495798051127,115.28505647911336,55.146466642903185,71.27062805438385,126.05239683830874,82.24594534196515,48.769992834512244,145.91343894712062,85.96147649201376,97.7498719943736,73.6299082021873,95.38023379044975,134.71099938808325,52.86353775191728,45.964734042154696,91.16469224113072,78.82748565510025,42.974253889223725,116.74723560151968,128.37232377163886,58.93236737040222,67.50807743365536,83.34220525271454,151.0194447718267
arc_pair_462000,35.522428188443016,59.46440020507141,144.74339739179155,28.459252475507963,21.189256724422705,69.20892780370765,45.73660029356114,45.67461217105727,57.06359684293148,106.90972209080165,52.02181954446631,59.38338649846591,72.85285860243545,43.50557386109051,63.54772229261483,39.38501157781812,32.797209832140894,126.2189788165153,91.41268797825867,134.3488752021316,82.58371230980606,58.66388725086851,121.36333960307766,31.17821809754586,55.69821322518148,89.83107567584038,37.82405699147774,33.501607337122984,84.38093550213235,41.947208486962325,42.816253353641244,100.59227221292156,52.72279795007839,35.1607385436742,21.60460561110755,51.989034620455634,66.47061129088539,70.78918772038281,50.585097597692645,65.71675626655865,51.50993681957764,42.08985277655239,70.10093910975414,47.171271974849134,22.338330535879958,66.77684546202563,93.84672764416413,52.84862200540785,99.20734031071798,37.536112511655325,24.077059427916797,34.59362456989321,62.14339057607746,36.13768427332319,41.24802967805754,30.44167754231264,45.49532101205219,69.36357699364264,69.44004589548447,32.25279697019195,81.86567644404428,33.96305397305595,37.267954253099155,146.6582307575326,55.37087255258418,49.14979846520171,26.011488842237284,57.89788753304545,68.18090862001374,95.38292478494843,43.468935464050844,37.05267822186943,259.6695046156092,49.33826696459688,102.40779118723778,52.83596865895705,48.08512566047189,51.22786453690075,57.718103632597554,56.571498820206145,54.50401409161486,42.52843867389795,65.67378893858303,75.93359620699829,49.14252897058131,105.81026877690186,28.428144094264315,57.0988470595708,96.46752760697171,37.788737045483074,41.049708491590735,143.28328980128916,42.386464536740135,69.34871284003535,53.45490903247428,107.5479877945004,69.37550926039512,108.98789404577316,68.8849443241082,71.39725214218586,46.12285241694016,164.7246840830474,53.87402042715472,55.29711041277692,0.0,35.60694451976843,64.0807660006997,38.65400687181567,77.73111266133205,44.175544850451956,37.11936674520814,70.45664656283817,37.76137655351205,48.01481558745789,38.22655782494104,65.03289733233994,23.47542911641996,62.041267722236576,90.24353899479314,103.40348736794869,26.931367071861484,52.31383207176036,178.95419499953346,88.10762994437245,50.78229496316825,50.090917578579514,84.35384831078423,46.185474556476755,62.71272900211336,111.98895690591486,112.4050966553767,33.95153693263788,82.28567177958605,121.05886563112843,54.67158994508652,17.89167285441618,132.78765670062018,60.71232003916159,109.48714881338898,85.99332592561115,114.36940585964658,141.98487531895853,47.25306894837746,35.14903099136754,78.56894226644216,82.868643442462,33.38302547159161,88.85845871611507,133.56308186417976,43.116596256737445,42.992920402643215,52.72750777684594,136.80124954557084
arc_pair_43532,50.3230702606748,55.901827544047435,141.05237653357634,36.039862114052234,37.42179674995488,75.53546024758373,49.38745646627822,40.21446305723734,55.34235385711224,105.72631607339153,51.388010257882826,59.00264292214708,74.84110905980246,54.27426232287048,78.02263046119748,30.034901770813853,38.72422445830222,125.38622922743578,96.85774112721217,135.67206796399165,85.0025554754367,59.9644723275609,124.59803391774531,32.9637577438479,42.71282870544419,92.22373144800461,46.28621422669619,46.74230417083733,88.48382329816774,35.22129496647231,38.51949871418627,88.18586599965708,44.26342649536441,40.342718570126706,28.543815369887426,46.777890735025274,58.72411558339115,76.85293735047337,45.29727183104521,66.76203970728304,52.455046123718006,45.891797717849684,71.83319885631438,53.78775810947116,27.594307985547943,74.14218651834787,92.56677104328915,50.73765612811693,88.5457519937064,39.010590685200754,45.746240701835525,39.571048282025814,64.6201171296372,33.915890938525855,50.84230861971024,43.82666629944791,57.90533484778889,71.75928876011332,70.51964149999675,37.0659090080206,73.15011303957122,33.2736218410229,45.589653431626424,149.89674050139948,54.09242637178485,65.48245310042299,33.473817110296864,55.83221661812317,69.01371391559367,91.61259713806037,42.80349306657571,37.92412621945225,243.28374316983724,41.10568850338414,103.57577995886639,56.89854702029097,49.10477921225244,39.69202216347145,53.96919905058809,58.13095177623711,56.658328782831816,47.06546047879406,70.12645262733298,66.90543884181977,53.13429474840456,93.77202140929236,37.76307058667033,65.80466787986043,94.29857851140785,37.51115137414942,40.699612362716536,146.5962529868791,37.23334258013114,75.82229268390884,53.169405981106195,109.26898967853768,69.92709307559524,114.13639114466022,76.20595059116351,56.444456100948756,54.88661539735631,146.590474836415,58.327356721667556,65.15290337046675,35.60694451976843,0.0,78.2935659941671,50.767051588510256,72.56396485932069,42.8533406249722,45.597781908135914,69.22534076442767,47.943497314901364,53.35196164796253,32.5191942574635,69.42382550178911,39.74280258789066,63.57235458288741,90.21033413178878,93.23829122987904,26.24149191549801,67.61732726106159,170.07601050217696,88.55222757961789,41.16288418214706,45.33267258684642,78.5534968373283,52.184973838157084,67.09839332579989,121.95527738919547,116.18399664997125,42.912490322673946,78.6522527098667,117.34868722449127,60.21506145507452,33.43611256626208,132.25240904712854,61.228231280850004,105.3532820409173,83.94542803834044,113.78751461697223,134.5864758885897,60.460862765233756,35.92858032826053,54.2341758462031,83.89887922834221,36.74454216863743,95.21451378201718,119.94456742938084,41.78813830871013,51.53849762534503,51.274725848083975,138.21049717113738
arc_pair_131562,61.3169359145956,94.36631926253938,134.31532363901886,63.899330469559374,71.67350472307322,100.65310721517028,72.08071481155312,68.64487463358067,62.18486228230779,91.5424950457712,58.96695502479407,104.30500188226702,77.34823742475865,73.1692798689217,121.96631967876743,84.59377161075791,60.65787901847207,156.2783975053365,93.26300245366637,116.91411625536543,84.82166507605868,98.45383058648837,105.12902677994477,81.27048353797493,96.65459224524253,87.15421273704682,63.92916807126234,73.21369648324891,95.64842325277961,81.40507222366567,71.54312970702719,137.68708711049544,71.2396983896602,84.57759712850509,61.8354177585679,88.34207293785396,90.81147160280817,111.01097128720866,69.38482331697296,120.75411834236291,87.08847334270769,80.39301606395011,103.56181494982806,82.00123993835842,62.1658008980572,75.69906528651762,114.91999461634677,111.34909334736483,108.72918698390873,69.80481685523927,52.300115371533394,63.84499133594925,91.9416392327581,77.17272359453139,70.58019253920459,69.07467794156344,100.64608144331763,91.36734624751995,90.90747250608885,72.8942227702943,78.00392547726248,82.5302323063161,74.98517832630239,136.31266512919413,71.60099140670334,77.91222803366713,65.33879902705633,71.50742633030461,68.84524136431837,79.23463449014552,72.97504199304115,75.83036475330867,213.55863493023884,86.66318387177267,119.1834139719982,83.0801222479209,74.10285693995499,97.11289946695679,80.11447443470252,104.08992852590998,74.17311212899043,63.66549515390868,111.26747909192483,119.373812809739,94.56139395353844,102.51458026658594,69.19803874978638,71.18932912277859,102.58228351673199,73.20353915146892,67.28630553515353,166.26444446811445,66.54343616828439,97.21562800746739,85.36186841642711,104.29553628134252,71.53443207742549,92.14883359005856,89.66538165826577,102.29321907689416,81.11302371951288,151.9660925295912,86.20925601983049,75.68592015028719,64.0807660006997,78.2935659941671,0.0,81.25655619884645,87.80122274646293,76.24514360995244,67.04417844982372,107.71119319675176,66.14175319998671,61.37649989661712,81.37318297667193,65.96738686308873,47.93222723091049,89.339525254636,131.0774496625377,132.78951160696667,75.00732497765767,89.5121368655879,165.07949992418904,78.36532815566676,88.58538442381396,90.27047140233677,83.37047627740236,92.19600835816883,63.649844344968486,93.96304863419508,104.66413232807636,69.25035820201674,96.96337828589625,126.73567474017293,89.20478856921879,67.09218242789646,124.68074382270567,111.08917754010255,107.99923799956886,93.61979228686256,96.38979038510433,124.6634818979142,69.4760033394489,71.65693984316607,109.3277739812143,82.3232564962442,60.103904871524435,146.2433056054287,126.76532730219026,78.62518123929297,82.06208108981825,109.90183443961101,177.21436071722744
arc_pair_119264,49.31343939471775,64.49499029600688,144.90783308429366,45.69320577480419,34.523402693260635,83.41970464714002,59.505522501368816,49.804549367986354,63.33594463798443,118.49698774096383,58.83803933191888,67.54217971552443,87.69164490373035,56.03792744756398,74.21216004800634,43.243492700200115,46.16749599913192,112.79820700182779,105.85628850077862,148.20152533184628,96.42590262272826,59.834833232229464,128.26463567453052,52.400262563854504,61.16132669226044,112.08897867694431,55.75948301527504,42.567823379720664,86.15694649233308,50.844892694580025,47.541074611443484,83.56893673380065,71.60584454884973,46.732285942651856,36.07114613677774,57.578368961150915,79.36781265675471,75.05684440780733,57.90846327284797,58.55420151076586,61.94852659384267,48.350090373578894,74.55228345140961,61.16192709896902,36.14266650806981,84.68368291051851,94.28368116665571,52.656883941207695,99.8039608665575,47.96096130853466,46.149788212209266,44.4174149993065,65.60879420931235,48.30635541535323,54.47816673157551,42.859825873547976,68.29317676592446,70.6418774628193,77.35927418783334,49.61665339273765,82.42389102714691,40.890297531279714,40.43980981289142,152.72524892343884,54.40792185729637,64.31900238949508,41.21345688418639,73.39578606193007,82.56735957516838,99.82969211567152,52.63703077581452,41.42215979116789,249.3320216403154,50.4393744609173,105.14054239308278,64.6948527549666,56.831982329723964,52.85459482788856,56.030392132916866,46.04108830487966,59.47799220815878,54.51260199750945,63.75879008166704,76.62303105828227,62.86661320568509,105.26709342641968,39.182624073850384,63.85197104388325,96.13562103440526,44.098931113803104,51.12544904044685,130.19713051308446,49.99920151684114,81.72174787246246,52.584176982804124,106.84456280065808,75.75469565013682,114.87088917394863,80.71635002081683,66.04553242129043,54.16206305936724,157.38284483974724,59.044201639374435,67.45012494586211,38.65400687181567,50.767051588510256,81.25655619884645,0.0,74.34671912876183,45.656195711079455,50.280001342438595,63.71831006475698,46.53404062582512,56.07749806964006,32.488160579309394,69.19821597256609,47.24007400154804,73.4147078691689,82.3195782888639,92.57381730167045,42.00563676433445,65.16425596613128,177.43275944429234,89.36449308379264,54.27491924554081,54.1064194150032,96.97713374820418,60.8600457983632,72.4628947804192,123.07822899061057,121.7578243117316,52.21969972504026,68.35781943304109,127.52652741192338,43.14655251261429,30.051310989303524,131.4439697874014,68.02775979727616,112.16842772315067,65.93898006733191,119.84818700681141,136.5422416024888,50.87889839355134,47.9253022321937,68.99755398836041,80.9645927402899,49.32797708345358,93.0936834260333,122.84486238257162,51.39625595894506,59.229460554146414,51.66480918101666,131.3160494219486
arc_pair_625567,109.38463605485592,65.64380198772548,93.02607579936488,62.10045175356401,55.02936715129835,109.20370544481285,96.6624430426045,58.25731074038465,59.78140125352219,88.59077940094946,61.63844583094945,75.77492216435661,60.10034625650157,102.22773521114601,48.81469254943798,61.73552366826846,85.72408825445422,82.96151386925968,67.06214699399206,85.77137904116933,74.33283824188163,58.396051190109254,94.53784820912004,75.31702052806207,70.27029887228983,51.1363028053271,50.259946597123815,63.82670541955674,51.727036229850924,53.13071310919598,84.91335103652986,54.65589751675128,100.72548168407053,69.19686669928788,60.42597385769928,43.05782407017939,84.7609121555594,80.52541534881358,57.93313820427819,77.85906004341503,72.01687756380042,60.73710848338904,70.8447536783317,84.35361223562407,67.58671553267997,71.85968110677521,54.797728542045085,70.87058685977362,58.146961537826655,81.78749035132572,72.62538214696889,53.789056166979194,88.35641594018765,77.0325167926367,88.10717262581142,81.31143064787346,75.71570226852376,68.98642634121775,47.866861276248365,75.13053054731616,57.22473404178202,58.89234900942145,62.848281672261436,113.26046713525011,32.767169148198576,82.22102532931814,78.08580086323269,60.562163822252145,49.62574068387373,74.62041164200541,55.00045773324885,85.528650065697,175.96566246385345,91.90144080754358,73.77831741802426,88.7481174228873,63.81746151740891,67.52505043495796,49.30905206446141,60.64585886666684,55.40404833452875,89.37635627615141,45.01337296944348,47.82071362502333,77.80055649445906,56.14126923959639,78.52766145328096,62.27305189943667,55.49643628374399,72.70415403649417,77.86724501903798,77.66484596804702,69.86053168065175,99.1902620337271,71.68440591568122,67.00218835628051,47.74706794559943,88.35358086768726,50.89001045331557,46.9904044879374,51.014513581067106,89.82690212513356,56.12546001548054,96.24430616611106,77.73111266133205,72.56396485932069,87.80122274646293,74.34671912876183,0.0,68.20640784877122,99.39015280177631,83.37281758756542,70.60514336861861,34.37556201522082,50.5404228997925,45.95497264672218,79.16846353749214,90.04483744415366,43.271863483517045,57.794099625931054,59.954987041702594,98.57350114212014,101.3163478486203,79.19285924282728,66.30898472858276,59.909685041731585,52.9445815284653,94.29313205850941,64.07848485628232,78.41675867987736,73.35233860295142,64.17416493940412,49.41140871202308,64.76405530168454,82.38954158342096,58.81181430201789,72.28586152564559,74.51694494970148,69.16955583308092,71.62341266126965,81.48179371849709,98.84353669730521,89.24725334866116,56.45783608502397,52.60360004060345,59.09905243693815,80.09069172565268,68.71324881004074,85.47737558861526,61.27772864983585,58.87749988800873,91.82387358713164,100.46580212265546
arc_pair_16513,40.75876970788782,32.69527598130702,131.41469858416477,39.68701409314891,38.796666424353305,66.19692083571911,22.614424357430337,28.374309022906104,42.54556986448992,104.92155158437848,43.1236568902137,74.87269610035611,71.75041452168568,38.52148046305862,72.54537458286629,42.94987994062642,27.154782122358736,114.81554338706093,99.14993163605297,130.29034056269415,87.95339623270485,62.688755358858046,120.71576046991791,39.51977420145617,39.646993046853076,93.16507809527045,47.58780640235595,50.076276674973045,83.93665174970852,33.551489035067476,36.45773407578322,86.40859195304354,49.693609250695545,18.89976204790197,38.651280755395774,44.46416233814693,39.31378513032643,57.607174128851796,30.28163853933324,72.88229557158965,37.460479843898256,58.70776877474492,61.20399198450112,45.21503581716821,30.511358195985004,61.8648552741153,76.30696364292702,51.97772219597932,79.78667752129061,28.733859300034883,42.90037761208164,21.30267007116223,27.390739389800967,19.583986880308228,49.83061965244173,32.38242728908308,65.9967110351248,53.920159337614884,78.14434460092805,22.468950592540345,75.98335186609063,35.49382043845905,32.41268389844657,146.54398312299563,35.135584693967274,45.69203621071698,37.785170037087184,54.19407063722058,75.78594876044988,88.74319479234765,25.438516923462654,28.261416681482437,236.98473560147903,36.89716631550175,74.5619362105629,39.150360675946175,41.563639942818256,34.306042575746844,57.604222147197675,46.53786260452524,32.65070788599144,31.13507945269129,61.108429360978405,77.53671303580863,37.53347632771665,91.48694001266277,27.47644409145144,39.96350128232396,91.71416188730684,24.111152332560152,31.348090453229695,151.37985565124623,54.622259851850814,58.66896601181853,45.99370756457954,103.70404411504347,68.8048167122804,117.72845011861318,48.73677746166232,61.795094633526695,42.44456378963187,159.96124988634395,48.87145225814963,51.906896951236135,44.175544850451956,42.8533406249722,76.24514360995244,45.656195711079455,68.20640784877122,0.0,35.44915696639816,55.12958643818399,51.79749534683202,46.62011005175556,46.365421188278944,72.55526231406748,42.891177684253705,70.28034829254102,71.14617750640762,100.8159450218566,32.43414402663397,34.67817878964103,172.30282257346218,86.76128298694553,47.730242764619334,33.24984638896889,64.96569654087975,54.48933325532243,56.07093168371836,108.3454589900097,116.71072728060679,36.35722600868721,53.76160671029606,116.04524129647574,58.78042906604299,41.427049192608116,135.8081462770606,67.7974805702094,98.30284995172107,61.82720056328466,100.22195690166375,128.08703407902462,39.24276889719164,18.825698048455656,57.44023286660408,76.31337422057922,30.170012420563687,86.24590627256444,136.2878833973089,41.219470589027765,40.068248398124375,52.76939163138438,140.64371434406615
arc_pair_101269,28.524051375708034,65.37636309589519,163.0202692226529,45.48580236869682,37.75070840454565,71.85959178273767,31.772621677190934,47.57416027467551,58.388359986245945,121.87754940584341,50.79845263619912,78.74476645201909,82.46450236062464,42.489514425806746,89.67459554913549,49.097831576501875,30.098286880811948,149.27980506075988,114.66221793570624,165.4893466406591,107.0254464445483,81.48665770866991,131.1707416416871,43.08769599091711,67.37326356382412,111.614690137889,54.182245383721394,37.70417643083788,115.92733246217233,59.96635299301553,43.72525458344202,118.2049481243615,47.87705138025302,38.13118758772041,43.548927546656486,65.37484045443915,57.81651574294392,86.38113963786529,64.10749954309094,86.83819304507855,67.25966615520025,59.84859162204196,79.69746395828622,67.52800500603259,32.7736530972069,71.18609282642147,110.91459951548673,66.40237419907362,115.43532304932718,30.739194796818147,34.22231444463527,39.37511299769069,55.62504176625575,36.1555747704148,45.016775639370444,33.15942097530293,72.73679271054692,84.07438530324575,102.92140730597572,31.643984738303416,98.68699341533852,47.3112739047815,33.40269354618867,176.3168258926516,69.79875356278828,46.50185917086149,28.88438213647404,70.01935795802333,93.96504303407112,105.69758677724548,47.44853503438193,32.11416938928606,277.196633773628,41.655750602677216,117.82224096564713,53.42569172064228,59.09009729045754,41.8408875362817,71.1890987484787,62.19386898946949,53.34916424557618,33.24413640362582,78.01439762618361,101.36209620531604,49.70441561774286,128.07250206578342,31.693170387160333,67.48774217423214,122.01797743666006,49.06795988165784,45.528990726802235,189.08482899374496,55.020874316232195,77.76127843087222,55.72023427397286,129.82274660774857,90.27526786954375,133.7248093764532,85.25019068517314,95.1313997699938,54.922214930972046,199.113169872411,66.6614723561996,51.97962723466938,37.11936674520814,45.597781908135914,67.04417844982372,50.280001342438595,99.39015280177631,35.44915696639816,0.0,79.50341664704236,58.45800480912164,61.841612994075966,58.41703923114647,84.71786417631017,19.36288916042364,84.79883791269344,118.43346790109257,134.65314882519726,42.13333492389043,49.56151320895534,213.68296803860844,99.18985053194791,61.000150254450574,67.9876260968337,94.09022535644468,53.68820832319335,79.34255261073804,135.85842896222834,139.31272907665584,47.877518402195236,83.72979975402457,150.02492021785753,66.44942216532834,42.87452785697894,166.95773406832222,83.92505114606581,138.13619354034336,90.87999791670325,127.35131113483799,160.00402040054212,38.13402258225948,40.129702242503384,97.91285622452867,93.25048739238743,35.459918790930175,116.90904547693047,160.84122160537135,60.25476820781315,48.84256347817507,65.86939560524391,158.36876725134022
arc_pair_176092,82.20210967084275,60.10854249313522,118.80313988714198,69.87419063288125,61.9119252043023,105.09657506690053,76.56583288981574,58.72594983040288,71.53469795669469,113.91827568018013,72.20599496917765,81.99427242394661,82.7113692339222,73.5746885339788,85.82544940956174,73.1595414635071,78.5635085691251,99.74648220818547,113.1334880888636,135.5223670927238,92.69606247243524,75.44297570875156,117.06414144080186,64.4523055847246,67.47384779050313,105.78912945728979,81.02443881655081,73.01867101269286,101.01628241965,65.57757876149796,73.98280091357206,103.44899237337668,85.67873208383307,56.82079628536533,68.82159760280592,62.100909046828264,80.76651860794576,70.2832886553381,66.27189069377927,72.75784051308852,62.317034368217236,70.42411756137622,73.26874343456035,62.63771300076196,61.684147727755075,78.81201465721647,86.54164315521743,68.23028180569469,91.76578302785884,68.67349921668637,76.96150240975399,52.32019474147803,54.70427337346431,61.32638370662596,91.75140059986943,61.9519137678941,82.2212087778634,59.62803149805543,88.9943349017172,56.895683899444904,76.62117269914089,58.41715688823927,62.31925744215549,123.80854914929084,60.46723696717153,78.61637498618009,79.6293727490006,79.0122888654849,88.61937912698716,112.30483355308131,49.14981954554301,49.415930229113144,208.48990886988886,57.738843138397485,87.09463612915775,72.18428388523581,66.39956185440951,66.08731999589057,60.35033736878634,63.25006422008559,52.266493392840985,59.38232458947439,82.7176456165721,82.22733209050278,70.87413159445654,101.82476247953143,67.89943493951489,61.771024371794255,94.10502227020308,45.94416666171766,73.58493382285648,135.84447839786168,71.17121328270595,83.57773911292352,69.75258081925251,111.12502253097104,76.44326881894347,135.00927030613286,83.53092636269183,72.88655971000549,72.92314145393595,144.67010504939836,61.82225616436654,78.99018374605468,70.45664656283817,69.22534076442767,107.71119319675176,63.71831006475698,83.37281758756542,55.12958643818399,79.50341664704236,0.0,71.83794499458268,71.90902617457894,54.52170581149183,91.24345276612908,77.0241524128482,76.02709678482384,87.08141662119655,105.31441914516589,66.30214780949392,90.32415050344713,149.6379102606674,94.46021961858531,76.26628648120031,69.05295764245861,85.59915190958964,79.4280571589096,88.09473929196085,121.26301979289818,119.95667006689084,66.15414224139766,55.61063195774335,121.23197246743304,91.37919364949391,66.73233480829367,150.05734895850253,72.23335628779095,103.0335533709582,69.58409200133576,112.09580616740678,132.6879977355765,68.70443059391772,55.61592595155687,68.80264822642684,96.53185968441723,63.03980720267302,91.2122430838503,116.36452582256416,60.94133107194915,78.39106694526123,64.34014451514713,122.82622831719812
arc_pair_523521,46.76129132063298,57.81166777558485,132.15841231952007,33.78536436955904,34.43751769749092,76.90255701707628,57.65779262324514,44.66716290639283,61.05799790860317,101.36177196275777,59.933549611140506,68.97482034822332,76.83598573742756,51.71322893720121,77.94479583351207,44.41073521483557,48.968983944603146,133.66736780215126,95.20015136605407,126.12202062938601,80.13170596451438,66.56830928466411,121.76322209150351,38.63767185402499,59.92042381815152,94.09041681501796,46.98214386378845,46.627522578309986,85.66430366009283,49.5140066857699,46.367195923211284,104.29487928395721,70.84870707352832,49.760852050988355,29.811781417540885,57.561313808761355,67.68393408019044,86.84613291137211,50.92912389948502,79.95643487547031,51.110573845994594,43.290384391218225,85.49016579248448,65.7752082684178,34.95934119273706,77.81997256058892,98.98764201712456,73.23155568946729,74.92552996865638,44.76311334294831,34.90532200528707,51.77204930461302,69.23133715184167,46.641422137517516,39.80365102199243,33.09190651086046,67.24074382870953,71.75851848727191,63.93573697081575,47.15248542799439,70.1917240851024,37.99106608014606,51.600693936770554,134.8223195535012,51.32134433103856,56.097994136411785,42.054074162738864,58.3295656559475,68.72272499412708,86.07993646192539,57.43129150332648,44.87916327543755,242.62444394131643,59.32102005608253,94.3284831899046,56.04764244494446,58.1433958572124,65.71892664336389,51.14382147411745,60.19053368691276,62.61695551958047,53.753727775646645,83.77855540387361,83.96520571271668,53.65857053832811,92.2076552464079,43.6942986780023,60.912340018959625,90.21556996202254,36.774307642429335,41.723863608077,136.42175046410594,46.88049458992293,77.09786959075855,55.15964878016212,99.21050678036035,63.10956950538554,95.6123033229544,64.75383562882487,68.7965697508123,51.45168267617248,144.802944825563,62.9034131886046,59.36478348414303,37.76137655351205,47.943497314901364,66.14175319998671,46.53404062582512,70.60514336861861,51.79749534683202,58.45800480912164,71.83794499458268,0.0,51.05918786214343,42.2972354771468,66.52264583154009,36.44097090057003,70.51783499282696,94.778401217311,99.73373974805756,36.135127731850815,71.0789471279639,166.35445056315635,90.74609587135305,54.92858442490251,48.30082454366951,80.5320679539795,74.70006427822865,60.20299724206495,118.14319299787309,104.93076350914939,41.75656419180811,81.94173544051745,130.06903395141862,65.35147151087807,25.451431154084784,122.5936536218618,72.7376257027992,99.14341990270817,76.52726375998472,104.37213161546521,135.44240115282597,54.355120141439684,40.17635689860496,77.31687473297981,81.27635869591427,39.66694121392411,98.38150454151527,119.03406140621755,42.38429416145543,56.69065397390377,73.86921090636542,147.8834828571963
arc_pair_551110,72.39748886880837,53.60598857553913,91.54016506244784,42.129047104686,45.61319036524031,74.03494094684353,55.21126971082472,33.176467364742535,37.282208298721486,66.81282132611759,52.62086369855288,61.425477978593115,45.931356284786446,74.08960649068646,51.75697207657315,44.619484700804534,56.77295469372787,90.48497728274393,55.20805454192049,76.11168171430614,53.46127737455066,42.55593197987207,88.20344196836592,54.40409236221696,53.052953524027174,46.30873670267323,42.601050498967425,52.6376568352281,56.40471569887886,35.38980477091288,57.70757180476789,70.91864309880486,72.13694587436228,47.31304109399454,44.89829734259277,40.272591632080534,59.91382006322289,56.654406940386,40.45098398172996,69.43434670865022,59.460456118058346,47.429014571019444,57.42209150417172,54.67402323457211,45.13942367377207,52.42849015660609,58.10032232122176,60.76056064080184,51.36640413073124,55.215638921975206,45.83680025177305,29.95598830681007,67.87020171560262,51.14395111338615,58.85892701027305,61.00381590596467,55.42438438578043,52.5813084981736,39.68457401075578,51.34797448880342,46.3843300529236,47.11082816159286,42.556106552685165,102.8122201284167,36.231984915158,50.670237643337174,53.63963490288012,48.59779247752648,40.06572213916448,63.38644012249418,38.730613221514105,62.832671421629456,175.9405932785207,71.3026025893881,67.13644084226775,54.72124069030357,38.60407218939351,60.75267140634526,50.870521927215535,48.2788846672187,41.274368804310626,54.603238738828274,47.90399553036055,52.431308674829175,58.159285870322606,48.48071275148486,54.2837509475855,41.42760087807318,56.643598677723034,48.61482442135149,49.99772191715305,94.33996713367432,50.931143801615505,66.39711935954642,64.26698715760836,68.42573002905064,44.8574636170884,79.608608974121,50.402845824682295,46.03807421324882,45.00949083332495,96.49636134177697,34.82960661229418,65.53261436829892,48.01481558745789,53.35196164796253,61.37649989661712,56.07749806964006,34.37556201522082,46.62011005175556,61.841612994075966,71.90902617457894,51.05918786214343,0.0,44.990404356915064,44.61349477320567,47.39619125037658,72.47205979876188,51.32850610823281,59.710648005726156,42.02227202258516,67.2695620854759,112.97833728355849,61.84326029365657,60.288052194058366,43.83531182199208,42.48619745756854,71.8301630676917,47.94000618284641,72.27788229872539,73.01472749015633,46.838678349218476,48.029460469234266,67.23031368278134,68.00844495161617,38.77056757422147,73.41247444336481,58.66232770844415,63.4119745665555,53.711687240051745,75.54764555795947,82.70617728746751,60.37111931370129,37.2257890047009,54.64663337622608,51.275230174430085,54.68228631105703,73.53663783079574,89.30460204808014,48.75242751157918,48.6292388569731,70.49947896955123,111.06227472450631
arc_pair_521750,63.995150413577775,45.036016292143785,104.93511212850355,36.63850190513696,25.545466116932726,83.05618785092156,69.64876186386554,37.51681961418508,53.95149374397833,92.19589393694575,56.87746744897261,41.80525095660087,67.66737680298415,63.48545048510785,54.927949288823626,35.806323983542754,52.168620528896135,89.97401592380771,80.64566101335294,121.36693249447998,72.76159863008377,41.85579860927423,103.5988942294075,44.21576897656869,45.17532059746291,75.49387939821045,45.554972097825285,34.21386782641513,59.562166949809765,37.7058639799329,47.075879441126354,62.69592259810132,59.390349846631665,36.09698238377386,28.49047684205022,31.16563870437705,70.71274349710475,63.43264349749194,43.13652372075734,44.037127929412755,44.743053842099386,31.10327139485577,48.35643757629096,59.114559726835125,25.774621551499855,67.29879328716493,60.07880573420604,43.88868846476155,70.88641658001394,52.55387288209171,47.40267550963809,40.0484570771476,60.166485154037375,45.635162481815854,60.49533408223181,46.30960558411235,55.49463365689692,51.339367957145285,45.04387696039674,39.90389047899352,52.825288350543175,31.944022977429867,39.76561861146001,127.46477710941721,36.242960855441645,57.199380248234014,42.36999017140576,56.42804577266834,56.99715411479855,82.0297729677922,43.24813114812445,41.96728441319965,210.1468059569213,51.31519069889524,77.07833198779615,61.82555913320363,44.687469634129386,40.24968511236334,33.39123236930382,33.07502360371971,48.36534416661566,54.56072473260452,50.21232247275284,46.37996593987665,56.25032499978927,75.71584807526676,43.11617284848897,51.39229780091329,70.52520915457157,34.9069473586672,50.96958958922834,98.3641673524283,38.60542804200843,76.0355552540298,45.76625143721659,76.616276363372,49.17794603818921,100.0645423227817,70.50671545160289,35.74086472350784,44.77058134132167,118.29866192296859,40.727772967729294,65.78526572515196,38.22655782494104,32.5191942574635,81.37318297667193,32.488160579309394,50.5404228997925,46.365421188278944,58.41703923114647,54.52170581149183,42.2972354771468,44.990404356915064,0.0,53.002079575247826,52.0110325792252,57.497534908073064,57.64440383421891,64.32356480618003,34.25417588143191,74.93331461141995,133.6933906557735,79.59789782443633,41.356117148277704,49.954314527502135,67.61401076345936,58.879646379343775,60.81914238035926,109.42342174447889,90.51022218973836,40.93077181406934,48.52557868318591,84.09898883183043,61.776370440315276,24.647483569174597,104.58535878292807,52.92594779842941,83.89136219947707,64.4350835557783,99.4358056393329,113.73153961190548,60.6215665005889,39.249152350165275,39.2232054864668,68.91328939285538,44.682275804376204,71.73051937623153,91.60356272954837,32.443679924648066,46.16938907085596,46.99592681799848,95.08983739838845
arc_pair_166773,91.81237551673534,66.88489741493771,80.18002896236918,61.01888415404689,55.09420432815961,106.55231943871452,96.15221058436478,61.4157254979277,50.098961765808816,64.77487329069547,60.322424415635254,67.14213487647544,43.84826796523085,86.94981461033831,66.2396782916534,75.52280933194038,84.23015111022721,75.33475227052037,48.24028117313215,68.66230913478492,57.28256071466508,63.91111102706462,46.0484187592493,79.10623199040683,72.29069981052974,48.39865219287387,50.67988216501719,61.476496374958195,52.7131380344145,61.00170421844355,85.41466215877325,68.50645654363264,95.32740316802702,78.18567606496057,53.55438456018876,63.73955937306313,74.76641817217126,76.19474068729369,61.22142663087335,72.41199172537449,70.34075205007998,65.9765436490066,76.49284204063801,81.16499196511103,60.15427793068462,50.69331573633812,69.73173043167293,74.82014586559578,61.12734992625608,81.12443751301808,67.97421693788051,48.7669926413616,84.74365915431865,81.25359392275989,71.62377146597045,81.6401223677894,80.98867720203125,55.73342713320124,49.36205497530439,73.34517341039125,38.485893774008474,73.01386719682048,65.30166140491474,85.21887959659372,39.75214036251649,79.53101930692215,79.32471986109181,51.72901217790053,27.837342106343236,64.26133579959313,60.17086512490255,80.00103175974584,139.1586235727938,97.19299643793896,68.59543211202657,80.18561578530498,68.78072364059422,79.82936302031783,41.23751213184504,70.34463657511924,61.82789652842821,79.57715085297997,69.75262976403867,55.147149772762276,89.84635383582665,49.054002611930784,78.29324155842727,54.56279844126601,53.300088962309886,74.93481310431856,81.47271811543317,84.97437241514385,74.01368627683298,91.1266233803454,67.5881937279088,58.28735472728596,24.300773557938015,54.93549466632996,61.121658110922525,57.6270613324936,64.44329790475703,74.19159742449428,58.01130086552171,81.29478550877565,65.03289733233994,69.42382550178911,65.96738686308873,69.19821597256609,45.95497264672218,72.55526231406748,84.71786417631017,91.24345276612908,66.52264583154009,44.61349477320567,53.002079575247826,0.0,61.48962905093737,74.50480608029874,65.77647805732849,69.52220817659162,66.70281647768103,85.95780262653268,79.22799462104196,77.12584251660586,65.46175191558558,75.0984247787907,43.05159764714786,67.12348554822466,51.76402210614475,78.86324504468186,50.14741785001652,59.68107200070946,55.45331280145083,63.09163355762963,67.90426120786921,58.58298151815436,62.92822900261142,71.49372965194408,53.59046144069403,73.98579721849076,51.056691966944,80.0992871148454,75.06101919936131,62.00646951998053,63.27088314243032,60.74760008393254,75.25788971792107,86.83608716374049,66.2914710694385,60.721207346182766,61.04519501236622,85.18159712670615,90.5562965842918
arc_pair_532740,26.738403148971415,64.44448053300131,136.40867790605338,30.54680450051307,31.319825850327362,63.649931209468015,37.34239782190402,42.656391777306595,51.09091348415815,92.24112065675023,46.800361934760666,69.57515528821295,67.97276581092939,41.37050371196271,77.0788867820208,41.041842172591984,35.37404830396932,136.51643627982156,82.94838430136585,126.84889688740732,77.10520018728003,67.92793142520867,103.1528234523146,30.99914220176312,62.256261996935166,88.01479290513157,43.23563113790713,31.74827082516239,97.18872251254997,50.293185523272214,42.43604267085199,113.12583151038442,53.18528870704705,43.723075479570696,27.770525822449002,61.854689684644036,57.741756709620404,80.18852506388896,56.31475201736915,81.09837061334342,58.57412477654219,41.97773505371155,82.13092203105155,61.74654860697327,26.912169321172193,62.51017271964753,104.55036202688805,69.27948929240674,91.9627345388734,26.096486742979845,22.641863710877345,37.49618657933921,62.58250583808353,36.90644498931577,39.81381264447421,29.27684521102377,61.456582231174195,71.83687955412063,75.0047193523275,37.52932949026827,75.34267788156919,40.428266326563985,34.792971166859985,143.48578478591168,57.35033295979539,49.35178568555294,29.635033553705494,52.835823758609905,64.8197952923945,80.3184248633533,48.01344332347891,35.4198892608373,243.43750673150362,49.70434690852673,100.93568812307498,48.16535166964009,53.30405422203394,55.49889777764764,51.293329012460305,66.55892023308846,54.007463024725816,37.118284705009486,79.692331667048,89.84634847986234,47.66631209064089,104.30840654742434,34.50148570836766,58.06508529061124,94.00581875340507,38.805134085070705,38.37492340363849,162.66523133601135,46.457241887174064,71.66930851160103,52.71107718483167,105.26719955540081,66.93165552857064,102.54078046396852,65.5908606694922,81.55697726971925,41.62125631889443,160.43318514430558,61.9233486271884,42.93972633317773,23.47542911641996,39.74280258789066,47.93222723091049,47.24007400154804,79.16846353749214,42.891177684253705,19.36288916042364,77.0241524128482,36.44097090057003,47.39619125037658,52.0110325792252,61.48962905093737,0.0,64.58212878344185,108.83375953519713,117.51004983890961,32.245330854738626,55.03419785568677,175.33379225270156,82.01234770812997,51.16078517347086,54.49895824892149,75.06545806131385,56.435923852046585,58.575485771995474,110.49221073111755,101.26878690580685,39.023159366282584,84.23783462789825,128.54903422519843,57.06960568745775,25.216589313477446,130.49718153602697,72.2477219848527,106.99182973475335,80.94303064282232,102.47883972242687,134.35322977893475,41.82022578880691,34.611397207377244,90.99023282954049,81.77539569210438,33.38561488579024,104.48941246386315,127.09296726068577,50.30992084052889,49.29529577529698,70.20404974244872,146.37539496866188
arc_pair_700005,82.44940814392527,86.49273266151306,104.02758231807016,65.02018691519933,68.7212999120828,102.84913694895316,87.60104500876139,64.48048692831435,58.8373694591853,84.6832094198098,69.91153264490492,84.60782358630975,77.00366982882774,84.38511686381443,94.83176802767872,85.73688184796062,85.05975547446948,108.77918154194477,91.56596604364285,118.6256193043005,87.4164818271459,78.40687630944818,93.9956527998908,65.61860058547913,72.17313277314196,99.8177037144456,74.9368369521576,76.47339023106582,90.48001793938607,68.34343399622452,86.87744618236724,109.44681787990248,74.01893893077164,76.135404161103,54.14912663845074,69.63971685973524,93.86397930914315,85.86124507184569,71.4336889202639,83.83544608275156,82.74723009189654,64.16581955503064,70.61944869957699,83.36775992932928,57.05746457235081,81.22570613120806,101.95764489351038,87.17091287717554,91.70561854024477,76.91406052178274,62.474117414699556,56.48501136170972,74.90203982989178,71.22977083095803,90.91473734794974,74.07530327862047,81.00182117803308,54.95775124955375,64.97434053768926,71.96952249346798,68.65232640286285,61.718062986914006,67.81409373926688,126.48642684911457,64.24157193064588,90.89523979299535,75.73291404810371,58.396529436596765,70.03132460238542,78.791772457633,58.84945299650061,58.83838115985171,187.36700303584433,60.71375454067002,83.30359535330192,83.03937775267653,74.53068813112367,91.6458293285568,52.83450660815474,90.21466766267092,67.15184242199788,65.4759361825519,92.24663130294246,97.37373999513852,86.6695244166115,89.28262428726941,78.347503361501,72.01422454870944,75.27332875122957,53.89180894766285,77.92971231446171,141.55165667406214,63.17307022403442,72.02713550624361,85.9183799156742,105.74330420032368,65.60961162206266,108.73575068849715,82.86248951343234,83.92813048843243,84.53059685388911,126.62173086875228,71.28927560493572,66.12371356176402,62.041267722236576,63.57235458288741,89.339525254636,73.4147078691689,90.04483744415366,70.28034829254102,84.79883791269344,76.02709678482384,70.51783499282696,72.47205979876188,57.497534908073064,74.50480608029874,64.58212878344185,0.0,102.40022157300778,104.98282605914947,78.65438852255988,108.39822998524303,130.70029998365123,77.73727984645882,87.10274142955785,83.18759611119114,78.68676535476311,88.74597817248005,78.3554751951907,107.47002511932888,95.40715308314714,74.36772610549757,62.33581966302849,104.02828161134342,90.31724537906689,54.43490898360512,122.33069184689003,79.12401785155788,90.44687963659673,68.1460737136032,93.90517063295786,117.39205966131703,73.6158164742495,62.032858693678406,93.82821274755719,85.70411651556611,57.491771438335356,102.9993424463004,105.85039146823601,65.93553237187629,92.49080496280891,79.60479950441383,143.20924740095154
arc_pair_474346,129.91973067178725,64.11002071948587,91.4590262184691,80.07385970126299,69.88029247031743,118.80807188418584,104.37139357822896,61.38725024372551,67.59105021340687,93.20043154587214,80.7318006169109,72.07552408308342,77.26549362333567,113.50737862111495,44.630457671595266,75.18693334555371,104.48694619805819,59.67790773602192,76.33479325186958,90.7396402087663,87.71980278422092,54.8137525589858,99.01903982112859,92.99403520778313,61.58845712115257,67.58408516399021,76.29404380699741,82.00957416829424,62.70594243127938,48.1233475313308,96.97240215332542,39.2176017657676,118.00884733702446,68.32432460367855,81.99231217167548,51.30523513224482,82.99713350440308,62.7148915255506,63.68079082197457,59.578458003421154,71.33099023867615,80.86045347637699,63.61911165705346,90.36449238856756,80.81069830456863,77.26303597549206,41.9771273960208,51.258370480727834,59.92147224853811,102.41221664518227,98.2908649453127,55.21186283229365,80.12377390721689,80.0468880229153,113.36220918710215,100.18459671917797,68.58748690772458,63.54825877165978,61.49474440696337,80.57443729243226,72.75636493172104,69.23593350240066,71.26822721108643,117.05793556612608,51.60855245111043,91.14818450256067,100.28671248162452,77.66305366595117,68.16942519484948,92.95462478435493,55.07213112205484,94.81546019911633,171.865689889118,100.36879517865847,68.22534121891637,80.5574644485725,63.20878176021533,74.21289859235007,66.65664622884576,53.56040575772022,61.28449764137367,95.71061229588247,46.21206610579316,42.382077642993096,83.24901087283371,61.986598690184685,92.45416333224972,64.35165908077654,67.66134967065449,78.11895355147921,93.23675613555909,61.603123384428045,87.29403276653744,89.3256574397252,95.31752970547359,78.85926605554907,64.15649346743507,110.95668718131968,63.237331368478344,44.0921169842251,71.67636878629729,86.73299630970517,46.39907913200702,105.36608417392868,90.24353899479314,90.21033413178878,131.0774496625377,82.3195782888639,43.271863483517045,71.14617750640762,118.43346790109257,87.08141662119655,94.778401217311,51.32850610823281,57.64440383421891,65.77647805732849,108.83375953519713,102.40022157300778,0.0,46.34095263493647,76.35295327083469,97.38297423292272,108.33474112278213,92.11329660127679,80.02589302168982,61.944985318952234,62.530169660657506,92.79887590101336,89.97883343131038,94.3435800012398,84.36413916443026,79.09416214067738,40.85670986210392,60.21877564695131,96.25634566268262,72.54431724965569,93.56843595098468,61.84725838887903,72.31710709208946,67.57741602039337,93.68111259198442,104.66947064011718,102.93053770228292,67.457369938483,49.599635215383245,72.47518117729787,96.07571540703056,47.79046901014773,100.5510759440574,71.2592450876885,69.75637408235127,76.0845472802833,79.51172017354112
arc_pair_460240,144.42647481431578,81.34269933404899,106.96074784800987,89.18258710267499,88.3893194738205,133.59547240229773,130.22065196491337,80.85125306938153,79.69721368620202,106.25739551526965,96.35055909427216,49.54168785777901,89.08486677170461,132.84148768105803,47.9140861412985,86.35672073326944,129.19963260979995,68.88422875034149,90.6775084586406,101.64138420300179,86.83637500850708,38.47450388080503,107.77119900966585,108.32054934099499,84.54798527305181,80.64205069131754,92.57376032798464,96.30983147876013,53.047703905973876,72.15726130203893,110.33706577005833,67.04603491258534,137.90011533880482,100.92399266188754,90.89057080032723,73.51430543876688,98.17666380268449,87.73906462142028,88.29241852868878,52.989339942736635,100.16431502423842,74.67889095315232,87.61788079008397,114.33190347725176,92.19805919171617,82.80474404606255,77.94283203164622,70.23451544744813,72.01137360715506,117.58537558392314,108.09209029890033,75.98809824401647,116.57189430079538,100.02003786235326,122.1856067781284,127.99389700450462,64.49280326395498,90.11847536488554,60.209203769677956,106.04262726825513,65.24176036517918,86.33927926567375,86.69006003238513,118.99415338677626,66.87832990766019,118.81476871200726,120.37953598405727,88.6109706337772,66.59694165603763,102.51293732740186,77.72070575347803,117.43238734903743,170.69853356554557,128.09542750837505,88.82413053313039,99.91464836936447,81.40744902618955,99.69721334271244,73.38354161093588,56.457584633785096,92.3359012193556,119.03501052044905,45.83745659385353,47.958862491474505,111.46271480938731,67.27527790000218,115.85511273049823,89.34494956484514,78.15130622876096,94.35353832508315,116.01654005667866,55.11522700959187,87.94088343448021,111.53733901757732,97.73592920518522,73.01003846927024,58.306805115692995,94.94209442952615,80.78776629538831,43.7230777183959,98.36859732875692,78.22298006014643,71.31267607420479,121.84233019300156,103.40348736794869,93.23829122987904,132.78951160696667,92.57381730167045,57.794099625931054,100.8159450218566,134.65314882519726,105.31441914516589,99.73373974805756,59.710648005726156,64.32356480618003,69.52220817659162,117.51004983890961,104.98282605914947,46.34095263493647,0.0,90.02531968223245,131.79231983097483,109.79476813263612,108.31807281042876,96.68249472690664,85.51777548758793,70.82881830354847,105.42162634546348,94.61878574960781,110.65636087243354,81.80056085775205,104.47659057122543,69.10712685193668,71.67406062023838,107.70276360441295,76.98987560482551,89.54566863097001,53.25228620803605,84.64348564567334,91.2200336816138,92.74013019140659,114.88328932499985,124.18112638217882,83.06767545295031,58.62132973222056,80.02686829709037,115.5453622761062,47.54884124817673,87.32727572553765,79.72160318491527,94.26151600070341,82.07726071401561,78.22922662810191
arc_pair_594335,41.23760813380904,40.11602840233162,137.94268061854737,23.284512892338086,22.432991961674134,64.2542845299439,36.871890341931575,33.471670803596396,56.166911603725524,105.79934259520545,47.41577120006632,54.512728073088894,69.67995904853947,44.57384381808912,62.69512713751222,14.109735569043501,27.752499628444404,128.65926297389626,92.5328459366967,130.1171239279827,75.27107264362388,55.176934584524986,132.96960621577438,19.346298228981688,41.401033905594645,82.04317090190159,30.159722195355947,33.025264542609634,81.05623775753756,26.570481332728797,28.64921762588092,85.299432543189,54.584198751987,22.26036215366807,30.602781872880804,35.69981884066536,50.50648536343837,68.474909492026,36.69666329738414,68.55363814536392,31.639642787322877,41.96112786374232,64.53936491454584,48.91497618723156,26.713211925226886,65.96254523132473,74.82441041057125,45.56963526007536,75.21033406389012,30.560873384954597,35.378287238728376,38.492967503044156,53.258860485312326,27.098763852163305,43.72995015338762,28.033031002316346,56.399222536386034,62.1970285025037,58.01275756862534,24.80905267533063,72.9292938097435,32.10947013419866,38.56923077643719,146.0710383284456,44.303582884395986,36.84892895665236,25.08097911090853,46.43884197249091,69.67496972783309,89.15085730819685,41.36503805098281,36.47339278633438,252.89342706010865,41.59180760659312,93.2634412763939,39.73516617527131,35.841788633379636,30.309086110868236,51.31309679476418,43.23395145906683,52.286874657087964,41.57526728033411,65.56770639472717,55.589747070529754,39.02459899741332,94.79325548215874,20.374774099146418,50.440680147879846,88.04418836765944,25.805336844319775,29.65305674819338,139.38844094308286,34.822470463134195,72.04981224556661,38.812483840782086,101.99138771273678,67.60504986514056,112.28978907916652,61.248103064823724,46.03607033724331,34.25545087145019,156.18843238432368,43.34421768328313,61.62380512425136,26.931367071861484,26.24149191549801,75.00732497765767,42.00563676433445,59.954987041702594,32.43414402663397,42.13333492389043,66.30214780949392,36.135127731850815,42.02227202258516,34.25417588143191,66.70281647768103,32.245330854738626,78.65438852255988,76.35295327083469,90.02531968223245,0.0,39.529200435008164,173.8204116297772,84.18794198335318,30.050090440740224,30.92761141756137,74.67308378043566,48.81464680321102,62.15853841991128,110.95690381420054,109.92840956904229,22.93636262176414,76.64805261931744,117.48008774585864,49.29739034481352,25.350101839044417,128.2788878538474,67.59005192735682,103.02029595187904,77.3099214785161,108.68433403685077,132.5728856602708,53.46775124645424,28.443554526487816,48.13816862385715,81.4413434449247,34.2751319691292,89.7760301222853,128.8980468020667,27.897725534058104,28.958956859896894,54.39217231973748,131.5716338160565
arc_pair_24655,50.902009329406845,50.00823072774057,166.93759245147456,52.02592562990593,49.87726267917226,78.85503074172408,28.125128853822613,47.82928381179673,65.74164291859317,128.92143409561885,65.18353974513303,98.00703413305641,95.07382983125508,46.860759008080166,97.72021677045177,59.71107021681237,36.34639094431124,149.36182967837289,118.83341026445507,145.88875776603948,106.9781938799178,92.56435780408086,148.0652115777024,49.034592671349024,66.86953874700087,110.6392317087571,56.88150485478265,59.914328950500774,116.92853916351004,50.14278832008537,47.37132772019658,111.96764900283813,73.20215609236898,29.735614426391898,57.663644830344076,61.927373868844185,46.324677498073356,73.08953368905291,47.067236510561045,108.68329220662,42.92673684820298,87.03456083727609,82.54433082513583,62.175422849001485,51.62585002064199,60.14733496461248,91.14773204158352,66.6603124468518,109.73050795536157,54.93840470859213,54.54251628615641,45.34760921943802,36.8162499493904,44.884419245113534,59.57746867919079,41.49661931381571,83.43484931537913,70.60089796895548,102.64729648765775,29.349659304357512,99.34135403199201,60.44241102924797,58.01357622031553,155.30281411630102,66.72960506505883,35.17562606946953,46.875088347873394,70.84554828515638,91.32739006419689,113.54159978985484,45.50294116944694,49.805964344789466,281.14479115581884,59.16781421573331,106.64888850230341,43.09568811283045,50.57095947780513,47.46804662542345,87.99714842712683,64.92198034755748,60.34458421096495,45.481780548081886,95.77281885422008,99.68390962852057,59.490790959579186,116.25702718755582,31.446526134887897,54.01523296857013,120.97454673016884,47.11252835699646,50.717157059819286,181.2960792085219,71.17127128630747,78.77542396388122,56.88129459549755,130.96761742270832,90.81486881075796,140.52364137053587,62.47292892660336,84.555326153034,55.96679594171712,198.48897059832098,61.542915919283175,63.81680537488957,52.31383207176036,67.61732726106159,89.5121368655879,65.16425596613128,98.57350114212014,34.67817878964103,49.56151320895534,90.32415050344713,71.0789471279639,67.2695620854759,74.93331461141995,85.95780262653268,55.03419785568677,108.39822998524303,97.38297423292272,131.79231983097483,39.529200435008164,0.0,212.40820911612505,108.67559116584857,54.360061859861304,52.28089255672741,91.71251753614575,57.05023082270077,85.73745782724251,125.2979463685829,141.86641765808605,42.990715608982825,86.79216535390597,148.3331554769785,63.297777362987524,60.75824576618754,155.80324438245208,93.09265905011455,122.4761061998831,94.44184963981903,115.72583582592279,148.0038170430205,47.2457166837986,43.72373548669306,79.71567716355892,97.31462792572464,46.942623393428654,116.8011093370009,176.76105110515158,58.76621214098138,40.77879962515625,75.10276139648106,160.12195041134507
arc_pair_278581,221.7883493291724,147.33972825700948,52.42229657549511,161.1653627955455,158.2870643968298,199.70095300113738,211.80746013254299,139.61021893189766,109.33506717128095,74.93652291440588,141.022565212129,143.65210232762962,81.91066469908596,211.42327441614088,130.30657564233096,178.19180167807124,212.07605102758572,90.05141964045211,64.47415294420679,54.2918408184373,92.62616704802052,131.5458806392033,54.952422578187765,184.39342463737208,143.978833976683,68.48929735007962,156.3978789604269,167.19730827057984,91.887628710284,137.4484229910168,204.13819403169234,137.01486982080527,198.0420299870733,180.27578532384013,166.52136486983127,132.53111253148904,165.66692292399895,124.38088754200248,136.89054487188588,142.31419907444916,151.35889155761595,147.68738224931974,115.00449817253104,169.00341516523793,173.61733163176186,116.14623921958378,101.73549902213307,157.32711422312798,67.50112450143506,193.4965449531367,184.8929386129173,125.79909019609588,169.8597552266046,184.2139840032166,193.3510681101934,204.25051102368235,165.93457011811688,97.9295076325308,76.40184921337121,173.18784775997887,64.20977160687237,172.35072610434833,162.08146458097417,80.37071000741855,109.46482608682057,173.67681775932223,210.87918782855849,109.69678727220786,70.34143967966402,103.34899663378448,127.24743453890507,181.45092563853535,66.63876322110693,199.5099319916275,85.69746312547994,169.1630039630925,141.3002151057876,184.3623116704689,96.97615184514106,159.3351079204372,126.98687540050005,178.39505344930276,145.03866450536026,109.54648253654304,174.99291282937673,58.44372359887322,202.9261967643038,111.63078235917212,56.83289061563036,158.13338342011468,185.0187027263345,107.91933149212758,163.06064429396892,145.43261027296177,179.10147614123935,87.9168725422538,63.423638928744595,96.27717958891559,134.6391650194579,105.7712646911702,157.9237047447097,43.873017759965634,115.4506881600511,172.32414142499576,178.95419499953346,170.07601050217696,165.07949992418904,177.43275944429234,101.3163478486203,172.30282257346218,213.68296803860844,149.6379102606674,166.35445056315635,112.97833728355849,133.6933906557735,79.22799462104196,175.33379225270156,130.70029998365123,108.33474112278213,109.79476813263612,173.8204116297772,212.40820911612505,0.0,107.46340051473004,174.83075990505426,161.14094463220238,71.12343317150194,185.3732262201041,120.24258755269834,88.17225122906191,52.56902980738739,150.86995015877358,78.59475420216437,56.183514121772575,172.7834043904292,160.29638404251955,79.30837277611394,130.88985415080472,59.3070255151526,107.89354533206195,63.71931813750019,74.5113934968526,180.3677332053762,154.87626205274415,103.44222949882882,101.75408873279719,177.82779346699516,134.98063368404883,61.189421558948865,141.37471483084272,167.47980179894577,180.08235018786462,125.69104982314812
arc_pair_75573,106.19921282075899,87.21981771579837,68.20778541879821,74.75323824753471,80.24550498673189,110.11533903422465,95.76413140364919,68.44079739809543,59.2700745535193,78.13632589032062,77.63475524821851,98.13904611573112,74.05293928420784,103.60630087831954,94.74965865197252,83.576929498836,96.91609177679487,105.54906195778224,71.42638963564379,88.73918738336732,69.29574207936832,84.76999209902594,92.28970365208646,88.80974849061101,79.96830944171691,68.87297002401439,94.88770366596569,85.12858638708397,83.30339567086102,66.47248936394966,97.11157796133412,111.22321256209496,85.9024099412282,84.67881479830247,92.1562786899379,68.69358587308916,95.71149310040487,78.31671845711583,77.47692318326048,97.98441066839476,84.9746519035459,77.2597584126498,70.49466203250267,86.57609230613446,85.40846631253993,78.32116734779095,72.0079396085385,88.87541410016473,72.87389549037998,91.52838055620362,83.63157056848002,63.28763902651108,93.4226051570459,88.92814369580124,104.43650827329594,99.9068559632324,94.74587114169691,62.341790692369734,68.45754246973607,80.66331552518841,65.77959021761251,85.07924727250062,78.8005530929143,99.45165106679144,76.47040216813818,83.55440872706602,98.37211055659478,63.53494445134535,73.72316688038208,74.99412076386523,64.8891996693593,87.41842910453438,151.49590875402862,87.27159805874459,71.42837541793466,83.98390096379913,62.59926016470537,92.71731466464448,70.5021815684915,92.72497011677459,67.57579902936777,82.24512977651935,96.14557794173894,95.96455023786498,84.36007528209367,75.50983174367445,90.76325099304964,63.177604248897126,64.72281906683918,74.15752466684783,83.60246137379994,136.88121130211283,74.55269226071294,78.27242495904748,97.82450992327067,97.30405977975832,69.25889194900127,112.10135707163931,96.82116297105273,77.91420021034824,90.58522250679107,106.43097878870967,60.848758803140235,82.18746929335728,88.10762994437245,88.55222757961789,78.36532815566676,89.36449308379264,79.19285924282728,86.76128298694553,99.18985053194791,94.46021961858531,90.74609587135305,61.84326029365657,79.59789782443633,77.12584251660586,82.01234770812997,77.73727984645882,92.11329660127679,108.31807281042876,84.18794198335318,108.67559116584857,107.46340051473004,0.0,95.24096562687916,87.17281866863317,67.57309498954847,102.07639848820054,87.25397547002012,70.98826551900726,75.11633153855973,77.14841261266568,59.766468419851535,79.7528764296946,96.84465790129182,78.40864384199682,107.04148748337386,93.00709356023464,73.0098982581793,58.40186728450942,86.04394012933773,80.86213297825788,96.41215885953535,77.19523397340804,82.26360429578911,75.97809320934567,76.04464093203839,109.0757862848198,98.37552398295004,83.14750193296912,92.89130085628179,108.77423090249074,133.12229646554883
arc_pair_641885,61.67374142994384,51.18335313332031,138.92435904618665,37.88815421947852,37.69260866898582,82.26978247593314,59.34422741499013,48.29148877004425,68.42272653746072,110.60547092059835,63.412915501753616,68.87055193622899,83.1435676359166,58.17289761288403,78.36706567908138,27.07796614193363,47.83803607758734,129.3385115118436,103.81696321155414,133.161270231785,91.59536336848717,70.55632990946873,128.16411950083153,37.103718581310304,51.12645978281941,93.82886504986618,51.477135715485346,38.478867666810096,88.59510281735135,47.46999915372568,38.877577348068485,85.56750417874208,58.64242685836986,36.38247051346495,38.91152016445895,47.56240051964828,59.01353399367629,77.06967728777727,47.99969330297162,74.4489801782344,47.87236660630214,58.53931099079128,75.6063273354508,72.0770104434708,34.680047217102775,73.97300691685325,82.45891567913941,53.562690076904616,92.33509862037232,49.39021650173213,57.17621444719313,49.572787475266665,61.78454465206986,41.61735006501212,59.20287532545885,41.693470451339856,68.87457395688489,66.47280956045216,76.95576784654634,45.40515987010723,76.56815963345127,39.251106007590856,57.05431975420263,138.02543551160898,50.96718645917147,63.0327857855678,40.800159703047555,62.9954253897678,76.57863986064268,99.07765484350921,57.78329633723345,53.1321207137581,242.50758750228914,52.867111614076606,99.36184165192681,54.3953281590925,54.50851855892889,41.62332537481821,59.91963963598583,55.85959200151399,60.54161449588203,61.568140617077404,77.80134984138986,67.23831412953048,62.81565609104614,101.32071840225434,37.93366328063223,67.77398832680902,89.90176134359231,39.311239166584755,50.549274809725134,148.96568956462946,50.28568445212649,89.37199733085095,46.84661953651561,108.54186709106557,73.43798515205233,121.55889706765569,72.34364170900622,56.32145715650477,52.14002264849397,147.51601205002706,62.15459656139517,55.49177617168617,50.78229496316825,41.16288418214706,88.58538442381396,54.27491924554081,66.30898472858276,47.730242764619334,61.000150254450574,76.26628648120031,54.92858442490251,60.288052194058366,41.356117148277704,65.46175191558558,51.16078517347086,87.10274142955785,80.02589302168982,96.68249472690664,30.050090440740224,54.360061859861304,174.83075990505426,95.24096562687916,0.0,49.3445713498941,80.16937402221733,51.42251094962508,79.75064394352,116.95635939875325,116.99958913478952,49.04427283223242,77.48023248176841,115.97390966865574,57.529451199748635,42.61407090651524,128.42730614271827,76.11198396376629,100.11066789641305,90.99650894765321,106.43546171100596,131.18819010834784,65.56356937719352,48.17863063420981,50.30896195586134,82.25599972158159,48.41299883421757,101.64794312847417,126.5327443460154,42.43090020592882,51.249942342737384,59.95048984350849,120.66647323648704
arc_pair_292663,63.7463540849156,47.39753598847149,126.58989598613697,39.775428845995435,45.332720686176884,66.33603452684078,38.97410979449265,36.436162234295566,48.65533620443352,105.42275950119264,57.882396534590086,79.06582586336947,72.83255918672916,56.69209730252261,69.66979156762572,39.46952342553992,42.37458547649038,122.8698012027198,95.35217412396358,117.58081410627301,76.75712789180068,64.79224197166212,127.37415518843174,35.3804347878722,45.44425358010985,91.80087509504457,46.33101563056911,56.560419285779005,79.26249465209972,23.572897630497394,35.652959940700995,86.055578992753,65.67751692575543,36.474380266914444,36.68430627676173,40.21498295492775,47.77916460234471,60.51737156717418,35.554129894926284,79.01396494288164,35.973411984662576,58.64638593419002,67.64621610774282,59.49366339586468,41.285185836533586,76.58612655656613,70.8663085587638,48.10884653891209,74.69520119647383,43.48569664030936,53.44134825232693,39.26972144526722,48.66878028307539,27.000227062593744,59.44741276576745,43.20846362826397,62.4190285298179,64.3278699040024,67.05708536481055,38.01824748703781,72.31140600280892,30.20739701000344,42.855144577938766,147.02158871148927,37.82809183422049,60.26597432630835,44.89855220725157,56.97683993541471,71.09236731840846,95.55416293011706,34.50325932511957,46.120875410249894,234.6598066694079,49.248076392850514,88.19336708921136,36.25645715648237,40.058700401883655,45.58345288064656,58.094434261113534,50.55260269551284,47.9019524792281,51.19245826354553,68.71327352057446,64.47226254077812,43.34878512291505,83.0092455321971,39.60877490589691,51.71694585296165,83.28895249715492,30.07486656930159,35.93770366760444,131.57346428478283,45.268603235957116,69.95141417204823,61.36770667032597,103.40817699474174,69.60094914541776,111.63561920932366,48.63036858370984,52.73363009001427,46.42127479057559,141.04582522926768,45.91073441984898,61.580677084392185,50.090917578579514,45.33267258684642,90.27047140233677,54.1064194150032,59.909685041731585,33.24984638896889,67.9876260968337,69.05295764245861,48.30082454366951,43.83531182199208,49.954314527502135,75.0984247787907,54.49895824892149,83.18759611119114,61.944985318952234,85.51777548758793,30.92761141756137,52.28089255672741,161.14094463220238,87.17281866863317,49.3445713498941,0.0,66.7822469408319,69.47397131947238,63.95956695959372,101.6775576669624,111.31738254999189,38.10022460151493,67.29127564534909,108.5066681895484,64.26578884270113,34.806216416336646,125.4239602775505,60.93966776601785,87.87235661132696,64.37156702088595,100.54446595837614,120.74241514906511,56.29533355192578,26.959713982389665,45.728768429832805,81.43241926878164,39.81814054429286,83.58957278144399,123.2173026093138,39.724638854808624,51.836900073185106,59.42258776993571,133.63025566079608
arc_pair_39421,104.54523553621969,56.15734438516189,62.831078122860504,66.61565586363093,72.87921269820337,96.16066811687189,83.31314321005084,51.74511202665268,39.265496120441455,52.237237222423005,64.44383363086614,80.45863084582274,41.46410204560536,100.22462708660876,72.11875033154112,79.67963784136347,92.8639884053768,77.74880024914077,39.88998075895607,55.58193702507481,47.05768349257967,68.71100174500882,60.758901656352435,81.11187319428271,64.34717200548977,42.890581922732444,73.82666030557215,79.53018017287519,52.36490800598798,53.84305269315986,87.86711454914436,85.70941044989969,96.98588195840664,73.17050113829751,75.16287147355338,55.59692064728705,63.40327900970436,58.86779797372172,55.13234394955963,86.78821653291843,64.04685854076783,73.63428992393872,57.78316663136731,85.79145412620665,73.81267685476436,47.00565057118317,61.10563446276906,83.27177221562104,36.91286942347832,82.646104346136,82.86578990084271,46.31572558254443,74.76813871749471,76.51153058216315,94.0371357782279,94.19347198400627,86.01507099083122,52.96627701436998,41.719484812318264,74.4155675839879,37.968991841853345,73.28809874271049,70.88913040301297,77.43434586303317,41.70374131569035,76.96718553014799,95.28335820724593,46.308966626862535,35.03191407684227,66.64721993171153,47.60829955664363,87.59805203282738,122.5025332016084,100.27122314025738,47.454712469342034,70.51517691708106,63.586056549568035,83.37270992161666,52.784667354857085,76.20171446106711,51.0743949331446,79.5875359530664,79.60270313681158,64.66255041512387,77.47594250924021,35.15722407789569,89.40141997704319,42.836775897220704,44.16511472111722,65.96749725072232,78.79591524804363,102.3885413810195,83.15980323112909,71.15269673238834,84.27775825392062,63.04747289374724,33.102801950988116,78.01003882936378,59.17923650374342,50.17150857490164,72.03125287949268,68.4320236123807,47.551208419379336,78.84004290055944,84.35384831078423,78.5534968373283,83.37047627740236,96.97713374820418,52.9445815284653,64.96569654087975,94.09022535644468,85.59915190958964,80.5320679539795,42.48619745756854,67.61401076345936,43.05159764714786,75.06545806131385,78.68676535476311,62.530169660657506,70.82881830354847,74.67308378043566,91.71251753614575,71.12343317150194,67.57309498954847,80.16937402221733,66.7822469408319,0.0,95.00893963705477,52.77973406155334,58.71398107682511,43.148773449916376,64.1748478956889,45.6848493151052,51.092269362274735,89.12462335732079,70.74099107598444,74.04295321939699,64.20702797622326,34.23500725823936,58.94487221800818,43.880933996131816,68.34028950461868,78.96423558803394,51.45619410925514,55.50741598776303,53.030654628099924,76.54294386020547,81.69275601243338,68.97571042019916,62.35015586372249,71.03579547450559,98.82141810800661,105.67130602557123
arc_pair_703887,65.91310887584052,51.60499912695548,153.97752368810046,49.83902756679668,50.45030797713761,92.51586988927019,60.95538162208872,64.59971300386991,60.88160384859962,128.0089240849129,70.14988102534464,63.34928113094955,91.27391146579554,57.451993640767434,84.29783132866255,54.67728574857471,52.75506652367759,121.70326901602637,113.16817478293072,141.02301208647285,90.49891675520192,69.16750707896264,126.13442061261638,58.48610788005023,65.7630018255964,105.33705798814657,60.81793058374419,50.572755424603486,101.32527202985243,56.08926783156545,42.32335604051389,104.47204582440975,71.70716221718456,51.1175750963046,58.04834189099897,61.711792108077255,48.26576016446217,76.98199964803509,66.46326791729452,70.8403151069711,67.2132677589174,64.73452494337786,75.82863967008538,70.32370896917652,39.21609751588658,71.3835171543573,99.91846808702383,54.0068343556667,119.79624001882016,59.71541754747545,62.12987888705485,44.95087015655026,65.56700756747678,45.05889628727396,62.716434721813584,66.03384351679243,57.46829884426724,80.37991641512043,101.29710757789704,48.196656268859336,90.80984506671004,59.19745467444504,53.404662771039,143.01035590456175,66.60337124953637,79.98626583410899,50.676708661759136,75.31982194918375,88.10921227429301,118.25079038268453,53.372294950882946,57.74009353782263,249.45189028177376,59.129713879176364,113.70491622126914,47.690521121961524,49.17667878058787,51.10309387429326,73.3562338740693,67.69891803214081,66.42853132981494,57.07354557781192,73.80842995980345,72.60599096857788,82.06699237518029,118.97802942828244,42.569256130442085,72.16407572373745,110.04053603867948,55.7387972849431,63.64518479778961,165.10080374715432,56.85929952980163,94.17326458335711,60.577096951006894,116.18663239760151,78.45715954340952,116.8166809544018,85.88429825897663,73.30881895006993,79.68279378771452,163.91775044603247,70.65352694949823,76.87961969254233,46.185474556476755,52.184973838157084,92.19600835816883,60.8600457983632,94.29313205850941,54.48933325532243,53.68820832319335,79.4280571589096,74.70006427822865,71.8301630676917,58.879646379343775,67.12348554822466,56.435923852046585,88.74597817248005,92.79887590101336,105.42162634546348,48.81464680321102,57.05023082270077,185.3732262201041,102.07639848820054,51.42251094962508,69.47397131947238,95.00893963705477,0.0,89.73479768851858,121.27909012676379,125.41380768567493,62.18983661142607,86.77117538613746,122.62119931996544,48.65694432277727,54.31288099726011,151.8024548481469,68.08344135778432,124.96007667679686,96.44529802641073,116.80401627162517,143.9495804929406,62.70078173177859,55.44814511717178,76.13221814137118,102.51829044854702,54.76255258559831,96.5948917537256,146.16208674905334,49.35182806824212,61.97825229226552,46.73145960905234,127.21932135927615
arc_pair_22407,76.45928427023517,69.65015325156962,103.8063360429887,55.077709528486366,58.84199395398992,94.0538901602789,69.82261046371039,53.90341181580017,47.39688791094966,79.11774096481201,57.52779219499021,86.12544324172632,55.18469198210697,72.96741304589595,86.21423192697102,77.33375184269003,66.71258079290114,119.76354490448085,67.74855222060772,98.76692656725494,68.77639622565181,76.43017133165262,91.8736587387555,71.49034224895232,73.09119670292054,66.01431579099517,55.67729359083981,66.14565390356884,73.88886446914134,55.08712966922928,67.56485876283897,105.81065963335476,80.32730339164262,70.5112686924123,54.38877215660083,65.18724002579211,73.99676473746423,75.56342487091607,54.51331173551413,98.39249154635377,65.59931363522313,68.03296408841155,77.37715818685311,65.69221155064642,54.77798925649796,75.35361900881978,87.31225393133309,89.24723790274223,71.51661369495375,64.95942314269922,57.06732423146751,44.62950827203436,75.98448779160015,65.95251700286653,69.21100196737501,71.87068641864784,91.0218391815544,70.35378462197627,58.463236132552254,63.87739165365987,49.59999362232466,64.98452886389265,67.21750544401871,103.56374099687984,39.76212620360787,76.28251116939435,69.00714666046893,54.37033982710858,49.02876187097689,79.40723718327033,54.707020260758085,71.04018593366075,185.8561812917854,82.94717908731963,78.50557897217003,73.01750081903725,62.551280332119475,81.8211775418277,57.384284478952765,83.05214157183883,54.87576479753896,70.56839334025622,84.1934175346064,85.61848775782875,78.55273263975589,70.59221432601433,67.11034893273765,55.556137156244986,69.89450859166251,57.35499129462761,61.35574818537363,133.37832608847737,68.44737111154912,82.043307244158,75.15073709018641,79.20447969062042,52.132242307719864,79.3197998289769,58.90870308160757,64.51887596925579,69.46726614653178,116.0605795410691,65.83628927179586,75.97651442452295,62.71272900211336,67.09839332579989,63.649844344968486,72.4628947804192,64.07848485628232,56.07093168371836,79.34255261073804,88.09473929196085,60.20299724206495,47.94000618284641,60.81914238035926,51.76402210614475,58.575485771995474,78.3554751951907,89.97883343131038,94.61878574960781,62.15853841991128,85.73745782724251,120.24258755269834,87.25397547002012,79.75064394352,63.95956695959372,52.77973406155334,89.73479768851858,0.0,90.31710500072322,86.44942885679052,54.52841598136828,69.38240929823618,92.42695265358542,75.91351793534173,52.74182078802572,92.3629393116448,86.5547343712106,79.66889287089381,70.50781810964916,78.8617938524336,107.25466698470751,69.85840882833915,49.14376848531617,73.34168616003605,72.32985299750638,54.11025675825475,110.55238760204651,98.02258668948824,50.70179310359519,68.1252095427161,93.77272233611566,140.69412764808897
arc_pair_717256,137.33185351912823,101.45390128868713,79.23458815970254,103.37396911672326,111.15979318966363,135.45379076364048,115.70749027634334,91.16429503572267,60.645193606914475,75.10780004600193,103.79891980182869,122.85352404477653,62.20329625043318,130.20009872748307,116.15265221718869,117.6277869446347,122.39125219182607,113.62755201869345,56.28199713695015,58.026456744643056,68.79948834386671,111.48356657585767,91.78934850153716,118.20409925068256,107.7340911641326,64.89710471922766,100.83904769289785,117.40079139304862,87.06834327956395,83.38923548690627,119.21035157469873,135.33927913071142,126.1307932755606,114.71973097201491,113.4112075812445,85.67974370280521,101.90911577197053,84.38091677002011,85.85697693360339,132.79192552722532,96.78514821609275,113.51091903811178,75.51457318854588,108.80377143001567,111.21614175001166,78.31908800950917,81.93246932367201,122.47078226590895,68.71739639514655,124.91720459035257,112.69535689268409,77.35476450466851,103.47957898487738,118.13130796024362,132.65576673796727,125.6350425196784,123.99314774460662,77.19366411244656,70.01524367920106,109.57436083344123,65.0849375701136,116.29513707801848,112.2013777328127,94.86020401391974,77.16353243894736,101.82505428448421,127.95157235898563,75.32314603398642,64.28724539758919,90.92457880435646,78.69881081026062,123.04273459773464,141.2431814566914,132.83930719821592,89.11161568872772,95.13897838433576,74.03396144656028,128.3094078699928,88.15012810635942,124.00277177764887,82.59243297725428,108.17892417050578,119.12795383232698,103.18996693856917,120.80216825728598,65.07122214488813,118.7798545803352,61.88709351502448,63.98272494835686,96.65520310077886,111.92513257400087,143.1892913004447,109.48234152300768,94.42169454124812,121.47099158743956,90.21842305406379,64.49973273323168,102.2041420201866,91.91546013980883,85.94867785853108,110.87692693875827,101.5092624419242,72.57380201091193,102.26495798051127,111.98895690591486,121.95527738919547,93.96304863419508,123.07822899061057,78.41675867987736,108.3454589900097,135.85842896222834,121.26301979289818,118.14319299787309,72.27788229872539,109.42342174447889,78.86324504468186,110.49221073111755,107.47002511932888,94.3435800012398,110.65636087243354,110.95690381420054,125.2979463685829,88.17225122906191,70.98826551900726,116.95635939875325,101.6775576669624,58.71398107682511,121.27909012676379,90.31710500072322,0.0,68.20984327017166,95.73620815703697,73.96935855756085,74.3059311830282,115.52326845826268,108.2118673573393,102.07724505202049,112.58703810443826,60.90825217327827,77.30619062892868,59.69719518509912,83.66854521153294,109.004025383433,101.87189425298536,87.4089092124678,75.8686468641187,109.18698152383382,131.88742955639282,100.35737019453427,89.64686858134695,114.90668567256478,140.90572319151954,145.43463541705637
arc_pair_89302,140.95044259471845,93.89578497294227,50.56771856260099,94.28077947780451,99.2643649609691,141.57400740975743,144.03904340436162,92.40608878805243,71.04347230347805,48.688080651526874,99.17044524788237,90.14896678946118,60.67737890070207,146.48993738872315,86.44095393204628,112.56116454030247,147.72363106527865,72.54013796031495,38.75738825124425,44.92277563848993,48.046009461107644,83.99742844374532,46.715553122822044,118.01244190201945,102.41216366411308,51.059950794452874,101.2383580827493,106.57070607984721,67.80315832471419,86.25901035503824,134.70152412861194,103.36503543887963,149.34501343013724,121.62283267978819,106.51821430097813,92.83707764621245,114.91036949568816,85.04750347689733,95.45208242038099,98.23409308149564,98.4753813311271,90.69112745659686,84.06716667195067,125.90888327785251,112.75434523393358,68.64891489548135,81.45910454236137,109.90359088042891,46.670348707241445,124.02245349869024,117.91499848112664,80.87336920218105,122.66077349288017,119.77802498162407,129.01598171626605,137.47026323839088,105.64720672237394,73.1939041485781,53.231691415493785,116.73646184588397,41.987065296946824,114.58794718281551,105.01077605196534,70.31610818362732,74.56305447973338,116.79609135825652,142.07525603802372,70.87099017616302,39.0130996570364,72.98922956513623,87.6921045982094,126.31328069245319,105.20210187281259,147.0090584286267,63.33022944855928,115.11838726744492,91.73486402957116,127.07182845447167,60.442564754942026,102.62660122456717,91.24037805556169,124.2538817750716,102.22592035729826,79.82144400465332,115.71727132256513,50.96609336608387,137.533398704465,76.83499861892162,47.980559390908454,104.41243932076833,128.3549179681253,92.0518869192635,111.35394392726661,110.58675062801423,121.08228089839976,58.36786623810893,38.42024881059079,69.55365472879407,87.98877671684721,69.70901536714038,100.06435184789532,50.40108267949639,78.43520531504493,115.28505647911336,112.4050966553767,116.18399664997125,104.66413232807636,121.7578243117316,73.35233860295142,116.71072728060679,139.31272907665584,119.95667006689084,104.93076350914939,73.01472749015633,90.51022218973836,50.14741785001652,101.26878690580685,95.40715308314714,84.36413916443026,81.80056085775205,109.92840956904229,141.86641765808605,52.56902980738739,75.11633153855973,116.99958913478952,111.31738254999189,43.148773449916376,125.41380768567493,86.44942885679052,68.20984327017166,0.0,101.836966720332,70.10751645296844,51.48900942973542,114.11558617099422,96.12839048520598,65.85014596724302,82.18691240188099,45.363338365382944,83.23314749951412,50.3936792597996,69.47587057018944,124.23125196777804,97.62899544815477,77.39606720604594,72.15990679080333,119.38456511512982,90.80556217018147,59.17838528165086,94.43578311414491,103.42446465951996,136.0609148589619,98.09112370174013
arc_pair_714315,43.88979447648639,44.570203865204846,114.08782690805734,30.986936433066713,27.058042724288597,78.43200065905324,42.32526463440418,34.65678921003763,48.789441401314335,91.86329833401753,56.21273441016542,69.15464950524724,59.870092978173055,39.89250713279196,70.38005617921358,41.976437528533026,32.892666940269535,129.21376051344532,77.19624861494427,115.0101719313254,72.08560371624333,76.38612308752887,110.48006240508427,30.083941725259322,52.050169781344934,78.0429950141466,29.623512107694573,43.228302272128104,85.54213224870165,32.683033565604624,40.046169905933446,94.9580773756148,59.03088390271958,30.839064367451908,30.618743348062885,37.294429337953574,52.552406377179395,66.1350392504884,33.59485463221557,83.66978916826648,21.929573264502793,51.97499865783033,55.372220724819584,45.815656289108524,33.767828918154876,63.85954183646815,68.32442043268202,57.07738742360873,75.01297189549355,37.38218922535843,36.240977194453976,39.017557389821334,39.696585692823675,40.34289485371844,51.37607690751794,27.471248878308092,69.64953166761535,48.80244214923427,54.9724065723071,21.619950926892642,63.04238516863708,40.534988621175486,53.95372365226551,136.6757698381353,38.00134969837809,28.874648607745797,34.21095891299487,42.65223402163274,64.07031216080576,84.79245236254079,34.22121354998745,31.78543512378369,229.79524170827625,43.9552606161638,80.19964764268326,45.14208894872169,37.87067920744224,37.569543068120055,43.76630165655097,52.09113797834839,39.37073074952592,39.44809190008846,77.62963624084801,66.23497082230661,40.21861298601666,87.23504375882999,29.48623813936272,36.39908994100092,78.21713201598823,29.079618152915476,33.744950846781784,138.2550177142279,50.50184957251456,68.59780226924293,50.921306374888765,89.63973087674923,61.810338299834264,100.66018377569901,52.73766125274646,55.16245031069176,32.670929672744094,152.34177948783713,44.49947089819287,55.146466642903185,33.95153693263788,42.912490322673946,69.25035820201674,52.21969972504026,64.17416493940412,36.35722600868721,47.877518402195236,66.15414224139766,41.75656419180811,46.838678349218476,40.93077181406934,59.68107200070946,39.023159366282584,74.36772610549757,79.09416214067738,104.47659057122543,22.93636262176414,42.990715608982825,150.86995015877358,77.14841261266568,49.04427283223242,38.10022460151493,64.1748478956889,62.18983661142607,54.52841598136828,95.73620815703697,101.836966720332,0.0,64.14786270800045,111.2200473250056,59.074420257378904,30.407021885730444,124.4340369242411,74.82859057680955,91.42264476002201,67.29513736144301,90.91541117670674,118.2787162372021,45.41960979641148,35.811001114521304,57.67450295650152,80.09872065456508,29.348619227951417,99.60376578398913,122.35970886932657,33.84639476447325,29.549903955193564,65.96652805408186,131.01679810545497
arc_pair_464015,101.48334120635232,57.44088131429292,58.33251029202127,70.44932533164655,63.94150276331861,102.52437449194926,81.5052858673211,45.739227676942306,44.23279519730957,65.80309742336331,59.4859320956686,78.33709276091963,54.13526926006037,89.88243295638081,59.71240741929162,74.15878488317483,90.1132553641217,57.35809754930308,61.58971050614272,77.65941986421211,71.40703954730371,60.51145794077793,70.0866866482371,77.87414238878546,60.47695457553716,59.92271155876288,77.23135180696204,73.45074315752323,60.32486281852869,48.941937688063305,89.29665064361528,62.98046710344266,84.24384173757679,57.50407092084434,74.07252259404297,43.524648791126936,72.4987971219615,48.13547369684503,55.71908939414729,62.99761038154095,63.85073281147076,73.02888411022198,40.26988933545516,76.0482446802404,67.63667856641976,58.399793237892645,41.363074658824985,57.358690520897426,49.490111337355614,79.09009880484659,80.82305839029647,39.80398956865248,51.143624081529545,68.19366083303832,96.7853561299885,80.84507896397903,75.70481839008556,31.880145625883664,47.22409254159706,60.80311743647978,46.55053664825154,63.559481749199534,57.11253803413755,94.31370976735762,41.494941641896375,72.83606299414171,87.23880193363681,53.553380896088576,55.54907797685852,68.63989367331203,35.47409683974459,62.6943124275461,138.39085637081288,68.72296225044701,46.31873429979166,70.70909916951395,56.64100109121766,63.608817345851435,47.7690124558835,54.57403516207573,36.55966910313239,63.181820979380674,56.169065287510335,61.911609026267115,70.10198924060063,49.43133179876121,78.03977819778535,42.420246117199234,44.83887958502945,56.22362903476274,76.91803912926707,92.42843654293816,69.24615650441501,61.306648061398334,76.42226593724897,70.03465057592203,45.212394757101556,96.65185506634597,62.528726948886366,50.39891805904252,63.86814818401128,80.95500787991628,36.40968198094845,71.27062805438385,82.28567177958605,78.6522527098667,96.96337828589625,68.35781943304109,49.41140871202308,53.76160671029606,83.72979975402457,55.61063195774335,81.94173544051745,48.029460469234266,48.52557868318591,55.45331280145083,84.23783462789825,62.33581966302849,40.85670986210392,69.10712685193668,76.64805261931744,86.79216535390597,78.59475420216437,59.766468419851535,77.48023248176841,67.29127564534909,45.6848493151052,86.77117538613746,69.38240929823618,73.96935855756085,70.10751645296844,64.14786270800045,0.0,52.004777196912414,91.19304682956017,66.79230010255361,90.51460728199778,62.904841012012014,56.02644408410444,39.17283006963049,65.86979810326537,76.39314887152844,69.63533444534286,51.94077366267004,49.06352520849355,52.5385423733037,64.32761436347523,65.97649677597703,78.41867244002667,61.562833011498796,67.76811224497465,72.57067246596702,86.61242279762979
arc_pair_674772,171.29745668129587,107.89876562547522,54.86712745965116,102.7530448950985,103.20076221250514,142.62037637437754,147.1931274484441,99.7526209010677,71.47981443422292,65.53425379185771,100.68254247723257,105.83233203229088,62.37732379090473,163.18194133212222,75.42909512929795,116.66792182872737,148.1948187481519,59.332781660301436,49.251493244720336,59.69191733548674,63.013578542009796,77.89629626107316,69.23189855339236,131.9196855514109,97.22794365370834,40.34453858317749,110.3139707708829,107.07992415296968,51.43989360410551,82.75284170499546,136.0953863087966,88.92149589207634,142.03473413234704,114.74202946992924,115.8969781870089,77.69693870830673,122.79377176049164,64.27769001683473,94.61177128197912,101.47589489820402,113.28005246683176,103.97440166333003,65.64036956958167,121.59956764689244,113.14512288722047,81.63799313247216,62.20795157547932,95.14738102580651,62.79286530886752,139.262374808688,133.68307442191258,77.69255058786791,119.97440694325934,118.57490044346943,135.6867448513938,159.72866404388049,109.86751168675491,77.72552361699721,54.05850449031654,119.04092226033484,58.10019038978076,112.15370651158878,99.23163073791014,86.06775960095783,65.5887784244447,132.0359659925432,143.9800787518883,79.01872780259879,50.164614855363546,88.1500112001289,82.2230748073177,138.34794153039957,110.60315074582087,144.59041438687933,74.58097489749332,124.71107519996117,89.05330444793067,112.20497182021249,73.65412960243262,102.84499707356326,79.09104966110384,130.69904904079107,73.32441415697775,74.51394432343358,130.0374144409529,44.41543511126919,140.300389571794,85.06772602317744,43.43474922429947,113.85337031969277,123.23455992890497,92.61721490927087,111.99970436399313,109.40241404641237,132.25271158137255,67.88993705924004,45.643341657355364,89.83069716762847,97.38930022704486,61.33293987735195,110.85913542768093,48.2594703928093,67.0451630385604,126.05239683830874,121.05886563112843,117.34868722449127,126.73567474017293,127.52652741192338,64.76405530168454,116.04524129647574,150.02492021785753,121.23197246743304,130.06903395141862,67.23031368278134,84.09898883183043,63.09163355762963,128.54903422519843,104.02828161134342,60.21877564695131,71.67406062023838,117.48008774585864,148.3331554769785,56.183514121772575,79.7528764296946,115.97390966865574,108.5066681895484,51.092269362274735,122.62119931996544,92.42695265358542,74.3059311830282,51.48900942973542,111.2200473250056,52.004777196912414,0.0,119.16076301584577,103.0893521408133,68.64956687364082,87.41892568264174,57.66621977082137,85.28294133735014,63.644066286135036,66.34354055745008,129.34581853783726,102.53347962850286,66.90708905366182,79.4721486992511,123.98445017848981,90.96591698554008,70.25376617601569,100.405325044748,108.99030578168387,123.73098440061423,92.82485102864285
arc_pair_280409,71.08103522368279,62.07342049569499,148.66631133203174,48.1636970965646,47.38405760964942,97.9862986648748,64.50332090021091,64.56405856217091,60.955320980555754,118.84587338476132,67.11347147518057,77.96790318751465,87.71812679290835,67.17683632933937,84.58321273113516,64.38193088454062,55.689912130433484,130.6062918199791,99.21201982214349,133.07675838401428,93.62724230202205,79.95016414315724,126.9773837702647,61.40274857258137,70.03084146981237,94.02677513546267,53.799409237566636,54.93134633304685,95.49739369299289,59.55017244513598,54.12725150144796,107.61477057765711,84.86195066065414,58.819322913075325,50.857022010341964,69.1385029697324,60.159341691510036,79.06112003654741,62.47709536820173,89.9814934390107,67.31310058087463,66.66573611864962,86.45653398629531,79.12987476691309,47.27318047392194,78.60881544539703,97.38860129041768,70.33238003972072,99.83723223043586,65.41058522620739,57.70854483062304,51.444541961398485,75.75473139988,57.7213641671006,42.95150622429147,64.30504157308252,76.16729053411532,84.04986038993738,92.98909030510302,56.248161922324584,85.57103999350845,57.33023575649011,56.78863854001139,135.82656054388127,56.611680351651124,74.1989330411346,55.751545186755735,69.66353264764543,75.18462642930389,114.68769138212994,58.26834139055987,64.27520742525766,235.83434954326228,71.97861265334255,113.56570690111923,62.94115771202293,59.36178439377576,64.9490494619531,67.30521501712352,79.22899005471217,62.22801270075695,72.92187439999549,78.94268164184194,82.97969364086492,77.65800791371692,108.91892968483411,53.666592411973916,74.59781458876702,95.35661105729899,60.7342112807635,63.12657867355413,154.74133338041264,64.86367658493197,96.27571177784822,69.33483341573633,113.92399098874233,68.89303638004685,102.11136146694844,77.35221096561202,71.54514038469488,74.63860239635454,153.82096291797313,70.81988841752288,82.24594534196515,54.67158994508652,60.21506145507452,89.20478856921879,43.14655251261429,82.38954158342096,58.78042906604299,66.44942216532834,91.37919364949391,65.35147151087807,68.00844495161617,61.776370440315276,67.90426120786921,57.06960568745775,90.31724537906689,96.25634566268262,107.70276360441295,49.29739034481352,63.297777362987524,172.7834043904292,96.84465790129182,57.529451199748635,64.26578884270113,89.12462335732079,48.65694432277727,75.91351793534173,115.52326845826268,114.11558617099422,59.074420257378904,91.19304682956017,119.16076301584577,0.0,50.28270991770477,135.3197306639889,78.81572063057477,115.5729710846519,91.50038701657168,102.69383626326118,123.65188818502205,52.88235817160367,57.79913735381375,74.86352015237136,81.03848717952283,60.314533062867184,102.69719281321028,136.0441569515997,51.39887073120639,61.12574231279095,70.64424770913016,137.58275158907324
arc_pair_388971,39.64068792002084,50.88883695915179,122.05295676600772,20.702769445123103,16.921306799525663,62.13759244514738,47.28253680410705,37.53208278617262,47.64694551277324,94.65926015409946,49.28839169920337,52.027251020551276,68.23447957175571,44.94546051900949,48.518682192247184,31.655274782149796,37.34730877455163,113.72590773139382,83.42134000679133,120.31182713279908,70.2809101322494,45.20401332768797,113.74811921414116,25.914955531204956,47.753770130216964,84.13909959944539,34.10064513116305,27.530626479567594,70.59678684162314,32.58527247490187,33.90135169088215,83.4750590442965,55.97217717337728,33.936415389808516,13.957194404855935,37.97081584675247,57.321925289996486,63.35370647955094,43.250885586897354,54.33044011325219,45.787014165995316,27.281432736517942,62.42948003689688,54.00320683950458,19.401332742024007,67.59730128633375,81.57952257120263,45.391871112324125,78.93494088577657,32.8567891618857,21.700903261296524,36.020556206054465,60.98938399553355,30.321067187935448,41.840042110897954,30.495330362588597,39.68460673203754,62.95991115360897,50.442557811905246,33.700087693120494,64.27500646678828,18.292049841289234,31.04814950991937,134.603564542972,39.00556394358418,50.335307335248885,25.81292023217859,50.849822525434455,59.96390409554987,82.65148615766219,42.1636799679351,33.76022601940001,241.9641401625139,43.643076907317095,88.67060687049063,46.85853746252521,42.02531485097619,45.32085933799111,39.261759395912065,44.17184036273861,49.40460886844729,45.443727104849486,54.83579306441561,62.47168601422983,42.79936531659456,85.97669110849716,29.983316228221476,57.46541841606842,75.90742365477446,28.90355914212314,34.20179255463775,120.48318677294604,29.40595262848442,65.85840575064475,46.84833751736356,86.70806590746322,57.924000982318255,95.06803710804589,55.62715383876115,50.985417840471186,39.76437700463836,137.993970931617,45.653780284494275,48.769992834512244,17.89167285441618,33.43611256626208,67.09218242789646,30.051310989303524,58.81181430201789,41.427049192608116,42.87452785697894,66.73233480829367,25.451431154084784,38.77056757422147,24.647483569174597,58.58298151815436,25.216589313477446,54.43490898360512,72.54431724965569,76.98987560482551,25.350101839044417,60.75824576618754,160.29638404251955,78.40864384199682,42.61407090651524,34.806216416336646,70.74099107598444,54.31288099726011,52.74182078802572,108.2118673573393,96.12839048520598,30.407021885730444,66.79230010255361,103.0893521408133,50.28270991770477,0.0,114.07739740250986,47.22682524633166,97.2556087667135,68.79579562840722,101.10742767964028,126.63078225297869,48.0208155670135,28.548482286671295,64.87251089611942,72.42900029182675,28.818398363188372,72.6971073048094,110.83561553875131,30.49573287088336,42.1693547573108,48.35889252045435,124.26568869196693
arc_pair_674359,173.00227228075607,123.32713853953975,98.70809320795668,114.93435069771724,119.05745701519365,167.4116349745943,162.25814890874392,114.02106299748569,99.26556995552221,91.41743987372311,122.66600139766767,116.078810706022,84.48213264677608,174.71121639458823,105.67398340774932,129.52259774413784,161.30672677869757,95.57782841005931,70.01354917830669,67.64120855819591,83.3662078736673,100.21809491504698,78.66472652562827,145.87081778369117,113.90211088499993,71.55362893507555,113.27770706714003,130.8652156296721,71.93031757398886,109.35125819820826,151.26948307681516,111.23911011284011,175.4249071415441,139.96193996118527,118.74527046572504,108.85884480799042,142.61968312882482,114.84623556061946,108.34871994561951,123.91505002769208,130.67188427682032,119.87712452283179,119.74675981719452,137.70686982400275,127.72588406917961,99.64386037165323,107.00021953781332,136.1506163495764,79.44897192960498,148.42403065738802,135.3882102417055,104.84884603265826,152.69481791547258,146.00245227030516,138.15586288695113,157.4829888931097,128.32663788158175,104.01395158761412,71.37016224848497,143.8959123683178,61.688270208028804,131.78142929309018,128.7343112542814,86.25581388305542,81.8126528195437,137.65054283387016,154.23060165688017,93.35514393649686,51.949387839583494,86.94183696008619,116.34623972756512,156.86084863034438,130.68715559571865,170.11640776088885,87.44363123832078,145.88133544772364,113.6366931854198,145.36168705337656,91.92438026752174,117.5735294508953,120.0126407788793,153.7530264124333,110.19874778803955,94.38604848754537,153.08333828663993,54.23316830876098,152.66423363341232,102.2333308383879,76.22377938195618,135.8495863366161,139.9604911580833,97.85089076946458,132.20384243586358,132.7711428191137,143.98649158555094,73.15773325456487,60.588717868930395,85.6382515437414,100.67449161936833,89.0956040313265,114.83610951074944,74.28702494457562,98.37945822665306,145.91343894712062,132.78765670062018,132.25240904712854,124.68074382270567,131.4439697874014,72.28586152564559,135.8081462770606,166.95773406832222,150.05734895850253,122.5936536218618,73.41247444336481,104.58535878292807,62.92822900261142,130.49718153602697,122.33069184689003,93.56843595098468,89.54566863097001,128.2788878538474,155.80324438245208,79.30837277611394,107.04148748337386,128.42730614271827,125.4239602775505,74.04295321939699,151.8024548481469,92.3629393116448,102.07724505202049,65.85014596724302,124.4340369242411,90.51460728199778,68.64956687364082,135.3197306639889,114.07739740250986,0.0,114.28474995684729,72.35683270746154,111.2751954061347,77.26883478443247,89.07826446070086,150.36007197529602,122.69620730439718,100.89272350236448,81.37737853533122,143.3903705145956,119.86198899602039,78.18218662372429,113.64344320380418,120.12789481678278,150.24118601567383,132.82322036903372
arc_pair_172674,93.64404546606971,54.927760681191806,111.46411968947615,67.07322720039365,52.87563075664437,100.52785912051775,89.5061347191922,60.448001084856,64.58613150459405,93.6747371500583,69.9494044651232,43.30782005975954,81.92885080467876,86.02007258861481,37.34306358524084,67.11892894733123,95.8231268658268,66.29941381016722,89.9160787524921,108.50620904938319,74.11618063104108,27.379062199439097,95.1236536207268,66.24277833894239,61.573900654416256,83.93238413217426,77.49030670319124,66.86583702038497,74.32276853078199,58.43449778513771,76.84099636090073,69.9382726264965,102.06778896222889,65.80630544682552,58.87376348486768,63.90056448022122,66.8074590621585,60.79124036935793,68.44734468350268,32.15910386698563,73.65107690206389,56.0676839816275,84.9501102702034,92.94464231778014,62.686956962321005,65.13623512927585,79.7159759240396,39.0258307932165,74.11548545315273,81.10283599006704,78.28575809581898,53.00726871582451,81.94965942084633,57.414521735728144,92.97735064210823,83.48598839993313,22.363877358989804,74.02303970056752,70.81134746302003,66.67289088749214,67.54806891069128,49.67575506773079,52.53157055373178,117.62902010611846,66.0488887999376,89.27954415812735,87.7136490510971,76.80685713620203,67.59037516642223,100.8504749923336,55.20683713615158,63.006209254875806,196.9367562435523,82.71369257218842,93.8408223992264,70.98380094018673,71.46574831535006,67.0107503808383,56.25654736707899,53.29916816107441,68.98236042716913,78.54445737359035,48.38408011030926,47.475848303190645,68.55438795514675,80.30588301056376,87.03217380244635,73.78634510952604,75.2923605192522,68.6992619434825,83.26017039858866,75.99998654551672,67.47871337062331,80.81196299541722,81.15961848030905,82.83640695249221,58.108606629125376,98.54444016830385,72.29360887137985,60.76684558356435,75.35558119328881,99.46611348670025,60.464331509262024,85.96147649201376,60.71232003916159,61.228231280850004,111.08917754010255,68.02775979727616,74.51694494970148,67.7974805702094,83.92505114606581,72.23335628779095,72.7376257027992,58.66232770844415,52.92594779842941,71.49372965194408,72.2477219848527,79.12401785155788,61.84725838887903,53.25228620803605,67.59005192735682,93.09265905011455,130.88985415080472,93.00709356023464,76.11198396376629,60.93966776601785,64.20702797622326,68.08344135778432,86.5547343712106,112.58703810443826,82.18691240188099,74.82859057680955,62.904841012012014,87.41892568264174,78.81572063057477,47.22682524633166,114.28474995684729,0.0,91.70628438777878,80.67022439947064,95.62499640956041,123.72251814569839,82.56929607111128,54.622528637098775,63.42413730497371,90.21491484923718,75.87933047233997,26.31080369886578,101.37113009519322,68.39376129741603,76.37136603109103,45.36620001519006,79.81537026741108
arc_pair_217721,139.20396007960082,86.28905158768433,51.44240676482643,92.63355174640643,100.8631083344719,134.7329041352928,120.41739978371155,77.56739113458569,59.84405038957881,56.68063157207883,89.74925826663016,100.03234090555186,50.64105827260116,131.98159967147296,99.87595120162037,104.55263764454652,131.40612521375016,89.08879965902993,43.306142149062545,50.050176088233115,58.532331784583526,93.81286978720321,61.80480175219035,108.47499708131002,87.14973757779762,53.249977176459,93.84697572314553,108.93425251285312,57.653775576435145,77.64497908236481,120.1010423549344,104.93559978565091,125.58166652261079,109.31044212299592,98.86889769896723,82.55822457263933,99.20411240657319,74.18914052918139,78.59158898249663,104.17006912694805,80.24254202999101,96.79347411504867,75.56250323995299,107.01771237011604,105.50433096059241,63.5120849870722,69.25611972376167,110.02465114807137,42.357431617909825,116.89531350791628,110.41922247445937,72.56057174165491,97.40617027627778,110.7168600111649,127.1259376748495,117.60037859815002,111.95386968696027,49.762693000701496,49.45672824710867,107.9901808787445,45.91716218048941,105.61800108464783,104.342536112359,68.63875040824064,61.55268401965539,104.0593580609007,130.47572013307837,63.017099915236564,46.01301348906561,73.04607945016377,72.895668012144,113.18795533612884,104.09861301065553,129.54778834071288,52.13072672906206,96.90519837457802,80.374879151165,120.36769263557262,58.784736762945144,101.71833989441451,70.9732037876843,104.72918518387308,110.44867574248445,84.49095310048,106.83398375487951,39.22385025213993,121.51688666765735,52.529214310978425,45.56529855351501,84.57207114807308,107.12446579456005,103.63537453488132,104.44860083926847,90.02193281552633,112.59400670968782,76.25399883469444,45.362434447853786,84.30060922183064,74.40156644626066,69.6420869231138,95.12166538708206,60.828784798061875,70.53432303825691,97.7498719943736,109.48714881338898,105.3532820409173,107.99923799956886,112.16842772315067,69.16955583308092,98.30284995172107,138.13619354034336,103.0335533709582,99.14341990270817,63.4119745665555,83.89136219947707,53.59046144069403,106.99182973475335,90.44687963659673,72.31710709208946,84.64348564567334,103.02029595187904,122.4761061998831,59.3070255151526,73.0098982581793,100.11066789641305,87.87235661132696,34.23500725823936,124.96007667679686,79.66889287089381,60.90825217327827,45.363338365382944,91.42264476002201,56.02644408410444,57.66621977082137,115.5729710846519,97.2556087667135,72.35683270746154,91.70628438777878,0.0,64.4478300663107,46.24102180645651,61.020338800251494,105.73036675353568,87.3057976542193,64.604897663288,63.117713533897984,106.77533780306214,105.38755593708763,66.45966527861184,84.90093770693505,106.00425362742004,128.71328658381822,107.78125899117839
arc_pair_649523,87.99336443447785,68.03572580070184,77.77203706921593,67.30338277335173,74.12182580839418,96.31318863679226,79.9818654047848,51.520645463589645,42.10175696982135,69.64593233722067,71.14995084038134,93.41252621323378,61.23775619429113,90.03370685551813,93.43897465299702,76.23288399961154,84.64275574022123,94.60723283728743,71.81395922355284,95.43363935010734,73.70982087746,75.68016999610579,92.33713464753838,81.2450213894198,59.44122189733994,79.90947996977394,86.33405727738287,82.13566554263386,79.60211879076896,49.64713780542181,83.17352624683578,90.55524650114907,91.45776604360566,71.22882121366993,78.01056372066496,56.5991901111378,75.31432041007028,65.24264497671234,56.7310216585752,86.52251195125544,66.93682203151505,72.72702695005208,55.66854133751257,77.86682525497875,67.18629477888855,71.98828568145828,72.12152156748338,76.6172789680034,57.190735348221565,77.22395203332496,81.47958966630239,47.99549691699936,60.43244269502706,72.75960906664041,100.86425712682953,81.7199071879388,90.53549690668272,50.306565941801395,57.595814700859776,69.36972936513693,60.70840021518676,66.53274645111634,64.97820105806929,110.88469773757669,49.01510238559375,79.41191099046006,86.18712524116808,47.80480810556625,70.47895145389606,81.27629868543478,44.86947279911769,68.81646872932123,162.00156538068924,67.68295675000891,66.7804554229547,64.03052091675252,55.97823948527255,84.84664780472087,54.4613589052549,76.77725396358099,44.47851074861719,60.636847536076154,79.74857767874582,84.4561035589428,77.10161953136128,66.08811012920523,77.88570786256663,42.024898923267955,57.04978773388734,54.66120423813061,64.16828303334665,127.17308457378942,68.67450369232274,55.71514059635028,80.32294434090798,83.71582911920501,63.69270498998536,102.20729820168137,74.05017550455378,59.13621396677695,77.92086633849861,97.8128763456805,46.45661942765824,73.6299082021873,85.99332592561115,83.94542803834044,93.61979228686256,65.93898006733191,71.62341266126965,61.82720056328466,90.87999791670325,69.58409200133576,76.52726375998472,53.711687240051745,64.4350835557783,73.98579721849076,80.94303064282232,68.1460737136032,67.57741602039337,91.2200336816138,77.3099214785161,94.44184963981903,107.89354533206195,58.40186728450942,90.99650894765321,64.37156702088595,58.94487221800818,96.44529802641073,70.50781810964916,77.30619062892868,83.23314749951412,67.29513736144301,39.17283006963049,85.28294133735014,91.50038701657168,68.79579562840722,111.2751954061347,80.67022439947064,64.4478300663107,0.0,78.48615914412431,91.15872317838358,71.30672579412017,59.687895001662724,67.88754979467578,65.7288113531031,65.59463340435363,92.82904235154456,88.26188344563587,63.606686143850034,91.12686648936534,87.89735119688935,136.72754156314596
arc_pair_492710,127.19144496529874,92.4364949174307,66.47161502629828,95.75353182881472,102.39415221697423,124.07639928373723,117.33792737897326,88.68205537823326,60.388950343212976,58.209659159703975,86.9458405246456,107.00110257345237,46.85169538758969,128.4429329754695,105.85213730706938,120.58669470505801,126.50438163369964,92.07983513146152,53.24420176011775,49.6735477584395,63.13638135972643,98.88916027771239,53.0395304797332,114.54156509275992,96.93634248444869,57.45908335499291,92.30702065557038,112.27589671542468,66.08077054868913,88.64628227291081,122.2609234490815,121.78870427798876,132.41814860738063,113.38303044062096,99.68208219349688,90.6634851634794,90.03415765254891,80.66248224067662,85.86271744362172,114.90073281993647,91.50640666225038,107.34071540966134,88.8824612366264,115.68423322389651,103.64039763515522,59.98400176261099,88.17575759592225,115.3662478875083,55.48690854107953,118.18980826391312,110.35386530366539,74.79146150463234,95.03601549812744,109.99958875586697,115.33435592295655,121.96629569990503,115.55609518292982,61.63406409633354,68.39572295105594,101.97882336240725,41.54292746573746,107.85659002054058,100.784833038969,71.52545533863864,58.55002744063631,106.43166925141003,131.3265132306192,59.43302132293332,43.080564236185666,77.56203145481315,75.69991050641374,112.96658028333516,94.81406891698916,127.42719877018544,58.28913329468037,98.95231636487594,83.78053137946948,121.30507260988861,61.390200407047516,114.06260034111376,76.65115882613925,105.63404135028827,111.38405767343221,92.36460107076383,119.25783311871777,47.27255422502559,121.41139849077288,63.414995500476834,54.38110508276057,89.67633972081899,107.11357923698937,120.63915944054,107.67687884886254,87.27259055027926,111.10723899817395,74.57267252779866,35.94165610954299,67.02548281176205,75.3705718465686,75.89421258055816,108.37491777275571,64.84493100313503,77.22794888786078,95.38023379044975,114.36940585964658,113.78751461697223,96.38979038510433,119.84818700681141,81.48179371849709,100.22195690166375,127.35131113483799,112.09580616740678,104.37213161546521,75.54764555795947,99.4358056393329,51.056691966944,102.47883972242687,93.90517063295786,93.68111259198442,92.74013019140659,108.68433403685077,115.72583582592279,63.71931813750019,86.04394012933773,106.43546171100596,100.54446595837614,43.880933996131816,116.80401627162517,78.8617938524336,59.69719518509912,50.3936792597996,90.91541117670674,65.86979810326537,63.644066286135036,102.69383626326118,101.10742767964028,77.26883478443247,95.62499640956041,46.24102180645651,78.48615914412431,0.0,70.46640523340676,98.80779773982664,88.54981440068246,84.13026296526559,72.30100463543657,106.5307410038657,112.4837953834609,66.43378367913493,82.2259191190203,103.0300968035947,127.20518797351332,119.5144499182619
arc_pair_297765,168.93959169796847,120.30995754527487,71.40217225970096,116.13652832251506,131.72917792337316,145.8933598813823,147.81379710423994,104.87165072051016,79.26069263320525,76.36341372437997,124.3236975837369,136.89665607537657,82.91230509296659,162.755590281912,132.5075807412624,134.52192587235515,149.3245583386642,105.12914749596689,74.55688115932267,65.50584742600803,71.49503664165123,117.8359383544057,82.80367880213362,139.02233775314397,117.42997826953184,71.60902126138188,129.72363232947822,135.19196308280658,97.6488425586528,102.0986434670167,140.41082300585902,135.8210707782926,154.48019384608162,133.75920881415192,130.17372322405424,103.62645181209311,128.11068648960995,87.09353785888649,103.0084591836954,141.46709371105482,117.90101846225633,126.6972572690502,98.30563105795139,133.38360537036758,132.65866162864376,91.33522324628083,92.97980982674707,132.71791575473932,86.49110745839728,143.84770226455726,145.47230952961849,96.17444273119389,126.0063078915505,137.81668152812733,141.23473151442295,157.15002080645348,142.90735147497423,79.09054658260493,80.77884292116399,132.88405455949072,59.52243602673241,138.0421460066848,134.3759432029146,86.29947741279534,93.15630434738429,132.80153683629828,154.23805714671062,94.30462023563561,67.33601126485433,89.6942163636972,95.53150460193471,144.10283522324988,99.4542174705693,149.6675514375692,81.21780545109468,126.82458386402135,101.67785408681638,141.48207015386683,92.06243250482575,134.66450864167587,92.52222213007543,133.60421996911256,127.46484687319523,114.54098410516814,145.24462668877052,57.73001412650363,146.4064303958297,83.33497472623813,69.49128417158869,117.98783542903806,134.9136878079861,139.0027671970846,125.85848893652826,131.2306907928235,146.9826821632634,95.52828641620722,67.66886009901377,100.14826030988664,112.48647185966972,92.86874183501821,126.26233517944567,77.81337767056279,92.98917528133708,134.71099938808325,141.98487531895853,134.5864758885897,124.6634818979142,136.5422416024888,98.84353669730521,128.08703407902462,160.00402040054212,132.6879977355765,135.44240115282597,82.70617728746751,113.73153961190548,80.0992871148454,134.35322977893475,117.39205966131703,104.66947064011718,114.88328932499985,132.5728856602708,148.0038170430205,74.5113934968526,80.86213297825788,131.18819010834784,120.74241514906511,68.34028950461868,143.9495804929406,107.25466698470751,83.66854521153294,69.47587057018944,118.2787162372021,76.39314887152844,66.34354055745008,123.65188818502205,126.63078225297869,89.07826446070086,123.72251814569839,61.020338800251494,91.15872317838358,70.46640523340676,0.0,127.41789970033706,121.07093121093278,89.32926837409791,86.70353240908341,133.21439422989906,142.46390634549553,85.20573185939101,116.42943830982938,135.30825705876265,151.00695042509972,132.90244557653887
arc_pair_208250,45.00038733748896,57.63492508362384,135.37718744275122,46.51005588816202,44.507003594555385,68.97316054174806,41.93021698688908,50.20198011712175,45.542793470977244,109.77118353636814,50.3785522443398,93.829332689426,72.47824661292117,42.32615363338938,95.65758483029802,67.10880361437344,40.785668330511825,134.36932174567107,96.5824855732343,134.78391238557668,97.45021255225689,94.14479657316224,117.05076760164499,46.654684158935915,65.45051556038662,100.92403631688651,53.315699536276945,52.00605069499652,108.32695666722395,56.47462170849284,49.10951950065005,117.3934835104703,59.54478804635836,45.45862420871723,41.42764465434354,61.69061614084508,51.62664519841547,67.88755442159456,56.53966208608742,99.1091207792489,50.8629121663252,71.2526113187017,70.760176291698,66.38393174596445,42.47438295186537,64.93648540132085,91.9525594563663,74.6905381194999,101.91578625916233,48.704961412943454,40.83370099605864,40.72473402461422,40.37286757515831,46.90527438961492,55.06980527575836,34.59212752580754,84.44464265486357,64.62434993138305,92.4659330751397,38.524257501420195,85.54238374366093,46.29983130368316,49.24307262163498,148.25404338244033,51.967080114016895,49.721455150657675,43.07303832838957,62.83883669228891,71.90634442796008,102.41001149962968,34.89214108253273,38.27565795976987,235.1204060614855,51.106921210199616,97.05985045810219,47.73253835942299,58.71469777487822,57.11803276691076,61.46815095808236,73.68099798477658,36.143951772763714,41.01642004273996,85.46487679620736,102.74472776920426,59.70747458521366,100.54741972868425,40.257030959202964,51.478118841677734,96.96676662182334,43.110279663111115,52.92559728371499,171.76617786604047,59.79327093821263,75.76675028908653,59.40673413153225,114.54576555566089,73.74835993290742,110.08257021858023,66.47698692104473,88.86184344538907,56.55462019355424,172.24781217116268,60.395794026121976,52.86353775191728,47.25306894837746,60.460862765233756,69.4760033394489,50.87889839355134,89.24725334866116,39.24276889719164,38.13402258225948,68.70443059391772,54.355120141439684,60.37111931370129,60.6215665005889,75.06101919936131,41.82022578880691,73.6158164742495,102.93053770228292,124.18112638217882,53.46775124645424,47.2457166837986,180.3677332053762,96.41215885953535,65.56356937719352,56.29533355192578,78.96423558803394,62.70078173177859,69.85840882833915,109.004025383433,124.23125196777804,45.41960979641148,69.63533444534286,129.34581853783726,52.88235817160367,48.0208155670135,150.36007197529602,82.56929607111128,105.73036675353568,71.30672579412017,98.80779773982664,127.41789970033706,0.0,40.719645431860414,82.17938105982634,84.71252463710637,36.98109607046902,113.6700727751253,139.3312481965127,54.04574577904938,57.31867031076274,74.26628845232386,157.09481264673755
arc_pair_713999,43.65676494596504,35.63185627832213,118.13216033589255,31.04591318180755,31.010222207477995,56.064119831244,29.105145729201528,25.024373788596204,36.56500079205827,97.48662643847317,36.70171501182787,62.30259109798304,55.94883623041123,43.964764666391204,59.366318329139204,35.83058525945859,37.227898844348715,102.10781238891852,83.39964698620906,115.54439661030926,72.46645656754151,49.95966033079923,111.29820740244271,26.80801625735917,39.819966172080726,76.92436748234388,46.623180351933776,42.63572873378865,71.5755277964832,26.589355110061483,43.30086090430001,77.401754700358,51.50999442488993,23.80533198618587,32.169021210017206,35.3689777354722,35.52782336973985,53.96170179709205,40.53190658173036,66.96562095249747,38.21169791225114,42.550134043426326,57.32815452891914,52.223639240039816,25.21798619347937,54.137953618887416,71.69482119790293,45.50961998125115,68.32902931768,29.22665343496942,34.353443754960765,23.11108172953461,36.33459801404723,20.559292502375165,46.38649962996459,33.14717851607082,51.52915175377552,54.20092913614735,57.59012630294393,25.148212867410077,64.62055007502353,22.023365348810003,23.698339999097968,134.95473040137458,31.394415548560026,49.73336991228936,35.90337896640434,43.580172184234684,62.00096528435113,77.86523430097762,21.724948258695836,31.66008786675516,224.7163331887134,39.86821889665759,66.1162040937356,33.51432362535544,42.775015025075334,39.25847995204819,48.72587215530569,39.38352866248519,35.150759046795514,33.96198667475029,55.31627599520989,63.534903902273044,36.325503023828006,79.94878336279137,28.65947569284146,41.11624087382283,77.47413982664693,25.33701027456526,33.67715079332056,133.16887360234477,40.38013615367948,57.52403540037085,37.54872798321645,94.19418787590574,55.40554467826185,106.38482947258188,42.35542173749445,50.32569538859577,42.11737956507578,138.05522421944607,37.78574610549727,45.964734042154696,35.14903099136754,35.92858032826053,71.65693984316607,47.9253022321937,56.45783608502397,18.825698048455656,40.129702242503384,55.61592595155687,40.17635689860496,37.2257890047009,39.249152350165275,62.00646951998053,34.611397207377244,62.032858693678406,67.457369938483,83.06767545295031,28.443554526487816,43.72373548669306,154.87626205274415,77.19523397340804,48.17863063420981,26.959713982389665,51.45619410925514,55.44814511717178,49.14376848531617,101.87189425298536,97.62899544815477,35.811001114521304,51.94077366267004,102.53347962850286,57.79913735381375,28.548482286671295,122.69620730439718,54.622528637098775,87.3057976542193,59.687895001662724,88.54981440068246,121.07093121093278,40.719645431860414,0.0,57.95151438732086,67.46241855469061,27.819639212458984,70.54063360899504,113.94997514923696,32.608488384754715,36.328079183027334,53.90417248827555,127.36317346296738
arc_pair_564013,105.70818567628677,46.728458239446624,88.75294866643294,56.857648497053475,58.15747784353015,103.12030593189752,84.62210061705208,51.17555366308434,57.0895339273314,84.68213104057631,68.21233422811116,63.25907637476473,67.2434696916246,89.2019284983459,66.70721085477734,50.33617916982328,77.0873343386381,90.75022480366435,72.60906407082767,93.94208839050683,67.69483788971289,63.538596576960934,104.12502692840044,68.49996464500354,50.79312812972272,65.81062289527785,63.95874999541109,66.4117379015625,61.640019041874616,39.942014785145645,60.913535666723675,70.56469754030118,86.77630407620438,56.06534727511066,66.3583240907595,43.75232511143295,69.06049170131604,51.96654804574946,44.63968917248346,69.25943061496328,42.63136442130717,68.23338597179531,50.22412574382985,72.28375549685995,65.69356850911714,69.56489335994837,40.58619420747802,52.746940574435094,54.983192672295274,78.32960711883536,91.86532019776784,50.12041019748939,66.08180265629116,60.21145011162089,89.63019004940983,81.4633382467741,80.7649566509122,56.19893564446337,51.22147992807463,56.591600555503696,49.918317184852505,63.815727065394626,71.00607846353633,107.14831384855154,47.20416895186487,72.27629194320559,79.75873258920284,62.52139439352433,58.18556041106115,92.13816460648866,44.97136306622153,73.74663422038674,174.42408103519872,81.40733157740186,70.46388271076992,65.80839238211288,47.349867305664134,50.155657346177414,52.27149429745431,51.063368383892865,51.902151772599765,78.82971762090934,63.65282103442111,48.33208798980245,69.9214994667332,61.433725066351414,69.31549805353127,56.2161298080719,57.22701591171423,52.86615793356117,73.93706034190409,99.63220899008397,62.129152011656984,86.89149157427204,71.98899067621946,75.12255403712254,50.2071805923251,99.749966248333,68.39594749123465,29.433136479669827,61.30301809515473,93.039434878793,48.93028735555021,91.16469224113072,78.56894226644216,54.2341758462031,109.3277739812143,68.99755398836041,52.60360004060345,57.44023286660408,97.91285622452867,68.80264822642684,77.31687473297981,54.64663337622608,39.2232054864668,63.27088314243032,90.99023282954049,93.82821274755719,49.599635215383245,58.62132973222056,48.13816862385715,79.71567716355892,103.44222949882882,82.26360429578911,50.30896195586134,45.728768429832805,55.50741598776303,76.13221814137118,73.34168616003605,87.4089092124678,77.39606720604594,57.67450295650152,49.06352520849355,66.90708905366182,74.86352015237136,64.87251089611942,100.89272350236448,63.42413730497371,64.604897663288,67.88754979467578,84.13026296526559,89.32926837409791,82.17938105982634,57.95151438732086,0.0,70.41801793234217,72.16351597254067,79.8181650322677,89.69460702361569,48.80596357052543,60.76799529293058,70.75473504775171,86.17874711110272
arc_pair_672184,102.80152966371368,72.9845566830066,93.3083306252185,71.41204403414488,80.70388837615731,108.45668948864918,87.64829307153957,61.10803567935026,53.02921442352767,75.88400334269281,68.52834937681155,89.8914630002634,60.30844014213209,103.80372184079624,91.31835139889833,75.99038415061372,90.4968944970888,98.81784038065746,66.99042262917675,81.89766525560023,73.81247330400643,85.36124994414195,89.11291211692482,87.95077417390392,81.19465141072598,68.58009521291261,73.71459589223565,81.0577252160515,67.50949385231469,60.4754275468533,93.18517036682431,97.50445951539427,96.72422688091913,80.49723614016145,71.51870159916595,67.83314050444095,84.18920897673598,85.93125865732944,66.71123211667779,92.5305674464075,87.5753852465286,81.11242778248433,66.11340745483673,82.48841091222316,75.61028117288257,64.37648041123536,78.410634288421,91.59555578354414,58.9722328978625,90.38769534343459,76.09634424855336,55.82871856211844,85.92153741074335,88.71788828492825,79.99932838101098,89.48707592293661,95.52822259403251,71.29429327953038,58.47834848104955,80.4656041677126,55.68663493563663,80.37572798733072,75.05379717116259,102.7003868182873,55.98727898756037,84.99901908616854,88.25316007527192,65.95115160640096,49.238969822339826,82.59104400054724,62.99899291743102,90.13757359471992,160.18898651529656,98.75292973978492,75.68337749662548,82.38302576968057,66.58547741185458,95.53701469107949,67.49250590374702,74.52224803640672,68.40214284981354,81.46165868087724,87.81232564807615,84.9999536922517,90.8669425446716,60.16131191396697,84.6635904831445,54.33584933248905,68.02999753300814,73.2242955395948,87.94384415141033,122.8750278764328,75.45504882945137,78.74459374597137,83.88308575621522,79.06179313915595,52.56565071897644,88.21770438788563,70.82528546280791,63.399532547005094,79.83850780724364,96.3619418416953,59.08346804300105,78.82748565510025,82.868643442462,83.89887922834221,82.3232564962442,80.9645927402899,59.09905243693815,76.31337422057922,93.25048739238743,96.53185968441723,81.27635869591427,51.275230174430085,68.91328939285538,60.74760008393254,81.77539569210438,85.70411651556611,72.47518117729787,80.02686829709037,81.4413434449247,97.31462792572464,101.75408873279719,75.97809320934567,82.25599972158159,81.43241926878164,53.030654628099924,102.51829044854702,72.32985299750638,75.8686468641187,72.15990679080333,80.09872065456508,52.5385423733037,79.4721486992511,81.03848717952283,72.42900029182675,81.37737853533122,90.21491484923718,63.117713533897984,65.7288113531031,72.30100463543657,86.70353240908341,84.71252463710637,67.46241855469061,70.41801793234217,0.0,78.51875917084377,106.03855672191361,91.02689757543524,68.42393960692115,82.69737774695403,107.66842132777114,128.3488017804118
arc_pair_649903,32.68844361594293,52.0167332856986,126.7494178006769,27.57885965166752,32.975865207774554,67.57582546593972,26.499177730850136,33.083078585931894,40.09243255051335,95.40524913037059,49.131927565955785,75.60821572282633,70.25329072133806,27.259631119570134,86.10050025641755,43.747518875583744,23.809819753542108,138.33888402229448,99.30577449266015,135.84211141466778,85.6624592641123,76.7432886596862,121.49740898588647,26.197495140821733,49.31886453242239,93.80287498634198,39.57124911930107,43.57424679595806,93.60819904279997,33.91210940414499,26.63584353125171,110.00082509935267,27.419937594530722,28.80656049041246,26.402434131619657,41.817282629315855,48.38748951509086,74.32202902841603,35.49936112460903,88.2420024413099,36.57033605793893,52.33766718531124,52.44847311751835,47.59829705526939,22.470936151515712,67.60204874285289,89.49586017515246,56.439896912921455,92.07084879688719,30.757038240204544,26.577093220459602,31.728905937427797,35.99054212310215,26.22369069747088,45.790510120717414,22.009288005291374,64.92628151659554,58.11977545861328,68.76137615047955,20.058227903316734,75.35156132657659,28.61734651199616,41.40024198512879,147.96324011877581,43.959853733002205,44.58366878175172,24.067752703443873,41.061700382093164,75.067179044581,87.85136350918206,31.3758415454906,22.333483461941476,245.3360675770488,22.426665528534627,89.87755710810045,35.75110562899314,40.73867490587781,40.43056439894336,54.138358260055654,60.69301797944433,39.88897663438461,28.62942609669235,80.05658241313552,89.0636958585174,42.372776595491544,104.31280718024476,22.725631803922635,50.62313025628017,90.69868282479909,22.827514828603647,26.124393663472787,170.7169359519329,35.374370598027866,58.693642629987096,47.5869022185162,111.32291119797898,74.23499334432408,113.69736046751092,61.89054487642208,66.29390698263208,52.983496087011765,167.05568798948215,50.876923782813314,42.974253889223725,33.38302547159161,36.74454216863743,60.103904871524435,49.32797708345358,80.09069172565268,30.170012420563687,35.459918790930175,63.03980720267302,39.66694121392411,54.68228631105703,44.682275804376204,75.25788971792107,33.38561488579024,57.491771438335356,96.07571540703056,115.5453622761062,34.2751319691292,46.942623393428654,177.82779346699516,76.04464093203839,48.41299883421757,39.81814054429286,76.54294386020547,54.76255258559831,54.11025675825475,109.18698152383382,119.38456511512982,29.348619227951417,64.32761436347523,123.98445017848981,60.314533062867184,28.818398363188372,143.3903705145956,75.87933047233997,106.77533780306214,65.59463340435363,106.5307410038657,133.21439422989906,36.98109607046902,27.819639212458984,72.16351597254067,78.51875917084377,0.0,109.82018477553538,135.37385848315932,31.577371956136105,47.978084036463244,56.788561219409736,157.79806080615828
arc_pair_729575,127.42943078370338,69.65456276161115,118.63183494378231,91.18139019570643,69.64747179386873,129.767909331182,121.51202805726564,77.48175584130934,90.77121698946362,114.04693117879486,87.63144770120564,57.30807315022003,101.48226397894894,120.4578572400065,29.251545893363826,89.98383226680802,129.38876822348257,57.76434105875322,102.43285669308911,116.09790480197805,99.21954308519246,36.248219130167435,108.57972578286822,94.97163550265732,78.84142387511125,90.0223968567933,97.95457079649498,85.77195196925487,77.29002871076922,77.2275340825916,118.4887263546023,53.62611835747539,139.17529562123607,85.70730774190221,91.19229345164234,77.1771478745907,89.8087545896272,76.94017290965232,93.0201934830003,41.529917921518134,95.51592741166985,67.13339650955331,99.0630077446358,116.5512805505047,92.63634646035912,81.70880468794985,78.78373253893145,52.365422250315554,81.04291375717219,106.07175966651766,100.47243134698383,72.6047934201911,105.09098441588802,85.51502203274508,121.24044959377336,111.64363710934528,35.21095856426033,87.63871039288561,84.66720953720811,92.66335212855101,90.27197776170392,71.49759022919872,68.36141121570469,131.36041043024952,80.12301703038639,110.36663181023482,119.36508575759771,95.39495965618467,88.34287601736672,110.65004586283301,69.52360887572107,95.29716610956218,202.3202881041601,112.96647549072739,94.11779472779432,97.60855276335283,90.9369114263886,87.54263362416647,73.27408636670924,57.62662081555105,83.01228467510623,108.15761783598809,37.351931717582445,52.511484975990655,78.65214081448045,89.27023959729217,116.0510122141275,93.33217050717313,85.69676040417748,95.59027753704748,109.93292092027092,59.27351961169116,99.4430866546166,103.0529608741108,103.19726802241885,91.33926362348137,76.32532884881775,116.06078818114581,76.00896514758564,72.71815145512005,85.19251111686292,101.7463813083548,74.99093441881774,116.74723560151968,88.85845871611507,95.21451378201718,146.2433056054287,93.0936834260333,68.71324881004074,86.24590627256444,116.90904547693047,91.2122430838503,98.38150454151527,73.53663783079574,71.73051937623153,86.83608716374049,104.48941246386315,102.9993424463004,47.79046901014773,47.54884124817673,89.7760301222853,116.8011093370009,134.98063368404883,109.0757862848198,101.64794312847417,83.58957278144399,81.69275601243338,96.5948917537256,110.55238760204651,131.88742955639282,90.80556217018147,99.60376578398913,65.97649677597703,90.96591698554008,102.69719281321028,72.6971073048094,119.86198899602039,26.31080369886578,105.38755593708763,92.82904235154456,112.4837953834609,142.46390634549553,113.6700727751253,70.54063360899504,79.8181650322677,106.03855672191361,109.82018477553538,0.0,116.39396446970692,94.27722172784514,83.094876015321,72.62379430424294,75.01209977078803
arc_pair_642267,165.66531460317557,122.19928746236693,73.49025719450273,110.76453744046302,119.40318807093479,159.75873935857345,168.41244392343907,105.45249430475371,90.94778434817567,82.95344926760932,112.40115991881412,103.70132941660843,78.79147010168096,167.80640044302513,115.39660630698097,129.21030453961208,162.83384889209702,84.11408578009002,69.11822236693038,81.51107313288492,79.75370351135025,99.00216364131612,60.821119831793524,137.08629246393764,117.2161189278858,75.50322932337792,116.85151516585172,128.444707731689,76.94839453485477,106.72074989945247,148.4919622680792,112.20123065268484,160.41406364839384,142.75247960912836,113.6943717605787,103.72669148841898,137.225735153173,114.91585022644105,109.97564346327938,106.35274112385478,123.44476961473228,102.01354374111035,113.75327649533682,142.67051534412528,121.24511346910441,98.51618843006572,106.08375284388248,121.00770878771355,70.03194160688429,143.5417990357038,138.75332485957153,98.83822510528526,138.02030248272868,134.9283255965284,149.70612772260887,153.4813306392923,124.01599118371712,92.86343390008031,70.65274639968479,136.04565172096193,44.68079194425689,113.41607022499213,116.26078595705744,99.54779978239748,80.53647305373721,149.53497308141144,156.3780243418865,97.42418416168371,53.81275621685978,95.1119210876081,100.72927765757639,131.10683406142942,108.14778097397989,141.33108607375402,94.81686191509954,138.65899794536824,115.4189250883555,143.44270040991555,68.33221374016098,121.3835807568969,101.46017641961046,132.2029625332405,114.86819678049083,85.67212490915779,139.90319817572654,65.3127020729269,154.57672883711024,93.50039283276432,62.919176397714814,117.08032091129611,143.05493854988634,100.93421787501123,103.74183044894522,130.74971001260377,126.34882525152977,83.29237722940289,48.025871208264945,88.73790027420954,115.32425050835303,78.32575696756717,128.78861769949054,52.32431215925869,90.58897892082129,128.37232377163886,133.56308186417976,119.94456742938084,126.76532730219026,122.84486238257162,85.47737558861526,136.2878833973089,160.84122160537135,116.36452582256416,119.03406140621755,89.30460204808014,91.60356272954837,66.2914710694385,127.09296726068577,105.85039146823601,100.5510759440574,87.32727572553765,128.8980468020667,176.76105110515158,61.189421558948865,98.37552398295004,126.5327443460154,123.2173026093138,68.97571042019916,146.16208674905334,98.02258668948824,100.35737019453427,59.17838528165086,122.35970886932657,78.41867244002667,70.25376617601569,136.0441569515997,110.83561553875131,78.18218662372429,101.37113009519322,66.45966527861184,88.26188344563587,66.43378367913493,85.20573185939101,139.3312481965127,113.94997514923696,89.69460702361569,91.02689757543524,135.37385848315932,116.39396446970692,0.0,100.77710205827739,134.67501452209217,130.50845478374436,120.88446881996288
arc_pair_149569,56.75410887876926,40.71535218462934,107.38248299546791,27.859821229243185,34.67503067057267,72.83297963241034,46.50925349389484,36.07578267886589,43.014548991744434,93.22209129452217,59.31857263854023,56.468100413389806,58.46369617088332,51.35292031202102,71.22035896520657,39.29983452063418,41.933255463644755,116.51604633813366,82.87934157531275,109.2956385287825,66.10597940569939,61.21296987789337,110.10433856558102,37.12139014552169,47.47229902454947,77.32400352970971,37.85382157848595,46.177337564467585,72.39102568497049,30.339822252123255,33.91080989953949,101.13192111638713,56.71280960383365,34.206264460564896,33.924279917109125,28.21462232579622,45.305138981279086,67.10022391899649,38.16914244405436,70.22786988762367,32.94160123177518,49.01146649536306,45.7711643673171,57.141403840503926,24.375922860515615,63.34424098531483,74.52944396250896,54.085961592389324,63.741579996207356,48.53973233480909,40.93582383959004,34.61400888278985,46.60898368793694,34.35320401809051,54.64558259799115,40.7157315099303,61.29235733961437,56.259345755787834,49.09826257417152,30.687627689115008,52.84516157616605,30.359506694192213,47.150689044162924,121.90934728618751,26.83026073314238,49.952727341848636,35.44365722406403,41.57497052639573,56.44969454267375,92.78632349649305,38.11933629705696,40.49434485068815,213.3601774800119,40.62921439001278,73.32286966763436,35.62551802377401,31.223429093244786,50.220214685719064,44.34139322618048,53.291988893890306,46.52686438838525,45.326113105059505,71.88127480945691,55.993108734866645,60.049982880956726,80.68108119553531,27.953179097983842,41.92148353663889,74.18539526478226,22.721490886283355,43.78878612855915,141.62142500176293,29.37611170849349,66.81594451353855,39.968076991475975,89.73943673692395,52.137674393985016,96.30488479505613,59.689871031101134,34.56149428879671,58.27703203612273,132.0673871648519,39.96461498484392,58.93236737040222,43.116596256737445,41.78813830871013,78.62518123929297,51.39625595894506,61.27772864983585,41.219470589027765,60.25476820781315,60.94133107194915,42.38429416145543,48.75242751157918,32.443679924648066,60.721207346182766,50.30992084052889,65.93553237187629,71.2592450876885,79.72160318491527,27.897725534058104,58.76621214098138,141.37471483084272,83.14750193296912,42.43090020592882,39.724638854808624,62.35015586372249,49.35182806824212,50.70179310359519,89.64686858134695,94.43578311414491,33.84639476447325,61.562833011498796,100.405325044748,51.39887073120639,30.49573287088336,113.64344320380418,68.39376129741603,84.90093770693505,63.606686143850034,82.2259191190203,116.42943830982938,54.04574577904938,32.608488384754715,48.80596357052543,68.42393960692115,31.577371956136105,94.27722172784514,100.77710205827739,0.0,50.019544445328506,52.38954431219564,125.6225025542318
arc_pair_281486,58.98457295869592,40.796496956143514,129.1673761031733,39.64585904717523,26.200641216467734,82.12338576744084,52.41640408327873,42.99726037174271,60.73595253832552,99.68454541079583,51.22071559643007,60.50183578231065,63.668669729780845,55.47192448113625,57.70350842577716,46.801627451844055,43.11218859382468,120.76295057297715,82.64305016652669,120.66651603042678,90.83967060217493,70.72659659672625,113.89385046616535,43.5236535093299,62.54263823136091,77.37239204843009,35.18600517588584,35.64469908472976,83.93571467393444,45.375402642559436,57.028801680466316,69.49230662542814,74.62808865543373,34.38811617032748,46.36520732136252,45.89288984075384,55.809674344250325,73.74028564135767,45.21597149430946,75.8437522629851,37.0653937575713,55.179243308076146,62.80031435745156,55.840456882609494,46.11538403578625,57.4465723895571,63.49799446765826,53.168265795111665,78.504162883924,45.637052084505584,46.4151515535022,43.68193548405567,59.31926193908291,46.324921862014065,56.515019395488196,42.313325930541666,68.0348662466833,62.24803563317847,65.9223348043113,28.867063600307624,80.93465878304134,48.3913860412682,50.01278812755865,135.88958818233172,51.54435040104081,32.282616824563796,44.581806890498484,59.65543808485005,70.04248615879078,82.55641202964063,42.876404354980444,52.078628664124786,238.88887655580135,64.04843875450784,81.70286941767256,59.368960761798576,52.96852751556216,33.16903489730049,56.78898844026273,42.103843876773155,48.52455453605609,56.35481975884737,63.69884349879459,64.4486519486664,41.24417111495171,91.88026568285397,39.42484260305618,57.58687735563943,87.03240224245732,50.353123056948675,50.27898194031157,119.9036695001721,63.821701044965536,83.20535884492574,57.15511339637394,89.33689908074803,67.65531546945884,110.19005491863618,53.40112962852096,56.72830839624426,30.686220674892468,156.227605143984,48.879221135766876,67.50807743365536,42.992920402643215,51.53849762534503,82.06208108981825,59.229460554146414,58.87749988800873,40.068248398124375,48.84256347817507,78.39106694526123,56.69065397390377,48.6292388569731,46.16938907085596,61.04519501236622,49.29529577529698,92.49080496280891,69.75637408235127,94.26151600070341,28.958956859896894,40.77879962515625,167.47980179894577,92.89130085628179,51.249942342737384,51.836900073185106,71.03579547450559,61.97825229226552,68.1252095427161,114.90668567256478,103.42446465951996,29.549903955193564,67.76811224497465,108.99030578168387,61.12574231279095,42.1693547573108,120.12789481678278,76.37136603109103,106.00425362742004,91.12686648936534,103.0300968035947,135.30825705876265,57.31867031076274,36.328079183027334,60.76799529293058,82.69737774695403,47.978084036463244,83.094876015321,134.67501452209217,50.019544445328506,0.0,71.00659325530975,111.85171376347182
arc_pair_27275,75.47642346632944,60.125445851471554,153.48808678039364,58.825605571985285,48.9754375468197,88.00410304490933,67.44325395435092,52.843090507395274,71.4397611061546,130.932206735286,75.08888296308878,47.108808891377365,103.01275310042828,60.81377111576859,69.11077039934351,59.55525981408785,64.96448873912486,103.56888921336778,130.55245926439744,153.97563241356778,98.94789916120426,44.28257287311295,129.5862758158672,58.45022886182939,56.93027852061544,122.54862705642346,69.68469627986045,60.42253704786159,96.70018448968992,57.36515762827517,52.75175462308622,88.09001088881672,75.93085188868658,40.457568924355044,53.339318392099095,57.18655208469978,60.84967489240894,80.26918630220726,58.80163493986907,40.23723846696249,67.93390993892294,68.41113985269206,87.9829462703251,81.13928278307128,40.33839224509991,84.6096566908566,103.1511778774378,27.573148187681692,109.59406855900289,69.2550682017681,68.61827347150412,47.104807441433884,62.75570080187535,40.795595903186516,76.84235504929936,60.70163733502668,35.475767114600615,75.39760806876731,96.03700631016045,45.135611518963486,85.84455435742123,40.831472554080406,48.42723457734148,160.3096515836679,61.66513757697624,83.20187061090269,55.95256170835263,82.31025423046728,90.6766798659087,119.20214896964737,56.01186747163302,41.05603748119397,249.1411693320965,41.991413424211245,112.01515327588424,52.77655461904156,66.83749137092498,47.337507968050446,72.34877243722445,47.75379751293703,67.84914458219014,59.088565163608195,57.12113224256484,52.10971710295292,78.06888016967915,118.32620664489835,54.28183485828226,82.0065213500742,110.79386160362756,52.851319730947964,66.23761867628426,130.8068366978175,51.83139398048516,89.21499969022642,65.92579404234661,119.25526756352886,77.07451678065316,122.15308714645332,84.58593248971067,64.57325024173733,80.31607935240645,153.51454908312667,62.17448902133039,83.34220525271454,52.72750777684594,51.274725848083975,109.90183443961101,51.66480918101666,91.82387358713164,52.76939163138438,65.86939560524391,64.34014451514713,73.86921090636542,70.49947896955123,46.99592681799848,85.18159712670615,70.20404974244872,79.60479950441383,76.0845472802833,82.07726071401561,54.39217231973748,75.10276139648106,180.08235018786462,108.77423090249074,59.95048984350849,59.42258776993571,98.82141810800661,46.73145960905234,93.77272233611566,140.90572319151954,136.0609148589619,65.96652805408186,72.57067246596702,123.73098440061423,70.64424770913016,48.35889252045435,150.24118601567383,45.36620001519006,128.71328658381822,87.89735119688935,127.20518797351332,151.00695042509972,74.26628845232386,53.90417248827555,70.75473504775171,107.66842132777114,56.788561219409736,72.62379430424294,130.50845478374436,52.38954431219564,71.00659325530975,0.0,117.0593369671755
arc_pair_723396,187.2649278925668,120.15357565292167,110.43157187077753,130.84577374710796,106.36038970138497,182.157849576493,179.0771358974688,123.61910233990754,128.7853328605659,119.10316122185333,132.3011654960574,76.04880387502315,108.4467224701141,162.73736542610555,64.70392598412113,126.62588117349725,177.63524585416897,75.15267148062524,100.80384421509956,127.18136669619116,110.29196543907631,83.11693786743271,102.7943794343714,142.4750917811466,126.23146751057796,95.72435158084326,127.99079624794828,112.59170044977746,105.24043323297866,118.07368889364858,157.95918524545039,87.24063065441588,179.17506225443458,134.82156398549296,136.0192495804876,106.26156064103708,144.5080375671145,87.2297076765528,134.48618330120792,71.36301424897722,117.61795475016302,110.76105643531315,108.74598461929513,155.7435000265201,134.20820038876147,99.72761484051841,76.08396187609017,85.50529888796949,107.33354883416243,154.81737941660364,151.23246438603837,109.7258300745009,140.74668275305936,138.32503387905837,164.16208995927602,159.52385861765674,99.5222243671719,96.26499022296764,105.2082517973586,135.07917905498923,95.70108577948884,130.72387852637686,124.02974105599299,132.59943904546452,112.24023657151491,144.27426269652221,167.3136905339701,131.20745109021857,106.10810503404518,136.98194194896274,116.1900893949933,139.57128974036016,174.46944410825807,163.6633630550184,110.70015896149219,148.6356405762429,121.46847396757398,116.26549704363114,86.51572178582958,88.94221074796106,115.35745703036088,154.92438509955224,81.88819565117679,71.46565846786055,135.05084632855662,111.90275936450897,159.5736536902137,118.04103605592033,95.39945698281082,135.68630236256683,163.7622864223028,85.39650508831106,140.6149078997364,153.6320624850557,138.87343668846017,109.07279415265711,89.78214396907211,144.55435711737812,122.80051921197686,85.51828014551583,119.19083921473728,110.54632100742575,108.71717603323765,151.0194447718267,136.80124954557084,138.21049717113738,177.21436071722744,131.3160494219486,100.46580212265546,140.64371434406615,158.36876725134022,122.82622831719812,147.8834828571963,111.06227472450631,95.08983739838845,90.5562965842918,146.37539496866188,143.20924740095154,79.51172017354112,78.22922662810191,131.5716338160565,160.12195041134507,125.69104982314812,133.12229646554883,120.66647323648704,133.63025566079608,105.67130602557123,127.21932135927615,140.69412764808897,145.43463541705637,98.09112370174013,131.01679810545497,86.61242279762979,92.82485102864285,137.58275158907324,124.26568869196693,132.82322036903372,79.81537026741108,107.78125899117839,136.72754156314596,119.5144499182619,132.90244557653887,157.09481264673755,127.36317346296738,86.17874711110272,128.3488017804118,157.79806080615828,75.01209977078803,120.88446881996288,125.6225025542318,111.85171376347182,117.0593369671755,0.0
