,arc_pair_649812,arc_pair_48468,arc_pair_503212,arc_pair_255137,arc_pair_405122,arc_pair_206742,arc_pair_42858,arc_pair_356382,arc_pair_534069,arc_pair_346988,arc_pair_207889,arc_pair_735332,arc_pair_468520,arc_pair_397691,arc_pair_130392,arc_pair_95573,arc_pair_113299,arc_pair_147702,arc_pair_179313,arc_pair_542791,arc_pair_37056,arc_pair_444032,arc_pair_58367,arc_pair_336218,arc_pair_438299,arc_pair_713574,arc_pair_144158,arc_pair_115275,arc_pair_679387,arc_pair_505765,arc_pair_272219,arc_pair_118580,arc_pair_221968,arc_pair_252545,arc_pair_415606,arc_pair_508585,arc_pair_320762,arc_pair_726555,arc_pair_461822,arc_pair_434878,arc_pair_386767,arc_pair_282201,arc_pair_485863,arc_pair_528353,arc_pair_265401,arc_pair_392525,arc_pair_334393,arc_pair_626860,arc_pair_589689,arc_pair_506996,arc_pair_475509,arc_pair_457182,arc_pair_193556,arc_pair_208665,arc_pair_594469,arc_pair_599471,arc_pair_230163,arc_pair_146925,arc_pair_54246,arc_pair_316997,arc_pair_445388,arc_pair_483514,arc_pair_669902,arc_pair_107064,arc_pair_168210,arc_pair_337659,arc_pair_551617,arc_pair_573749,arc_pair_118613,arc_pair_461841,arc_pair_621191,arc_pair_711700,arc_pair_624868,arc_pair_224210,arc_pair_574409,arc_pair_21282,arc_pair_575189,arc_pair_642743,arc_pair_155890,arc_pair_497630,arc_pair_92142,arc_pair_653762,arc_pair_136665,arc_pair_296739,arc_pair_457010,arc_pair_598798,arc_pair_674216,arc_pair_68624,arc_pair_228212,arc_pair_453710,arc_pair_7256,arc_pair_263939,arc_pair_569555,arc_pair_669916,arc_pair_287431,arc_pair_1926,arc_pair_65061,arc_pair_603976,arc_pair_263132,arc_pair_184225,arc_pair_503688,arc_pair_716093,arc_pair_190227,arc_pair_379470,arc_pair_131562,arc_pair_732197,arc_pair_530360,arc_pair_625567,arc_pair_663887,arc_pair_709204,arc_pair_265350,arc_pair_628142,arc_pair_281002,arc_pair_85382,arc_pair_588398,arc_pair_669593,arc_pair_551110,arc_pair_369070,arc_pair_83364,arc_pair_655444,arc_pair_134795,arc_pair_234847,arc_pair_703890,arc_pair_75573,arc_pair_537305,arc_pair_542593,arc_pair_282771,arc_pair_622739,arc_pair_192119,arc_pair_544850,arc_pair_96327,arc_pair_541994,arc_pair_89302,arc_pair_318299,arc_pair_674772,arc_pair_478734,arc_pair_49574,arc_pair_289956,arc_pair_338183,arc_pair_297765,arc_pair_657321,arc_pair_713999,arc_pair_353455,arc_pair_683742,arc_pair_355128,arc_pair_327885,arc_pair_539838,arc_pair_480760,arc_pair_642267,arc_pair_382131,arc_pair_619761,arc_pair_553435,arc_pair_723396
arc_pair_649812,0.0,4.6701778641082665,1.089897321459012,1.8315509413850757,1.017863767842516,0.9027709595607316,0.8632034428158988,1.034365594406378,1.0147626364213032,33.0101381333993,1.5483864655523591,0.4692110385465296,1.1625534755883482,2.0655109839202668,1.8106738140515914,1.310978823949652,1.2057396912387617,1.0005669552877225,0.6093808149659719,3.73127867529924,0.90429789137934,2.2785419490769723,1.53377800646224,7.539428955557825,0.7967031324779257,1.068066179119172,0.7836710442980057,1.5917509345577736,0.6961319712456452,1.7914551333780164,0.8048770342239605,1.5511986455525657,4.726262178849643,1.310080642861938,2.7106787324812407,3.757605631489499,1.1133883948303287,0.9972386114290899,2.9008770568655393,1.1101213847720552,1.0194487453712422,0.9668368272766374,2.6071706133312986,1.4848786868868085,0.8917977847900607,1.3555659532562885,1.472099372587809,1.0349226342246265,1.2314552143809936,1.403822737847646,1.188039856244425,0.8138461543320887,2.086931843018921,0.7695047843529395,2.9759467681621503,0.912889419448139,0.9769752827071589,0.9292530058098147,0.8322025086585545,1.0407450296106404,0.6918721844337735,1.029531908915216,4.698265228733033,0.891647544818395,0.7224118468533476,1.1247522347177155,3.367781582881051,5.952781699885906,4.276587769506811,0.590573461425474,1.1979242131952152,0.6687832787815113,1.3623819487970836,1.9420140087222375,1.1390615790189265,1.0044625180983084,0.7390940019558581,1.26389937579958,0.7370665026970064,1.8398284632840007,0.9670084369778273,2.2444894780267726,1.6345398952158385,0.7475016705509892,0.7392412648667307,1.9935325793281071,0.6570459586627875,0.8124879653909867,1.1770737997399094,2.0822106571152172,1.4464775228943805,1.496997952241737,1.3206046851603876,1.1205940530097962,1.2173395858656453,0.772962645174706,0.9591431099005647,0.8023770334370698,4.671055861580827,1.2446538320003921,1.1216902598327425,1.981936768946578,1.1659960358842816,1.2739247877044488,2.3501392347058623,1.4448337675690532,0.7729755385033585,1.3950331734088413,1.1821139765417772,1.3638331467584786,0.8103843641316884,1.9955756462995764,2.4151726782307312,0.9279057344751485,0.8471204921994867,0.7721212453726596,1.872157732474157,0.9871586397864736,0.8710509821402781,1.3611208411974451,0.7379269058053488,0.8828799651182955,0.9062209268331363,2.1773813692317585,2.1531952139002994,0.6587290890774427,0.6375273276540533,0.8322122665931966,0.8875855310418163,1.149558602586767,0.7623690900183386,1.6819630549649633,3.909409607686201,1.1659216079799872,3.1121001428229653,1.1728130858028103,2.6426956769672247,1.5406626903639968,1.567401145392991,6.207255051167368,1.469999786626216,0.8387969913710966,2.247411374400346,1.3910453789663388,2.231534079309779,0.7861277271701459,2.1268422374295284,1.4910821587957281,3.606028909826301,1.0084265671792192,3.0236340352676723,0.6801668398193168,2.600510816073223
arc_pair_48468,4.6701778641082665,0.0,5.017844394750849,4.749416277270418,4.802889924438689,5.036498202798002,5.011284588411861,5.071994594841282,4.306961835484481,32.338127170378144,4.746995348714669,4.652315292402315,5.124870923532145,5.2179097834787616,4.978566372632976,5.13019104394137,4.5260787552616,4.996376047454726,4.757292010016309,5.536879297697576,4.965930615299649,4.502447313084767,5.161313066337261,6.999177534691061,4.29089100936258,4.43868911430963,4.320059971847462,4.167053119950422,4.632384135074791,5.087230939057302,4.266267461262408,5.10571950102557,4.6246035883075685,4.4955820974813925,5.65355313089687,4.822447401883888,4.388244150854842,4.556957678719822,5.139304388106362,5.158238858844599,4.961742189923113,5.074507523480316,5.229738551625491,4.524927013542922,4.602522849528473,4.797749807585499,4.128272065534055,4.562631509064818,4.547176932734102,4.727337975935585,4.724184611473445,4.723015467035464,3.941291516368065,4.808635968844084,4.154213450707882,4.614546525338651,4.825668886001204,4.252101765925495,4.564630675964957,4.849033293429741,4.737561560131791,5.334318336219333,4.538916257084884,4.511545865919643,5.089978878829586,4.572436406182823,4.532592894962637,5.289062473625966,6.038706168292366,4.363042379933427,5.0771834765880035,4.706996246657433,5.214716189848235,4.227054954251996,4.89197498911224,4.254563226160054,4.214280815014813,4.830596279694455,4.789861789318028,4.842037870045166,4.249087712097254,3.9409970632079574,5.096678620060622,4.70357284555287,4.943987830848146,4.744836170726468,4.691350138315396,4.944735587238056,4.236199789823596,4.282618130942938,4.872451089424258,4.942546161510371,4.118076759125797,4.75060316749344,4.667313445235617,4.849081256830579,4.542756585439901,4.6669775461506,5.743341650480845,4.989506932310624,4.900769637451225,5.632266022779842,4.778894333311623,4.2576456417906865,5.122035753665569,4.8825154335243575,4.70128435029066,4.1382423082769755,5.127850204698017,4.705864820770709,4.801034348071252,5.1301398344918905,4.778124957335082,5.165376712122052,4.953267591124915,5.035405867771114,4.102012583618405,5.112902656596284,5.096261313554796,4.875986790528987,4.949478838401498,4.481614615674841,4.655124380625491,4.203683737002112,4.359211432762821,4.433082284975417,4.627588601562888,4.625814074214947,4.872063644434217,4.858329637318118,4.950836634911582,4.621826509451113,4.660224703839756,4.991382088818886,3.9028951644237284,4.59576596689819,4.6149979093880225,4.267730439699033,4.735846483133985,6.911417498296293,4.969447392792937,4.377487817561262,4.497001463357062,4.445544868467737,4.232865691926107,4.772338835386955,5.036787824103517,4.945595392772532,5.008787379162868,5.0282498147249655,5.555058439554707,4.631436446141445,5.129416436519419
arc_pair_503212,1.089897321459012,5.017844394750849,0.0,1.1761438204468142,1.1166502274463883,0.8994206957013104,0.6224140255436892,1.1018184617756022,1.436019636233464,33.25064488359517,1.0026760933387893,0.7331607464136234,1.2754745486481878,2.169646151874005,1.2226411278967841,0.9479790375578976,1.2728174229875573,0.9189846141132096,0.8091168628113459,3.2637996727652103,1.053870472351493,2.2388068448759095,1.4619171664502215,7.752811673334116,0.9239808648322516,1.1214637034098007,0.9912079754660763,1.5894809374250891,1.00785183328991,1.047991097520189,1.0125084684077197,1.4609484307987302,5.111096589909959,1.3537587013233932,2.872703410932164,3.743942750782995,1.1668739470190266,1.3462092044500849,3.1380684230236944,1.2968748557062741,1.156716042303426,1.2241935390436933,2.7801396941924073,1.6323516235104147,0.9485723947624773,0.9019886871686233,1.6460994417285368,1.0221326387083978,1.6237350425911343,1.7532808439151164,1.073131574004944,0.7536135948042767,2.518225689738474,0.7131482613322997,3.216400004535256,0.8918949302564794,1.192879041542992,0.8139091483121094,0.9260593533360137,0.9991900424882967,0.6327284959454866,1.1811241336801768,4.944318705524369,1.0609982484820255,0.7286020849485704,0.8754386057984762,3.48793230843215,5.9952356110594645,4.44395627134545,0.91163003292145,1.2558331433471515,0.8500910321494677,1.510197535733722,1.8546713926171197,0.9539107634298482,1.388403390058491,0.7727541954590978,0.9911663299124118,1.025690937326658,1.900854583370012,1.0312019134294528,2.3359396564402943,1.9460209259746173,0.8193337580448078,0.7350105682890542,2.27708409110281,0.7191777692334064,0.9609507970586619,0.9568130455440739,2.3672775425733428,1.1221108652204388,1.5656791358370232,1.566451918362451,1.4786087023453947,1.3124023859300666,0.7678772629737922,0.8737169517535641,0.6421473005121496,4.657919253998038,1.0580920109388243,1.1919920099625454,2.226855728863104,0.5078090867849903,1.3296576948725305,2.341300165048645,1.5037718621682872,0.9810132165597791,1.5381190645691172,0.9935872748131045,1.543468949966583,0.6354278962821949,1.2904384615984652,2.7831697407474896,1.195369713232834,1.076614386276025,0.6337125703962595,1.9009732197745248,0.8192129214208269,0.9214636553943086,1.1801006697963676,0.8495683855766694,0.6245253082212201,1.1440290153268216,2.3118992088944372,2.1497595373034706,0.867120153153087,0.627530127849246,1.0001751339326448,0.8421393440689191,1.0388040951813502,0.8957291876417055,1.7799295488609301,3.950892994290977,0.8526879255635644,3.3105161768578646,0.9700013131281423,2.9661150256717512,1.7161494278602167,1.8409186780055655,6.753643828298734,1.4693742552137956,0.8780258213550914,2.1814101919789044,1.233784285530833,2.4228161423491827,0.8828070818854236,1.533598247154309,1.0245167455119277,3.708938893443733,0.6717849850895743,3.2702387212870003,0.860480461453653,2.1211101661024943
arc_pair_255137,1.8315509413850757,4.749416277270418,1.1761438204468142,0.0,1.7856630291603928,1.699018847582168,1.1966785824509976,1.8390994950805326,1.9709785650195162,33.34579995570628,0.9714764156489031,1.3325814834765024,1.7533158639633286,2.6328611078947786,1.0408084208261095,1.0586765123131232,1.558441575736855,1.7997988771103126,1.4014276837959587,2.861450131169157,1.855388768705662,2.0852961286781437,1.9374496347055543,7.396777516233089,1.1453150683904214,1.5813855084680908,1.41580075192109,1.5319758721694179,1.5858743677292566,1.0870110372803337,1.6365409952393644,1.5822846679020017,4.938622854945627,1.7354966948581492,3.2172286252632825,3.537892774391202,1.6390049551908945,1.9208368149264619,3.134839885753058,2.0866993065449497,1.9513124925670868,1.9232896621587403,3.107124617142948,1.8655335279262086,1.594684809825135,0.8848049200238727,1.7464160864799645,1.4082296289160308,2.21288541724289,2.1704450467386165,1.323271682253845,1.070683917185764,2.7292068468568735,1.4710691719357611,3.203064658055002,1.339104913714491,1.9868870115706114,1.1143171496540807,1.4821748385641564,1.5515161559120614,1.217305362026988,2.056044647705415,4.497784111980966,1.6231609418046085,1.4584266878637173,1.1025935993589555,3.432615849084303,5.204021824714153,4.854734711967385,1.2767282498636425,1.893649655837973,1.655810900348432,2.3198170309767043,1.980925993515241,1.7378464153098354,1.7692016451934076,1.1546472312107177,1.5595703959933145,1.6908641702719192,2.2748774963766625,1.2454099645497865,2.2568752507117926,2.327822892337429,1.3835013900945659,1.5187356911703336,2.829529242133328,1.2555405280225487,1.712724829908029,1.331908743942253,2.444473318523415,1.2291059105312727,2.146102014570742,1.8797725253411355,2.2136283406065327,1.529819687292822,1.5293441089624544,1.5074058064664597,1.2293976204611319,4.844648396228743,1.2643519753129664,1.8580329946485765,2.8582206817945623,1.189267664069071,1.4448157102436503,2.7956432249597887,1.8865877671828664,1.3700705646347076,1.455132240681057,1.2916889725904945,1.9937734839643144,1.4504634237249814,1.1752379089241543,2.7856420387526284,1.9635330513721851,1.741946038858499,1.578206509856164,1.8523998289989838,1.5822460722247742,1.5188188983945388,1.4795977431839349,1.6545615969076164,1.208775107448766,1.7597165846664282,2.512227696804887,2.5075806840550063,1.4354415694115283,1.5130918369453945,1.646441688844499,1.825191202340417,1.795146195936841,1.6661721007882726,2.146975063916863,3.694450278610986,1.4070835911032176,2.811119125414956,1.2775976248340204,3.202255847098135,1.9418031094925836,2.165176926430866,6.491751902313336,1.7491033963116498,1.3773095359279153,2.298277479122933,1.2534427283831997,2.6506261597373237,1.4876441581701672,1.3400990410298887,0.9542585711570166,3.6785138025755293,1.1985352684956714,3.2721340855496166,1.5567702171694977,1.5077647494212736
arc_pair_405122,1.017863767842516,4.802889924438689,1.1166502274463883,1.7856630291603928,0.0,0.7678640069799278,0.9450286448741305,1.1362186717667069,1.2747354771699575,33.65087662463092,1.3639695447713893,0.7635264584130044,1.0434601313956728,2.2592730405550814,1.6340124068393072,1.1834195197338104,0.9727421670971639,0.9866012066071637,0.9571437928366784,3.7270976652580456,0.877935331278819,2.148532802037751,1.5230593309666647,7.47203156087218,0.9545331846092413,1.2059514101781064,0.9050450831764836,1.4700207788996007,0.8679224947371433,1.9003615649867585,0.7158401660117314,1.6497152543761602,4.876041432677442,1.3538418958094884,2.7684605236548876,3.821574977951847,0.9990437744151549,1.1456433731559572,2.9678237204307565,1.336603425418254,0.9327625822416292,0.8777788553004333,2.446045552356927,1.4974557412992735,0.7573565199948161,1.4015424523455473,1.3967837353205437,0.6494856083287623,1.589287767578644,1.648093732411716,1.103065927565027,1.078514048134859,2.340131466786813,0.6799953153645083,3.2320938667068737,1.1040305358814333,0.9052394777154746,0.9201798428614618,0.7396748657482509,1.0910232891702583,0.950489849218312,1.103290592825219,4.779751402936135,0.895636936405013,0.71121483548955,1.300632430772877,3.3504207459189246,5.76808119335903,4.312024383248747,0.8956446999833563,1.1242257228817123,0.8049224893370872,1.497553783556027,1.9663781886201135,0.99255617579978,0.864247766969046,0.7442892309013751,1.329466053538423,0.7117006364909504,1.6517551889852768,0.9417982517660655,2.2795911672583085,1.7629561461668737,0.6675350946380828,0.6915040930881967,2.309773844177254,0.5949860027822467,0.7268622293025164,1.2924317363806392,2.166254184037702,1.4672390006144587,1.3622986441773262,1.4289090858154705,1.2422296894431208,0.8443182956130308,0.5675427292769739,0.7574635258880025,0.7522472188354571,4.715060271332389,1.0948216946861102,1.0299460673302374,2.026878490438084,0.8946826117515345,1.1195795852246706,2.2785188008217676,1.3277589335926714,0.7816483319199046,1.4056538300875383,1.3272333879947185,1.3793931513849143,0.7056373409850456,2.11490143243967,2.6881820556001066,0.8919238702700805,0.6473817810095246,0.9028059190592062,1.763546733856768,0.967183986130415,0.7783717703728684,1.206089811285311,0.5440170930470054,0.8602327487710394,0.9027833956326388,2.1161944335721,2.1931570973390433,0.7747277195290907,0.7132852983874955,0.6715214259126115,0.9369723069150921,1.019090189295267,0.7220906654847781,1.5394777877796597,3.632223032175735,1.312950565562935,2.9416717369531935,0.9560823319441116,2.9098557967229532,1.7589882340599008,1.4900102210265727,5.977822016577635,1.3380927469809187,0.7736798068726591,2.1533717790556164,1.334417600442242,2.298325689431986,0.7653754366625699,2.289691786983468,1.3663364208016509,3.8017541137384123,0.953930944587802,3.344104023748688,0.7608489693867805,2.775051961459305
arc_pair_206742,0.9027709595607316,5.036498202798002,0.8994206957013104,1.699018847582168,0.7678640069799278,0.0,0.9164312531162533,0.9440576263877719,1.2516527022266681,33.79115442446247,1.3800485927813302,0.5492998710432386,0.9861136094927476,2.046303211555888,1.6477460452021617,1.1580789840832746,0.8419123415854243,0.6410340883491836,0.8397472291648231,3.9202379390209137,0.6716419180817657,2.3697649412185338,1.1470877875008105,7.941247814516485,0.9661388457110335,1.0497926816340364,0.886595596127453,1.5993728972662136,0.8745402741676195,1.916269049960961,0.6935873794864357,1.636760099633342,5.209380530956638,1.3861813923949977,2.74901498461833,4.1652047505486705,0.7713687254084094,1.0507737197106062,2.923649188214794,1.0822549731479973,0.6890437392574582,0.829065373358195,2.522748702751145,1.4041566753164003,0.5574410083000807,1.4701663764730548,1.4564478250678103,0.6993626299807718,1.5434488241386133,1.5421758728550703,1.3755868248275003,1.086228671254669,2.4217347682612576,0.5206051261037189,3.4339342253518423,0.9036609473635862,0.821213357963993,0.709652471548776,0.6639418001976403,0.9004522678324001,0.7008297939527567,0.9119209930538252,5.184931972114116,0.8278652470834171,0.5624171748202386,1.096899882644427,3.689977480290938,6.456273044840525,4.5234467493774595,0.853120218814968,0.9311075469452166,0.5358367314738113,1.227849702385786,2.035980790181094,0.7839554905880617,0.895061949779701,0.685517111696071,1.160053974806357,0.5787987040206926,1.6321419997883222,0.9995524650182526,2.3504582322934513,1.8912690016312381,0.3885821982759024,0.42376132578491743,2.535269053638695,0.4479863597912893,0.6314422987169981,1.1272824435128563,2.2794780065834175,1.4881148476421964,1.3648938812970937,1.5657720314369348,1.1469314936366217,0.7254071998761653,0.48771492742289224,0.5303063801354191,0.5441955605444013,4.943748680417897,1.143360712132936,1.0886491799018194,1.841675179198742,0.9304199448839336,1.140547428708044,2.1594634611980084,1.1686147619089018,0.7307158218463183,1.4625515393037427,1.3472171860369322,1.496006105433354,0.5125391927186309,2.143239042144097,2.762391497235315,0.6330876056842466,0.5661083376188482,0.5511346676465396,1.9877268448582421,0.7411694289412963,0.581372367642902,1.1078919055703973,0.3367105700907219,0.6124740959357609,0.7429082813750362,2.0781266282568662,2.271096334925492,0.6986503252033575,0.6144530172030082,0.5445638765220756,0.6768944703052016,0.8439571376520795,0.4642461352843754,1.500830247546893,4.26397874130532,1.1386305227122504,3.422797680370247,1.0198567293340877,2.990098746563468,1.9118513529418073,1.5475474723173026,6.600120040681402,1.3033797653003307,0.6989267124260612,2.355882587754645,1.2176429914203926,2.3939844952075884,0.42407973028464274,2.4168870192534384,1.4830781549772727,4.072821215191709,0.8529046566604055,3.274779490284328,0.5944175483032922,2.6823801849543356
arc_pair_42858,0.8632034428158988,5.011284588411861,0.6224140255436892,1.1966785824509976,0.9450286448741305,0.9164312531162533,0.0,1.068919981682873,1.2934064086050046,33.337427913245115,0.8146999445484172,0.49645703354584697,1.0063844627977179,2.141158601404958,1.1242942931050146,0.579630984411216,1.1184716813093871,1.0447262476664543,0.6058495396469035,3.2367860222271494,1.0028938178926816,2.0203126382037757,1.551998935095457,7.639833659279216,0.7467123508710795,0.9135147420936356,0.7210979142642039,1.4383344995007765,0.6897113354695936,1.1296602654989565,0.9171547455850588,1.3543396474521805,5.034729830936697,1.3719662854093273,2.7508629009288397,3.7514954864400254,1.094657296539836,1.2128009943653466,3.056436615439584,1.190046126443827,1.0535381960080712,0.9607621821655487,2.6189082603031277,1.6110202514593803,0.9388375128346184,0.863473757970568,1.4746006888764134,0.7469439735939362,1.5340053135725704,1.5811019009399323,0.7435581360517454,0.5217355785117013,2.258271228150876,0.7386751254369159,3.1760191648104525,0.6814814129358993,1.0930617835745275,0.8633073084331646,0.6969233933149608,0.9729284765727906,0.5157501388561094,1.2118235492567806,4.9996972639880335,0.8659748541803515,0.6520580835202612,0.9626332423253875,3.402688803404345,5.8272333569185815,4.491743831944535,0.7609072917589235,1.1925021050586553,0.7618522036573161,1.4983673918857114,1.9813079965084226,1.0921444105256144,1.1694816044587588,0.747474302089547,1.1552314280449452,0.7926856303512174,1.9398462227379476,0.8648302782415338,2.1590187927498032,1.786334369875649,0.6583409254533441,0.6333507821696192,2.152499654029712,0.5995107812033824,0.8869517252886853,1.0413818700906219,2.1894072825876374,0.831270515247394,1.4649507647138973,1.4690023018982539,1.4978123081161736,0.9696321159832866,0.6126656031118973,0.949115296999544,0.6286999163004477,4.759979171192061,0.7337890228619574,0.898281636096063,2.1353522983012736,0.6257990646117808,1.1616679276468456,2.3198722166611665,1.3677426469082634,0.6898896632100482,1.0831664118410154,0.6211673876174719,1.3828278812395691,0.6378924608395353,1.2640366124287838,2.6888231191973366,1.0522029900640504,0.8951787779465988,0.7029920385549702,1.5385619840244635,0.6699102737620389,0.6221605948181291,1.0947842934750132,0.6991169887208037,0.7228121356533337,1.0167012483911275,2.246558120720303,2.311180033914386,0.7975054423220322,0.6386944928699589,0.8126721692913847,0.9478379003012158,1.1051701731858192,0.7716699086667151,1.7797908141196253,4.0898693144160125,0.8586219440368016,2.8741693617010946,0.800001974502955,2.9314946394375156,1.4521273537586867,1.711834534246767,6.479747177072964,1.401750587838592,0.7612862120751049,2.2331308705472996,1.1241857405912346,2.240316976172728,0.8611490366797863,1.5499373133052041,0.7964672867003202,3.697084998174344,0.5156247278747255,3.1891131858931683,0.7882332680308068,2.00757964876418
arc_pair_356382,1.034365594406378,5.071994594841282,1.1018184617756022,1.8390994950805326,1.1362186717667069,0.9440576263877719,1.068919981682873,0.0,1.3857544275272429,33.74688534182678,1.5826096268442098,0.6888838920339959,1.1178362800326886,2.118519712241658,1.5688019373708264,1.326891321726484,1.3257209156406309,0.7513471805214782,0.8248265122504743,3.906160397303247,1.0233605302458393,2.3059538321329174,1.3338185663081734,7.824546796141172,0.94609053314694,1.1167236340395121,0.9439193411823408,1.7770206432895845,0.9489635229092983,1.653854041617456,0.9182409033237823,1.8063472340856892,5.106804137677455,1.341739034451658,2.6621792606443346,4.018928705204511,1.0271388527497725,1.1613121651098544,2.7939688192904315,1.3309847651192752,1.0813531412710526,1.239663919241356,2.6373515410684227,1.4863331898434013,1.003634108197647,1.4732210940050636,1.5635277387722304,1.0211697601895862,1.6608230935761954,1.5414498955039504,1.2936583251505267,1.067173514797305,2.4973167603933626,0.739480107790433,3.344900688244264,1.088390123343666,0.8290245719373065,0.8248012254274759,0.8757172678424837,1.084943634481976,0.6890316115989557,1.3401507150842762,4.922508141816361,0.955606654853508,0.9085348200931888,1.1517961551296838,3.615537382623151,6.287066092132756,4.419249847404494,0.7982204258310392,1.2164926098823232,0.7671209526190225,1.4432081686180758,2.10655376186906,1.0521425797053254,1.113966075172285,0.9190492068854534,1.2452350847668292,0.9093398270482689,1.6759757898907628,0.9744918732077641,2.344048465307446,1.8942515626687184,0.748170163476581,0.7527176505281061,2.276545110959258,0.7464820596914414,0.870957129370159,1.3452029337496851,2.288946956900895,1.6223928276855015,1.5259891720017638,1.6168890518303785,1.5071401965006466,1.2270525106455774,0.8921753867061477,0.8193481615830529,0.7436186286055625,4.655875283330584,1.4142000936949732,1.2321147644548043,2.132730353595564,1.1867592574093346,1.2198710589560553,2.393944041998918,1.3780633196775511,0.8721526640527167,1.602746906569477,1.4127502830945973,1.4252355666093672,0.8983018855746301,1.9541919431158004,2.722866748787551,1.0400880191419382,1.001749539924273,0.7630799523121148,2.137198168870977,1.0046714583007845,0.8985965467914379,1.2491301671038175,0.7785793632895377,0.8220594800685245,0.9228540501888651,2.3856768421246195,2.277445441814524,0.7347151226144508,0.8666777968748933,1.0264715868730345,0.9557247352768665,1.2347402987980782,0.7467525803028185,1.7327717704474883,4.21542708822711,1.23894967945286,3.305030419594312,1.1542914198829468,2.7858334774400944,1.849977717602364,1.63040920408534,6.626000103606533,1.603748679682167,0.9384445524339398,2.308736172890615,1.3220558125260444,2.5162247980178307,0.8508546872915195,2.0463788033714327,1.4038964939108611,3.9253601398473306,0.946883318351007,3.2833383813781762,0.9171018437644973,2.5588008407917595
arc_pair_534069,1.0147626364213032,4.306961835484481,1.436019636233464,1.9709785650195162,1.2747354771699575,1.2516527022266681,1.2934064086050046,1.3857544275272429,0.0,33.03001294573853,1.7690338339859497,1.0191804454444586,1.3924334492147024,2.4350744684589567,2.0132000985537433,1.5279049233758693,1.1316759384396957,1.3385286419905427,1.0710235531031436,3.8000546677555147,1.2821508680358444,2.1491832693479647,1.647750446570608,6.969647049334857,1.169298854225872,1.2900380413954133,1.1084454927833858,1.6195340926968624,1.0149673378617277,2.1307903108479342,1.0473901009704767,1.866354330916058,4.74013642718983,1.46841379417423,2.851312970664494,3.4026630439497865,1.356136798543668,1.3736271899253596,2.7809549847235346,1.4419045334082232,1.2512299710583148,1.4542112232150934,2.5659073853482246,1.5932065212369997,1.2086760131692724,1.7728405567370242,1.547086022170193,1.1486639386869828,1.3608716469499065,1.8037016463332884,1.4712301951760334,1.4647210512201738,2.3143632090238304,1.0802878890295795,3.082219897900085,1.2689416958666304,1.4423702792862247,0.9600655856362851,1.0765962267939657,1.3163196048214796,1.0836718810429498,1.3852741807022468,4.500320511589029,1.1311188506524301,1.1128328266590695,1.3555129352886057,3.3009641469955495,5.489952913399515,4.348501762731576,1.0868115018255375,1.557329613051202,0.921626416398609,1.7366657819604057,1.9045391746274558,1.4990411884126313,1.1260298784510678,1.0192783579810611,1.434474382509356,1.211590236158043,2.0124854626953503,1.0499193070811317,2.1633078483951866,1.9729513019122373,1.0541911600564309,1.1294808741703821,2.3690882604440273,1.0725260630240063,1.2048585912912475,1.3112790178708869,2.0534373976994584,1.7373445654527337,1.7907001398437061,1.7031002708951921,1.4366902251412519,1.2215900067324656,1.0331862600061075,1.137176087521516,1.1742271957733426,4.328963670003757,1.4838101787691593,1.4235021913872707,2.2295360276751643,1.4519540536209512,1.1987762562505544,2.35328918488153,1.5652029315380134,1.1037964295624136,1.5785198390687887,1.6223306504157782,1.473084769355749,1.1642047251575702,1.969747050830736,2.5190034382791735,1.346256294250947,1.252451962321267,1.1565663173325444,1.7471746638643415,1.3537244358107068,1.1460323310054097,1.5775866796795779,1.0232378295575149,1.2020215465885633,1.3907545745916043,1.7646254151778147,2.17896437902585,1.1239516332321244,1.1266977042158435,1.1691918027308854,1.2528258235267535,1.4869537154904724,1.0973298499213011,1.8483629663027878,3.831458932748817,1.4606441927895326,2.588558499682625,1.2343929877046937,2.6420129984835006,1.9085392627215083,1.8465269653812268,5.966451382872009,1.8063205866140806,1.2558181244007898,2.0693198020639345,1.403604787060551,2.374655414640061,1.1066386184257027,2.5048985491530154,1.684948857241185,3.4913958360209576,1.2870497081148944,3.18008200651025,0.8403415926534674,2.7879418422448268
arc_pair_346988,33.0101381333993,32.338127170378144,33.25064488359517,33.34579995570628,33.65087662463092,33.79115442446247,33.337427913245115,33.74688534182678,33.03001294573853,0.0,33.279707351657706,33.490936211527625,33.55714567113661,33.123539612896515,33.629875657392425,33.70892520653324,33.05072544773333,33.55014306233724,33.36883139312289,31.79253213204339,33.33932065488428,32.788435931337446,33.818306088773745,30.748304810555293,33.0266479670804,33.258720077340605,33.100835915003636,32.643630090236805,33.35180737734855,33.16265373908575,32.820841526852405,33.91323086898353,31.832546180611214,33.00666902532402,32.80727483832189,31.422274696374863,33.29139527382942,32.79843627761337,33.05826893122729,33.97913067433883,33.650959440416464,33.824779874302344,33.37752876581398,33.419573180119215,33.183259691044114,33.13130677509496,32.63248135048184,33.353280335167725,31.816669729229268,33.31878674745092,33.065913592160626,33.16508582579351,30.3385885843055,33.596376306189015,31.320004744113447,32.97699341458313,33.20140197796971,33.34892539566671,33.662679196344065,33.23367665307604,33.526948111409574,33.80966372250769,30.791153591807703,33.30491000044899,33.58059002662642,33.18330301681837,31.350347212177816,30.053640110358977,31.757331445475096,33.34618029413996,33.665105876911326,33.520858170510664,33.578885126397296,32.42493083727557,33.832032756056726,32.78285739550957,32.82842898920607,33.49861635693236,33.69375612176336,33.150616204561004,33.336530755321995,32.370109716845896,33.03401398549619,33.66624662447567,33.74158026402234,32.795168015388924,33.493370192356636,33.607269684739514,32.606006893929525,31.751874012410227,33.26073592699683,32.90277726999809,32.623754310811115,33.881037375234314,33.63411196006184,33.553582639773275,33.51293093822271,33.518251812362614,33.19469803653089,33.70088178029879,33.50014784032449,33.45141933997541,33.135127901674934,33.05795056584489,32.056198733156975,33.70862385204898,33.4760034743759,32.79683918769123,33.53992181276813,33.059449042650556,33.258623821318494,33.348687535314205,31.82203406632179,33.969296801844514,33.642636724431995,33.7320655290999,32.20308013343987,33.66161162023868,33.86486048358904,33.86830161209006,33.74408590276094,33.301078697750825,32.798882531953105,33.07244001074343,31.593102633073393,33.43834776400038,33.230932384784,33.2830592980239,32.80065591547354,33.76919591163427,33.498613413571064,33.330874276451176,31.158582967663232,33.51736116980875,31.176744260682767,33.1011699869645,31.886084129850463,32.38779293616785,33.179456795654225,32.93390918164936,33.84627062987496,33.045597393267336,32.375651011300945,33.01158381735793,32.287454851849525,33.62144113802233,33.346943280854354,33.441169697880866,31.23627815767045,33.65952849855768,32.721224420972185,33.28533848771111,33.39333430955823
arc_pair_207889,1.5483864655523591,4.746995348714669,1.0026760933387893,0.9714764156489031,1.3639695447713893,1.3800485927813302,0.8146999445484172,1.5826096268442098,1.7690338339859497,33.279707351657706,0.0,1.1074620137798168,1.5900669224505823,2.4888083214937633,0.8767264839363398,0.9385519764825154,1.4282292681673305,1.6099976208177214,1.2844166062570543,2.490520895927141,1.531845639795175,1.7362430064560606,1.9101601797322654,7.375041036845397,0.8746295825975138,1.469524064942306,1.0863405499902585,1.2885172547846548,1.2959198395793479,0.9460870658954437,1.1964541145790069,1.30020242071235,4.7713285673650585,1.6306084464024053,3.0945696416097017,3.3577197091056896,1.3417043796875423,1.7077834299425023,2.901449694668047,1.7623587317942517,1.5566785836921768,1.3659745528103995,3.0943491334630533,1.7564777578720392,1.2358881976427796,0.7194266153967579,1.556452307155642,1.0680673932074494,2.167130816007991,1.9873427148462235,1.104079173822159,0.9118976875503797,2.4084399687618183,1.2378934699857491,3.2620093055928723,1.1612350406619774,1.4957497126587889,1.0167948678300989,0.9544143392275579,1.5392956414309207,1.067878950285578,1.7398344945243343,4.538865586186006,1.4933001429802852,1.2128661115710542,1.285188169716192,3.3533581946006725,5.320886964573693,4.651219397448547,1.1471074136543706,1.6539778192419767,1.3897163307369274,2.029095254670516,2.16407881703118,1.4643769823260373,1.5475489119562562,1.0621178417940942,1.525483055183017,1.2374247752244143,2.0309924373722676,1.0201181833385367,2.084387784992474,2.099533252749381,1.0335642326705683,1.252154629224776,2.466283563218618,1.051736892320103,1.4277014900555156,1.3139460332544943,2.3115831158638405,0.5976815985231967,1.7991047085200536,1.5910960209186493,1.95564136235976,1.2080644251512656,1.1721973265388748,1.1945864913227318,1.0275527578210628,4.856786740120922,0.9084402497054718,1.4003838838706466,2.4841933998121872,0.769127485245993,1.4154737614006163,2.8753176130640625,1.6882713890831729,1.191721882585346,1.2667579691494586,0.9701496475969931,1.7724343456699638,1.160877705854646,1.1551111153557911,2.7669091743166665,1.7047586963900285,1.3100791393466218,1.346790850700011,1.8117393776574584,1.055903465224307,1.1385983159837996,1.2843748579449454,1.3451729927509173,0.90600113805517,1.348291470490668,2.4779869331393725,2.3840798059009445,1.2115471853915176,1.2488721355546506,1.2145631478657188,1.510507376824041,1.4759654628453174,1.4010173515618973,1.895040212030386,3.7716010172914336,1.2519480780470527,2.5456576532849935,1.0102270054120361,3.118386488915012,1.5245419373009215,1.898250358416465,6.595325149580783,1.6920546875419307,1.0434743416634653,2.3150202234977715,1.270335306731353,2.407717021737316,1.2621467025359938,1.1585825019967322,0.7910372491204776,3.6649913302719392,0.9081160263370718,3.316701775601848,1.3999521641485273,1.4390633278508222
arc_pair_735332,0.4692110385465296,4.652315292402315,0.7331607464136234,1.3325814834765024,0.7635264584130044,0.5492998710432386,0.49645703354584697,0.6888838920339959,1.0191804454444586,33.490936211527625,1.1074620137798168,0.0,0.8246565631234395,1.9036276275237138,1.3470307552862297,0.9164950589853876,0.9312800243677415,0.6462924805820343,0.3429692311606917,3.6221759900521553,0.6917440827517735,1.930458496735146,1.1494153946418297,7.555409622913486,0.5451839912862871,0.7538090011633203,0.5497884806692525,1.449801511603971,0.4625245130445109,1.4672570572965962,0.5677315371035773,1.3622020190767348,4.831628284198217,1.0973837676258151,2.595499586295996,3.7711478263782414,0.770438638238512,0.7480631403326852,2.802924918680693,0.9069525096893658,0.7118929331893069,0.7945223844514332,2.365117484615318,1.1350981453710534,0.5385746667772363,1.031164623354852,1.225388719833228,0.6259252921457368,1.2219936415248482,1.29884895870816,0.9000230172607777,0.5867156230742567,2.152452463845721,0.40978427974516834,2.9265891354959574,0.6900694422380762,0.7294667823731694,0.5882259624949135,0.4903741776293419,0.6970955491790078,0.3501167897979055,0.9702685782862497,4.687919580512034,0.573235263295071,0.4300855878276927,0.7246739098377768,3.2949963015962522,5.96764771717488,4.325207323051299,0.348768935754278,0.9300148308906333,0.3563545000980878,1.0373919890168908,1.6880925056541163,0.728081439735256,0.7871209861034419,0.520343852263911,0.8769593714360961,0.4717418398000439,1.5516130515120143,0.664721014269398,1.960991019330094,1.7038427665225848,0.3683649638524225,0.3666309003314624,2.0113424845805423,0.3085717072693547,0.5137106914781913,0.957766775089776,1.9208385323043435,1.1695556155039526,1.2852467062872357,1.2843609910274685,1.0578010966688745,0.8848116487935558,0.4824877564237806,0.5781240117838103,0.3958380631080801,4.392293172368644,0.948722209920636,0.8566649717254475,1.7939563021833536,0.7816652584770047,0.8898520597207316,2.051168069485442,1.060966547862725,0.43948503176717535,1.1035444506670453,0.801544214655044,1.1400711901497556,0.5433330146734378,1.6169623228129466,2.4001312882968717,0.6423317680257494,0.6095008433744354,0.4486545148248557,1.6635642596413531,0.6234227196135604,0.5335576392863515,0.9073478789409033,0.4314499079082043,0.4862878303904157,0.7752425919706853,1.9682560658618289,2.033099877180563,0.3384445675716119,0.4588299882842527,0.594191531727645,0.7173773114305566,0.8506672240275708,0.47147316086156627,1.4416074462661808,3.9292056333192615,0.8536500399939931,3.0172817045098825,0.8318790924067261,2.646652519121648,1.4289550002392692,1.33664142307927,6.160839394493228,1.2350904020949969,0.6010244614779001,2.0621669189056018,0.9535613883921956,2.0314744619471266,0.4833819277046193,1.8219634288586657,1.0910725290429961,3.529354265765635,0.5382104105389683,2.9960945444348375,0.5291430918988141,2.2114914483766808
arc_pair_468520,1.1625534755883482,5.124870923532145,1.2754745486481878,1.7533158639633286,1.0434601313956728,0.9861136094927476,1.0063844627977179,1.1178362800326886,1.3924334492147024,33.55714567113661,1.5900669224505823,0.8246565631234395,0.0,2.277561403309135,1.7006943289147138,1.1392635474983488,1.2585555639996784,1.2296230030381359,0.8845274936326482,3.8882011224344004,1.0150007293711545,2.276840517065517,1.4155050464580192,7.733307811389954,1.0277370438447426,1.2068026046559859,1.0215991392713275,1.835152895016121,1.003824440437504,1.904818948992027,1.0438574413835275,2.015162318122248,5.18198279035926,1.4269632936237766,2.717244664516603,3.85885752942942,1.1960100795428343,1.3590174048595265,2.9349452364872195,1.415036856553917,1.1844477239900044,1.1792142973695823,2.585099919777727,1.672406025063991,1.0925807410853121,1.4740868155916598,1.5889925998367738,0.8203484878103449,1.628048591382064,1.652851123296918,1.347846375239134,1.1423115412822282,2.6262125726585244,0.744127307510488,3.3885903064837843,1.024179918335952,1.2624442614810745,0.9506778147439874,0.9274121225537881,1.1059252593550428,0.8953378171897498,1.3991634221299762,4.977133302788124,0.872165027954944,0.7695874267412312,1.167106827368353,3.4725978064248713,6.022696300418211,4.598881306117438,0.9660671297072165,1.218100018731099,0.9442716451275444,1.5403665702118157,1.9421654426206358,1.189312101295552,1.1129137923636852,0.9336426165921248,1.3477414501142526,1.0333331118202078,1.6536784674127634,0.9293997533722487,2.40528203036214,2.012554566695413,0.7788196353417813,0.8071830436616338,2.5520751244085913,0.7709898713292511,0.9961156557384747,1.3637564522993104,1.9841433675338658,1.7264546890826287,1.5517433383679624,1.660264109394436,1.6326117102184148,1.1207161980231333,0.7736125980201317,0.9923050547766938,0.8150649254880877,4.726700496699745,1.2293732095320444,1.2064395767352614,2.175829220864642,1.098424084883288,1.1333890465985914,2.2547157552756767,1.2260616889343725,0.9202450275907677,1.4452596216141362,1.4031701376712427,1.2741286198525994,0.8105570957828448,2.0779242995476763,2.766702242568226,1.1745258195206023,0.9741398705758217,0.9376843571049079,1.7523308937100408,1.1133823669110048,0.8290203548399714,1.2397952819590374,0.6963459766767413,0.9333906873961768,1.249544958749771,2.312007621898786,2.441848957566213,1.018349274947693,1.0550880179088535,1.0438754914990929,1.238946498487488,1.2685341734223758,0.8021274407137262,1.852568268531941,4.1918954628436556,1.3399301106575683,3.074443353328839,0.8724956712561068,2.9503014208964764,1.871793103504411,1.7732062935465334,6.567229343871205,1.3021251890094687,0.9324619126632394,2.2470059472855763,1.289686671077659,2.5781757565536507,0.9647610831705364,2.3831049421496946,1.3083956944614195,3.95277744292599,0.9864277626989014,3.3248398483228088,0.9391494634066382,2.779883572220702
arc_pair_397691,2.0655109839202668,5.2179097834787616,2.169646151874005,2.6328611078947786,2.2592730405550814,2.046303211555888,2.141158601404958,2.118519712241658,2.4350744684589567,33.123539612896515,2.4888083214937633,1.9036276275237138,2.277561403309135,0.0,2.741078781455454,2.3259795432029806,2.2827094806977453,2.053353229199629,2.0448325542134667,4.346128983864185,2.025344673313964,2.734263131658909,2.220447393122365,7.077756711682684,1.8934321465794772,2.0727122063865093,2.1613006179005994,2.60698907412897,2.022371308991516,2.508410994790878,1.9182770060605807,2.96996966408656,4.979698816540628,2.068956129978284,2.489905861569646,4.224914035612237,2.175610323706024,1.9441884592932492,3.995034741310835,2.494966850757275,2.286943463845398,2.3152143756237917,3.3522557608367554,2.3490810052608935,2.0557295426100066,2.380304086478055,2.261462068771713,2.04349903931797,2.1472116673167703,2.3615606163210163,2.1848455609863007,2.1781135695829787,2.8717812203950417,1.920695356412446,3.4636947380110055,1.8179548783021793,1.9930148456636934,1.8543550327647058,2.167587557403818,1.9533918445413176,1.905395419573069,2.4550328388409124,4.966904719218773,2.0500172884657544,1.9619160931350685,1.9469275101385284,3.609458490900879,6.078631646303726,4.240537984548901,2.0406357906438224,2.01307784952404,2.050032511218561,2.2867353559217185,2.5546372077761994,2.163033341560035,1.8929567983229472,1.8585891154904877,2.238997282465697,2.2032487963074523,2.8655702499593327,2.0020513798985697,2.89695970176866,2.5249262222492135,1.8212344163460312,1.9409787778397063,2.951177404528816,1.9383391482755457,2.0810293576918997,2.0486340559104486,2.7190136126261306,2.596731468785423,2.275118654017148,2.3149835339563327,2.2987451206129097,2.287579754595217,1.954153258029519,1.9439456800573447,1.8408393414231958,4.67697931738558,2.5776382185012734,2.3080407252553297,2.9270962384185575,2.2702064164646902,1.8996872075520128,2.9473229654154274,2.2078171335502,2.1134763361760527,2.2791782872331083,2.512511671353768,2.329476465094943,1.8334548956608443,2.629931425268964,3.1485443183593285,2.2052266325504384,2.209421919739893,1.8482414811464394,2.677997325810863,2.068625445942949,2.0314844497575866,2.2096697164498584,1.960356501652062,1.9621841861692295,1.9950399252050035,3.162342161402507,2.6218326198093775,1.9580654498945258,1.8040885056915055,2.034195956214274,2.0006183913058675,2.083037556712472,1.9283475998846218,2.4412399432385845,4.1413252063500785,2.3496752545402524,3.6673955704292815,2.0031746145183575,3.175271255146734,2.444679209125118,2.3125183375150464,7.063415271046599,2.3908724818994207,1.7958958810572538,2.8728512852864827,2.16978422420217,2.794708713716851,2.047595184034937,3.0249167598243707,2.6056210066564134,3.5495311354652976,2.1639806915925814,3.5461176462198196,1.8592772671924942,3.567950597199594
arc_pair_130392,1.8106738140515914,4.978566372632976,1.2226411278967841,1.0408084208261095,1.6340124068393072,1.6477460452021617,1.1242942931050146,1.5688019373708264,2.0132000985537433,33.629875657392425,0.8767264839363398,1.3470307552862297,1.7006943289147138,2.741078781455454,0.0,0.8033452494806665,1.6210469204836446,1.7272541005892816,1.4142048722610974,2.7569797883770546,1.7650596838993444,2.08635182270546,1.9323589198810898,7.583304521298429,1.0067435116622587,1.6079012366702965,1.0974000005031743,1.5402005519847477,1.3603136596208865,1.0152923944657455,1.4617018574924185,1.373545667775717,5.24517500450801,1.7611204570927934,3.273552320561085,3.4945801926906204,1.3857569890668362,1.9513581846384969,3.1574532484470255,1.9674775201240209,1.8172303737549875,1.6618033044921554,3.144309970000407,1.9155580223339415,1.5373637016921666,0.7568731249534806,1.6719900572619084,1.1677116660387996,2.438073199015788,1.991925045228879,0.947336939009424,0.9206188284905961,2.5771092272786515,1.3571763529197942,3.3724922806307136,1.2961641618922979,1.6801706291972067,1.0608221698141287,1.0700724327541038,1.5471042884463904,1.234035432999109,2.0148195284692463,4.720041784928654,1.5638155457197753,1.500051576664015,1.3895804276124375,3.488911188625529,5.407225240573845,4.854030719037448,1.1654335523418442,1.8213065574092204,1.5776539887016972,2.1823546955416577,2.375403212215522,1.634683839087352,1.703964941772328,1.1750281207107716,1.7178338560797397,1.3832341141953162,2.099461735318081,1.0236324464288633,2.2285413981181064,2.31856194344099,1.17957435921834,1.4804544201102878,2.4251100673664974,1.3136187308644227,1.6456360038813147,1.4736629993183397,2.3126181979683005,0.91314915347549,1.9083617798993053,1.613347480462743,2.0751116668824228,1.424462088729089,1.2714055268708429,1.2772225679925158,1.1581652742672897,5.146037176723422,1.0145121985663645,1.411676763713356,2.824361711867945,0.8272190563537705,1.4193201041158092,3.0043112534317995,1.7312111789953941,1.2916990559614079,1.3370525289032118,1.2198502227396448,1.9225367789405827,1.470704954662735,1.5852407355268427,2.7416962650289762,1.8786381715896527,1.5478344351558706,1.474951133253206,1.9883451409567674,1.3495041175890203,1.3334930672771035,1.4015752414456002,1.5973662886448097,1.0258377510391965,1.5552957470093802,2.6890128651316827,2.5205584527812834,1.290297271337972,1.5397232057088264,1.4239839674804797,1.8099236573077362,1.6914854661820657,1.4160525680536822,1.9996999990240254,3.789399743169228,1.3492650948797262,2.8154464102740917,1.1415314911471548,3.1457639034225506,1.5956499545849092,2.091763745024577,6.825079550764517,1.8026282483511467,1.0948317736099806,2.2158562959836714,1.2827578845535978,2.760465026125305,1.5452341268554164,1.035683132479575,0.637226242400972,3.9552940191569177,1.0585724148166569,3.6680473731313112,1.639011788421477,1.582913537851425
arc_pair_95573,1.310978823949652,5.13019104394137,0.9479790375578976,1.0586765123131232,1.1834195197338104,1.1580789840832746,0.579630984411216,1.326891321726484,1.5279049233758693,33.70892520653324,0.9385519764825154,0.9164950589853876,1.1392635474983488,2.3259795432029806,0.8033452494806665,0.0,1.1506011645437895,1.3290671308408266,1.0169773415273426,2.9699056223418556,1.2281801148184832,2.144640371227533,1.4738647031620826,7.67817748058397,0.8490896884863381,1.2555178720636118,1.0450039087474199,1.5079961450140693,0.888653144409506,1.0686615591284765,1.1272428062220674,1.6808583683576455,5.275723674794922,1.3961510522906824,2.7981409592724678,3.691777990490663,1.4022068342332759,1.5858320001818134,3.0576137523783267,1.5355354487832182,1.2923616645545666,1.2115461813747652,2.6995117028940894,1.803421776138855,1.1941317101095548,0.9342939200505274,1.4558757952022567,0.9373310326014642,1.871763004220957,1.7389990116200984,0.8785883408631924,0.823582990013601,2.51076547548338,0.8994879876720645,3.32285844535942,0.7838793066404859,1.4508062297864708,0.9706942350446701,0.8964213121167806,1.0316191222097482,0.784523299256543,1.2708929563144729,4.907336079394409,1.0506235403952096,0.7801283303875376,1.1436420639823095,3.3339353800120874,5.6815560039090816,4.508821950390073,1.0252599330919783,1.3995949649943347,1.0584291308912002,1.6718397329244292,2.0802767727891496,1.3123663261997431,1.3207501015488248,0.9696884855517816,1.4219661641218302,1.1550208633535541,2.215723792301747,0.9807189554750829,2.387771445097425,2.0064029488369544,0.6851412316957084,0.9617152569579323,2.578066806723327,0.8200721914561127,1.1695909620093925,1.3829600090487164,2.185334842949616,1.014587633891062,1.6265369424003755,1.7188198646497517,1.8447167589975675,1.1243732684105685,0.7520688835670086,1.0383262589118218,0.8842009117217688,4.7384207189848855,0.8101483146826542,1.0508615400239572,2.2480461461325607,0.8843136380131522,1.1537199021021691,2.3973192867565025,1.4415242486148228,0.9142016015218057,1.3217059321217257,0.9404868208588943,1.5466160489387002,0.8890151494099529,1.2337452582081427,2.6905437934733936,1.3404605476256746,1.1280962821549625,0.8949535194816747,1.588555336811492,0.9284441593970698,0.7345261075554019,1.1634103132801386,0.9248618860557919,0.8791683662086421,1.3454018555290908,2.350759030501113,2.3752444578276,1.1834291135606203,1.0144443904493798,1.1121022247901957,1.2889101106014158,1.2169787377746137,0.8948108641057047,2.053869326249139,3.8405337359881564,0.8120451205295335,2.77832164637109,0.6639703748624407,2.9641334804482353,1.7740590694112224,1.9183125658533562,6.712424443792189,1.6367375238326152,0.9508501776022847,1.8847064714125183,1.0656479718576235,2.5987898312780087,1.1297235826295298,1.4273925162487113,0.8162201232814001,3.8555637459848024,0.532038132373031,3.4304584543175665,0.9249814259307503,2.002266512645569
arc_pair_113299,1.2057396912387617,4.5260787552616,1.2728174229875573,1.558441575736855,0.9727421670971639,0.8419123415854243,1.1184716813093871,1.3257209156406309,1.1316759384396957,33.05072544773333,1.4282292681673305,0.9312800243677415,1.2585555639996784,2.2827094806977453,1.6210469204836446,1.1506011645437895,0.0,1.0502070771956071,1.1630812426435444,3.6054354888827267,0.9925102767085299,2.221143959047139,1.469819370835375,7.102463680521418,1.1065470242764788,1.1906545197799532,0.9702484856706637,1.3020402056413216,0.9806142990433714,2.1023907530216426,0.8726017693437147,1.8218557750211848,4.9929685593127715,1.5285056464249296,2.7485114011083414,3.545481612561869,0.9736869797715778,1.3524085191293187,2.574998591780693,1.432178645485946,1.0173798532769238,1.227407914348281,2.4808104821041206,1.5964801969203264,0.8521781306336162,1.7270117544410852,1.434538087421561,0.7118758390042879,1.674401092951816,1.8957622018513662,1.4232247925112649,1.4372058980976972,2.1034078527666695,0.8885096616999881,3.34913235646291,1.1736248803160256,1.2240846301994726,0.8079504287402821,0.8550589182348584,1.1554424077580818,1.0593343469620577,1.0875900359291126,4.444669237316831,1.0990726575331893,0.8533223278322459,1.2455537534756336,3.3012784248351554,5.50525042741,4.199993008067783,1.0685556835766805,1.3431914138998138,0.951177575308801,1.613699376148774,2.039807557115476,1.1880312018654138,0.9339767088701645,0.9004178011971258,1.4447825732511717,0.8847301214734785,1.811797380557402,1.0763183124208782,2.2128970010677613,1.9897282016138924,0.6375595161992635,0.8783218509605479,2.627285670525322,0.8426167782186968,1.0529786815297486,1.257811526155194,1.9785276906528746,1.4867978657549203,1.6042765563347552,1.6969380214165455,1.3833870655350378,0.5949089604566763,0.6797118751261417,0.8044078978382838,1.014747052178108,4.741107131637081,1.2429877213947855,1.2087389814988723,1.9764529720136754,1.1148249132535024,1.20070684076728,2.104616186596487,1.4792806624883421,0.9144667231182939,1.3278030667053764,1.646989105183716,1.5255351406151623,0.9065113481859427,2.01748766854001,2.5227030034929334,0.9640209782848779,0.9434954756302154,1.009006269411808,1.4851999313062667,1.21063590399632,0.7768874194229323,1.4275820695470567,0.6890852511184905,0.9459282891579591,1.072256733952132,1.9820902282148372,2.3886059277502216,1.051058875908793,1.007314400976146,0.8318007702705628,1.0905033952244265,1.0877254836246684,0.7969014273378385,1.7468931280659863,3.9597264265402448,1.329317390198324,2.708091764796917,1.042934732659277,2.961491773088372,1.874735539739144,1.7427304794098197,6.135359237634981,1.613171472622995,0.9755984075793385,1.8748096545689443,1.228215947301651,2.3296407526385385,0.6865048566011523,2.475876769027181,1.5908947851947537,3.7679522205300393,1.1425132493680725,3.1645880791311014,0.7297465072243237,2.5356796399168213
arc_pair_147702,1.0005669552877225,4.996376047454726,0.9189846141132096,1.7997988771103126,0.9866012066071637,0.6410340883491836,1.0447262476664543,0.7513471805214782,1.3385286419905427,33.55014306233724,1.6099976208177214,0.6462924805820343,1.2296230030381359,2.053353229199629,1.7272541005892816,1.3290671308408266,1.0502070771956071,0.0,0.9655134969586818,4.001378610437779,0.8502237304488485,2.4583025892342847,1.2482653087997777,7.9133733271519775,1.1541722405933674,0.9706913766509081,1.0216278672969081,1.5883723955705564,0.9301330502840306,1.853710347096906,0.7831952772297004,1.7430681742343928,5.143506026125853,1.3483651828210346,2.8899632538721587,4.222614829429874,0.8334019864353276,1.0224108788255308,3.1449718372851136,1.259893601328711,0.8249149831763146,1.085536075115843,2.5737021035249854,1.5042574968090212,0.6456919999108053,1.643955871996755,1.5611851200255988,0.9374912134060864,1.6724556345686468,1.6652661572963154,1.3023906951562811,1.1865937721099857,2.437040604744346,0.5736275316352665,3.4412812113192772,1.1142255781444819,0.7537092915518478,0.7884968884659186,0.8014987250826537,0.9469185217467502,0.7304883004255194,0.953652864835034,5.135951176192135,0.8780374868210097,0.7529451404441814,1.0956881519594253,3.692085072267172,6.452168766937845,4.326244473382866,0.9319367968944348,1.0950547746551809,0.5870766668210893,1.2618260593603134,2.083376449724395,0.7951574188060369,1.0582202146525634,0.8741536682355717,1.182419466054795,0.6664841409933844,1.8352042853680417,1.1549282130204301,2.400796676664919,1.7238329048843914,0.5447420045950928,0.5551837919836391,2.4087706283554837,0.6336796592227965,0.7940798116097303,1.17148781075458,2.3464153634375204,1.5376776433116879,1.4881195902738509,1.6913155464965786,1.3487316347952116,0.9710316471643514,0.6601623206372191,0.6438592250441464,0.6477516699960536,4.889702425202431,1.455794562266744,1.1647811581612584,2.0017015126409423,1.0893138694369784,1.2683110734912009,2.1066823462309663,1.3373002263335632,0.9411266675297193,1.61383923525011,1.426252371668305,1.6103788141111268,0.7562328019976334,2.1563786544264385,2.8371847847324574,0.707051645589033,0.8191223104817053,0.5354398335520234,2.1525929567439643,0.8400618602685523,0.7339682063990304,1.2785134785564882,0.5163200702062343,0.7062845371854646,0.6989144402201011,2.144121190459266,2.2754253850402133,0.753017572892346,0.718858158762675,0.7323591461077459,0.6584408531228698,0.9701418474503902,0.5951165981334671,1.771164185350223,4.2230578835125545,1.1436226317069196,3.494276327102768,1.149294679390541,2.843033663264699,1.908022209554515,1.601733408237024,6.664916570355397,1.4920594225845507,0.809258115308171,2.395159239895846,1.3075272781193343,2.379116526727021,0.5665199581852222,2.359694588474006,1.6469713637382468,4.075146111792541,0.9721040487579602,3.379080702883558,0.7772507230827737,2.533595247349237
arc_pair_179313,0.6093808149659719,4.757292010016309,0.8091168628113459,1.4014276837959587,0.9571437928366784,0.8397472291648231,0.6058495396469035,0.8248265122504743,1.0710235531031436,33.36883139312289,1.2844166062570543,0.3429692311606917,0.8845274936326482,2.0448325542134667,1.4142048722610974,1.0169773415273426,1.1630812426435444,0.9655134969586818,0.0,3.571510066469855,0.8097039308001195,1.9276276470400842,1.3087710321062738,7.277234454204359,0.5583369337480341,0.8997317914044614,0.6838541096517918,1.5935849553693509,0.643918486704697,1.422615242610028,0.8093463435838886,1.468962960833445,4.821447079246856,1.2051577858147773,2.5597482985184774,3.5571830975049057,1.0288634047883085,0.9950920362074901,2.866517327285217,1.052270048786213,0.9809200181564031,0.9568744657029067,2.4146341996279346,1.3213404401624667,0.9203943261887682,1.0113579068548306,1.3958434182111965,0.7444500253947197,1.2861126845245099,1.398624817300419,1.034394931277868,0.6485911244078882,2.197683224580569,0.5914014266787058,2.8313485614436673,0.7547126241472535,0.9609046679646578,0.758344766251309,0.6883175408069736,0.8185634321297968,0.46734203684588094,1.2429839187897715,4.66426635209634,0.7109100787649094,0.5990741633849671,0.7555121633636268,3.2239580518556434,5.6824073539688325,4.294516197604714,0.5141805307919567,1.038915335387323,0.6187046116720984,1.3575261438185744,1.6980785659732778,0.9672206704072847,0.9743056997441653,0.6390557783414936,0.9739184825379836,0.7548539924116655,1.7031604974607972,0.734696442482357,1.9138580399620784,1.7913067161320262,0.6249805378169179,0.5808935203408957,1.9524390869871115,0.5109629692250992,0.65329868578564,1.06337733240154,1.9445971320124917,1.2269143824349265,1.3682107537596468,1.3434499926767596,1.202089839575334,1.1230537360792434,0.6792099163597084,0.8352584998416656,0.5337567951227578,4.468081654361584,1.0441895852994567,1.0048209918181936,1.9572676497793275,0.8060137977571393,0.9263343773713009,2.1759540142555642,1.137665411049019,0.5885949188255106,1.172620584852798,0.8702627850868291,1.1303034419602116,0.6797878875926763,1.5807462823191383,2.357085315734107,0.9431275244084208,0.7972808607703625,0.6333699942894341,1.6325883446806737,0.7683645931397147,0.7335366351947754,1.0023739065562958,0.6730108772984531,0.6616087033112055,1.0353481044687105,2.0349891408636083,2.10052463728573,0.5372606257489093,0.6777368499375769,0.8757333496245968,0.940993300655504,1.1315488294629483,0.6452106765054866,1.5576269327458965,3.841516465491421,1.0236064595950434,2.8668327703761705,0.9024941186347699,2.5741929094037714,1.3878609160868838,1.5503286188580772,6.148830892170926,1.3692387413494345,0.7613398044153779,2.051790313081966,1.042817602991148,2.1977376754556968,0.7760835608452124,1.8224588857762076,1.0570421640067633,3.3287140202236394,0.6256442785380112,3.0864908358455607,0.7511633960050006,2.375698318518432
arc_pair_542791,3.73127867529924,5.536879297697576,3.2637996727652103,2.861450131169157,3.7270976652580456,3.9202379390209137,3.2367860222271494,3.906160397303247,3.8000546677555147,31.79253213204339,2.490520895927141,3.6221759900521553,3.8882011224344004,4.346128983864185,2.7569797883770546,2.9699056223418556,3.6054354888827267,4.001378610437779,3.571510066469855,0.0,3.8714032616648715,3.314317111226553,4.062667230184893,7.359523677973852,3.028177328621033,3.6341372982661113,3.2311080842505624,2.432829134251853,3.501527331070866,2.3062800771812206,3.2236495638783893,3.419105332557047,5.61728330117446,3.4655120835332367,4.264502306189627,3.724616029647018,3.560554012824136,3.998380371422887,4.123675639275088,4.239859740320074,4.009055533757902,3.821699061727288,4.905083101313008,3.7744744147376252,3.74824379702718,2.5095109999549883,3.3531401279742403,3.3694208559798344,3.8200996412876314,3.8100933379642052,3.2990183515701843,2.761589096802973,3.1252694615932533,3.7321000005271467,3.9357768793056,2.9698922938681256,3.9163612085817014,3.1706552482901036,3.420223560641656,3.6842989781521926,3.4124609170256925,4.1218212828608936,4.612901559650997,3.833804217015399,3.6498635616901285,3.2114219268616786,3.8053402810502943,5.129195348624154,5.398271646667016,3.224848736086561,3.9815542839727374,3.8002406753040385,4.296166572129298,3.7014716135671404,3.970187352207504,3.5737871362878035,3.0046338543667845,3.84371438979562,3.643419226143973,3.9781653444568557,3.1895385322778242,3.6907677528926994,3.780879864979932,3.5567878895115177,3.7749980151870073,4.01548491409095,3.6604004760709348,3.7655517091676876,3.2477533801689216,3.774545330136072,2.136452525800409,3.9744492882210114,3.3354751567457948,4.138223271212581,3.71857002798032,3.502803347965522,3.6251397245373362,3.420142102926699,6.38616180696275,3.2590331645615294,3.6706313344616577,4.5587006561262085,2.9894688322085137,3.41995025372729,4.681905371517321,3.8189796890135024,3.7000794787134765,3.2347299850989293,3.191069443993768,3.8160395627345842,3.5916347073923487,2.8623726770680893,3.8286707841870236,4.145387679852051,3.817436828221592,3.760280808652951,3.234249644792293,3.389709918192972,3.737665147720019,3.417410802927822,3.9488507950491982,3.2340252071597417,3.507325251048665,4.33565370778009,3.592020645139783,3.6981169098391464,3.4422375811451236,3.5294489972241863,3.620554950416202,3.6958868152493487,3.75051795388368,3.7500998634829967,4.000937032495164,3.1513733948815927,2.9922611824922933,3.098706260850533,4.432566730357417,2.905447615967998,3.8740912658190125,7.1296077792871655,3.717836050015202,3.0965893395067536,3.5692399572551023,3.4447872545289,3.7838186475111932,3.7942204707745737,2.7961527280198464,2.7594997371661494,4.160909063925313,3.1860289588939397,4.8878419652544745,3.5918659938358064,3.0655145685228415
arc_pair_37056,0.90429789137934,4.965930615299649,1.053870472351493,1.855388768705662,0.877935331278819,0.6716419180817657,1.0028938178926816,1.0233605302458393,1.2821508680358444,33.33932065488428,1.531845639795175,0.6917440827517735,1.0150007293711545,2.025344673313964,1.7650596838993444,1.2281801148184832,0.9925102767085299,0.8502237304488485,0.8097039308001195,3.8714032616648715,0.0,2.333744261655638,1.1653189923046372,7.493157563194479,0.872145422013505,1.1054975412660173,0.8815865497744826,1.5869773994357312,0.9139174298119406,1.9822516883689643,0.8516695948010626,1.9683230745552116,5.051634903698215,1.2910787925726845,2.707140089915777,3.9096533758546803,0.9548858259858823,1.0751393621041077,3.039020393105661,1.2234787035609853,0.7913528429212622,0.9706213209851666,2.418096852734943,1.494702647318989,0.6984641127102931,1.4767343084405293,1.42207573346957,0.787654588277805,1.5301081745788205,1.5506970005917635,1.3231817890730015,1.2009048685288946,2.320394010147452,0.46028172331747286,3.295351254603677,0.9896477411672184,0.9356591236358984,0.8424663764628333,0.8074983928959716,0.7666648147869151,0.7534675167472296,0.9969743081197581,4.95875447391363,0.8478043978322128,0.6089229033859936,1.1386665406145464,3.394981314818579,6.0994829139336115,4.300219806925,0.9714779896311724,1.0352550093968511,0.7564445867023373,1.3441194974497865,1.9673149856649856,0.7939273310517562,0.9176362340879103,0.8444712845898541,1.2550086043858788,0.82227647615466,1.739928252553182,1.0241812850811285,2.223783988453747,2.046664536091244,0.48528780098267893,0.5786415063320577,2.346932931642416,0.5964673215601287,0.6273713444449975,1.2423466828945413,2.0019245907691037,1.491209601984848,1.3305776212019473,1.6530253829103423,1.271032738457162,0.9721387101519032,0.5538501811757637,0.6373811019846982,0.6908107101993306,4.768830814474839,1.4677191666226885,1.047021346919995,1.7689814525121603,1.0238735620331834,1.1697943593234426,2.03914842805704,1.18156840991216,0.7416559876565185,1.4099272696754341,1.3589832543710059,1.4266857350552,0.6207548804931021,2.187548623802594,2.5738934261234325,0.7856903319763981,0.6654850316139922,0.6998700089588075,1.9377806683696144,0.7305577796417575,0.6316482990522009,1.3190329085849624,0.5018981320736634,0.7322314220150512,0.9260862230086124,2.166668314253596,2.2070040106052566,0.8442637700684592,0.7782976232971415,0.7374456746270791,0.861311116288501,0.9848823578432586,0.45348288698700767,1.622036497131288,4.056668810487692,1.2875003918987724,3.05741371206756,0.9762089943889876,2.726975769555163,1.9002146980950352,1.6329875487996737,6.35065906603159,1.4288872692222423,0.8919837307713182,2.1104992841284185,1.1326309261811613,2.490984039690931,0.7888822611220694,2.451639497282475,1.6444249143501877,3.822661746834286,0.8622029965910392,3.34502977056279,0.7785052490000116,2.7006540649620367
arc_pair_444032,2.2785419490769723,4.502447313084767,2.2388068448759095,2.0852961286781437,2.148532802037751,2.3697649412185338,2.0203126382037757,2.3059538321329174,2.1491832693479647,32.788435931337446,1.7362430064560606,1.930458496735146,2.276840517065517,2.734263131658909,2.08635182270546,2.144640371227533,2.221143959047139,2.4583025892342847,1.9276276470400842,3.314317111226553,2.333744261655638,0.0,2.4661072127703836,5.9169172738049065,1.410982604995088,1.9369435834624769,1.858755285378471,2.0206858007782382,1.7851944128332318,2.045409385736224,1.6540173273502778,2.3854511837446672,4.3349836596096765,1.9518410896242444,2.852042529910179,2.573828470887951,1.8446612721102866,2.008727034570885,2.761328175986078,2.4698878086613574,2.29316942736258,2.322754647613132,3.047495807839692,2.1480146460787273,1.984483839712038,1.7786430510679399,1.6712100918868447,1.6365562153937032,2.0983750843900086,2.205566061924738,1.788442882261899,2.011116488025565,2.4345510765952687,1.9872463140968188,2.320791622505106,1.9768377058885114,2.2801884516528492,1.5639677217361236,1.8908532679462235,2.0292751135904687,2.0215833162964594,2.7403136762397597,3.5544062984625113,2.097813847599372,2.057441938392952,1.7679678092170865,2.5383543857062087,4.420703905790937,4.272713934967703,1.752710811292812,2.113395580115999,2.116945130778753,2.633691578559819,1.8654878924567169,2.3144599108122197,1.8624364138448062,1.6583693983907641,2.0539174436288867,2.263459340559267,2.410132074008586,1.3966724027396937,2.0311154931669835,2.306696757358484,1.961195244841572,2.0855898339725645,2.066543676065206,1.9525569128176832,2.318427377588421,1.9831381207360685,2.0097914590491412,2.007507178461324,2.076273905467237,1.8777379674045827,2.698262362917953,2.020995408690011,1.9485510402147668,1.8587576720794912,1.8444727715698408,4.53613487290201,1.9694811406399473,2.078215597159577,2.9750107137876336,1.850523488845706,1.3285645877541752,2.9300344287163456,2.0986739956154574,1.8184714914633093,1.5026490921377138,2.2377121120500867,1.831457753051712,2.0689974957908497,2.0376387381996865,2.6177530544438374,2.470272500543512,2.2485305269049904,2.285480318779002,1.6182663961564723,2.2198261246631557,2.283052666380505,1.9857868848291567,2.24189580440461,1.7704280279498437,2.3365405172828018,2.8386067200367604,2.170829370249934,1.7359975738614772,2.096346840954845,2.0303863093345025,2.449057562311802,2.378863231878296,2.1754660683541687,1.8850368013860286,3.1390296377919586,2.4136680226016223,2.398620173115808,1.612292503549901,2.612017703321909,1.729884146258996,2.1179715169083435,5.9710107469874245,2.291877086510619,1.7613850788757914,2.3749261086766937,1.71949640900403,2.6928916269601215,2.1427686577169465,2.166139222722759,2.0361603780977684,3.0753304095372376,2.0801356302499374,3.603726889209061,2.027966517010506,2.8512689421045057
arc_pair_58367,1.53377800646224,5.161313066337261,1.4619171664502215,1.9374496347055543,1.5230593309666647,1.1470877875008105,1.551998935095457,1.3338185663081734,1.647750446570608,33.818306088773745,1.9101601797322654,1.1494153946418297,1.4155050464580192,2.220447393122365,1.9323589198810898,1.4738647031620826,1.469819370835375,1.2482653087997777,1.3087710321062738,4.062667230184893,1.1653189923046372,2.4661072127703836,0.0,7.567447553325391,1.293698622803761,1.4915702058997333,1.4339692580184669,1.9478575377953344,1.3415913719560502,2.149376443736931,1.322017144469928,2.3649714097599284,5.191391623228793,1.5834125010534423,2.8290910753974896,3.958846438155853,1.3477842213800673,1.477310607647662,3.2258121009499554,1.6838008114526546,1.2718247127580689,1.3659256182914592,2.729402518518782,1.6164884455191464,1.2664550755360997,1.9593473160115955,1.8048587769121949,1.2455547717013653,1.8491727338006316,1.8468283760992,1.7172239732990666,1.6472686133841976,2.7194527245396607,1.017987871844364,3.5188166700356924,1.2514933832242736,1.536239967146558,1.0848515243476062,1.2743827859822472,1.2305226152615294,1.0917209087829782,1.5436546400695028,5.069062185256964,1.3303552125951803,1.086784476618086,1.3312586497834051,3.4833556298366237,6.2807483105041655,4.565846650803118,1.2973272175350057,1.3958318176562146,1.196488249889419,1.684442791872187,2.058220249703451,1.3226463325508433,1.395159431642987,1.3022632575408395,1.5341656225408051,1.4452637002153623,2.1393296101064885,1.3442950730759198,2.3932085530478733,2.2566801904594342,0.9566861586299475,1.0767734491814132,2.790933879073746,1.070897248149803,1.3154050792776908,1.5421441977657424,2.2606338726135795,2.0192912701820704,1.7681284376627129,2.037947230483176,1.8545987584257353,1.4093468234505548,1.0778350462877995,1.135389797151539,1.1205599661969425,4.879534975021369,1.8453266977885852,1.6061958340338736,2.296580016258196,1.5926575075129825,1.302565460876137,2.2730812291445126,1.3436516204434268,1.2707944316780393,1.8570089478711964,1.7957888925218148,1.7176830971922428,1.1480821133792314,2.3636614208118805,2.7945214341150275,1.340798477844872,1.3192656233808764,1.0594903596772456,2.165375891858271,1.3709634068029537,1.0942678875890917,1.5226810161640736,1.0631071634870217,1.1261946057908718,1.5259910298113948,2.367937320027137,2.4644964538418375,1.3090304691583043,1.3556114830463124,1.3279401364018235,1.4124512780848868,1.2946341714314673,0.9888861755280606,1.9334925994028644,4.057511723942064,1.3590664787198041,3.294174006579431,1.2308844423149101,3.0521637474449146,2.188613192350139,1.9512515241520427,6.67119074523179,1.8360164163798305,1.2728944483750786,2.1326280975232375,1.3336124683034234,2.762667712975116,1.1837874455312831,2.662605919160744,1.8664629746939938,4.037253356542991,1.3766619397309714,3.5421111913573045,1.1911199083016077,2.9326176633777474
arc_pair_336218,7.539428955557825,6.999177534691061,7.752811673334116,7.396777516233089,7.47203156087218,7.941247814516485,7.639833659279216,7.824546796141172,6.969647049334857,30.748304810555293,7.375041036845397,7.555409622913486,7.733307811389954,7.077756711682684,7.583304521298429,7.67817748058397,7.102463680521418,7.9133733271519775,7.277234454204359,7.359523677973852,7.493157563194479,5.9169172738049065,7.567447553325391,0.0,6.727474770544676,7.185187461435518,7.205378435872437,6.615364913913015,7.157794142329154,7.436533081958002,6.9790423789791385,7.895765030240238,6.602933383105064,6.850238001059497,6.652024509769279,5.35597567443032,7.158530877505437,6.9330885809561185,7.271608235370596,8.111834085241597,7.682008284922461,7.837107599298036,7.630755545028701,7.2917315880338425,7.316430103852506,7.349528403670821,6.586743757705619,7.037125559186937,6.365786231959964,7.28451664806925,6.991536866793525,7.426822753173095,5.58588972732269,7.485872391579001,5.453309161363096,7.065381050400999,7.639558889806059,6.982295125447373,7.327330403783322,7.201778458803261,7.574658612036466,7.97253479780998,5.274495413543114,7.435781385332198,7.652799116204036,7.017848378402301,5.072084758263946,5.839597119271122,6.997746458381704,7.161267354418319,7.516720914987047,7.589309345845569,7.741213767165902,6.079259185768576,7.836442084818191,6.759961253093324,6.892044282891348,7.289589368515611,7.790882643207511,7.243621637302928,6.866409182530301,6.100253472317651,7.251716003061455,7.585414582060494,7.774193941728716,6.473636214808827,7.582424479537021,7.685247609414651,6.684838604477427,5.787399644083172,7.457819123790209,7.226087890565233,6.536796548303745,7.553299995654662,7.354705340149698,7.4058164144777745,7.358265293351558,7.515981343027564,8.305689799790201,7.684024024931082,7.459562170670486,7.803946670761333,7.395877514716125,6.510383906806015,7.23972055814707,6.864234067882779,7.3213073621640135,6.594212698762381,7.643128715210058,6.709476592469285,7.430225522439435,7.383928325245422,6.383172376767238,7.9360159648494335,7.603869212425864,7.801577682379354,5.8252831641564145,7.8171336358957415,7.859151008607857,7.493297138115978,7.812098867390189,7.2824514245508025,7.2605507176350415,7.016608057542192,6.275370294152523,7.305101981779099,7.474120096462119,7.298733007875178,7.487833925931684,7.731231949985833,7.538466186849777,6.695415207180249,5.620924329955859,7.987734939111552,5.307749781358516,6.989072881143551,5.94819162970382,6.10945955194086,7.122672008436128,7.673490911886407,7.677540983133484,7.0907123256745885,6.28102655305623,6.8658812284299096,6.507036123667369,7.712675828968385,7.360289354100585,7.447231958665977,5.292249510600514,7.7801131535976635,7.995176610406639,7.395277563006245,7.7167218140635265
arc_pair_438299,0.7967031324779257,4.29089100936258,0.9239808648322516,1.1453150683904214,0.9545331846092413,0.9661388457110335,0.7467123508710795,0.94609053314694,1.169298854225872,33.0266479670804,0.8746295825975138,0.5451839912862871,1.0277370438447426,1.8934321465794772,1.0067435116622587,0.8490896884863381,1.1065470242764788,1.1541722405933674,0.5583369337480341,3.028177328621033,0.872145422013505,1.410982604995088,1.293698622803761,6.727474770544676,0.0,0.9961837671635985,0.6125878635732266,1.2254676014474761,0.6504772639406741,1.139975360923081,0.8637497676447746,1.3213311632725946,4.409059398473482,1.0770866738759706,2.445486505719259,2.9785238110616596,0.838721134939258,1.0648215187130132,2.5498970422201053,1.2102777766855843,1.02513322804271,0.8752360959073311,2.225090828909488,1.1728975848892098,0.8555952820391137,0.7807198673271287,1.057013445035675,0.6833394280827834,1.4346185241978953,1.0764647809431154,0.8857275066913461,0.6670762176491588,2.0186200565394796,0.6679686107545317,2.4469290984586793,0.7509429072510108,1.0111250480613316,0.5541970950918856,0.5484718897155562,0.8174320605918753,0.5575062964171267,1.3255025895581662,4.052492202684426,0.7902771627222066,0.6529363909501917,0.8163157165557342,2.7752424824197224,4.943478851124607,4.001593522935575,0.4526485482526817,1.0166817048699661,0.8382186546118282,1.3632640124013409,1.609800007808703,0.9984997667769552,0.9385022282200929,0.6947935065694623,1.0543513831754427,0.883123964269912,1.6860223538771972,0.528878612726779,1.58553449901541,1.5842000760536123,0.6085890429487264,0.7225807476864647,1.5807590508074787,0.5670311634301082,0.8641198722399386,1.0537096372098371,1.695652052164785,0.9117172056044659,1.2414495057040238,1.0386413753796884,1.2875392743448801,1.0809268743045757,0.7129769258592533,0.6559964117568493,0.613626699250366,4.199803209262434,0.8643572953527855,0.9597295358664676,1.9746697822998835,0.8033394087464234,0.7794184272726761,2.1827603726649936,1.0583509247939467,0.5070746277846452,0.8333227034891362,0.7460003365897843,1.0951807920486365,0.7441187099292347,1.3605530380410185,2.0891039264502522,1.1297054066310483,0.7818098962515287,0.8412723531142156,1.3732034576556797,0.8231432874702611,0.8041127296647768,1.0095659841383382,0.8602267352797276,0.5224783373739914,0.9321199166075498,1.8556068228209144,1.7851854854417102,0.5524697379920969,0.801413883011403,0.8818419627678534,1.1849138023362218,1.0540061149797264,0.7232390569766927,1.3409203154546976,3.2166418542013746,1.0463215626220166,2.3023516812601406,0.6987078584456882,2.3949027809919925,1.131723980331344,1.4064057760250173,5.979758069211115,1.1824431969146865,0.7125186893331635,1.614246409482448,0.7334302144514412,2.0702319789415857,0.8558168412581081,1.2073934296616966,0.9381470629308681,3.0542364518769767,0.6686776582498263,2.9057889753501014,0.8628278952500803,1.7976803519055102
arc_pair_713574,1.068066179119172,4.43868911430963,1.1214637034098007,1.5813855084680908,1.2059514101781064,1.0497926816340364,0.9135147420936356,1.1167236340395121,1.2900380413954133,33.258720077340605,1.469524064942306,0.7538090011633203,1.2068026046559859,2.0727122063865093,1.6079012366702965,1.2555178720636118,1.1906545197799532,0.9706913766509081,0.8997317914044614,3.6341372982661113,1.1054975412660173,1.9369435834624769,1.4915702058997333,7.185187461435518,0.9961837671635985,0.0,0.9299431005395173,1.5010042125184042,0.9166719545233893,1.7692456639027825,0.9881149646401313,1.7920175748164877,4.344922886119867,1.3143238810781268,2.696132463579553,3.665998319587663,1.1000392397601373,1.0967104775812804,3.012200142747282,1.401045751241977,1.1424638046236084,1.289441936643841,2.112419798431924,1.533523983246107,1.1048416442059223,1.4709180441895628,1.3552765473033994,0.8940967141303203,1.5272560642154631,1.6255838826673434,1.2352907058117872,1.1841390232009643,2.159794099774155,0.8272554016986895,3.133757821176442,0.9454080276154169,1.2059962670785893,0.7693347353228285,0.9411039279580435,1.1318735895782663,0.823350300167343,1.38736642485029,4.678053756630139,0.8259943127185569,0.9231631656623388,1.003828309595281,3.180337763542545,5.62150962228681,4.050771671480869,0.9342526384061294,1.1974742831789036,0.825153751168775,1.5777692830714847,1.7469928406855795,1.1627434875692733,1.0726923974016618,0.8617775791423171,1.215814207868184,0.9903671082737797,1.8931244590973022,0.8770243887619547,1.9636524823180714,1.9329514437344162,0.8194933977537362,0.7879756332129433,2.188417981179792,0.8796007504203982,1.0183217805011413,1.1254209903419405,1.8762214962396007,1.4929509873347317,1.3564137078101317,1.4217813028978166,1.514776054353205,1.0288732627708734,0.8054225789998954,0.877699933946733,0.7740962735166512,4.639630661943594,1.369161202981243,1.108549663556722,2.1835792277334187,1.1586572818549588,1.0289621140880838,1.9939827828020749,1.3381977518432637,0.9879703152379927,1.2301008627407042,1.401472388916685,1.412641626000814,0.8244141278415503,1.7972255421598216,2.4464821972276893,1.1608735992776928,1.148448224751157,0.8723824784291363,1.5747151388086127,1.155006029782307,0.9208902632914082,1.1296357252179279,0.8480192282108255,0.977017450951029,1.1838321846850792,1.852823531183919,2.13650082438621,0.8692895722151377,0.888103549725717,0.9858066657439144,1.0956507771290398,1.1247846650277102,0.9106989396808888,1.6319992881999577,3.848582766592428,1.1709970554539586,2.8569855437914145,1.0254155860198453,2.5593346984448124,1.5959842615735318,1.70662001824362,6.209171052044606,1.5119575287686904,0.7330572606603967,2.0660073852969885,1.2007364078177918,2.163281896390776,0.8945841762954666,2.206763515099953,1.4099309651684655,3.517630709875691,1.1141442737276246,3.028372533680509,0.8430878391727888,2.6013063972466117
arc_pair_144158,0.7836710442980057,4.320059971847462,0.9912079754660763,1.41580075192109,0.9050450831764836,0.886595596127453,0.7210979142642039,0.9439193411823408,1.1084454927833858,33.100835915003636,1.0863405499902585,0.5497884806692525,1.0215991392713275,2.1613006179005994,1.0974000005031743,1.0450039087474199,0.9702484856706637,1.0216278672969081,0.6838541096517918,3.2311080842505624,0.8815865497744826,1.858755285378471,1.4339692580184669,7.205378435872437,0.6125878635732266,0.9299431005395173,0.0,1.186871226668759,0.6379873343611921,1.6198872562451863,0.7242090785963683,1.0718951604360032,4.49985835181936,1.3197429562834992,2.7614932361315034,3.250821988462393,0.740212451536741,1.0226962065575025,2.613971716315763,1.1893211347790675,0.8301627417919868,0.9455607751019882,2.5074114865143984,1.3249633978735522,0.7262604410244717,1.0078319352884029,1.1497938590701646,0.6317001514782112,1.5390343151465182,1.2900945153054115,0.8599444846295862,0.7544382609771415,1.9557796044547673,0.7028841564500468,2.7389490430135424,0.9380715191059331,0.8840201779013205,0.6768229453725331,0.39856838109877313,1.0030001313956243,0.6751886226936655,1.1830660657019387,4.273177497284312,0.821072470306062,0.855916902502414,1.077402775201721,3.1379843513309478,5.314663340858404,4.240220670344073,0.5426120189849468,1.1758568598315593,0.7822958364658943,1.5120431787414264,1.9500437445779428,0.9105462240169178,0.826465414421696,0.5464507290022452,1.0889740717693575,0.5466626492604925,1.4812190956282238,0.46998793668705285,1.7894524231437443,1.8508401681882898,0.615699881810582,0.7092018155594023,1.793487207167308,0.6370529605829831,0.7941769577795261,1.0624340151386846,1.748553098036098,1.016006868673414,1.3565402361771137,1.0250967530281974,1.0515787430358923,0.8719404391936505,0.6206150182604052,0.617491838994913,0.7057692398483908,4.56658906840562,0.927230537718501,0.6906466711694824,1.9922477203396092,0.7733633285428805,1.0261169733752342,2.250755010692291,1.2450053487036115,0.5609034529817731,0.8728492171464018,1.011011766785424,1.1811024049330705,0.830164463986075,1.7903156817488048,2.298573120752259,0.9535006628950655,0.7871686464966996,0.8404196137805,1.4732412537584176,0.8230755732754929,0.6941272325712069,1.018425115393139,0.7305791842386786,0.5937599098085402,0.7991716182811408,1.948371270682503,2.0538273190684055,0.46760031658950246,0.7183030672815336,0.6471137605106677,1.0312744871422788,1.0518934590869011,0.75971109876227,1.2443590937420281,3.6176066724015574,0.9781888070472022,2.575283921372905,0.8642657988458601,2.635882529909675,1.1848211510290616,1.5381542771850898,6.067360666509683,1.4586419580414156,0.6443894070457241,1.8557143261142544,1.0054749256983446,2.1288684752821445,0.803611202960015,1.6765386615294198,0.9165592540423355,3.4189165709266276,0.8628247525345012,2.9581497770241336,0.6405803490759123,1.8702821087678227
arc_pair_115275,1.5917509345577736,4.167053119950422,1.5894809374250891,1.5319758721694179,1.4700207788996007,1.5993728972662136,1.4383344995007765,1.7770206432895845,1.6195340926968624,32.643630090236805,1.2885172547846548,1.449801511603971,1.835152895016121,2.60698907412897,1.5402005519847477,1.5079961450140693,1.3020402056413216,1.5883723955705564,1.5935849553693509,2.432829134251853,1.5869773994357312,2.0206858007782382,1.9478575377953344,6.615364913913015,1.2254676014474761,1.5010042125184042,1.186871226668759,0.0,1.2896280137329246,1.80554399712282,1.310367627194111,1.6787816378963862,4.387179981178369,1.7762854804141817,3.0830086334618345,2.88954686348218,1.3498013778006321,1.5393921395314862,2.9210424517090336,2.052936873095579,1.4804273023147483,1.559340731272279,2.7133394688921473,1.780984566429355,1.3364979063164109,1.4563922239450755,1.6870534886508755,1.3872315324357691,2.1468953665332893,1.790649851434611,1.6057386676041472,1.3976951770059174,2.109914027068581,1.4035035467314787,3.027960304545477,1.3661026587730443,1.6201583626731737,1.0458991858141127,1.2430884601574512,1.6986826436213722,1.3727585248825975,1.7438985502351416,4.185496498893725,1.7104625541950766,1.459789258734351,1.44516275917409,3.034059941021849,4.917645336340596,4.463515584448948,1.2184845060844718,1.867494555842714,1.4940574387938934,2.2205422462648303,2.2139754533997107,1.6003927820658004,1.3746331821642332,1.292177722503093,1.692058124304081,1.3420551358967514,2.0424065130704183,1.1724969611654896,1.9309966427001863,1.9826092254544392,1.3379004754412565,1.44930251220088,2.3230182765729728,1.4316823486618375,1.6006671948224687,1.4541504477653828,2.175609428083433,0.9599823769105867,1.8099384600753368,1.5528996187169395,1.8785752266644589,1.4037784691220483,1.1933714619632907,1.3677912979669329,1.4145103519937319,5.009965848989843,1.672745928076954,1.600824232058414,2.526998464577889,1.4691743761257023,1.5134407701573065,2.724909534953195,1.7617916391316442,1.5123498093373438,1.6312216991754125,1.4667976475936344,1.944725437719478,1.4549712430045292,2.0240504005316877,2.49586874890556,1.5961255724031214,1.4079799988755681,1.4995135840110048,1.6658694123006117,1.450236625860538,1.41774106543676,1.604261349478857,1.434510937745486,1.3302511067130267,1.311542741370997,2.149647216995265,2.1023655187971815,1.4345006139778353,1.2986209453298003,1.0529079666855812,1.511182218772099,1.5229263095211696,1.488633674273744,1.8354467996988877,3.5507068342452106,1.4088414362526764,1.9414303733708305,1.5231365391326563,2.9937140367658985,1.4581424815909951,1.9385720512535751,5.689649682362483,1.6927441144777886,1.1998618731802433,2.1104015873175515,1.5385641436505575,2.0676072539007215,1.4232820105546458,2.1536256668652674,1.555940289755503,3.5834467478337455,1.516469303685577,3.1710721305770933,1.3232897785685147,1.7556441018032438
arc_pair_679387,0.6961319712456452,4.632384135074791,1.00785183328991,1.5858743677292566,0.8679224947371433,0.8745402741676195,0.6897113354695936,0.9489635229092983,1.0149673378617277,33.35180737734855,1.2959198395793479,0.4625245130445109,1.003824440437504,2.022371308991516,1.3603136596208865,0.888653144409506,0.9806142990433714,0.9301330502840306,0.643918486704697,3.501527331070866,0.9139174298119406,1.7851944128332318,1.3415913719560502,7.157794142329154,0.6504772639406741,0.9166719545233893,0.6379873343611921,1.2896280137329246,0.0,1.6000640922281941,0.702124795035431,1.399985156751265,4.736225814779154,1.1882709027860479,2.504917753476164,3.4455806117360703,0.8752573642270911,0.881292284520982,2.6720456872488034,1.177477660470976,0.8438065497631493,0.8772704952740937,2.2102678298256895,1.3029522452365492,0.7336856028165403,1.1926828589917284,1.2391163220704402,0.7599975495494802,1.1956529609032809,1.178455044330447,0.8694986051076312,0.8170228609801213,2.0280924656742987,0.6100706070121193,2.811813990054706,0.7613077940743692,0.928581119296314,0.7156811019108329,0.5823490004377843,0.8925582890234045,0.6225391617992403,1.0206400917625817,4.32920624120632,0.7541716510490688,0.6718953199931961,0.969806115918361,3.0730570837799727,5.495275997591091,4.208864068250083,0.5029681175037728,1.1551368826403263,0.6098674072665089,1.1766778225125827,1.7372259393414207,1.049385703671665,0.8685955842631814,0.6877974966881588,1.1291575721127036,0.6607759310092496,1.7086605622804492,0.6663347199604333,1.9374142808191723,1.5279084454500087,0.6233667296826859,0.7214836575665549,1.768320539413185,0.6435845029766785,0.8009090946059261,1.1605392967768415,1.9190995168325906,1.1725611479120621,1.332719830748295,1.2021488381654812,1.1563511547409833,0.9613550288556458,0.514018811292599,0.8009528883197001,0.7278442018569502,4.4008503314987735,0.9490784162277899,0.9056215055199672,1.8758133470864875,0.9293247764472506,0.8631879953462687,2.158807708798487,1.189674830668293,0.5900478104567455,1.1365470536985305,0.9840982139456309,1.143984216795622,0.8144449187248453,1.7108057216439978,2.3313416977724852,0.804237939164784,0.7441737163530149,0.69199622720318,1.5254495908626484,0.9222061071622637,0.6237874550551838,1.1340600898338207,0.6405087113070823,0.7971318827887941,0.9813529892256094,1.9487302262171826,2.0713944455107245,0.5972591150021815,0.6882193991730798,0.6099801669218616,0.9180061552588752,1.076913551903715,0.6116781429550237,1.4421510979204624,3.663024877977806,1.007611785830258,2.663168508824121,0.8104261218282924,2.6413920480323823,1.4095150228384736,1.4635047450696996,6.069476612682232,1.407427298680817,0.7132941567068458,1.6802551246891988,1.0230212014216509,2.0224506332808203,0.7570786162441733,1.8261764965111773,1.119221296336589,3.524397165116088,0.7651396143469174,3.0995825778294597,0.5636921704985388,2.2890321921952674
arc_pair_505765,1.7914551333780164,5.087230939057302,1.047991097520189,1.0870110372803337,1.9003615649867585,1.916269049960961,1.1296602654989565,1.653854041617456,2.1307903108479342,33.16265373908575,0.9460870658954437,1.4672570572965962,1.904818948992027,2.508410994790878,1.0152923944657455,1.0686615591284765,2.1023907530216426,1.853710347096906,1.422615242610028,2.3062800771812206,1.9822516883689643,2.045409385736224,2.149376443736931,7.436533081958002,1.139975360923081,1.7692456639027825,1.6198872562451863,1.80554399712282,1.6000640922281941,0.0,1.6675098748342674,1.7620536458405733,4.921960872808861,1.6922412594115182,3.036583049781007,3.548222788180963,1.930577896073019,2.0032191527610084,3.3189369287553045,2.2625649458016035,2.105353535307246,1.9431538049849015,3.3288877783735913,2.0067568032409673,1.9124284944936625,0.7351689734256289,1.8439325122397714,1.6569281281512565,2.245052497658488,2.1278266441822558,1.1642724001833435,0.760935351618639,2.6685442785981843,1.602825672043282,3.0598024761459968,1.3329752075060215,1.8430857101932634,1.3131543422776997,1.6210237570194281,1.7001081356055687,1.2730134252347995,2.246903316170075,4.434522768025261,1.7973647594238962,1.5444766789389626,1.3182227418865462,3.361991204551536,5.35812871856727,4.46411306477442,1.3062386065128504,1.9285457661574328,1.802262762059953,2.3185580145129467,2.246168688980627,1.9241002169461485,1.9182714905866685,1.373752387476408,1.74231925415033,1.8883907276887273,2.51612318098722,1.377660839393547,2.278581001207865,2.1735926503764196,1.5479151892195608,1.6288987989732922,2.5561618814896394,1.5575501914597683,1.8004288390760435,1.5158099744022158,2.572216257907613,1.0146260194858545,2.113234608336003,1.8021032862439277,2.460895426213271,1.9223228746169165,1.6088403902148758,1.6532103508909852,1.3336748980094346,4.8485617038161735,1.2765408024059264,1.911794077225578,2.842197540880334,1.1695876419818712,1.5167843143253885,3.13512305408873,2.009795229782979,1.6677350720536661,1.6523347008325522,1.3063933531866274,2.026918384916537,1.6065191934642904,0.7575609495388407,2.7496752675836045,2.178325076879173,1.9098372541781479,1.596077670634409,2.183171983513213,1.4630203713043959,1.6405833820635423,1.4308379115588832,1.8796114831790722,1.2757636944198798,1.8011193958749816,2.901198141096474,2.3246440557277017,1.6435263043628627,1.5172000359515743,1.9223161936127815,1.8284574258595931,1.949163748598634,1.7894751258873196,2.279681343348604,3.7001167377192656,1.4658343303628036,2.877941250150868,1.2540453905174247,2.9947983821060182,1.7018130849766184,2.0465807960932,6.851124752179525,1.946614402704561,1.3765744324055893,2.3949715204223305,1.661553383098105,2.6598750256971915,1.8341000018122895,1.1100655616399395,0.9690177189323671,3.4153773790304194,1.052623930737047,3.788016805606398,1.7382893014212772,1.8284790312070442
arc_pair_272219,0.8048770342239605,4.266267461262408,1.0125084684077197,1.6365409952393644,0.7158401660117314,0.6935873794864357,0.9171547455850588,0.9182409033237823,1.0473901009704767,32.820841526852405,1.1964541145790069,0.5677315371035773,1.0438574413835275,1.9182770060605807,1.4617018574924185,1.1272428062220674,0.8726017693437147,0.7831952772297004,0.8093463435838886,3.2236495638783893,0.8516695948010626,1.6540173273502778,1.322017144469928,6.9790423789791385,0.8637497676447746,0.9881149646401313,0.7242090785963683,1.310367627194111,0.702124795035431,1.6675098748342674,0.0,1.4010817761612322,4.5642757935536356,1.1312283273191304,2.4951272664980855,3.442732408686652,0.8707465315516876,0.8855045457687147,2.4372462340944727,1.1912528639666877,0.8245981146582851,0.9592193636725357,2.40455537880256,1.2326364013964695,0.6063317850911021,1.189267237675389,1.1850782027274853,0.6897890740334076,1.2568002793988802,1.5587949241821886,1.071983114817108,0.9536940038671837,1.8065758576065922,0.67413933499558,2.779865147021603,0.8682407328877548,0.7533818155019222,0.69708064333942,0.6626273756384828,0.9786816385937394,0.8116651671336685,1.0556326423135078,4.24851475715398,0.8460790525799317,0.7071053995950087,0.9714377771399145,2.866619447312259,5.510305519252843,3.8750958950996783,0.6763044356197292,1.0269905137088549,0.574013803863433,1.1818662605324608,1.6494189909462267,0.9501326543278885,0.6964475931706166,0.5238063621047861,1.1013764197513995,0.5815474970574592,1.3571740997648485,0.7486580788147613,2.0576452517948614,1.6771879692135316,0.5464039240789748,0.6382696922590836,2.0942385890016344,0.6167399106061389,0.6783300428746896,1.093821312242888,1.776204327664521,1.2373829600929602,1.207212241729785,1.195273700495608,1.121232940001769,0.768819896889913,0.5699441204538396,0.6462085996011947,0.6337519063939778,4.343240795343704,1.1369326361505714,0.964964195838165,1.7763940002363507,0.8498722198539161,0.8683488059939448,2.055247736797147,1.1743725109029812,0.7596519449845757,1.1460255957126817,1.386745692918355,1.068183649830232,0.7163025941062371,1.8384210329754191,2.4032471113801375,0.8356572301547291,0.8104503067049846,0.7180104283171331,1.6527600667062496,0.875468380277459,0.8195111662206873,0.9586757765397589,0.5949214197666111,0.7406706954441808,0.7704153504033758,1.9792630105175792,1.8373213628304028,0.5659035394458145,0.6617859049381274,0.6530291932577452,0.6381700030443931,0.8580653804980167,0.6434663333036531,1.3259768274145565,3.410264483209792,1.17260929618187,2.6906559392091713,0.886257325722738,2.491941016445139,1.3328114150348411,1.2363078202721165,5.918159971864445,1.4350948105105326,0.6522723647845013,1.9569893718516305,1.1335887109031546,2.0104512764453757,0.631849377481132,2.058782460042726,1.293639448665372,3.355087020976338,0.8601503426016348,2.9407652144260545,0.6451198635781182,2.470532147696932
arc_pair_118580,1.5511986455525657,5.10571950102557,1.4609484307987302,1.5822846679020017,1.6497152543761602,1.636760099633342,1.3543396474521805,1.8063472340856892,1.866354330916058,33.91323086898353,1.30020242071235,1.3622020190767348,2.015162318122248,2.96996966408656,1.373545667775717,1.6808583683576455,1.8218557750211848,1.7430681742343928,1.468962960833445,3.419105332557047,1.9683230745552116,2.3854511837446672,2.3649714097599284,7.895765030240238,1.3213311632725946,1.7920175748164877,1.0718951604360032,1.6787816378963862,1.399985156751265,1.7620536458405733,1.4010817761612322,0.0,5.043163678883634,2.247914627238134,3.587545732915502,4.053786004028696,1.541120716595314,1.7923478123995267,3.2397723733157715,1.961270125084111,1.654885793420276,1.5907709984979048,3.4802557689288456,2.049489726501126,1.5297803969024928,1.1008625581864728,2.10293629051181,1.5539506242484338,2.2701960596478923,2.1355248276936374,1.103267157304436,0.9660552618279061,2.7490294426231743,1.6162223086132648,3.4571265866494842,1.7030295088748924,1.703752255193475,1.430914931425991,1.04311545369118,1.8846483343868485,1.4686748859071723,2.0201842637477814,5.100246806144748,1.7726026470842546,1.6579698978016788,1.8740300572501853,4.0684251741479684,5.846844039795824,5.1023115781648745,1.1834246290610615,2.1209126654654558,1.6186433677400738,2.397722172232969,2.6917003068755356,1.8294887491930285,1.7828246703463568,1.2115073868467139,1.9937833758609067,1.129068069806239,2.229498679428092,1.246145324316958,2.5032274994687738,2.37407337939588,1.5256322555288544,1.4987352017698787,2.2787950878165444,1.3521145801960426,1.6203070771748216,1.6857575967932936,2.8483758538413504,1.2644467366531291,2.28401752593095,1.7328874755029369,1.7214204436797962,1.690382517340133,1.3884179514210822,1.4481368079132442,1.3310370504210611,5.305321324890222,1.0301425290985358,1.526041145656035,2.8710206382215255,1.323632400139814,1.7647654229222773,3.4023662835314674,1.9550235787894432,1.4142110603367533,1.6341768913945116,1.127882976061799,2.1785367368581117,1.7492270778058099,2.041571646675851,3.268622088968134,1.768040550093513,1.517098148400987,1.647504170919417,2.404989105637708,1.4876974025250973,1.6107833625484276,1.7256326480014228,1.5925572359261708,1.2988204169113957,1.4594065547190318,2.692391018283753,2.7612824671648983,1.096352251273568,1.3939482256559665,1.3997574994742812,1.6201149643095907,1.8407069341058155,1.7695808452696777,1.8687990840434088,4.316116957416517,1.7466271505295756,3.3452483610615498,1.7701113357024547,3.577060869744111,1.500443649308648,2.207302412609427,7.065768848982483,1.8667184539087862,1.3949843600601899,2.8548071274105795,1.8480536645683703,2.9523802566878423,1.45058218798256,1.4891331600896744,1.1430892388132974,4.13251948395846,1.4802673039417846,3.611237623722115,1.470392910076459,1.7606045782489086
arc_pair_221968,4.726262178849643,4.6246035883075685,5.111096589909959,4.938622854945627,4.876041432677442,5.209380530956638,5.034729830936697,5.106804137677455,4.74013642718983,31.832546180611214,4.7713285673650585,4.831628284198217,5.18198279035926,4.979698816540628,5.24517500450801,5.275723674794922,4.9929685593127715,5.143506026125853,4.821447079246856,5.61728330117446,5.051634903698215,4.3349836596096765,5.191391623228793,6.602933383105064,4.409059398473482,4.344922886119867,4.49985835181936,4.387179981178369,4.736225814779154,4.921960872808861,4.5642757935536356,5.043163678883634,0.0,4.574607915345166,5.212228803495831,5.105394875909016,4.616128335807845,4.326711222302767,5.595952577421802,5.55352412217313,5.06191506468445,5.153506460457707,5.399705561383493,4.3041151846808,4.756978125205203,4.822799448740141,4.45801568954777,4.661709258403354,4.201268207615274,4.701656753321333,4.552087125416693,4.7271365315014044,4.004747583587373,4.913862357938802,4.373868242759359,4.714760996895308,5.001803518821945,4.492196064246031,4.757371782350788,5.079223687420603,4.926022922710007,5.4690788638439205,4.5920081809717495,4.818554670620989,5.02714823207304,4.67778953943525,4.488438347273713,5.812990735113335,5.933841101406103,4.522857313841781,4.8865767858489315,4.911612867084745,5.375548880469232,4.173002069882099,5.0246198624581515,4.307637619919298,4.421382016569021,4.884353645794524,4.981459259537318,4.93815489566582,4.272628540981831,3.912629071444314,5.002311457536804,4.944785287543503,5.010093787122907,4.3221898969241686,4.853948301974349,5.067828649145927,4.365308444504448,3.9946217310384706,5.053017709140084,4.880581173339119,4.146597624526011,4.963464099365242,4.882846234327718,4.880397828492598,4.545807240396128,4.758464393136596,6.41036464271914,4.959432596526322,4.955630382604696,5.707995962869639,5.014672315195407,4.261341256509761,5.103038167154685,4.537992946685345,4.871494105458512,4.20006711346208,5.074585825937371,4.713206165531393,4.866974519420992,4.9940371107969685,4.676816138922364,5.203237542486582,4.973939858626257,5.022328739075111,4.252039475293922,5.183262466864082,5.159150626093811,4.789708792945967,5.059536671968742,4.708100275726952,4.766170348948244,4.87926809838268,4.206713032005653,4.536949387395342,4.621869172045578,4.625807259296345,4.885787480461234,4.77142906886384,5.155607764228129,4.371148071148565,4.794403335181508,5.23646275910744,4.371032214635702,4.7600208562645765,4.479378625441626,4.202042212140564,4.4941116869486795,7.226503633964006,4.928708458800388,4.359021901772412,4.827728067210208,4.7471178904253915,4.1352421994802935,4.899412473473513,5.0346183318374695,5.01841662384124,4.802177497049458,5.245978588863114,5.662143381418616,4.633493812716854,5.628268514005973
arc_pair_252545,1.310080642861938,4.4955820974813925,1.3537587013233932,1.7354966948581492,1.3538418958094884,1.3861813923949977,1.3719662854093273,1.341739034451658,1.46841379417423,33.00666902532402,1.6306084464024053,1.0973837676258151,1.4269632936237766,2.068956129978284,1.7611204570927934,1.3961510522906824,1.5285056464249296,1.3483651828210346,1.2051577858147773,3.4655120835332367,1.2910787925726845,1.9518410896242444,1.5834125010534423,6.850238001059497,1.0770866738759706,1.3143238810781268,1.3197429562834992,1.7762854804141817,1.1882709027860479,1.6922412594115182,1.1312283273191304,2.247914627238134,4.574607915345166,0.0,2.5513127121607817,3.122650636923206,1.3448179042769517,1.4216690708711548,2.802488093230694,1.6798097275941497,1.4845515321780685,1.4489512971806409,2.5979524634133906,1.5665658242796963,1.3615742805236666,1.541892036804981,1.3272527159617833,1.163881376328073,1.475678885467517,1.7402749339384713,1.4017342430851571,1.4243323373769612,2.2011230111907887,1.058866338600707,2.543847927529299,1.1960891156892937,1.4171486407819884,1.0567844769099892,1.30846758888766,1.2559602519423407,1.1128038619158023,1.6226551768363353,4.066126894623997,1.1270784870506154,1.170883498960186,1.188654348570636,2.6729409803401216,5.250892025080833,3.90181536162148,1.1766054264233126,1.3505963719498024,1.1327185803130555,1.6583055286076087,1.756746852533649,1.3231878422766408,1.2057691128396661,1.056363587314877,1.3586410976271819,1.3621788059059972,1.9850727306315519,1.1568597406793653,2.14873624026887,1.842243710743396,1.077892602841676,1.1319839539556964,2.1603969626051653,1.1326120288000832,1.3188520810866606,1.2979095254813644,1.9620314587368164,1.6942464369654737,1.5607173102505163,1.4482090463603068,1.7897660255512735,1.4627397898610799,1.095407629833217,1.2172611884264726,1.0637758917353568,4.207579723908798,1.7191861802797361,1.4683623420548977,2.2022918545948693,1.2740353023438158,0.9743742203371684,2.2255245168522486,1.4724234064127764,1.2012415421350098,1.5250563801950532,1.619491623908721,1.2839469860883055,1.0181764840830478,1.8674157436674657,2.270163315331496,1.5003923034294826,1.3330361749429218,1.1378198934808348,1.739999948044494,1.3812046574469918,1.296714166763078,1.4577171123696036,1.2205402689054445,1.0392083579157059,1.3688990342499223,2.514369898468834,1.83046818967583,1.1766179861293353,1.1657455394244034,1.2719931605888513,1.3377592307226607,1.3121671361365062,1.1262891029128608,1.7328761845744782,3.132951127708707,1.277798295034895,2.6535349606100356,1.0179685152065565,2.46776544152874,1.7037066501082954,1.7203723457380236,5.777334643806167,1.7157694989343164,1.0171278228654577,1.8675623299674207,1.3825971174845468,2.2850246875372875,1.3155867193091482,2.1110484031085752,1.6894711900217376,3.299591668549488,1.2268759758344054,3.0964392493577737,1.196027920219739,2.589996402024795
arc_pair_415606,2.7106787324812407,5.65355313089687,2.872703410932164,3.2172286252632825,2.7684605236548876,2.74901498461833,2.7508629009288397,2.6621792606443346,2.851312970664494,32.80727483832189,3.0945696416097017,2.595499586295996,2.717244664516603,2.489905861569646,3.273552320561085,2.7981409592724678,2.7485114011083414,2.8899632538721587,2.5597482985184774,4.264502306189627,2.707140089915777,2.852042529910179,2.8290910753974896,6.652024509769279,2.445486505719259,2.696132463579553,2.7614932361315034,3.0830086334618345,2.504917753476164,3.036583049781007,2.4951272664980855,3.587545732915502,5.212228803495831,2.5513127121607817,0.0,3.911837211839723,2.6860299456223236,2.528997903147229,3.4994492645956594,3.2183952088461973,2.8742600026785854,2.92875557723777,3.860340620763562,3.022879586807724,2.7966172091474997,2.9463370755520417,2.6859543212333663,2.561061110940844,2.2992464926617235,2.938188972419308,2.846821664058104,2.754580297637674,2.9628273349894574,2.5872660721830574,3.488854324940612,2.3348587352225993,2.8824246099170616,2.3874907307770075,2.720915083407251,2.5917944970327147,2.4859855576878975,3.002124860408802,4.791472191845315,2.6247946998854816,2.531411194957478,2.530310521607849,3.4979114440749353,5.935155045311667,4.563890817505763,2.6376104397498445,2.6748267551789873,2.7382421582573877,2.8444858068086187,2.8875159994391213,2.979232860911587,2.3403561273216233,2.3927621660835348,2.9146277048140417,2.9035046351977245,3.3035266933995393,2.5042261401604216,3.2474156816754594,3.0571310042907864,2.5042572859949614,2.665575491891474,3.4451538137246933,2.685096559506051,2.6634520907965804,2.6572768433173444,3.139524795859245,3.200844313444392,2.8312432106139456,2.778557043891908,3.1394152036854575,2.7095730902019683,2.523735317471769,2.59269138529444,2.5118483624176546,4.950459280132181,3.0193034074308662,2.9087147445831922,3.2237169405759514,2.8289261875067826,2.2035324732096133,3.456074114749552,2.7846106835252504,2.730242383244715,2.760138655541659,3.1136441304075944,2.5818748333905033,2.5163577844340104,2.898933167741654,3.3775580905057003,2.841970399110714,2.8572017776640286,2.5267019848764396,2.9175250108939887,2.826060499164501,2.66948814457814,2.6836317966386676,2.578053598805087,2.6540417392027513,2.855558942226499,3.673310734625674,3.0749958570883065,2.6458864835046385,2.5754666628681484,2.720991812054101,2.74025398794236,2.823111557137,2.5465109046532923,2.930851123139774,4.2057469444929705,2.9335440876323835,3.4449014972398473,2.3680472094882923,3.214665229843132,2.86920435359446,2.9390216396768105,6.648556035410525,3.1001587721168713,2.3950789477581518,2.8755853505173308,2.806896560752757,3.2867583816703045,2.6189824405832094,3.416678044200144,2.968785144105511,3.4711983441734273,2.6861480420794077,4.0333634575198465,2.371411032383032,4.37871397181922
arc_pair_508585,3.757605631489499,4.822447401883888,3.743942750782995,3.537892774391202,3.821574977951847,4.1652047505486705,3.7514954864400254,4.018928705204511,3.4026630439497865,31.422274696374863,3.3577197091056896,3.7711478263782414,3.85885752942942,4.224914035612237,3.4945801926906204,3.691777990490663,3.545481612561869,4.222614829429874,3.5571830975049057,3.724616029647018,3.9096533758546803,2.573828470887951,3.958846438155853,5.35597567443032,2.9785238110616596,3.665998319587663,3.250821988462393,2.88954686348218,3.4455806117360703,3.548222788180963,3.442732408686652,4.053786004028696,5.105394875909016,3.122650636923206,3.911837211839723,0.0,3.4268831024800805,3.775485191121108,3.7763532974287273,4.08523529472742,3.996439795811996,3.982607998662374,4.571364315932453,3.610477058858158,3.7380965026091855,3.342426644324534,2.8513926141995487,3.334481390443176,3.2791100383653418,3.6900448280568336,3.441600246403164,3.5511193924030486,3.087505011001493,3.703995724507503,3.2465435822915563,3.3488632960609253,4.1005882320814235,3.075342623181335,3.5095618277927447,3.7579412978242486,3.5950385239371547,4.024278383878326,3.5355588483937836,3.6028703883937974,3.8788182749249724,3.308150060417312,3.0987533080273444,4.125156454789041,4.802874465363047,3.3790444298538627,3.9364058059935534,3.8474624182484365,4.290466300256308,3.161744843984377,3.9517600170203866,3.4097047219479784,3.0852097599772605,3.6266464254299624,3.907363148222507,3.66184200012687,3.095324616424749,3.1581531205610034,3.404215446744068,3.7239263865116543,3.9644042796691155,3.412274991556943,3.799515741511185,3.9553184966812918,3.1907526875822954,3.1650138166162396,3.374448270806786,3.726661652702422,2.989564905249776,4.073798145588059,3.6497489760881563,3.5790645803092014,3.7393707507225264,3.709324294540498,5.620130685951607,3.749761164315358,3.765410366126816,4.647230753043365,3.1946163463996773,2.9166492962062,4.3186850429440735,3.6292443213956305,3.5821396420270526,3.106038636190019,3.6923686854322315,2.974122552390818,3.641755763742254,3.4539929546849897,3.0693573386255206,4.2762485613638175,3.8785028240044577,4.049699267789868,2.8396176767423094,3.8483900329008542,3.95667450387755,3.7196973043927817,4.0862990388200995,3.3346045452592925,3.658071914457755,4.0376771280156785,3.2040183022976274,3.629034494540358,3.805147689195965,3.568735767240123,4.076475267365852,3.967338779572184,3.8237789215629965,3.4365956316620423,3.4075943606567844,3.7365813587810184,2.3342506870679918,3.057698496294773,3.401238784219856,2.768553788245674,3.8929809068924888,5.6803308059278566,4.04716174790355,3.2703263130311777,3.0519963242273165,3.211669828335531,3.7563008388063066,3.9555673808305865,3.416617680304192,3.4428750443622507,3.628040467355534,3.654795682983758,4.497989670274739,3.6692131777618058,3.676377071311074
arc_pair_320762,1.1133883948303287,4.388244150854842,1.1668739470190266,1.6390049551908945,0.9990437744151549,0.7713687254084094,1.094657296539836,1.0271388527497725,1.356136798543668,33.29139527382942,1.3417043796875423,0.770438638238512,1.1960100795428343,2.175610323706024,1.3857569890668362,1.4022068342332759,0.9736869797715778,0.8334019864353276,1.0288634047883085,3.560554012824136,0.9548858259858823,1.8446612721102866,1.3477842213800673,7.158530877505437,0.838721134939258,1.1000392397601373,0.740212451536741,1.3498013778006321,0.8752573642270911,1.930577896073019,0.8707465315516876,1.541120716595314,4.616128335807845,1.3448179042769517,2.6860299456223236,3.4268831024800805,0.0,1.0822484356443225,2.618580003321779,1.2655569017557458,0.8470996116570242,1.0135978170367328,2.4459075024481622,1.3126503012867492,0.6114272466680388,1.4318768287947028,1.165075224985557,0.7283117850505743,1.6981091733042177,1.376271284755419,1.3068462727493333,1.185368845137948,2.1422489707751735,0.7323455531794132,2.774226812598027,1.2369822512646755,0.9061187578587749,0.5914509779602356,0.6461112218122327,1.0463598058246988,0.7864776970010805,1.1295845321778875,4.276723656529454,1.0187087527654202,1.0166646668304458,1.1535145231762445,3.141145057512767,5.63076995064234,4.346998184235023,0.7748070295640053,1.0778654241719094,0.7578107441042322,1.4246453427840406,1.9798452525078996,0.8780272157863427,0.9856013438465419,0.7590509358760789,1.3161358170183384,0.7304884723525814,1.504348669574045,0.9062228090334647,1.8923904048029117,1.8453374426723248,0.6004707213797135,0.6793005070968768,1.8656964755577032,0.7003613949315587,0.9216887554660691,1.1154272961951006,1.95154106655768,1.3305232488204548,1.4079819254667356,1.408133909598764,1.2880367420557497,0.8327533569023686,0.687133789823946,0.6050622981768633,0.7010293339376183,4.725451781687582,1.2860122311003965,1.0396938835132772,1.9926045997390247,0.971741883714877,1.0571921979506025,2.2193113733368572,1.1522036028345053,0.7764291354555308,1.1504117081378058,1.273626429314741,1.479526068285354,0.931831320785585,2.125751658746788,2.410652012902753,0.8033440520790374,0.7729077892967016,0.9530329111698377,1.715798152068598,0.9614074529002425,0.8805410800461128,1.2857938906151776,0.7098421487156594,0.582892436522928,0.8080877364248972,1.956706506478093,2.1396828963693895,0.6313370644807081,0.9238854497429846,0.605465264009768,1.0332338746177152,1.135589056689993,0.6843540228670639,1.2816146492822966,3.677731705115461,1.2472103600302118,2.784820177277079,0.9976985434862231,2.628661631600597,1.65987490255173,1.4718689865249313,5.98820768986441,1.3193625591989926,0.787632883915693,2.0578770925267102,1.0629278910482434,2.115041708744763,0.621469982891415,1.9907875903583176,1.438927790550311,3.6143402311669357,1.0968353432389897,2.9674020925936597,0.8912450685035229,2.2751913308312526
arc_pair_726555,0.9972386114290899,4.556957678719822,1.3462092044500849,1.9208368149264619,1.1456433731559572,1.0507737197106062,1.2128009943653466,1.1613121651098544,1.3736271899253596,32.79843627761337,1.7077834299425023,0.7480631403326852,1.3590174048595265,1.9441884592932492,1.9513581846384969,1.5858320001818134,1.3524085191293187,1.0224108788255308,0.9950920362074901,3.998380371422887,1.0751393621041077,2.008727034570885,1.477310607647662,6.9330885809561185,1.0648215187130132,1.0967104775812804,1.0226962065575025,1.5393921395314862,0.881292284520982,2.0032191527610084,0.8855045457687147,1.7923478123995267,4.326711222302767,1.4216690708711548,2.528997903147229,3.775485191121108,1.0822484356443225,0.0,3.038806577081541,1.5838777061055462,1.0196792847244667,1.1953573292634299,2.4668388404992396,1.4717366171208537,0.8873596362078223,1.6298297607593262,1.507116082134739,1.1390987518869138,1.2114410834292533,1.4738648491879514,1.3341846814315936,1.2346703487191923,2.108756118290108,0.8806484011073712,2.912717317944819,1.193809221784283,0.9789828155223504,0.9319157576904554,1.0032530267516417,1.1514884371964775,0.9170649642194187,1.3761910278871348,4.512793019335165,1.1105781574561788,0.9963768652496543,1.1974267950142854,3.1883186024586663,5.878142292648255,4.30373066946701,0.9074063653260008,1.2359907466730018,0.9057382120957271,1.3512246552628908,1.8972644880996472,1.070860978850922,1.021919753313079,0.9764282802680498,1.240752742477345,0.9652255238352491,1.7614532155673586,0.9831992943525147,2.021921160832258,1.8700568952393746,0.8844698208679347,0.9194569044764163,2.0489354953688745,0.8512366028445295,1.0119106794445234,1.3476013419117732,1.975058157012762,1.7634672363603459,1.3912373221419077,1.4164869100406827,1.4465651818285221,1.1942386496201614,0.905537511308588,0.926093819308659,0.8804440270192347,4.442221443262511,1.5874300664842322,1.2993580094310948,2.0324792946358228,1.4370661246747711,1.121169743304192,2.2158409031673427,1.2765047650364205,0.9725388024719155,1.56397016066615,1.5305327149292847,1.442357857918936,1.0377390494896137,2.0879188393031805,2.531422103004999,0.983839250106097,1.0300167716578883,0.9232893480360858,2.048455555238624,1.2289682576980758,1.0710959096533264,1.2833509974149298,0.8387157344303636,1.1038523698782654,1.1310588059689384,2.0352070205485497,2.0951902770932636,0.6959923203622926,0.8591540592669809,0.8636080384451139,1.0705341490216298,1.2519778092122635,0.9564062984044599,1.6061576025805775,3.8280142337118086,1.4315999295831086,3.044097710928691,1.3165994564976278,2.558673611765298,1.7370022251129318,1.4986930094531863,5.966414386375677,1.5668267997217646,1.0107533350046214,2.2670077333415395,1.3820282035251852,2.0381906516096566,0.9291118477682127,2.360798770489079,1.7251301219654778,3.46046946306545,1.26708156983917,3.1520589307877405,0.8099885195747463,2.7615528864688095
arc_pair_461822,2.9008770568655393,5.139304388106362,3.1380684230236944,3.134839885753058,2.9678237204307565,2.923649188214794,3.056436615439584,2.7939688192904315,2.7809549847235346,33.05826893122729,2.901449694668047,2.802924918680693,2.9349452364872195,3.995034741310835,3.1574532484470255,3.0576137523783267,2.574998591780693,3.1449718372851136,2.866517327285217,4.123675639275088,3.039020393105661,2.761328175986078,3.2258121009499554,7.271608235370596,2.5498970422201053,3.012200142747282,2.613971716315763,2.9210424517090336,2.6720456872488034,3.3189369287553045,2.4372462340944727,3.2397723733157715,5.595952577421802,2.802488093230694,3.4994492645956594,3.7763532974287273,2.618580003321779,3.038806577081541,0.0,3.2725105741365237,2.7877590351547017,3.05320266345604,3.9885710052403214,2.9878105326111406,2.806211313841812,3.005042165990613,2.474084891500459,2.611682826597762,2.676761470910758,3.3905772817664728,3.006740160271628,2.9681042293220785,3.0640349654604613,2.837232645894636,3.5055767824288226,2.8952674920413903,3.161240710607932,2.435591064679432,2.5593481198685666,3.0051240253063534,2.861708209103709,3.0688014003171435,4.1356338700868776,2.9342324492910086,2.9411756263468165,2.809551139677552,3.5632019576778458,5.672092429115343,4.982914385665227,2.6232826595529914,3.2327331366568277,2.8387862605681304,3.427588615414124,2.959774148665562,3.107317937366698,2.6561513404618395,2.446644824394551,3.021318519341947,2.7796604603190667,2.898007121274948,2.471895470325502,3.1738734133323696,3.188674174008818,2.757671259674458,2.906819057996422,3.5136791102143876,2.8503966123415005,2.9538851589379265,2.7861804872748426,3.124372479298831,3.0632979288939746,3.2872834451506128,2.700168889103662,3.178696596131349,2.6596717975236914,2.689953216978746,2.6867331334313147,2.7656576935255317,5.458342265359017,2.893210346804212,3.087708016935331,3.5082597182957858,2.8168381522092107,2.426665497236154,3.9255048447227776,3.0105509845797522,2.666229153002395,2.6412421615242545,3.2168541136040716,2.541540141715605,2.9183390960038778,3.1691075785900917,3.5835632869002847,3.167137658019164,2.9806259494997778,3.070611272860203,2.6481841916639928,3.014770267022853,3.0358397326926436,3.080180245041448,2.923072456608818,2.5217056658849746,2.865533344451056,3.7013081232176774,3.2632876290492163,2.734140640762894,2.9354351640227216,2.7121160398965216,3.0497309875377328,2.994007942576874,2.978449289200142,2.7481469922252786,3.973510449942701,2.874238935343235,3.0930386206170493,2.5409353952680975,3.6560171257011786,2.6310842583452065,3.0942451038289915,6.510365000654864,3.156975053207354,2.7455869330386804,2.947153682718496,2.849961073940957,3.842063306594228,2.7197425389868584,3.441947729172961,3.0328659591597193,4.295977715233963,2.8468578992283256,3.9481079394738403,2.699160920619129,3.857919638616049
arc_pair_434878,1.1101213847720552,5.158238858844599,1.2968748557062741,2.0866993065449497,1.336603425418254,1.0822549731479973,1.190046126443827,1.3309847651192752,1.4419045334082232,33.97913067433883,1.7623587317942517,0.9069525096893658,1.415036856553917,2.494966850757275,1.9674775201240209,1.5355354487832182,1.432178645485946,1.259893601328711,1.052270048786213,4.239859740320074,1.2234787035609853,2.4698878086613574,1.6838008114526546,8.111834085241597,1.2102777766855843,1.401045751241977,1.1893211347790675,2.052936873095579,1.177477660470976,2.2625649458016035,1.1912528639666877,1.961270125084111,5.55352412217313,1.6798097275941497,3.2183952088461973,4.08523529472742,1.2655569017557458,1.5838777061055462,3.2725105741365237,0.0,1.2129956610299455,1.3887576293896498,3.021574986798798,1.7653292571503774,1.1345758176757892,1.7250999323450213,1.8064644597400379,1.1634302305492723,1.850676415361848,1.7631873670100082,1.6114887335455839,1.3922364899021944,2.8585774314484893,0.9815660302191953,3.6140284033940375,1.333633648388844,1.3271439654431756,1.1438168986128858,1.0395841909825845,1.3403154944932676,0.9623498327448967,1.4793084977454134,5.354855752069517,1.0454239507369092,1.025693873489737,1.4099848807728852,3.8881823470502,6.450227095873678,4.87207632927802,1.1538174253100686,1.43399737625706,0.8865548637587269,1.773297467693088,2.3062231850056416,1.3120043168655244,1.4595179777378602,1.125561821999482,1.512025515069189,1.088067657928261,2.1622713610999966,1.266222374163672,2.7064267956455152,2.175542721128047,0.9352814370279227,0.9724426189638891,2.559419102129142,0.8693745308495313,1.2210176421505146,1.538362100248568,2.609029494714098,1.7993790465964996,1.8185396366128515,1.9157062120429007,1.5233590431555761,1.4751434996317712,0.9950093370398567,1.1514551152679884,1.013908926576175,5.0795286877182955,1.4909028089107443,1.408955461329659,2.3331946985038354,1.2846807276008763,1.3903640783105062,2.649109541954235,1.5679998665963741,1.022326321229202,1.6856691319046821,1.5331440040371231,1.6867350785640236,1.0822404704771926,2.364485019372855,3.0794224180086425,1.2535214426239123,1.1309762447365894,1.0990390876109888,2.1229881588506596,1.178521757979258,1.1182034838027541,1.6557706473544533,0.9713266359536447,0.995122446128297,1.375024700281367,2.5005728474992814,2.674712825922073,1.0583223237572241,1.1725373428575063,1.15233347746307,1.3295195461516127,1.347974331775918,0.9814943809909711,1.9538332479077998,4.473992711190025,1.4629938252841965,3.588190546137274,1.3049167423414807,3.0233291508860214,2.0556698457109404,2.00893759905113,6.858025527815607,1.8806494784448953,1.2148301078718846,2.589569008761777,1.5321405162115345,2.856668258501287,1.0987029058874174,2.509775911910927,1.7584828395742917,4.277515161078911,1.1851579173350595,3.5657706390104362,1.1901302487413017,2.8644993912433234
arc_pair_386767,1.0194487453712422,4.961742189923113,1.156716042303426,1.9513124925670868,0.9327625822416292,0.6890437392574582,1.0535381960080712,1.0813531412710526,1.2512299710583148,33.650959440416464,1.5566785836921768,0.7118929331893069,1.1844477239900044,2.286943463845398,1.8172303737549875,1.2923616645545666,1.0173798532769238,0.8249149831763146,0.9809200181564031,4.009055533757902,0.7913528429212622,2.29316942736258,1.2718247127580689,7.682008284922461,1.02513322804271,1.1424638046236084,0.8301627417919868,1.4804273023147483,0.8438065497631493,2.105353535307246,0.8245981146582851,1.654885793420276,5.06191506468445,1.4845515321780685,2.8742600026785854,3.996439795811996,0.8470996116570242,1.0196792847244667,2.7877590351547017,1.2129956610299455,0.0,0.8298335020329346,2.630111687165193,1.5019207578757046,0.6743120301135265,1.6487533172347968,1.3982805501079891,0.8822894035349371,1.6770564899377698,1.568166511349442,1.319257742373547,1.236739014232911,2.422476029853497,0.6585141219364543,3.42679233860618,1.2196968023803922,0.9397075150562095,0.8641478904493289,0.6667603904674879,1.060002897705794,0.8341495039763542,0.9768473716081789,5.001744892712031,1.012227678114037,0.7177626772199412,1.3674243789400484,3.515867281550043,6.188815085398493,4.455121836167121,0.8971930102444731,1.1550497463511122,0.697975843693998,1.421582421573273,2.182259632264671,0.8380556706785169,0.9211960769328864,0.9392217382784924,1.354799957049907,0.6874269940822662,1.7914822453874555,0.9808463687651627,2.262629785792769,1.9469468499935365,0.5891620474592494,0.5984797937537145,2.2935421324842795,0.683221185649155,0.8371622974071833,1.4006491018925207,2.1884270778021566,1.5712220103496102,1.353091063793297,1.5931438717496182,1.1824782493549386,0.9316394687749917,0.539866234948393,0.594480782726519,0.7794317893771954,4.84441669852201,1.3981033092725366,1.0541380097738346,1.8709096058289774,1.2255267938013477,1.1164995972357312,2.2675347114269546,1.2086936349367874,0.8140883185418588,1.495295693263161,1.3808722368286106,1.5830651736250572,0.8856503717669852,2.22337399221497,2.6499132694566874,0.7462116019379079,0.7369839100235649,0.7919519688501178,1.928498976209094,0.8812900663588799,0.7111153438284266,1.3105686358094395,0.5389219107470827,0.7895302999982362,0.904453421642439,1.979311214165088,2.313955062099522,0.7314507459589104,0.8342800656934324,0.664504125358006,0.9522379654029285,0.9121148827733162,0.671908179252884,1.484175661845113,4.256198495582635,1.136788314245957,3.162310792617411,1.0670206969959801,2.9301995507196765,1.8264319883043922,1.6370260841376634,6.405105490270797,1.6184334475144537,0.9399047035995945,2.1602389572178233,1.2691419147102718,2.439675516169109,0.7253229715063663,2.447617184025265,1.716454568068027,4.025572313491207,1.0279470540746691,3.4496858177354004,0.7221857684983348,2.6997374597791213
arc_pair_282201,0.9668368272766374,5.074507523480316,1.2241935390436933,1.9232896621587403,0.8777788553004333,0.829065373358195,0.9607621821655487,1.239663919241356,1.4542112232150934,33.824779874302344,1.3659745528103995,0.7945223844514332,1.1792142973695823,2.3152143756237917,1.6618033044921554,1.2115461813747652,1.227407914348281,1.085536075115843,0.9568744657029067,3.821699061727288,0.9706213209851666,2.322754647613132,1.3659256182914592,7.837107599298036,0.8752360959073311,1.289441936643841,0.9455607751019882,1.559340731272279,0.8772704952740937,1.9431538049849015,0.9592193636725357,1.5907709984979048,5.153506460457707,1.4489512971806409,2.92875557723777,3.982607998662374,1.0135978170367328,1.1953573292634299,3.05320266345604,1.3887576293896498,0.8298335020329346,0.0,2.725026739908696,1.645557806792806,0.9249400201942337,1.4920215449064567,1.5706805902002063,0.9126662486177506,1.8383105114002407,1.5223810454826854,1.2900505061975165,1.0365992698373825,2.4437631073636417,0.7908689180461417,3.439342779847666,1.0836260978931032,0.9826713333352146,0.9508108306217056,0.7143560908676143,1.1998181864277475,0.8997043540742466,1.212193114864513,5.176481425722774,1.103222199424427,0.7708045590546542,1.4717991135716166,3.6089286940659577,6.102703617718481,4.584103622260438,0.8361942985353547,1.1193106591797823,0.9320776370398285,1.5205890725033495,2.2813194977533513,1.1335363236922715,1.093242767769289,0.9590775472655501,1.4654207443057332,0.7184596116146956,1.8274876470305892,1.0213520275818013,2.3072906313558823,1.7348894293453387,0.6886125179474198,0.771874539504382,2.233834811471452,0.6451425730285595,0.8724201953598647,1.3928004103438636,2.3403299558289534,1.4182134052203723,1.4259449253525949,1.488816710142769,1.3670662778497227,0.9944295761354464,0.6229867532445277,0.865312357991358,0.8106713004652887,5.029868875207665,1.1658520208496561,1.038888681059941,2.0829086973417827,1.139153727636829,1.3109465748095475,2.6072703310691216,1.2873986660909422,0.7977919353607834,1.4925431906782958,1.2447646003055428,1.6253215706185626,0.8367222751250412,2.225110741292297,2.79859548265218,0.9760256259834815,0.6783469539683448,0.8899516929006861,2.0118207187720456,1.0031005785434988,0.7855698983113903,1.2828138632179398,0.6990722918506335,0.9128726757808752,0.9070747724743394,2.1554309835570495,2.390961875234167,0.8243342874959114,0.8445076351000629,0.7489601126613227,1.0175494130018254,0.9691214180846625,0.7839291619432283,1.6853495244864254,4.075073031599401,1.0870627790780647,3.1429706302289966,1.1075505275055646,3.1305664058650926,1.6451288163967528,1.6884715496497236,6.548185961124675,1.3433912100266665,0.8543298666383683,2.2996834184183057,1.264118940878138,2.5030556564776143,0.8039807364309125,2.2428143123826736,1.4738464451886804,3.991449026633755,1.0681466756763345,3.453302023170647,0.9294608799223412,2.592906262727096
arc_pair_485863,2.6071706133312986,5.229738551625491,2.7801396941924073,3.107124617142948,2.446045552356927,2.522748702751145,2.6189082603031277,2.6373515410684227,2.5659073853482246,33.37752876581398,3.0943491334630533,2.365117484615318,2.585099919777727,3.3522557608367554,3.144309970000407,2.6995117028940894,2.4808104821041206,2.5737021035249854,2.4146341996279346,4.905083101313008,2.418096852734943,3.047495807839692,2.729402518518782,7.630755545028701,2.225090828909488,2.112419798431924,2.5074114865143984,2.7133394688921473,2.2102678298256895,3.3288877783735913,2.40455537880256,3.4802557689288456,5.399705561383493,2.5979524634133906,3.860340620763562,4.571364315932453,2.4459075024481622,2.4668388404992396,3.9885710052403214,3.021574986798798,2.630111687165193,2.725026739908696,0.0,2.8511125118022713,2.3641441420131994,3.030207293932805,2.6234592397025094,2.3887333513682316,2.6305867918583297,2.427147810496792,2.5946227054055955,2.847995576886991,3.333200967148711,2.277519357877457,4.042166795619268,2.424553959399212,2.7077011996435845,2.1606317960020203,2.4228088513144064,2.4276148302575473,2.481404648481049,2.8628181837933964,5.186070306450756,2.3369666587637354,2.4273953795539955,2.4648032887194793,4.090842838003243,6.075400285336235,5.084609281246811,2.416430955950652,2.6141877466945425,2.311399287566643,2.853921015729018,2.638595497371261,2.639541084631644,2.363474988984467,2.329834852860844,2.5631435120041233,2.656399111302548,3.1230674643884866,2.2824235883813593,3.000043160365106,3.1652495796714057,2.324507200485758,2.4155727492738914,3.5241358717045275,2.3557570193273483,2.5095455470971753,2.6863129768385177,2.9182375290347364,3.084443130023727,2.8339194200305724,2.7760286160398664,2.9913425872753976,2.414063007578611,2.2566020798617674,2.243503122512864,2.399826704305225,5.703187324341981,2.937975512639718,2.705075410313456,3.4348264475426857,2.7648628296584845,2.2764108697831587,2.900707928902472,2.7203348154075186,2.326800395536006,2.6387840683628276,2.9332646895304872,2.5450246785917896,2.315811793344541,3.3132190086423536,3.646125241012574,2.6012578877961903,2.410429190131663,2.414870764469659,2.479822372267738,2.7871700573269114,2.476019229840266,2.698861717651468,2.2964474366351615,2.434233658364354,2.609781622258586,2.7375006899946905,3.1606125390293043,2.419677016689435,2.406369782680366,2.3440042026642587,2.59871697867189,2.721196048054854,2.3006857376121275,2.989959548742225,4.507013934308058,2.878590718411957,3.551849406656789,2.379112678197798,3.6167885220235076,2.9234828310454715,2.9389798415899278,6.688435608242356,2.7928827154006393,2.4205845624654727,2.531170276112065,2.4371446448519074,3.154396263078361,2.4331777917391775,3.6043037307587324,3.0343815331711537,4.584930317901731,2.6736139467537523,4.350474874067056,2.237164828402754,3.9834942981261867
arc_pair_528353,1.4848786868868085,4.524927013542922,1.6323516235104147,1.8655335279262086,1.4974557412992735,1.4041566753164003,1.6110202514593803,1.4863331898434013,1.5932065212369997,33.419573180119215,1.7564777578720392,1.1350981453710534,1.672406025063991,2.3490810052608935,1.9155580223339415,1.803421776138855,1.5964801969203264,1.5042574968090212,1.3213404401624667,3.7744744147376252,1.494702647318989,2.1480146460787273,1.6164884455191464,7.2917315880338425,1.1728975848892098,1.533523983246107,1.3249633978735522,1.780984566429355,1.3029522452365492,2.0067568032409673,1.2326364013964695,2.049489726501126,4.3041151846808,1.5665658242796963,3.022879586807724,3.610477058858158,1.3126503012867492,1.4717366171208537,2.9878105326111406,1.7653292571503774,1.5019207578757046,1.645557806792806,2.8511125118022713,0.0,1.401452245915679,1.673350478968267,1.6123906109306851,1.3954251951312673,1.8401577258564128,2.001317191650052,1.8026246413157474,1.524982617229885,2.584215727602686,1.2412949193512057,3.0757937134573283,1.4042805870213044,1.4744124140073533,0.9581933617840073,1.3067295318335086,1.4709676884547063,1.2005896824881952,1.8438632983910503,4.527505578865203,1.3956083622654072,1.4475014428274753,1.312391142633745,3.4251013663798364,6.095707051891743,4.542014543431637,1.0596456648948145,1.567361553402285,1.202774408534346,1.9488868307195377,2.083088830740778,1.510396987101921,1.214271590661785,1.1382238486155594,1.5766112648580592,1.2978935879806235,2.08889754778641,1.238072166680018,2.1875075563849617,2.123392032689506,1.1598641543262214,1.2615235419276511,2.4656143755650843,1.1967801116010477,1.28098655147452,1.5985638880269049,2.3544299246484526,1.7669754264731612,1.8637762234010542,1.7699024438499107,1.7688574460940385,1.4963791249232727,1.2791021866756966,1.2068858227357047,1.1439306795621156,4.8347817003694455,1.8361107238694618,1.7501470658173506,2.325944216292943,1.5566182785196163,1.2407909768213379,2.748491795013199,1.2650511933550388,1.3414422635724734,1.6048703048820006,1.8256673959351595,1.7655632524622928,1.4032615404854278,2.1330518154851412,2.6935022006601446,1.5524134477397713,1.4286499454154293,1.4925472727786675,2.2124659151976935,1.4617004807679592,1.50803692108084,1.5547998263336922,1.3746538954401064,1.130268765133774,1.4639817149689311,2.4448077259139964,2.3073447244461165,1.1562016287727215,1.3334858014799993,1.3632930608009985,1.541780790604687,1.4385253238035074,1.3534283561731386,1.793619834816421,3.810157400974873,1.7403047131220521,2.9953214871564775,1.4569554779486351,2.7163087806758823,1.8233167783693995,1.518945978303019,6.096656511481698,1.7318712982720843,1.2829837811766303,2.394852631343652,1.5402087694294049,2.389816475166577,1.2056691487358304,2.46019285050132,1.891308638695605,3.8615144929945053,1.4215771273940045,3.189003513620352,1.3490307717068,2.7588996645014676
arc_pair_265401,0.8917977847900607,4.602522849528473,0.9485723947624773,1.594684809825135,0.7573565199948161,0.5574410083000807,0.9388375128346184,1.003634108197647,1.2086760131692724,33.183259691044114,1.2358881976427796,0.5385746667772363,1.0925807410853121,2.0557295426100066,1.5373637016921666,1.1941317101095548,0.8521781306336162,0.6456919999108053,0.9203943261887682,3.74824379702718,0.6984641127102931,1.984483839712038,1.2664550755360997,7.316430103852506,0.8555952820391137,1.1048416442059223,0.7262604410244717,1.3364979063164109,0.7336856028165403,1.9124284944936625,0.6063317850911021,1.5297803969024928,4.756978125205203,1.3615742805236666,2.7966172091474997,3.7380965026091855,0.6114272466680388,0.8873596362078223,2.806211313841812,1.1345758176757892,0.6743120301135265,0.9249400201942337,2.3641441420131994,1.401452245915679,0.0,1.3831866441424014,1.3014544756009927,0.7595074537359117,1.5407958240102086,1.39536753052705,1.2485415079729023,1.0664052468875562,2.231614913133866,0.500540705012499,3.108841182867107,1.0803401000134008,0.8462977178283502,0.7576193844760462,0.5924178422540733,0.8723041801451971,0.7870939491461282,0.8866107401889971,4.537502626798463,0.8159404192198909,0.6360808237214197,1.0847195727587857,3.3121766428176245,5.89654056888792,4.411428021174435,0.7789307186725738,1.072652539344248,0.524963635319347,1.1391027484931786,1.9099765789158947,0.680678335016742,0.8938364195348916,0.7595530491077117,1.1830385653879345,0.6250463847913033,1.542685567018142,0.9376249356196749,2.1540133451106436,1.8194062246020404,0.44633825207476213,0.5519424698327449,2.1700196084056205,0.4771565719232731,0.7653932287464497,1.2217442240677643,1.991433792803262,1.3704531277325842,1.4207529977480662,1.473098813266959,1.1202924061165684,0.8592749200016856,0.5259014494896772,0.5223503383705929,0.7110928798172564,4.619842330171627,1.162888377907488,1.0700880314563013,1.8596758059521505,0.9475913609149442,1.1141438727113178,2.045910920240641,1.1895509687997443,0.7258561289678485,1.2892785562377715,1.244157333389284,1.3958529728035232,0.7278715076988075,2.1398710379056,2.5601134508243573,0.6562321372580959,0.5687135976453365,0.6755761288971813,1.792404411380516,0.8165387030094315,0.6650138951333509,1.3212795134930857,0.43276474513808494,0.5722796976404468,0.6909848394637582,1.9925445062293,2.1680947826131987,0.5786757779898298,0.698395529602895,0.42178253443570357,0.7990290101650179,0.9207959386357871,0.5311978583633149,1.455230199372362,3.902200737276171,1.1976179656142836,3.0803075888230254,0.9554099256318498,2.6864100241009505,1.751532854205904,1.4911058209553667,6.205759542786688,1.4210905864205667,0.8064532094112064,2.1162614202373184,1.0637801073494806,2.150290176284315,0.5727171920282058,2.0907491068210735,1.5167200151775724,3.784394173822053,0.9119918527830316,3.1419298963445494,0.6657912141160613,2.2060285227154917
arc_pair_392525,1.3555659532562885,4.797749807585499,0.9019886871686233,0.8848049200238727,1.4015424523455473,1.4701663764730548,0.863473757970568,1.4732210940050636,1.7728405567370242,33.13130677509496,0.7194266153967579,1.031164623354852,1.4740868155916598,2.380304086478055,0.7568731249534806,0.9342939200505274,1.7270117544410852,1.643955871996755,1.0113579068548306,2.5095109999549883,1.4767343084405293,1.7786430510679399,1.9593473160115955,7.349528403670821,0.7807198673271287,1.4709180441895628,1.0078319352884029,1.4563922239450755,1.1926828589917284,0.7351689734256289,1.189267237675389,1.1008625581864728,4.822799448740141,1.541892036804981,2.9463370755520417,3.342426644324534,1.4318768287947028,1.6298297607593262,3.005042165990613,1.7250999323450213,1.6487533172347968,1.4920215449064567,3.030207293932805,1.673350478968267,1.3831866441424014,0.0,1.626441409442893,1.1575678223490353,1.8661162185623885,1.754160861402491,0.8784993036836801,0.5363158763974722,2.4496106438028824,1.2230634914092833,2.9443271497173766,1.0292328608990997,1.498435480725103,1.0253075826182387,1.086130413822955,1.3391385304023373,0.9553200431296163,1.868346265011849,4.5163599185666685,1.3616081853029578,1.2262179948236902,1.1005102114405225,3.331828832011759,5.367088592037424,4.59410780296045,0.9343420392361281,1.6393658815890335,1.3326695750312656,1.9807910545435028,1.9628348074960438,1.4797218111494566,1.5292882508448575,0.750775398831074,1.4905106419931062,1.2568075540376584,1.927109707224985,0.9470895334496054,2.1086644667365997,2.0653328676317666,1.147814895757032,1.2477136984294677,2.188944091957629,1.0423163462421519,1.3378776022852117,1.2397797965007478,2.315459467083601,0.7443174153715216,1.6908154727139522,1.4758027043841313,1.82878870225379,1.5337692342363138,1.1832063315439882,1.2338677167792937,0.8816419340726035,4.876610632375424,1.005765135531628,1.3037626773249684,2.59711030921558,0.698518875209255,1.3255021659391046,2.8446907380420363,1.5673544345908852,1.082720467561011,1.3254500463642114,0.8970896037515115,1.6721690174599027,1.2545060797687613,1.1292768444876664,2.7286808006359995,1.6908096105036634,1.3804371141172957,1.2993586210227428,1.935158301924738,1.0550110554461531,1.3095886176743972,1.1988120984091393,1.3883608188610936,0.9377836310784023,1.3999371136660481,2.5081511983103137,2.2497669568228407,1.005407524865445,1.1595602271015548,1.3297626812942875,1.4612214051040047,1.558573291158201,1.285158837418692,1.8681380658795728,3.60953388227823,1.2959256222561,2.73038417289725,1.0623892523599952,2.929224940349342,1.4613732398709578,1.8623123417293757,6.639922042678762,1.5892076290024204,1.0483340739894593,2.334282101411783,1.216748960624825,2.484340870556097,1.3962409195740726,0.8841138640275242,0.5539610995931146,3.5108436717275007,0.7896510142323119,3.3385082166667583,1.3607282351456558,1.652228659373056
arc_pair_334393,1.472099372587809,4.128272065534055,1.6460994417285368,1.7464160864799645,1.3967837353205437,1.4564478250678103,1.4746006888764134,1.5635277387722304,1.547086022170193,32.63248135048184,1.556452307155642,1.225388719833228,1.5889925998367738,2.261462068771713,1.6719900572619084,1.4558757952022567,1.434538087421561,1.5611851200255988,1.3958434182111965,3.3531401279742403,1.42207573346957,1.6712100918868447,1.8048587769121949,6.586743757705619,1.057013445035675,1.3552765473033994,1.1497938590701646,1.6870534886508755,1.2391163220704402,1.8439325122397714,1.1850782027274853,2.10293629051181,4.45801568954777,1.3272527159617833,2.6859543212333663,2.8513926141995487,1.165075224985557,1.507116082134739,2.474084891500459,1.8064644597400379,1.3982805501079891,1.5706805902002063,2.6234592397025094,1.6123906109306851,1.3014544756009927,1.626441409442893,0.0,1.165731549952178,1.858335436462596,1.6813134955734204,1.4382370311475325,1.4836694046140706,2.010621695938415,1.1698461669737075,2.4368928807684864,1.423722026417074,1.4767484416298524,1.0011945274374505,1.212599196221126,1.3873061495880321,1.2690476826667028,1.7163623207837118,3.6397153556154267,1.31495408208568,1.3361923945460619,1.3803646815265993,2.659233844442319,4.695183393035825,3.9091594501457054,1.1418982331543033,1.4943710868847193,1.2755802242147474,1.9420971862082164,1.8970027174353237,1.435415031777266,1.120440635261709,1.1148713165713837,1.6113326328337656,1.3241093131565784,1.9959193463972547,1.0779372639599816,1.8793885080164463,1.970331516910923,1.095247723110032,1.2626605305131364,1.9900202296588891,1.1940515847429756,1.3937288639203904,1.490270771508257,1.8055717267320035,1.689308889217759,1.5705166962429749,1.3025199121187598,1.766075549532749,1.3055844928909945,1.172956930829741,1.0543439666106051,1.1942942836320167,4.241580415411844,1.5517597365946263,1.3770141645776959,2.362177782315457,1.4251957038496905,1.061498937874441,2.343537016926125,1.5975167034465518,1.211136391406745,1.1751720808746913,1.7972353305056326,1.4361088319647934,1.2972115503038726,1.9402089146756092,2.2285623430169976,1.6220394413707195,1.4286276507147486,1.4428742359535136,1.5880215560861897,1.4769798240349283,1.3783408581347194,1.530310412084949,1.3212657943868904,1.0732589004526512,1.3559880452010924,2.22302553458967,2.0387284163527997,1.1900562963361248,1.2934355436561336,1.2948959723274633,1.6568256355464857,1.517435338013778,1.3454314655592874,1.5283076539788727,3.031500002080586,1.4404156322682051,2.0930964975733217,1.051346788188412,2.470929144852909,1.61553906156237,1.5752253542707049,5.687125864775271,1.6930683897156975,1.0976368653387167,1.8231104234178492,1.3432923383223399,2.2635053229431117,1.295753471716395,2.1266889804856812,1.7816427215752042,3.189899564498991,1.417714925673827,2.780464485181758,1.2734569403281155,2.620556770934553
arc_pair_626860,1.0349226342246265,4.562631509064818,1.0221326387083978,1.4082296289160308,0.6494856083287623,0.6993626299807718,0.7469439735939362,1.0211697601895862,1.1486639386869828,33.353280335167725,1.0680673932074494,0.6259252921457368,0.8203484878103449,2.04349903931797,1.1677116660387996,0.9373310326014642,0.7118758390042879,0.9374912134060864,0.7444500253947197,3.3694208559798344,0.787654588277805,1.6365562153937032,1.2455547717013653,7.037125559186937,0.6833394280827834,0.8940967141303203,0.6317001514782112,1.3872315324357691,0.7599975495494802,1.6569281281512565,0.6897890740334076,1.5539506242484338,4.661709258403354,1.163881376328073,2.561061110940844,3.334481390443176,0.7283117850505743,1.1390987518869138,2.611682826597762,1.1634302305492723,0.8822894035349371,0.9126662486177506,2.3887333513682316,1.3954251951312673,0.7595074537359117,1.1575678223490353,1.165731549952178,0.0,1.5154373551429572,1.4825222121068165,0.8715123257484176,0.9546907132999098,2.020962473940517,0.5871093786652685,2.870622372665526,0.8689984372554916,0.9331357151739302,0.6800530057669749,0.4975175571080078,0.9054568612453919,0.8011349904012425,1.067368628416185,4.371592859403693,0.750911220270041,0.6016691543562181,1.024940085603789,2.8821481338587476,5.346258757408739,4.103162522590758,0.7827997908676517,0.9813687364135332,0.7880590895134857,1.3754457960772801,1.6559483436960833,0.830400326864567,0.8270005364528056,0.5606325952839011,1.1883209558132044,0.6436295758231247,1.507645423746403,0.6405269007833192,1.9068538165355016,1.6411667926761875,0.4668463784861946,0.5408842468225985,2.0922767905002138,0.5493782149485327,0.8260177637874808,0.9679037129012965,1.771087202115453,1.2180786334133087,1.137875532885117,1.2629990853122446,1.2814900192293188,0.5046976449212028,0.48135594210568455,0.5737111128962509,0.560746054317584,4.467010967217453,0.8723867627055751,0.7929958527910365,1.849126381671551,0.5736061705942184,0.7662362413253032,1.9915405692542731,1.072135709851807,0.5629413895844197,0.8744255129472122,1.1363376889356869,1.1442031870878195,0.5922356681108052,1.8448571692091575,2.2673755762992416,0.901118794620202,0.7050197403358851,0.8111648490259018,1.1838195926811632,0.8841499430365322,0.5623699345895038,0.9304740501724162,0.5334862458179976,0.571865195191095,0.9151675974600881,1.9794273058272744,2.071397847491092,0.6693779996370202,0.8584430724855701,0.6316350259100834,1.0196513632531763,0.9038924659759353,0.5777695172704778,1.2759305472267999,3.572393279933106,1.1213946428655166,2.6572372357966336,0.5836100384747384,2.6068826592458,1.4536042145321402,1.429470454206895,5.939875575747961,1.1976323662751063,0.5322972347437899,1.8514062449646989,0.9121430519098436,2.135838569423616,0.6744573826934264,1.9539025857829517,1.0321232360459345,3.368714084153717,0.7490879608151488,3.1300190044117073,0.7412607676783813,2.368544371253976
arc_pair_589689,1.2314552143809936,4.547176932734102,1.6237350425911343,2.21288541724289,1.589287767578644,1.5434488241386133,1.5340053135725704,1.6608230935761954,1.3608716469499065,31.816669729229268,2.167130816007991,1.2219936415248482,1.628048591382064,2.1472116673167703,2.438073199015788,1.871763004220957,1.674401092951816,1.6724556345686468,1.2861126845245099,3.8200996412876314,1.5301081745788205,2.0983750843900086,1.8491727338006316,6.365786231959964,1.4346185241978953,1.5272560642154631,1.5390343151465182,2.1468953665332893,1.1956529609032809,2.245052497658488,1.2568002793988802,2.2701960596478923,4.201268207615274,1.475678885467517,2.2992464926617235,3.2791100383653418,1.6981091733042177,1.2114410834292533,2.676761470910758,1.850676415361848,1.6770564899377698,1.8383105114002407,2.6305867918583297,1.8401577258564128,1.5407958240102086,1.8661162185623885,1.858335436462596,1.5154373551429572,0.0,1.9539575774410443,1.5731984005147808,1.6249188021000152,2.046762296074304,1.4319537704338268,2.704198805401448,1.205266754588499,1.7073784923488269,1.4147257803905218,1.579636516531954,1.4890088398712586,1.3656205454038324,1.7995594052809116,3.9219706711024904,1.3986993663853258,1.4169336248958808,1.4151490699095164,2.841405299914654,5.199965922608085,4.057419781964818,1.4533783797459354,1.7285702467354,1.2717121311705875,1.7251407914461194,1.4972729034721408,1.8387321336871767,1.3692798251306142,1.126343123575315,1.6323462908116109,1.6448467328541096,2.0957060633564355,1.4323158822121367,2.2464666781416347,1.8773761920540575,1.5095500569981106,1.4943686626076471,2.4090141558815326,1.423799484848377,1.5633355241254656,1.5640785856497312,2.1372321253736195,2.192182054769833,1.8910919768321408,1.8311908554466423,1.6572888398619898,1.7582007773524104,1.4191038276497503,1.6091108441134765,1.4462532290734433,4.146134545710531,1.9177197670060369,1.9048014363344938,2.358185068916069,1.6381623405392103,1.2750099396907422,2.2422050673770446,1.7778663441814482,1.42060925309767,1.7690707778780332,1.831203482891884,1.3750050868280455,1.3639857034089233,1.9624102549950955,2.636587394037089,1.6109752410981637,1.5752184990557194,1.415157076666711,1.9118372114077462,1.7094521933432276,1.6328772427186429,1.8276599208174478,1.3914027738435535,1.6263184731849027,1.7305250494923885,2.469889720905651,2.2443170019320067,1.3776542625175483,1.278147379328831,1.4077910929031456,1.425399410648468,1.7097869205797078,1.4207974559740948,2.0030243831865784,3.5329475935554853,1.8238832307083839,2.6446373065551585,1.4281872423794182,2.4966127056273013,2.024010856923944,1.9641462336850544,5.691002454778712,2.045341039533031,1.4890490426266123,2.1489836844084356,1.6835628425092573,2.362116493456317,1.4793023262911473,2.5836652144528935,1.9265820550277089,3.2318386509967434,1.490948318571602,3.07410294790205,1.0534147781418612,3.288192951200051
arc_pair_506996,1.403822737847646,4.727337975935585,1.7532808439151164,2.1704450467386165,1.648093732411716,1.5421758728550703,1.5811019009399323,1.5414498955039504,1.8037016463332884,33.31878674745092,1.9873427148462235,1.29884895870816,1.652851123296918,2.3615606163210163,1.991925045228879,1.7389990116200984,1.8957622018513662,1.6652661572963154,1.398624817300419,3.8100933379642052,1.5506970005917635,2.205566061924738,1.8468283760992,7.28451664806925,1.0764647809431154,1.6255838826673434,1.2900945153054115,1.790649851434611,1.178455044330447,2.1278266441822558,1.5587949241821886,2.1355248276936374,4.701656753321333,1.7402749339384713,2.938188972419308,3.6900448280568336,1.376271284755419,1.4738648491879514,3.3905772817664728,1.7631873670100082,1.568166511349442,1.5223810454826854,2.427147810496792,2.001317191650052,1.39536753052705,1.754160861402491,1.6813134955734204,1.4825222121068165,1.9539575774410443,0.0,1.6341739675941227,1.3913584382799766,2.571477996106554,1.2717328688894238,2.9713430397682274,1.4848486100616394,1.6246305296233934,1.2705219005685455,1.2734685731796782,1.5140571119933754,1.2114373485671428,1.919757960857239,4.481786342992431,1.399890162834858,1.3560572636455541,1.6127799782815935,3.3636150237481908,5.638308278054213,4.5225939834406335,1.224713068455143,1.60123904796027,1.4312210796256215,1.907757335041727,2.263079042150154,1.6224221282064857,1.540411458580008,1.4224695225482702,1.8008984998838684,1.5148463703123793,2.336880668921726,1.2427227751911771,2.2616471458604663,2.053115529041408,1.296438002599079,1.3783640983669165,2.015579742300693,1.1841827795604594,1.5915933797132948,1.6234630087636752,2.275248498783008,2.005299130185344,1.8463651190126387,1.5233374030532374,1.7843735076786422,1.7946873933451641,1.3099121415825312,1.333069076295915,1.3321189467439485,4.8871874938671995,1.7068011272245727,1.5597734193845276,2.5956770913678016,1.765287128805114,1.4192377399134668,2.5728059109161214,1.7024186981554235,1.2279806900109063,1.692787854600645,1.7151314384000729,1.6992908747098208,1.4677381929153195,2.3504805300308313,2.730978325147677,1.6047557567969482,1.4264928943374908,1.3794384469476817,2.0946274055292795,1.6067689114709267,1.3518797027463427,1.8044754918255592,1.36226825802698,1.3092951207285193,1.604156100007558,2.3692384408947094,2.3115471690197413,1.2202290965246028,1.401733638270127,1.3948421160919593,1.7776724406363709,1.6695620727232008,1.236266907295966,1.961993654374718,3.693683592194956,1.7752174156438507,2.951088468276666,1.5153123679838403,2.9109001742782095,1.906496991368738,1.9991023103096142,6.328524937663988,1.7776090479767004,1.304661597434348,2.0379899856606762,1.5908565743957126,2.4840171116285634,1.520032712162016,2.2130174052115485,1.8647628444913478,3.725851169679731,1.65320115473251,3.4788284811499,1.4077537046143365,2.704235797177998
arc_pair_475509,1.188039856244425,4.724184611473445,1.073131574004944,1.323271682253845,1.103065927565027,1.3755868248275003,0.7435581360517454,1.2936583251505267,1.4712301951760334,33.065913592160626,1.104079173822159,0.9000230172607777,1.347846375239134,2.1848455609863007,0.947336939009424,0.8785883408631924,1.4232247925112649,1.3023906951562811,1.034394931277868,3.2990183515701843,1.3231817890730015,1.788442882261899,1.7172239732990666,6.991536866793525,0.8857275066913461,1.2352907058117872,0.8599444846295862,1.6057386676041472,0.8694986051076312,1.1642724001833435,1.071983114817108,1.103267157304436,4.552087125416693,1.4017342430851571,2.846821664058104,3.441600246403164,1.3068462727493333,1.3341846814315936,3.006740160271628,1.6114887335455839,1.319257742373547,1.2900505061975165,2.5946227054055955,1.8026246413157474,1.2485415079729023,0.8784993036836801,1.4382370311475325,0.8715123257484176,1.5731984005147808,1.6341739675941227,0.0,0.7301436525065476,2.199453291640709,1.0169904226916513,2.8523563685437447,1.1175894670446413,1.2164765537913091,1.1413395166957838,0.8228833306280748,1.2211618937032962,1.08495283182252,1.6407962675238257,4.351938830162073,1.1155136313020633,1.0009873198672206,1.35553210999174,3.0443676393816363,4.85086244934171,4.209706511050238,0.9594299865836065,1.460699133037249,1.203899736617511,1.7484006265157503,1.795524170970898,1.4107980117557237,1.2222746904007193,0.7754024209978032,1.4412780288905296,1.0891022368274395,1.867179613968324,0.802018923637924,1.9942290181223536,1.8641645012615502,0.9993400365433562,1.1293390804556247,1.9189582062179134,0.9619817966927137,1.2892717240081177,1.202047096485279,1.873044458815266,1.190711884701444,1.5479054052759231,1.2647050801758755,1.618487338205191,1.189593965925741,0.8770413407684194,1.051763992739665,0.9677099840242502,4.422604831537422,0.8279126057937,0.9135463493570213,2.365052141604038,0.8137376805362151,1.0033842599101006,2.391346803739853,1.4174313532740606,0.8732522670436882,1.0507311348636843,0.8991385712028799,1.3574757491651122,1.129968914594465,1.433269296217546,2.523131493786966,1.4257964515170567,1.2106159112079107,1.1093374559821032,1.4775367727470234,1.1165993548338915,0.9751937217272756,1.2460974209910058,1.1365859845783888,0.9962203704734753,1.2149601448646838,2.276595560783551,2.066786882293478,0.9379500190479066,1.0466102700999997,1.081485746724298,1.2610658504627295,1.3937038126707395,1.1887468112328512,1.6399774705865038,3.6151314217976194,1.2724335126941833,2.6725621148907845,0.8318178601981068,2.634173342849665,1.266099033636556,1.6862943478590366,6.260049495065652,1.710533633044129,0.9190416749322036,1.8822133220282695,1.2563951124426316,2.406211229658097,1.3111582908000692,1.2341347327689736,0.7441287548455242,3.414564173055023,0.8393527448409359,3.411837711986033,1.0247268116973474,1.9899007594936886
arc_pair_457182,0.8138461543320887,4.723015467035464,0.7536135948042767,1.070683917185764,1.078514048134859,1.086228671254669,0.5217355785117013,1.067173514797305,1.4647210512201738,33.16508582579351,0.9118976875503797,0.5867156230742567,1.1423115412822282,2.1781135695829787,0.9206188284905961,0.823582990013601,1.4372058980976972,1.1865937721099857,0.6485911244078882,2.761589096802973,1.2009048685288946,2.011116488025565,1.6472686133841976,7.426822753173095,0.6670762176491588,1.1841390232009643,0.7544382609771415,1.3976951770059174,0.8170228609801213,0.760935351618639,0.9536940038671837,0.9660552618279061,4.7271365315014044,1.4243323373769612,2.754580297637674,3.5511193924030486,1.185368845137948,1.2346703487191923,2.9681042293220785,1.3922364899021944,1.236739014232911,1.0365992698373825,2.847995576886991,1.524982617229885,1.0664052468875562,0.5363158763974722,1.4836694046140706,0.9546907132999098,1.6249188021000152,1.3913584382799766,0.7301436525065476,0.0,2.2047549850923125,0.890480924126678,2.751474127233567,0.829801998563487,1.106557072594478,0.8712565912306279,0.7558037472290748,1.1561069696234174,0.6039721835102334,1.5102959423439575,4.54159577933545,0.9916258919117299,0.8719444461375212,1.0104843140161948,3.2877127291234927,5.507924548691415,4.304614002427451,0.527697144403926,1.2786488583066047,0.9757613626740689,1.5646826553294826,1.9294588161790645,1.2189954195644757,1.1926412835567795,0.6723322444568998,1.2627792822981214,0.800910016974923,1.793763753714329,0.8395219324590133,2.023486031983615,1.7377242820468166,0.8639532614113098,0.85080670672022,1.888456853379676,0.7056760682869766,0.9531424204441876,1.0294696875731435,2.1602196418578843,0.865968157137935,1.56172183186687,1.174334869029731,1.4502513598597382,1.2501631453004483,0.8343495897882007,1.005642893843891,0.6852896673253216,4.718513026175648,0.7321226265016432,1.108287901312631,2.25902904061275,0.6943533801686586,1.1541114363259157,2.573550248471738,1.4016709744933806,0.801624223674525,1.1959426245222824,0.6434284026848799,1.4853847716108262,0.9506482853475815,1.2497810288138078,2.5232947933915724,1.2107305518486973,1.0044055733643507,0.9122542534973164,1.791776675131307,0.9001936027121419,0.8906262494272531,1.0289913078827235,0.969859796118399,0.7014937945113146,0.9814216744036361,2.2719206189500225,2.184052784088369,0.7036080579526002,0.8244765154093963,1.005224110742879,1.0599983639221606,1.2710463557354994,0.9313653220185132,1.638403017121212,3.7445971178574653,0.9998668176087102,2.7748070645498712,0.9861945924317832,2.7946528171825076,1.1382471341803375,1.5500526217818684,6.40541694297112,1.3126060473388073,0.7705400339433736,2.25695031489733,1.2617796072598582,2.2398698264774914,0.9912961773881126,1.1175793695767222,0.593812993254532,3.295203718791686,0.6037366123527474,3.174914468196741,0.9848788540894265,1.6266476165778552
arc_pair_193556,2.086931843018921,3.941291516368065,2.518225689738474,2.7292068468568735,2.340131466786813,2.4217347682612576,2.258271228150876,2.4973167603933626,2.3143632090238304,30.3385885843055,2.4084399687618183,2.152452463845721,2.6262125726585244,2.8717812203950417,2.5771092272786515,2.51076547548338,2.1034078527666695,2.437040604744346,2.197683224580569,3.1252694615932533,2.320394010147452,2.4345510765952687,2.7194527245396607,5.58588972732269,2.0186200565394796,2.159794099774155,1.9557796044547673,2.109914027068581,2.0280924656742987,2.6685442785981843,1.8065758576065922,2.7490294426231743,4.004747583587373,2.2011230111907887,2.9628273349894574,3.087505011001493,2.1422489707751735,2.108756118290108,3.0640349654604613,2.8585774314484893,2.422476029853497,2.4437631073636417,3.333200967148711,2.584215727602686,2.231614913133866,2.4496106438028824,2.010621695938415,2.020962473940517,2.046762296074304,2.571477996106554,2.199453291640709,2.2047549850923125,0.0,2.317662599059286,2.522917043080154,1.9075293040287624,2.288433644584805,2.013532566870193,2.151074504693234,2.4412971785170003,2.2897936190248145,2.5929670261087017,3.4069847813781378,2.4094712013470443,2.3973507607180844,2.2961457307870803,2.62140103078567,4.036803371224373,3.5739597340975946,2.0115275614216657,2.559088669381907,2.223746139549523,2.7007270337072895,2.416150755057269,2.471974286394726,1.8585763646527758,1.8486989737104826,2.60693992092609,2.129247738509652,2.648315704950811,2.0475007154606812,2.169051203432063,2.318005363693635,2.1739342259455983,2.3305485088467677,2.3545734861125105,2.316021835387456,2.331678703468069,1.9941001487869734,2.1879284696423382,2.3179144277878443,2.42990124656889,1.9511153768965026,2.625461029724712,2.1138833857548684,2.134719042533515,2.212771709907085,2.236051056492944,5.013885190861653,2.5148824628350765,2.3645505777202667,3.1163548856660617,2.231190617508809,2.0864396113831174,2.8393839827204044,2.6720983400462295,2.2815346213572427,1.8971213704696863,2.7317449188744387,2.263657541063724,2.2230480829881305,2.807545932486212,2.5108551449706282,2.469295015159651,2.3991820981030862,2.2955285486898243,2.0526784403519014,2.5072417825268496,2.4091195241911643,2.470412595340188,2.378254685883701,2.1251250875522296,2.0857857567484417,3.141637832215956,2.214301381635746,2.1183291866828267,1.9857918291769248,2.02872249966389,2.1204187865312063,2.461550153803353,2.2445429758152673,2.438840772772434,3.107555058263797,2.48752688936755,2.292897817312757,2.176990891654312,2.7883963706891173,1.9914772446027473,2.449897592931996,5.560988041508746,2.7112031371738086,1.7974406134268686,2.5443734882831013,2.4231176399738477,2.4702422385783622,2.1817514207152664,2.8557052758377024,2.5997676915027803,3.0539940395623217,2.468007472627228,3.576427841072195,2.049340628802181,3.3117020679513063
arc_pair_208665,0.7695047843529395,4.808635968844084,0.7131482613322997,1.4710691719357611,0.6799953153645083,0.5206051261037189,0.7386751254369159,0.739480107790433,1.0802878890295795,33.596376306189015,1.2378934699857491,0.40978427974516834,0.744127307510488,1.920695356412446,1.3571763529197942,0.8994879876720645,0.8885096616999881,0.5736275316352665,0.5914014266787058,3.7321000005271467,0.46028172331747286,1.9872463140968188,1.017987871844364,7.485872391579001,0.6679686107545317,0.8272554016986895,0.7028841564500468,1.4035035467314787,0.6100706070121193,1.602825672043282,0.67413933499558,1.6162223086132648,4.913862357938802,1.058866338600707,2.5872660721830574,3.703995724507503,0.7323455531794132,0.8806484011073712,2.837232645894636,0.9815660302191953,0.6585141219364543,0.7908689180461417,2.277519357877457,1.2412949193512057,0.500540705012499,1.2230634914092833,1.1698461669737075,0.5871093786652685,1.4319537704338268,1.2717328688894238,1.0169904226916513,0.890480924126678,2.317662599059286,0.0,3.147221682956353,0.7781839178636641,0.7694075495943686,0.5111242941283889,0.47863767029027127,0.6810983650277002,0.4729932812716253,0.7962651088791171,4.776025581602882,0.5736415227436263,0.3811325035819867,0.7935061399173793,3.2479270682848167,6.01364813654251,4.263975621227082,0.6328713167747795,0.8006453471982856,0.416652718648737,1.122084978744292,1.7417354861589163,0.550773753611526,0.7900339566970682,0.6413222354327948,0.8784699581187287,0.5847117341369423,1.5519942861911584,0.6792621349269492,2.0491286999512943,1.7260115857295755,0.3131335576440123,0.3746294953404029,2.093029220359562,0.3286315654810613,0.4713101872340282,1.0084290240776754,1.8771606541909307,1.300214446030996,1.133317735088272,1.3224083627526877,1.0804613111435082,0.8305363568196777,0.3554511891055321,0.4026636418136311,0.42469433642284427,4.460173988755558,1.0803370484750983,0.8278029047869009,1.7562611202144822,0.7406559902232801,0.8749477417984856,1.9345397290705968,0.9809685501618461,0.5355662560388387,1.241326250668855,1.049153967019034,1.1010020543559094,0.4408007237585693,1.8032698790802668,2.407410050660404,0.6353347573621502,0.4919484898224715,0.3950752355326943,1.6650849347800338,0.6099167494260529,0.4638271982835197,0.9929562301061674,0.31319854046603385,0.43855230057277794,0.8030017996909657,1.9727835738808264,2.016612864724944,0.5623830381320127,0.5449380616876904,0.5183458583197151,0.7201185847297251,0.7751191260967099,0.3261648131322836,1.3990528391921118,3.84753276980387,0.8703035626374205,3.0172312692742507,0.6882845311634391,2.616796596900559,1.6160342092564486,1.3312975790883446,6.304661241333239,1.2017764648338107,0.5871407963254971,1.9326052490934487,0.9023511217567463,2.168711866619549,0.5197545029841877,1.9914922217994326,1.2441625912703493,3.673509103571392,0.6177565857941484,3.0491988990998724,0.5722997008371793,2.386293703185578
arc_pair_594469,2.9759467681621503,4.154213450707882,3.216400004535256,3.203064658055002,3.2320938667068737,3.4339342253518423,3.1760191648104525,3.344900688244264,3.082219897900085,31.320004744113447,3.2620093055928723,2.9265891354959574,3.3885903064837843,3.4636947380110055,3.3724922806307136,3.32285844535942,3.34913235646291,3.4412812113192772,2.8313485614436673,3.9357768793056,3.295351254603677,2.320791622505106,3.5188166700356924,5.453309161363096,2.4469290984586793,3.133757821176442,2.7389490430135424,3.027960304545477,2.811813990054706,3.0598024761459968,2.779865147021603,3.4571265866494842,4.373868242759359,2.543847927529299,3.488854324940612,3.2465435822915563,2.774226812598027,2.912717317944819,3.5055767824288226,3.6140284033940375,3.42679233860618,3.439342779847666,4.042166795619268,3.0757937134573283,3.108841182867107,2.9443271497173766,2.4368928807684864,2.870622372665526,2.704198805401448,2.9713430397682274,2.8523563685437447,2.751474127233567,2.522917043080154,3.147221682956353,0.0,2.9499814396229533,3.3145981168338476,2.707809743827536,3.062589381669383,2.998396746903055,2.923754778799568,3.678639782262341,2.8332638243967696,2.9932814476987954,3.266890970662855,2.732613588580623,2.3334655100049355,4.190960793585669,3.9594372412442653,2.5824425850657664,3.27352915751517,3.147076142251776,3.466597719177523,2.6269229764390114,3.333617362038363,2.6950109478821123,2.5635172545166656,2.9996100902085083,3.239151259713288,3.3395493214821323,2.615342326676215,2.702570150936369,3.2667152779775472,3.1594249907895877,3.1446030561606166,2.42648003046384,3.0392675124296002,3.2532602790611516,2.605378945483228,2.699568872305424,3.2444944135017906,3.2437414356284506,2.4427153488714017,3.3135198514867845,3.347142514980027,3.1660579799699424,3.071547434775935,2.9635294559156433,4.846656557412586,3.2308697583297867,3.190052055862454,3.883395948914199,3.0633219996767043,2.3769187129802547,3.7179738983545243,3.2272537330429767,2.8966528113023045,2.525818364695916,3.1426933906870684,2.6507321037414773,3.174102838147559,3.2599677673909335,2.971418282711071,3.4479467118786307,3.348190827002165,3.3285525897998696,2.4189743803251673,3.308008938229298,3.50433861284882,2.893540572013958,3.387394237785908,2.6615372970393785,3.0761949919398117,3.650701817660063,2.678318843750402,2.6931190581172073,2.9783893404317685,3.108879940031199,3.312605810524077,3.4444376178158516,3.204174576455569,2.6572324743569435,2.7894092911827446,3.089391558689837,2.7158585388601137,2.7256475237218387,2.903542121979375,2.310669778290683,2.809906371464257,5.371434999327406,3.177688459503939,2.7888330402518484,2.905803043871232,2.94792895331861,3.157446265927968,3.2432732208250683,3.137696941269988,3.2260742074414614,2.679050533835488,3.1595364159252797,4.044300319932676,3.018037670589654,3.70059329434646
arc_pair_599471,0.912889419448139,4.614546525338651,0.8918949302564794,1.339104913714491,1.1040305358814333,0.9036609473635862,0.6814814129358993,1.088390123343666,1.2689416958666304,32.97699341458313,1.1612350406619774,0.6900694422380762,1.024179918335952,1.8179548783021793,1.2961641618922979,0.7838793066404859,1.1736248803160256,1.1142255781444819,0.7547126241472535,2.9698922938681256,0.9896477411672184,1.9768377058885114,1.2514933832242736,7.065381050400999,0.7509429072510108,0.9454080276154169,0.9380715191059331,1.3661026587730443,0.7613077940743692,1.3329752075060215,0.8682407328877548,1.7030295088748924,4.714760996895308,1.1960891156892937,2.3348587352225993,3.3488632960609253,1.2369822512646755,1.193809221784283,2.8952674920413903,1.333633648388844,1.2196968023803922,1.0836260978931032,2.424553959399212,1.4042805870213044,1.0803401000134008,1.0292328608990997,1.423722026417074,0.8689984372554916,1.205266754588499,1.4848486100616394,1.1175894670446413,0.829801998563487,1.9075293040287624,0.7781839178636641,2.9499814396229533,0.0,1.165411752554178,0.7523338201493408,0.8637717380699994,1.0134161495030742,0.6551372213508969,1.2732630978238948,4.578727424612499,0.9172274841550336,0.7549788487077691,0.8108592146107942,2.9489368061371013,5.585615502892132,4.036587331011313,0.8399219104517983,1.1466192582954393,0.7771340236471717,1.324256380511053,1.5542375684544212,1.1992066836360817,1.0581411383967498,0.6877971625912741,1.1074901143663713,0.970743715448679,1.8143370084515453,0.8473016581264605,2.032056723088167,1.5767012904773272,0.7314196459967124,0.7733118123240874,2.2982779909093947,0.7727637317358935,0.879932989694897,0.9491001230280615,1.9561443607051026,1.0934019760242808,1.358103109291081,1.3766987792602923,1.539146241091265,1.0912503147362063,0.7395493892991482,0.9327807793265304,0.661549155781494,4.590123329662806,1.1432152272532943,1.1561333634942341,2.08170259980298,0.8923044901378385,1.0210043666667876,2.184729038283336,1.3012755851024473,0.9004261432908091,1.17913945933865,1.1370269098287173,1.289393316874736,0.5800909217881609,1.5300064204697963,2.325587196114034,1.127889020697694,0.939279925998636,0.650090397424126,1.5190742004954991,0.8952181316147105,0.7839186476356418,0.9634642568033398,0.8000183340229859,0.8638034074946568,1.1148146349566959,2.1492560103159235,2.0412216767508338,0.9749383515164284,0.6813093013263064,0.872931810896307,0.8812044612321273,1.0453986551529055,0.6925385750550391,1.6766565375393032,3.5752217327735907,0.9511729408342733,2.53651260795044,0.8213081300031142,2.6233719538296665,1.471925612731055,1.5821205184751013,6.233163098541934,1.2596684392755413,0.6340692849043822,1.9823624319951918,1.034259447717157,2.0553876306644723,0.8914989091844845,1.8066482471942367,1.0742458467502225,3.405489718736219,0.7522890324243798,2.9924548172401995,0.7516816940217779,2.335320196334333
arc_pair_230163,0.9769752827071589,4.825668886001204,1.192879041542992,1.9868870115706114,0.9052394777154746,0.821213357963993,1.0930617835745275,0.8290245719373065,1.4423702792862247,33.20140197796971,1.4957497126587889,0.7294667823731694,1.2624442614810745,1.9930148456636934,1.6801706291972067,1.4508062297864708,1.2240846301994726,0.7537092915518478,0.9609046679646578,3.9163612085817014,0.9356591236358984,2.2801884516528492,1.536239967146558,7.639558889806059,1.0111250480613316,1.2059962670785893,0.8840201779013205,1.6201583626731737,0.928581119296314,1.8430857101932634,0.7533818155019222,1.703752255193475,5.001803518821945,1.4171486407819884,2.8824246099170616,4.1005882320814235,0.9061187578587749,0.9789828155223504,3.161240710607932,1.3271439654431756,0.9397075150562095,0.9826713333352146,2.7077011996435845,1.4744124140073533,0.8462977178283502,1.498435480725103,1.4767484416298524,0.9331357151739302,1.7073784923488269,1.6246305296233934,1.2164765537913091,1.106557072594478,2.288433644584805,0.7694075495943686,3.3145981168338476,1.165411752554178,0.0,0.9188194582349162,0.8091478550887403,1.191939711031591,0.8674911772109982,1.2839681977209396,4.939786307139233,1.0497760076258786,0.8699631080176228,1.3072697771877348,3.547887858086309,6.103741025932645,4.3441420422767525,0.8649444282094871,1.2127514760258054,0.8017662206769459,1.4452928218094032,2.2122269108231167,1.0211781798811592,1.0105602911921703,0.8540023852752943,1.3456931671984762,0.6499842681750053,1.7143704393808554,0.9949067714902933,2.2674737533407434,1.8114617572067586,0.6820107451819949,0.7583569095138583,2.2457130782294064,0.7035239912855402,0.8717307746794722,1.3322293522176931,2.2033531172514014,1.4630207342674328,1.2774127693310373,1.454463327819667,1.344319822907302,1.0380498393459954,0.7688378090510837,0.8286585355208679,0.733085975776661,4.521026163585907,1.4121453768562047,1.1048174187924116,2.0367717264229515,1.0514721339167126,1.2043657899684121,2.3353750267866333,1.3799380107066344,0.852596027318819,1.5095967394795724,1.4720843070292378,1.6058430614336658,0.8919393404414504,2.1919312494866277,2.793015478246039,0.9099762404433294,0.7843941795362175,0.9125395670855634,2.157656272809713,0.9846053123221097,0.9207739251054808,1.3131714794986324,0.7012944945957247,0.8870539744656906,0.6857842076380971,2.2022570192874817,2.2405799586897692,0.6959446522435357,0.8078745643840997,0.7244060561063501,0.7128951438798794,1.1458716078202764,0.7496714873270391,1.5826785908082472,4.140140624547249,1.3913424157991088,3.240794662538918,1.1694148082390625,2.740073519396898,1.7627277899650757,1.525552040185895,6.4877855998623835,1.526840111255483,0.8206078595117926,2.477193227837714,1.3736635588521229,2.2783016122573088,0.769587117072325,2.258896926253061,1.4692313548978913,3.902453501462566,1.045365670622812,3.2955312117056295,0.9232626737010183,2.6533286999963983
arc_pair_146925,0.9292530058098147,4.252101765925495,0.8139091483121094,1.1143171496540807,0.9201798428614618,0.709652471548776,0.8633073084331646,0.8248012254274759,0.9600655856362851,33.34892539566671,1.0167948678300989,0.5882259624949135,0.9506778147439874,1.8543550327647058,1.0608221698141287,0.9706942350446701,0.8079504287402821,0.7884968884659186,0.758344766251309,3.1706552482901036,0.8424663764628333,1.5639677217361236,1.0848515243476062,6.982295125447373,0.5541970950918856,0.7693347353228285,0.6768229453725331,1.0458991858141127,0.7156811019108329,1.3131543422776997,0.69708064333942,1.430914931425991,4.492196064246031,1.0567844769099892,2.3874907307770075,3.075342623181335,0.5914509779602356,0.9319157576904554,2.435591064679432,1.1438168986128858,0.8641478904493289,0.9508108306217056,2.1606317960020203,0.9581933617840073,0.7576193844760462,1.0253075826182387,1.0011945274374505,0.6800530057669749,1.4147257803905218,1.2705219005685455,1.1413395166957838,0.8712565912306279,2.013532566870193,0.5111242941283889,2.707809743827536,0.7523338201493408,0.9188194582349162,0.0,0.6018012039245573,0.81613342739726,0.42388468728948325,1.082152371971174,4.234363905018877,0.8062859950304049,0.7595046406067497,0.6439426653169508,2.9822687282320106,5.5462545095283025,4.067628770613471,0.4990676120820317,0.8983444410825072,0.6084972999157342,1.2477157075270027,1.527128782362891,0.8255240375476816,0.7712235875997384,0.5182270872783404,0.8549775281894737,0.7222678947268848,1.480895113665674,0.4761365551653767,1.682191338812821,1.5810506235973678,0.4757194626129596,0.5767797620848324,1.8950219617824189,0.5341391968092914,0.6976946949280051,0.7509268663990096,1.7377829467692258,1.072815046395545,1.1420912204026457,1.0948927975745602,1.198764765828938,0.6727880236777484,0.5337855902531683,0.4730855345262345,0.42174366568781113,4.476703944279505,1.0849679766169849,0.9508868513313589,1.914576996632763,0.7820745273712031,0.742472149527485,2.0944427242664734,1.0534435576237002,0.6449925303848838,1.0318522393695868,1.138090082627282,1.1516725624132498,0.6571105499740555,1.3967369578298408,2.0852584099638443,0.9011763504644397,0.8020324002959258,0.650843928662795,1.4715112789372948,0.8202642532099016,0.6972776819650685,0.9170211387953942,0.6382456845561909,0.417714795538802,0.8815524284131221,1.78577451550162,1.8529588060139837,0.5587119642757338,0.6810391382476174,0.7563735496339412,0.9081203676762384,0.8812597656793739,0.5857997335124605,1.2272016906507786,3.4667038876054175,0.851368605502067,2.41962925010159,0.7346181779374382,2.471157591440116,1.3311556097135449,1.2596882929511972,6.010542408064458,0.9543709688491532,0.572251644047405,1.6979932621653668,0.7734695180785951,1.9735887907329017,0.45723274423380256,1.669038730623398,1.0919846790743166,3.3800867844287015,0.7921297856775005,2.7309879931017726,0.6374634882943246,1.9595245879670686
arc_pair_54246,0.8322025086585545,4.564630675964957,0.9260593533360137,1.4821748385641564,0.7396748657482509,0.6639418001976403,0.6969233933149608,0.8757172678424837,1.0765962267939657,33.662679196344065,0.9544143392275579,0.4903741776293419,0.9274121225537881,2.167587557403818,1.0700724327541038,0.8964213121167806,0.8550589182348584,0.8014987250826537,0.6883175408069736,3.420223560641656,0.8074983928959716,1.8908532679462235,1.2743827859822472,7.327330403783322,0.5484718897155562,0.9411039279580435,0.39856838109877313,1.2430884601574512,0.5823490004377843,1.6210237570194281,0.6626273756384828,1.04311545369118,4.757371782350788,1.30846758888766,2.720915083407251,3.5095618277927447,0.6461112218122327,1.0032530267516417,2.5593481198685666,1.0395841909825845,0.6667603904674879,0.7143560908676143,2.4228088513144064,1.3067295318335086,0.5924178422540733,1.086130413822955,1.212599196221126,0.4975175571080078,1.579636516531954,1.2734685731796782,0.8228833306280748,0.7558037472290748,2.151074504693234,0.47863767029027127,3.062589381669383,0.8637717380699994,0.8091478550887403,0.6018012039245573,0.0,0.9775855672169796,0.6306957896077747,0.9965188591418213,4.525287227356496,0.7730855660079798,0.6249053246337435,1.0432921467615752,3.1920664526500535,5.66028797182769,4.437720766066677,0.5461938945210373,1.0340720739523357,0.6215408022511346,1.2794476661770389,1.8879521490557294,0.7507701420449681,0.8744343091118648,0.6514150505448588,1.0892817143055686,0.42008837766318696,1.4330170835593194,0.5387028315361266,1.8875599233853253,1.717396523477723,0.4116696653921769,0.5543362983732931,1.9460695836862756,0.5098143470824528,0.674769012613013,1.1056925203924113,1.8321520929775308,1.019369559754608,1.3025950064987424,1.1727336780023165,1.0914504130688605,0.6669473868787976,0.42420145431746603,0.448869292945402,0.5466415152100628,4.6376002236585245,0.8009874934799247,0.6931209944816819,1.887589180915228,0.6895941738022091,0.9234744059177955,2.260581295747574,1.013369434015901,0.4767590153530934,0.9334208238915125,0.8697654701770964,1.1567905586014158,0.7303376246095977,1.767450364031218,2.5284842521170177,0.7929561289500386,0.5625689305881032,0.6406982126162921,1.525526848335004,0.6666176890929709,0.5006361985432033,0.9325492113136329,0.5254586648819474,0.4333962121407653,0.7755109255475245,1.8904901248151005,2.1619015801520245,0.5204920735655717,0.7591443020691385,0.5190978754875494,0.8800365841683846,0.8791060621830374,0.5747445400062904,1.3057223524210966,3.7835164191529858,0.9706258889779196,2.684689210138031,0.73612855073749,2.7031997636947884,1.2529144118703837,1.4069666837520483,6.293866756560063,1.3239218881170862,0.6312574399189228,1.905160721749049,0.9083991191379319,2.1677234686080573,0.5983901500964277,1.5912006712536209,0.95566339714411,3.6436491345633626,0.6942596404275374,3.0875610685146744,0.698126699438818,1.93817198664443
arc_pair_316997,1.0407450296106404,4.849033293429741,0.9991900424882967,1.5515161559120614,1.0910232891702583,0.9004522678324001,0.9729284765727906,1.084943634481976,1.3163196048214796,33.23367665307604,1.5392956414309207,0.6970955491790078,1.1059252593550428,1.9533918445413176,1.5471042884463904,1.0316191222097482,1.1554424077580818,0.9469185217467502,0.8185634321297968,3.6842989781521926,0.7666648147869151,2.0292751135904687,1.2305226152615294,7.201778458803261,0.8174320605918753,1.1318735895782663,1.0030001313956243,1.6986826436213722,0.8925582890234045,1.7001081356055687,0.9786816385937394,1.8846483343868485,5.079223687420603,1.2559602519423407,2.5917944970327147,3.7579412978242486,1.0463598058246988,1.1514884371964775,3.0051240253063534,1.3403154944932676,1.060002897705794,1.1998181864277475,2.4276148302575473,1.4709676884547063,0.8723041801451971,1.3391385304023373,1.3873061495880321,0.9054568612453919,1.4890088398712586,1.5140571119933754,1.2211618937032962,1.1561069696234174,2.4412971785170003,0.6810983650277002,2.998396746903055,1.0134161495030742,1.191939711031591,0.81613342739726,0.9775855672169796,0.0,0.6842522794355789,1.1934068462963432,4.684345891790679,0.8826977483671321,0.6835030123599493,0.9784838912119658,3.207024922844525,5.773736890120885,4.336519092641318,0.9307712428099518,1.1081717886638056,0.8200762864133853,1.3171179815101497,1.8982718580400664,0.9699855655271374,1.0473672131338647,0.8397611876235238,1.2235165548388274,1.0691636806258202,2.0455870727061987,1.0111098530000344,2.236538507378282,1.9917141098806412,0.6350403097016739,0.6719230867614362,2.1624139289224686,0.6384180137422008,0.8891345160437356,1.2451601570741857,2.013096940518365,1.5218788537747887,1.4798849736735074,1.7147450574067924,1.2430546833181992,1.2584035644268614,0.7253080456877957,0.794450175511887,0.6611437140232448,4.452463921511602,1.3341644216258663,1.0784719869474588,1.8749632196089916,1.113380128745479,1.003931944829568,1.9692108042516532,1.2248456104337966,0.7774609732559171,1.351536440369022,1.2118176526481226,1.4446821198802078,0.7828439937785969,1.7960423735542386,2.468229950922649,1.0184213682226755,0.9943964119294306,0.7230952530695565,1.8764005563504402,0.8432291896456829,0.8311496443610848,1.3648005469134659,0.7001133947449072,0.7720702075009274,1.1743421197976662,2.215863273937159,2.0237206617499686,0.8094975838811918,0.8171523148881505,0.9739297668786493,1.1064617886525085,1.1139340081897269,0.6694979370794759,1.751758378627128,3.6814746215826006,1.1629793189534414,3.1059756195715913,0.9067955732278468,2.662818612734425,1.9130372447849637,1.7130741371648412,6.321359687842696,1.4101426438156082,0.9753058207903507,2.0209757954992815,1.1030856530078617,2.4587218228308094,0.8581204406915242,2.092755223791721,1.4735931471047037,3.56329925321216,0.8109522296088245,3.200914745653309,0.7562597407606689,2.605752198942314
arc_pair_445388,0.6918721844337735,4.737561560131791,0.6327284959454866,1.217305362026988,0.950489849218312,0.7008297939527567,0.5157501388561094,0.6890316115989557,1.0836718810429498,33.526948111409574,1.067878950285578,0.3501167897979055,0.8953378171897498,1.905395419573069,1.234035432999109,0.784523299256543,1.0593343469620577,0.7304883004255194,0.46734203684588094,3.4124609170256925,0.7534675167472296,2.0215833162964594,1.0917209087829782,7.574658612036466,0.5575062964171267,0.823350300167343,0.6751886226936655,1.3727585248825975,0.6225391617992403,1.2730134252347995,0.8116651671336685,1.4686748859071723,4.926022922710007,1.1128038619158023,2.4859855576878975,3.5950385239371547,0.7864776970010805,0.9170649642194187,2.861708209103709,0.9623498327448967,0.8341495039763542,0.8997043540742466,2.481404648481049,1.2005896824881952,0.7870939491461282,0.9553200431296163,1.2690476826667028,0.8011349904012425,1.3656205454038324,1.2114373485671428,1.08495283182252,0.6039721835102334,2.2897936190248145,0.4729932812716253,2.923754778799568,0.6551372213508969,0.8674911772109982,0.42388468728948325,0.6306957896077747,0.6842522794355789,0.0,1.0302698123067495,4.789417640930885,0.671049905374216,0.6001630579670116,0.7130474270185414,3.324937999199075,5.964638214144634,4.315185030253674,0.4743819571055937,0.9031082732538263,0.5608194962798243,1.1831477105949497,1.859227479496425,0.782485964273542,0.9733055089845601,0.601129551575949,0.8943890397010574,0.6947207396666921,1.81364940594844,0.7220986433604051,2.03222385054531,1.6831027430854821,0.4430293662690319,0.4404730527197647,1.9059085230430162,0.3578055975991034,0.6411505491819267,0.8563158403922476,2.078691361760133,1.0610296123693335,1.2839604874221413,1.3279870406793775,1.1777258133749249,1.0067485534858633,0.5746829857316401,0.6945109114476329,0.3382661535451512,4.522123766758194,0.9964167429779187,0.8748485430009133,1.9050395289981354,0.7976536591265453,0.9660049681694468,2.1285771257583894,1.1183842224637401,0.5297428934518541,1.2365747064820887,0.7816665383877563,1.2414749985347782,0.5814583395251061,1.3679593188632713,2.3905223432966416,0.8116237547806853,0.7800454939735846,0.44867136087724413,1.8016092880196364,0.5143134349602237,0.5166609745689041,1.0052499960900998,0.5346153608939703,0.44606076445514087,0.9136727280053349,2.0555295114960326,2.1093167916541744,0.48022241197041404,0.5906932630831498,0.839372908379121,0.8377622216917984,0.9457423161773468,0.460352494182518,1.569783338826164,3.828284103939525,0.6807881963617685,2.8861200905796673,0.7658255765876851,2.706682286597766,1.5856146341364645,1.447223382756965,6.416611945482873,1.111874737489712,0.65643178088814,2.0173445901860627,0.9358584243794007,2.177404920027874,0.5087093165687014,1.6529376912530436,0.9940691941185857,3.5703176997890376,0.49641450363109113,2.8489161335379043,0.6329262064757272,2.0498799395331866
arc_pair_483514,1.029531908915216,5.334318336219333,1.1811241336801768,2.056044647705415,1.103290592825219,0.9119209930538252,1.2118235492567806,1.3401507150842762,1.3852741807022468,33.80966372250769,1.7398344945243343,0.9702685782862497,1.3991634221299762,2.4550328388409124,2.0148195284692463,1.2708929563144729,1.0875900359291126,0.953652864835034,1.2429839187897715,4.1218212828608936,0.9969743081197581,2.7403136762397597,1.5436546400695028,7.97253479780998,1.3255025895581662,1.38736642485029,1.1830660657019387,1.7438985502351416,1.0206400917625817,2.246903316170075,1.0556326423135078,2.0201842637477814,5.4690788638439205,1.6226551768363353,3.002124860408802,4.024278383878326,1.1295845321778875,1.3761910278871348,3.0688014003171435,1.4793084977454134,0.9768473716081789,1.212193114864513,2.8628181837933964,1.8438632983910503,0.8866107401889971,1.868346265011849,1.7163623207837118,1.067368628416185,1.7995594052809116,1.919757960857239,1.6407962675238257,1.5102959423439575,2.5929670261087017,0.7962651088791171,3.678639782262341,1.2732630978238948,1.2839681977209396,1.082152371971174,0.9965188591418213,1.1934068462963432,1.0302698123067495,0.0,5.249473612265527,1.2331968255541104,0.8776112957691125,1.51976302396733,3.797116975282646,6.607673321830411,4.601387327294772,1.2116890299123322,1.4605534100123716,0.8412401488938763,1.649254804647279,2.32329352509414,1.1537794435035456,1.2720243030856864,1.0567051033711383,1.5646241504940726,0.9853922566432529,2.140704251410994,1.338212431136013,2.7422981229010395,1.8912509132010031,0.7591556871341201,0.8896928833264923,2.841859502474594,0.8507098119134415,1.0507283710794846,1.5103155478863468,2.610375452191497,1.6920963072256772,1.736040832749821,2.033357440682535,1.4655357089353456,1.0899331091425406,0.7557576787398075,0.92874100481743,1.0460006280874559,5.060493278397087,1.520982179033893,1.3019984222587508,2.107004523300128,1.251543126260106,1.5259217365421622,2.446131732353159,1.7155484574440654,1.0970432534901187,1.8172985888303579,1.6574472274469532,1.7301034440611756,0.9418205366207586,2.3074528901937827,2.8994999355945157,0.9643170626000483,0.9788895856042303,0.8698277388531473,2.0775165005215115,1.1145585264904905,0.9043863052992727,1.5682157013816316,0.7216567417326507,0.9912931634573754,1.1884529140454663,2.459481487939144,2.5832945402295877,1.1371878461114744,0.888481875144202,0.8824998727565845,1.0783436551440038,1.1845323628887474,0.8499596155715226,1.9895292849425887,4.451213331850864,1.2171629021226427,3.5638519801360857,1.1505697127195575,3.171636984348753,2.3206737965662514,1.9839035681816375,6.5987913775468385,1.807676443299239,1.1036670482872806,2.363565521258974,1.565109887150647,2.681545964473486,0.8481800805465436,2.697632254097065,1.8211187604717947,4.183632999285329,1.151437450911117,3.5294848519408912,0.8001119138248332,3.0137315454176714
arc_pair_669902,4.698265228733033,4.538916257084884,4.944318705524369,4.497784111980966,4.779751402936135,5.184931972114116,4.9996972639880335,4.922508141816361,4.500320511589029,30.791153591807703,4.538865586186006,4.687919580512034,4.977133302788124,4.966904719218773,4.720041784928654,4.907336079394409,4.444669237316831,5.135951176192135,4.66426635209634,4.612901559650997,4.95875447391363,3.5544062984625113,5.069062185256964,5.274495413543114,4.052492202684426,4.678053756630139,4.273177497284312,4.185496498893725,4.32920624120632,4.434522768025261,4.24851475715398,5.100246806144748,4.5920081809717495,4.066126894623997,4.791472191845315,3.5355588483937836,4.276723656529454,4.512793019335165,4.1356338700868776,5.354855752069517,5.001744892712031,5.176481425722774,5.186070306450756,4.527505578865203,4.537502626798463,4.5163599185666685,3.6397153556154267,4.371592859403693,3.9219706711024904,4.481786342992431,4.351938830162073,4.54159577933545,3.4069847813781378,4.776025581602882,2.8332638243967696,4.578727424612499,4.939786307139233,4.234363905018877,4.525287227356496,4.684345891790679,4.789417640930885,5.249473612265527,0.0,4.688936889389244,5.037878385330124,4.328298184241613,3.054350927568628,3.9224158963326916,4.963032492992987,4.132765598571861,4.907872623798689,4.812045063230205,5.1681182530957965,3.6096438363534844,4.988841287807777,4.095567978302796,4.067014417099763,4.6342335286415945,4.883573365835363,4.2853052269071865,3.9978169613669703,3.789694082036485,4.61410071509712,4.7860011099681,5.055374699097154,4.198066697214263,4.849857232006034,4.915134796084183,4.20560275073375,3.5473631807901205,4.763496053101711,4.830886214875349,3.8054914357221663,4.826339584071046,4.572551701960647,4.835724451965843,4.5469013395408115,4.763642335273993,5.647347397365246,4.859074250246033,4.899077328206572,5.420738703362375,4.5853496513264345,3.89168586833219,4.889732844046219,4.804141547086821,4.636962060359263,3.6685032157435873,5.027720060253368,3.96186006434393,4.86841797491167,4.360786014828368,4.139857688755181,5.238454144265381,4.997836033039569,5.131844782904585,3.4567806574216178,5.0579724975902485,5.107578576393459,4.748219445612673,5.145935816089527,4.287064313428125,4.643426230065923,4.866663086394633,3.8099330381651004,4.489089401486995,4.695527873716897,4.643748761109616,4.910516613536682,4.9991029155101385,4.996831223795429,4.209534437404848,3.1427229063685926,4.828873244677031,3.0951034483947373,4.031021530047694,4.012276892033713,3.7403801711743387,4.293518853975397,6.115528596939827,4.90490432732021,4.335773201662792,3.3112401862168546,4.282470227264139,4.002763532514207,4.846912527324856,4.4284129550965385,4.737945142418188,3.713546890185527,4.837516240940959,5.214476543634315,4.563906031906414,4.8658035163989215
arc_pair_107064,0.891647544818395,4.511545865919643,1.0609982484820255,1.6231609418046085,0.895636936405013,0.8278652470834171,0.8659748541803515,0.955606654853508,1.1311188506524301,33.30491000044899,1.4933001429802852,0.573235263295071,0.872165027954944,2.0500172884657544,1.5638155457197753,1.0506235403952096,1.0990726575331893,0.8780374868210097,0.7109100787649094,3.833804217015399,0.8478043978322128,2.097813847599372,1.3303552125951803,7.435781385332198,0.7902771627222066,0.8259943127185569,0.821072470306062,1.7104625541950766,0.7541716510490688,1.7973647594238962,0.8460790525799317,1.7726026470842546,4.818554670620989,1.1270784870506154,2.6247946998854816,3.6028703883937974,1.0187087527654202,1.1105781574561788,2.9342324492910086,1.0454239507369092,1.012227678114037,1.103222199424427,2.3369666587637354,1.3956083622654072,0.8159404192198909,1.3616081853029578,1.31495408208568,0.750911220270041,1.3986993663853258,1.399890162834858,1.1155136313020633,0.9916258919117299,2.4094712013470443,0.5736415227436263,2.9932814476987954,0.9172274841550336,1.0497760076258786,0.8062859950304049,0.7730855660079798,0.8826977483671321,0.671049905374216,1.2331968255541104,4.688936889389244,0.0,0.6550836031643414,1.0371897827285625,3.2629314183441056,5.632271419785491,4.258738530609226,0.8144521876754071,1.038332261537139,0.6948593511933943,1.3143556594671473,1.84702057378276,0.9448474879014143,0.9500082556529869,0.75581927964557,1.1395651272830678,0.8620803701627209,1.7810890201082352,0.8341677304861801,2.2719096045314835,1.891544083792136,0.6115302436601753,0.6577148402351742,2.083985304366331,0.545476152543314,0.8451153567264122,1.1785494835214427,2.0665197586355015,1.5697464099118035,1.4496951525053454,1.4552049568008527,1.2664390911970262,1.0801935723358482,0.65627207195069,0.7702142631495614,0.6854520002908119,4.403320896030535,1.1697777300277583,0.99532227406703,2.05796245017441,0.9799173639758555,0.9203448362246542,1.9634856641137024,1.1880015789297544,0.668843683598126,1.3002788815856268,1.1817051067372915,1.146881821060319,0.6604714117075365,1.9609702719217026,2.5942274091103266,0.9752088450996226,0.783152604748693,0.6818991158642549,1.6511016625111783,0.9309035825547568,0.7122451408425204,1.2466022369353251,0.6085679959204152,0.7076785810372802,1.005935961438247,1.7731336886727393,2.171537117368142,0.7032658693712001,0.8429358429774033,0.8302628402323402,1.0015874802353477,1.0642193487291307,0.6052710312248453,1.6131943630895003,3.8604274833559487,1.1441238058283991,2.9437356025989185,0.7942470715294997,2.4770995700939973,1.6891464031075387,1.6360416972413134,6.298152991849589,1.4150595541755204,0.7875934653593926,1.9877782655595135,1.1289560461984236,2.3714931251024987,0.821269287266689,2.0840677435423407,1.3162728216658985,3.6049828814144003,0.797379684771574,3.2119083910346955,0.7224342112382667,2.4843346548763856
arc_pair_168210,0.7224118468533476,5.089978878829586,0.7286020849485704,1.4584266878637173,0.71121483548955,0.5624171748202386,0.6520580835202612,0.9085348200931888,1.1128328266590695,33.58059002662642,1.2128661115710542,0.4300855878276927,0.7695874267412312,1.9619160931350685,1.500051576664015,0.7801283303875376,0.8533223278322459,0.7529451404441814,0.5990741633849671,3.6498635616901285,0.6089229033859936,2.057441938392952,1.086784476618086,7.652799116204036,0.6529363909501917,0.9231631656623388,0.855916902502414,1.459789258734351,0.6718953199931961,1.5444766789389626,0.7071053995950087,1.6579698978016788,5.02714823207304,1.170883498960186,2.531411194957478,3.8788182749249724,1.0166646668304458,0.9963768652496543,2.9411756263468165,1.025693873489737,0.7177626772199412,0.7708045590546542,2.4273953795539955,1.4475014428274753,0.6360808237214197,1.2262179948236902,1.3361923945460619,0.6016691543562181,1.4169336248958808,1.3560572636455541,1.0009873198672206,0.8719444461375212,2.3973507607180844,0.3811325035819867,3.266890970662855,0.7549788487077691,0.8699631080176228,0.7595046406067497,0.6249053246337435,0.6835030123599493,0.6001630579670116,0.8776112957691125,5.037878385330124,0.6550836031643414,0.0,0.9050160452100007,3.2819301827846163,5.998635784434541,4.3051642689041225,0.7220661439069516,0.8830584233345362,0.5599465283782286,1.0903953026751068,1.8387687408017062,0.8056578950511556,0.8801571113757634,0.752501568756753,1.0512999621089345,0.7376464281781435,1.7967101381145794,0.8030881795778066,2.204742493573619,1.7183004136995104,0.39064630467992406,0.4326362728946981,2.28862306595625,0.3946262073880531,0.699099565960732,1.0831845597687781,2.0143512231473495,1.2942184626406437,1.205254921053483,1.4598061610157131,1.200213095733431,0.923414356547157,0.404205551731934,0.571617693878915,0.5463013526207505,4.4376773848980315,0.9749689129420009,0.9168608512134845,1.7736263218282333,0.8373520621100381,0.9378251368444037,1.9804842980668145,1.050833921315934,0.6054582957082021,1.3060508869416045,1.018599334401616,1.2649367812510972,0.44813288227185,1.739559959472495,2.523843282610069,0.7637163277931055,0.5905562580287096,0.4394546780585026,1.6566039992455326,0.6763889881253236,0.5062786109375721,1.0724647373920035,0.3562382620890966,0.6309224661986749,0.9061124805479728,2.0361540789573387,2.0846140286270467,0.7488566191291184,0.5959198176006942,0.6500692251661033,0.7717960122023988,0.7079863116829341,0.42562346493239417,1.614913342849461,3.966928494851781,0.8918758874091612,3.0950258890482365,0.6385940301468884,2.8054765121010647,1.7137314644118349,1.5418483253055733,6.4873121601139445,1.286398393557457,0.6612894581373661,1.977296638946273,1.0436733913532874,2.3605761822125078,0.6110606387189368,2.060020995455083,1.2643726402867113,3.7561427161913974,0.5911195005245151,3.2058661374298745,0.5566685219899912,2.5722805281980285
arc_pair_337659,1.1247522347177155,4.572436406182823,0.8754386057984762,1.1025935993589555,1.300632430772877,1.096899882644427,0.9626332423253875,1.1517961551296838,1.3555129352886057,33.18330301681837,1.285188169716192,0.7246739098377768,1.167106827368353,1.9469275101385284,1.3895804276124375,1.1436420639823095,1.2455537534756336,1.0956881519594253,0.7555121633636268,3.2114219268616786,1.1386665406145464,1.7679678092170865,1.3312586497834051,7.017848378402301,0.8163157165557342,1.003828309595281,1.077402775201721,1.44516275917409,0.969806115918361,1.3182227418865462,0.9714377771399145,1.8740300572501853,4.67778953943525,1.188654348570636,2.530310521607849,3.308150060417312,1.1535145231762445,1.1974267950142854,2.809551139677552,1.4099848807728852,1.3674243789400484,1.4717991135716166,2.4648032887194793,1.312391142633745,1.0847195727587857,1.1005102114405225,1.3803646815265993,1.024940085603789,1.4151490699095164,1.6127799782815935,1.35553210999174,1.0104843140161948,2.2961457307870803,0.7935061399173793,2.732613588580623,0.8108592146107942,1.3072697771877348,0.6439426653169508,1.0432921467615752,0.9784838912119658,0.7130474270185414,1.51976302396733,4.328298184241613,1.0371897827285625,0.9050160452100007,0.0,2.893486747646852,5.58148224116207,4.211150853660463,0.8021624561139296,1.185377582057614,0.8695267134462328,1.5058840713474526,1.5455024513080153,1.101007921547372,1.200903332973728,0.8118586279375434,0.9207217416582203,1.145732625617626,1.8165664532143158,0.8750688407081844,1.9109772097657114,1.8995112841771045,0.8437899281171557,0.8749783009384727,2.2184253575444046,0.8867455179601753,1.005342760065142,1.0451584165932712,1.9139898323365012,1.3051866536930539,1.4719177143395665,1.4643576248347914,1.5671133312448082,1.314802957343509,0.9753778627582808,0.9742250854085623,0.7127625663031796,4.407899426501873,1.4403255428216075,1.4335336007385457,2.167325257668999,0.9862475704650375,0.9256581343757526,2.099053782763858,1.2759382766937808,0.9983306294030433,1.2654474837804686,1.2419126433525862,1.1840492827401046,0.866071590010538,1.5028569828150824,2.255457116823523,1.272904849682101,1.1672921281508604,0.8619874793534225,1.7296284269505549,1.037178131125669,1.0997709709151287,1.066191044736019,0.9926741471764935,0.8083971868051034,1.317275928795997,2.171877743263758,2.028117585211415,0.9009542504301219,0.9566922304189056,1.1475681459275142,1.1831054320823389,1.1639359602219463,0.8908384135974365,1.6334568153945255,3.5192864261402024,1.129240075341092,2.671786169672885,0.9889665743893695,2.5472027392484238,1.5369212943301191,1.5826929754315349,5.982766745034477,1.4203276254628978,0.9391636173791086,1.9746631391037275,0.9974507499278829,2.147356250750607,0.9539832108350008,1.8410700660365105,1.2550329506142295,3.2773710938803147,0.8798025145571025,2.7857809208347293,1.0644398105847672,2.324977817548496
arc_pair_551617,3.367781582881051,4.532592894962637,3.48793230843215,3.432615849084303,3.3504207459189246,3.689977480290938,3.402688803404345,3.615537382623151,3.3009641469955495,31.350347212177816,3.3533581946006725,3.2949963015962522,3.4725978064248713,3.609458490900879,3.488911188625529,3.3339353800120874,3.3012784248351554,3.692085072267172,3.2239580518556434,3.8053402810502943,3.394981314818579,2.5383543857062087,3.4833556298366237,5.072084758263946,2.7752424824197224,3.180337763542545,3.1379843513309478,3.034059941021849,3.0730570837799727,3.361991204551536,2.866619447312259,4.0684251741479684,4.488438347273713,2.6729409803401216,3.4979114440749353,3.0987533080273444,3.141145057512767,3.1883186024586663,3.5632019576778458,3.8881823470502,3.515867281550043,3.6089286940659577,4.090842838003243,3.4251013663798364,3.3121766428176245,3.331828832011759,2.659233844442319,2.8821481338587476,2.841405299914654,3.3636150237481908,3.0443676393816363,3.2877127291234927,2.62140103078567,3.2479270682848167,2.3334655100049355,2.9489368061371013,3.547887858086309,2.9822687282320106,3.1920664526500535,3.207024922844525,3.324937999199075,3.797116975282646,3.054350927568628,3.2629314183441056,3.2819301827846163,2.893486747646852,0.0,4.09642951672505,3.925354779189786,2.9903918763731,3.314634447360335,3.339003697382228,3.661959307871036,2.5947140785711684,3.3950688482044065,2.81929443168677,2.8917280076572593,3.3012862563280567,3.5431058803641404,3.357312765091728,2.8410853718676043,2.97275765270999,3.339866816238697,3.325473094974154,3.3951463397795227,3.01409361022077,3.4176856824030573,3.4781892902900524,3.0195382217831734,2.4538140635297685,3.3348816206176037,3.3434041331637925,2.704084824504976,3.6034070272275187,3.424937460379666,3.179753924542304,3.2375582195970924,3.2140624137869036,5.011885527292881,3.5895303893573036,3.3278199115580334,3.9110323942935405,3.1830659156361865,2.488473782239083,3.6019410019790232,3.1562407191355946,3.2778254080634346,2.6519672315356058,3.4413461033999004,2.8473527823370963,3.2563456173556764,3.4837972627255196,3.0253429002315597,3.7283638262306686,3.5060834553719666,3.4384945387403905,2.45017362741976,3.5144259351038105,3.578667115275483,3.140172700031817,3.586018979145264,3.0987475564146365,3.3289265604437546,3.8767327665687876,2.676764328063284,3.2263039473093698,3.287925826675096,3.2386984434596817,3.4739728898423397,3.4413459049975033,3.3549255565408798,2.9512034602310284,2.775427566424121,3.4068648091263585,2.3737782306291253,2.693766204848922,2.9482958727780124,2.5690956613611657,3.2512030856590393,5.627523635772068,3.489672936819139,2.85393379630707,2.638821325444573,3.084136302980664,3.1059860405340567,3.610804945375973,3.521813699416151,3.495611646355713,3.0813778091597492,3.2965495233476894,4.235732980304472,3.2759251775076788,4.128260257134167
arc_pair_573749,5.952781699885906,5.289062473625966,5.9952356110594645,5.204021824714153,5.76808119335903,6.456273044840525,5.8272333569185815,6.287066092132756,5.489952913399515,30.053640110358977,5.320886964573693,5.96764771717488,6.022696300418211,6.078631646303726,5.407225240573845,5.6815560039090816,5.50525042741,6.452168766937845,5.6824073539688325,5.129195348624154,6.0994829139336115,4.420703905790937,6.2807483105041655,5.839597119271122,4.943478851124607,5.62150962228681,5.314663340858404,4.917645336340596,5.495275997591091,5.35812871856727,5.510305519252843,5.846844039795824,5.812990735113335,5.250892025080833,5.935155045311667,4.125156454789041,5.63076995064234,5.878142292648255,5.672092429115343,6.450227095873678,6.188815085398493,6.102703617718481,6.075400285336235,6.095707051891743,5.89654056888792,5.367088592037424,4.695183393035825,5.346258757408739,5.199965922608085,5.638308278054213,4.85086244934171,5.507924548691415,4.036803371224373,6.01364813654251,4.190960793585669,5.585615502892132,6.103741025932645,5.5462545095283025,5.66028797182769,5.773736890120885,5.964638214144634,6.607673321830411,3.9224158963326916,5.632271419785491,5.998635784434541,5.58148224116207,4.09642951672505,0.0,5.944107307568682,5.430120409330071,6.075753670714861,6.269469639090096,6.586375732218166,5.079631832651139,6.316921929173902,5.2784225989598035,5.2326661041255615,5.914929425779255,6.179532201133416,6.054190265683587,5.142908146388274,4.689736635737657,5.494261107876401,6.040621904815397,6.205818581850035,4.8037505093750275,5.941126337697938,6.308934459868423,4.923345497207746,4.680697844137379,5.574635388211658,5.240948704852563,4.680738693819356,5.969702832867933,5.759321209887694,5.886116420622468,5.88370181568636,5.958054616379367,6.658835239452158,5.449526263974364,5.684390199016227,6.788355304629332,5.441660705404473,4.973050041324654,5.445737163146414,5.790124302229829,5.688802803595017,4.478008897346251,5.65122916304172,5.04263304344305,5.941621438697426,5.389341676063906,4.935955868222484,6.539476896615148,6.044944922213821,6.335608229525825,4.013700052408987,6.21391138992106,6.16800511902315,5.984372433458636,6.34440532971528,5.499486656975272,5.714994566199141,5.51255232452834,4.987476364173371,5.743020634694761,5.902151004118785,5.866765675847983,5.996367549061378,6.2109884245985105,6.224978389051096,5.19163833945334,3.7768929406861482,6.00836857703347,3.220980237107741,5.036804471117643,5.094751066462029,4.417807219927584,5.7781167654423555,6.978394745491577,5.814910245485559,5.3440407330639506,4.193433917282455,5.1303932686560385,5.0320255989555145,6.151156477883302,5.251953663868043,5.242553137011055,4.33829813967717,5.875578401682111,6.198106255338294,5.8577307118007,5.699334713823349
arc_pair_118613,4.276587769506811,6.038706168292366,4.44395627134545,4.854734711967385,4.312024383248747,4.5234467493774595,4.491743831944535,4.419249847404494,4.348501762731576,31.757331445475096,4.651219397448547,4.325207323051299,4.598881306117438,4.240537984548901,4.854030719037448,4.508821950390073,4.199993008067783,4.326244473382866,4.294516197604714,5.398271646667016,4.300219806925,4.272713934967703,4.565846650803118,6.997746458381704,4.001593522935575,4.050771671480869,4.240220670344073,4.463515584448948,4.208864068250083,4.46411306477442,3.8750958950996783,5.1023115781648745,5.933841101406103,3.90181536162148,4.563890817505763,4.802874465363047,4.346998184235023,4.30373066946701,4.982914385665227,4.87207632927802,4.455121836167121,4.584103622260438,5.084609281246811,4.542014543431637,4.411428021174435,4.59410780296045,3.9091594501457054,4.103162522590758,4.057419781964818,4.5225939834406335,4.209706511050238,4.304614002427451,3.5739597340975946,4.263975621227082,3.9594372412442653,4.036587331011313,4.3441420422767525,4.067628770613471,4.437720766066677,4.336519092641318,4.315185030253674,4.601387327294772,4.963032492992987,4.258738530609226,4.3051642689041225,4.211150853660463,3.925354779189786,5.944107307568682,0.0,4.141579665101058,4.382718783456136,4.402975616200486,4.644923510089497,4.1805660245779865,4.44851540963837,3.8110452517990128,3.9327608670612815,4.372011442883972,4.4085485486411,4.81072827909169,4.105539106350732,4.375155372324634,4.332810039257054,4.26281572791885,4.231967825279976,4.353682072761219,4.389200449053961,4.400244118803759,3.948381649043646,4.009239351232305,4.672237923448146,4.219793090691768,3.823813547620957,4.432557110254218,4.324945550511711,4.111693643541306,4.132075198325427,4.274371018500315,5.967349704162212,4.638579164213103,4.471782998582386,4.985146163901652,4.385922417664647,3.8198105111833494,4.6889219141836165,4.553512219463549,4.39097661102822,3.9920073404975156,4.778464772648242,3.993140515314879,4.159516703746146,4.559235547519823,4.339754343782258,4.590333116691496,4.565384416805271,4.36755940353617,3.922525160221667,4.544541539668659,4.450457031415022,4.485440578142306,4.362787120560818,4.191309363325696,3.946100989472814,4.661733053417854,3.7128183139912867,4.2213008453341025,4.181157777319192,4.36456248090216,4.165368705623594,4.435345405990155,4.260714473626255,4.2191059750581665,4.510630001288275,4.5405664372959444,4.144953489431545,3.9913651743464404,4.2873382505941695,3.7955078242845772,4.3939893910754835,7.123747140735702,4.713183266893093,3.8631228331904777,4.099136091185221,4.327554822907611,4.407183163616883,4.4549078244850255,4.878863298228674,4.776149159271681,4.46484932742062,4.498987232139166,5.784533938058493,4.100796739201443,5.505199815860306
arc_pair_461841,0.590573461425474,4.363042379933427,0.91163003292145,1.2767282498636425,0.8956446999833563,0.853120218814968,0.7609072917589235,0.7982204258310392,1.0868115018255375,33.34618029413996,1.1471074136543706,0.348768935754278,0.9660671297072165,2.0406357906438224,1.1654335523418442,1.0252599330919783,1.0685556835766805,0.9319367968944348,0.5141805307919567,3.224848736086561,0.9714779896311724,1.752710811292812,1.2973272175350057,7.161267354418319,0.4526485482526817,0.9342526384061294,0.5426120189849468,1.2184845060844718,0.5029681175037728,1.3062386065128504,0.6763044356197292,1.1834246290610615,4.522857313841781,1.1766054264233126,2.6376104397498445,3.3790444298538627,0.7748070295640053,0.9074063653260008,2.6232826595529914,1.1538174253100686,0.8971930102444731,0.8361942985353547,2.416430955950652,1.0596456648948145,0.7789307186725738,0.9343420392361281,1.1418982331543033,0.7827997908676517,1.4533783797459354,1.224713068455143,0.9594299865836065,0.527697144403926,2.0115275614216657,0.6328713167747795,2.5824425850657664,0.8399219104517983,0.8649444282094871,0.4990676120820317,0.5461938945210373,0.9307712428099518,0.4743819571055937,1.2116890299123322,4.132765598571861,0.8144521876754071,0.7220661439069516,0.8021624561139296,2.9903918763731,5.430120409330071,4.141579665101058,0.0,0.9967274892788818,0.6444291808250935,1.2856657283625945,1.7100748473974474,0.9268855716189157,0.8256074181881314,0.5727794530254011,0.9983575050630646,0.6061762944522845,1.4830554844941841,0.5793480417462826,1.7962872760299393,1.575949914052083,0.5817924354896229,0.6303365305273594,1.631161910394041,0.5438446592208571,0.6632537012558556,1.0541401793613736,1.8183599158218564,1.0948207607493166,1.3044648682101285,1.0282514448704676,1.0654112946920145,0.9860446506905742,0.6658085438558545,0.6879453351027849,0.5755890542697462,4.452000723760224,0.9104943808893808,0.9340136805443526,1.951084116317502,0.9033874443948412,0.9007490444256501,2.3014643789055618,1.10069590300125,0.5729195379165221,1.0012489913153828,0.9292614973309146,1.1779222508396168,0.8594042878420339,1.5708712811167018,2.2181934457945895,0.9262447466839168,0.78368721032373,0.7273042147138451,1.6177119066950505,0.8509893903545587,0.7738367719706963,0.9328216521511888,0.7485626691181206,0.5120529708219146,0.8516204214501452,1.9402065008958616,1.9024451975178756,0.3735264135161478,0.6662201706435978,0.8266339742395752,0.969911533604209,1.0082100208616802,0.7100411525128782,1.2449767780607883,3.472803872194008,0.9190460394212769,2.626825997107077,0.8687628825376477,2.587216051813888,1.1634342370107313,1.2204751317635119,6.001796147032067,1.1632831855230543,0.6643976718049601,1.8662551564248377,0.9283955478659582,1.9422939881410428,0.6392622192241976,1.5649564725541185,1.0183385922184813,3.2684651150160327,0.7790923939723007,2.8526759510755078,0.7426816086225502,1.9515260996808164
arc_pair_621191,1.1979242131952152,5.0771834765880035,1.2558331433471515,1.893649655837973,1.1242257228817123,0.9311075469452166,1.1925021050586553,1.2164926098823232,1.557329613051202,33.665105876911326,1.6539778192419767,0.9300148308906333,1.218100018731099,2.01307784952404,1.8213065574092204,1.3995949649943347,1.3431914138998138,1.0950547746551809,1.038915335387323,3.9815542839727374,1.0352550093968511,2.113395580115999,1.3958318176562146,7.516720914987047,1.0166817048699661,1.1974742831789036,1.1758568598315593,1.867494555842714,1.1551368826403263,1.9285457661574328,1.0269905137088549,2.1209126654654558,4.8865767858489315,1.3505963719498024,2.6748267551789873,3.9364058059935534,1.0778654241719094,1.2359907466730018,3.2327331366568277,1.43399737625706,1.1550497463511122,1.1193106591797823,2.6141877466945425,1.567361553402285,1.072652539344248,1.6393658815890335,1.4943710868847193,0.9813687364135332,1.7285702467354,1.60123904796027,1.460699133037249,1.2786488583066047,2.559088669381907,0.8006453471982856,3.27352915751517,1.1466192582954393,1.2127514760258054,0.8983444410825072,1.0340720739523357,1.1081717886638056,0.9031082732538263,1.4605534100123716,4.907872623798689,1.038332261537139,0.8830584233345362,1.185377582057614,3.314634447360335,6.075753670714861,4.382718783456136,0.9967274892788818,0.0,0.9801314668360726,1.467081391752055,2.0783950114813083,1.0712718485795985,1.1262485817320318,1.0256489878368842,1.3145273778222917,1.1708984153696969,1.914549027104787,1.0756588125381246,2.3714923770184457,1.9746234238372162,0.7798579897070758,0.7758455775961944,2.3633480185347597,0.8344058515273072,0.9830054406232049,1.3538239290284106,2.156221869136997,1.8110322518585842,1.3404355862074753,1.6070163559074673,1.6557309205219655,1.2123270745486678,0.8770028370914877,0.8442959778104501,0.8019872718149935,4.83878514706368,1.56209984474355,1.268395513131039,2.1406166835557547,1.239997795316674,1.1255326831199466,2.2326461461452425,1.3227338486900626,1.0243359370705034,1.5532847685497204,1.5045331556906183,1.5030432075794762,0.7895489743654434,2.1101046932779823,2.6603856208234387,1.1160300683974655,0.9296592993048631,0.8443031162412431,2.0119748356186147,1.1446042617509384,0.9336548989554859,1.2375907665107844,0.8127012495727102,0.921824285558323,1.208578504904255,2.303356798048614,2.21215690784751,0.9528075304562389,1.0352560238453183,1.0886047592024846,1.1714290005544392,1.1501290200565442,0.794968013781806,1.7248153015095085,3.8794630538344026,1.3265623183641928,3.350442834286658,1.0920930462681884,2.893127075427754,1.838858438656907,1.5752354081627822,6.675688626005266,1.501389670028384,0.9289313926505978,2.249403819922544,1.263033602456582,2.5134447309941677,0.9431520965492046,2.3907877343479567,1.6596399601028902,3.7676931976056123,1.135253235100436,3.265636115378927,0.9957058285110969,2.91307902373351
arc_pair_711700,0.6687832787815113,4.706996246657433,0.8500910321494677,1.655810900348432,0.8049224893370872,0.5358367314738113,0.7618522036573161,0.7671209526190225,0.921626416398609,33.520858170510664,1.3897163307369274,0.3563545000980878,0.9442716451275444,2.050032511218561,1.5776539887016972,1.0584291308912002,0.951177575308801,0.5870766668210893,0.6187046116720984,3.8002406753040385,0.7564445867023373,2.116945130778753,1.196488249889419,7.589309345845569,0.8382186546118282,0.825153751168775,0.7822958364658943,1.4940574387938934,0.6098674072665089,1.802262762059953,0.574013803863433,1.6186433677400738,4.911612867084745,1.1327185803130555,2.7382421582573877,3.8474624182484365,0.7578107441042322,0.9057382120957271,2.8387862605681304,0.8865548637587269,0.697975843693998,0.9320776370398285,2.311399287566643,1.202774408534346,0.524963635319347,1.3326695750312656,1.2755802242147474,0.7880590895134857,1.2717121311705875,1.4312210796256215,1.203899736617511,0.9757613626740689,2.223746139549523,0.416652718648737,3.147076142251776,0.7771340236471717,0.8017662206769459,0.6084972999157342,0.6215408022511346,0.8200762864133853,0.5608194962798243,0.8412401488938763,4.812045063230205,0.6948593511933943,0.5599465283782286,0.8695267134462328,3.339003697382228,6.269469639090096,4.402975616200486,0.6444291808250935,0.9801314668360726,0.0,1.1063838489947597,1.697198785158638,0.7528715038078004,0.8086880833889027,0.5835688616963226,0.9888425647561793,0.5804589118402306,1.5641953710460312,0.8799691645221652,2.1727440416711206,1.7283426652356824,0.4348996807089679,0.4653094081892692,2.195527908209137,0.43953483433166307,0.5917532318688793,1.1097726850581178,2.0315999147007653,1.3544654561215723,1.3549115520771413,1.5168980250261503,1.1270985555161874,0.941507908321169,0.5138959242350887,0.5531344110516498,0.5120516515292213,4.60497585660358,1.245036513304033,1.0574677668562933,1.8171051443423731,0.940288208616551,1.0428714532861938,2.015790210211259,1.124985211434363,0.6904261663988049,1.4014429794583667,1.1915489746278072,1.2875766242697284,0.5733193227360245,1.9254351224372601,2.5701070493478153,0.6671795008828173,0.6076641189902576,0.45217764003382854,1.819492769734826,0.7113909526375891,0.6612356527699497,1.0884492499017457,0.40567355557283247,0.6129496078743136,0.7824038355780142,2.0245197494171014,2.079975972908562,0.5886123796742879,0.5010050627976703,0.5413493420879015,0.6362907362891387,0.9174008657575458,0.43902336207123915,1.5673859982584954,4.057450161698618,0.96722087588094,3.1273525185379416,0.9284012678377473,2.667392328345959,1.770057914544718,1.4373411521283135,6.279615014822145,1.3660650595562038,0.7219722793618055,2.1540884797632085,1.1147884469699747,2.1578528197798725,0.5389104615912932,2.1620538776077662,1.4357998260334157,3.849508449567587,0.7337999263498635,3.090690422865457,0.5342053752842008,2.56228355473276
arc_pair_624868,1.3623819487970836,5.214716189848235,1.510197535733722,2.3198170309767043,1.497553783556027,1.227849702385786,1.4983673918857114,1.4432081686180758,1.7366657819604057,33.578885126397296,2.029095254670516,1.0373919890168908,1.5403665702118157,2.2867353559217185,2.1823546955416577,1.6718397329244292,1.613699376148774,1.2618260593603134,1.3575261438185744,4.296166572129298,1.3441194974497865,2.633691578559819,1.684442791872187,7.741213767165902,1.3632640124013409,1.5777692830714847,1.5120431787414264,2.2205422462648303,1.1766778225125827,2.3185580145129467,1.1818662605324608,2.397722172232969,5.375548880469232,1.6583055286076087,2.8444858068086187,4.290466300256308,1.4246453427840406,1.3512246552628908,3.427588615414124,1.773297467693088,1.421582421573273,1.5205890725033495,2.853921015729018,1.9488868307195377,1.1391027484931786,1.9807910545435028,1.9420971862082164,1.3754457960772801,1.7251407914461194,1.907757335041727,1.7484006265157503,1.5646826553294826,2.7007270337072895,1.122084978744292,3.466597719177523,1.324256380511053,1.4452928218094032,1.2477157075270027,1.2794476661770389,1.3171179815101497,1.1831477105949497,1.649254804647279,5.1681182530957965,1.3143556594671473,1.0903953026751068,1.5058840713474526,3.661959307871036,6.586375732218166,4.644923510089497,1.2856657283625945,1.467081391752055,1.1063838489947597,0.0,2.240165769878071,1.4334052131012347,1.4473099932712885,1.3241862225753676,1.6190226603889566,1.3803745235926086,2.2910513566593136,1.5166721376474235,2.7673420445959693,2.2587195428784193,1.0706402646702604,1.2012743437239575,2.66833825191733,1.2123866546149875,1.3293829752749406,1.6903539370798943,2.4827540764730136,2.1427512702766087,1.790424929688101,1.8961119435272757,1.8654331692396577,1.5008674235218584,1.1980254770331755,1.2181766254424449,1.1614738984337565,4.873319365462176,1.9205101371074238,1.6255323920659328,2.228000343030061,1.5969758312554394,1.513602667549932,2.5623696603403845,1.6931802224002657,1.230979707571671,1.9862838957980955,1.883766471379124,1.7845142909238887,1.1914353528418486,2.4367670007794775,3.0497738752546555,1.3793147549772473,1.344672444582097,0.988323458632884,2.369634184545114,1.4788584337316149,1.2472029738917678,1.6963964229567705,1.1233566970739386,1.266039733100963,1.4852738091107733,2.6229011152858264,2.593659918267405,1.2301630626115019,1.2624490945904747,1.2942511730693802,1.2990975022305342,1.2634233943299913,0.9661320541838102,2.1358527839469277,4.335350911754537,1.652086566746673,3.7002045722980617,1.3673147803876766,3.146503694019331,2.3287780747896223,2.0158341314800285,6.967584080490715,1.9521524062580413,1.260913063991412,2.519244053588757,1.6030021296515187,2.582886679600933,1.1735666801826716,2.6188976329948312,2.041238443689876,4.088390514693886,1.4014755729119273,3.6755639467068,1.1410242857523039,3.0977517306931364
arc_pair_224210,1.9420140087222375,4.227054954251996,1.8546713926171197,1.980925993515241,1.9663781886201135,2.035980790181094,1.9813079965084226,2.10655376186906,1.9045391746274558,32.42493083727557,2.16407881703118,1.6880925056541163,1.9421654426206358,2.5546372077761994,2.375403212215522,2.0802767727891496,2.039807557115476,2.083376449724395,1.6980785659732778,3.7014716135671404,1.9673149856649856,1.8654878924567169,2.058220249703451,6.079259185768576,1.609800007808703,1.7469928406855795,1.9500437445779428,2.2139754533997107,1.7372259393414207,2.246168688980627,1.6494189909462267,2.6917003068755356,4.173002069882099,1.756746852533649,2.8875159994391213,3.161744843984377,1.9798452525078996,1.8972644880996472,2.959774148665562,2.3062231850056416,2.182259632264671,2.2813194977533513,2.638595497371261,2.083088830740778,1.9099765789158947,1.9628348074960438,1.8970027174353237,1.6559483436960833,1.4972729034721408,2.263079042150154,1.795524170970898,1.9294588161790645,2.416150755057269,1.7417354861589163,2.6269229764390114,1.5542375684544212,2.2122269108231167,1.527128782362891,1.8879521490557294,1.8982718580400664,1.859227479496425,2.32329352509414,3.6096438363534844,1.84702057378276,1.8387687408017062,1.5455024513080153,2.5947140785711684,5.079631832651139,4.1805660245779865,1.7100748473974474,2.0783950114813083,1.697198785158638,2.240165769878071,0.0,2.095547413509691,1.723570468897725,1.3883708052154404,1.797619763086832,2.1373927079306942,2.0594875555816783,1.6139919192581713,2.1693119748181617,2.2627458380296117,1.8445020630021058,1.9375825169292287,2.5286731423160225,1.7571358023229984,1.9318632934914048,1.670264486619171,1.7278144339613757,2.425791174936775,2.195129710230616,2.0325828929239105,2.328569046609978,1.8940141149525305,1.7696475496522106,1.762161410183007,1.734633914273402,4.3875750274268235,2.1858938518996736,2.20340023541896,2.8984229073632553,1.8006663990866179,1.4003614236256956,2.390058741056613,2.0064089381667722,1.7100937589807228,1.8199938192232386,2.2229454172397793,1.660930651519828,1.6698750615898823,2.070031110781969,2.829093750183338,2.2624977598708798,2.050646572576198,1.9527008395633354,1.6112449656758745,2.140827146214288,2.087373677741186,1.8868791431781426,1.9419745131473534,1.7381802648140374,2.1603761590355477,2.606369693806614,2.241176476513867,1.8046596611215495,1.7700130964170522,1.8671164497161614,1.8978645516224604,2.103969970970201,1.8728989265874505,2.077960732467303,3.3129373750738758,2.1871104612097865,2.6919898692650985,1.5544742168961851,2.691004748034744,2.011940376424688,2.0953492666400875,5.815993197915483,2.076515896107487,1.8223917443122906,2.1699227590595846,1.6295221164263891,2.59791677678672,1.93044440840308,2.4335977767646626,2.097514453447169,3.220435239082662,1.8473114992178274,3.5228609231597714,1.6983889602611437,3.138520207396832
arc_pair_574409,1.1390615790189265,4.89197498911224,0.9539107634298482,1.7378464153098354,0.99255617579978,0.7839554905880617,1.0921444105256144,1.0521425797053254,1.4990411884126313,33.832032756056726,1.4643769823260373,0.728081439735256,1.189312101295552,2.163033341560035,1.634683839087352,1.3123663261997431,1.1880312018654138,0.7951574188060369,0.9672206704072847,3.970187352207504,0.7939273310517562,2.3144599108122197,1.3226463325508433,7.836442084818191,0.9984997667769552,1.1627434875692733,0.9105462240169178,1.6003927820658004,1.049385703671665,1.9241002169461485,0.9501326543278885,1.8294887491930285,5.0246198624581515,1.3231878422766408,2.979232860911587,3.9517600170203866,0.8780272157863427,1.070860978850922,3.107317937366698,1.3120043168655244,0.8380556706785169,1.1335363236922715,2.639541084631644,1.510396987101921,0.680678335016742,1.4797218111494566,1.435415031777266,0.830400326864567,1.8387321336871767,1.6224221282064857,1.4107980117557237,1.2189954195644757,2.471974286394726,0.550773753611526,3.333617362038363,1.1992066836360817,1.0211781798811592,0.8255240375476816,0.7507701420449681,0.9699855655271374,0.782485964273542,1.1537794435035456,4.988841287807777,0.9448474879014143,0.8056578950511556,1.101007921547372,3.3950688482044065,6.316921929173902,4.44851540963837,0.9268855716189157,1.0712718485795985,0.7528715038078004,1.4334052131012347,2.095547413509691,0.0,1.0880235889266308,0.966474818038991,1.198948461741486,0.7975842045135096,1.806590616092025,1.0270200882762106,2.2480288801836568,1.9976186834417624,0.5963689166534667,0.5497857891347919,2.2652390387559223,0.6520974925834498,0.8461155626793675,1.3734938124069729,2.101576060909112,1.5682158195226372,1.3919016094833576,1.6174976124651192,1.3786664438840273,1.1277446672759999,0.664705841178991,0.6273620012712107,0.6527821633342661,4.774525169405005,1.492082462833904,1.1482630920631747,2.0389286337844275,1.062272594845521,1.1919409555107194,2.145309520413883,1.246200349290359,0.8990321718233101,1.5014001576264142,1.3208849699512297,1.503115029364061,0.8155369045751507,2.1743759108308245,2.715197982077523,0.9084446204812853,0.8360094731112171,0.702839267666577,2.0171912570515538,0.8478885707601945,0.8151775024674395,1.3157687000140112,0.6137933068700245,0.634130635970078,1.0069080311014214,2.305567121795241,2.2740339156943916,0.7093208371640515,0.8620189616344589,0.7426146603609218,1.0613785393146715,1.026705059563932,0.6920275980256052,1.5836533748408044,4.053132351039219,1.1828861085349307,3.356425050194212,1.1143164714493998,2.883523325192362,1.907706572480965,1.6175929153637996,6.612337668109523,1.49912192034316,0.9081338122961307,2.271524843262481,1.2254695051761972,2.411234564171788,0.7982321888081919,2.2120249682875373,1.657720455836778,3.953178293310468,0.9998115942188608,3.255710313495559,0.9368007824270226,2.4953974538200168
arc_pair_21282,1.0044625180983084,4.254563226160054,1.388403390058491,1.7692016451934076,0.864247766969046,0.895061949779701,1.1694816044587588,1.113966075172285,1.1260298784510678,32.78285739550957,1.5475489119562562,0.7871209861034419,1.1129137923636852,1.8929567983229472,1.703964941772328,1.3207501015488248,0.9339767088701645,1.0582202146525634,0.9743056997441653,3.5737871362878035,0.9176362340879103,1.8624364138448062,1.395159431642987,6.759961253093324,0.9385022282200929,1.0726923974016618,0.826465414421696,1.3746331821642332,0.8685955842631814,1.9182714905866685,0.6964475931706166,1.7828246703463568,4.307637619919298,1.2057691128396661,2.3403561273216233,3.4097047219479784,0.9856013438465419,1.021919753313079,2.6561513404618395,1.4595179777378602,0.9211960769328864,1.093242767769289,2.363474988984467,1.214271590661785,0.8938364195348916,1.5292882508448575,1.120440635261709,0.8270005364528056,1.3692798251306142,1.540411458580008,1.2222746904007193,1.1926412835567795,1.8585763646527758,0.7900339566970682,2.6950109478821123,1.0581411383967498,1.0105602911921703,0.7712235875997384,0.8744343091118648,1.0473672131338647,0.9733055089845601,1.2720243030856864,4.095567978302796,0.9500082556529869,0.8801571113757634,1.200903332973728,2.81929443168677,5.2784225989598035,3.8110452517990128,0.8256074181881314,1.1262485817320318,0.8086880833889027,1.4473099932712885,1.723570468897725,1.0880235889266308,0.0,0.7713579249413558,1.3124405641443477,0.8653295361098412,1.5329871171211058,0.8318279185289522,1.7233713848445669,1.8127602917890204,0.6836022562560085,0.816118459490508,2.0903585931803,0.8085048585194576,0.8938443135815474,1.2889170437561357,1.6495340526432454,1.579223893652915,1.2433378291952972,1.3005708449304931,1.2407437414786386,0.8659830335407579,0.7241220661582973,0.6938088462379273,0.9001851224366968,4.357226562102693,1.3593230845841826,1.1712972844729803,1.9122979750329252,1.2298700643499716,0.8592182816561108,2.032733166029099,1.246678427608644,0.9172815163954551,1.1882175894271774,1.6010435172822375,1.3223887632495235,0.920537781743018,1.9532653273676859,2.1984464478438337,0.9737874230217385,0.9260686992739802,0.9391060563769409,1.6092012171220427,1.118576063525156,0.898983484895765,1.158532299823742,0.7209630460604026,0.9185090156718263,0.9672934353375635,1.9846534159172369,1.8804995735640955,0.8299294812321153,0.8132385102942263,0.8222300744145843,1.0317675373240258,1.1308538685746774,0.7977098618225416,1.418614355165382,3.4755700758860666,1.3784326062470642,2.4936602590585206,0.9873764752467953,2.423036835813953,1.527195754994848,1.305162374851243,5.785435141134858,1.5110094639798572,0.8179464216274916,1.8739913363230216,1.256870004855271,1.9521067980775884,0.8428828665255848,2.3115705563143982,1.564866860037643,3.263732455295416,1.1404145462839432,3.137217917979059,0.6949573445877436,2.6863827484328815
arc_pair_575189,0.7390940019558581,4.214280815014813,0.7727541954590978,1.1546472312107177,0.7442892309013751,0.685517111696071,0.747474302089547,0.9190492068854534,1.0192783579810611,32.82842898920607,1.0621178417940942,0.520343852263911,0.9336426165921248,1.8585891154904877,1.1750281207107716,0.9696884855517816,0.9004178011971258,0.8741536682355717,0.6390557783414936,3.0046338543667845,0.8444712845898541,1.6583693983907641,1.3022632575408395,6.892044282891348,0.6947935065694623,0.8617775791423171,0.5464507290022452,1.292177722503093,0.6877974966881588,1.373752387476408,0.5238063621047861,1.2115073868467139,4.421382016569021,1.056363587314877,2.3927621660835348,3.0852097599772605,0.7590509358760789,0.9764282802680498,2.446644824394551,1.125561821999482,0.9392217382784924,0.9590775472655501,2.329834852860844,1.1382238486155594,0.7595530491077117,0.750775398831074,1.1148713165713837,0.5606325952839011,1.126343123575315,1.4224695225482702,0.7754024209978032,0.6723322444568998,1.8486989737104826,0.6413222354327948,2.5635172545166656,0.6877971625912741,0.8540023852752943,0.5182270872783404,0.6514150505448588,0.8397611876235238,0.601129551575949,1.0567051033711383,4.067014417099763,0.75581927964557,0.752501568756753,0.8118586279375434,2.8917280076572593,5.2326661041255615,3.9327608670612815,0.5727794530254011,1.0256489878368842,0.5835688616963226,1.3241862225753676,1.3883708052154404,0.966474818038991,0.7713579249413558,0.0,0.9533965786242311,0.572908996988598,1.296376491914177,0.6052152316111159,1.878987648638571,1.5103984461177231,0.5887541514707267,0.6701120197122739,1.9479699896508795,0.49914472140291144,0.6470098177957149,0.687693401576807,1.801812812244083,1.0757261006735372,1.1642581504958485,1.021298042595482,1.070316131269284,0.736053209838977,0.5701320894409769,0.6503672090491788,0.4475423163769827,4.415975461557595,0.9605662605182836,0.8001437590682137,1.854305383843752,0.5480470831313836,0.8364272543721029,2.0474462936811166,1.1521658755545716,0.6037192788542101,1.0168450209524926,1.0937999596638814,1.0980188588643183,0.5638153927009906,1.5568578697621245,2.2508636771694985,0.8940806922334168,0.7616911535089836,0.7244650648411496,1.3819366518153242,0.815300840944009,0.7707719756067904,0.8516575279672763,0.641575934374074,0.5804595452894641,0.7500521576858104,1.8655128059406758,1.7711138034932752,0.5100269810406626,0.5122828810013277,0.6236741926734304,0.6578825841812521,0.9827991721907747,0.6638495350313255,1.203929301234359,3.292188258066153,0.9564612878271073,2.6309280360359053,0.7073592850888644,2.4284524077599805,1.2526530428322467,1.2800762014541986,5.820740208080445,1.13259290014362,0.5195995360876998,1.8066203436061,0.9680729316530383,1.9773319432184717,0.5703894210916436,1.6463176283616927,0.8418885414023181,3.211689011576467,0.725125796394787,2.843689966799614,0.47181248982038576,2.2280773640420155
arc_pair_642743,1.26389937579958,4.830596279694455,0.9911663299124118,1.5595703959933145,1.329466053538423,1.160053974806357,1.1552314280449452,1.2452350847668292,1.434474382509356,33.49861635693236,1.525483055183017,0.8769593714360961,1.3477414501142526,2.238997282465697,1.7178338560797397,1.4219661641218302,1.4447825732511717,1.182419466054795,0.9739184825379836,3.84371438979562,1.2550086043858788,2.0539174436288867,1.5341656225408051,7.289589368515611,1.0543513831754427,1.215814207868184,1.0889740717693575,1.692058124304081,1.1291575721127036,1.74231925415033,1.1013764197513995,1.9937833758609067,4.884353645794524,1.3586410976271819,2.9146277048140417,3.6266464254299624,1.3161358170183384,1.240752742477345,3.021318519341947,1.512025515069189,1.354799957049907,1.4654207443057332,2.5631435120041233,1.5766112648580592,1.1830385653879345,1.4905106419931062,1.6113326328337656,1.1883209558132044,1.6323462908116109,1.8008984998838684,1.4412780288905296,1.2627792822981214,2.60693992092609,0.8784699581187287,2.9996100902085083,1.1074901143663713,1.3456931671984762,0.8549775281894737,1.0892817143055686,1.2235165548388274,0.8943890397010574,1.5646241504940726,4.6342335286415945,1.1395651272830678,1.0512999621089345,0.9207217416582203,3.3012862563280567,5.914929425779255,4.372011442883972,0.9983575050630646,1.3145273778222917,0.9888425647561793,1.6190226603889566,1.797619763086832,1.198948461741486,1.3124405641443477,0.9533965786242311,0.0,1.2065487332322373,1.7852141765330425,0.9748799556408227,2.1873971703602235,2.11622608073865,1.007686669692929,0.9345970855933288,2.4397746024964393,0.9610600253161805,1.1145511769736187,1.1618679163038368,2.061030698141327,1.6828119136648754,1.5502271330199302,1.5042306209559422,1.6018629407161378,1.3902711153313487,1.0657186311702829,1.0179933415159235,0.8557330660739156,4.700827318535083,1.609477083467404,1.4624805075079588,2.287205238905476,1.1390434122087738,1.1879125381002664,2.3747371112212843,1.4850330333553659,1.09451263378106,1.616866437798894,1.4572869479851174,1.3427346882765487,0.8989188291660789,1.901757469338247,2.621609208450754,1.302491595538068,1.1887714300294845,0.9261854779851882,1.8490665220094296,1.203970528345821,1.168896710804204,1.217694756450106,1.0458712649822788,0.9388984064877143,1.3344592029366635,2.1879865109284364,2.1433901137793745,0.9366317976822676,0.9835969857829594,1.1451893390434351,1.2041686326143175,1.2752993491029851,1.0380496205122818,1.7030103994739654,3.762618577051056,1.243590789288812,3.1007398579597827,1.2101906399062656,2.819379626903543,1.6860419500183947,1.6867992033699797,6.3487917157956,1.630350715210695,1.061339457564537,2.1855398002121036,1.2573105160889233,2.3197624448153142,1.0785629817331477,2.206638453710094,1.5051692473417178,3.621319335576805,1.1192447487369195,3.22946272603475,1.0617794983321285,2.5314589263133587
arc_pair_155890,0.7370665026970064,4.789861789318028,1.025690937326658,1.6908641702719192,0.7117006364909504,0.5787987040206926,0.7926856303512174,0.9093398270482689,1.211590236158043,33.69375612176336,1.2374247752244143,0.4717418398000439,1.0333331118202078,2.2032487963074523,1.3832341141953162,1.1550208633535541,0.8847301214734785,0.6664841409933844,0.7548539924116655,3.643419226143973,0.82227647615466,2.263459340559267,1.4452637002153623,7.790882643207511,0.883123964269912,0.9903671082737797,0.5466626492604925,1.3420551358967514,0.6607759310092496,1.8883907276887273,0.5815474970574592,1.129068069806239,4.981459259537318,1.3621788059059972,2.9035046351977245,3.907363148222507,0.7304884723525814,0.9652255238352491,2.7796604603190667,1.088067657928261,0.6874269940822662,0.7184596116146956,2.656399111302548,1.2978935879806235,0.6250463847913033,1.2568075540376584,1.3241093131565784,0.6436295758231247,1.6448467328541096,1.5148463703123793,1.0891022368274395,0.800910016974923,2.129247738509652,0.5847117341369423,3.239151259713288,0.970743715448679,0.6499842681750053,0.7222678947268848,0.42008837766318696,1.0691636806258202,0.6947207396666921,0.9853922566432529,4.883573365835363,0.8620803701627209,0.7376464281781435,1.145732625617626,3.5431058803641404,6.179532201133416,4.4085485486411,0.6061762944522845,1.1708984153696969,0.5804589118402306,1.3803745235926086,2.1373927079306942,0.7975842045135096,0.8653295361098412,0.572908996988598,1.2065487332322373,0.0,1.464671531979367,0.7586436255238003,2.201283039003218,1.6819008585073036,0.46941469888285386,0.5450075038461217,1.9679226383611024,0.48696516305532167,0.5993816685175596,1.1154189519436017,2.1480701225716303,1.151764831988,1.384706568309938,1.1638874027046302,1.0659446078006773,0.6727643255926988,0.44278130762007706,0.6232946032707154,0.5228630563361489,4.931128594490007,1.0311632299245517,0.7970499695101287,1.8789622549226501,0.812049276480272,1.143735401862855,2.3928174243166964,1.217004212214547,0.5892359218656025,1.223477417309855,1.163970802030707,1.3855247664686414,0.6962265484516605,2.1617312310528063,2.6532395995107136,0.6805029706788925,0.5302669007201157,0.7223877490529738,1.8944983524249388,0.724351884606328,0.6339596647226793,1.1161760958362756,0.4843119988113934,0.6139778746442538,0.47613398689943565,2.1213435564454057,2.2358619391843413,0.4597520628714773,0.5894584219413146,0.4145753697666451,0.6985441739759292,0.8684435977387368,0.6137245190846289,1.3589586535271225,4.09238760337963,1.1109633029003192,3.07524544164233,1.0546186679191725,2.9365590245425084,1.321414332836977,1.42521274678952,6.359520960779766,1.2874943995213024,0.5045654170711034,2.319807436256174,1.2933519262001714,2.152666564744225,0.47979015751465653,2.1143643731009725,1.2664009856652143,3.962974261327379,0.8602009294219128,3.189475024082088,0.7172371503731485,2.1905805418366624
arc_pair_497630,1.8398284632840007,4.842037870045166,1.900854583370012,2.2748774963766625,1.6517551889852768,1.6321419997883222,1.9398462227379476,1.6759757898907628,2.0124854626953503,33.150616204561004,2.0309924373722676,1.5516130515120143,1.6536784674127634,2.8655702499593327,2.099461735318081,2.215723792301747,1.811797380557402,1.8352042853680417,1.7031604974607972,3.9781653444568557,1.739928252553182,2.410132074008586,2.1393296101064885,7.243621637302928,1.6860223538771972,1.8931244590973022,1.4812190956282238,2.0424065130704183,1.7086605622804492,2.51612318098722,1.3571740997648485,2.229498679428092,4.93815489566582,1.9850727306315519,3.3035266933995393,3.66184200012687,1.504348669574045,1.7614532155673586,2.898007121274948,2.1622713610999966,1.7914822453874555,1.8274876470305892,3.1230674643884866,2.08889754778641,1.542685567018142,1.927109707224985,1.9959193463972547,1.507645423746403,2.0957060633564355,2.336880668921726,1.867179613968324,1.793763753714329,2.648315704950811,1.5519942861911584,3.3395493214821323,1.8143370084515453,1.7143704393808554,1.480895113665674,1.4330170835593194,2.0455870727061987,1.81364940594844,2.140704251410994,4.2853052269071865,1.7810890201082352,1.7967101381145794,1.8165664532143158,3.357312765091728,6.054190265683587,4.81072827909169,1.4830554844941841,1.914549027104787,1.5641953710460312,2.2910513566593136,2.0594875555816783,1.806590616092025,1.5329871171211058,1.296376491914177,1.7852141765330425,1.464671531979367,0.0,1.4116718283513963,2.4558921807996525,2.5796802575783,1.5895300810098814,1.7073153152047482,2.9346229723031785,1.5941034259031537,1.6119882114866533,1.8442873394113677,2.132874767318432,2.245287318963986,2.0430400210878146,1.9048916753735474,2.0461509433353724,1.5212799565621278,1.537135240690111,1.4929997036389184,1.5371256379964422,5.138433194473123,2.0862550638415454,1.8874738527280632,2.719732780805119,1.5478599009907803,1.6882842879349824,2.922719814304102,1.900154261558765,1.6346445096991464,1.9183578771805077,2.2154500027705923,1.8453634785825364,1.6316880017284725,2.750448499723296,3.1574513821828405,1.8365191773829281,1.5811372682875453,1.797301375563608,2.2885928720843163,1.8838729288696168,1.8488256160171033,1.49658794167647,1.6210611167650635,1.5438505755086165,1.614795214312338,2.639292777272237,2.577068074398264,1.444228292418494,1.5899452970282786,1.3536739061037129,1.657460564291335,1.89307631388004,1.7044321840163459,1.9345778569608696,4.152082118673793,2.11524470668031,3.23767192756556,1.6897552640208087,3.13501445911544,2.028316147169278,2.0886219884641988,6.406479552391982,2.1350687191476174,1.5785093746952426,2.5886878442730787,1.8206590178113051,2.670516787100184,1.6440319541180741,2.634335959193272,1.94202285877344,4.08331449270422,1.8530123351290073,3.8712315934292425,1.6177799994049704,2.9150675102491395
arc_pair_92142,0.9670084369778273,4.249087712097254,1.0312019134294528,1.2454099645497865,0.9417982517660655,0.9995524650182526,0.8648302782415338,0.9744918732077641,1.0499193070811317,33.336530755321995,1.0201181833385367,0.664721014269398,0.9293997533722487,2.0020513798985697,1.0236324464288633,0.9807189554750829,1.0763183124208782,1.1549282130204301,0.734696442482357,3.1895385322778242,1.0241812850811285,1.3966724027396937,1.3442950730759198,6.866409182530301,0.528878612726779,0.8770243887619547,0.46998793668705285,1.1724969611654896,0.6663347199604333,1.377660839393547,0.7486580788147613,1.246145324316958,4.272628540981831,1.1568597406793653,2.5042261401604216,3.095324616424749,0.9062228090334647,0.9831992943525147,2.471895470325502,1.266222374163672,0.9808463687651627,1.0213520275818013,2.2824235883813593,1.238072166680018,0.9376249356196749,0.9470895334496054,1.0779372639599816,0.6405269007833192,1.4323158822121367,1.2427227751911771,0.802018923637924,0.8395219324590133,2.0475007154606812,0.6792621349269492,2.615342326676215,0.8473016581264605,0.9949067714902933,0.4761365551653767,0.5387028315361266,1.0111098530000344,0.7220986433604051,1.338212431136013,3.9978169613669703,0.8341677304861801,0.8030881795778066,0.8750688407081844,2.8410853718676043,5.142908146388274,4.105539106350732,0.5793480417462826,1.0756588125381246,0.8799691645221652,1.5166721376474235,1.6139919192581713,1.0270200882762106,0.8318279185289522,0.6052152316111159,0.9748799556408227,0.7586436255238003,1.4116718283513963,0.0,1.6025717386515734,1.6703263745947639,0.6915559834444068,0.7950325881792373,1.6975793193914883,0.6668429109318532,0.9132514128082856,0.9798772827893567,1.580891655989673,1.1107940450292386,1.1906273512082128,0.9536109854553638,1.2797045042540973,0.8667560200764622,0.6769371357251209,0.6539863693518588,0.6258827828894521,4.258762260179297,0.9395905488775538,0.8159840751349273,2.1002612081700107,0.8112322717805682,0.6930923329365065,2.1938041192490045,1.126020079442485,0.6081144738171596,0.8346583221847863,1.1318109161075498,1.0207108367704332,0.8124034660705342,1.5066622921834458,2.14913996657819,1.1498070386131491,0.8952583126819564,0.8724254489454202,1.3259073080228234,0.9762949831493855,0.8197583150481615,0.8983816817412686,0.8278822837819149,0.6677613172552385,1.051598316422739,1.8557207182710282,1.8719054963781656,0.5596748212736496,0.8196284755873611,0.8253751630509361,1.1663581200998652,1.0303198223899452,0.8485339283266188,1.2303667983787219,3.417308715168487,1.0404342827660282,2.3466633260371497,0.7023797433715027,2.421134920685753,1.1362464901630052,1.3582312396347909,5.9599113469570675,1.2568104314779474,0.6155206381603922,1.6488658892350778,0.8718850527745161,2.0682305667428897,0.8536295175892211,1.5655560826528878,0.8839263610279088,3.2598671496828406,0.8768533542576502,2.9478643504023747,0.7650117871700045,1.9708266182081888
arc_pair_653762,2.2444894780267726,3.9409970632079574,2.3359396564402943,2.2568752507117926,2.2795911672583085,2.3504582322934513,2.1590187927498032,2.344048465307446,2.1633078483951866,32.370109716845896,2.084387784992474,1.960991019330094,2.40528203036214,2.89695970176866,2.2285413981181064,2.387771445097425,2.2128970010677613,2.400796676664919,1.9138580399620784,3.6907677528926994,2.223783988453747,2.0311154931669835,2.3932085530478733,6.100253472317651,1.58553449901541,1.9636524823180714,1.7894524231437443,1.9309966427001863,1.9374142808191723,2.278581001207865,2.0576452517948614,2.5032274994687738,3.912629071444314,2.14873624026887,3.2474156816754594,3.1581531205610034,1.8923904048029117,2.021921160832258,3.1738734133323696,2.7064267956455152,2.262629785792769,2.3072906313558823,3.000043160365106,2.1875075563849617,2.1540133451106436,2.1086644667365997,1.8793885080164463,1.9068538165355016,2.2464666781416347,2.2616471458604663,1.9942290181223536,2.023486031983615,2.169051203432063,2.0491286999512943,2.702570150936369,2.032056723088167,2.2674737533407434,1.682191338812821,1.8875599233853253,2.236538507378282,2.03222385054531,2.7422981229010395,3.789694082036485,2.2719096045314835,2.204742493573619,1.9109772097657114,2.97275765270999,4.689736635737657,4.375155372324634,1.7962872760299393,2.3714923770184457,2.1727440416711206,2.7673420445959693,2.1693119748181617,2.2480288801836568,1.7233713848445669,1.878987648638571,2.1873971703602235,2.201283039003218,2.4558921807996525,1.6025717386515734,0.0,2.6261804141611655,1.9777712022275937,2.2152201520031096,2.3477451956364126,2.0805863102914626,2.2664332579347755,1.8929948359003563,2.041762450709387,2.1327331164434655,2.2725606998854424,1.8747698288398373,2.581651249333375,2.104550959902012,2.0481746910801113,1.8517118082991577,2.0046028866428007,4.491838059715745,2.306311542047993,2.3154931699087484,3.1107736865895053,2.094050655306635,1.6600256032778857,2.9332517337293207,2.109765586199899,1.9936234749163335,1.6269100886091175,2.2545507128212563,2.2436489136540985,2.2092341109797076,2.449366535315476,2.5386898881457314,2.482269826331253,2.1807255839773796,2.262830848067145,2.089937352061907,2.2669885319734684,2.222619978478604,1.945416283052849,2.2411152806187657,1.8868362940876808,2.1931038561079403,2.4279899491450943,2.3722412993438518,1.9303061370234154,2.0437847560561426,1.9838810500398072,2.4686444088128847,2.3782746188643396,2.196212147347352,2.1725180757613227,3.4223298705915246,2.406398887583698,2.193242030359027,2.007694406488971,2.847218683953172,1.7750373466619842,2.4088063576073413,5.87212948548613,2.4583470573319035,1.9378150289773377,2.48546349368857,1.9130785534462733,2.403658842910641,2.1689204327700127,2.4965861671305847,2.2493609164128574,3.1871659891094386,2.2036432186007415,3.6951818857622456,2.1045920425839313,2.890593957963469
arc_pair_136665,1.6345398952158385,5.096678620060622,1.9460209259746173,2.327822892337429,1.7629561461668737,1.8912690016312381,1.786334369875649,1.8942515626687184,1.9729513019122373,33.03401398549619,2.099533252749381,1.7038427665225848,2.012554566695413,2.5249262222492135,2.31856194344099,2.0064029488369544,1.9897282016138924,1.7238329048843914,1.7913067161320262,3.780879864979932,2.046664536091244,2.306696757358484,2.2566801904594342,7.251716003061455,1.5842000760536123,1.9329514437344162,1.8508401681882898,1.9826092254544392,1.5279084454500087,2.1735926503764196,1.6771879692135316,2.37407337939588,5.002311457536804,1.842243710743396,3.0571310042907864,3.404215446744068,1.8453374426723248,1.8700568952393746,3.188674174008818,2.175542721128047,1.9469468499935365,1.7348894293453387,3.1652495796714057,2.123392032689506,1.8194062246020404,2.0653328676317666,1.970331516910923,1.6411667926761875,1.8773761920540575,2.053115529041408,1.8641645012615502,1.7377242820468166,2.318005363693635,1.7260115857295755,3.2667152779775472,1.5767012904773272,1.8114617572067586,1.5810506235973678,1.717396523477723,1.9917141098806412,1.6831027430854821,1.8912509132010031,4.61410071509712,1.891544083792136,1.7183004136995104,1.8995112841771045,3.339866816238697,5.494261107876401,4.332810039257054,1.575949914052083,1.9746234238372162,1.7283426652356824,2.2587195428784193,2.2627458380296117,1.9976186834417624,1.8127602917890204,1.5103984461177231,2.11622608073865,1.6819008585073036,2.5796802575783,1.6703263745947639,2.6261804141611655,0.0,1.7881505957350392,1.7705288409745852,2.3908044053672235,1.6143318147217094,1.8924850108957878,1.8186814923169718,2.823219830105126,2.0687664337036136,2.191103911918556,1.8138607893707925,2.1641842490626173,1.88065108071583,1.5879040961548232,1.880638930688469,1.6282400837037323,4.960727904913535,1.9300935652636584,2.065590838479478,2.7241204773439804,1.871273338088733,1.639575211456568,2.955974676291289,2.12595370187403,1.770131649735268,2.006016494247328,2.03600161728169,1.953378723023298,1.6321871052136343,2.439794028602728,2.8243701503225465,2.0126785456080842,1.7145923562499268,1.8175365884973484,2.171729715795612,2.064812498230757,1.8810941583321115,2.0832625274973595,1.7887481802573975,1.6943237232336221,1.5588096618880671,2.886305515976561,2.4593544857446954,1.6914850649519872,1.6093946869217464,1.6667314896770689,1.7460332287976297,1.9950252999840925,1.831695707111429,2.0998101143883683,3.8005316313933926,2.01383405601499,2.9440208672404156,1.6358796939928943,3.2150326356676686,1.9390269206061643,2.013973618383889,6.519105942326485,1.9473912952867536,1.4301179432093942,2.530982846221231,2.074361434172924,2.5682352541369164,1.7180965536384087,2.5759954433290098,2.096894525707886,3.861131628149692,1.9623500385879677,3.571348825616528,1.6285952454423567,3.046189820906532
arc_pair_296739,0.7475016705509892,4.70357284555287,0.8193337580448078,1.3835013900945659,0.6675350946380828,0.3885821982759024,0.6583409254533441,0.748170163476581,1.0541911600564309,33.66624662447567,1.0335642326705683,0.3683649638524225,0.7788196353417813,1.8212344163460312,1.17957435921834,0.6851412316957084,0.6375595161992635,0.5447420045950928,0.6249805378169179,3.5567878895115177,0.48528780098267893,1.961195244841572,0.9566861586299475,7.585414582060494,0.6085890429487264,0.8194933977537362,0.615699881810582,1.3379004754412565,0.6233667296826859,1.5479151892195608,0.5464039240789748,1.5256322555288544,4.944785287543503,1.077892602841676,2.5042572859949614,3.7239263865116543,0.6004707213797135,0.8844698208679347,2.757671259674458,0.9352814370279227,0.5891620474592494,0.6886125179474198,2.324507200485758,1.1598641543262214,0.44633825207476213,1.147814895757032,1.095247723110032,0.4668463784861946,1.5095500569981106,1.296438002599079,0.9993400365433562,0.8639532614113098,2.1739342259455983,0.3131335576440123,3.1594249907895877,0.7314196459967124,0.6820107451819949,0.4757194626129596,0.4116696653921769,0.6350403097016739,0.4430293662690319,0.7591556871341201,4.7860011099681,0.6115302436601753,0.39064630467992406,0.8437899281171557,3.325473094974154,6.040621904815397,4.26281572791885,0.5817924354896229,0.7798579897070758,0.4348996807089679,1.0706402646702604,1.8445020630021058,0.5963689166534667,0.6836022562560085,0.5887541514707267,1.007686669692929,0.46941469888285386,1.5895300810098814,0.6915559834444068,1.9777712022275937,1.7881505957350392,0.0,0.33001127275040254,2.2122879198204393,0.2717721650428506,0.5015826495516797,1.012764943705131,1.8670042336914459,1.1205190790250388,1.1253369102898327,1.3818063052986083,1.1284372458649252,0.5350659470295736,0.3300282960983626,0.34932890591989174,0.3954450503374548,4.585359088640418,0.9314722851740012,0.7385408900403563,1.6566235531221205,0.7488769638336573,0.8591610837591039,1.9078651307137404,0.9264423104712611,0.4626147828779317,1.0539694544176752,1.1102726788864996,1.20551660163711,0.46293424750436063,1.703880744067671,2.4030507718033913,0.5683127915185013,0.49900342942396636,0.4037351589222392,1.6964101569060968,0.4924147522253597,0.30228821012918206,0.8629501087618048,0.23707415480713045,0.4044243900475812,0.6837678523513593,1.9116410017556753,2.0836937285839703,0.5384456036954837,0.5800804384401839,0.5095147305172352,0.6924268409329954,0.7080220104780748,0.27296266147225223,1.517881269732141,3.8601257611006914,0.868047973224662,2.9951850586060322,0.6444476298298026,2.6093346842454954,1.6215098228691966,1.355102653315078,6.346571811877425,1.2144209749388235,0.5409001285307966,1.97523895868471,0.8163176467555656,2.1490548260115983,0.3579674888621682,1.9387543409357089,1.1722562598855666,3.681967244179173,0.535971321466202,3.0090845220326643,0.5211222603191759,2.243364803843824
arc_pair_457010,0.7392412648667307,4.943987830848146,0.7350105682890542,1.5187356911703336,0.6915040930881967,0.42376132578491743,0.6333507821696192,0.7527176505281061,1.1294808741703821,33.74158026402234,1.252154629224776,0.3666309003314624,0.8071830436616338,1.9409787778397063,1.4804544201102878,0.9617152569579323,0.8783218509605479,0.5551837919836391,0.5808935203408957,3.7749980151870073,0.5786415063320577,2.0855898339725645,1.0767734491814132,7.774193941728716,0.7225807476864647,0.7879756332129433,0.7092018155594023,1.44930251220088,0.7214836575665549,1.6288987989732922,0.6382696922590836,1.4987352017698787,5.010093787122907,1.1319839539556964,2.665575491891474,3.9644042796691155,0.6793005070968768,0.9194569044764163,2.906819057996422,0.9724426189638891,0.5984797937537145,0.771874539504382,2.4155727492738914,1.2615235419276511,0.5519424698327449,1.2477136984294677,1.2626605305131364,0.5408842468225985,1.4943686626076471,1.3783640983669165,1.1293390804556247,0.85080670672022,2.3305485088467677,0.3746294953404029,3.1446030561606166,0.7733118123240874,0.7583569095138583,0.5767797620848324,0.5543362983732931,0.6719230867614362,0.4404730527197647,0.8896928833264923,5.055374699097154,0.6577148402351742,0.4326362728946981,0.8749783009384727,3.3951463397795227,6.205818581850035,4.231967825279976,0.6303365305273594,0.7758455775961944,0.4653094081892692,1.2012743437239575,1.9375825169292287,0.5497857891347919,0.816118459490508,0.6701120197122739,0.9345970855933288,0.5450075038461217,1.7073153152047482,0.7950325881792373,2.2152201520031096,1.7705288409745852,0.33001127275040254,0.0,2.1915865304484434,0.3496036783744608,0.5255446133238203,0.9419999323313109,2.0484041306722,1.2544600562088217,1.1687893502354665,1.4064319203387463,1.1424815039238425,0.7717590382657082,0.3746903573282644,0.45731663504843467,0.344647093548325,4.684396680249946,1.0411908716515477,0.8713437924267448,1.741707966235696,0.8290493475197956,0.9293580999367395,1.9753651831795094,1.00261018704414,0.6223488064650637,1.2163579474551898,0.9965225889785805,1.315024799998048,0.4397221270800321,1.8620516068490007,2.456605478935526,0.5112479034845719,0.5967804054737509,0.4247423850260197,1.731569776288732,0.5543166637679514,0.4340172876370303,0.990758945299614,0.2514052164249271,0.44641791719666224,0.7283422325645525,2.0095960947168154,2.1242223515542866,0.4928834381067818,0.5308737717524372,0.5711263039515043,0.7258190266059521,0.73153625023702,0.3509268136763024,1.4569028676106888,4.03601500560575,0.8988782183662611,3.1860791349379634,0.8379442649669682,2.8191165232554765,1.663663551574839,1.2519518836746717,6.392049146859327,1.1020648100484047,0.5493996281409544,2.1778142775569225,1.0414902176834568,2.243317589185689,0.4224725807859685,2.1413124216008903,1.339044860054778,3.8072797471514024,0.6392175896433913,3.027217133922743,0.6076066919353945,2.4918381283702
arc_pair_598798,1.9935325793281071,4.744836170726468,2.27708409110281,2.829529242133328,2.309773844177254,2.535269053638695,2.152499654029712,2.276545110959258,2.3690882604440273,32.795168015388924,2.466283563218618,2.0113424845805423,2.5520751244085913,2.951177404528816,2.4251100673664974,2.578066806723327,2.627285670525322,2.4087706283554837,1.9524390869871115,4.01548491409095,2.346932931642416,2.066543676065206,2.790933879073746,6.473636214808827,1.5807590508074787,2.188417981179792,1.793487207167308,2.3230182765729728,1.768320539413185,2.5561618814896394,2.0942385890016344,2.2787950878165444,4.3221898969241686,2.1603969626051653,3.4451538137246933,3.412274991556943,1.8656964755577032,2.0489354953688745,3.5136791102143876,2.559419102129142,2.2935421324842795,2.233834811471452,3.5241358717045275,2.4656143755650843,2.1700196084056205,2.188944091957629,1.9900202296588891,2.0922767905002138,2.4090141558815326,2.015579742300693,1.9189582062179134,1.888456853379676,2.3545734861125105,2.093029220359562,2.42648003046384,2.2982779909093947,2.2457130782294064,1.8950219617824189,1.9460695836862756,2.1624139289224686,1.9059085230430162,2.841859502474594,4.198066697214263,2.083985304366331,2.28862306595625,2.2184253575444046,3.01409361022077,4.8037505093750275,4.353682072761219,1.631161910394041,2.3633480185347597,2.195527908209137,2.66833825191733,2.5286731423160225,2.2652390387559223,2.0903585931803,1.9479699896508795,2.4397746024964393,1.9679226383611024,2.9346229723031785,1.6975793193914883,2.3477451956364126,2.3908044053672235,2.2122879198204393,2.1915865304484434,0.0,2.05263710903892,2.3328834924420847,2.00700889943859,2.407568883593581,2.320213758541775,2.417600913794313,1.7173525353434589,2.312618826659832,2.6659567886481144,2.011638871395224,2.0923921097208646,2.0279586792561584,4.96825951667917,2.239460201194782,1.984236667524014,3.342514552737284,2.2115851921302623,1.8829810650949872,3.104077904896708,2.244033289957464,1.8168698729853796,1.9164726240282741,2.0809803438191574,2.1610712317389877,2.295313902730335,2.8444809559008903,2.7839287103768897,2.5104036429981873,2.2064375168148667,2.3065972065774862,2.4689477786806284,2.2138163465576657,2.436162240148086,2.6507914119299603,2.3792758778920833,1.7846815773078195,1.9753700486552255,3.151032009464552,2.44699943119526,1.606770961906696,2.0226622582545706,2.083291323758554,2.46426134570222,2.5630240379214344,2.2088363310351222,1.917458248656457,3.502963678395635,2.56856860493353,2.865907387532385,2.114490333325501,2.9223937173394203,1.682836979394033,2.344962485317521,6.389495454175519,2.369549694699283,1.9089241570669933,2.64554542576982,2.2625973137011712,2.9331394294514963,2.3024670999898835,2.1727713140424383,2.5385428484708688,3.58006896099988,2.364841246977094,3.798712531980577,2.27256603517302,2.734814533624828
arc_pair_674216,0.6570459586627875,4.691350138315396,0.7191777692334064,1.2555405280225487,0.5949860027822467,0.4479863597912893,0.5995107812033824,0.7464820596914414,1.0725260630240063,33.493370192356636,1.051736892320103,0.3085717072693547,0.7709898713292511,1.9383391482755457,1.3136187308644227,0.8200721914561127,0.8426167782186968,0.6336796592227965,0.5109629692250992,3.6604004760709348,0.5964673215601287,1.9525569128176832,1.070897248149803,7.582424479537021,0.5670311634301082,0.8796007504203982,0.6370529605829831,1.4316823486618375,0.6435845029766785,1.5575501914597683,0.6167399106061389,1.3521145801960426,4.853948301974349,1.1326120288000832,2.685096559506051,3.799515741511185,0.7003613949315587,0.8512366028445295,2.8503966123415005,0.8693745308495313,0.683221185649155,0.6451425730285595,2.3557570193273483,1.1967801116010477,0.4771565719232731,1.0423163462421519,1.1940515847429756,0.5493782149485327,1.423799484848377,1.1841827795604594,0.9619817966927137,0.7056760682869766,2.316021835387456,0.3286315654810613,3.0392675124296002,0.7727637317358935,0.7035239912855402,0.5341391968092914,0.5098143470824528,0.6384180137422008,0.3578055975991034,0.8507098119134415,4.849857232006034,0.545476152543314,0.3946262073880531,0.8867455179601753,3.4176856824030573,5.941126337697938,4.389200449053961,0.5438446592208571,0.8344058515273072,0.43953483433166307,1.2123866546149875,1.7571358023229984,0.6520974925834498,0.8085048585194576,0.49914472140291144,0.9610600253161805,0.48696516305532167,1.5941034259031537,0.6668429109318532,2.0805863102914626,1.6143318147217094,0.2717721650428506,0.3496036783744608,2.05263710903892,0.0,0.5385502893768351,0.9075404028049856,2.0266148659048144,1.237669845949337,1.2386911860204115,1.2823438361207895,0.9745451555231212,0.7504809817062854,0.37690726817076703,0.4806436492590033,0.30877683596144306,4.471736313630305,0.7975315260127273,0.7852629944343457,1.783415505315037,0.755344314939572,0.910916024682164,2.0033026483087135,1.0166121742538785,0.3417555692649422,1.1871492053477848,0.9005346863857819,1.2315688402480907,0.40332265857485844,1.7708618672867882,2.5138554067041063,0.6209536191729363,0.4534165847629573,0.4942917630607736,1.697410059321428,0.557598078139386,0.45258195457553607,1.0237762900524932,0.26015019505719156,0.42056979218656265,0.736717095077258,1.8551580725828851,2.1039247650804427,0.36566732317923156,0.46007194177777677,0.49591987936814874,0.7069138883131381,0.7797083751405162,0.3925132228017251,1.46551791167394,3.8505817111504608,0.9157794284583777,3.0617557396623885,0.7756786271581021,2.728165931848329,1.6000387737806543,1.3562966912941123,6.3688629051640735,0.9872348124260251,0.5902674466790836,2.097183495943561,0.9048971248483606,2.1903644284187,0.3733620457776403,1.8453120531069556,1.0856367641203466,3.686410995786372,0.5928540434166625,2.9668714557395504,0.5216612874939517,2.2416711182707054
arc_pair_68624,0.8124879653909867,4.944735587238056,0.9609507970586619,1.712724829908029,0.7268622293025164,0.6314422987169981,0.8869517252886853,0.870957129370159,1.2048585912912475,33.607269684739514,1.4277014900555156,0.5137106914781913,0.9961156557384747,2.0810293576918997,1.6456360038813147,1.1695909620093925,1.0529786815297486,0.7940798116097303,0.65329868578564,3.7655517091676876,0.6273713444449975,2.318427377588421,1.3154050792776908,7.685247609414651,0.8641198722399386,1.0183217805011413,0.7941769577795261,1.6006671948224687,0.8009090946059261,1.8004288390760435,0.6783300428746896,1.6203070771748216,5.067828649145927,1.3188520810866606,2.6634520907965804,3.9553184966812918,0.9216887554660691,1.0119106794445234,2.9538851589379265,1.2210176421505146,0.8371622974071833,0.8724201953598647,2.5095455470971753,1.28098655147452,0.7653932287464497,1.3378776022852117,1.3937288639203904,0.8260177637874808,1.5633355241254656,1.5915933797132948,1.2892717240081177,0.9531424204441876,2.331678703468069,0.4713101872340282,3.2532602790611516,0.879932989694897,0.8717307746794722,0.6976946949280051,0.674769012613013,0.8891345160437356,0.6411505491819267,1.0507283710794846,4.915134796084183,0.8451153567264122,0.699099565960732,1.005342760065142,3.4781892902900524,6.308934459868423,4.400244118803759,0.6632537012558556,0.9830054406232049,0.5917532318688793,1.3293829752749406,1.9318632934914048,0.8461155626793675,0.8938443135815474,0.6470098177957149,1.1145511769736187,0.5993816685175596,1.6119882114866533,0.9132514128082856,2.2664332579347755,1.8924850108957878,0.5015826495516797,0.5255446133238203,2.3328834924420847,0.5385502893768351,0.0,1.164062114513863,2.1419413837904187,1.389518136677363,1.3920646508299257,1.5072091428941699,1.2317082904376315,0.9336296864235286,0.5734960103532261,0.6186952574954899,0.5138622142730569,4.8296682409307214,1.2711886756197517,1.0149047789900116,1.7576604080993412,0.999554444633159,1.1375435121866608,2.264285726054525,1.2153718803994265,0.7166836984661337,1.3820535687296982,1.272348897980251,1.3907071777873177,0.6077903817340418,1.9857246264755721,2.5616945146353913,0.7748083862298181,0.7080270109864809,0.620530270539214,2.0134702007026397,0.7317965770327652,0.7129146848150947,1.0437536586988494,0.5097229786542903,0.697808263693773,0.8519143618409958,2.125443171696272,2.203383690736847,0.6306720892872708,0.5940142261150135,0.7274844519419537,0.7518599118484987,0.9999619962997721,0.5608630629844253,1.5146547810882982,4.004076750380537,1.1395484678669159,3.1598916964689994,1.067698195903567,2.8870583200601794,1.6927862735725299,1.3432963913650444,6.3063346479078035,1.3189757408303393,0.7565226193218748,2.259007718360559,1.2199736758618258,2.283581991104118,0.6118728975917307,2.2865484331466845,1.4040512427452658,3.8346194287048805,0.8397507659727517,3.1778028520952937,0.673565417597507,2.661549739490659
arc_pair_228212,1.1770737997399094,4.236199789823596,0.9568130455440739,1.331908743942253,1.2924317363806392,1.1272824435128563,1.0413818700906219,1.3452029337496851,1.3112790178708869,32.606006893929525,1.3139460332544943,0.957766775089776,1.3637564522993104,2.0486340559104486,1.4736629993183397,1.3829600090487164,1.257811526155194,1.17148781075458,1.06337733240154,3.2477533801689216,1.2423466828945413,1.9831381207360685,1.5421441977657424,6.684838604477427,1.0537096372098371,1.1254209903419405,1.0624340151386846,1.4541504477653828,1.1605392967768415,1.5158099744022158,1.093821312242888,1.6857575967932936,4.365308444504448,1.2979095254813644,2.6572768433173444,3.1907526875822954,1.1154272961951006,1.3476013419117732,2.7861804872748426,1.538362100248568,1.4006491018925207,1.3928004103438636,2.6863129768385177,1.5985638880269049,1.2217442240677643,1.2397797965007478,1.490270771508257,0.9679037129012965,1.5640785856497312,1.6234630087636752,1.202047096485279,1.0294696875731435,1.9941001487869734,1.0084290240776754,2.605378945483228,0.9491001230280615,1.3322293522176931,0.7509268663990096,1.1056925203924113,1.2451601570741857,0.8563158403922476,1.5103155478863468,4.20560275073375,1.1785494835214427,1.0831845597687781,1.0451584165932712,3.0195382217831734,4.923345497207746,3.948381649043646,1.0541401793613736,1.3538239290284106,1.1097726850581178,1.6903539370798943,1.670264486619171,1.3734938124069729,1.2889170437561357,0.687693401576807,1.1618679163038368,1.1154189519436017,1.8442873394113677,0.9798772827893567,1.8929948359003563,1.8186814923169718,1.012764943705131,0.9419999323313109,2.00700889943859,0.9075404028049856,1.164062114513863,0.0,2.0786884714388116,1.4520774127958833,1.3022395390614734,1.316750044049561,1.5187807912017575,1.0832833177684806,0.9941316016783202,1.049812851552637,0.8081250567883315,4.533979052060427,1.2851479576786633,1.2802076984315507,2.306810168636667,0.935566914250719,1.1721806930448349,2.139125252074227,1.4977370775181287,1.0978501577525759,1.2724880347196432,1.377663140059182,1.4489484008243454,0.8654125830266035,1.7404156709549254,2.270142578359441,1.2558362724038767,1.2744390541899084,1.0252705746487347,1.6111891943951617,1.2115385569413686,1.095289403550947,1.2997575113494557,1.0405923452709023,0.8506393113191641,1.1763262100358185,2.084458209241071,1.9640834372206233,1.0142125466759198,0.9702176550597681,1.0937397718773187,0.9829038637102061,1.3290720602287949,1.0261250260281627,1.612139588511074,3.2115384722878018,1.279542130933854,2.6470215175121665,1.0607998221758421,2.678955570878792,1.5159486410638534,1.5272238402065064,6.000613202821868,1.2963290988167135,0.8129516422678967,2.101641591054369,1.1697896624850896,2.1505053581611175,0.9817259684672794,1.8996020926372132,1.237265674054468,3.3416922356423617,1.1608146508498594,3.07026748804103,0.9972654365299211,2.268393694787253
arc_pair_453710,2.0822106571152172,4.282618130942938,2.3672775425733428,2.444473318523415,2.166254184037702,2.2794780065834175,2.1894072825876374,2.288946956900895,2.0534373976994584,31.751874012410227,2.3115831158638405,1.9208385323043435,1.9841433675338658,2.7190136126261306,2.3126181979683005,2.185334842949616,1.9785276906528746,2.3464153634375204,1.9445971320124917,3.774545330136072,2.0019245907691037,2.0097914590491412,2.2606338726135795,5.787399644083172,1.695652052164785,1.8762214962396007,1.748553098036098,2.175609428083433,1.9190995168325906,2.572216257907613,1.776204327664521,2.8483758538413504,3.9946217310384706,1.9620314587368164,3.139524795859245,3.1650138166162396,1.95154106655768,1.975058157012762,3.124372479298831,2.609029494714098,2.1884270778021566,2.3403299558289534,2.9182375290347364,2.3544299246484526,1.991433792803262,2.315459467083601,1.8055717267320035,1.771087202115453,2.1372321253736195,2.275248498783008,1.873044458815266,2.1602196418578843,2.1879284696423382,1.8771606541909307,2.699568872305424,1.9561443607051026,2.2033531172514014,1.7377829467692258,1.8321520929775308,2.013096940518365,2.078691361760133,2.610375452191497,3.5473631807901205,2.0665197586355015,2.0143512231473495,1.9139898323365012,2.4538140635297685,4.680697844137379,4.009239351232305,1.8183599158218564,2.156221869136997,2.0315999147007653,2.4827540764730136,1.7278144339613757,2.101576060909112,1.6495340526432454,1.801812812244083,2.061030698141327,2.1480701225716303,2.132874767318432,1.580891655989673,2.041762450709387,2.823219830105126,1.8670042336914459,2.0484041306722,2.407568883593581,2.0266148659048144,2.1419413837904187,2.0786884714388116,0.0,2.5192661472803466,2.1959306284379916,1.9495036226682532,2.5113596716489246,2.0035163586308555,1.829169294653194,1.7695538531466986,1.9881395831862365,4.645471384182346,2.383668783439038,1.9804858831511245,2.9414812887974,2.1693876241338113,1.5978244715988004,2.437715217532865,2.008340657569516,1.856227750008258,1.6659801844827227,2.3513472720815756,1.9214377390814985,2.0471340809953396,2.600348030726675,2.513475069860725,2.3488715232281345,2.1740311266216708,2.122603710332701,1.805325414290563,2.2300866622202036,2.0832893710153155,2.1351555717524953,2.1073012815682666,1.90248535512387,2.0920823687304564,2.781978925065069,2.097275206076799,1.8979394438910235,2.067722283890158,1.976726627058574,2.271279629429488,2.2062700972764855,1.9713347155744787,2.1104298978474447,3.2060668015947047,2.372565427531811,2.495924463336749,1.7653945421358284,2.583125580468022,1.7891717705176715,2.3213463312355938,5.754253648077572,2.4564547195451083,1.8678880971079561,2.123455228347435,1.8159259541355728,2.6917697739008863,2.158317951321377,2.5802932231022235,2.3856428740218143,3.2757960454557575,2.1777246722859656,3.534956538332998,1.9789270924802769,3.0667074636924925
arc_pair_7256,1.4464775228943805,4.872451089424258,1.1221108652204388,1.2291059105312727,1.4672390006144587,1.4881148476421964,0.831270515247394,1.6223928276855015,1.7373445654527337,33.26073592699683,0.5976815985231967,1.1695556155039526,1.7264546890826287,2.596731468785423,0.91314915347549,1.014587633891062,1.4867978657549203,1.5376776433116879,1.2269143824349265,2.136452525800409,1.491209601984848,2.007507178461324,2.0192912701820704,7.457819123790209,0.9117172056044659,1.4929509873347317,1.016006868673414,0.9599823769105867,1.1725611479120621,1.0146260194858545,1.2373829600929602,1.2644467366531291,5.053017709140084,1.6942464369654737,3.200844313444392,3.374448270806786,1.3305232488204548,1.7634672363603459,3.0632979288939746,1.7993790465964996,1.5712220103496102,1.4182134052203723,3.084443130023727,1.7669754264731612,1.3704531277325842,0.7443174153715216,1.689308889217759,1.2180786334133087,2.192182054769833,2.005299130185344,1.190711884701444,0.865968157137935,2.3179144277878443,1.300214446030996,3.2444944135017906,1.0934019760242808,1.4630207342674328,1.072815046395545,1.019369559754608,1.5218788537747887,1.0610296123693335,1.6920963072256772,4.763496053101711,1.5697464099118035,1.2942184626406437,1.3051866536930539,3.3348816206176037,5.574635388211658,4.672237923448146,1.0948207607493166,1.8110322518585842,1.3544654561215723,2.1427512702766087,2.425791174936775,1.5682158195226372,1.579223893652915,1.0757261006735372,1.6828119136648754,1.151764831988,2.245287318963986,1.1107940450292386,2.1327331164434655,2.0687664337036136,1.1205190790250388,1.2544600562088217,2.320213758541775,1.237669845949337,1.389518136677363,1.4520774127958833,2.5192661472803466,0.0,1.949147344321335,1.6482017426942737,1.997074153870314,1.4383819750254208,1.1559460504351102,1.344557823542174,1.1156197642335366,5.215213653283188,1.2292820328162515,1.370439125183181,2.5588248966760005,0.8415487830055082,1.5918810279524567,3.0025004029939732,1.7417028485938344,1.2595026257375748,1.3602769033353637,0.9616899105923846,1.9550214090895865,1.2923734345130722,1.4093413209572383,2.712900227207873,1.5939199698389066,1.2992633925491743,1.3377063824926556,1.902666227719847,1.0211048520117314,1.228675343791803,1.4468407068628648,1.4264829829142867,1.0416757862269335,1.2527849953225634,2.5313285673114096,2.4317529231985358,1.3342226887391344,1.1826729981370814,1.1682040333882513,1.4423525084541784,1.566090155662221,1.3308361106443722,2.0400518977102227,3.9571198109198398,1.1909000614847527,2.452588645820358,1.2224053878217758,3.1739560441166446,1.4341057587471124,1.9898441113657825,6.498401231011535,1.713526030792301,1.0413887364905179,2.382920941423472,1.4560204692247587,2.3980053763437255,1.3616872325531066,1.4404422755773976,0.9261556043756884,3.720296105725196,0.9181042544188374,3.410154844685616,1.4451075570940577,1.4604273943617823
arc_pair_263939,1.496997952241737,4.942546161510371,1.5656791358370232,2.146102014570742,1.3622986441773262,1.3648938812970937,1.4649507647138973,1.5259891720017638,1.7907001398437061,32.90277726999809,1.7991047085200536,1.2852467062872357,1.5517433383679624,2.275118654017148,1.9083617798993053,1.6265369424003755,1.6042765563347552,1.4881195902738509,1.3682107537596468,3.9744492882210114,1.3305776212019473,2.076273905467237,1.7681284376627129,7.226087890565233,1.2414495057040238,1.3564137078101317,1.3565402361771137,1.8099384600753368,1.332719830748295,2.113234608336003,1.207212241729785,2.28401752593095,4.880581173339119,1.5607173102505163,2.8312432106139456,3.726661652702422,1.4079819254667356,1.3912373221419077,3.2872834451506128,1.8185396366128515,1.353091063793297,1.4259449253525949,2.8339194200305724,1.8637762234010542,1.4207529977480662,1.6908154727139522,1.5705166962429749,1.137875532885117,1.8910919768321408,1.8463651190126387,1.5479054052759231,1.56172183186687,2.42990124656889,1.133317735088272,3.2437414356284506,1.358103109291081,1.2774127693310373,1.1420912204026457,1.3025950064987424,1.4798849736735074,1.2839604874221413,1.736040832749821,4.830886214875349,1.4496951525053454,1.205254921053483,1.4719177143395665,3.3434041331637925,5.240948704852563,4.219793090691768,1.3044648682101285,1.3404355862074753,1.3549115520771413,1.790424929688101,2.195129710230616,1.3919016094833576,1.2433378291952972,1.1642581504958485,1.5502271330199302,1.384706568309938,2.0430400210878146,1.1906273512082128,2.2725606998854424,2.191103911918556,1.1253369102898327,1.1687893502354665,2.417600913794313,1.2386911860204115,1.3920646508299257,1.3022395390614734,2.1959306284379916,1.949147344321335,0.0,1.5965017507870476,1.8661524755684824,1.3199001303419127,1.1417753038908276,1.0967914164934582,1.1188237791105413,4.903727522278035,1.8326348613005834,1.430126238583178,2.4066736242441475,1.308943091094554,1.2478432473575896,2.2039434100707185,1.541347043350255,1.3198194899353284,1.6446403978162283,1.8741830493769798,1.6907161156442898,1.1901871125702796,2.310000923080534,2.6316390732140778,1.482259491590782,1.3971802397383266,1.264894988943845,1.9968172230544092,1.5013836870608315,1.297693894458455,1.4451728250847222,1.1449228486577439,1.2755048074445783,1.456703053221562,2.4807195916422438,2.3136779921846298,1.1903136462560528,1.2802972756786362,1.2856852869629907,1.2506908450027379,1.3391774214957093,1.1747651391339815,1.7635291940049833,3.743110021805146,1.5910439963635188,3.133705597278241,1.25155896072352,2.870129691003656,1.9024477702632585,1.7436935215549156,6.454388167577346,1.807036698277086,1.130595924135579,2.3206177505876155,1.262636835157593,2.493571320460174,1.2989909020849246,2.5339449358830732,1.763413549150472,3.7352670690872736,1.4726322670644452,3.485541767603804,1.2984347375929,3.1217626266328122
arc_pair_569555,1.3206046851603876,4.118076759125797,1.566451918362451,1.8797725253411355,1.4289090858154705,1.5657720314369348,1.4690023018982539,1.6168890518303785,1.7031002708951921,32.623754310811115,1.5910960209186493,1.2843609910274685,1.660264109394436,2.3149835339563327,1.613347480462743,1.7188198646497517,1.6969380214165455,1.6913155464965786,1.3434499926767596,3.3354751567457948,1.6530253829103423,1.8777379674045827,2.037947230483176,6.536796548303745,1.0386413753796884,1.4217813028978166,1.0250967530281974,1.5528996187169395,1.2021488381654812,1.8021032862439277,1.195273700495608,1.7328874755029369,4.146597624526011,1.4482090463603068,2.778557043891908,2.989564905249776,1.408133909598764,1.4164869100406827,2.700168889103662,1.9157062120429007,1.5931438717496182,1.488816710142769,2.7760286160398664,1.7699024438499107,1.473098813266959,1.4758027043841313,1.3025199121187598,1.2629990853122446,1.8311908554466423,1.5233374030532374,1.2647050801758755,1.174334869029731,1.9511153768965026,1.3224083627526877,2.4427153488714017,1.3766987792602923,1.454463327819667,1.0948927975745602,1.1727336780023165,1.7147450574067924,1.3279870406793775,2.033357440682535,3.8054914357221663,1.4552049568008527,1.4598061610157131,1.4643576248347914,2.704084824504976,4.680738693819356,3.823813547620957,1.0282514448704676,1.6070163559074673,1.5168980250261503,1.8961119435272757,2.0325828929239105,1.6174976124651192,1.3005708449304931,1.021298042595482,1.5042306209559422,1.1638874027046302,1.9048916753735474,0.9536109854553638,1.8747698288398373,1.8138607893707925,1.3818063052986083,1.4064319203387463,1.7173525353434589,1.2823438361207895,1.5072091428941699,1.316750044049561,1.9495036226682532,1.6482017426942737,1.5965017507870476,0.0,1.5925009689806986,1.4791024947178333,1.2540066128765484,1.2985484273906207,1.2523620533900934,4.5708922626295045,1.4852146894296192,1.3505317775524475,2.5344781351719927,1.3095321825395225,1.2479758851557445,2.697671247945767,1.6722911724530967,1.2439018765224172,1.3387108330030602,1.6822906754347273,1.3709198601750967,1.3191298182587718,2.17355485216778,2.231396994482248,1.696460592519466,1.4279077002175615,1.4851117441846486,1.6745942002664378,1.6659048832013343,1.4893657627169465,1.516937056819828,1.4960430360521717,1.2052673988061122,1.2286988089252322,2.332183651753692,1.8991567576794361,1.058709066435795,1.2595748874385722,1.2726092106048559,1.5942095115087345,1.46553438641355,1.5118971512440926,1.416040023757708,2.849809804411094,1.5451098011702533,2.2739835280831384,1.3665365954709365,2.6587968534313253,1.0175745934792029,1.579629632991716,5.678177524943684,1.632772647463065,0.8774665711892231,2.0061326445357235,1.6456481904471858,2.0348217111057196,1.3850233482966265,1.9151961147129988,1.5353454054505713,3.0251235487408863,1.633673978420785,2.9477603351791553,1.3698043638093582,2.3968918960953265
arc_pair_669916,1.1205940530097962,4.75060316749344,1.4786087023453947,2.2136283406065327,1.2422296894431208,1.1469314936366217,1.4978123081161736,1.5071401965006466,1.4366902251412519,33.881037375234314,1.95564136235976,1.0578010966688745,1.6326117102184148,2.2987451206129097,2.0751116668824228,1.8447167589975675,1.3833870655350378,1.3487316347952116,1.202089839575334,4.138223271212581,1.271032738457162,2.698262362917953,1.8545987584257353,7.553299995654662,1.2875392743448801,1.514776054353205,1.0515787430358923,1.8785752266644589,1.1563511547409833,2.460895426213271,1.121232940001769,1.7214204436797962,4.963464099365242,1.7897660255512735,3.1394152036854575,4.073798145588059,1.2880367420557497,1.4465651818285221,3.178696596131349,1.5233590431555761,1.1824782493549386,1.3670662778497227,2.9913425872753976,1.7688574460940385,1.1202924061165684,1.82878870225379,1.766075549532749,1.2814900192293188,1.6572888398619898,1.7843735076786422,1.618487338205191,1.4502513598597382,2.625461029724712,1.0804613111435082,3.3135198514867845,1.539146241091265,1.344319822907302,1.198764765828938,1.0914504130688605,1.2430546833181992,1.1777258133749249,1.4655357089353456,4.826339584071046,1.2664390911970262,1.200213095733431,1.5671133312448082,3.6034070272275187,5.969702832867933,4.432557110254218,1.0654112946920145,1.6557309205219655,1.1270985555161874,1.8654331692396577,2.328569046609978,1.3786664438840273,1.2407437414786386,1.070316131269284,1.6018629407161378,1.0659446078006773,2.0461509433353724,1.2797045042540973,2.581651249333375,2.1641842490626173,1.1284372458649252,1.1424815039238425,2.312618826659832,0.9745451555231212,1.2317082904376315,1.5187807912017575,2.5113596716489246,1.997074153870314,1.8661524755684824,1.5925009689806986,0.0,1.5313718297313095,1.0637238097167039,1.1593756210552417,1.2174637527849241,4.8246789933220935,1.5845658483024587,1.4651181968199067,2.2426734305642078,1.5113979884794086,1.4157668459074935,2.652161500002591,1.5774027363470302,1.1156768245475248,1.6217865163775218,1.6122407183127612,1.7088216490687183,1.2765154960561063,2.5759418355780297,2.7432905804340395,1.2312285691160993,1.1371888268284387,1.2581465741314404,2.2070794950069357,1.3466160477608282,1.3050342685204703,1.785691221575094,1.0609916237977717,1.2027744349931178,1.315825951776027,2.3845445840353303,2.5315068302436208,0.9105876088922769,1.1448759435734033,1.0794860092379581,1.2480634763011205,1.2851959725849862,1.155906300873041,1.5906368133250386,3.9964255275887393,1.6429226498814895,3.329971266253692,1.582620199121883,3.0942945564883364,1.979881531360134,1.9442489856233283,6.364794946940062,1.7482016279238959,1.2493068200222568,2.3865277840843557,1.6571276566661512,2.483286207703843,1.1530855954421115,2.6411131560564445,1.8613676460158501,3.9595037877509056,1.5366929528367748,3.409784456213675,1.0498363461927862,2.9339276835806487
arc_pair_287431,1.2173395858656453,4.667313445235617,1.3124023859300666,1.529819687292822,0.8443182956130308,0.7254071998761653,0.9696321159832866,1.2270525106455774,1.2215900067324656,33.63411196006184,1.2080644251512656,0.8848116487935558,1.1207161980231333,2.287579754595217,1.424462088729089,1.1243732684105685,0.5949089604566763,0.9710316471643514,1.1230537360792434,3.71857002798032,0.9721387101519032,2.020995408690011,1.4093468234505548,7.354705340149698,1.0809268743045757,1.0288732627708734,0.8719404391936505,1.4037784691220483,0.9613550288556458,1.9223228746169165,0.768819896889913,1.690382517340133,4.882846234327718,1.4627397898610799,2.7095730902019683,3.6497489760881563,0.8327533569023686,1.1942386496201614,2.6596717975236914,1.4751434996317712,0.9316394687749917,0.9944295761354464,2.414063007578611,1.4963791249232727,0.8592749200016856,1.5337692342363138,1.3055844928909945,0.5046976449212028,1.7582007773524104,1.7946873933451641,1.189593965925741,1.2501631453004483,2.1138833857548684,0.8305363568196777,3.347142514980027,1.0912503147362063,1.0380498393459954,0.6727880236777484,0.6669473868787976,1.2584035644268614,1.0067485534858633,1.0899331091425406,4.572551701960647,1.0801935723358482,0.923414356547157,1.314802957343509,3.424937460379666,5.759321209887694,4.324945550511711,0.9860446506905742,1.2123270745486678,0.941507908321169,1.5008674235218584,1.8940141149525305,1.1277446672759999,0.8659830335407579,0.736053209838977,1.3902711153313487,0.6727643255926988,1.5212799565621278,0.8667560200764622,2.104550959902012,1.88065108071583,0.5350659470295736,0.7717590382657082,2.6659567886481144,0.7504809817062854,0.9336296864235286,1.0832833177684806,2.0035163586308555,1.4383819750254208,1.3199001303419127,1.4791024947178333,1.5313718297313095,0.0,0.5696973042476784,0.6676673490931799,0.8152738366129628,5.037174318518168,1.104392947271267,1.025733138644402,2.034698135476164,0.9269156995302599,1.0485975530821583,2.1784191949499716,1.3680183008669775,0.8130586546713259,1.085019921946156,1.6445327637628955,1.3796981389552228,0.8085161649442406,1.9064116121485934,2.6891211096296157,0.9425216409865355,0.8530577825294701,1.0103131199636484,1.4576633681056457,1.130247164178709,0.599474747954565,1.0356750346928283,0.5957604438541928,0.8343267356839407,0.9384113173210213,1.9355039102898144,2.40017965566742,0.9413018225906709,1.0006696221760418,0.7099339193262966,0.9675470473717679,1.0600874152596762,0.7692213222520665,1.622769109841531,4.011143044353728,1.3155358400342176,2.8027627121914844,0.8237309594052378,2.8973097147439884,1.7659707250344838,1.5330911698139134,6.256158369862378,1.4045563411358,0.7289295337298973,2.0935310230943305,1.11151690112545,2.233590349833858,0.5762665664903641,2.2923413713319394,1.2917244334115818,3.89196552028432,1.066796039573977,3.2949971905410513,0.7710054391809456,2.451350399673376
arc_pair_1926,0.772962645174706,4.849081256830579,0.7678772629737922,1.5293441089624544,0.5675427292769739,0.48771492742289224,0.6126656031118973,0.8921753867061477,1.0331862600061075,33.553582639773275,1.1721973265388748,0.4824877564237806,0.7736125980201317,1.954153258029519,1.2714055268708429,0.7520688835670086,0.6797118751261417,0.6601623206372191,0.6792099163597084,3.502803347965522,0.5538501811757637,1.9485510402147668,1.0778350462877995,7.4058164144777745,0.7129769258592533,0.8054225789998954,0.6206150182604052,1.1933714619632907,0.514018811292599,1.6088403902148758,0.5699441204538396,1.3884179514210822,4.880397828492598,1.095407629833217,2.523735317471769,3.5790645803092014,0.687133789823946,0.905537511308588,2.689953216978746,0.9950093370398567,0.539866234948393,0.6229867532445277,2.2566020798617674,1.2791021866756966,0.5259014494896772,1.1832063315439882,1.172956930829741,0.48135594210568455,1.4191038276497503,1.3099121415825312,0.8770413407684194,0.8343495897882007,2.134719042533515,0.3554511891055321,3.1660579799699424,0.7395493892991482,0.7688378090510837,0.5337855902531683,0.42420145431746603,0.7253080456877957,0.5746829857316401,0.7557576787398075,4.835724451965843,0.65627207195069,0.404205551731934,0.9753778627582808,3.179753924542304,5.886116420622468,4.111693643541306,0.6658085438558545,0.8770028370914877,0.5138959242350887,1.1980254770331755,1.7696475496522106,0.664705841178991,0.7241220661582973,0.5701320894409769,1.0657186311702829,0.44278130762007706,1.537135240690111,0.6769371357251209,2.0481746910801113,1.5879040961548232,0.3300282960983626,0.3746903573282644,2.011638871395224,0.37690726817076703,0.5734960103532261,0.9941316016783202,1.829169294653194,1.1559460504351102,1.1417753038908276,1.2540066128765484,1.0637238097167039,0.5696973042476784,0.0,0.4354102737709947,0.4431073236969052,4.667228875338429,0.9028631296867917,0.623393993915426,1.7290829307274327,0.6754803521364353,0.8058458872979106,2.004855666595453,0.9298584341518512,0.49090258631881784,1.1241988278702475,0.9561890734931309,1.183706532219524,0.44042744583690135,1.8174681770136103,2.442736739437528,0.5703242094626957,0.44224682700742657,0.5252514649022503,1.4904429008681455,0.6330614448115839,0.39353695139214906,0.9623355386441136,0.2675026174636362,0.5378962399726323,0.7355002052009297,1.8760960171617491,2.0098790574527055,0.5957681736412833,0.5034726538150069,0.36434184373852524,0.6535901215383934,0.7212716889387625,0.34810789571998946,1.2794937984156662,3.8192468489767366,0.8666415972615301,2.7958728119511593,0.6924925260853573,2.647825462375024,1.3828359997370496,1.4271520913114542,6.263132542936803,1.138689592268535,0.5174334613048388,1.8835191251494403,0.9893025010769716,2.1811013551934493,0.47750590071319066,1.9764847401756829,1.167804369318267,3.7413321333032323,0.6418783350223527,3.091807519380445,0.4595178038621085,2.3354699486349593
arc_pair_65061,0.9591431099005647,4.542756585439901,0.8737169517535641,1.5074058064664597,0.7574635258880025,0.5303063801354191,0.949115296999544,0.8193481615830529,1.137176087521516,33.51293093822271,1.1945864913227318,0.5781240117838103,0.9923050547766938,1.9439456800573447,1.2772225679925158,1.0383262589118218,0.8044078978382838,0.6438592250441464,0.8352584998416656,3.6251397245373362,0.6373811019846982,1.8587576720794912,1.135389797151539,7.358265293351558,0.6559964117568493,0.877699933946733,0.617491838994913,1.3677912979669329,0.8009528883197001,1.6532103508909852,0.6462085996011947,1.4481368079132442,4.545807240396128,1.2172611884264726,2.59269138529444,3.7393707507225264,0.6050622981768633,0.926093819308659,2.6867331334313147,1.1514551152679884,0.594480782726519,0.865312357991358,2.243503122512864,1.2068858227357047,0.5223503383705929,1.2338677167792937,1.0543439666106051,0.5737111128962509,1.6091108441134765,1.333069076295915,1.051763992739665,1.005642893843891,2.212771709907085,0.4026636418136311,3.071547434775935,0.9327807793265304,0.8286585355208679,0.4730855345262345,0.448869292945402,0.794450175511887,0.6945109114476329,0.92874100481743,4.5469013395408115,0.7702142631495614,0.571617693878915,0.9742250854085623,3.2375582195970924,5.88370181568636,4.132075198325427,0.6879453351027849,0.8442959778104501,0.5531344110516498,1.2181766254424449,1.762161410183007,0.6273620012712107,0.6938088462379273,0.6503672090491788,1.0179933415159235,0.6232946032707154,1.4929997036389184,0.6539863693518588,1.8517118082991577,1.880638930688469,0.34932890591989174,0.45731663504843467,2.0923921097208646,0.4806436492590033,0.6186952574954899,1.049812851552637,1.7695538531466986,1.344557823542174,1.0967914164934582,1.2985484273906207,1.1593756210552417,0.6676673490931799,0.4354102737709947,0.0,0.49263560581710963,4.51324043425328,1.0598268015147376,0.8421575852313665,1.8173430461489304,0.8602107488929708,0.871414589342085,2.0204130535428324,1.0182115497537625,0.6382320117716587,1.0921843273864669,1.2514814071995328,1.3356096832753641,0.6133984569725479,1.8649641533727215,2.382902947257968,0.7266010216859503,0.6149281568684948,0.5441839061944491,1.6446060930876873,0.747782013185321,0.5905058561169994,0.935821244200251,0.4128955870536227,0.4357586562437253,0.7755200709632248,1.7919819507808965,1.9229934402566413,0.5465811586645605,0.6276046410596836,0.5891895896499362,0.8041501018916518,0.7343655855736373,0.47602856711433955,1.2975960685373087,3.7858982888362824,1.0400593070147282,2.9737315030865474,0.7895286828209558,2.6091218518961545,1.6019387459502001,1.3469253029658392,6.4038237001230565,1.25714587223376,0.627686605085936,1.8893730307915042,0.9091253674514383,2.152076675740626,0.5166689077985284,1.8971009858371217,1.34107086305605,3.6550720892705244,0.813039763408336,3.159092261378637,0.5819499030482223,2.3338552292519736
arc_pair_603976,0.8023770334370698,4.6669775461506,0.6421473005121496,1.2293976204611319,0.7522472188354571,0.5441955605444013,0.6286999163004477,0.7436186286055625,1.1742271957733426,33.518251812362614,1.0275527578210628,0.3958380631080801,0.8150649254880877,1.8408393414231958,1.1581652742672897,0.8842009117217688,1.014747052178108,0.6477516699960536,0.5337567951227578,3.420142102926699,0.6908107101993306,1.8444727715698408,1.1205599661969425,7.515981343027564,0.613626699250366,0.7740962735166512,0.7057692398483908,1.4145103519937319,0.7278442018569502,1.3336748980094346,0.6337519063939778,1.3310370504210611,4.758464393136596,1.0637758917353568,2.5118483624176546,3.709324294540498,0.7010293339376183,0.8804440270192347,2.7656576935255317,1.013908926576175,0.7794317893771954,0.8106713004652887,2.399826704305225,1.1439306795621156,0.7110928798172564,0.8816419340726035,1.1942942836320167,0.560746054317584,1.4462532290734433,1.3321189467439485,0.9677099840242502,0.6852896673253216,2.236051056492944,0.42469433642284427,2.9635294559156433,0.661549155781494,0.733085975776661,0.42174366568781113,0.5466415152100628,0.6611437140232448,0.3382661535451512,1.0460006280874559,4.763642335273993,0.6854520002908119,0.5463013526207505,0.7127625663031796,3.2140624137869036,5.958054616379367,4.274371018500315,0.5755890542697462,0.8019872718149935,0.5120516515292213,1.1614738984337565,1.734633914273402,0.6527821633342661,0.9001851224366968,0.4475423163769827,0.8557330660739156,0.5228630563361489,1.5371256379964422,0.6258827828894521,2.0046028866428007,1.6282400837037323,0.3954450503374548,0.344647093548325,2.0279586792561584,0.30877683596144306,0.5138622142730569,0.8081250567883315,1.9881395831862365,1.1156197642335366,1.1188237791105413,1.2523620533900934,1.2174637527849241,0.8152738366129628,0.4431073236969052,0.49263560581710963,0.0,4.520600239175781,0.9679366038940893,0.8005826695321651,1.7873499185498611,0.6320929000123203,0.8411309390703484,2.0853347421920025,0.9695140456917032,0.5502684508669414,1.1491719561022977,0.9187063240395009,1.2692640013993763,0.4188359286058638,1.6223077385363434,2.3966446964388934,0.7434581569477325,0.6692647131722127,0.43637548350656147,1.7563328975389347,0.530359437395342,0.5692545168831885,0.8388850670356884,0.4296135203201549,0.4230220360643221,0.7984033412619761,1.9999655964074103,1.9174610851899985,0.3934924321984249,0.493675896478628,0.636560887111548,0.7034785829855452,0.7965277433000533,0.46688120277921036,1.3378553682277787,3.7368562212230416,0.8609459115534125,2.9559851438846523,0.7825510188873674,2.6552397204886637,1.4797721251216949,1.310720460843993,6.444737462428996,0.9274946462461028,0.46335372836328825,2.095527399417155,0.9376188218225942,2.12811186921083,0.42297502238530127,1.7639875985747526,1.0102504244623773,3.579168873098402,0.5780630902764295,2.9510235458439356,0.6468736426376379,2.2860109371738404
arc_pair_263132,4.671055861580827,5.743341650480845,4.657919253998038,4.844648396228743,4.715060271332389,4.943748680417897,4.759979171192061,4.655875283330584,4.328963670003757,33.19469803653089,4.856786740120922,4.392293172368644,4.726700496699745,4.67697931738558,5.146037176723422,4.7384207189848855,4.741107131637081,4.889702425202431,4.468081654361584,6.38616180696275,4.768830814474839,4.53613487290201,4.879534975021369,8.305689799790201,4.199803209262434,4.639630661943594,4.56658906840562,5.009965848989843,4.4008503314987735,4.8485617038161735,4.343240795343704,5.305321324890222,6.41036464271914,4.207579723908798,4.950459280132181,5.620130685951607,4.725451781687582,4.442221443262511,5.458342265359017,5.0795286877182955,4.84441669852201,5.029868875207665,5.703187324341981,4.8347817003694455,4.619842330171627,4.876610632375424,4.241580415411844,4.467010967217453,4.146134545710531,4.8871874938671995,4.422604831537422,4.718513026175648,5.013885190861653,4.460173988755558,4.846656557412586,4.590123329662806,4.521026163585907,4.476703944279505,4.6376002236585245,4.452463921511602,4.522123766758194,5.060493278397087,5.647347397365246,4.403320896030535,4.4376773848980315,4.407899426501873,5.011885527292881,6.658835239452158,5.967349704162212,4.452000723760224,4.83878514706368,4.60497585660358,4.873319365462176,4.3875750274268235,4.774525169405005,4.357226562102693,4.415975461557595,4.700827318535083,4.931128594490007,5.138433194473123,4.258762260179297,4.491838059715745,4.960727904913535,4.585359088640418,4.684396680249946,4.96825951667917,4.471736313630305,4.8296682409307214,4.533979052060427,4.645471384182346,5.215213653283188,4.903727522278035,4.5708922626295045,4.8246789933220935,5.037174318518168,4.667228875338429,4.51324043425328,4.520600239175781,0.0,4.8460317066022975,4.8082490137020315,5.354101017138008,4.668837364538479,3.879526226751583,4.872483651354731,4.706459894847654,4.5222296434429845,4.523420854591903,4.851541880019551,4.540563960832538,4.55544386526333,4.558648435358139,4.996151556906915,5.038822188871006,4.944485602497736,4.572064219874983,4.571207515534048,4.852603946544334,4.850958866239773,4.86791921293853,4.703877464175615,4.508759016502545,4.871247757518737,4.745193676381875,4.316574064389343,4.364488501103729,4.487833980675214,4.741065554005436,4.769725347611913,4.761316932405554,4.783001418023903,4.7128846529146795,5.583231044143428,4.807671595849995,4.845140721076923,4.14253426206517,5.160856025146662,4.789649683103323,4.914446158277784,7.8066269757304845,5.074805629702061,4.533590800369026,4.413346712852534,4.538125118476602,4.995610938468774,4.827850520983388,5.137836516688563,4.818672499252151,5.317386138205427,4.443596087775815,5.974730235193975,4.396773750267712,5.852099233580509
arc_pair_184225,1.2446538320003921,4.989506932310624,1.0580920109388243,1.2643519753129664,1.0948216946861102,1.143360712132936,0.7337890228619574,1.4142000936949732,1.4838101787691593,33.70088178029879,0.9084402497054718,0.948722209920636,1.2293732095320444,2.5776382185012734,1.0145121985663645,0.8101483146826542,1.2429877213947855,1.455794562266744,1.0441895852994567,3.2590331645615294,1.4677191666226885,1.9694811406399473,1.8453266977885852,7.684024024931082,0.8643572953527855,1.369161202981243,0.927230537718501,1.672745928076954,0.9490784162277899,1.2765408024059264,1.1369326361505714,1.0301425290985358,4.959432596526322,1.7191861802797361,3.0193034074308662,3.749761164315358,1.2860122311003965,1.5874300664842322,2.893210346804212,1.4909028089107443,1.3981033092725366,1.1658520208496561,2.937975512639718,1.8361107238694618,1.162888377907488,1.005765135531628,1.5517597365946263,0.8723867627055751,1.9177197670060369,1.7068011272245727,0.8279126057937,0.7321226265016432,2.5148824628350765,1.0803370484750983,3.2308697583297867,1.1432152272532943,1.4121453768562047,1.0849679766169849,0.8009874934799247,1.3341644216258663,0.9964167429779187,1.520982179033893,4.859074250246033,1.1697777300277583,0.9749689129420009,1.4403255428216075,3.5895303893573036,5.449526263974364,4.638579164213103,0.9104943808893808,1.56209984474355,1.245036513304033,1.9205101371074238,2.1858938518996736,1.492082462833904,1.3593230845841826,0.9605662605182836,1.609477083467404,1.0311632299245517,2.0862550638415454,0.9395905488775538,2.306311542047993,1.9300935652636584,0.9314722851740012,1.0411908716515477,2.239460201194782,0.7975315260127273,1.2711886756197517,1.2851479576786633,2.383668783439038,1.2292820328162515,1.8326348613005834,1.4852146894296192,1.5845658483024587,1.104392947271267,0.9028631296867917,1.0598268015147376,0.9679366038940893,4.8460317066022975,0.0,1.1888374188917799,2.460723087962009,0.8925581242966154,1.2719464716494167,2.7345555752667616,1.6020221854965666,0.906348060451611,1.1099551615855527,1.0022019045574364,1.5899484321006223,1.0780661146707091,1.5224694268686667,2.7889518938356703,1.4019616461580837,1.0961569947912957,1.1812049274121623,1.7731434809545397,1.0989000547487815,0.9381701709126518,1.3093889508225784,1.0223117081250233,0.8775649200324395,1.357253548089926,2.3133710627772155,2.562181750651515,0.9673149219046797,1.0860886685609998,1.136475932045587,1.4568719213979653,1.4425223554458826,1.2012452270132814,1.6974992896487446,3.8993780553918467,1.3617253816077501,2.9739522960056504,0.9670086714605339,3.162053917646827,1.6581856721776864,1.8022957991995234,6.64753102912565,1.4754577400169162,0.9399796053653009,2.350735177855248,1.3585942852632318,2.6285695135888734,1.0328195197546868,1.4210539530874935,0.7324461010806955,3.8431140184035586,0.9797782264408738,3.429149708830675,1.0383910643725636,2.089842173000371
arc_pair_503688,1.1216902598327425,4.900769637451225,1.1919920099625454,1.8580329946485765,1.0299460673302374,1.0886491799018194,0.898281636096063,1.2321147644548043,1.4235021913872707,33.50014784032449,1.4003838838706466,0.8566649717254475,1.2064395767352614,2.3080407252553297,1.411676763713356,1.0508615400239572,1.2087389814988723,1.1647811581612584,1.0048209918181936,3.6706313344616577,1.047021346919995,2.078215597159577,1.6061958340338736,7.459562170670486,0.9597295358664676,1.108549663556722,0.6906466711694824,1.600824232058414,0.9056215055199672,1.911794077225578,0.964964195838165,1.526041145656035,4.955630382604696,1.4683623420548977,2.9087147445831922,3.765410366126816,1.0396938835132772,1.2993580094310948,3.087708016935331,1.408955461329659,1.0541380097738346,1.038888681059941,2.705075410313456,1.7501470658173506,1.0700880314563013,1.3037626773249684,1.3770141645776959,0.7929958527910365,1.9048014363344938,1.5597734193845276,0.9135463493570213,1.108287901312631,2.3645505777202667,0.8278029047869009,3.190052055862454,1.1561333634942341,1.1048174187924116,0.9508868513313589,0.6931209944816819,1.0784719869474588,0.8748485430009133,1.3019984222587508,4.899077328206572,0.99532227406703,0.9168608512134845,1.4335336007385457,3.3278199115580334,5.684390199016227,4.471782998582386,0.9340136805443526,1.268395513131039,1.0574677668562933,1.6255323920659328,2.20340023541896,1.1482630920631747,1.1712972844729803,0.8001437590682137,1.4624805075079588,0.7970499695101287,1.8874738527280632,0.8159840751349273,2.3154931699087484,2.065590838479478,0.7385408900403563,0.8713437924267448,1.984236667524014,0.7852629944343457,1.0149047789900116,1.2802076984315507,1.9804858831511245,1.370439125183181,1.430126238583178,1.3505317775524475,1.4651181968199067,1.025733138644402,0.623393993915426,0.8421575852313665,0.8005826695321651,4.8082490137020315,1.1888374188917799,0.0,2.1565150931806274,0.9770978051705166,1.2192429447837663,2.442840552837423,1.339771457828725,0.726212142992833,1.2344968008468233,1.21294431718596,1.424970186913883,0.9422365085049651,2.051323654209443,2.7541806575645507,1.172403477894513,1.012636406320808,0.950408775281794,1.7325599214007819,0.9530964891403935,0.7828710413548906,1.28983447470063,0.83886927208135,0.8869325417529098,1.1203934030474594,2.2627772751796593,2.248164001351982,0.8109425306141025,0.8920091074213887,0.9165706963933964,1.1570485330616709,1.1719705808177805,0.8674109491195681,1.6054933237751599,3.8381591114125033,1.1546223470570838,3.003962460040025,0.9718992676082222,2.9370259848895417,1.5263705695656427,1.7917532471652304,6.5176542436945635,1.5315294282639769,0.8490650348477295,2.131598409102889,1.2580281756145988,2.5443960902169933,0.9744574137216606,1.9939920541172445,1.2442073244364997,3.812879378941929,0.999823085259313,3.343094039640594,0.9093847715471447,2.501913959967076
arc_pair_716093,1.981936768946578,5.632266022779842,2.226855728863104,2.8582206817945623,2.026878490438084,1.841675179198742,2.1353522983012736,2.132730353595564,2.2295360276751643,33.45141933997541,2.4841933998121872,1.7939563021833536,2.175829220864642,2.9270962384185575,2.824361711867945,2.2480461461325607,1.9764529720136754,2.0017015126409423,1.9572676497793275,4.5587006561262085,1.7689814525121603,2.9750107137876336,2.296580016258196,7.803946670761333,1.9746697822998835,2.1835792277334187,1.9922477203396092,2.526998464577889,1.8758133470864875,2.842197540880334,1.7763940002363507,2.8710206382215255,5.707995962869639,2.2022918545948693,3.2237169405759514,4.647230753043365,1.9926045997390247,2.0324792946358228,3.5082597182957858,2.3331946985038354,1.8709096058289774,2.0829086973417827,3.4348264475426857,2.325944216292943,1.8596758059521505,2.59711030921558,2.362177782315457,1.849126381671551,2.358185068916069,2.5956770913678016,2.365052141604038,2.25902904061275,3.1163548856660617,1.7562611202144822,3.883395948914199,2.08170259980298,2.0367717264229515,1.914576996632763,1.887589180915228,1.8749632196089916,1.9050395289981354,2.107004523300128,5.420738703362375,2.05796245017441,1.7736263218282333,2.167325257668999,3.9110323942935405,6.788355304629332,4.985146163901652,1.951084116317502,2.1406166835557547,1.8171051443423731,2.228000343030061,2.8984229073632553,2.0389286337844275,1.9122979750329252,1.854305383843752,2.287205238905476,1.8789622549226501,2.719732780805119,2.1002612081700107,3.1107736865895053,2.7241204773439804,1.6566235531221205,1.741707966235696,3.342514552737284,1.783415505315037,1.7576604080993412,2.306810168636667,2.9414812887974,2.5588248966760005,2.4066736242441475,2.5344781351719927,2.2426734305642078,2.034698135476164,1.7290829307274327,1.8173430461489304,1.7873499185498611,5.354101017138008,2.460723087962009,2.1565150931806274,0.0,2.259376039988425,1.9647816298915826,3.1276420848622113,2.1556807084508343,1.9421798357044746,2.445949098870088,2.48553709806502,2.4580273227716054,1.849968542161428,2.9693371135735154,3.3444141479421337,1.9036548120249106,1.9281019114010787,1.8196510206050704,2.8040634394478428,1.9765425783566144,1.865468261381895,2.31704428492695,1.6828561745000872,1.9087615953653767,2.032262697321282,3.1602952932113784,2.905281309506601,1.8532152240929956,1.831414087716128,1.8306789117810136,1.9290570891031047,1.99140026424278,1.7572519844182208,2.442695304712596,4.569449341838245,2.2787179024522355,3.8813031591959612,2.020708943713864,3.4468842069457466,2.665605527476581,2.4579325540250316,7.060129542836188,2.5679132964373492,1.8959943775961436,2.7460540422875033,2.3923901371572756,3.234676488497204,1.8913155462626068,3.413377495781882,2.7270087937175393,4.459045193390164,1.965243947593268,4.1568193114315966,1.683216986658159,3.796339052157224
arc_pair_190227,1.1659960358842816,4.778894333311623,0.5078090867849903,1.189267664069071,0.8946826117515345,0.9304199448839336,0.6257990646117808,1.1867592574093346,1.4519540536209512,33.135127901674934,0.769127485245993,0.7816652584770047,1.098424084883288,2.2702064164646902,0.8272190563537705,0.8843136380131522,1.1148249132535024,1.0893138694369784,0.8060137977571393,2.9894688322085137,1.0238735620331834,1.850523488845706,1.5926575075129825,7.395877514716125,0.8033394087464234,1.1586572818549588,0.7733633285428805,1.4691743761257023,0.9293247764472506,1.1695876419818712,0.8498722198539161,1.323632400139814,5.014672315195407,1.2740353023438158,2.8289261875067826,3.1946163463996773,0.971741883714877,1.4370661246747711,2.8168381522092107,1.2846807276008763,1.2255267938013477,1.139153727636829,2.7648628296584845,1.5566182785196163,0.9475913609149442,0.698518875209255,1.4251957038496905,0.5736061705942184,1.6381623405392103,1.765287128805114,0.8137376805362151,0.6943533801686586,2.231190617508809,0.7406559902232801,3.0633219996767043,0.8923044901378385,1.0514721339167126,0.7820745273712031,0.6895941738022091,1.113380128745479,0.7976536591265453,1.251543126260106,4.5853496513264345,0.9799173639758555,0.8373520621100381,0.9862475704650375,3.1830659156361865,5.441660705404473,4.385922417664647,0.9033874443948412,1.239997795316674,0.940288208616551,1.5969758312554394,1.8006663990866179,1.062272594845521,1.2298700643499716,0.5480470831313836,1.1390434122087738,0.812049276480272,1.5478599009907803,0.8112322717805682,2.094050655306635,1.871273338088733,0.7488769638336573,0.8290493475197956,2.2115851921302623,0.755344314939572,0.999554444633159,0.935566914250719,2.1693876241338113,0.8415487830055082,1.308943091094554,1.3095321825395225,1.5113979884794086,0.9269156995302599,0.6754803521364353,0.8602107488929708,0.6320929000123203,4.668837364538479,0.8925581242966154,0.9770978051705166,2.259376039988425,0.0,1.0855418519277908,2.386304064419736,1.3850298794699043,0.8083773294664445,1.1180023266848884,0.9490842108346089,1.3389232800894102,0.6939422096848612,1.4638937694502134,2.5729100713765543,1.2168322153089792,0.8935405344177865,0.8968033657664508,1.5943389244436468,0.8539897113336792,0.8565119600299063,1.0758064038063284,0.8777647873091159,0.5986382962697785,1.0284864003885772,2.333275274017306,2.1634623736130845,0.8448055647215212,0.8521753470489657,0.8232766872250287,0.9912114287376864,1.1326237343675414,0.8416102652101617,1.5497299881731896,3.725271620302138,1.0305176360341226,2.8185727290031597,0.6781278577294219,2.8164455391168497,1.409793220403746,1.7651002490885934,6.380614663725783,1.4178108471233926,0.6777974940406193,2.0332972640770572,1.0643141537449639,2.3241545945441144,0.8986787564275973,1.4386713005766598,0.6424712339324451,3.5149560401692383,0.5458022922700896,3.3299762518610825,1.0097762731634148,1.9249336869461535
arc_pair_379470,1.2739247877044488,4.2576456417906865,1.3296576948725305,1.4448157102436503,1.1195795852246706,1.140547428708044,1.1616679276468456,1.2198710589560553,1.1987762562505544,33.05795056584489,1.4154737614006163,0.8898520597207316,1.1333890465985914,1.8996872075520128,1.4193201041158092,1.1537199021021691,1.20070684076728,1.2683110734912009,0.9263343773713009,3.41995025372729,1.1697943593234426,1.3285645877541752,1.302565460876137,6.510383906806015,0.7794184272726761,1.0289621140880838,1.0261169733752342,1.5134407701573065,0.8631879953462687,1.5167843143253885,0.8683488059939448,1.7647654229222773,4.261341256509761,0.9743742203371684,2.2035324732096133,2.9166492962062,1.0571921979506025,1.121169743304192,2.426665497236154,1.3903640783105062,1.1164995972357312,1.3109465748095475,2.2764108697831587,1.2407909768213379,1.1141438727113178,1.3255021659391046,1.061498937874441,0.7662362413253032,1.2750099396907422,1.4192377399134668,1.0033842599101006,1.1541114363259157,2.0864396113831174,0.8749477417984856,2.3769187129802547,1.0210043666667876,1.2043657899684121,0.742472149527485,0.9234744059177955,1.003931944829568,0.9660049681694468,1.5259217365421622,3.89168586833219,0.9203448362246542,0.9378251368444037,0.9256581343757526,2.488473782239083,4.973050041324654,3.8198105111833494,0.9007490444256501,1.1255326831199466,1.0428714532861938,1.513602667549932,1.4003614236256956,1.1919409555107194,0.8592182816561108,0.8364272543721029,1.1879125381002664,1.143735401862855,1.6882842879349824,0.6930923329365065,1.6600256032778857,1.639575211456568,0.8591610837591039,0.9293580999367395,1.8829810650949872,0.910916024682164,1.1375435121866608,1.1721806930448349,1.5978244715988004,1.5918810279524567,1.2478432473575896,1.2479758851557445,1.4157668459074935,1.0485975530821583,0.8058458872979106,0.871414589342085,0.8411309390703484,3.879526226751583,1.2719464716494167,1.2192429447837663,1.9647816298915826,1.0855418519277908,0.0,1.9869265912556817,1.0189075001300274,0.8844952549984719,0.9430599364062159,1.3596460147957585,1.1057724305351309,0.9998121087084637,1.5747019991812645,2.0344609538702176,1.265547152934234,1.1553986421368907,1.0972273763925475,1.3205510068980868,1.2449646923787316,1.0602937836758568,1.042338294929209,0.9883764642069623,0.8918519210090777,1.292895076080239,1.9198384443322125,1.756149369148209,0.831537154601868,1.1419055531832707,1.0299589760342025,1.3045597331028183,1.1545008506911882,0.9408771844589028,1.2182702852417526,3.10379836743629,1.3459898937239556,2.369950550758649,0.7089147149372126,2.069526473674193,1.238082748573398,1.3398190203654083,5.653169831786464,1.4603672524152862,0.866416152583896,1.6194895886147624,0.9847469380285162,1.999927301274868,1.1002094920143466,1.8841181074733444,1.2879490717893276,2.9738277536192013,0.999549513221471,2.975231705854284,0.9520926624665509,2.483470427987729
arc_pair_131562,2.3501392347058623,5.122035753665569,2.341300165048645,2.7956432249597887,2.2785188008217676,2.1594634611980084,2.3198722166611665,2.393944041998918,2.35328918488153,32.056198733156975,2.8753176130640625,2.051168069485442,2.2547157552756767,2.9473229654154274,3.0043112534317995,2.3973192867565025,2.104616186596487,2.1066823462309663,2.1759540142555642,4.681905371517321,2.03914842805704,2.9300344287163456,2.2730812291445126,7.23972055814707,2.1827603726649936,1.9939827828020749,2.250755010692291,2.724909534953195,2.158807708798487,3.13512305408873,2.055247736797147,3.4023662835314674,5.103038167154685,2.2255245168522486,3.456074114749552,4.3186850429440735,2.2193113733368572,2.2158409031673427,3.9255048447227776,2.649109541954235,2.2675347114269546,2.6072703310691216,2.900707928902472,2.748491795013199,2.045910920240641,2.8446907380420363,2.343537016926125,1.9915405692542731,2.2422050673770446,2.5728059109161214,2.391346803739853,2.573550248471738,2.8393839827204044,1.9345397290705968,3.7179738983545243,2.184729038283336,2.3353750267866333,2.0944427242664734,2.260581295747574,1.9692108042516532,2.1285771257583894,2.446131732353159,4.889732844046219,1.9634856641137024,1.9804842980668145,2.099053782763858,3.6019410019790232,5.445737163146414,4.6889219141836165,2.3014643789055618,2.2326461461452425,2.015790210211259,2.5623696603403845,2.390058741056613,2.145309520413883,2.032733166029099,2.0474462936811166,2.3747371112212843,2.3928174243166964,2.922719814304102,2.1938041192490045,2.9332517337293207,2.955974676291289,1.9078651307137404,1.9753651831795094,3.104077904896708,2.0033026483087135,2.264285726054525,2.139125252074227,2.437715217532865,3.0025004029939732,2.2039434100707185,2.697671247945767,2.652161500002591,2.1784191949499716,2.004855666595453,2.0204130535428324,2.0853347421920025,4.872483651354731,2.7345555752667616,2.442840552837423,3.1276420848622113,2.386304064419736,1.9869265912556817,0.0,2.3912231749251998,2.083031507606809,2.28161280149265,2.710461393660081,2.248847694730725,1.9550142505032704,3.0537044157474558,3.2725886266172335,2.240070700061331,2.2820028615893113,1.9581248512273348,2.485893010759426,2.3483945675089593,2.0648020145011654,2.5002293147198085,1.8940095144305193,2.111156878529731,2.308854166427372,2.5962515493588034,3.0233545181137655,2.1672861731907953,2.1891776689193367,2.132820809311386,2.0891065403057154,2.295199957964081,1.8959381878309824,2.8053838029168037,4.079609077773202,2.534968667011019,3.4474377641126663,2.018535173573404,3.301713206300808,2.9419431677113255,2.7914296253013964,6.536580499506425,2.8448553232772396,2.1305857178324112,2.674051955780662,2.070679404603539,2.824010110920403,2.145941788430487,3.4839645078949824,2.7857054129902203,4.190392110891453,2.276490015870371,4.052903534781311,1.9451785476757755,3.929874343906711
arc_pair_732197,1.4448337675690532,4.8825154335243575,1.5037718621682872,1.8865877671828664,1.3277589335926714,1.1686147619089018,1.3677426469082634,1.3780633196775511,1.5652029315380134,33.70862385204898,1.6882713890831729,1.060966547862725,1.2260616889343725,2.2078171335502,1.7312111789953941,1.4415242486148228,1.4792806624883421,1.3373002263335632,1.137665411049019,3.8189796890135024,1.18156840991216,2.0986739956154574,1.3436516204434268,6.864234067882779,1.0583509247939467,1.3381977518432637,1.2450053487036115,1.7617916391316442,1.189674830668293,2.009795229782979,1.1743725109029812,1.9550235787894432,4.537992946685345,1.4724234064127764,2.7846106835252504,3.6292443213956305,1.1522036028345053,1.2765047650364205,3.0105509845797522,1.5679998665963741,1.2086936349367874,1.2873986660909422,2.7203348154075186,1.2650511933550388,1.1895509687997443,1.5673544345908852,1.5975167034465518,1.072135709851807,1.7778663441814482,1.7024186981554235,1.4174313532740606,1.4016709744933806,2.6720983400462295,0.9809685501618461,3.2272537330429767,1.3012755851024473,1.3799380107066344,1.0534435576237002,1.013369434015901,1.2248456104337966,1.1183842224637401,1.7155484574440654,4.804141547086821,1.1880015789297544,1.050833921315934,1.2759382766937808,3.1562407191355946,5.790124302229829,4.553512219463549,1.10069590300125,1.3227338486900626,1.124985211434363,1.6931802224002657,2.0064089381667722,1.246200349290359,1.246678427608644,1.1521658755545716,1.4850330333553659,1.217004212214547,1.900154261558765,1.126020079442485,2.109765586199899,2.12595370187403,0.9264423104712611,1.00261018704414,2.244033289957464,1.0166121742538785,1.2153718803994265,1.4977370775181287,2.008340657569516,1.7417028485938344,1.541347043350255,1.6722911724530967,1.5774027363470302,1.3680183008669775,0.9298584341518512,1.0182115497537625,0.9695140456917032,4.706459894847654,1.6020221854965666,1.339771457828725,2.1556807084508343,1.3850298794699043,1.0189075001300274,2.3912231749251998,0.0,1.0780324002992652,1.5378083217776295,1.421174106956348,1.5524439039451863,1.1538756496128022,2.2734956149889767,2.5812638865652717,1.319642785796745,1.126982657648554,1.1875777821409765,1.9620567105233364,1.1998689811069727,1.1302035557312633,1.3178755521662833,1.0218643233969007,1.0506618948552509,1.349207225378866,2.1519317579700448,2.2331075786288097,1.0555263831094244,1.3185913645931764,1.087588443547987,1.3520335489585245,1.1731458869222444,1.0097702002116506,1.6326150362040162,3.7451787031626536,1.5560211628859157,2.908879040510026,1.2266876300127771,2.4239186559283112,1.6789452428998761,1.7297253664153063,5.959321127529363,1.64651964183905,1.14948081532925,2.2115311265579995,1.2550981964152808,2.350121248863594,1.2105956012064327,2.298874098953089,1.646442721061409,3.7233689508127665,1.2432359989070223,3.2676060806134495,1.2752246745821734,2.710348264269428
arc_pair_530360,0.7729755385033585,4.70128435029066,0.9810132165597791,1.3700705646347076,0.7816483319199046,0.7307158218463183,0.6898896632100482,0.8721526640527167,1.1037964295624136,33.4760034743759,1.191721882585346,0.43948503176717535,0.9202450275907677,2.1134763361760527,1.2916990559614079,0.9142016015218057,0.9144667231182939,0.9411266675297193,0.5885949188255106,3.7000794787134765,0.7416559876565185,1.8184714914633093,1.2707944316780393,7.3213073621640135,0.5070746277846452,0.9879703152379927,0.5609034529817731,1.5123498093373438,0.5900478104567455,1.6677350720536661,0.7596519449845757,1.4142110603367533,4.871494105458512,1.2012415421350098,2.730242383244715,3.5821396420270526,0.7764291354555308,0.9725388024719155,2.666229153002395,1.022326321229202,0.8140883185418588,0.7977919353607834,2.326800395536006,1.3414422635724734,0.7258561289678485,1.082720467561011,1.211136391406745,0.5629413895844197,1.42060925309767,1.2279806900109063,0.8732522670436882,0.801624223674525,2.2815346213572427,0.5355662560388387,2.8966528113023045,0.9004261432908091,0.852596027318819,0.6449925303848838,0.4767590153530934,0.7774609732559171,0.5297428934518541,1.0970432534901187,4.636962060359263,0.668843683598126,0.6054582957082021,0.9983306294030433,3.2778254080634346,5.688802803595017,4.39097661102822,0.5729195379165221,1.0243359370705034,0.6904261663988049,1.230979707571671,1.7100937589807228,0.8990321718233101,0.9172815163954551,0.6037192788542101,1.09451263378106,0.5892359218656025,1.6346445096991464,0.6081144738171596,1.9936234749163335,1.770131649735268,0.4626147828779317,0.6223488064650637,1.8168698729853796,0.3417555692649422,0.7166836984661337,1.0978501577525759,1.856227750008258,1.2595026257375748,1.3198194899353284,1.2439018765224172,1.1156768245475248,0.8130586546713259,0.49090258631881784,0.6382320117716587,0.5502684508669414,4.5222296434429845,0.906348060451611,0.726212142992833,1.9421798357044746,0.8083773294664445,0.8844952549984719,2.083031507606809,1.0780324002992652,0.0,1.0854791525939609,0.9110703384762884,1.099305049872174,0.6544286216034197,1.7715759100529862,2.483980213449935,0.8456849134451541,0.6088675802169747,0.7517072367271123,1.521470825847068,0.7666782588091974,0.6141444945069676,1.1012955514341392,0.5475302391647143,0.5924983552185757,0.9108511075623105,1.9748309580769163,2.2000430913325033,0.4399465339494701,0.7519201625581295,0.6574607802588512,0.9465431259442623,0.9943216641011234,0.5244152638519006,1.3777814120128449,3.7865378544456822,1.0921558719767672,2.8118209538606203,0.8098727846082061,2.7271564648248363,1.490878945314489,1.5112103950402418,6.216518083862739,1.2547623331759177,0.7419879264172802,1.9358932838087468,0.8280897731126076,2.391237088597531,0.640046124199882,1.7738387938803883,1.0371903497456747,3.5977236727547903,0.7169662653194218,3.0755206773155503,0.6781968976278486,2.178499975996797
arc_pair_625567,1.3950331734088413,4.1382423082769755,1.5381190645691172,1.455132240681057,1.4056538300875383,1.4625515393037427,1.0831664118410154,1.602746906569477,1.5785198390687887,32.79683918769123,1.2667579691494586,1.1035444506670453,1.4452596216141362,2.2791782872331083,1.3370525289032118,1.3217059321217257,1.3278030667053764,1.61383923525011,1.172620584852798,3.2347299850989293,1.4099272696754341,1.5026490921377138,1.8570089478711964,6.594212698762381,0.8333227034891362,1.2301008627407042,0.8728492171464018,1.6312216991754125,1.1365470536985305,1.6523347008325522,1.1460255957126817,1.6341768913945116,4.20006711346208,1.5250563801950532,2.760138655541659,3.106038636190019,1.1504117081378058,1.56397016066615,2.6412421615242545,1.6856691319046821,1.495295693263161,1.4925431906782958,2.6387840683628276,1.6048703048820006,1.2892785562377715,1.3254500463642114,1.1751720808746913,0.8744255129472122,1.7690707778780332,1.692787854600645,1.0507311348636843,1.1959426245222824,1.8971213704696863,1.241326250668855,2.525818364695916,1.17913945933865,1.5095967394795724,1.0318522393695868,0.9334208238915125,1.351536440369022,1.2365747064820887,1.8172985888303579,3.6685032157435873,1.3002788815856268,1.3060508869416045,1.2654474837804686,2.6519672315356058,4.478008897346251,3.9920073404975156,1.0012489913153828,1.5532847685497204,1.4014429794583667,1.9862838957980955,1.8199938192232386,1.5014001576264142,1.1882175894271774,1.0168450209524926,1.616866437798894,1.223477417309855,1.9183578771805077,0.8346583221847863,1.6269100886091175,2.006016494247328,1.0539694544176752,1.2163579474551898,1.9164726240282741,1.1871492053477848,1.3820535687296982,1.2724880347196432,1.6659801844827227,1.3602769033353637,1.6446403978162283,1.3387108330030602,1.6217865163775218,1.085019921946156,1.1241988278702475,1.0921843273864669,1.1491719561022977,4.523420854591903,1.1099551615855527,1.2344968008468233,2.445949098870088,1.1180023266848884,0.9430599364062159,2.28161280149265,1.5378083217776295,1.0854791525939609,0.0,1.4068651439880482,1.3716079779403167,1.3085074921430995,1.717765536241949,2.2490931799737752,1.612672272340813,1.397005893747455,1.4725498606605345,1.249557578605021,1.347561580039902,1.266581367981332,1.3543375197161656,1.3700046964612982,1.0219878471107284,1.4046472484075867,2.176150729099268,2.127790412263428,1.1209536717677049,1.3160824980858175,1.2964254979423637,1.6541112152181905,1.4573968887848996,1.3370814932187174,1.4574254531782136,3.2201074980355173,1.626478629185685,2.2267732799407103,0.895846853158029,2.4295706900181004,1.2349139988920723,1.6752113625423362,5.84353112177151,1.5959013925006,1.0309076680152816,1.9322062829507534,1.1250376668717674,2.098619835296781,1.2644406935263441,1.7084957765329853,1.2593952468176002,3.17759432023897,1.2660727816852566,3.1464938384362293,1.341222716802794,2.2005033243478738
arc_pair_663887,1.1821139765417772,5.127850204698017,0.9935872748131045,1.2916889725904945,1.3272333879947185,1.3472171860369322,0.6211673876174719,1.4127502830945973,1.6223306504157782,33.53992181276813,0.9701496475969931,0.801544214655044,1.4031701376712427,2.512511671353768,1.2198502227396448,0.9404868208588943,1.646989105183716,1.426252371668305,0.8702627850868291,3.191069443993768,1.3589832543710059,2.2377121120500867,1.7957888925218148,7.643128715210058,0.7460003365897843,1.401472388916685,1.011011766785424,1.4667976475936344,0.9840982139456309,1.3063933531866274,1.386745692918355,1.127882976061799,5.074585825937371,1.619491623908721,3.1136441304075944,3.6923686854322315,1.273626429314741,1.5305327149292847,3.2168541136040716,1.5331440040371231,1.3808722368286106,1.2447646003055428,2.9332646895304872,1.8256673959351595,1.244157333389284,0.8970896037515115,1.7972353305056326,1.1363376889356869,1.831203482891884,1.7151314384000729,0.8991385712028799,0.6434284026848799,2.7317449188744387,1.049153967019034,3.1426933906870684,1.1370269098287173,1.4720843070292378,1.138090082627282,0.8697654701770964,1.2118176526481226,0.7816665383877563,1.6574472274469532,5.027720060253368,1.1817051067372915,1.018599334401616,1.2419126433525862,3.4413461033999004,5.65122916304172,4.778464772648242,0.9292614973309146,1.5045331556906183,1.1915489746278072,1.883766471379124,2.2229454172397793,1.3208849699512297,1.6010435172822375,1.0937999596638814,1.4572869479851174,1.163970802030707,2.2154500027705923,1.1318109161075498,2.2545507128212563,2.03600161728169,1.1102726788864996,0.9965225889785805,2.0809803438191574,0.9005346863857819,1.272348897980251,1.377663140059182,2.3513472720815756,0.9616899105923846,1.8741830493769798,1.6822906754347273,1.6122407183127612,1.6445327637628955,0.9561890734931309,1.2514814071995328,0.9187063240395009,4.851541880019551,1.0022019045574364,1.21294431718596,2.48553709806502,0.9490842108346089,1.3596460147957585,2.710461393660081,1.421174106956348,0.9110703384762884,1.4068651439880482,0.0,1.7033179308858744,1.15505314256969,1.5895093024100655,2.8017596975140897,1.421720462713867,1.087981837971673,1.102698857295519,1.885677101162229,0.887091975335647,1.067940012385287,1.513126214278734,1.1760103453930724,0.9088449124421386,1.3071634631926914,2.4675679832425814,2.4440179933952533,0.9720146133550157,1.0997205342402385,1.12935676276004,1.3574239885838684,1.4791408217379889,1.17196790828423,1.7910888521505832,3.9523295161251997,1.1150224967313647,2.877786986757336,1.1672812642472548,3.1093995189004264,1.4189137188239043,2.0954555263418575,6.564253024313474,1.6197574982906844,1.164460530889711,2.3109505788511573,1.2426530704384788,2.568846779879217,1.2760767975180665,1.2440880990262753,0.8664380477365534,3.801041596283482,0.6916572449259082,3.3311471593019757,1.24683708859973,1.6893487140210544
arc_pair_709204,1.3638331467584786,4.705864820770709,1.543468949966583,1.9937734839643144,1.3793931513849143,1.496006105433354,1.3828278812395691,1.4252355666093672,1.473084769355749,33.059449042650556,1.7724343456699638,1.1400711901497556,1.2741286198525994,2.329476465094943,1.9225367789405827,1.5466160489387002,1.5255351406151623,1.6103788141111268,1.1303034419602116,3.8160395627345842,1.4266857350552,1.831457753051712,1.7176830971922428,6.709476592469285,1.0951807920486365,1.412641626000814,1.1811024049330705,1.944725437719478,1.143984216795622,2.026918384916537,1.068183649830232,2.1785367368581117,4.713206165531393,1.2839469860883055,2.5818748333905033,2.974122552390818,1.479526068285354,1.442357857918936,2.541540141715605,1.6867350785640236,1.5830651736250572,1.6253215706185626,2.5450246785917896,1.7655632524622928,1.3958529728035232,1.6721690174599027,1.4361088319647934,1.1442031870878195,1.3750050868280455,1.6992908747098208,1.3574757491651122,1.4853847716108262,2.263657541063724,1.1010020543559094,2.6507321037414773,1.289393316874736,1.6058430614336658,1.1516725624132498,1.1567905586014158,1.4446821198802078,1.2414749985347782,1.7301034440611756,3.96186006434393,1.146881821060319,1.2649367812510972,1.1840492827401046,2.8473527823370963,5.04263304344305,3.993140515314879,1.1779222508396168,1.5030432075794762,1.2875766242697284,1.7845142909238887,1.660930651519828,1.503115029364061,1.3223887632495235,1.0980188588643183,1.3427346882765487,1.3855247664686414,1.8453634785825364,1.0207108367704332,2.2436489136540985,1.953378723023298,1.20551660163711,1.315024799998048,2.1610712317389877,1.2315688402480907,1.3907071777873177,1.4489484008243454,1.9214377390814985,1.9550214090895865,1.6907161156442898,1.3709198601750967,1.7088216490687183,1.3796981389552228,1.183706532219524,1.3356096832753641,1.2692640013993763,4.540563960832538,1.5899484321006223,1.424970186913883,2.4580273227716054,1.3389232800894102,1.1057724305351309,2.248847694730725,1.5524439039451863,1.099305049872174,1.3716079779403167,1.7033179308858744,0.0,1.2041212219646722,1.961155451314737,2.592718256486103,1.6522721806124596,1.374592455444057,1.3399146743698285,1.5817072429056007,1.5308087256624647,1.312777819866221,1.4916864730247172,1.2841625498035731,1.1631203667533596,1.5975435259173696,2.432728242173206,2.2841350811340204,1.2193756302498844,1.4032147259618695,1.3699905613376648,1.5786747339703995,1.6193966203058536,1.2743949756550363,1.7116379149039473,3.3455481885429466,1.5561801621694267,2.510585460699646,1.026516623416039,2.532812582669088,1.570328481720488,1.8094859738936777,5.7623378070591915,1.9398223476109497,1.235965084088669,1.8866880928599767,1.3735175844465004,2.454483513630106,1.4097588008736357,2.2622507482117706,1.5930741443913214,3.321437564760816,1.3262690823511993,2.9179240235043498,1.2351530044935148,2.7996073555985133
arc_pair_265350,0.8103843641316884,4.801034348071252,0.6354278962821949,1.4504634237249814,0.7056373409850456,0.5125391927186309,0.6378924608395353,0.8983018855746301,1.1642047251575702,33.258623821318494,1.160877705854646,0.5433330146734378,0.8105570957828448,1.8334548956608443,1.470704954662735,0.8890151494099529,0.9065113481859427,0.7562328019976334,0.6797878875926763,3.5916347073923487,0.6207548804931021,2.0689974957908497,1.1480821133792314,7.430225522439435,0.7441187099292347,0.8244141278415503,0.830164463986075,1.4549712430045292,0.8144449187248453,1.6065191934642904,0.7163025941062371,1.7492270778058099,4.866974519420992,1.0181764840830478,2.5163577844340104,3.641755763742254,0.931831320785585,1.0377390494896137,2.9183390960038778,1.0822404704771926,0.8856503717669852,0.8367222751250412,2.315811793344541,1.4032615404854278,0.7278715076988075,1.2545060797687613,1.2972115503038726,0.5922356681108052,1.3639857034089233,1.4677381929153195,1.129968914594465,0.9506482853475815,2.2230480829881305,0.4408007237585693,3.174102838147559,0.5800909217881609,0.8919393404414504,0.6571105499740555,0.7303376246095977,0.7828439937785969,0.5814583395251061,0.9418205366207586,4.86841797491167,0.6604714117075365,0.44813288227185,0.866071590010538,3.2563456173556764,5.941621438697426,4.159516703746146,0.8594042878420339,0.7895489743654434,0.5733193227360245,1.1914353528418486,1.6698750615898823,0.8155369045751507,0.920537781743018,0.5638153927009906,0.8989188291660789,0.6962265484516605,1.6316880017284725,0.8124034660705342,2.2092341109797076,1.6321871052136343,0.46293424750436063,0.4397221270800321,2.295313902730335,0.40332265857485844,0.6077903817340418,0.8654125830266035,2.0471340809953396,1.2923734345130722,1.1901871125702796,1.3191298182587718,1.2765154960561063,0.8085161649442406,0.44042744583690135,0.6133984569725479,0.4188359286058638,4.55544386526333,1.0780661146707091,0.9422365085049651,1.849968542161428,0.6939422096848612,0.9998121087084637,1.9550142505032704,1.1538756496128022,0.6544286216034197,1.3085074921430995,1.15505314256969,1.2041212219646722,0.0,1.8197512737524433,2.4311645852848085,0.8061585939849149,0.5920118750666405,0.46603057409945303,1.5396700378517596,0.7273637033616276,0.5641288090038838,1.0099825400106697,0.39350157218743953,0.602942070288411,0.8157323445966607,2.027910511869792,1.961372127527288,0.7301459977872629,0.43185065656567423,0.5777169518232488,0.6397788013873638,0.7439590974224617,0.4504130320288498,1.544658206380063,3.7914073984530603,0.9033690544931485,2.9681202381233223,0.7850738767519866,2.762450402315691,1.6361763728857428,1.5346343687524666,6.317027773223211,1.1099736887995166,0.48709034833156223,2.058888768359906,1.0648726047604407,2.150519460026291,0.5630666556159027,2.1621384408455833,1.2250916391480458,3.6843628530016224,0.7255558981457677,3.0667792160896674,0.5227787399052949,2.5665140470652266
arc_pair_628142,1.9955756462995764,5.1301398344918905,1.2904384615984652,1.1752379089241543,2.11490143243967,2.143239042144097,1.2640366124287838,1.9541919431158004,1.969747050830736,33.348687535314205,1.1551111153557911,1.6169623228129466,2.0779242995476763,2.629931425268964,1.5852407355268427,1.2337452582081427,2.01748766854001,2.1563786544264385,1.5807462823191383,2.8623726770680893,2.187548623802594,2.0376387381996865,2.3636614208118805,7.383928325245422,1.3605530380410185,1.7972255421598216,1.7903156817488048,2.0240504005316877,1.7108057216439978,0.7575609495388407,1.8384210329754191,2.041571646675851,4.9940371107969685,1.8674157436674657,2.898933167741654,3.4539929546849897,2.125751658746788,2.0879188393031805,3.1691075785900917,2.364485019372855,2.22337399221497,2.225110741292297,3.3132190086423536,2.1330518154851412,2.1398710379056,1.1292768444876664,1.9402089146756092,1.8448571692091575,1.9624102549950955,2.3504805300308313,1.433269296217546,1.2497810288138078,2.807545932486212,1.8032698790802668,3.2599677673909335,1.5300064204697963,2.1919312494866277,1.3967369578298408,1.767450364031218,1.7960423735542386,1.3679593188632713,2.3074528901937827,4.360786014828368,1.9609702719217026,1.739559959472495,1.5028569828150824,3.4837972627255196,5.389341676063906,4.559235547519823,1.5708712811167018,2.1101046932779823,1.9254351224372601,2.4367670007794775,2.070031110781969,2.1743759108308245,1.9532653273676859,1.5568578697621245,1.901757469338247,2.1617312310528063,2.750448499723296,1.5066622921834458,2.449366535315476,2.439794028602728,1.703880744067671,1.8620516068490007,2.8444809559008903,1.7708618672867882,1.9857246264755721,1.7404156709549254,2.600348030726675,1.4093413209572383,2.310000923080534,2.17355485216778,2.5759418355780297,1.9064116121485934,1.8174681770136103,1.8649641533727215,1.6223077385363434,4.558648435358139,1.5224694268686667,2.051323654209443,2.9693371135735154,1.4638937694502134,1.5747019991812645,3.0537044157474558,2.2734956149889767,1.7715759100529862,1.717765536241949,1.5895093024100655,1.961155451314737,1.8197512737524433,0.0,3.0508491060706664,2.3875603971867734,2.264919787247229,1.796778024961813,2.116108067028695,1.721617688270141,1.8116626772767823,1.6546718128837448,2.027994352035978,1.5712868168058232,2.189264388669968,2.877413627413969,2.6173646740154553,1.8832303988904608,1.6840387294368462,2.1843972074752394,2.1086172538908157,2.1504129358233506,2.04239685175863,2.548492362389867,3.9613667278522495,1.5777561257776545,2.809968860173266,1.2805471450047943,3.1454859306806555,2.060645447033635,2.300032122716228,6.719146202302799,2.281382198391308,1.7592430977171234,2.2888171778999724,1.687151988309632,2.7707254005840714,1.9375260721958525,1.3449003555168555,1.2310420145021332,3.486386312860502,1.1577914621305556,3.6655930883624666,1.6498182819534977,2.0505173826203675
arc_pair_281002,2.4151726782307312,4.778124957335082,2.7831697407474896,2.7856420387526284,2.6881820556001066,2.762391497235315,2.6888231191973366,2.722866748787551,2.5190034382791735,31.82203406632179,2.7669091743166665,2.4001312882968717,2.766702242568226,3.1485443183593285,2.7416962650289762,2.6905437934733936,2.5227030034929334,2.8371847847324574,2.357085315734107,3.8286707841870236,2.5738934261234325,2.6177530544438374,2.7945214341150275,6.383172376767238,2.0891039264502522,2.4464821972276893,2.298573120752259,2.49586874890556,2.3313416977724852,2.7496752675836045,2.4032471113801375,3.268622088968134,4.676816138922364,2.270163315331496,3.3775580905057003,3.0693573386255206,2.410652012902753,2.531422103004999,3.5835632869002847,3.0794224180086425,2.6499132694566874,2.79859548265218,3.646125241012574,2.6935022006601446,2.5601134508243573,2.7286808006359995,2.2285623430169976,2.2673755762992416,2.636587394037089,2.730978325147677,2.523131493786966,2.5232947933915724,2.5108551449706282,2.407410050660404,2.971418282711071,2.325587196114034,2.793015478246039,2.0852584099638443,2.5284842521170177,2.468229950922649,2.3905223432966416,2.8994999355945157,4.139857688755181,2.5942274091103266,2.523843282610069,2.255457116823523,3.0253429002315597,4.935955868222484,4.339754343782258,2.2181934457945895,2.6603856208234387,2.5701070493478153,3.0497738752546555,2.829093750183338,2.715197982077523,2.1984464478438337,2.2508636771694985,2.621609208450754,2.6532395995107136,3.1574513821828405,2.14913996657819,2.5386898881457314,2.8243701503225465,2.4030507718033913,2.456605478935526,2.7839287103768897,2.5138554067041063,2.5616945146353913,2.270142578359441,2.513475069860725,2.712900227207873,2.6316390732140778,2.231396994482248,2.7432905804340395,2.6891211096296157,2.442736739437528,2.382902947257968,2.3966446964388934,4.996151556906915,2.7889518938356703,2.7541806575645507,3.3444141479421337,2.5729100713765543,2.0344609538702176,3.2725886266172335,2.5812638865652717,2.483980213449935,2.2490931799737752,2.8017596975140897,2.592718256486103,2.4311645852848085,3.0508491060706664,0.0,2.7035802609710355,2.6284194878581992,2.606842965144529,2.474492498884156,2.728286480265761,2.617442550979658,2.732210535748358,2.6211227730599043,2.3094764714003837,2.5757606700247258,3.2284226239000304,2.5978203669386155,2.34033929171233,2.4258641031044195,2.4757391861477522,2.8102393479781127,2.6752814832653806,2.4595975756269275,2.4414939024486735,3.4537152004357754,2.648726022568544,2.855902134653567,2.328878520686149,3.0983219691228703,2.3951076849599886,2.6338127059326957,5.6044995869915635,2.7728507412316157,2.1019078843461765,2.675900605088895,2.4364654672255575,2.807245725460051,2.5768342837219804,3.1611311689416457,2.8602960095448218,3.4671205610670484,2.644952231521868,4.150050345507395,2.437553912603987,3.6036783607817275
arc_pair_85382,0.9279057344751485,5.165376712122052,1.195369713232834,1.9635330513721851,0.8919238702700805,0.6330876056842466,1.0522029900640504,1.0400880191419382,1.346256294250947,33.969296801844514,1.7047586963900285,0.6423317680257494,1.1745258195206023,2.2052266325504384,1.8786381715896527,1.3404605476256746,0.9640209782848779,0.707051645589033,0.9431275244084208,4.145387679852051,0.7856903319763981,2.470272500543512,1.340798477844872,7.9360159648494335,1.1297054066310483,1.1608735992776928,0.9535006628950655,1.5961255724031214,0.804237939164784,2.178325076879173,0.8356572301547291,1.768040550093513,5.203237542486582,1.5003923034294826,2.841970399110714,4.2762485613638175,0.8033440520790374,0.983839250106097,3.167137658019164,1.2535214426239123,0.7462116019379079,0.9760256259834815,2.6012578877961903,1.5524134477397713,0.6562321372580959,1.6908096105036634,1.6220394413707195,0.901118794620202,1.6109752410981637,1.6047557567969482,1.4257964515170567,1.2107305518486973,2.469295015159651,0.6353347573621502,3.4479467118786307,1.127889020697694,0.9099762404433294,0.9011763504644397,0.7929561289500386,1.0184213682226755,0.8116237547806853,0.9643170626000483,5.238454144265381,0.9752088450996226,0.7637163277931055,1.272904849682101,3.7283638262306686,6.539476896615148,4.590333116691496,0.9262447466839168,1.1160300683974655,0.6671795008828173,1.3793147549772473,2.2624977598708798,0.9084446204812853,0.9737874230217385,0.8940806922334168,1.302491595538068,0.6805029706788925,1.8365191773829281,1.1498070386131491,2.482269826331253,2.0126785456080842,0.5683127915185013,0.5112479034845719,2.5104036429981873,0.6209536191729363,0.7748083862298181,1.2558362724038767,2.3488715232281345,1.5939199698389066,1.482259491590782,1.696460592519466,1.2312285691160993,0.9425216409865355,0.5703242094626957,0.7266010216859503,0.7434581569477325,5.038822188871006,1.4019616461580837,1.172403477894513,1.9036548120249106,1.2168322153089792,1.265547152934234,2.240070700061331,1.319642785796745,0.8456849134451541,1.612672272340813,1.421720462713867,1.6522721806124596,0.8061585939849149,2.3875603971867734,2.7035802609710355,0.0,0.6648992116200589,0.7089936111455941,2.098401187891134,0.9271249643499249,0.6968153133561467,1.3589740633911065,0.44336404577713356,0.8743425734258021,0.9329802540925789,2.144441730215276,2.4387391478480285,0.7558955879718781,0.7414385462880305,0.5686169362940197,0.847318644754595,1.0340062912764627,0.5105196908695608,1.6884763341522175,4.240901964600628,1.2778122112878956,3.474559517161997,1.2738604771431656,3.063469168104108,2.030538724841386,1.5116798479453721,6.557121145723191,1.4755120488786495,0.8571992318917324,2.4837860726361707,1.3783907230928079,2.402235346878266,0.6179054367775285,2.6118642262643617,1.747205107433159,4.14670460441207,1.0880093901710368,3.44317732382568,0.7012455982031622,2.931340670610145
arc_pair_588398,0.8471204921994867,4.953267591124915,1.076614386276025,1.741946038858499,0.6473817810095246,0.5661083376188482,0.8951787779465988,1.001749539924273,1.252451962321267,33.642636724431995,1.3100791393466218,0.6095008433744354,0.9741398705758217,2.209421919739893,1.5478344351558706,1.1280962821549625,0.9434954756302154,0.8191223104817053,0.7972808607703625,3.817436828221592,0.6654850316139922,2.2485305269049904,1.3192656233808764,7.603869212425864,0.7818098962515287,1.148448224751157,0.7871686464966996,1.4079799988755681,0.7441737163530149,1.9098372541781479,0.8104503067049846,1.517098148400987,4.973939858626257,1.3330361749429218,2.8572017776640286,3.8785028240044577,0.7729077892967016,1.0300167716578883,2.9806259494997778,1.1309762447365894,0.7369839100235649,0.6783469539683448,2.410429190131663,1.4286499454154293,0.5687135976453365,1.3804371141172957,1.4286276507147486,0.7050197403358851,1.5752184990557194,1.4264928943374908,1.2106159112079107,1.0044055733643507,2.3991820981030862,0.4919484898224715,3.348190827002165,0.939279925998636,0.7843941795362175,0.8020324002959258,0.5625689305881032,0.9943964119294306,0.7800454939735846,0.9788895856042303,4.997836033039569,0.783152604748693,0.5905562580287096,1.1672921281508604,3.5060834553719666,6.044944922213821,4.565384416805271,0.78368721032373,0.9296592993048631,0.6076641189902576,1.344672444582097,2.050646572576198,0.8360094731112171,0.9260686992739802,0.7616911535089836,1.1887714300294845,0.5302669007201157,1.5811372682875453,0.8952583126819564,2.1807255839773796,1.7145923562499268,0.49900342942396636,0.5967804054737509,2.2064375168148667,0.4534165847629573,0.7080270109864809,1.2744390541899084,2.1740311266216708,1.2992633925491743,1.3971802397383266,1.4279077002175615,1.1371888268284387,0.8530577825294701,0.44224682700742657,0.6149281568684948,0.6692647131722127,4.944485602497736,1.0961569947912957,1.012636406320808,1.9281019114010787,0.8935405344177865,1.1553986421368907,2.2820028615893113,1.126982657648554,0.6088675802169747,1.397005893747455,1.087981837971673,1.374592455444057,0.5920118750666405,2.264919787247229,2.6284194878581992,0.6648992116200589,0.0,0.748581897052456,1.8522737569392793,0.8085252498258662,0.6238424709069399,1.235197070978907,0.42823814165871604,0.6888651948899938,0.7197108116689028,1.9594841701796213,2.2838683859053646,0.7362241512630069,0.6394857332844592,0.39839342786022386,0.8163682553218821,0.944530899460158,0.4713461845885083,1.4862452876662373,4.038115994873133,1.197543776650671,3.0660028875232435,0.9937303144805409,2.847634429902713,1.6515745895671097,1.5968639882765525,6.308421063781802,1.2615662462540564,0.720524055245194,2.2253638105093727,1.1441214967738265,2.2678725858883393,0.6452628326391011,2.202407935753517,1.3987534257471193,3.9537903788619966,0.8567967449371174,3.3073068078629944,0.7153236994391581,2.4933499219399913
arc_pair_669593,0.7721212453726596,5.035405867771114,0.6337125703962595,1.578206509856164,0.9028059190592062,0.5511346676465396,0.7029920385549702,0.7630799523121148,1.1565663173325444,33.7320655290999,1.346790850700011,0.4486545148248557,0.9376843571049079,1.8482414811464394,1.474951133253206,0.8949535194816747,1.009006269411808,0.5354398335520234,0.6333699942894341,3.760280808652951,0.6998700089588075,2.285480318779002,1.0594903596772456,7.801577682379354,0.8412723531142156,0.8723824784291363,0.8404196137805,1.4995135840110048,0.69199622720318,1.596077670634409,0.7180104283171331,1.647504170919417,5.022328739075111,1.1378198934808348,2.5267019848764396,4.049699267789868,0.9530329111698377,0.9232893480360858,3.070611272860203,1.0990390876109888,0.7919519688501178,0.8899516929006861,2.414870764469659,1.4925472727786675,0.6755761288971813,1.2993586210227428,1.4428742359535136,0.8111648490259018,1.415157076666711,1.3794384469476817,1.1093374559821032,0.9122542534973164,2.2955285486898243,0.3950752355326943,3.3285525897998696,0.650090397424126,0.9125395670855634,0.650843928662795,0.6406982126162921,0.7230952530695565,0.44867136087724413,0.8698277388531473,5.131844782904585,0.6818991158642549,0.4394546780585026,0.8619874793534225,3.4384945387403905,6.335608229525825,4.36755940353617,0.7273042147138451,0.8443031162412431,0.45217764003382854,0.988323458632884,1.9527008395633354,0.702839267666577,0.9391060563769409,0.7244650648411496,0.9261854779851882,0.7223877490529738,1.797301375563608,0.8724254489454202,2.262830848067145,1.8175365884973484,0.4037351589222392,0.4247423850260197,2.3065972065774862,0.4942917630607736,0.620530270539214,1.0252705746487347,2.122603710332701,1.3377063824926556,1.264894988943845,1.4851117441846486,1.2581465741314404,1.0103131199636484,0.5252514649022503,0.5441839061944491,0.43637548350656147,4.572064219874983,1.1812049274121623,0.950408775281794,1.8196510206050704,0.8968033657664508,1.0972273763925475,1.9581248512273348,1.1875777821409765,0.7517072367271123,1.4725498606605345,1.102698857295519,1.3399146743698285,0.46603057409945303,1.796778024961813,2.606842965144529,0.7089936111455941,0.748581897052456,0.0,1.9170191036943338,0.6217598433530794,0.46023058254370147,1.009515411994169,0.4017255931998227,0.585097037545041,0.8821103682298523,2.1208038961823834,2.0762523363003176,0.6721907055229017,0.4743738905695313,0.715099008029549,0.6516300051876494,0.7524270343766106,0.4305009985144532,1.7043049506126182,4.077107952960948,0.7624015530758427,3.29160513954731,0.8586448913315337,2.778961764924189,1.794593765882861,1.597986331184749,6.648299335501172,1.3795676170086908,0.5587823197984803,2.0989386534597663,1.1516376107306798,2.252590591025184,0.5346473635420071,2.131407711218609,1.3034011078105467,3.8084143683417704,0.6730213817045649,3.1978109768506067,0.5073081212428014,2.5405246738100895
arc_pair_551110,1.872157732474157,4.102012583618405,1.9009732197745248,1.8523998289989838,1.763546733856768,1.9877268448582421,1.5385619840244635,2.137198168870977,1.7471746638643415,32.20308013343987,1.8117393776574584,1.6635642596413531,1.7523308937100408,2.677997325810863,1.9883451409567674,1.588555336811492,1.4851999313062667,2.1525929567439643,1.6325883446806737,3.234249644792293,1.9377806683696144,1.6182663961564723,2.165375891858271,5.8252831641564145,1.3732034576556797,1.5747151388086127,1.4732412537584176,1.6658694123006117,1.5254495908626484,2.183171983513213,1.6527600667062496,2.404989105637708,4.252039475293922,1.739999948044494,2.9175250108939887,2.8396176767423094,1.715798152068598,2.048455555238624,2.6481841916639928,2.1229881588506596,1.928498976209094,2.0118207187720456,2.479822372267738,2.2124659151976935,1.792404411380516,1.935158301924738,1.5880215560861897,1.1838195926811632,1.9118372114077462,2.0946274055292795,1.4775367727470234,1.791776675131307,2.0526784403519014,1.6650849347800338,2.4189743803251673,1.5190742004954991,2.157656272809713,1.4715112789372948,1.525526848335004,1.8764005563504402,1.8016092880196364,2.0775165005215115,3.4567806574216178,1.6511016625111783,1.6566039992455326,1.7296284269505549,2.45017362741976,4.013700052408987,3.922525160221667,1.6177119066950505,2.0119748356186147,1.819492769734826,2.369634184545114,1.6112449656758745,2.0171912570515538,1.6092012171220427,1.3819366518153242,1.8490665220094296,1.8944983524249388,2.2885928720843163,1.3259073080228234,2.089937352061907,2.171729715795612,1.6964101569060968,1.731569776288732,2.4689477786806284,1.697410059321428,2.0134702007026397,1.6111891943951617,1.805325414290563,1.902666227719847,1.9968172230544092,1.6745942002664378,2.2070794950069357,1.4576633681056457,1.4904429008681455,1.6446060930876873,1.7563328975389347,4.571207515534048,1.7731434809545397,1.7325599214007819,2.8040634394478428,1.5943389244436468,1.3205510068980868,2.485893010759426,1.9620567105233364,1.521470825847068,1.249557578605021,1.885677101162229,1.5817072429056007,1.5396700378517596,2.116108067028695,2.474492498884156,2.098401187891134,1.8522737569392793,1.9170191036943338,0.0,2.0827249801185532,1.6997813083985438,1.8875461890729408,1.7867126836553742,1.5076684196752534,1.8745289344398417,2.308144195944688,2.138913266674947,1.7781981282617947,1.7215688402925764,1.6038853014701289,1.945648151056314,1.8532645897460946,1.8034683312015392,1.8126483711627135,3.2343287568711694,1.8365801122809025,2.092865220681194,1.2215740124281407,2.51284294185877,1.4450581280904764,2.1700149554802852,5.262165473989111,2.0072623005223087,1.3942370052631063,1.834209637851866,1.5221420008448052,2.408644134273268,1.7846163322095698,2.3596680653072544,1.7893015213850583,3.0379429426649676,1.7814941931671617,3.4354466666008516,1.5400074946056257,2.723481060688391
arc_pair_369070,0.9871586397864736,5.112902656596284,0.8192129214208269,1.5822460722247742,0.967183986130415,0.7411694289412963,0.6699102737620389,1.0046714583007845,1.3537244358107068,33.66161162023868,1.055903465224307,0.6234227196135604,1.1133823669110048,2.068625445942949,1.3495041175890203,0.9284441593970698,1.21063590399632,0.8400618602685523,0.7683645931397147,3.389709918192972,0.7305577796417575,2.2198261246631557,1.3709634068029537,7.8171336358957415,0.8231432874702611,1.155006029782307,0.8230755732754929,1.450236625860538,0.9222061071622637,1.4630203713043959,0.875468380277459,1.4876974025250973,5.183262466864082,1.3812046574469918,2.826060499164501,3.8483900329008542,0.9614074529002425,1.2289682576980758,3.014770267022853,1.178521757979258,0.8812900663588799,1.0031005785434988,2.7871700573269114,1.4617004807679592,0.8165387030094315,1.0550110554461531,1.4769798240349283,0.8841499430365322,1.7094521933432276,1.6067689114709267,1.1165993548338915,0.9001936027121419,2.5072417825268496,0.6099167494260529,3.308008938229298,0.8952181316147105,0.9846053123221097,0.8202642532099016,0.6666176890929709,0.8432291896456829,0.5143134349602237,1.1145585264904905,5.0579724975902485,0.9309035825547568,0.6763889881253236,1.037178131125669,3.5144259351038105,6.21391138992106,4.544541539668659,0.8509893903545587,1.1446042617509384,0.7113909526375891,1.4788584337316149,2.140827146214288,0.8478885707601945,1.118576063525156,0.815300840944009,1.203970528345821,0.724351884606328,1.8838729288696168,0.9762949831493855,2.2669885319734684,2.064812498230757,0.4924147522253597,0.5543166637679514,2.2138163465576657,0.557598078139386,0.7317965770327652,1.2115385569413686,2.2300866622202036,1.0211048520117314,1.5013836870608315,1.6659048832013343,1.3466160477608282,1.130247164178709,0.6330614448115839,0.747782013185321,0.530359437395342,4.852603946544334,1.0989000547487815,0.9530964891403935,1.9765425783566144,0.8539897113336792,1.2449646923787316,2.3483945675089593,1.1998689811069727,0.7666782588091974,1.347561580039902,0.887091975335647,1.5308087256624647,0.7273637033616276,1.721617688270141,2.728286480265761,0.9271249643499249,0.8085252498258662,0.6217598433530794,2.0827249801185532,0.0,0.6482226475532504,1.1994733188128583,0.6163258541199816,0.5900506349252637,0.9934324423038683,2.388330353330066,2.249665459641684,0.7862703176743906,0.7079911371527823,0.8192513790035654,0.9187109483106809,1.0728864467312984,0.6458189538028772,1.6836691880297225,4.10342840210494,1.0354813214470353,3.0129847759267996,0.9413079940310954,2.9121215269385368,1.738413172954152,1.7106756901736953,6.696136649287739,1.3964892148506955,0.8511026039205046,2.3027536981379506,1.193154559027639,2.4766849099183306,0.7994147064521887,1.9191346591210354,1.2747303404512622,3.8976020899857784,0.5586087013130714,3.249259327724685,0.9051462233973161,2.2235826984332943
arc_pair_83364,0.8710509821402781,5.096261313554796,0.9214636553943086,1.5188188983945388,0.7783717703728684,0.581372367642902,0.6221605948181291,0.8985965467914379,1.1460323310054097,33.86486048358904,1.1385983159837996,0.5335576392863515,0.8290203548399714,2.0314844497575866,1.3334930672771035,0.7345261075554019,0.7768874194229323,0.7339682063990304,0.7335366351947754,3.737665147720019,0.6316482990522009,2.283052666380505,1.0942678875890917,7.859151008607857,0.8041127296647768,0.9208902632914082,0.6941272325712069,1.41774106543676,0.6237874550551838,1.6405833820635423,0.8195111662206873,1.6107833625484276,5.159150626093811,1.296714166763078,2.66948814457814,3.95667450387755,0.8805410800461128,1.0710959096533264,3.0358397326926436,1.1182034838027541,0.7111153438284266,0.7855698983113903,2.476019229840266,1.50803692108084,0.6650138951333509,1.3095886176743972,1.3783408581347194,0.5623699345895038,1.6328772427186429,1.3518797027463427,0.9751937217272756,0.8906262494272531,2.4091195241911643,0.4638271982835197,3.50433861284882,0.7839186476356418,0.9207739251054808,0.6972776819650685,0.5006361985432033,0.8311496443610848,0.5166609745689041,0.9043863052992727,5.107578576393459,0.7122451408425204,0.5062786109375721,1.0997709709151287,3.578667115275483,6.16800511902315,4.450457031415022,0.7738367719706963,0.9336548989554859,0.6612356527699497,1.2472029738917678,2.087373677741186,0.8151775024674395,0.898983484895765,0.7707719756067904,1.168896710804204,0.6339596647226793,1.8488256160171033,0.8197583150481615,2.222619978478604,1.8810941583321115,0.30228821012918206,0.4340172876370303,2.436162240148086,0.45258195457553607,0.7129146848150947,1.095289403550947,2.0832893710153155,1.228675343791803,1.297693894458455,1.4893657627169465,1.3050342685204703,0.599474747954565,0.39353695139214906,0.5905058561169994,0.5692545168831885,4.850958866239773,0.9381701709126518,0.7828710413548906,1.865468261381895,0.8565119600299063,1.0602937836758568,2.0648020145011654,1.1302035557312633,0.6141444945069676,1.266581367981332,1.067940012385287,1.312777819866221,0.5641288090038838,1.8116626772767823,2.617442550979658,0.6968153133561467,0.6238424709069399,0.46023058254370147,1.6997813083985438,0.6482226475532504,0.0,1.0414005331413334,0.31543432870634236,0.6118318849682046,0.8774638369975803,2.021690496470622,2.3772276896000517,0.7591788547604281,0.7383838195566309,0.6376892956370215,0.8588718878369276,0.8865409371462165,0.4129877221695739,1.772645820292672,4.191407609810678,0.8844580298452842,3.081588554748588,0.6971541546472215,2.9051122592564904,1.7885106677117437,1.6084241259922776,6.634862948374791,1.3491599842550344,0.6259622001811931,2.0866700642847125,1.0413798906119909,2.385506457088522,0.5709174766249533,2.159608362671129,1.1533400032019616,3.9570649244686265,0.6370113108527786,3.2701781943890174,0.5822884719075812,2.31856896900217
arc_pair_655444,1.3611208411974451,4.875986790528987,1.1801006697963676,1.4795977431839349,1.206089811285311,1.1078919055703973,1.0947842934750132,1.2491301671038175,1.5775866796795779,33.86830161209006,1.2843748579449454,0.9073478789409033,1.2397952819590374,2.2096697164498584,1.4015752414456002,1.1634103132801386,1.4275820695470567,1.2785134785564882,1.0023739065562958,3.417410802927822,1.3190329085849624,1.9857868848291567,1.5226810161640736,7.493297138115978,1.0095659841383382,1.1296357252179279,1.018425115393139,1.604261349478857,1.1340600898338207,1.4308379115588832,0.9586757765397589,1.7256326480014228,4.789708792945967,1.4577171123696036,2.6836317966386676,3.7196973043927817,1.2857938906151776,1.2833509974149298,3.080180245041448,1.6557706473544533,1.3105686358094395,1.2828138632179398,2.698861717651468,1.5547998263336922,1.3212795134930857,1.1988120984091393,1.530310412084949,0.9304740501724162,1.8276599208174478,1.8044754918255592,1.2460974209910058,1.0289913078827235,2.470412595340188,0.9929562301061674,2.893540572013958,0.9634642568033398,1.3131714794986324,0.9170211387953942,0.9325492113136329,1.3648005469134659,1.0052499960900998,1.5682157013816316,4.748219445612673,1.2466022369353251,1.0724647373920035,1.066191044736019,3.140172700031817,5.984372433458636,4.485440578142306,0.9328216521511888,1.2375907665107844,1.0884492499017457,1.6963964229567705,1.8868791431781426,1.3157687000140112,1.158532299823742,0.8516575279672763,1.217694756450106,1.1161760958362756,1.49658794167647,0.8983816817412686,1.945416283052849,2.0832625274973595,0.8629501087618048,0.990758945299614,2.6507914119299603,1.0237762900524932,1.0437536586988494,1.2997575113494557,2.1351555717524953,1.4468407068628648,1.4451728250847222,1.516937056819828,1.785691221575094,1.0356750346928283,0.9623355386441136,0.935821244200251,0.8388850670356884,4.86791921293853,1.3093889508225784,1.28983447470063,2.31704428492695,1.0758064038063284,1.042338294929209,2.5002293147198085,1.3178755521662833,1.1012955514341392,1.3543375197161656,1.513126214278734,1.4916864730247172,1.0099825400106697,1.6546718128837448,2.732210535748358,1.3589740633911065,1.235197070978907,1.009515411994169,1.8875461890729408,1.1994733188128583,1.0414005331413334,0.0,1.0296885926475279,1.0294069476882697,1.318275222018526,2.1313825602007688,2.2979031564180064,1.0065540517329818,1.0847210144931254,1.1620392693227353,1.246187209974825,1.3311425505644032,1.0694663318843678,1.6918577207138483,3.803529233440125,1.2432327819098183,2.9913331980622884,1.0188834706286036,2.8564880987742423,1.5740639526219642,1.4635179260168587,6.454165016866543,1.6227661537187692,0.9047773917033701,2.2362358245308687,1.242993139135029,2.265488157752724,1.1354956532418767,2.030550633827098,1.1175716521241914,3.4591029227091794,1.0112616197825393,3.3769940638403253,0.9964087139194371,2.5460583963566217
arc_pair_134795,0.7379269058053488,4.949478838401498,0.8495683855766694,1.6545615969076164,0.5440170930470054,0.3367105700907219,0.6991169887208037,0.7785793632895377,1.0232378295575149,33.74408590276094,1.3451729927509173,0.4314499079082043,0.6963459766767413,1.960356501652062,1.5973662886448097,0.9248618860557919,0.6890852511184905,0.5163200702062343,0.6730108772984531,3.9488507950491982,0.5018981320736634,2.24189580440461,1.0631071634870217,7.812098867390189,0.8602267352797276,0.8480192282108255,0.7305791842386786,1.434510937745486,0.6405087113070823,1.8796114831790722,0.5949214197666111,1.5925572359261708,5.059536671968742,1.2205402689054445,2.578053598805087,4.0862990388200995,0.7098421487156594,0.8387157344303636,2.923072456608818,0.9713266359536447,0.5389219107470827,0.6990722918506335,2.2964474366351615,1.3746538954401064,0.43276474513808494,1.3883608188610936,1.3212657943868904,0.5334862458179976,1.3914027738435535,1.36226825802698,1.1365859845783888,0.969859796118399,2.378254685883701,0.31319854046603385,3.387394237785908,0.8000183340229859,0.7012944945957247,0.6382456845561909,0.5254586648819474,0.7001133947449072,0.5346153608939703,0.7216567417326507,5.145935816089527,0.6085679959204152,0.3562382620890966,0.9926741471764935,3.586018979145264,6.34440532971528,4.362787120560818,0.7485626691181206,0.8127012495727102,0.40567355557283247,1.1233566970739386,1.9419745131473534,0.6137933068700245,0.7209630460604026,0.641575934374074,1.0458712649822788,0.4843119988113934,1.6210611167650635,0.8278822837819149,2.2411152806187657,1.7887481802573975,0.23707415480713045,0.2514052164249271,2.3792758778920833,0.26015019505719156,0.5097229786542903,1.0405923452709023,2.1073012815682666,1.4264829829142867,1.1449228486577439,1.4960430360521717,1.0609916237977717,0.5957604438541928,0.2675026174636362,0.4128955870536227,0.4296135203201549,4.703877464175615,1.0223117081250233,0.83886927208135,1.6828561745000872,0.8777647873091159,0.9883764642069623,1.8940095144305193,1.0218643233969007,0.5475302391647143,1.3700046964612982,1.1760103453930724,1.2841625498035731,0.39350157218743953,2.027994352035978,2.6211227730599043,0.44336404577713356,0.42823814165871604,0.4017255931998227,1.7867126836553742,0.6163258541199816,0.31543432870634236,1.0296885926475279,0.0,0.5808794871303988,0.7090242062877454,1.853414132932509,2.2492128779281964,0.5659185932833618,0.5063891896222885,0.4150211355186896,0.6077294163441919,0.7193485912402777,0.24705823213116365,1.5962831160431037,4.216167490030692,0.9642678143754763,3.2326664120205013,0.8211550923478841,2.8759169326365868,1.876610365279413,1.4224141341256011,6.493662787612075,1.184277810301752,0.6168613104530276,2.1977316568798337,1.0750719102995832,2.2637840130983395,0.36273541716036317,2.3455425608692515,1.3598922681609926,3.977871536504025,0.693380076490642,3.1319004891473154,0.40343812445169397,2.6933854284625256
arc_pair_234847,0.8828799651182955,4.481614615674841,0.6245253082212201,1.208775107448766,0.8602327487710394,0.6124740959357609,0.7228121356533337,0.8220594800685245,1.2020215465885633,33.301078697750825,0.90600113805517,0.4862878303904157,0.9333906873961768,1.9621841861692295,1.0258377510391965,0.8791683662086421,0.9459282891579591,0.7062845371854646,0.6616087033112055,3.2340252071597417,0.7322314220150512,1.7704280279498437,1.1261946057908718,7.2824514245508025,0.5224783373739914,0.977017450951029,0.5937599098085402,1.3302511067130267,0.7971318827887941,1.2757636944198798,0.7406706954441808,1.2988204169113957,4.708100275726952,1.0392083579157059,2.6540417392027513,3.3346045452592925,0.582892436522928,1.1038523698782654,2.5217056658849746,0.995122446128297,0.7895302999982362,0.9128726757808752,2.434233658364354,1.130268765133774,0.5722796976404468,0.9377836310784023,1.0732589004526512,0.571865195191095,1.6263184731849027,1.3092951207285193,0.9962203704734753,0.7014937945113146,2.1251250875522296,0.43855230057277794,2.6615372970393785,0.8638034074946568,0.8870539744656906,0.417714795538802,0.4333962121407653,0.7720702075009274,0.44606076445514087,0.9912931634573754,4.287064313428125,0.7076785810372802,0.6309224661986749,0.8083971868051034,3.0987475564146365,5.499486656975272,4.191309363325696,0.5120529708219146,0.921824285558323,0.6129496078743136,1.266039733100963,1.7381802648140374,0.634130635970078,0.9185090156718263,0.5804595452894641,0.9388984064877143,0.6139778746442538,1.5438505755086165,0.6677613172552385,1.8868362940876808,1.6943237232336221,0.4044243900475812,0.44641791719666224,1.7846815773078195,0.42056979218656265,0.697808263693773,0.8506393113191641,1.90248535512387,1.0416757862269335,1.2755048074445783,1.2052673988061122,1.2027744349931178,0.8343267356839407,0.5378962399726323,0.4357586562437253,0.4230220360643221,4.508759016502545,0.8775649200324395,0.8869325417529098,1.9087615953653767,0.5986382962697785,0.8918519210090777,2.111156878529731,1.0506618948552509,0.5924983552185757,1.0219878471107284,0.9088449124421386,1.1631203667533596,0.602942070288411,1.5712868168058232,2.3094764714003837,0.8743425734258021,0.6888651948899938,0.585097037545041,1.5076684196752534,0.5900506349252637,0.6118318849682046,1.0294069476882697,0.5808794871303988,0.0,0.7804585669089534,2.0048140003077974,1.9148453699486199,0.5136950248239278,0.6643145002079781,0.6937365548740282,0.8884177097220856,0.8572407513297349,0.5721582345442899,1.2146764569793866,3.525354623245942,0.8841558331164012,2.7851370446539634,0.6096237288317999,2.5160546852858245,1.3493006104143446,1.3167080884461018,6.242742331478772,1.078794853156639,0.5920143373969379,1.8542575682518896,0.8841917051001065,2.1153223930366405,0.48460413431267835,1.5016889795710033,1.0475179067791698,3.432741699514971,0.6067051750984325,2.994965472044146,0.7780311892025157,1.8051079154087137
arc_pair_703890,0.9062209268331363,4.655124380625491,1.1440290153268216,1.7597165846664282,0.9027833956326388,0.7429082813750362,1.0167012483911275,0.9228540501888651,1.3907545745916043,32.798882531953105,1.348291470490668,0.7752425919706853,1.249544958749771,1.9950399252050035,1.5552957470093802,1.3454018555290908,1.072256733952132,0.6989144402201011,1.0353481044687105,3.507325251048665,0.9260862230086124,2.3365405172828018,1.5259910298113948,7.2605507176350415,0.9321199166075498,1.1838321846850792,0.7991716182811408,1.311542741370997,0.9813529892256094,1.8011193958749816,0.7704153504033758,1.4594065547190318,4.766170348948244,1.3688990342499223,2.855558942226499,3.658071914457755,0.8080877364248972,1.1310588059689384,2.865533344451056,1.375024700281367,0.904453421642439,0.9070747724743394,2.609781622258586,1.4639817149689311,0.6909848394637582,1.3999371136660481,1.3559880452010924,0.9151675974600881,1.7305250494923885,1.604156100007558,1.2149601448646838,0.9814216744036361,2.0857857567484417,0.8030017996909657,3.0761949919398117,1.1148146349566959,0.6857842076380971,0.8815524284131221,0.7755109255475245,1.1743421197976662,0.9136727280053349,1.1884529140454663,4.643426230065923,1.005935961438247,0.9061124805479728,1.317275928795997,3.3289265604437546,5.714994566199141,3.946100989472814,0.8516204214501452,1.208578504904255,0.7824038355780142,1.4852738091107733,2.1603761590355477,1.0069080311014214,0.9672934353375635,0.7500521576858104,1.3344592029366635,0.47613398689943565,1.614795214312338,1.051598316422739,2.1931038561079403,1.5588096618880671,0.6837678523513593,0.7283422325645525,1.9753700486552255,0.736717095077258,0.8519143618409958,1.1763262100358185,2.0920823687304564,1.2527849953225634,1.456703053221562,1.2286988089252322,1.315825951776027,0.9384113173210213,0.7355002052009297,0.7755200709632248,0.7984033412619761,4.871247757518737,1.357253548089926,1.1203934030474594,2.032262697321282,1.0284864003885772,1.292895076080239,2.308854166427372,1.349207225378866,0.9108511075623105,1.4046472484075867,1.3071634631926914,1.5975435259173696,0.8157323445966607,2.189264388669968,2.5757606700247258,0.9329802540925789,0.7197108116689028,0.8821103682298523,1.8745289344398417,0.9934324423038683,0.8774638369975803,1.318275222018526,0.7090242062877454,0.7804585669089534,0.0,2.0411962914233097,2.0036637317279102,0.7419754768654682,0.7672695793172709,0.6061801752815119,0.73756057802045,1.0493777172376073,0.7801377626568279,1.5474024303051745,3.836539708754082,1.2687771946705884,2.9177579883454348,1.1526276582173793,2.7181099173137118,1.3152104250217216,1.5122759247713355,6.179995109722592,1.5103088872978292,0.6955657439438007,2.223755578113712,1.3733252311300657,2.135225584198221,0.7230506639771833,2.0244381736779395,1.4801836057693096,3.7273610121229317,1.0811910860063725,3.127525716841969,0.856903994380326,2.0627791248673737
arc_pair_75573,2.1773813692317585,4.203683737002112,2.3118992088944372,2.512227696804887,2.1161944335721,2.0781266282568662,2.246558120720303,2.3856768421246195,1.7646254151778147,33.07244001074343,2.4779869331393725,1.9682560658618289,2.312007621898786,3.162342161402507,2.6890128651316827,2.350759030501113,1.9820902282148372,2.144121190459266,2.0349891408636083,4.33565370778009,2.166668314253596,2.8386067200367604,2.367937320027137,7.016608057542192,1.8556068228209144,1.852823531183919,1.948371270682503,2.149647216995265,1.9487302262171826,2.901198141096474,1.9792630105175792,2.692391018283753,4.87926809838268,2.514369898468834,3.673310734625674,4.0376771280156785,1.956706506478093,2.0352070205485497,3.7013081232176774,2.5005728474992814,1.979311214165088,2.1554309835570495,2.7375006899946905,2.4448077259139964,1.9925445062293,2.5081511983103137,2.22302553458967,1.9794273058272744,2.469889720905651,2.3692384408947094,2.276595560783551,2.2719206189500225,3.141637832215956,1.9727835738808264,3.650701817660063,2.1492560103159235,2.2022570192874817,1.78577451550162,1.8904901248151005,2.215863273937159,2.0555295114960326,2.459481487939144,4.866663086394633,1.7731336886727393,2.0361540789573387,2.171877743263758,3.8767327665687876,5.51255232452834,4.661733053417854,1.9402065008958616,2.303356798048614,2.0245197494171014,2.6229011152858264,2.606369693806614,2.305567121795241,1.9846534159172369,1.8655128059406758,2.1879865109284364,2.1213435564454057,2.639292777272237,1.8557207182710282,2.4279899491450943,2.886305515976561,1.9116410017556753,2.0095960947168154,3.151032009464552,1.8551580725828851,2.125443171696272,2.084458209241071,2.781978925065069,2.5313285673114096,2.4807195916422438,2.332183651753692,2.3845445840353303,1.9355039102898144,1.8760960171617491,1.7919819507808965,1.9999655964074103,4.745193676381875,2.3133710627772155,2.2627772751796593,3.1602952932113784,2.333275274017306,1.9198384443322125,2.5962515493588034,2.1519317579700448,1.9748309580769163,2.176150729099268,2.4675679832425814,2.432728242173206,2.027910511869792,2.877413627413969,3.2284226239000304,2.144441730215276,1.9594841701796213,2.1208038961823834,2.308144195944688,2.388330353330066,2.021690496470622,2.1313825602007688,1.853414132932509,2.0048140003077974,2.0411962914233097,0.0,2.933788177095396,1.9558251435839493,2.0084367743300318,1.8719776718629337,2.18519760541507,2.198724056752787,1.9552438197987083,2.5731888312942592,4.1290457268180445,2.4227253934566964,3.0960953360542183,2.072908398520516,3.1676457414154484,2.4968420332478596,2.6123848785994124,6.272195461811859,2.4169633284038534,2.065589207487643,2.5456980880366418,1.9949421576594881,2.248645117577417,1.9673727817740918,3.0386410335296348,2.4353721910250474,4.028735597628554,2.3029314435610257,4.1555074927946976,1.8074496376173603,3.2198149281784825
arc_pair_537305,2.1531952139002994,4.359211432762821,2.1497595373034706,2.5075806840550063,2.1931570973390433,2.271096334925492,2.311180033914386,2.277445441814524,2.17896437902585,31.593102633073393,2.3840798059009445,2.033099877180563,2.441848957566213,2.6218326198093775,2.5205584527812834,2.3752444578276,2.3886059277502216,2.2754253850402133,2.10052463728573,3.592020645139783,2.2070040106052566,2.170829370249934,2.4644964538418375,6.275370294152523,1.7851854854417102,2.13650082438621,2.0538273190684055,2.1023655187971815,2.0713944455107245,2.3246440557277017,1.8373213628304028,2.7612824671648983,4.206713032005653,1.83046818967583,3.0749958570883065,3.2040183022976274,2.1396828963693895,2.0951902770932636,3.2632876290492163,2.674712825922073,2.313955062099522,2.390961875234167,3.1606125390293043,2.3073447244461165,2.1680947826131987,2.2497669568228407,2.0387284163527997,2.071397847491092,2.2443170019320067,2.3115471690197413,2.066786882293478,2.184052784088369,2.214301381635746,2.016612864724944,2.678318843750402,2.0412216767508338,2.2405799586897692,1.8529588060139837,2.1619015801520245,2.0237206617499686,2.1093167916541744,2.5832945402295877,3.8099330381651004,2.171537117368142,2.0846140286270467,2.028117585211415,2.676764328063284,4.987476364173371,3.7128183139912867,1.9024451975178756,2.21215690784751,2.079975972908562,2.593659918267405,2.241176476513867,2.2740339156943916,1.8804995735640955,1.7711138034932752,2.1433901137793745,2.2358619391843413,2.577068074398264,1.8719054963781656,2.3722412993438518,2.4593544857446954,2.0836937285839703,2.1242223515542866,2.44699943119526,2.1039247650804427,2.203383690736847,1.9640834372206233,2.097275206076799,2.4317529231985358,2.3136779921846298,1.8991567576794361,2.5315068302436208,2.40017965566742,2.0098790574527055,1.9229934402566413,1.9174610851899985,4.316574064389343,2.562181750651515,2.248164001351982,2.905281309506601,2.1634623736130845,1.756149369148209,3.0233545181137655,2.2331075786288097,2.2000430913325033,2.127790412263428,2.4440179933952533,2.2841350811340204,1.961372127527288,2.6173646740154553,2.5978203669386155,2.4387391478480285,2.2838683859053646,2.0762523363003176,2.138913266674947,2.249665459641684,2.3772276896000517,2.2979031564180064,2.2492128779281964,1.9148453699486199,2.0036637317279102,2.933788177095396,0.0,1.9555194540835144,1.8659438452782262,2.069611644336378,2.089808678707118,2.160016038628252,2.1767619501719477,2.1604051568920775,3.005600764609337,2.3354975983484874,2.832077371573873,2.0050548264666443,2.716891534348679,1.8131789672089509,2.3855140678283546,5.873517872303068,2.4560555096521037,1.7627308360852092,2.3888033461391265,2.2728223513891064,2.550424149726706,2.2265009108777054,2.715643566392076,2.554244520742034,3.3141949106098667,2.248916743198029,3.9201634329617256,2.0339290468346505,3.304975677398277
arc_pair_542593,0.6587290890774427,4.433082284975417,0.867120153153087,1.4354415694115283,0.7747277195290907,0.6986503252033575,0.7975054423220322,0.7347151226144508,1.1239516332321244,33.43834776400038,1.2115471853915176,0.3384445675716119,1.018349274947693,1.9580654498945258,1.290297271337972,1.1834291135606203,1.051058875908793,0.753017572892346,0.5372606257489093,3.6981169098391464,0.8442637700684592,1.7359975738614772,1.3090304691583043,7.305101981779099,0.5524697379920969,0.8692895722151377,0.46760031658950246,1.4345006139778353,0.5972591150021815,1.6435263043628627,0.5659035394458145,1.096352251273568,4.536949387395342,1.1766179861293353,2.6458864835046385,3.629034494540358,0.6313370644807081,0.6959923203622926,2.734140640762894,1.0583223237572241,0.7314507459589104,0.8243342874959114,2.419677016689435,1.1562016287727215,0.5786757779898298,1.005407524865445,1.1900562963361248,0.6693779996370202,1.3776542625175483,1.2202290965246028,0.9379500190479066,0.7036080579526002,2.1183291866828267,0.5623830381320127,2.6931190581172073,0.9749383515164284,0.6959446522435357,0.5587119642757338,0.5204920735655717,0.8094975838811918,0.48022241197041404,1.1371878461114744,4.489089401486995,0.7032658693712001,0.7488566191291184,0.9009542504301219,3.2263039473093698,5.743020634694761,4.2213008453341025,0.3735264135161478,0.9528075304562389,0.5886123796742879,1.2301630626115019,1.8046596611215495,0.7093208371640515,0.8299294812321153,0.5100269810406626,0.9366317976822676,0.4597520628714773,1.444228292418494,0.5596748212736496,1.9303061370234154,1.6914850649519872,0.5384456036954837,0.4928834381067818,1.606770961906696,0.36566732317923156,0.6306720892872708,1.0142125466759198,1.8979394438910235,1.3342226887391344,1.1903136462560528,1.058709066435795,0.9105876088922769,0.9413018225906709,0.5957681736412833,0.5465811586645605,0.3934924321984249,4.364488501103729,0.9673149219046797,0.8109425306141025,1.8532152240929956,0.8448055647215212,0.831537154601868,2.1672861731907953,1.0555263831094244,0.4399465339494701,1.1209536717677049,0.9720146133550157,1.2193756302498844,0.7301459977872629,1.8832303988904608,2.34033929171233,0.7558955879718781,0.7362241512630069,0.6721907055229017,1.7781981282617947,0.7862703176743906,0.7591788547604281,1.0065540517329818,0.5659185932833618,0.5136950248239278,0.7419754768654682,1.9558251435839493,1.9555194540835144,0.0,0.6337754800744838,0.637682343000223,0.8616386651669076,0.9207572448469732,0.6325197181678847,1.1599062700840364,3.6421607474897657,1.0669337659056488,3.0288739232385558,0.9819915527575299,2.5560163914051097,1.3488288784182914,1.263041715515166,6.20700333950103,1.2097293597804113,0.6481934695590852,2.0429625632466073,0.9716734820239197,2.1297670864276763,0.5454028052186822,1.7000003115043687,1.1259409182698934,3.4022428412425385,0.8503396191497106,2.9235430647085963,0.6684337816905451,2.16542778690982
arc_pair_282771,0.6375273276540533,4.627588601562888,0.627530127849246,1.5130918369453945,0.7132852983874955,0.6144530172030082,0.6386944928699589,0.8666777968748933,1.1266977042158435,33.230932384784,1.2488721355546506,0.4588299882842527,1.0550880179088535,1.8040885056915055,1.5397232057088264,1.0144443904493798,1.007314400976146,0.718858158762675,0.6777368499375769,3.4422375811451236,0.7782976232971415,2.096346840954845,1.3556114830463124,7.474120096462119,0.801413883011403,0.888103549725717,0.7183030672815336,1.2986209453298003,0.6882193991730798,1.5172000359515743,0.6617859049381274,1.3939482256559665,4.621869172045578,1.1657455394244034,2.5754666628681484,3.805147689195965,0.9238854497429846,0.8591540592669809,2.9354351640227216,1.1725373428575063,0.8342800656934324,0.8445076351000629,2.406369782680366,1.3334858014799993,0.698395529602895,1.1595602271015548,1.2934355436561336,0.8584430724855701,1.278147379328831,1.401733638270127,1.0466102700999997,0.8244765154093963,1.9857918291769248,0.5449380616876904,2.9783893404317685,0.6813093013263064,0.8078745643840997,0.6810391382476174,0.7591443020691385,0.8171523148881505,0.5906932630831498,0.888481875144202,4.695527873716897,0.8429358429774033,0.5959198176006942,0.9566922304189056,3.287925826675096,5.902151004118785,4.181157777319192,0.6662201706435978,1.0352560238453183,0.5010050627976703,1.2624490945904747,1.7700130964170522,0.8620189616344589,0.8132385102942263,0.5122828810013277,0.9835969857829594,0.5894584219413146,1.5899452970282786,0.8196284755873611,2.0437847560561426,1.6093946869217464,0.5800804384401839,0.5308737717524372,2.0226622582545706,0.46007194177777677,0.5940142261150135,0.9702176550597681,2.067722283890158,1.1826729981370814,1.2802972756786362,1.2595748874385722,1.1448759435734033,1.0006696221760418,0.5034726538150069,0.6276046410596836,0.493675896478628,4.487833980675214,1.0860886685609998,0.8920091074213887,1.831414087716128,0.8521753470489657,1.1419055531832707,2.1891776689193367,1.3185913645931764,0.7519201625581295,1.3160824980858175,1.0997205342402385,1.4032147259618695,0.43185065656567423,1.6840387294368462,2.4258641031044195,0.7414385462880305,0.6394857332844592,0.4743738905695313,1.7215688402925764,0.7079911371527823,0.7383838195566309,1.0847210144931254,0.5063891896222885,0.6643145002079781,0.7672695793172709,2.0084367743300318,1.8659438452782262,0.6337754800744838,0.0,0.531626780270302,0.5899379528983595,0.8491084097980801,0.6550814650314785,1.4403675808024516,3.8362967997985247,0.8976242888383541,3.043937059418822,1.0117606251932925,2.7576413034623903,1.5033231601308574,1.4018000969799842,6.159970965261887,1.132829594110494,0.5459110535066919,2.1569088176999864,1.2800847250651037,1.8890092594636054,0.5513201140690377,2.007505785152414,1.340085134650579,3.580173781880177,0.7643271605552475,3.058240235345731,0.39416758543715785,2.508897306195123
arc_pair_622739,0.8322122665931966,4.625814074214947,1.0001751339326448,1.646441688844499,0.6715214259126115,0.5445638765220756,0.8126721692913847,1.0264715868730345,1.1691918027308854,33.2830592980239,1.2145631478657188,0.594191531727645,1.0438754914990929,2.034195956214274,1.4239839674804797,1.1121022247901957,0.8318007702705628,0.7323591461077459,0.8757333496245968,3.5294489972241863,0.7374456746270791,2.0303863093345025,1.3279401364018235,7.298733007875178,0.8818419627678534,0.9858066657439144,0.6471137605106677,1.0529079666855812,0.6099801669218616,1.9223161936127815,0.6530291932577452,1.3997574994742812,4.625807259296345,1.2719931605888513,2.720991812054101,3.568735767240123,0.605465264009768,0.8636080384451139,2.7121160398965216,1.15233347746307,0.664504125358006,0.7489601126613227,2.3440042026642587,1.3632930608009985,0.42178253443570357,1.3297626812942875,1.2948959723274633,0.6316350259100834,1.4077910929031456,1.3948421160919593,1.081485746724298,1.005224110742879,2.02872249966389,0.5183458583197151,3.108879940031199,0.872931810896307,0.7244060561063501,0.7563735496339412,0.5190978754875494,0.9739297668786493,0.839372908379121,0.8824998727565845,4.643748761109616,0.8302628402323402,0.6500692251661033,1.1475681459275142,3.2386984434596817,5.866765675847983,4.36456248090216,0.8266339742395752,1.0886047592024846,0.5413493420879015,1.2942511730693802,1.8671164497161614,0.7426146603609218,0.8222300744145843,0.6236741926734304,1.1451893390434351,0.4145753697666451,1.3536739061037129,0.8253751630509361,1.9838810500398072,1.6667314896770689,0.5095147305172352,0.5711263039515043,2.083291323758554,0.49591987936814874,0.7274844519419537,1.0937397718773187,1.976726627058574,1.1682040333882513,1.2856852869629907,1.2726092106048559,1.0794860092379581,0.7099339193262966,0.36434184373852524,0.5891895896499362,0.636560887111548,4.741065554005436,1.136475932045587,0.9165706963933964,1.8306789117810136,0.8232766872250287,1.0299589760342025,2.132820809311386,1.087588443547987,0.6574607802588512,1.2964254979423637,1.12935676276004,1.3699905613376648,0.5777169518232488,2.1843972074752394,2.4757391861477522,0.5686169362940197,0.39839342786022386,0.715099008029549,1.6038853014701289,0.8192513790035654,0.6376892956370215,1.1620392693227353,0.4150211355186896,0.6937365548740282,0.6061801752815119,1.8719776718629337,2.069611644336378,0.637682343000223,0.531626780270302,0.0,0.6708077344839847,0.8974033631393908,0.5292444344672639,1.3030196052529721,3.8648117359641048,1.1205240561290477,2.814929064071611,0.9851579222101913,2.694640757565081,1.5229793437957597,1.4512393698319617,5.951636412476814,1.2377274509892855,0.6054882113432648,2.165639695448562,1.1151394815467308,1.9608644800446773,0.5837069007657292,2.137790996865299,1.3482587815155984,3.822767468101127,0.9372544490454456,3.157335538898767,0.539602759621155,2.278065169894138
arc_pair_192119,0.8875855310418163,4.872063644434217,0.8421393440689191,1.825191202340417,0.9369723069150921,0.6768944703052016,0.9478379003012158,0.9557247352768665,1.2528258235267535,32.80065591547354,1.510507376824041,0.7173773114305566,1.238946498487488,2.0006183913058675,1.8099236573077362,1.2889101106014158,1.0905033952244265,0.6584408531228698,0.940993300655504,3.620554950416202,0.861311116288501,2.449057562311802,1.4124512780848868,7.487833925931684,1.1849138023362218,1.0956507771290398,1.0312744871422788,1.511182218772099,0.9180061552588752,1.8284574258595931,0.6381700030443931,1.6201149643095907,4.885787480461234,1.3377592307226607,2.74025398794236,4.076475267365852,1.0332338746177152,1.0705341490216298,3.0497309875377328,1.3295195461516127,0.9522379654029285,1.0175494130018254,2.59871697867189,1.541780790604687,0.7990290101650179,1.4612214051040047,1.6568256355464857,1.0196513632531763,1.425399410648468,1.7776724406363709,1.2610658504627295,1.0599983639221606,2.1204187865312063,0.7201185847297251,3.312605810524077,0.8812044612321273,0.7128951438798794,0.9081203676762384,0.8800365841683846,1.1064617886525085,0.8377622216917984,1.0783436551440038,4.910516613536682,1.0015874802353477,0.7717960122023988,1.1831054320823389,3.4739728898423397,5.996367549061378,4.165368705623594,0.969911533604209,1.1714290005544392,0.6362907362891387,1.2990975022305342,1.8978645516224604,1.0613785393146715,1.0317675373240258,0.6578825841812521,1.2041686326143175,0.6985441739759292,1.657460564291335,1.1663581200998652,2.4686444088128847,1.7460332287976297,0.6924268409329954,0.7258190266059521,2.46426134570222,0.7069138883131381,0.7518599118484987,0.9829038637102061,2.271279629429488,1.4423525084541784,1.2506908450027379,1.5942095115087345,1.2480634763011205,0.9675470473717679,0.6535901215383934,0.8041501018916518,0.7034785829855452,4.769725347611913,1.4568719213979653,1.1570485330616709,1.9290570891031047,0.9912114287376864,1.3045597331028183,2.0891065403057154,1.3520335489585245,0.9465431259442623,1.6541112152181905,1.3574239885838684,1.5786747339703995,0.6397788013873638,2.1086172538908157,2.8102393479781127,0.847318644754595,0.8163682553218821,0.6516300051876494,1.945648151056314,0.9187109483106809,0.8588718878369276,1.246187209974825,0.6077294163441919,0.8884177097220856,0.73756057802045,2.18519760541507,2.089808678707118,0.8616386651669076,0.5899379528983595,0.6708077344839847,0.0,1.0058940237348848,0.6583077855894347,1.6754012290623566,3.9432456353926977,1.1396786087313788,3.284159098976595,1.1966039293063553,2.8372005191907297,1.723599974729911,1.6191420256546174,6.461157082892324,1.5047909506132071,0.7851788575775911,2.391589194329412,1.3138098191308747,2.2531392392224614,0.6817000185616792,2.3037384254738056,1.4722053024819124,3.8588508678158164,0.9577437286887023,3.244196721939156,0.6467179185685386,2.6819471326038054
arc_pair_544850,1.149558602586767,4.858329637318118,1.0388040951813502,1.795146195936841,1.019090189295267,0.8439571376520795,1.1051701731858192,1.2347402987980782,1.4869537154904724,33.76919591163427,1.4759654628453174,0.8506672240275708,1.2685341734223758,2.083037556712472,1.6914854661820657,1.2169787377746137,1.0877254836246684,0.9701418474503902,1.1315488294629483,3.6958868152493487,0.9848823578432586,2.378863231878296,1.2946341714314673,7.731231949985833,1.0540061149797264,1.1247846650277102,1.0518934590869011,1.5229263095211696,1.076913551903715,1.949163748598634,0.8580653804980167,1.8407069341058155,4.77142906886384,1.3121671361365062,2.823111557137,3.967338779572184,1.135589056689993,1.2519778092122635,2.994007942576874,1.347974331775918,0.9121148827733162,0.9691214180846625,2.721196048054854,1.4385253238035074,0.9207959386357871,1.558573291158201,1.517435338013778,0.9038924659759353,1.7097869205797078,1.6695620727232008,1.3937038126707395,1.2710463557354994,2.461550153803353,0.7751191260967099,3.4444376178158516,1.0453986551529055,1.1458716078202764,0.8812597656793739,0.8791060621830374,1.1139340081897269,0.9457423161773468,1.1845323628887474,4.9991029155101385,1.0642193487291307,0.7079863116829341,1.1639359602219463,3.4413459049975033,6.2109884245985105,4.435345405990155,1.0082100208616802,1.1501290200565442,0.9174008657575458,1.2634233943299913,2.103969970970201,1.026705059563932,1.1308538685746774,0.9827991721907747,1.2752993491029851,0.8684435977387368,1.89307631388004,1.0303198223899452,2.3782746188643396,1.9950252999840925,0.7080220104780748,0.73153625023702,2.5630240379214344,0.7797083751405162,0.9999619962997721,1.3290720602287949,2.2062700972764855,1.566090155662221,1.3391774214957093,1.46553438641355,1.2851959725849862,1.0600874152596762,0.7212716889387625,0.7343655855736373,0.7965277433000533,4.761316932405554,1.4425223554458826,1.1719705808177805,1.99140026424278,1.1326237343675414,1.1545008506911882,2.295199957964081,1.1731458869222444,0.9943216641011234,1.4573968887848996,1.4791408217379889,1.6193966203058536,0.7439590974224617,2.1504129358233506,2.6752814832653806,1.0340062912764627,0.944530899460158,0.7524270343766106,1.8532645897460946,1.0728864467312984,0.8865409371462165,1.3311425505644032,0.7193485912402777,0.8572407513297349,1.0493777172376073,2.198724056752787,2.160016038628252,0.9207572448469732,0.8491084097980801,0.8974033631393908,1.0058940237348848,0.0,0.8073444825970892,1.7107028809032783,3.9968017594891423,0.9953663594024738,3.245736041064463,1.0787522603086226,2.9535629163393087,1.696222459766735,1.6429955486659034,6.438631484033333,1.4392897741808266,0.7538244386587027,2.093072453967057,1.26142480913736,2.317639289639305,0.7587214154892264,2.3718523606184796,1.6487917562074839,3.941021163574538,1.0653790560717296,3.3149606892721692,0.9298946152659235,2.7239288093597693
arc_pair_96327,0.7623690900183386,4.950836634911582,0.8957291876417055,1.6661721007882726,0.7220906654847781,0.4642461352843754,0.7716699086667151,0.7467525803028185,1.0973298499213011,33.498613413571064,1.4010173515618973,0.47147316086156627,0.8021274407137262,1.9283475998846218,1.4160525680536822,0.8948108641057047,0.7969014273378385,0.5951165981334671,0.6452106765054866,3.75051795388368,0.45348288698700767,2.1754660683541687,0.9888861755280606,7.538466186849777,0.7232390569766927,0.9106989396808888,0.75971109876227,1.488633674273744,0.6116781429550237,1.7894751258873196,0.6434663333036531,1.7695808452696777,5.155607764228129,1.1262891029128608,2.5465109046532923,3.8237789215629965,0.6843540228670639,0.9564062984044599,2.978449289200142,0.9814943809909711,0.671908179252884,0.7839291619432283,2.3006857376121275,1.3534283561731386,0.5311978583633149,1.285158837418692,1.3454314655592874,0.5777695172704778,1.4207974559740948,1.236266907295966,1.1887468112328512,0.9313653220185132,2.2445429758152673,0.3261648131322836,3.204174576455569,0.6925385750550391,0.7496714873270391,0.5857997335124605,0.5747445400062904,0.6694979370794759,0.460352494182518,0.8499596155715226,4.996831223795429,0.6052710312248453,0.42562346493239417,0.8908384135974365,3.3549255565408798,6.224978389051096,4.260714473626255,0.7100411525128782,0.794968013781806,0.43902336207123915,0.9661320541838102,1.8728989265874505,0.6920275980256052,0.7977098618225416,0.6638495350313255,1.0380496205122818,0.6137245190846289,1.7044321840163459,0.8485339283266188,2.196212147347352,1.831695707111429,0.27296266147225223,0.3509268136763024,2.2088363310351222,0.3925132228017251,0.5608630629844253,1.0261250260281627,1.9713347155744787,1.3308361106443722,1.1747651391339815,1.5118971512440926,1.155906300873041,0.7692213222520665,0.34810789571998946,0.47602856711433955,0.46688120277921036,4.783001418023903,1.2012452270132814,0.8674109491195681,1.7572519844182208,0.8416102652101617,0.9408771844589028,1.8959381878309824,1.0097702002116506,0.5244152638519006,1.3370814932187174,1.17196790828423,1.2743949756550363,0.4504130320288498,2.04239685175863,2.4595975756269275,0.5105196908695608,0.4713461845885083,0.4305009985144532,1.8034683312015392,0.6458189538028772,0.4129877221695739,1.0694663318843678,0.24705823213116365,0.5721582345442899,0.7801377626568279,1.9552438197987083,2.1767619501719477,0.6325197181678847,0.6550814650314785,0.5292444344672639,0.6583077855894347,0.8073444825970892,0.0,1.6421033926950304,3.952624000040728,0.9940026821772592,3.066387984123063,0.8168823797892383,2.6889552996608064,1.8205802552448844,1.5217812143249687,6.462782073088331,1.2778582646122272,0.641946087829143,2.0673978185124118,0.903020438149675,2.329794108832471,0.5111689771306764,2.1367841572410198,1.3555410586660535,3.8391168003489042,0.6653629464940987,3.1480136762344495,0.585704826274319,2.533720780919782
arc_pair_541994,1.6819630549649633,4.621826509451113,1.7799295488609301,2.146975063916863,1.5394777877796597,1.500830247546893,1.7797908141196253,1.7327717704474883,1.8483629663027878,33.330874276451176,1.895040212030386,1.4416074462661808,1.852568268531941,2.4412399432385845,1.9996999990240254,2.053869326249139,1.7468931280659863,1.771164185350223,1.5576269327458965,3.7500998634829967,1.622036497131288,1.8850368013860286,1.9334925994028644,6.695415207180249,1.3409203154546976,1.6319992881999577,1.2443590937420281,1.8354467996988877,1.4421510979204624,2.279681343348604,1.3259768274145565,1.8687990840434088,4.371148071148565,1.7328761845744782,2.930851123139774,3.4365956316620423,1.2816146492822966,1.6061576025805775,2.7481469922252786,1.9538332479077998,1.484175661845113,1.6853495244864254,2.989959548742225,1.793619834816421,1.455230199372362,1.8681380658795728,1.5283076539788727,1.2759305472267999,2.0030243831865784,1.961993654374718,1.6399774705865038,1.638403017121212,2.438840772772434,1.3990528391921118,2.6572324743569435,1.6766565375393032,1.5826785908082472,1.2272016906507786,1.3057223524210966,1.751758378627128,1.569783338826164,1.9895292849425887,4.209534437404848,1.6131943630895003,1.614913342849461,1.6334568153945255,2.9512034602310284,5.19163833945334,4.2191059750581665,1.2449767780607883,1.7248153015095085,1.5673859982584954,2.1358527839469277,2.077960732467303,1.5836533748408044,1.418614355165382,1.203929301234359,1.7030103994739654,1.3589586535271225,1.9345778569608696,1.2303667983787219,2.1725180757613227,2.0998101143883683,1.517881269732141,1.4569028676106888,1.917458248656457,1.46551791167394,1.5146547810882982,1.612139588511074,2.1104298978474447,2.0400518977102227,1.7635291940049833,1.416040023757708,1.5906368133250386,1.622769109841531,1.2794937984156662,1.2975960685373087,1.3378553682277787,4.7128846529146795,1.6974992896487446,1.6054933237751599,2.442695304712596,1.5497299881731896,1.2182702852417526,2.8053838029168037,1.6326150362040162,1.3777814120128449,1.4574254531782136,1.7910888521505832,1.7116379149039473,1.544658206380063,2.548492362389867,2.4414939024486735,1.6884763341522175,1.4862452876662373,1.7043049506126182,1.8126483711627135,1.6836691880297225,1.772645820292672,1.6918577207138483,1.5962831160431037,1.2146764569793866,1.5474024303051745,2.5731888312942592,2.1604051568920775,1.1599062700840364,1.4403675808024516,1.3030196052529721,1.6754012290623566,1.7107028809032783,1.6421033926950304,0.0,3.4398170496952485,1.9342422310449816,2.8693210178526156,1.5481787991929479,2.797191263949048,1.4946563496652683,1.741188056615929,5.846593486604927,1.7687547174622393,1.2445762179739637,2.297346996011566,1.6754931745657302,2.4193293043164243,1.453489699077002,2.4100956847210235,1.9265247409590565,3.4825517609673753,1.8376882472311533,3.3375947577825795,1.4886670780023552,2.8944683656247063
arc_pair_89302,3.909409607686201,4.660224703839756,3.950892994290977,3.694450278610986,3.632223032175735,4.26397874130532,4.0898693144160125,4.21542708822711,3.831458932748817,31.158582967663232,3.7716010172914336,3.9292056333192615,4.1918954628436556,4.1413252063500785,3.789399743169228,3.8405337359881564,3.9597264265402448,4.2230578835125545,3.841516465491421,4.000937032495164,4.056668810487692,3.1390296377919586,4.057511723942064,5.620924329955859,3.2166418542013746,3.848582766592428,3.6176066724015574,3.5507068342452106,3.663024877977806,3.7001167377192656,3.410264483209792,4.316116957416517,4.794403335181508,3.132951127708707,4.2057469444929705,3.4075943606567844,3.677731705115461,3.8280142337118086,3.973510449942701,4.473992711190025,4.256198495582635,4.075073031599401,4.507013934308058,3.810157400974873,3.902200737276171,3.60953388227823,3.031500002080586,3.572393279933106,3.5329475935554853,3.693683592194956,3.6151314217976194,3.7445971178574653,3.107555058263797,3.84753276980387,2.7894092911827446,3.5752217327735907,4.140140624547249,3.4667038876054175,3.7835164191529858,3.6814746215826006,3.828284103939525,4.451213331850864,3.1427229063685926,3.8604274833559487,3.966928494851781,3.5192864261402024,2.775427566424121,3.7768929406861482,4.510630001288275,3.472803872194008,3.8794630538344026,4.057450161698618,4.335350911754537,3.3129373750738758,4.053132351039219,3.4755700758860666,3.292188258066153,3.762618577051056,4.09238760337963,4.152082118673793,3.417308715168487,3.4223298705915246,3.8005316313933926,3.8601257611006914,4.03601500560575,3.502963678395635,3.8505817111504608,4.004076750380537,3.2115384722878018,3.2060668015947047,3.9571198109198398,3.743110021805146,2.849809804411094,3.9964255275887393,4.011143044353728,3.8192468489767366,3.7858982888362824,3.7368562212230416,5.583231044143428,3.8993780553918467,3.8381591114125033,4.569449341838245,3.725271620302138,3.10379836743629,4.079609077773202,3.7451787031626536,3.7865378544456822,3.2201074980355173,3.9523295161251997,3.3455481885429466,3.7914073984530603,3.9613667278522495,3.4537152004357754,4.240901964600628,4.038115994873133,4.077107952960948,3.2343287568711694,4.10342840210494,4.191407609810678,3.803529233440125,4.216167490030692,3.525354623245942,3.836539708754082,4.1290457268180445,3.005600764609337,3.6421607474897657,3.8362967997985247,3.8648117359641048,3.9432456353926977,3.9968017594891423,3.952624000040728,3.4398170496952485,0.0,3.881837304250411,2.7726535761016886,3.342064741241878,3.6496415400812645,3.022179791185092,3.7278487979952386,5.561134574388777,3.8005935453740967,3.3840848126611416,2.9015141987491253,3.3602701625093743,3.528072257834178,4.0682301531049445,3.7610765549699434,3.826086854424044,3.5201123390796516,4.02399113568691,4.586169936481056,3.8722758915813538,4.394187482149763
arc_pair_318299,1.1659216079799872,4.991382088818886,0.8526879255635644,1.4070835911032176,1.312950565562935,1.1386305227122504,0.8586219440368016,1.23894967945286,1.4606441927895326,33.51736116980875,1.2519480780470527,0.8536500399939931,1.3399301106575683,2.3496752545402524,1.3492650948797262,0.8120451205295335,1.329317390198324,1.1436226317069196,1.0236064595950434,3.1513733948815927,1.2875003918987724,2.4136680226016223,1.3590664787198041,7.987734939111552,1.0463215626220166,1.1709970554539586,0.9781888070472022,1.4088414362526764,1.007611785830258,1.4658343303628036,1.17260929618187,1.7466271505295756,5.23646275910744,1.277798295034895,2.9335440876323835,3.7365813587810184,1.2472103600302118,1.4315999295831086,2.874238935343235,1.4629938252841965,1.136788314245957,1.0870627790780647,2.878590718411957,1.7403047131220521,1.1976179656142836,1.2959256222561,1.4404156322682051,1.1213946428655166,1.8238832307083839,1.7752174156438507,1.2724335126941833,0.9998668176087102,2.48752688936755,0.8703035626374205,3.089391558689837,0.9511729408342733,1.3913424157991088,0.851368605502067,0.9706258889779196,1.1629793189534414,0.6807881963617685,1.2171629021226427,4.828873244677031,1.1441238058283991,0.8918758874091612,1.129240075341092,3.4068648091263585,6.00836857703347,4.5405664372959444,0.9190460394212769,1.3265623183641928,0.96722087588094,1.652086566746673,2.1871104612097865,1.1828861085349307,1.3784326062470642,0.9564612878271073,1.243590789288812,1.1109633029003192,2.11524470668031,1.0404342827660282,2.406398887583698,2.01383405601499,0.868047973224662,0.8988782183662611,2.56856860493353,0.9157794284583777,1.1395484678669159,1.279542130933854,2.372565427531811,1.1909000614847527,1.5910439963635188,1.5451098011702533,1.6429226498814895,1.3155358400342176,0.8666415972615301,1.0400593070147282,0.8609459115534125,4.807671595849995,1.3617253816077501,1.1546223470570838,2.2787179024522355,1.0305176360341226,1.3459898937239556,2.534968667011019,1.5560211628859157,1.0921558719767672,1.626478629185685,1.1150224967313647,1.5561801621694267,0.9033690544931485,1.5777561257776545,2.648726022568544,1.2778122112878956,1.197543776650671,0.7624015530758427,1.8365801122809025,1.0354813214470353,0.8844580298452842,1.2432327819098183,0.9642678143754763,0.8841558331164012,1.2687771946705884,2.4227253934566964,2.3354975983484874,1.0669337659056488,0.8976242888383541,1.1205240561290477,1.1396786087313788,0.9953663594024738,0.9940026821772592,1.9342422310449816,3.881837304250411,0.0,3.0093842586383763,0.9292614387253268,3.171244014880326,1.75393382288657,1.916743024396276,6.5083197428023505,1.6128732407447977,0.9156577997267714,2.02729833221494,1.25673810132849,2.563387181859854,0.9997350349798282,1.9491206196987436,1.1998783579225394,3.716695568469757,0.8002866929000743,2.9153194771406516,0.8849582033382252,2.2530163590090915
arc_pair_674772,3.1121001428229653,3.9028951644237284,3.3105161768578646,2.811119125414956,2.9416717369531935,3.422797680370247,2.8741693617010946,3.305030419594312,2.588558499682625,31.176744260682767,2.5456576532849935,3.0172817045098825,3.074443353328839,3.6673955704292815,2.8154464102740917,2.77832164637109,2.708091764796917,3.494276327102768,2.8668327703761705,2.9922611824922933,3.05741371206756,2.398620173115808,3.294174006579431,5.307749781358516,2.3023516812601406,2.8569855437914145,2.575283921372905,1.9414303733708305,2.663168508824121,2.877941250150868,2.6906559392091713,3.3452483610615498,4.371032214635702,2.6535349606100356,3.4449014972398473,2.3342506870679918,2.784820177277079,3.044097710928691,3.0930386206170493,3.588190546137274,3.162310792617411,3.1429706302289966,3.551849406656789,2.9953214871564775,3.0803075888230254,2.73038417289725,2.0930964975733217,2.6572372357966336,2.6446373065551585,2.951088468276666,2.6725621148907845,2.7748070645498712,2.292897817312757,3.0172312692742507,2.7158585388601137,2.53651260795044,3.240794662538918,2.41962925010159,2.684689210138031,3.1059756195715913,2.8861200905796673,3.5638519801360857,3.0951034483947373,2.9437356025989185,3.0950258890482365,2.671786169672885,2.3737782306291253,3.220980237107741,4.144953489431545,2.626825997107077,3.350442834286658,3.1273525185379416,3.7002045722980617,2.6919898692650985,3.356425050194212,2.4936602590585206,2.6309280360359053,3.1007398579597827,3.07524544164233,3.23767192756556,2.3466633260371497,2.193242030359027,2.9440208672404156,2.9951850586060322,3.1860791349379634,2.865907387532385,3.0617557396623885,3.1598916964689994,2.6470215175121665,2.495924463336749,2.452588645820358,3.133705597278241,2.2739835280831384,3.329971266253692,2.8027627121914844,2.7958728119511593,2.9737315030865474,2.9559851438846523,4.845140721076923,2.9739522960056504,3.003962460040025,3.8813031591959612,2.8185727290031597,2.369950550758649,3.4474377641126663,2.908879040510026,2.8118209538606203,2.2267732799407103,2.877786986757336,2.510585460699646,2.9681202381233223,2.809968860173266,2.855902134653567,3.474559517161997,3.0660028875232435,3.29160513954731,2.092865220681194,3.0129847759267996,3.081588554748588,2.9913331980622884,3.2326664120205013,2.7851370446539634,2.9177579883454348,3.0960953360542183,2.832077371573873,3.0288739232385558,3.043937059418822,2.814929064071611,3.284159098976595,3.245736041064463,3.066387984123063,2.8693210178526156,2.7726535761016886,3.0093842586383763,0.0,2.4376406769836585,3.13116159092988,2.167213217694968,3.051014810800586,5.230744789354476,3.103956226698853,2.606999008401702,2.269341114559908,2.5520005325961446,2.8407492795414937,3.217968911088376,3.116400464296335,2.738012909531204,3.196816373732759,2.8768362808784764,3.823475541209917,2.9250873068971974,3.148110626152852
arc_pair_478734,1.1728130858028103,4.59576596689819,0.9700013131281423,1.2775976248340204,0.9560823319441116,1.0198567293340877,0.800001974502955,1.1542914198829468,1.2343929877046937,33.1011699869645,1.0102270054120361,0.8318790924067261,0.8724956712561068,2.0031746145183575,1.1415314911471548,0.6639703748624407,1.042934732659277,1.149294679390541,0.9024941186347699,3.098706260850533,0.9762089943889876,1.612292503549901,1.2308844423149101,6.989072881143551,0.6987078584456882,1.0254155860198453,0.8642657988458601,1.5231365391326563,0.8104261218282924,1.2540453905174247,0.886257325722738,1.7701113357024547,4.7600208562645765,1.0179685152065565,2.3680472094882923,3.057698496294773,0.9976985434862231,1.3165994564976278,2.5409353952680975,1.3049167423414807,1.0670206969959801,1.1075505275055646,2.379112678197798,1.4569554779486351,0.9554099256318498,1.0623892523599952,1.051346788188412,0.5836100384747384,1.4281872423794182,1.5153123679838403,0.8318178601981068,0.9861945924317832,2.176990891654312,0.6882845311634391,2.7256475237218387,0.8213081300031142,1.1694148082390625,0.7346181779374382,0.73612855073749,0.9067955732278468,0.7658255765876851,1.1505697127195575,4.031021530047694,0.7942470715294997,0.6385940301468884,0.9889665743893695,2.693766204848922,5.036804471117643,3.9913651743464404,0.8687628825376477,1.0920930462681884,0.9284012678377473,1.3673147803876766,1.5544742168961851,1.1143164714493998,0.9873764752467953,0.7073592850888644,1.2101906399062656,1.0546186679191725,1.6897552640208087,0.7023797433715027,2.007694406488971,1.6358796939928943,0.6444476298298026,0.8379442649669682,2.114490333325501,0.7756786271581021,1.067698195903567,1.0607998221758421,1.7653945421358284,1.2224053878217758,1.25155896072352,1.3665365954709365,1.582620199121883,0.8237309594052378,0.6924925260853573,0.7895286828209558,0.7825510188873674,4.14253426206517,0.9670086714605339,0.9718992676082222,2.020708943713864,0.6781278577294219,0.7089147149372126,2.018535173573404,1.2266876300127771,0.8098727846082061,0.895846853158029,1.1672812642472548,1.026516623416039,0.7850738767519866,1.2805471450047943,2.328878520686149,1.2738604771431656,0.9937303144805409,0.8586448913315337,1.2215740124281407,0.9413079940310954,0.6971541546472215,1.0188834706286036,0.8211550923478841,0.6096237288317999,1.1526276582173793,2.072908398520516,2.0050548264666443,0.9819915527575299,1.0117606251932925,0.9851579222101913,1.1966039293063553,1.0787522603086226,0.8168823797892383,1.5481787991929479,3.342064741241878,0.9292614387253268,2.4376406769836585,0.0,2.4005215510218774,1.5641244323519916,1.531606092384617,6.092681609464153,1.4169102787709835,0.7254060383611622,1.4748081436354883,0.8677215966498022,2.2632105460610243,0.9490442244106367,1.6095276378220604,0.9287335725902505,3.282457791161557,0.60516992816857,3.1433393460532,0.8078813077755925,2.171098074886747
arc_pair_49574,2.6426956769672247,4.6149979093880225,2.9661150256717512,3.202255847098135,2.9098557967229532,2.990098746563468,2.9314946394375156,2.7858334774400944,2.6420129984835006,31.886084129850463,3.118386488915012,2.646652519121648,2.9503014208964764,3.175271255146734,3.1457639034225506,2.9641334804482353,2.961491773088372,2.843033663264699,2.5741929094037714,4.432566730357417,2.726975769555163,2.612017703321909,3.0521637474449146,5.94819162970382,2.3949027809919925,2.5593346984448124,2.635882529909675,2.9937140367658985,2.6413920480323823,2.9947983821060182,2.491941016445139,3.577060869744111,4.479378625441626,2.46776544152874,3.214665229843132,3.401238784219856,2.628661631600597,2.558673611765298,3.6560171257011786,3.0233291508860214,2.9301995507196765,3.1305664058650926,3.6167885220235076,2.7163087806758823,2.6864100241009505,2.929224940349342,2.470929144852909,2.6068826592458,2.4966127056273013,2.9109001742782095,2.634173342849665,2.7946528171825076,2.7883963706891173,2.616796596900559,2.903542121979375,2.6233719538296665,2.740073519396898,2.471157591440116,2.7031997636947884,2.662818612734425,2.706682286597766,3.171636984348753,4.012276892033713,2.4770995700939973,2.8054765121010647,2.5472027392484238,2.9482958727780124,5.094751066462029,4.2873382505941695,2.587216051813888,2.893127075427754,2.667392328345959,3.146503694019331,2.691004748034744,2.883523325192362,2.423036835813953,2.4284524077599805,2.819379626903543,2.9365590245425084,3.13501445911544,2.421134920685753,2.847218683953172,3.2150326356676686,2.6093346842454954,2.8191165232554765,2.9223937173394203,2.728165931848329,2.8870583200601794,2.678955570878792,2.583125580468022,3.1739560441166446,2.870129691003656,2.6587968534313253,3.0942945564883364,2.8973097147439884,2.647825462375024,2.6091218518961545,2.6552397204886637,5.160856025146662,3.162053917646827,2.9370259848895417,3.4468842069457466,2.8164455391168497,2.069526473674193,3.301713206300808,2.4239186559283112,2.7271564648248363,2.4295706900181004,3.1093995189004264,2.532812582669088,2.762450402315691,3.1454859306806555,3.0983219691228703,3.063469168104108,2.847634429902713,2.778961764924189,2.51284294185877,2.9121215269385368,2.9051122592564904,2.8564880987742423,2.8759169326365868,2.5160546852858245,2.7181099173137118,3.1676457414154484,2.716891534348679,2.5560163914051097,2.7576413034623903,2.694640757565081,2.8372005191907297,2.9535629163393087,2.6889552996608064,2.797191263949048,3.6496415400812645,3.171244014880326,3.13116159092988,2.4005215510218774,0.0,2.516087225580322,2.976202530982238,5.86994030944826,3.3163032710790423,2.471129365850614,2.9411092574832143,2.6993597802039027,3.126655099478303,2.9220992226597913,3.2214252985624063,3.1598144654004634,3.1123795701364934,2.78107544519457,4.15222202933825,2.721271070940435,3.8403932168392716
arc_pair_289956,1.5406626903639968,4.267730439699033,1.7161494278602167,1.9418031094925836,1.7589882340599008,1.9118513529418073,1.4521273537586867,1.849977717602364,1.9085392627215083,32.38779293616785,1.5245419373009215,1.4289550002392692,1.871793103504411,2.444679209125118,1.5956499545849092,1.7740590694112224,1.874735539739144,1.908022209554515,1.3878609160868838,2.905447615967998,1.9002146980950352,1.729884146258996,2.188613192350139,6.10945955194086,1.131723980331344,1.5959842615735318,1.1848211510290616,1.4581424815909951,1.4095150228384736,1.7018130849766184,1.3328114150348411,1.500443649308648,4.202042212140564,1.7037066501082954,2.86920435359446,2.768553788245674,1.65987490255173,1.7370022251129318,2.6310842583452065,2.0556698457109404,1.8264319883043922,1.6451288163967528,2.9234828310454715,1.8233167783693995,1.751532854205904,1.4613732398709578,1.61553906156237,1.4536042145321402,2.024010856923944,1.906496991368738,1.266099033636556,1.1382471341803375,1.9914772446027473,1.6160342092564486,2.310669778290683,1.471925612731055,1.7627277899650757,1.3311556097135449,1.2529144118703837,1.9130372447849637,1.5856146341364645,2.3206737965662514,3.7403801711743387,1.6891464031075387,1.7137314644118349,1.5369212943301191,2.5690956613611657,4.417807219927584,3.7955078242845772,1.1634342370107313,1.838858438656907,1.770057914544718,2.3287780747896223,2.011940376424688,1.907706572480965,1.527195754994848,1.2526530428322467,1.6860419500183947,1.321414332836977,2.028316147169278,1.1362464901630052,1.7750373466619842,1.9390269206061643,1.6215098228691966,1.663663551574839,1.682836979394033,1.6000387737806543,1.6927862735725299,1.5159486410638534,1.7891717705176715,1.4341057587471124,1.9024477702632585,1.0175745934792029,1.979881531360134,1.7659707250344838,1.3828359997370496,1.6019387459502001,1.4797721251216949,4.789649683103323,1.6581856721776864,1.5263705695656427,2.665605527476581,1.409793220403746,1.238082748573398,2.9419431677113255,1.6789452428998761,1.490878945314489,1.2349139988920723,1.4189137188239043,1.570328481720488,1.6361763728857428,2.060645447033635,2.3951076849599886,2.030538724841386,1.6515745895671097,1.794593765882861,1.4450581280904764,1.738413172954152,1.7885106677117437,1.5740639526219642,1.876610365279413,1.3493006104143446,1.3152104250217216,2.4968420332478596,1.8131789672089509,1.3488288784182914,1.5033231601308574,1.5229793437957597,1.723599974729911,1.696222459766735,1.8205802552448844,1.4946563496652683,3.022179791185092,1.75393382288657,2.167213217694968,1.5641244323519916,2.516087225580322,0.0,1.8378483092844284,5.762228282020075,1.9226328764997094,1.2247722588114855,2.0495987130592237,1.684355495121887,2.185210891452102,1.7149601769147127,1.7554430147867768,1.5181237917631847,2.758426784680335,1.6100272892156058,3.1934352547646188,1.7287315512535357,2.018694866577179
arc_pair_338183,1.567401145392991,4.735846483133985,1.8409186780055655,2.165176926430866,1.4900102210265727,1.5475474723173026,1.711834534246767,1.63040920408534,1.8465269653812268,33.179456795654225,1.898250358416465,1.33664142307927,1.7732062935465334,2.3125183375150464,2.091763745024577,1.9183125658533562,1.7427304794098197,1.601733408237024,1.5503286188580772,3.8740912658190125,1.6329875487996737,2.1179715169083435,1.9512515241520427,7.122672008436128,1.4064057760250173,1.70662001824362,1.5381542771850898,1.9385720512535751,1.4635047450696996,2.0465807960932,1.2363078202721165,2.207302412609427,4.4941116869486795,1.7203723457380236,2.9390216396768105,3.8929809068924888,1.4718689865249313,1.4986930094531863,3.0942451038289915,2.00893759905113,1.6370260841376634,1.6884715496497236,2.9389798415899278,1.518945978303019,1.4911058209553667,1.8623123417293757,1.5752253542707049,1.429470454206895,1.9641462336850544,1.9991023103096142,1.6862943478590366,1.5500526217818684,2.449897592931996,1.3312975790883446,2.809906371464257,1.5821205184751013,1.525552040185895,1.2596882929511972,1.4069666837520483,1.7130741371648412,1.447223382756965,1.9839035681816375,4.293518853975397,1.6360416972413134,1.5418483253055733,1.5826929754315349,3.2512030856590393,5.7781167654423555,4.3939893910754835,1.2204751317635119,1.5752354081627822,1.4373411521283135,2.0158341314800285,2.0953492666400875,1.6175929153637996,1.305162374851243,1.2800762014541986,1.6867992033699797,1.42521274678952,2.0886219884641988,1.3582312396347909,2.4088063576073413,2.013973618383889,1.355102653315078,1.2519518836746717,2.344962485317521,1.3562966912941123,1.3432963913650444,1.5272238402065064,2.3213463312355938,1.9898441113657825,1.7436935215549156,1.579629632991716,1.9442489856233283,1.5330911698139134,1.4271520913114542,1.3469253029658392,1.310720460843993,4.914446158277784,1.8022957991995234,1.7917532471652304,2.4579325540250316,1.7651002490885934,1.3398190203654083,2.7914296253013964,1.7297253664153063,1.5112103950402418,1.6752113625423362,2.0954555263418575,1.8094859738936777,1.5346343687524666,2.300032122716228,2.6338127059326957,1.5116798479453721,1.5968639882765525,1.597986331184749,2.1700149554802852,1.7106756901736953,1.6084241259922776,1.4635179260168587,1.4224141341256011,1.3167080884461018,1.5122759247713355,2.6123848785994124,2.3855140678283546,1.263041715515166,1.4018000969799842,1.4512393698319617,1.6191420256546174,1.6429955486659034,1.5217812143249687,1.741188056615929,3.7278487979952386,1.916743024396276,3.051014810800586,1.531606092384617,2.976202530982238,1.8378483092844284,0.0,6.281947759327293,1.7804484989685772,1.3083978463930677,2.5065031851839747,1.7696275938252986,2.3679554840113113,1.3609519615635888,2.5400286207101375,2.0407316223666996,3.5979934580917075,1.7281483890283482,3.281325564078615,1.4834181289540016,3.1080548717363743
arc_pair_297765,6.207255051167368,6.911417498296293,6.753643828298734,6.491751902313336,5.977822016577635,6.600120040681402,6.479747177072964,6.626000103606533,5.966451382872009,32.93390918164936,6.595325149580783,6.160839394493228,6.567229343871205,7.063415271046599,6.825079550764517,6.712424443792189,6.135359237634981,6.664916570355397,6.148830892170926,7.1296077792871655,6.35065906603159,5.9710107469874245,6.67119074523179,7.673490911886407,5.979758069211115,6.209171052044606,6.067360666509683,5.689649682362483,6.069476612682232,6.851124752179525,5.918159971864445,7.065768848982483,7.226503633964006,5.777334643806167,6.648556035410525,5.6803308059278566,5.98820768986441,5.966414386375677,6.510365000654864,6.858025527815607,6.405105490270797,6.548185961124675,6.688435608242356,6.096656511481698,6.205759542786688,6.639922042678762,5.687125864775271,5.939875575747961,5.691002454778712,6.328524937663988,6.260049495065652,6.40541694297112,5.560988041508746,6.304661241333239,5.371434999327406,6.233163098541934,6.4877855998623835,6.010542408064458,6.293866756560063,6.321359687842696,6.416611945482873,6.5987913775468385,6.115528596939827,6.298152991849589,6.4873121601139445,5.982766745034477,5.627523635772068,6.978394745491577,7.123747140735702,6.001796147032067,6.675688626005266,6.279615014822145,6.967584080490715,5.815993197915483,6.612337668109523,5.785435141134858,5.820740208080445,6.3487917157956,6.359520960779766,6.406479552391982,5.9599113469570675,5.87212948548613,6.519105942326485,6.346571811877425,6.392049146859327,6.389495454175519,6.3688629051640735,6.3063346479078035,6.000613202821868,5.754253648077572,6.498401231011535,6.454388167577346,5.678177524943684,6.364794946940062,6.256158369862378,6.263132542936803,6.4038237001230565,6.444737462428996,7.8066269757304845,6.64753102912565,6.5176542436945635,7.060129542836188,6.380614663725783,5.653169831786464,6.536580499506425,5.959321127529363,6.216518083862739,5.84353112177151,6.564253024313474,5.7623378070591915,6.317027773223211,6.719146202302799,5.6044995869915635,6.557121145723191,6.308421063781802,6.648299335501172,5.262165473989111,6.696136649287739,6.634862948374791,6.454165016866543,6.493662787612075,6.242742331478772,6.179995109722592,6.272195461811859,5.873517872303068,6.20700333950103,6.159970965261887,5.951636412476814,6.461157082892324,6.438631484033333,6.462782073088331,5.846593486604927,5.561134574388777,6.5083197428023505,5.230744789354476,6.092681609464153,5.86994030944826,5.762228282020075,6.281947759327293,0.0,6.558184690500932,5.973655283156249,5.974155585144951,6.118591991958996,5.868846607261236,6.407010135895884,7.109310278004073,6.66941992090878,6.376570676346988,6.543314632911246,6.947211348962924,6.1993477349287165,7.154300728740122
arc_pair_657321,1.469999786626216,4.969447392792937,1.4693742552137956,1.7491033963116498,1.3380927469809187,1.3033797653003307,1.401750587838592,1.603748679682167,1.8063205866140806,33.84627062987496,1.6920546875419307,1.2350904020949969,1.3021251890094687,2.3908724818994207,1.8026282483511467,1.6367375238326152,1.613171472622995,1.4920594225845507,1.3692387413494345,3.717836050015202,1.4288872692222423,2.291877086510619,1.8360164163798305,7.677540983133484,1.1824431969146865,1.5119575287686904,1.4586419580414156,1.6927441144777886,1.407427298680817,1.946614402704561,1.4350948105105326,1.8667184539087862,4.928708458800388,1.7157694989343164,3.1001587721168713,4.04716174790355,1.3193625591989926,1.5668267997217646,3.156975053207354,1.8806494784448953,1.6184334475144537,1.3433912100266665,2.7928827154006393,1.7318712982720843,1.4210905864205667,1.5892076290024204,1.6930683897156975,1.1976323662751063,2.045341039533031,1.7776090479767004,1.710533633044129,1.3126060473388073,2.7112031371738086,1.2017764648338107,3.177688459503939,1.2596684392755413,1.526840111255483,0.9543709688491532,1.3239218881170862,1.4101426438156082,1.111874737489712,1.807676443299239,4.90490432732021,1.4150595541755204,1.286398393557457,1.4203276254628978,3.489672936819139,5.814910245485559,4.713183266893093,1.1632831855230543,1.501389670028384,1.3660650595562038,1.9521524062580413,2.076515896107487,1.49912192034316,1.5110094639798572,1.13259290014362,1.630350715210695,1.2874943995213024,2.1350687191476174,1.2568104314779474,2.4583470573319035,1.9473912952867536,1.2144209749388235,1.1020648100484047,2.369549694699283,0.9872348124260251,1.3189757408303393,1.2963290988167135,2.4564547195451083,1.713526030792301,1.807036698277086,1.632772647463065,1.7482016279238959,1.4045563411358,1.138689592268535,1.25714587223376,0.9274946462461028,5.074805629702061,1.4754577400169162,1.5315294282639769,2.5679132964373492,1.4178108471233926,1.4603672524152862,2.8448553232772396,1.64651964183905,1.2547623331759177,1.5959013925006,1.6197574982906844,1.9398223476109497,1.1099736887995166,2.281382198391308,2.7728507412316157,1.4755120488786495,1.2615662462540564,1.3795676170086908,2.0072623005223087,1.3964892148506955,1.3491599842550344,1.6227661537187692,1.184277810301752,1.078794853156639,1.5103088872978292,2.4169633284038534,2.4560555096521037,1.2097293597804113,1.132829594110494,1.2377274509892855,1.5047909506132071,1.4392897741808266,1.2778582646122272,1.7687547174622393,3.8005935453740967,1.6128732407447977,3.103956226698853,1.4169102787709835,3.3163032710790423,1.9226328764997094,1.7804484989685772,6.558184690500932,0.0,1.0616331338688134,2.596292286669941,1.5549758875773092,2.509087848104217,1.1059572081545908,2.3818909377975177,1.7015235852792576,3.9466191355940463,1.4992360328154626,3.385211155784538,1.351687506370887,2.6833116315877152
arc_pair_713999,0.8387969913710966,4.377487817561262,0.8780258213550914,1.3773095359279153,0.7736798068726591,0.6989267124260612,0.7612862120751049,0.9384445524339398,1.2558181244007898,33.045597393267336,1.0434743416634653,0.6010244614779001,0.9324619126632394,1.7958958810572538,1.0948317736099806,0.9508501776022847,0.9755984075793385,0.809258115308171,0.7613398044153779,3.0965893395067536,0.8919837307713182,1.7613850788757914,1.2728944483750786,7.0907123256745885,0.7125186893331635,0.7330572606603967,0.6443894070457241,1.1998618731802433,0.7132941567068458,1.3765744324055893,0.6522723647845013,1.3949843600601899,4.359021901772412,1.0171278228654577,2.3950789477581518,3.2703263130311777,0.787632883915693,1.0107533350046214,2.7455869330386804,1.2148301078718846,0.9399047035995945,0.8543298666383683,2.4205845624654727,1.2829837811766303,0.8064532094112064,1.0483340739894593,1.0976368653387167,0.5322972347437899,1.4890490426266123,1.304661597434348,0.9190416749322036,0.7705400339433736,1.7974406134268686,0.5871407963254971,2.7888330402518484,0.6340692849043822,0.8206078595117926,0.572251644047405,0.6312574399189228,0.9753058207903507,0.65643178088814,1.1036670482872806,4.335773201662792,0.7875934653593926,0.6612894581373661,0.9391636173791086,2.85393379630707,5.3440407330639506,3.8631228331904777,0.6643976718049601,0.9289313926505978,0.7219722793618055,1.260913063991412,1.8223917443122906,0.9081338122961307,0.8179464216274916,0.5195995360876998,1.061339457564537,0.5045654170711034,1.5785093746952426,0.6155206381603922,1.9378150289773377,1.4301179432093942,0.5409001285307966,0.5493996281409544,1.9089241570669933,0.5902674466790836,0.7565226193218748,0.8129516422678967,1.8678880971079561,1.0413887364905179,1.130595924135579,0.8774665711892231,1.2493068200222568,0.7289295337298973,0.5174334613048388,0.627686605085936,0.46335372836328825,4.533590800369026,0.9399796053653009,0.8490650348477295,1.8959943775961436,0.6777974940406193,0.866416152583896,2.1305857178324112,1.14948081532925,0.7419879264172802,1.0309076680152816,1.164460530889711,1.235965084088669,0.48709034833156223,1.7592430977171234,2.1019078843461765,0.8571992318917324,0.720524055245194,0.5587823197984803,1.3942370052631063,0.8511026039205046,0.6259622001811931,0.9047773917033701,0.6168613104530276,0.5920143373969379,0.6955657439438007,2.065589207487643,1.7627308360852092,0.6481934695590852,0.5459110535066919,0.6054882113432648,0.7851788575775911,0.7538244386587027,0.641946087829143,1.2445762179739637,3.3840848126611416,0.9156577997267714,2.606999008401702,0.7254060383611622,2.471129365850614,1.2247722588114855,1.3083978463930677,5.973655283156249,1.0616331338688134,0.0,1.9340227218043409,1.1276534710470516,1.8130845327253502,0.5825430029785432,1.843165810142683,1.0208948319076439,3.3088834686408433,0.8314894911380528,2.9672484183844245,0.6830091822591243,2.245233251621252
arc_pair_353455,2.247411374400346,4.497001463357062,2.1814101919789044,2.298277479122933,2.1533717790556164,2.355882587754645,2.2331308705472996,2.308736172890615,2.0693198020639345,32.375651011300945,2.3150202234977715,2.0621669189056018,2.2470059472855763,2.8728512852864827,2.2158562959836714,1.8847064714125183,1.8748096545689443,2.395159239895846,2.051790313081966,3.5692399572551023,2.1104992841284185,2.3749261086766937,2.1326280975232375,6.28102655305623,1.614246409482448,2.0660073852969885,1.8557143261142544,2.1104015873175515,1.6802551246891988,2.3949715204223305,1.9569893718516305,2.8548071274105795,4.827728067210208,1.8675623299674207,2.8755853505173308,3.0519963242273165,2.0578770925267102,2.2670077333415395,2.947153682718496,2.589569008761777,2.1602389572178233,2.2996834184183057,2.531170276112065,2.394852631343652,2.1162614202373184,2.334282101411783,1.8231104234178492,1.8514062449646989,2.1489836844084356,2.0379899856606762,1.8822133220282695,2.25695031489733,2.5443734882831013,1.9326052490934487,2.905803043871232,1.9823624319951918,2.477193227837714,1.6979932621653668,1.905160721749049,2.0209757954992815,2.0173445901860627,2.363565521258974,3.3112401862168546,1.9877782655595135,1.977296638946273,1.9746631391037275,2.638821325444573,4.193433917282455,4.099136091185221,1.8662551564248377,2.249403819922544,2.1540884797632085,2.519244053588757,2.1699227590595846,2.271524843262481,1.8739913363230216,1.8066203436061,2.1855398002121036,2.319807436256174,2.5886878442730787,1.6488658892350778,2.48546349368857,2.530982846221231,1.97523895868471,2.1778142775569225,2.64554542576982,2.097183495943561,2.259007718360559,2.101641591054369,2.123455228347435,2.382920941423472,2.3206177505876155,2.0061326445357235,2.3865277840843557,2.0935310230943305,1.8835191251494403,1.8893730307915042,2.095527399417155,4.413346712852534,2.350735177855248,2.131598409102889,2.7460540422875033,2.0332972640770572,1.6194895886147624,2.674051955780662,2.2115311265579995,1.9358932838087468,1.9322062829507534,2.3109505788511573,1.8866880928599767,2.058888768359906,2.2888171778999724,2.675900605088895,2.4837860726361707,2.2253638105093727,2.0989386534597663,1.834209637851866,2.3027536981379506,2.0866700642847125,2.2362358245308687,2.1977316568798337,1.8542575682518896,2.223755578113712,2.5456980880366418,2.3888033461391265,2.0429625632466073,2.1569088176999864,2.165639695448562,2.391589194329412,2.093072453967057,2.0673978185124118,2.297346996011566,2.9015141987491253,2.02729833221494,2.269341114559908,1.4748081436354883,2.9411092574832143,2.0495987130592237,2.5065031851839747,5.974155585144951,2.596292286669941,1.9340227218043409,0.0,1.8092834979041188,2.5803785589876505,2.2339144861704887,2.55555860497425,2.2181066224639374,3.378349556847918,2.027144373360522,3.6919813470257887,1.8909616223253132,3.0087121877241785
arc_pair_683742,1.3910453789663388,4.445544868467737,1.233784285530833,1.2534427283831997,1.334417600442242,1.2176429914203926,1.1241857405912346,1.3220558125260444,1.403604787060551,33.01158381735793,1.270335306731353,0.9535613883921956,1.289686671077659,2.16978422420217,1.2827578845535978,1.0656479718576235,1.228215947301651,1.3075272781193343,1.042817602991148,3.4447872545289,1.1326309261811613,1.71949640900403,1.3336124683034234,6.8658812284299096,0.7334302144514412,1.2007364078177918,1.0054749256983446,1.5385641436505575,1.0230212014216509,1.661553383098105,1.1335887109031546,1.8480536645683703,4.7471178904253915,1.3825971174845468,2.806896560752757,3.211669828335531,1.0629278910482434,1.3820282035251852,2.849961073940957,1.5321405162115345,1.2691419147102718,1.264118940878138,2.4371446448519074,1.5402087694294049,1.0637801073494806,1.216748960624825,1.3432923383223399,0.9121430519098436,1.6835628425092573,1.5908565743957126,1.2563951124426316,1.2617796072598582,2.4231176399738477,0.9023511217567463,2.94792895331861,1.034259447717157,1.3736635588521229,0.7734695180785951,0.9083991191379319,1.1030856530078617,0.9358584243794007,1.565109887150647,4.282470227264139,1.1289560461984236,1.0436733913532874,0.9974507499278829,3.084136302980664,5.1303932686560385,4.327554822907611,0.9283955478659582,1.263033602456582,1.1147884469699747,1.6030021296515187,1.6295221164263891,1.2254695051761972,1.256870004855271,0.9680729316530383,1.2573105160889233,1.2933519262001714,1.8206590178113051,0.8718850527745161,1.9130785534462733,2.074361434172924,0.8163176467555656,1.0414902176834568,2.2625973137011712,0.9048971248483606,1.2199736758618258,1.1697896624850896,1.8159259541355728,1.4560204692247587,1.262636835157593,1.6456481904471858,1.6571276566661512,1.11151690112545,0.9893025010769716,0.9091253674514383,0.9376188218225942,4.538125118476602,1.3585942852632318,1.2580281756145988,2.3923901371572756,1.0643141537449639,0.9847469380285162,2.070679404603539,1.2550981964152808,0.8280897731126076,1.1250376668717674,1.2426530704384788,1.3735175844465004,1.0648726047604407,1.687151988309632,2.4364654672255575,1.3783907230928079,1.1441214967738265,1.1516376107306798,1.5221420008448052,1.193154559027639,1.0413798906119909,1.242993139135029,1.0750719102995832,0.8841917051001065,1.3733252311300657,1.9949421576594881,2.2728223513891064,0.9716734820239197,1.2800847250651037,1.1151394815467308,1.3138098191308747,1.26142480913736,0.903020438149675,1.6754931745657302,3.3602701625093743,1.25673810132849,2.5520005325961446,0.8677215966498022,2.6993597802039027,1.684355495121887,1.7696275938252986,6.118591991958996,1.5549758875773092,1.1276534710470516,1.8092834979041188,0.0,2.3958784276617187,1.0988674660533768,1.7073884930448031,1.2204126267661097,3.573239311747538,1.0353207411191343,3.172123613479593,1.1711927330252747,2.0512385764559617
arc_pair_355128,2.231534079309779,4.232865691926107,2.4228161423491827,2.6506261597373237,2.298325689431986,2.3939844952075884,2.240316976172728,2.5162247980178307,2.374655414640061,32.287454851849525,2.407717021737316,2.0314744619471266,2.5781757565536507,2.794708713716851,2.760465026125305,2.5987898312780087,2.3296407526385385,2.379116526727021,2.1977376754556968,3.7838186475111932,2.490984039690931,2.6928916269601215,2.762667712975116,6.507036123667369,2.0702319789415857,2.163281896390776,2.1288684752821445,2.0676072539007215,2.0224506332808203,2.6598750256971915,2.0104512764453757,2.9523802566878423,4.1352421994802935,2.2850246875372875,3.2867583816703045,3.7563008388063066,2.115041708744763,2.0381906516096566,3.842063306594228,2.856668258501287,2.439675516169109,2.5030556564776143,3.154396263078361,2.389816475166577,2.150290176284315,2.484340870556097,2.2635053229431117,2.135838569423616,2.362116493456317,2.4840171116285634,2.406211229658097,2.2398698264774914,2.4702422385783622,2.168711866619549,3.157446265927968,2.0553876306644723,2.2783016122573088,1.9735887907329017,2.1677234686080573,2.4587218228308094,2.177404920027874,2.681545964473486,4.002763532514207,2.3714931251024987,2.3605761822125078,2.147356250750607,3.1059860405340567,5.0320255989555145,4.407183163616883,1.9422939881410428,2.5134447309941677,2.1578528197798725,2.582886679600933,2.59791677678672,2.411234564171788,1.9521067980775884,1.9773319432184717,2.3197624448153142,2.152666564744225,2.670516787100184,2.0682305667428897,2.403658842910641,2.5682352541369164,2.1490548260115983,2.243317589185689,2.9331394294514963,2.1903644284187,2.283581991104118,2.1505053581611175,2.6917697739008863,2.3980053763437255,2.493571320460174,2.0348217111057196,2.483286207703843,2.233590349833858,2.1811013551934493,2.152076675740626,2.12811186921083,4.995610938468774,2.6285695135888734,2.5443960902169933,3.234676488497204,2.3241545945441144,1.999927301274868,2.824010110920403,2.350121248863594,2.391237088597531,2.098619835296781,2.568846779879217,2.454483513630106,2.150519460026291,2.7707254005840714,2.807245725460051,2.402235346878266,2.2678725858883393,2.252590591025184,2.408644134273268,2.4766849099183306,2.385506457088522,2.265488157752724,2.2637840130983395,2.1153223930366405,2.135225584198221,2.248645117577417,2.550424149726706,2.1297670864276763,1.8890092594636054,1.9608644800446773,2.2531392392224614,2.317639289639305,2.329794108832471,2.4193293043164243,3.528072257834178,2.563387181859854,2.8407492795414937,2.2632105460610243,3.126655099478303,2.185210891452102,2.3679554840113113,5.868846607261236,2.509087848104217,1.8130845327253502,2.5803785589876505,2.3958784276617187,0.0,2.170186195065865,3.0594933527478645,2.577103178410553,3.605812759243563,2.4874842787095215,3.8844825011107975,2.126975217118594,3.4038273059386723
arc_pair_327885,0.7861277271701459,4.772338835386955,0.8828070818854236,1.4876441581701672,0.7653754366625699,0.42407973028464274,0.8611490366797863,0.8508546872915195,1.1066386184257027,33.62144113802233,1.2621467025359938,0.4833819277046193,0.9647610831705364,2.047595184034937,1.5452341268554164,1.1297235826295298,0.6865048566011523,0.5665199581852222,0.7760835608452124,3.7942204707745737,0.7888822611220694,2.1427686577169465,1.1837874455312831,7.712675828968385,0.8558168412581081,0.8945841762954666,0.803611202960015,1.4232820105546458,0.7570786162441733,1.8341000018122895,0.631849377481132,1.45058218798256,4.899412473473513,1.3155867193091482,2.6189824405832094,3.9555673808305865,0.621469982891415,0.9291118477682127,2.7197425389868584,1.0987029058874174,0.7253229715063663,0.8039807364309125,2.4331777917391775,1.2056691487358304,0.5727171920282058,1.3962409195740726,1.295753471716395,0.6744573826934264,1.4793023262911473,1.520032712162016,1.3111582908000692,0.9912961773881126,2.1817514207152664,0.5197545029841877,3.2432732208250683,0.8914989091844845,0.769587117072325,0.45723274423380256,0.5983901500964277,0.8581204406915242,0.5087093165687014,0.8481800805465436,4.846912527324856,0.821269287266689,0.6110606387189368,0.9539832108350008,3.610804945375973,6.151156477883302,4.4549078244850255,0.6392622192241976,0.9431520965492046,0.5389104615912932,1.1735666801826716,1.93044440840308,0.7982321888081919,0.8428828665255848,0.5703894210916436,1.0785629817331477,0.47979015751465653,1.6440319541180741,0.8536295175892211,2.1689204327700127,1.7180965536384087,0.3579674888621682,0.4224725807859685,2.3024670999898835,0.3733620457776403,0.6118728975917307,0.9817259684672794,2.158317951321377,1.3616872325531066,1.2989909020849246,1.3850233482966265,1.1530855954421115,0.5762665664903641,0.47750590071319066,0.5166689077985284,0.42297502238530127,4.827850520983388,1.0328195197546868,0.9744574137216606,1.8913155462626068,0.8986787564275973,1.1002094920143466,2.145941788430487,1.2105956012064327,0.640046124199882,1.2644406935263441,1.2760767975180665,1.4097588008736357,0.5630666556159027,1.9375260721958525,2.5768342837219804,0.6179054367775285,0.6452628326391011,0.5346473635420071,1.7846163322095698,0.7994147064521887,0.5709174766249533,1.1354956532418767,0.36273541716036317,0.48460413431267835,0.7230506639771833,1.9673727817740918,2.2265009108777054,0.5454028052186822,0.5513201140690377,0.5837069007657292,0.6817000185616792,0.7587214154892264,0.5111689771306764,1.453489699077002,4.0682301531049445,0.9997350349798282,3.217968911088376,0.9490442244106367,2.9220992226597913,1.7149601769147127,1.3609519615635888,6.407010135895884,1.1059572081545908,0.5825430029785432,2.2339144861704887,1.0988674660533768,2.170186195065865,0.0,2.18348831188444,1.358733346719645,3.9142756782384307,0.8712179467679564,2.9525674418343746,0.5629360398301698,2.501477917872709
arc_pair_539838,2.1268422374295284,5.036787824103517,1.533598247154309,1.3400990410298887,2.289691786983468,2.4168870192534384,1.5499373133052041,2.0463788033714327,2.5048985491530154,33.346943280854354,1.1585825019967322,1.8219634288586657,2.3831049421496946,3.0249167598243707,1.035683132479575,1.4273925162487113,2.475876769027181,2.359694588474006,1.8224588857762076,2.7961527280198464,2.451639497282475,2.166139222722759,2.662605919160744,7.360289354100585,1.2073934296616966,2.206763515099953,1.6765386615294198,2.1536256668652674,1.8261764965111773,1.1100655616399395,2.058782460042726,1.4891331600896744,5.0346183318374695,2.1110484031085752,3.416678044200144,3.416617680304192,1.9907875903583176,2.360798770489079,3.441947729172961,2.509775911910927,2.447617184025265,2.2428143123826736,3.6043037307587324,2.46019285050132,2.0907491068210735,0.8841138640275242,2.1266889804856812,1.9539025857829517,2.5836652144528935,2.2130174052115485,1.2341347327689736,1.1175793695767222,2.8557052758377024,1.9914922217994326,3.137696941269988,1.8066482471942367,2.258896926253061,1.669038730623398,1.5912006712536209,2.092755223791721,1.6529376912530436,2.697632254097065,4.4284129550965385,2.0840677435423407,2.060020995455083,1.8410700660365105,3.521813699416151,5.251953663868043,4.878863298228674,1.5649564725541185,2.3907877343479567,2.1620538776077662,2.6188976329948312,2.4335977767646626,2.2120249682875373,2.3115705563143982,1.6463176283616927,2.206638453710094,2.1143643731009725,2.634335959193272,1.5655560826528878,2.4965861671305847,2.5759954433290098,1.9387543409357089,2.1413124216008903,2.1727713140424383,1.8453120531069556,2.2865484331466845,1.8996020926372132,2.5802932231022235,1.4404422755773976,2.5339449358830732,1.9151961147129988,2.6411131560564445,2.2923413713319394,1.9764847401756829,1.8971009858371217,1.7639875985747526,5.137836516688563,1.4210539530874935,1.9939920541172445,3.413377495781882,1.4386713005766598,1.8841181074733444,3.4839645078949824,2.298874098953089,1.7738387938803883,1.7084957765329853,1.2440880990262753,2.2622507482117706,2.1621384408455833,1.3449003555168555,3.1611311689416457,2.6118642262643617,2.202407935753517,2.131407711218609,2.3596680653072544,1.9191346591210354,2.159608362671129,2.030550633827098,2.3455425608692515,1.5016889795710033,2.0244381736779395,3.0386410335296348,2.715643566392076,1.7000003115043687,2.007505785152414,2.137790996865299,2.3037384254738056,2.3718523606184796,2.1367841572410198,2.4100956847210235,3.7610765549699434,1.9491206196987436,3.116400464296335,1.6095276378220604,3.2214252985624063,1.7554430147867768,2.5400286207101375,7.109310278004073,2.3818909377975177,1.843165810142683,2.55555860497425,1.7073884930448031,3.0594933527478645,2.18348831188444,0.0,1.1530867198249983,3.803695001199992,1.5234814495975948,3.7529247861080868,2.1857699282618355,1.3890513805624671
arc_pair_480760,1.4910821587957281,4.945595392772532,1.0245167455119277,0.9542585711570166,1.3663364208016509,1.4830781549772727,0.7964672867003202,1.4038964939108611,1.684948857241185,33.441169697880866,0.7910372491204776,1.0910725290429961,1.3083956944614195,2.6056210066564134,0.637226242400972,0.8162201232814001,1.5908947851947537,1.6469713637382468,1.0570421640067633,2.7594997371661494,1.6444249143501877,2.0361603780977684,1.8664629746939938,7.447231958665977,0.9381470629308681,1.4099309651684655,0.9165592540423355,1.555940289755503,1.119221296336589,0.9690177189323671,1.293639448665372,1.1430892388132974,5.01841662384124,1.6894711900217376,2.968785144105511,3.4428750443622507,1.438927790550311,1.7251301219654778,3.0328659591597193,1.7584828395742917,1.716454568068027,1.4738464451886804,3.0343815331711537,1.891308638695605,1.5167200151775724,0.5539610995931146,1.7816427215752042,1.0321232360459345,1.9265820550277089,1.8647628444913478,0.7441287548455242,0.593812993254532,2.5997676915027803,1.2441625912703493,3.2260742074414614,1.0742458467502225,1.4692313548978913,1.0919846790743166,0.95566339714411,1.4735931471047037,0.9940691941185857,1.8211187604717947,4.737945142418188,1.3162728216658985,1.2643726402867113,1.2550329506142295,3.495611646355713,5.242553137011055,4.776149159271681,1.0183385922184813,1.6596399601028902,1.4357998260334157,2.041238443689876,2.097514453447169,1.657720455836778,1.564866860037643,0.8418885414023181,1.5051692473417178,1.2664009856652143,1.94202285877344,0.8839263610279088,2.2493609164128574,2.096894525707886,1.1722562598855666,1.339044860054778,2.5385428484708688,1.0856367641203466,1.4040512427452658,1.237265674054468,2.3856428740218143,0.9261556043756884,1.763413549150472,1.5353454054505713,1.8613676460158501,1.2917244334115818,1.167804369318267,1.34107086305605,1.0102504244623773,4.818672499252151,0.7324461010806955,1.2442073244364997,2.7270087937175393,0.6424712339324451,1.2879490717893276,2.7857054129902203,1.646442721061409,1.0371903497456747,1.2593952468176002,0.8664380477365534,1.5930741443913214,1.2250916391480458,1.2310420145021332,2.8602960095448218,1.747205107433159,1.3987534257471193,1.3034011078105467,1.7893015213850583,1.2747303404512622,1.1533400032019616,1.1175716521241914,1.3598922681609926,1.0475179067791698,1.4801836057693096,2.4353721910250474,2.554244520742034,1.1259409182698934,1.340085134650579,1.3482587815155984,1.4722053024819124,1.6487917562074839,1.3555410586660535,1.9265247409590565,3.826086854424044,1.1998783579225394,2.738012909531204,0.9287335725902505,3.1598144654004634,1.5181237917631847,2.0407316223666996,6.66941992090878,1.7015235852792576,1.0208948319076439,2.2181066224639374,1.2204126267661097,2.577103178410553,1.358733346719645,1.1530867198249983,0.0,3.677732314652207,0.8137943733847506,3.487647832907263,1.2699856341380196,1.7552653390745419
arc_pair_642267,3.606028909826301,5.008787379162868,3.708938893443733,3.6785138025755293,3.8017541137384123,4.072821215191709,3.697084998174344,3.9253601398473306,3.4913958360209576,31.23627815767045,3.6649913302719392,3.529354265765635,3.95277744292599,3.5495311354652976,3.9552940191569177,3.8555637459848024,3.7679522205300393,4.075146111792541,3.3287140202236394,4.160909063925313,3.822661746834286,3.0753304095372376,4.037253356542991,5.292249510600514,3.0542364518769767,3.517630709875691,3.4189165709266276,3.5834467478337455,3.524397165116088,3.4153773790304194,3.355087020976338,4.13251948395846,4.802177497049458,3.299591668549488,3.4711983441734273,3.628040467355534,3.6143402311669357,3.46046946306545,4.295977715233963,4.277515161078911,4.025572313491207,3.991449026633755,4.584930317901731,3.8615144929945053,3.784394173822053,3.5108436717275007,3.189899564498991,3.368714084153717,3.2318386509967434,3.725851169679731,3.414564173055023,3.295203718791686,3.0539940395623217,3.673509103571392,2.679050533835488,3.405489718736219,3.902453501462566,3.3800867844287015,3.6436491345633626,3.56329925321216,3.5703176997890376,4.183632999285329,3.713546890185527,3.6049828814144003,3.7561427161913974,3.2773710938803147,3.0813778091597492,4.33829813967717,4.46484932742062,3.2684651150160327,3.7676931976056123,3.849508449567587,4.088390514693886,3.220435239082662,3.953178293310468,3.263732455295416,3.211689011576467,3.621319335576805,3.962974261327379,4.08331449270422,3.2598671496828406,3.1871659891094386,3.861131628149692,3.681967244179173,3.8072797471514024,3.58006896099988,3.686410995786372,3.8346194287048805,3.3416922356423617,3.2757960454557575,3.720296105725196,3.7352670690872736,3.0251235487408863,3.9595037877509056,3.89196552028432,3.7413321333032323,3.6550720892705244,3.579168873098402,5.317386138205427,3.8431140184035586,3.812879378941929,4.459045193390164,3.5149560401692383,2.9738277536192013,4.190392110891453,3.7233689508127665,3.5977236727547903,3.17759432023897,3.801041596283482,3.321437564760816,3.6843628530016224,3.486386312860502,3.4671205610670484,4.14670460441207,3.9537903788619966,3.8084143683417704,3.0379429426649676,3.8976020899857784,3.9570649244686265,3.4591029227091794,3.977871536504025,3.432741699514971,3.7273610121229317,4.028735597628554,3.3141949106098667,3.4022428412425385,3.580173781880177,3.822767468101127,3.8588508678158164,3.941021163574538,3.8391168003489042,3.4825517609673753,3.5201123390796516,3.716695568469757,3.196816373732759,3.282457791161557,3.1123795701364934,2.758426784680335,3.5979934580917075,6.376570676346988,3.9466191355940463,3.3088834686408433,3.378349556847918,3.573239311747538,3.605812759243563,3.9142756782384307,3.803695001199992,3.677732314652207,0.0,3.6186206599696065,4.435462887876213,3.6032730149597016,4.423712294446307
arc_pair_382131,1.0084265671792192,5.0282498147249655,0.6717849850895743,1.1985352684956714,0.953930944587802,0.8529046566604055,0.5156247278747255,0.946883318351007,1.2870497081148944,33.65952849855768,0.9081160263370718,0.5382104105389683,0.9864277626989014,2.1639806915925814,1.0585724148166569,0.532038132373031,1.1425132493680725,0.9721040487579602,0.6256442785380112,3.1860289588939397,0.8622029965910392,2.0801356302499374,1.3766619397309714,7.7801131535976635,0.6686776582498263,1.1141442737276246,0.8628247525345012,1.516469303685577,0.7651396143469174,1.052623930737047,0.8601503426016348,1.4802673039417846,5.245978588863114,1.2268759758344054,2.6861480420794077,3.654795682983758,1.0968353432389897,1.26708156983917,2.8468578992283256,1.1851579173350595,1.0279470540746691,1.0681466756763345,2.6736139467537523,1.4215771273940045,0.9119918527830316,0.7896510142323119,1.417714925673827,0.7490879608151488,1.490948318571602,1.65320115473251,0.8393527448409359,0.6037366123527474,2.468007472627228,0.6177565857941484,3.1595364159252797,0.7522890324243798,1.045365670622812,0.7921297856775005,0.6942596404275374,0.8109522296088245,0.49641450363109113,1.151437450911117,4.837516240940959,0.797379684771574,0.5911195005245151,0.8798025145571025,3.2965495233476894,5.875578401682111,4.498987232139166,0.7790923939723007,1.135253235100436,0.7337999263498635,1.4014755729119273,1.8473114992178274,0.9998115942188608,1.1404145462839432,0.725125796394787,1.1192447487369195,0.8602009294219128,1.8530123351290073,0.8768533542576502,2.2036432186007415,1.9623500385879677,0.535971321466202,0.6392175896433913,2.364841246977094,0.5928540434166625,0.8397507659727517,1.1608146508498594,2.1777246722859656,0.9181042544188374,1.4726322670644452,1.633673978420785,1.5366929528367748,1.066796039573977,0.6418783350223527,0.813039763408336,0.5780630902764295,4.443596087775815,0.9797782264408738,0.999823085259313,1.965243947593268,0.5458022922700896,0.999549513221471,2.276490015870371,1.2432359989070223,0.7169662653194218,1.2660727816852566,0.6916572449259082,1.3262690823511993,0.7255558981457677,1.1577914621305556,2.644952231521868,1.0880093901710368,0.8567967449371174,0.6730213817045649,1.7814941931671617,0.5586087013130714,0.6370113108527786,1.0112616197825393,0.693380076490642,0.6067051750984325,1.0811910860063725,2.3029314435610257,2.248916743198029,0.8503396191497106,0.7643271605552475,0.9372544490454456,0.9577437286887023,1.0653790560717296,0.6653629464940987,1.8376882472311533,4.02399113568691,0.8002866929000743,2.8768362808784764,0.60516992816857,2.78107544519457,1.6100272892156058,1.7281483890283482,6.543314632911246,1.4992360328154626,0.8314894911380528,2.027144373360522,1.0353207411191343,2.4874842787095215,0.8712179467679564,1.5234814495975948,0.8137943733847506,3.6186206599696065,0.0,3.2619459929780916,0.8098716752646238,2.004886589525746
arc_pair_619761,3.0236340352676723,5.555058439554707,3.2702387212870003,3.2721340855496166,3.344104023748688,3.274779490284328,3.1891131858931683,3.2833383813781762,3.18008200651025,32.721224420972185,3.316701775601848,2.9960945444348375,3.3248398483228088,3.5461176462198196,3.6680473731313112,3.4304584543175665,3.1645880791311014,3.379080702883558,3.0864908358455607,4.8878419652544745,3.34502977056279,3.603726889209061,3.5421111913573045,7.995176610406639,2.9057889753501014,3.028372533680509,2.9581497770241336,3.1710721305770933,3.0995825778294597,3.788016805606398,2.9407652144260545,3.611237623722115,5.662143381418616,3.0964392493577737,4.0333634575198465,4.497989670274739,2.9674020925936597,3.1520589307877405,3.9481079394738403,3.5657706390104362,3.4496858177354004,3.453302023170647,4.350474874067056,3.189003513620352,3.1419298963445494,3.3385082166667583,2.780464485181758,3.1300190044117073,3.07410294790205,3.4788284811499,3.411837711986033,3.174914468196741,3.576427841072195,3.0491988990998724,4.044300319932676,2.9924548172401995,3.2955312117056295,2.7309879931017726,3.0875610685146744,3.200914745653309,2.8489161335379043,3.5294848519408912,5.214476543634315,3.2119083910346955,3.2058661374298745,2.7857809208347293,4.235732980304472,6.198106255338294,5.784533938058493,2.8526759510755078,3.265636115378927,3.090690422865457,3.6755639467068,3.5228609231597714,3.255710313495559,3.137217917979059,2.843689966799614,3.22946272603475,3.189475024082088,3.8712315934292425,2.9478643504023747,3.6951818857622456,3.571348825616528,3.0090845220326643,3.027217133922743,3.798712531980577,2.9668714557395504,3.1778028520952937,3.07026748804103,3.534956538332998,3.410154844685616,3.485541767603804,2.9477603351791553,3.409784456213675,3.2949971905410513,3.091807519380445,3.159092261378637,2.9510235458439356,5.974730235193975,3.429149708830675,3.343094039640594,4.1568193114315966,3.3299762518610825,2.975231705854284,4.052903534781311,3.2676060806134495,3.0755206773155503,3.1464938384362293,3.3311471593019757,2.9179240235043498,3.0667792160896674,3.6655930883624666,4.150050345507395,3.44317732382568,3.3073068078629944,3.1978109768506067,3.4354466666008516,3.249259327724685,3.2701781943890174,3.3769940638403253,3.1319004891473154,2.994965472044146,3.127525716841969,4.1555074927946976,3.9201634329617256,2.9235430647085963,3.058240235345731,3.157335538898767,3.244196721939156,3.3149606892721692,3.1480136762344495,3.3375947577825795,4.586169936481056,2.9153194771406516,3.823475541209917,3.1433393460532,4.15222202933825,3.1934352547646188,3.281325564078615,6.947211348962924,3.385211155784538,2.9672484183844245,3.6919813470257887,3.172123613479593,3.8844825011107975,2.9525674418343746,3.7529247861080868,3.487647832907263,4.435462887876213,3.2619459929780916,0.0,3.042510232931896,4.132910379803311
arc_pair_553435,0.6801668398193168,4.631436446141445,0.860480461453653,1.5567702171694977,0.7608489693867805,0.5944175483032922,0.7882332680308068,0.9171018437644973,0.8403415926534674,33.28533848771111,1.3999521641485273,0.5291430918988141,0.9391494634066382,1.8592772671924942,1.639011788421477,0.9249814259307503,0.7297465072243237,0.7772507230827737,0.7511633960050006,3.5918659938358064,0.7785052490000116,2.027966517010506,1.1911199083016077,7.395277563006245,0.8628278952500803,0.8430878391727888,0.6405803490759123,1.3232897785685147,0.5636921704985388,1.7382893014212772,0.6451198635781182,1.470392910076459,4.633493812716854,1.196027920219739,2.371411032383032,3.6692131777618058,0.8912450685035229,0.8099885195747463,2.699160920619129,1.1901302487413017,0.7221857684983348,0.9294608799223412,2.237164828402754,1.3490307717068,0.6657912141160613,1.3607282351456558,1.2734569403281155,0.7412607676783813,1.0534147781418612,1.4077537046143365,1.0247268116973474,0.9848788540894265,2.049340628802181,0.5722997008371793,3.018037670589654,0.7516816940217779,0.9232626737010183,0.6374634882943246,0.698126699438818,0.7562597407606689,0.6329262064757272,0.8001119138248332,4.563906031906414,0.7224342112382667,0.5566685219899912,1.0644398105847672,3.2759251775076788,5.8577307118007,4.100796739201443,0.7426816086225502,0.9957058285110969,0.5342053752842008,1.1410242857523039,1.6983889602611437,0.9368007824270226,0.6949573445877436,0.47181248982038576,1.0617794983321285,0.7172371503731485,1.6177799994049704,0.7650117871700045,2.1045920425839313,1.6285952454423567,0.5211222603191759,0.6076066919353945,2.27256603517302,0.5216612874939517,0.673565417597507,0.9972654365299211,1.9789270924802769,1.4451075570940577,1.2984347375929,1.3698043638093582,1.0498363461927862,0.7710054391809456,0.4595178038621085,0.5819499030482223,0.6468736426376379,4.396773750267712,1.0383910643725636,0.9093847715471447,1.683216986658159,1.0097762731634148,0.9520926624665509,1.9451785476757755,1.2752246745821734,0.6781968976278486,1.341222716802794,1.24683708859973,1.2351530044935148,0.5227787399052949,1.6498182819534977,2.437553912603987,0.7012455982031622,0.7153236994391581,0.5073081212428014,1.5400074946056257,0.9051462233973161,0.5822884719075812,0.9964087139194371,0.40343812445169397,0.7780311892025157,0.856903994380326,1.8074496376173603,2.0339290468346505,0.6684337816905451,0.39416758543715785,0.539602759621155,0.6467179185685386,0.9298946152659235,0.585704826274319,1.4886670780023552,3.8722758915813538,0.8849582033382252,2.9250873068971974,0.8078813077755925,2.721271070940435,1.7287315512535357,1.4834181289540016,6.1993477349287165,1.351687506370887,0.6830091822591243,1.8909616223253132,1.1711927330252747,2.126975217118594,0.5629360398301698,2.1857699282618355,1.2699856341380196,3.6032730149597016,0.8098716752646238,3.042510232931896,0.0,2.6190971451388942
arc_pair_723396,2.600510816073223,5.129416436519419,2.1211101661024943,1.5077647494212736,2.775051961459305,2.6823801849543356,2.00757964876418,2.5588008407917595,2.7879418422448268,33.39333430955823,1.4390633278508222,2.2114914483766808,2.779883572220702,3.567950597199594,1.582913537851425,2.002266512645569,2.5356796399168213,2.533595247349237,2.375698318518432,3.0655145685228415,2.7006540649620367,2.8512689421045057,2.9326176633777474,7.7167218140635265,1.7976803519055102,2.6013063972466117,1.8702821087678227,1.7556441018032438,2.2890321921952674,1.8284790312070442,2.470532147696932,1.7606045782489086,5.628268514005973,2.589996402024795,4.37871397181922,3.676377071311074,2.2751913308312526,2.7615528864688095,3.857919638616049,2.8644993912433234,2.6997374597791213,2.592906262727096,3.9834942981261867,2.7588996645014676,2.2060285227154917,1.652228659373056,2.620556770934553,2.368544371253976,3.288192951200051,2.704235797177998,1.9899007594936886,1.6266476165778552,3.3117020679513063,2.386293703185578,3.70059329434646,2.335320196334333,2.6533286999963983,1.9595245879670686,1.93817198664443,2.605752198942314,2.0498799395331866,3.0137315454176714,4.8658035163989215,2.4843346548763856,2.5722805281980285,2.324977817548496,4.128260257134167,5.699334713823349,5.505199815860306,1.9515260996808164,2.91307902373351,2.56228355473276,3.0977517306931364,3.138520207396832,2.4953974538200168,2.6863827484328815,2.2280773640420155,2.5314589263133587,2.1905805418366624,2.9150675102491395,1.9708266182081888,2.890593957963469,3.046189820906532,2.243364803843824,2.4918381283702,2.734814533624828,2.2416711182707054,2.661549739490659,2.268393694787253,3.0667074636924925,1.4604273943617823,3.1217626266328122,2.3968918960953265,2.9339276835806487,2.451350399673376,2.3354699486349593,2.3338552292519736,2.2860109371738404,5.852099233580509,2.089842173000371,2.501913959967076,3.796339052157224,1.9249336869461535,2.483470427987729,3.929874343906711,2.710348264269428,2.178499975996797,2.2005033243478738,1.6893487140210544,2.7996073555985133,2.5665140470652266,2.0505173826203675,3.6036783607817275,2.931340670610145,2.4933499219399913,2.5405246738100895,2.723481060688391,2.2235826984332943,2.31856896900217,2.5460583963566217,2.6933854284625256,1.8051079154087137,2.0627791248673737,3.2198149281784825,3.304975677398277,2.16542778690982,2.508897306195123,2.278065169894138,2.6819471326038054,2.7239288093597693,2.533720780919782,2.8944683656247063,4.394187482149763,2.2530163590090915,3.148110626152852,2.171098074886747,3.8403932168392716,2.018694866577179,3.1080548717363743,7.154300728740122,2.6833116315877152,2.245233251621252,3.0087121877241785,2.0512385764559617,3.4038273059386723,2.501477917872709,1.3890513805624671,1.7552653390745419,4.423712294446307,2.004886589525746,4.132910379803311,2.6190971451388942,0.0
