,arc_pair_48468,arc_pair_492637,arc_pair_255137,arc_pair_378045,arc_pair_309940,arc_pair_348148,arc_pair_587937,arc_pair_370506,arc_pair_673630,arc_pair_664663,arc_pair_77235,arc_pair_524511,arc_pair_621711,arc_pair_577962,arc_pair_188351,arc_pair_9539,arc_pair_438186,arc_pair_542791,arc_pair_636485,arc_pair_444032,arc_pair_433089,arc_pair_557854,arc_pair_160240,arc_pair_251231,arc_pair_729721,arc_pair_430056,arc_pair_377923,arc_pair_495167,arc_pair_361818,arc_pair_155323,arc_pair_66147,arc_pair_561252,arc_pair_362127,arc_pair_696145,arc_pair_543724,arc_pair_354557,arc_pair_125373,arc_pair_214197,arc_pair_137187,arc_pair_318459,arc_pair_396696,arc_pair_297424,arc_pair_221968,arc_pair_533513,arc_pair_518993,arc_pair_162671,arc_pair_320762,arc_pair_237648,arc_pair_59906,arc_pair_328108,arc_pair_361537,arc_pair_430587,arc_pair_348676,arc_pair_424842,arc_pair_504857,arc_pair_533699,arc_pair_521866,arc_pair_32161,arc_pair_153025,arc_pair_309603,arc_pair_208665,arc_pair_594469,arc_pair_246527,arc_pair_107068,arc_pair_599471,arc_pair_358378,arc_pair_416314,arc_pair_119847,arc_pair_537414,arc_pair_122756,arc_pair_316997,arc_pair_467144,arc_pair_200824,arc_pair_97861,arc_pair_551617,arc_pair_318420,arc_pair_654068,arc_pair_68404,arc_pair_407510,arc_pair_193670,arc_pair_191620,arc_pair_132016,arc_pair_462324,arc_pair_372636,arc_pair_442679,arc_pair_473036,arc_pair_433595,arc_pair_653762,arc_pair_42831,arc_pair_432404,arc_pair_29979,arc_pair_310924,arc_pair_151935,arc_pair_588521,arc_pair_360020,arc_pair_220272,arc_pair_621574,arc_pair_583855,arc_pair_692704,arc_pair_246773,arc_pair_459281,arc_pair_187034,arc_pair_287431,arc_pair_695798,arc_pair_314357,arc_pair_503427,arc_pair_497650,arc_pair_544840,arc_pair_109701,arc_pair_28333,arc_pair_386590,arc_pair_624279,arc_pair_295420,arc_pair_11822,arc_pair_112081,arc_pair_575228,arc_pair_131562,arc_pair_409011,arc_pair_159303,arc_pair_204842,arc_pair_472271,arc_pair_28154,arc_pair_227932,arc_pair_210641,arc_pair_179275,arc_pair_551110,arc_pair_362283,arc_pair_369070,arc_pair_582998,arc_pair_293009,arc_pair_533887,arc_pair_562719,arc_pair_541700,arc_pair_192119,arc_pair_665358,arc_pair_89302,arc_pair_674772,arc_pair_196265,arc_pair_296660,arc_pair_124612,arc_pair_505832,arc_pair_289956,arc_pair_297765,arc_pair_585533,arc_pair_92850,arc_pair_333096,arc_pair_625675,arc_pair_42709,arc_pair_642267,arc_pair_256364,arc_pair_571143,arc_pair_291310,arc_pair_723396
arc_pair_48468,0.0,5.216748365976298,4.749416277270418,4.189838880082401,5.4420903050206695,5.386913344949237,4.300434060067872,5.161609222922042,5.014511964048315,4.203472359954754,4.591498155915735,6.065405627642583,4.954701295178522,4.774058152954206,4.901229530498311,4.553105475561926,4.672609819006015,5.536879297697576,4.107421719546823,4.502447313084767,3.9686326111685766,4.846060668633112,10.58027532573177,4.870125437514714,4.908928907919069,4.4131864016299795,4.961292645534154,5.294300776534932,4.52304360589662,4.386820090076276,5.22789511317114,4.811718835041313,7.580477156558503,8.026814288062978,5.376399904380777,5.121395594539264,4.657967880362264,4.734471320311816,4.608707171958363,5.17072409940533,4.2723951331339425,4.433569411956179,4.6246035883075685,4.7611682844188765,4.270328585640679,5.4110615716147485,4.388244150854842,5.14511642504357,4.323240400517176,4.910678577099582,4.692815513924314,8.588100859997157,5.002367939104962,9.02219245828623,4.83134195418047,4.89038540248521,4.731337587620234,5.1726986667191195,5.297606931915599,4.583715391129364,4.808635968844084,4.154213450707882,4.184689492204726,4.983926970253306,4.614546525338651,4.542369898114585,5.5175069593178065,4.840861175837908,5.213041616133953,4.976068904621195,4.849033293429741,8.951376430879264,4.786103426810401,6.277094182337191,4.532592894962637,5.121846154792317,6.274587597290777,4.555242583568792,4.863421785212534,5.4500434269246645,5.049287780077102,4.672528689467021,5.220251325382617,4.892044791951078,5.1439244346203346,4.58673930693919,5.04676910031298,3.9409970632079574,5.173333875938939,4.584368211987204,5.061077668466071,4.430700487405256,4.598670287440774,4.716154831223381,4.709546684385169,5.11145537733631,4.754692564840468,4.820835563463265,4.482834427116937,4.479620118224873,4.785260475514095,4.539225870874483,4.667313445235617,4.597001825872859,4.31468000588389,4.931114231336472,4.350968990901716,4.838883997362437,5.012567345890307,4.146449029922966,5.009556017685613,4.789616266021308,5.024240946367845,4.3917240947687795,6.4600278296217635,4.623085889599776,5.122035753665569,4.953650087453817,4.3859981679385776,4.638878709088171,4.7793349845792745,4.439488717805107,4.864801628559027,4.457392726972509,4.587671888790018,4.102012583618405,4.5171639346853425,5.112902656596284,5.210005842698111,4.43353435688183,4.475676698922929,4.963268269448335,3.9437477643894763,4.872063644434217,4.781799920100045,4.660224703839756,3.9028951644237284,4.443875738716097,4.994461827935678,4.627517991480742,4.286868751360313,4.267730439699033,6.911417498296293,4.567168363715393,4.188421600614471,5.253670538555174,4.902290618355609,4.450179223315661,5.008787379162868,3.792671819849871,4.438545828144434,4.204617317776421,5.129416436519419
arc_pair_492637,5.216748365976298,0.0,2.250647771444821,1.620739587678735,1.4230532055675957,2.679163297588539,2.7106661219697266,1.2258594064500024,1.0164742554993362,2.390283680493687,1.3694318993558547,3.813995091462357,1.327146635062614,0.9097717029173272,4.020004399434337,1.2260036494931335,1.801347241094217,4.264971402453179,3.419365450900012,2.6979651455207296,1.3509694730729436,0.8577989508511665,10.114417548165628,2.0995453666977384,1.1837895044104576,1.408208658871244,2.10746662705543,3.4997759625198226,1.19838264577372,1.3400850081507802,2.0218693112621713,1.165523195648472,7.966410680831907,7.5502781041931675,1.3538847434412284,1.2459068696068956,1.0732589451104213,0.9900322874120729,0.9289317284439618,1.6345861628872238,1.3979184049822888,2.869424572982731,5.435578070135243,1.5011194739337106,1.2319897828951805,1.7019480064054782,1.273136832912462,2.0981083275176515,1.8548068006305036,0.8088988057090124,1.7558131206831673,10.072024427072158,1.1639469032248133,9.454075915367694,1.6272851993056094,1.1269705203986313,1.9122276231522068,2.281502945937783,2.4906094965495775,2.663652975018964,0.9223337961624157,3.6745808242597815,1.8794388140757756,1.6426976539815468,1.3569989348081515,1.1205374796995518,2.323472127439591,1.13682426278282,2.2447154828744678,1.1704184078771043,1.0350026546025617,7.5480007464631,1.2987065505876634,4.114375265478128,3.7351346009234456,1.3954983877103397,2.7386574322755903,2.276937167085598,1.1274958715059866,4.165830632071794,1.3532893617475785,1.1975106935611857,1.740514151887531,1.7154519438794091,2.1266727614364083,1.9114774339475895,3.791325741815954,2.7322102094806384,1.8097286536117179,1.0568229404310854,2.1768980463685574,1.4879268706844258,2.0449589079483297,1.015712011041385,1.3441393127760852,1.537691323059693,1.4390494336690935,1.1397957398234944,1.4620581156445387,1.915760106322758,1.1857230186316687,1.0776244498055156,1.3352614697260432,2.8382130899503126,1.4141352932675562,1.926704457523791,1.1730998380817501,1.5248837249736602,1.1828525661274758,1.3907335571582475,2.34031371147222,1.586170007812457,1.8861446466035097,1.5251003459036818,4.146652260850943,1.0851873891496622,2.384092506949391,4.226478637679641,1.7476249146599718,1.168729049905507,1.2161400570699188,1.194382124864693,1.4670795687071818,1.1138112356108627,1.2600642256253558,2.3087231697766515,1.3579109505289617,1.2294628109608254,1.9414064241711027,1.06745251709826,1.5978187210645936,1.6418823911074214,1.669817177571955,1.2392995036163248,2.1864352632827444,4.4241391878487555,3.513928306899686,2.2032485614841395,1.0366170137297088,1.8712770000900139,1.4395055363420695,2.245301536497668,6.910839621321958,1.5011925874643843,2.2128205168123487,1.4237997286209958,1.659583580299802,2.263313610403988,3.7538645587394983,2.3400771613690745,2.1459127201081465,1.1755708645307408,3.1463241532506334
arc_pair_255137,4.749416277270418,2.250647771444821,0.0,1.4839955762235326,2.086030267176771,3.2269303266869462,2.8374266596685414,1.959429170048825,1.4740059208211598,2.3131387481116112,1.6823316038284029,3.961123421053358,2.021978563121681,1.6020390663876671,3.488856925262543,1.5423785379684425,1.8535927331064066,2.861450131169157,2.756094992239112,2.0852961286781437,1.0488825787984726,1.5275955394545486,9.86067455575859,2.177465830609255,1.1013325517864487,1.372607285437951,1.4080471875674931,3.602815440808165,1.210273745787931,1.4183805079611669,2.4043884473058625,1.2177466592423882,7.207689629602685,7.338690792340996,1.834632757918276,1.7970722692679506,1.42463132019815,1.6756104252304698,1.4682615500840615,2.164169027111166,1.2521642498969485,1.7379622354446675,4.938622854945627,1.778956689049659,1.601524028347092,1.9316798414901508,1.6390049551908945,1.1365443711794687,1.7199755612070673,1.4902720729641665,1.927261097402681,9.218344879035296,1.6850459852681754,8.931216178559007,1.0035409989044468,1.7261459858000352,2.2995318890644474,1.2557094994320108,1.2302009721363927,2.5618572024096595,1.4710691719357611,3.203064658055002,1.5919361758843555,2.2352847803616505,1.339104913714491,1.3371355658199422,2.741997854950841,1.4386673055496717,2.546946096767203,1.5245881554484697,1.5515161559120614,7.266603801636348,1.2872082613011122,3.8733417009089157,3.432615849084303,1.8706045049404936,3.4038622001028003,2.4542644829611726,1.6749646159225209,1.9730174443977324,1.6672166763301468,1.033990568003041,2.0877349781736916,1.7851564495476548,1.3285057167106564,1.253854790792869,3.2432062519982967,2.2568752507117926,1.1503592579176234,1.5089027419448842,1.8715876008088865,1.2108185801782267,2.0893620965647344,1.754220401562987,1.8678819546038081,1.1119353257618747,1.63651854595622,1.4400062528043962,1.3256662597052187,1.8957091754497706,1.6454729860544188,1.3501250446265238,1.529819687292822,3.18036853341152,1.730624451789315,0.8155055069789292,1.6594564187437104,1.6674269736561884,1.9701532119876675,1.4815211746068713,2.621341820563864,1.0943381417024005,1.780616258331099,1.8390865235192975,4.497149117659644,1.6222517280348958,2.7956432249597887,3.9893789577563905,1.7757201203892354,1.7542365027470719,1.673348640844908,1.2893160780232762,1.0154331627212136,1.449307923913627,1.2538469961231904,1.8523998289989838,1.7218715698223446,1.5822460722247742,1.2221441782271008,1.4505801772696505,1.5127271179016728,1.2919314354630727,1.640203047078248,1.825191202340417,1.1967220363347675,3.694450278610986,2.811119125414956,2.174845483201201,1.3904104616682265,1.931404044817684,1.6899120142210358,1.9418031094925836,6.491751902313336,1.3413351655756132,2.219212858236939,2.0033301245981625,1.9015101843851436,2.107995319593708,3.6785138025755293,1.9531428525355827,1.911965525743712,1.3103719342530615,1.5077647494212736
arc_pair_378045,4.189838880082401,1.620739587678735,1.4839955762235326,0.0,1.755486965165356,2.595147687924099,1.9981616411939065,1.4410080615771648,1.2759717401060713,1.9329025437167595,1.31178780571853,3.325878513162678,1.6074829380301696,1.340446228704537,3.2183437139945426,1.1073685353788525,1.792169217981671,3.3764776009189448,2.562848252429764,2.0565992772233717,0.862467220826943,1.0893341815487192,9.483149023111247,1.7861582448564357,1.3032430901927388,1.286893840121559,1.601456668548006,2.8906266918617383,1.1165963800296492,1.1518075525147327,2.0533139640785594,1.1196640064768246,6.953145763175584,7.0571083569673805,1.6325265641783842,1.35287999827348,1.1040978853604886,1.3050357115664677,1.1711641062749107,1.8716794582453735,1.1916149242289826,2.267482127367098,4.192057706827791,1.4280834888207532,0.9511885059787267,1.6763730999934487,1.1963244899472438,1.8331442418810955,1.3952760920351475,1.067347860088892,1.7249240819985951,9.063234459044988,1.4121014022604206,8.88277182968701,1.3203213757124375,1.2049024073708043,1.8049842128044395,1.818967219197574,2.0192722191303027,2.4448838088454443,1.1556476357135166,3.1213295730237265,1.2902356204242729,1.5181187807307683,1.1524058937712327,1.1316562662521248,2.401180983218466,1.2220129457980775,2.084888943280855,1.077517682281989,1.452031831276488,7.0729797720927285,1.3695822739496606,3.7418051099125718,3.148119954667325,1.5827890469095576,2.9721177583083707,1.842703379346518,1.3025278479664695,3.2337870311901646,1.4628478814543164,1.1130388200128325,1.7550031033965494,1.5273313175699241,1.7897179541934487,1.4391446251082534,3.324897434617596,1.4379387113102688,1.5748391163270603,1.135178536805522,2.037987910516181,0.8859239839944233,1.704978267812172,1.303919924944644,1.2413126412584938,1.3413785520939487,1.5428327679764298,1.310399970337035,0.955063696036429,1.5722692543169552,1.2257358889077354,1.1962560393780093,1.104351592386915,2.4629464751646193,1.2764420427545933,1.4459383431310484,1.2817572483111683,1.2510012737067835,1.5852871662116683,1.085089359934298,2.0528624469084624,1.2072616578662052,1.760258513945169,1.3859561816702541,4.0227614125661,1.2990606348665188,2.3943626341633855,3.413313289238933,1.727476317863876,1.2620602654578779,1.3393608103903178,1.083643444907962,1.371109498992675,1.1536400723782925,1.1114606511579166,1.7899033982900932,1.2035866845576682,1.4193820334604643,1.65352311162491,1.0728459029201425,1.4359453848121322,1.5909420887629078,1.3808849277015876,1.4979626484683215,1.540986098402975,3.751701789921115,2.4944445313507577,1.6840548293185638,1.1362101130977367,1.6462115216379511,1.0465549615347882,1.6671250869753014,6.2320679735409445,1.1737652494372612,2.018164720701715,1.66182163858697,1.6784006087893752,1.8039292945267218,3.2047802278492057,1.7572578334400855,1.6890442444314173,0.9590374297125503,2.3983868122284635
arc_pair_309940,5.4420903050206695,1.4230532055675957,2.086030267176771,1.755486965165356,0.0,2.718220857382381,2.878511042359898,1.2068677401123549,0.9472611852060743,2.061787401851314,1.433249314895309,3.8748472298070373,1.3788057287329962,0.923808515588587,3.9939548975353225,1.247059312791841,1.8243615012414245,4.34024675149269,3.4738424697371615,2.6691541842626685,1.1688489128684092,0.8616732942231533,9.944112132136407,1.8476146541293388,1.002439410639919,1.2535953926128212,1.913851458762215,3.562833332374023,1.2102025837991932,1.2798491215831431,1.9314059155353673,1.0008441677057207,8.01138115114847,7.615613576689397,1.2379957523891547,1.1604850952800305,1.01077878866162,0.9422038717170541,0.8572186429808397,1.517042170705479,1.4115960289006206,2.7275540128528366,5.517976571130936,1.5518513650140073,1.3813524529282897,1.6617234202865776,1.2571696797866312,1.7023035460719336,1.843835704075963,0.8029177367688403,1.6445171868134205,10.28007593036422,1.1190284965311177,9.596616326337742,1.3336223294021305,1.0881146181901378,1.637450248050528,1.8952720613019152,2.0501680458230855,2.643358745231355,0.8094381755207347,3.836887930807467,1.729125146463592,1.6630119708342233,1.315428392742454,1.0222978438072898,2.293144975586411,1.0302422310272432,2.0952669897161833,1.1370157517235602,1.2425045627188598,7.7268297516371645,1.222868162199163,4.251017743484476,3.916743942855665,1.4327010982173465,2.8950651063864505,2.3532275730037444,1.1678779056952884,3.9004319117366686,1.0492965956895572,1.092738124875926,0.9753015597051302,1.6135701367865023,1.9614378985888183,1.7462104253045576,4.000321020101339,2.6749999457055815,1.4208046240839098,1.0326374854091513,1.9760394606226095,1.4271489319571338,2.033700143534066,1.0163480873112247,1.3803894139459572,1.2608500949784296,1.3951240342516662,1.0259319076517261,1.4179630315892466,1.9921394041175111,1.1221153408863611,0.8910370057631294,1.426069911522053,3.2017300459592457,1.4187332217546547,1.6462106223520019,1.1563247258744864,1.583861955093618,1.08169306674127,1.401776272896394,2.377922875287827,1.5136548340094103,1.751032692203352,1.5577598803931243,3.9650367445069077,1.0673396675653604,2.45653287325264,4.369939779708726,1.731743980529171,1.222138095798314,1.1179131102306448,1.1848689203755005,1.4811014159392177,1.1491463252276573,1.1889871911653618,2.44183916295924,1.4502238747420826,1.1230318624784472,1.771960481363211,1.0562590597943924,1.6929114394262772,1.6561430424996333,1.6350644713783664,0.8597643641595123,1.9638005081156065,4.551716938034747,3.831330920031129,1.9171588242753141,1.1066395227347878,1.7013622125837582,1.435899187692164,2.1555012042180444,7.119126538606434,1.4132664873572809,2.7225211879415627,1.3611019512125362,1.6778034893072153,2.2121499140740006,4.288026720663612,2.2183805561919123,2.168019007601638,1.236803357354305,2.9442753308491065
arc_pair_348148,5.386913344949237,2.679163297588539,3.2269303266869462,2.595147687924099,2.718220857382381,0.0,3.1476969503319694,2.370765599011748,2.3453231000441486,2.81830124917619,2.4738234436567015,4.634402639351615,2.688589195132658,2.2481192645732193,4.1614902460265775,2.2150778214350058,2.5553562040291995,5.010259544993724,3.4472827233360324,3.2386847497771907,2.322676443786418,2.1520278893252605,10.199001451483502,2.7649037842435824,2.4835019661295403,2.478681091606444,3.084214231703072,3.8127837575396546,2.080143756693538,2.393897701647917,3.103258887602088,2.4435448485092532,7.786193216159383,7.374376898780318,2.621235009970856,2.4289365568273062,2.35504013185001,2.3591284457032384,2.131772510615425,2.7398355604725424,2.1319314656437562,3.317087111085159,5.534529128274144,2.4187937047902506,2.4821336640949734,2.8451086824799066,2.365154538340542,3.179645257341811,2.499113130122625,2.0293349682053274,2.620294386210645,9.534925935477466,2.3468309731866577,9.002373393372755,2.8029085321501492,2.4131238284580054,3.182590318376235,3.3014933761777443,3.5119665820298795,3.190445433003792,2.013413761001018,3.605182388634698,2.674002498321576,2.8292485241007217,2.161507345592855,2.410764455615391,3.3499695269247134,2.2242056033655304,2.822895682738578,2.130498746121532,2.317501668868272,7.622705415276723,2.5360494119932806,4.7891727589202775,3.7850542278123402,2.334564538376605,3.425236123683833,2.815502650397015,1.9567686829765765,4.655535759392109,2.4860736547754794,2.2804613096615505,2.8239263164617348,2.3719498951857134,3.4642244644162887,2.7671834813417595,4.44183722949864,3.2057880691232903,2.9815703811769563,2.144229345677267,3.1182903033755576,2.2704755042843683,2.820097966968696,2.1752631078516114,2.377032237662902,2.71332023825335,2.4927874411153255,2.503873115061044,2.2031674417651947,2.4709257260423874,2.3751291390566265,2.2088105326497622,2.490553500321461,3.6471580537424,2.4869001997326663,2.9681660711427744,2.1426547820152466,2.6756425374682267,2.401527751188074,2.1070310757272654,2.9682165808164407,2.6771960186278587,2.767319542491975,2.4588128664869875,4.384801866936781,2.186220513444167,3.089925122784731,4.4352517941858824,2.6578151318472862,2.2789530752944653,2.2390904894769,2.1976193518893723,2.763581427955079,2.1372575099646314,2.426016462675256,2.7831234363193635,2.478717412681524,2.4333998506495584,3.096682035235549,2.0852257680077715,2.6701943460734743,2.6344902872273512,2.2222744747374437,2.3237378908551545,3.0385710585900427,4.380962390136103,3.7699438110655734,2.6596261765192013,2.3645201068769093,2.5930782206378766,2.484452829488698,2.891508676289303,6.7518275200396225,2.493300344342936,3.1510142204767506,2.5180541070225955,2.7518152512868714,2.9244498615409618,4.1585043091912866,2.655913404633888,2.567549532201456,2.1865413633688373,4.153396048754914
arc_pair_587937,4.300434060067872,2.7106661219697266,2.8374266596685414,1.9981616411939065,2.878511042359898,3.1476969503319694,0.0,2.6550892602855547,2.4536579268853473,2.3526608362254544,2.3387835561799135,4.144316475951232,2.4823503137202856,2.258532665379567,3.6978517271373237,2.098615690235685,2.5818799046032805,4.001432260838305,2.5812394564168084,2.302192600162551,1.8948984618401217,2.184326388086095,9.53517354885282,2.7520693523638577,2.518447903257704,2.1344838067753407,2.91794639068614,3.272444580538428,2.4534095165931844,2.0071613781020963,2.8519563704749067,2.375600763097757,6.511023088874202,7.2803038633593875,2.9953853452017447,2.5206184916745045,2.1320338288998744,2.408121858295734,2.3123183176110595,2.729599679167785,2.0678726662526596,2.67627757116856,4.31836895817969,2.1576905700734144,2.039945940143596,2.69560549190646,1.9062260431694322,2.906667367224016,2.162115299054743,2.322255198369407,2.407252354625224,8.323638213270849,2.487901734168931,7.970433073755255,2.4115989620116522,2.138491136476025,2.3986512480406947,2.7924713359875777,3.045831590751069,2.8492913050314668,2.277725993453862,2.755966877233327,2.2763733224615983,2.457701058542627,2.3617736112502774,2.1287962689944604,3.253784695344925,2.39786895409172,2.887331924333049,2.306048494507619,2.5584301502609965,7.188712987477514,2.298970460026431,4.416805170998961,3.0674165069032546,2.743435942938803,4.012586510358923,2.1481678306899132,2.1912279303898137,3.904306002873936,2.540065722566472,2.397267841461307,2.7790794698113723,2.5836366299578035,2.5765188839356314,2.174517274006489,3.4409082951884926,2.1675928137142364,2.912506454179861,2.090540889855105,2.8684232326320576,2.1213136848353784,2.3439174864472765,2.3617486234105565,2.125432892873699,2.778878983565345,2.4892544715672402,2.3291440667320154,2.0781604897309225,2.5225415823179898,2.309578772129637,2.246818622690268,2.012108895684457,2.8167564548400055,2.137195241259102,2.745438820579108,1.9751934582652693,2.5003638773751837,2.3591000482069746,2.0489387477508116,2.4943922673753773,2.5818453175825007,3.118939104818662,2.347744476987002,4.594652385299719,2.304762441881339,3.3410352566877437,3.7283280573404336,2.3077302352553146,2.208842424319381,2.4171447669647006,1.9118750109293168,2.5849859774864283,2.0989920750796167,2.1118587561423205,2.3352981303997202,1.9241235616055135,2.60442117611193,2.784115382002683,2.2051549093052603,2.2075196371501677,2.4188460550201807,1.8733774831039876,2.5335956002377635,2.6411056119047904,3.553880970262721,2.590448769127164,2.5348609421459725,2.368692707178254,2.2709335077805934,1.8503010211373057,2.198738653010955,6.191233700053338,2.3902014514952645,2.300239237352216,2.8202122317358684,2.492757084802114,2.6359787889610544,3.6353124606484717,2.0293073758135005,2.401123184516821,2.0376731958491225,3.5179530621522828
arc_pair_370506,5.161609222922042,1.2258594064500024,1.959429170048825,1.4410080615771648,1.2068677401123549,2.370765599011748,2.6550892602855547,0.0,0.7716387907681279,2.13941040698933,1.2890671207953597,3.381614080526966,1.1955692932264212,0.7437487329818873,3.8559473334289738,0.9597392221830523,1.7425524556359941,3.8789208797270254,3.2310920578122513,2.542916548503878,1.11291939714858,0.660409256974164,9.46461104561864,1.712277619833369,0.9045128664618829,1.0592837462967744,1.9024701790088978,3.32315697069455,1.0771777173070256,1.0884417950103131,1.5703966635017164,0.8347593072490931,7.84474063544614,7.395809984322707,1.0602363365567684,1.0179256824688874,0.9320415113893519,0.8138624952099454,0.8843260622246898,1.3583621787224889,1.0665945942631092,2.6037255845550624,5.19456559322262,1.23987815940766,1.1138689563557913,1.5139817888761666,1.0634375832423189,1.8343447156666095,1.5052714338228657,0.5492819379521159,1.5455723270870383,10.010340534478082,0.8129985552899056,9.517951120787442,1.2960737829117315,0.8137054110442249,1.9397517989623392,1.929278495680591,2.282778628671207,2.6358136197887743,0.6897992199455703,3.5990770133689334,1.724122584479133,1.2800727973412704,1.071197734276455,0.9376982129674665,1.9797619189732354,0.9742771515902915,1.7513698658264192,0.9056641894709876,1.0369978684676056,7.3757003127063605,0.9804902416938683,4.04096246674159,3.612756437616269,1.1718007355818745,2.514575647978647,2.1310725711195424,0.9481577338518465,3.7797302372749866,1.0683019270238845,0.9607488190019723,1.3216703668841308,1.3855963033393224,1.9319064938443173,1.675016320628399,3.640302418484964,2.385450977474891,1.4279195156304776,0.9329886324771517,1.9503555782144375,1.2450415178213279,1.883890405951842,0.7437915821815251,0.9254196619174364,1.1697464182568003,1.2694659354301046,0.8748638558590611,1.1977820074791392,1.7266014406129733,0.9176144512053357,0.7513142048588758,1.0638106339147093,2.7551845432652478,1.084874769196674,1.6224581899033634,1.0635087297009833,1.3739939946053719,1.083116684111972,1.1187056111224614,2.2032836441160883,1.410518879793901,1.4229564256453475,1.3305589122547679,3.625968141686604,1.0154305908056993,2.2346948142085936,4.037074373978967,1.5191894897246874,1.0053030316793035,0.8929193022883022,1.1109119251673092,1.3277369810948025,0.9729642316989824,0.9488957551550052,2.1770765484979693,1.2580415257082924,0.917128455112213,1.6670916339689343,0.8345079768962697,1.4461545226504016,1.617308710829503,1.3403827096667325,0.8794157060462142,1.609459621390177,4.247935015079782,3.4766987876280595,1.9405575569230828,0.7702053884971622,1.6419852903536634,1.3041779750698421,2.074021118763952,6.759878309185623,1.250190707912736,2.5773667186940146,1.0373300840706001,1.4843253532375815,1.8903121670527514,4.097682648123835,2.139672580497935,1.919332528125466,1.064190172899288,2.905504538589585
arc_pair_673630,5.014511964048315,1.0164742554993362,1.4740059208211598,1.2759717401060713,0.9472611852060743,2.3453231000441486,2.4536579268853473,0.7716387907681279,0.0,2.104775232371069,0.9140171035066249,3.4484665601966467,0.7306061972634241,0.3792795932670947,3.5137171129007485,0.7262080592544502,1.3455138227662036,3.485672502457925,2.7758722479873277,2.1739524257775855,0.9362862770689958,0.323605018779876,9.595625960903803,1.6860381176279868,0.40130134980188836,0.855764744902892,1.541505774582688,3.185261264158234,0.7798310835063633,0.8513096233638016,1.4687573729734975,0.5473112287731481,7.626558059478491,7.266921721075809,0.8989965317575215,0.8141765706618196,0.5256611318316096,0.41787172564879504,0.5495555685572493,1.0813470712075461,0.8941283641513068,2.2890823268110316,5.176396133919135,1.1582827711518586,0.7596979150788675,1.137891284716399,0.7938701144509059,1.3199580350192257,1.3293948136608338,0.4249237673984488,1.1494389249184433,9.827625071226644,0.6806443527715442,9.06762528043218,0.8817450994354062,0.5902794184439988,1.5711936908359512,1.450052243571204,1.5367642736963725,2.259264821720779,0.3993510146896896,3.2434650276132735,1.2716301179192713,1.2271427545596258,0.698995227781269,0.40828915480084915,1.9022273414281758,0.6490196807128525,1.7623468396671873,0.7366834162620802,0.7381360875585388,7.098708203111423,0.5845375636783865,3.6803774696121843,3.4665509608211473,0.9638287109283072,2.4927872981689223,1.839413968130426,0.7442684163957539,3.182268972501111,0.7642119022621755,0.5231960161905943,1.1572727548100805,1.0903621623937163,1.337893675961772,1.1754307892494391,3.4870735921090223,2.203589055548468,0.9037858070067233,0.5642097314537444,1.4604526411827512,0.7792715417375543,1.3878557499483626,0.4798460951336455,0.9142428898921817,0.7603672368617902,0.7316858245429906,0.5882199575399928,0.9958934218331484,1.33387615042425,0.687738644529259,0.6247250871150005,0.9958777792599609,2.6630588757049143,0.8448507316710698,1.0369307588132615,0.7414590945986534,1.079148728354786,0.6383335510711592,0.9823651157894716,1.981238000339072,0.8001556454236058,1.1843644445836206,1.1396748636408813,3.7911607627040333,0.5542724951056188,2.2144093759902153,3.995468510044929,1.2137925554094533,0.7876223640633762,0.7297300439379162,0.6370912184917172,0.7167859002698993,0.5165606787733087,0.8046802484753901,1.814482489920157,0.9446143944425447,0.437412360730143,0.9673589364824522,0.6458857325099117,0.9261175282750662,1.109149300479975,1.2914100213945596,0.7360574357797045,1.3529315951664227,4.029951100146516,2.947975767620566,1.7358600997213491,0.37496045622787527,1.2712170938103369,1.104602322587768,1.6072990826545757,6.511247569021709,0.8775784864973775,2.1985959822578156,0.976708487060632,1.1038750567666478,1.747611759158067,3.834354063227997,1.9071846952045586,1.7542863287688593,0.7083939000332218,2.303746118557782
arc_pair_664663,4.203472359954754,2.390283680493687,2.3131387481116112,1.9329025437167595,2.061787401851314,2.81830124917619,2.3526608362254544,2.13941040698933,2.104775232371069,0.0,1.9499576867527937,4.031335337176837,2.3134671279732157,1.8904709766312797,3.2650624127744656,1.7651071110028882,1.968795468799522,3.861038963223883,2.368981974978531,1.890205305061913,1.4607813755675771,1.8678009594034408,9.135789908522721,2.3808881540262017,2.0206425995814077,1.6210049983601766,2.2854327825561973,3.087778862358036,1.7821420097986236,1.6976280864350055,2.6882749120998923,1.8520422168241335,6.203629232829925,6.643876644665992,2.323334876703329,1.9883238804252956,1.8005776421567738,2.0826898475037035,1.723190122191945,2.22964851602932,1.601921739656892,2.2618137828034124,4.30439895382567,1.722110189587637,2.1155139390446243,2.3365638013870855,1.7167161399300337,2.2091266531698586,1.7050377767320237,1.8534609952326326,2.0345487409763576,8.12456661303656,2.060835310574894,7.73489077290648,2.016227246850545,1.898186384880079,2.2037468596854346,2.290680393853723,2.4276851975605696,2.23861432418862,1.8097073175078124,2.674638079417594,1.778222503815979,2.4046797198220857,1.8046756440317688,1.8354002386793489,2.8678982213835003,1.9103815102854111,2.553001119823036,1.6614849981330235,1.9734406478539106,7.2208344717733075,2.0566721194451936,4.206831387968032,2.7760949941755744,2.0648291131143983,3.2814791812470654,2.100368570416836,1.8907317609587624,3.520367225750025,1.9683459194399695,1.8536379712553546,2.029905255993045,2.1785324741854124,2.5146566378509423,1.9860476989689309,3.0772053544909075,2.3055868833506405,2.253189862074138,1.7592145413357827,2.1401651783490134,1.797388509274608,2.208457594962279,2.002794285081051,1.874972922155889,2.092414576352963,1.5122672927725354,2.0044315438758273,1.6205685874393765,2.090850194006378,1.837145089663082,1.6230623316545667,1.761473387567416,2.830136656927052,1.9157593379238393,2.1956350596325764,1.7015763729864162,2.061565109924654,2.2173000016191873,1.514761379886629,2.53321529310323,2.0630520964067274,2.301475086653574,2.0812258781976207,3.9103399660706053,1.8835688885031692,2.616584368117107,2.753652382077683,2.086235604108147,1.8251393558457636,1.9846968097208073,1.6001160703659318,2.083543943371163,1.8327992036042928,1.6866079994260799,1.9881486242783433,1.9761394114709765,2.2265334686593703,2.4054687559801433,1.6117404762000547,2.0629914177653923,2.0378826926108022,1.4391304219884833,1.8491835081097654,2.1830069048137943,3.1610204898688323,2.6628804791804566,1.798559095583885,1.9583513085164128,2.0054823906166885,1.7098384342715474,1.8988414896842105,5.606953096243104,1.9481341604638303,1.99017060408241,2.3369543108939683,2.1847635652997512,2.2793590810719033,3.186454025995146,1.5082548411447156,1.8671154991244392,1.7099369488156593,3.0226414145530054
arc_pair_77235,4.591498155915735,1.3694318993558547,1.6823316038284029,1.31178780571853,1.433249314895309,2.4738234436567015,2.3387835561799135,1.2890671207953597,0.9140171035066249,1.9499576867527937,0.0,3.4327019257861777,1.0770808096594942,0.9547700192439843,3.5659728401929147,1.0990981563617315,1.2144440040592899,3.391785074511104,2.6230964838433874,2.104911990724402,1.0164129575655407,0.8916565409382939,9.7438640004051,1.9066769906553933,1.0426193892782556,1.088365072954944,1.7176050199186044,3.3051949874786493,0.9435179393947948,0.8813562246396258,1.8180003679746473,1.0613051751770157,7.146345467636068,7.216130586727106,1.1496104875319242,1.2043149957544306,0.8070147482186167,0.7707736781501762,0.7924090115936984,1.5483947327023673,0.9327468295255884,2.3117766378426796,4.7797529304034505,1.3872808131501788,1.004873592240604,1.3043812022001204,1.0749841660926878,1.5893658891493838,1.5404625763816293,0.8739552644999571,1.2917309092452578,9.453535604365882,1.1312749544089733,8.770454432277793,1.2719447820681937,1.0618056184211115,1.7404104818422792,1.7671499781938769,1.8988246854756379,2.327591185323266,0.9145325580785421,3.016155229102894,1.4563905519209857,1.4165157769382095,1.0821046761189248,0.8608427669054268,2.2492665175478863,0.9150339813804405,1.919881309097297,1.1018285209354253,0.9645879947729561,7.179319223467235,1.1170716685826596,3.931832714557635,3.299562203059311,1.226586615783257,2.7606614564791556,1.8466996622286793,0.8929560543267068,3.3963513259903415,1.167474632480964,1.0097277765226538,1.6193881368457081,1.3944152356947872,1.7007119123126633,1.317407289152499,3.393718127058535,2.2798886966281904,1.4370885406465286,0.6413229906111562,1.772446424946357,1.1669283496233127,1.5229440142696533,0.8077490937468612,1.0847732785945965,1.2787630116297342,1.2432191007559006,1.0198668344719595,0.8369432528646279,1.6941356949254063,1.0344977037887797,0.8954453041952706,1.251480432997333,2.487345677508068,1.1154388497820409,1.3709875857125198,0.8488191707100783,1.309673163687852,1.2595529147731754,1.0126273155438963,2.047910432103732,1.060122051526966,1.2145322324297645,1.1107777802067353,3.869798373909955,0.8714431904101766,2.3865709783567315,3.5966691063728162,1.321661907747772,1.0290636569892955,1.1763620040167633,0.8905369489443521,1.2255276503716959,0.674672506887199,1.1653149533805915,1.9804673663213426,1.0328309134669806,1.014660478291555,1.5708196671688575,0.7127464262664784,1.2001902543874525,1.297976747780761,1.3692754124304336,1.0845524043343706,1.4015671818734803,3.7556679867278167,2.9609330165906877,1.6433793739927522,1.0302497507686286,1.6579118853772048,1.0621371679425942,1.8558764929946927,6.363623090177101,1.2044800159810767,2.1920725043819003,1.4816215683657705,1.2841033352030204,1.8694196135346768,3.616917683228718,1.6741281177793212,1.5065049536256185,0.6863246441711602,2.584036825414237
arc_pair_524511,6.065405627642583,3.813995091462357,3.961123421053358,3.325878513162678,3.8748472298070373,4.634402639351615,4.144316475951232,3.381614080526966,3.4484665601966467,4.031335337176837,3.4327019257861777,0.0,3.430495877636683,3.363964786395361,5.361398414637651,3.434356178723224,3.9980772119966232,5.5139376886132805,4.541707762425672,4.381102617117821,3.3669418322061735,3.255113408943509,11.009233172928536,3.4800195305542907,3.571497113876517,3.4574544499861117,4.163534092531902,4.965117319743637,3.3970803935050857,3.325428067964526,3.577590071082421,3.4198466675440056,8.253643142228634,8.740245239013564,3.492845449338552,3.532445159062032,3.3819125575135303,3.3025681500047104,3.3326787309308616,3.7377621655171938,3.3118019113182493,4.583406634215047,5.996811756820668,3.5522145418157276,3.3548321982269753,3.854468161860673,3.421288281769334,4.245318690918284,3.7417204415882024,3.2300569035712243,3.7490678234515444,10.84581437674574,3.413117682319019,10.26708185136123,3.7148441743362133,3.3773499320647202,3.987690779568336,4.269799509609474,4.472789666394322,4.132064123925366,3.3319018619435106,5.17591481966811,3.7735880304865095,3.6116760016758835,3.4496821662087234,3.38224675227882,4.405166719966306,3.5294773966198916,4.092859525710573,3.3084695614728763,3.591265622895743,8.529493793231326,3.4069545387189892,5.755708937085366,5.104618532560773,3.516394260204799,4.869774028333564,3.945763907698526,3.4086074405625557,5.758644366012487,3.5451968118572834,3.4924886896412213,3.7211057153244345,3.624704743476882,4.07531639506056,3.831815270823741,5.2260038531817825,4.040342219298704,3.9828833430284325,3.2651320511254047,4.494204318983619,3.586240410396197,3.797559254355831,3.2140608132272686,3.1686934284528228,3.8513518462819953,3.865550866112713,3.450459207696325,3.2902512485336834,3.855923754910608,3.3890555548346804,3.2578173811882785,3.337933388804908,4.439338542404117,3.2290127587488673,4.081383886136656,3.4039607627229795,3.681598884715477,3.701482250225644,2.99716074226967,4.166076686020029,3.6952242550769068,3.7918189333193095,3.531692072049642,5.707734591472962,3.448560597520257,4.35350518453293,5.427968451040671,3.542988720980353,3.2548323369228265,3.444784567034403,3.4300769605929773,3.7622693399773977,3.2351108919726514,3.3846411049145346,4.007306986251351,3.240613927287704,3.5473057951146183,4.16487902396111,3.2197704358185777,3.699958723236447,3.9035082843959703,3.375052167438677,3.318545171280415,3.857933343356599,5.582211591240324,5.064798233892072,3.933416834935362,3.366265506162776,3.988867835693078,3.3911769357065804,3.82302306657506,8.034687613595123,3.7005971426372657,4.522761985188089,3.6736942710064366,3.783647644376635,3.4797737533915774,5.7164247366071,4.157465201998995,3.8447725665290022,3.371774008928156,4.835662642591602
arc_pair_621711,4.954701295178522,1.327146635062614,2.021978563121681,1.6074829380301696,1.3788057287329962,2.688589195132658,2.4823503137202856,1.1955692932264212,0.7306061972634241,2.3134671279732157,1.0770808096594942,3.430495877636683,0.0,0.7152738004854942,3.899049347589999,1.227989480928446,1.820518682076587,3.882223697343767,3.0191787576695552,2.6084981523976105,1.2256048877104335,0.6681240517641108,9.892181836826147,1.975090557234016,0.9897007081605773,1.2165771973053525,2.037459652280443,3.2077504130325623,1.288777284577168,0.9633323625964636,1.4875401315869068,1.0319553213081583,7.715185893604572,7.419527327369832,1.382357752723016,1.2323364218317228,0.8660011026331375,0.69276233498456,0.794308687002913,1.3121000608040123,1.24699883683018,2.7965988146447667,5.100765540621691,1.5493337261729603,0.9981370818336897,1.455008976168536,0.9387601860339094,1.9043614744425528,1.753681031852889,0.8934696732921951,1.4358710441042295,9.845872823128214,1.0761601273947816,9.191784461974567,1.2735010455034208,0.802668972951327,1.8152412543493885,2.0009576041856736,2.131385034532585,2.419172121446023,0.8914776522372918,3.339105906994385,1.5943038165865007,1.51562757920975,1.3092074583877937,0.8091384255942303,2.141138893301098,1.0895657551396738,1.9238406056829336,1.128940776637556,1.1878926703526949,7.3623812058732945,0.9195023103417652,3.9692296594187635,3.8407215511011756,1.4595192886487367,2.7733504292601383,1.8967928068290485,1.0091435138815816,3.81399416005973,1.1861843309496711,1.1619956018558733,1.5377612942234555,1.488558678968744,1.4896612857625657,1.583441783383587,3.5130540316929504,2.560058668403821,1.5851041027069956,0.8545831834437192,1.8882274271033375,1.3688524580128036,1.5835968089262171,0.7759832781515973,1.0033550411449161,1.470848011870185,1.3294548720395878,0.9371930701020001,1.3493513336020995,1.7924136901592924,1.0234278077416226,0.9477465266972733,1.203488841713399,2.729552007920386,1.044556872329777,1.648354733568451,0.8691741913857263,1.4825577858322712,0.9739786326026902,1.2329254906534848,2.0669193342585856,1.2059926764748057,1.9012100668611698,1.4635939102892115,4.173372088669375,0.8848374743206097,2.6491444160936104,3.98211580389674,1.5639128320749205,0.8986230582433863,1.1502218737286838,1.0283986049628535,1.214544988436087,0.7219714817213965,1.1918667466957875,2.2671881235433093,0.8224914217717944,0.9542248678700013,1.6696413725335593,0.9284794693967037,1.011649441076494,1.548047785227335,1.6129017386692273,1.0140958889094445,1.8709669112886607,4.235231138255136,3.3464325958634626,2.206102587697943,0.953903268039426,1.6121263470589007,1.1423631487805812,1.7919935776400833,6.69928893281761,1.413707663092418,2.629660812869497,1.353262958481047,1.4141787741896241,1.9974058396497991,4.1451320211836515,2.188395085674127,2.213790607523773,1.0959995211879683,2.5166358089492187
arc_pair_577962,4.774058152954206,0.9097717029173272,1.6020390663876671,1.340446228704537,0.923808515588587,2.2481192645732193,2.258532665379567,0.7437487329818873,0.3792795932670947,1.8904709766312797,0.9547700192439843,3.363964786395361,0.7152738004854942,0.0,3.348685698053457,0.7593795946315709,1.4346769545672988,3.6440116421874924,2.658920062011265,2.024420324218174,0.8384021696440646,0.2272449854470854,9.625420727758549,1.5357879016007765,0.4753333443759242,0.7167761112889204,1.542664177097203,3.0077553241250463,0.9218971969981795,0.5980893921035663,1.267156422758803,0.5974291805761591,7.321542380530464,7.055587609838383,0.8931313762174624,0.7547814486257087,0.5715722025560582,0.37931702873784234,0.4331022640870231,0.9400796433352285,0.9326711530318506,2.2901674112076353,4.986796407161411,0.8573882365155377,0.8004635834581382,1.0759557456363587,0.5733692485298483,1.4279901498573122,1.3038401290596453,0.4346306809041499,1.1736833441020398,9.7022654151523,0.5685772992291134,8.870357049321067,0.9499129199223174,0.4795075796119751,1.6285254132021998,1.6128992767299313,1.8281188539866529,2.1985329037582986,0.37836818394871685,3.1534245579304248,1.1295059606171702,1.07698390644248,0.819592125034412,0.5077433043701302,1.7535901917028285,0.6043347800577614,1.5722698369227457,0.7114250690400823,0.845479582624191,7.038414748570878,0.48803520375177034,3.636231888583735,3.3388569373729644,0.8894220544677971,2.3746338744810314,1.6373487008970984,0.6097908135261435,3.3769993365057283,0.6700693856917714,0.7074620148613692,1.1355566817650526,1.0627255049977329,1.4087431258078726,1.3157057074483591,3.1130694199006905,2.237985387827536,1.0923504333649552,0.526407837258828,1.4960569654079345,0.9043594484258783,1.3307413877941325,0.3572645294665845,0.745743775580062,1.0141505146860086,0.9006713920472331,0.4936724499507372,0.9067091794393072,1.473326557012977,0.5588015548434483,0.5898481659689705,0.7377403636853783,2.356993622959891,0.6669678737879304,1.3382086176340076,0.5350021691663229,1.1152390600966866,0.48986607686800887,0.8809832426720515,1.7433872829567958,0.9817188391125629,1.3377271055286637,1.0155115252842557,3.7279352278469515,0.47216666953810993,2.086288354339806,3.8352846346314644,1.0423896065712348,0.5892101013840646,0.6652035093452582,0.6123999736397123,0.8908897677726195,0.4431823373654778,0.5769990828584657,1.6624143000192313,0.7845904912496752,0.6487760350156822,1.2414634790942105,0.5631634430712305,0.867510067899177,1.0962597557217084,1.1004948194726416,0.6026407069019243,1.4905267376349758,3.926844590445758,3.066163241137313,1.722181752889296,0.5267271585398116,1.1238638676376607,0.9238040378659638,1.5730009666009361,6.235791920199783,0.9813251198368015,2.085565768100308,0.9684019466262902,1.0721673244380696,1.5954614139503107,3.874232334886441,1.6763200834652645,1.7533194576499693,0.7627789249423698,2.5202469914429084
arc_pair_188351,4.901229530498311,4.020004399434337,3.488856925262543,3.2183437139945426,3.9939548975353225,4.1614902460265775,3.6978517271373237,3.8559473334289738,3.5137171129007485,3.2650624127744656,3.5659728401929147,5.361398414637651,3.899049347589999,3.348685698053457,0.0,3.1683804622847007,3.641029806043657,4.640090883919181,3.5519731828754875,3.441520465368798,2.9090520033373792,3.398075386381274,9.304000863654508,3.663221693852948,3.3971908231150447,2.9614656532327133,3.5355805394368742,4.4888912492841095,3.4370272798176,3.3518032506788815,3.9568255517590893,3.2815849322279416,6.823714486597449,7.427910743126562,3.876458185850619,3.6705887404261093,3.2832872491616905,3.508831765411765,3.4208283040935923,4.040208198762732,3.2804333604539146,3.2264946243860937,5.151024600800069,3.2912795557493935,3.321973408422885,3.8112067099931606,3.2325298408402916,3.805527986145002,3.211259769133908,3.477410952880001,3.7172009221462257,8.35173045363866,3.6718818191931084,9.026096159641043,3.4773158060261826,3.5386143296605024,3.7197952595273507,3.8039760144985273,3.894564557199221,3.793771079161955,3.306617691620048,3.8781970927669263,2.6914284775941315,4.201780309171982,3.223012039587496,3.2274585741357784,4.250032769826516,3.451795797213232,3.770034332708636,3.5513789474418744,3.610363408267419,8.083540767254004,3.4170081673225323,5.16481556373213,3.9243373757064854,3.8013863075027574,4.639007480070111,3.552456006239671,3.6333721545297575,4.2749451421183045,3.695970658644496,3.3391358806804785,3.896990270666091,3.525842295369517,3.750185964722613,3.526017443521348,4.422488980437118,2.9975797042463443,3.633081451143711,3.2590754152027444,3.756195308727538,2.978095781929353,3.7436784931158646,3.6227503551651807,3.5323400784115284,3.5175550224351424,3.3506419136732544,3.403231797685358,3.236587703786794,3.4666737182575935,3.384668236433402,3.2961057249515147,3.340086287063949,3.872206415893701,3.354903061789088,3.5387420094579896,3.1606759273072655,3.2617565368796892,3.7429256751118416,3.2768739118405055,4.103679016416013,3.288483832261364,3.814657545986663,3.701273042100105,5.187759521698795,3.2824383517489766,4.011067029663442,4.52891295224395,3.4794429250099266,3.482020185977404,3.360061197295595,2.932846667808924,3.521546513278328,3.4258301754993874,3.147204404460669,2.862813715825996,3.2594170216998894,3.7069250963939036,3.7092335853237337,3.294761929443111,3.6100619217083247,3.7021301872547188,2.9510476075176486,3.6056704902269496,3.729872007406362,3.910368717034753,3.4262042466781604,3.3648861216814305,3.58983963403195,3.308113420994107,3.4264595208076627,2.883823637375478,6.788106334107635,3.2690790124692852,3.0958546571932866,3.907896867699501,3.8655511070052433,3.6179974236191965,3.921431037682554,2.808359271786977,3.451807570357092,3.1833226356011903,4.061015629807139
arc_pair_9539,4.553105475561926,1.2260036494931335,1.5423785379684425,1.1073685353788525,1.247059312791841,2.2150778214350058,2.098615690235685,0.9597392221830523,0.7262080592544502,1.7651071110028882,1.0990981563617315,3.434356178723224,1.227989480928446,0.7593795946315709,3.1683804622847007,0.0,1.2760837877980924,3.1940461002771174,2.362974533818349,1.7017837404825404,0.9304086730778698,0.6415827237227132,9.388094520890546,1.6544720404542526,0.7372585217597402,0.8517628782008053,1.4932390388273011,2.9848322169009713,0.9182035121389409,0.8784264461721056,1.7421353075861328,0.7745102457081843,6.9281597697247825,6.787350728405487,1.233347198826185,0.9763039261091979,0.7059272474610319,0.8909134707696912,0.8530736749762294,1.3357596208094082,0.932532717010395,1.7977523244864704,4.5476040084785785,1.1171533870660437,0.8669523196451447,1.3576529230471872,0.9024627516342001,1.2612673373454326,1.1395922224659867,0.6691298236110992,1.154730280417228,9.027601529866816,0.9326939759706215,8.557609663365191,0.9877458127979224,0.8467415676530194,1.7499062334497464,1.4065381815602525,1.5072260146527512,2.0130219595939796,0.6230204612199572,2.765024679123881,1.285513864189051,1.4323758449382316,0.7795189919804966,0.7680169336809517,2.0423830434052173,0.8495326213566767,1.6353971491511559,0.8872028592726834,0.8997208966523933,6.9658050610300295,0.9356348378773839,3.6185059699501023,2.7598414741393182,1.2018002639373897,2.4415165291029712,1.6792130365472562,0.8232255220926832,2.855259937461928,1.0480746140677004,0.7809888669195736,1.4118727348282083,1.1441602978475152,1.3898337868063173,1.159391747153057,3.310270495055417,1.806789173980207,1.0075365838587618,0.694617328681429,1.4302133044691236,0.7963149997547887,1.5117546010354146,0.8558667615180229,1.0439611048708604,0.9701749725617884,0.9761952469705975,0.9010952123741659,0.9433349397834172,1.3171511837057939,0.8107103605581404,0.7602717469619505,1.05380108550731,2.5399754387585785,1.0526462065456867,1.154628287947923,0.8787920587983634,1.1113250795381284,0.9772489165694808,1.060470939145616,2.0185949026564884,1.059688293441524,1.3044001667025,1.3058987781219549,3.687610987266593,0.8250832719178198,2.0858860592641837,3.63003203483795,1.2836178230446662,0.9044634202793933,0.878196056644823,0.6148688521824549,0.9155878608844306,0.8541758074094037,0.8470030006015548,1.6908003511613448,1.12547174555054,0.804203977731144,1.1894482179141055,0.8725782399813196,1.1542556957232417,1.1173769849544253,1.0396734683480355,0.9665108569709461,1.445347786768215,3.4630872262625623,2.5241375021892187,1.4133875741440733,0.8052595508312269,1.211299100559951,1.130436558037911,1.4994765653927595,6.160406822520223,1.0318489083000115,1.6529516594675804,1.1764644988926902,1.2820698985346994,1.8104649020369417,3.140111764661124,1.3869724857271704,1.3389176775660223,0.8686694030677002,2.3321536048836062
arc_pair_438186,4.672609819006015,1.801347241094217,1.8535927331064066,1.792169217981671,1.8243615012414245,2.5553562040291995,2.5818799046032805,1.7425524556359941,1.3455138227662036,1.968795468799522,1.2144440040592899,3.9980772119966232,1.820518682076587,1.4346769545672988,3.641029806043657,1.2760837877980924,0.0,3.509064171258294,2.545498978583687,1.8827010295323197,1.3142609759113582,1.325209266471657,9.804517691508451,2.13642870434352,1.5636075044733544,1.3028757155401767,1.8077325169679095,3.3968903699771187,1.004705896495476,1.4181309249869893,2.5763940282142697,1.474408405429256,7.0591657839346915,6.980401201771955,1.599608371371908,1.5159854909657686,1.2249154698062181,1.444411257083979,1.0691815290783826,1.9569576864480844,0.8730230991479937,1.9884515721457547,4.864790694939213,1.6466427115601232,1.469171110386675,1.9826641226887278,1.598366065079367,1.484272994929134,1.4836805369430006,1.1609394101017845,1.2515819734864264,9.035129760716757,1.5210698049198697,8.334814292298622,1.6022722288992326,1.6678204784920456,2.235307906148786,1.7631565842292,1.7064294627708325,2.225408575182251,1.203238267434363,2.5475757981615086,1.7982431432240853,2.069188580447364,1.2423376070758838,1.2092587422178815,2.593246149374072,1.133007494523897,2.2580343136335737,1.378107612100909,1.1619192170988062,7.434370435427324,1.6726403733016402,4.004280536956029,2.752145974399773,1.5562389822181206,2.8380812043441175,2.0664344230156333,1.2033843828842592,2.858465695980057,1.563103793456691,0.8850390255540094,2.057071438441075,1.623881814300916,2.159545538803588,1.337714603407191,3.3145873044400975,2.253104021602626,1.5735063133530072,0.9679666746001996,1.6329420372518437,1.4044615890611283,1.609115388999938,1.389413700371961,1.8984311844828659,1.2675313574786597,1.3065890917304768,1.5347864542516874,1.2074027213398617,1.5647547222403602,1.36027870769591,1.2279022313510906,1.7014576950055929,2.890594744535008,1.764898319714563,1.4204993794119392,1.1889846099606702,1.5106813549171938,1.4640629430649956,1.3463607216957691,2.2273540350633576,1.5698145444721168,1.6445233691175138,1.6275597248516678,3.9382521587004655,1.1677412270813792,2.3821651322042183,3.739647227248424,1.3379426621932695,1.2947704983905197,1.426769007773726,0.8822805687659034,1.454429489383216,1.212739967929474,1.38608320088034,1.7914667638911161,1.7142360987590095,1.494918494762534,1.67446341240165,1.198329921599987,1.5605433393033747,1.008387044685136,1.2992575608662904,1.6767844577530486,1.7067852672706247,3.4000699244090913,2.7608663181976274,1.3596657740952407,1.4307677933388787,1.4370423000137431,1.454909931100512,1.8761040940357727,6.224237892358423,1.2451614361214927,1.974031371215418,1.7215919941879108,1.5014102903265985,2.1148762133417405,3.1680679972654224,1.3050675796829019,1.343920589756138,1.135343298237973,2.7641826673150525
arc_pair_542791,5.536879297697576,4.264971402453179,2.861450131169157,3.3764776009189448,4.34024675149269,5.010259544993724,4.001432260838305,3.8789208797270254,3.485672502457925,3.861038963223883,3.391785074511104,5.5139376886132805,3.882223697343767,3.6440116421874924,4.640090883919181,3.1940461002771174,3.509064171258294,0.0,3.4322937292788493,3.314317111226553,3.3141982745105514,3.6710919871686856,10.538600323890485,4.3158197557421945,3.3055147357282038,3.4011818020435,3.5125970992300113,4.595851811402036,3.7027564418686936,3.070701327032466,3.853367023683215,3.4868953566809147,6.4571056040295165,8.19466546433464,3.974131314245716,3.9292513401561266,3.6218529847952383,3.7251895507293753,3.6387403207268685,4.106261393226243,3.2724932713787473,2.1648038157250253,5.61728330117446,3.88355114046515,3.484598515765708,4.162188993520221,3.560554012824136,3.2165238337866064,3.2841274064037713,3.7898866547705676,3.7976156301405743,8.648653239498863,3.8759246991496408,8.957429571535105,2.97585505496141,3.8298350845134648,4.171766955614337,2.840367584802602,2.943104472194923,3.1590292191344664,3.7321000005271467,3.9357768793056,3.1687339197783775,3.978239425080742,2.9698922938681256,3.4908981129041203,4.827557509906003,3.638613626292125,4.469358790217207,3.8050132296149983,3.6842989781521926,8.01971491196891,3.439084236254084,5.282458720982482,3.8053402810502943,3.9099878780624184,5.209010217245275,3.9809680041875097,3.617025045174137,2.1029177045058987,3.822471676051533,3.5607094443329497,4.317890282861202,3.6220877872815276,2.848978933755884,2.7575088657148203,4.123510958461628,3.6907677528926994,2.9569783815500905,3.3139823253960725,3.5645959227589685,2.8302096649110444,3.9171141029173104,3.6012522388962998,3.688369530540389,3.3318161977074032,3.7072583828947985,3.635600844951616,3.1232521934755235,3.6879428551675315,3.8325467112771783,3.5787523688713416,3.71857002798032,4.195947336608098,3.4471882616381793,2.6705669717655396,3.6033310746357685,3.458082975898823,3.7517937582394474,3.3384627161597296,4.2774746550508915,2.7581172631232898,3.2989803146290466,3.804865020884027,5.817110917127955,3.6509943835383307,4.681905371517321,5.033299544001629,3.5030681135251442,3.6242646567074313,3.7154615262217763,3.272232650697805,2.8298671775681354,3.4526063069999107,3.4912886213622647,3.234249644792293,3.422711938233548,3.389709918192972,2.7059495643065348,3.4529971761021145,3.37745024906158,3.5859127198362106,3.1836509955244487,3.620554950416202,2.7890351528250763,4.000937032495164,2.9922611824922933,3.337340068258009,3.4399152657340983,3.4480937682122534,3.648680022936095,2.905447615967998,7.1296077792871655,3.2562615058799285,3.0848098299722206,4.104285138313012,4.0269833414844864,4.153192444932582,4.160909063925313,3.041231363593305,3.346033886747664,3.3868272862799493,3.0655145685228415
arc_pair_636485,4.107421719546823,3.419365450900012,2.756094992239112,2.562848252429764,3.4738424697371615,3.4472827233360324,2.5812394564168084,3.2310920578122513,2.7758722479873277,2.368981974978531,2.6230964838433874,4.541707762425672,3.0191787576695552,2.658920062011265,3.5519731828754875,2.362974533818349,2.545498978583687,3.4322937292788493,0.0,2.1011989174348216,2.5237571274198585,2.764493878325239,9.34170388596795,3.10350412747954,2.7985383538865527,2.5173082311339967,3.037325372788672,3.4446896076930056,2.7076217866621466,2.406389087268152,3.382369793823764,2.7484587285812276,5.157401894439541,6.6452715002611535,3.3853877396557266,3.08754029599635,2.7327812008204253,2.8643225484545534,2.737425190558689,3.062945159988231,2.017398000629316,2.269804491775701,3.9194004988329247,2.4938086703338223,2.808991579498125,3.272836286730694,2.425956478640603,2.892722191556502,2.3032900620087258,2.9335065913057656,2.612946869097329,6.963932595834221,2.9519136181003134,6.8552755125582205,2.7995313368239034,2.931523164322976,3.13138764981569,2.8995034642911057,2.789256309510073,2.1471398136057758,2.719210550948999,2.4099227389152027,2.2599138100746816,3.198187460965949,2.4684671349318865,2.622223531682188,3.727139266567776,2.6975078356548003,3.3950172460792443,2.690421925692957,2.8728260313139824,6.3289882563249185,2.720647427426234,4.235062838484168,2.2614377665398173,2.9040254729285655,4.294790071532008,2.499133886841781,2.778950493446562,3.045476377100605,2.9605099834922037,2.6288007031516893,3.2191045419452418,2.7199508194291133,2.9071728284822766,2.484642909425879,3.109885533882049,2.4554580843520943,2.91260868493895,2.505140152580826,2.9768603667243494,2.278211524754304,2.3755533589661377,2.824291680859514,2.836179937053599,3.030266461755132,2.624758849065469,2.945800753601537,2.3518965093682818,2.4299587676465357,2.682681324427343,2.7833756124736015,2.717027654120617,2.9868878515494144,2.57649333535666,2.7146195981862404,2.4025355660369447,2.7407568554397046,2.799624503668801,2.1850784643657226,2.8144701522752262,2.5920331108261623,2.9913871393415596,2.845006820956174,4.527622912947117,2.5158539527838824,3.4679334270191315,3.2838446312477174,2.5340432408090474,2.6556488518315926,2.849159912458269,2.1298855409067747,2.759493473182428,2.4345408603379832,2.6472296538614075,2.0335684911514917,2.4054908589965134,2.9178786531564045,2.6810215122658962,2.607240035707682,2.28997017299118,2.6598132145352427,2.0318527841714076,2.879141009964308,2.9220392556121735,3.0294327261950054,1.8544507544980915,2.2534766486475784,2.874130347512368,2.3671539071428347,2.5798574562445777,1.9676646135631342,5.254881543222955,2.607015870780091,1.940670061823874,3.2358397461429727,2.889115544268989,2.562736653748542,3.126589949909924,1.6208959050075307,2.229646092671878,2.3795024773477045,3.3045226394642864
arc_pair_444032,4.502447313084767,2.6979651455207296,2.0852961286781437,2.0565992772233717,2.6691541842626685,3.2386847497771907,2.302192600162551,2.542916548503878,2.1739524257775855,1.890205305061913,2.104911990724402,4.381102617117821,2.6084981523976105,2.024420324218174,3.441520465368798,1.7017837404825404,1.8827010295323197,3.314317111226553,2.1011989174348216,0.0,1.6605766583006372,2.1046184494180786,9.608101110961506,2.5040165657729223,2.0319455882140427,1.8299876830296156,2.206121405341519,3.3667066733927022,1.9204709177549462,1.861506584379471,3.0342073819072,1.9923717037539515,6.122096891840892,7.008289904689442,2.6446007206519897,2.307934068416417,1.8514366493046066,2.398048200353838,2.019954453183041,2.678506445099636,1.7220837119818722,1.9941680466570255,4.3349836596096765,2.007300073727669,2.238691600665345,2.3874431509947693,1.8446612721102866,1.839741691160385,1.5289309905432584,2.1354919972636663,1.941907461265445,8.373160443871653,2.3627007721473112,7.592600984709604,2.032658715646407,2.2342637197876467,2.603790084578968,1.7504356935880026,1.8524467507999303,2.3991275985079232,1.9872463140968188,2.320791622505106,1.9138333016886326,2.244980650749021,1.9768377058885114,1.8345117445097332,3.056169304075105,1.9827497431832017,2.792938027987934,2.033615433556791,2.0292751135904687,7.540755836823932,2.170636603453249,4.396341219192509,2.5383543857062087,2.388278655538288,3.623866543595237,1.9684996408321462,2.02635652433716,2.6437295825332705,2.30667201959038,1.847761814474422,2.651692236913124,2.1575309652794292,2.212532612803342,1.5873212948963897,2.862339494658034,2.0311154931669835,2.1755986061074206,1.8963994289600123,1.907599870982375,1.6509557490685074,2.0674921877837464,2.31807654386631,2.449401005019582,2.165553161286109,1.928801959828741,2.1692000943552525,1.6688989815162794,2.122154758500602,2.144378007906759,1.9577237970875339,2.020995408690011,2.9596480853382063,2.1661231407352046,1.905071913606654,1.8375692115251687,2.334178866335079,2.2744698226738334,1.8435240697774842,2.5298479528099325,2.1551561894105284,2.29868041275107,2.492697252330176,4.252337576679844,2.046822586084681,2.9300344287163456,3.8129562146518556,1.9340217699053848,1.945821576045565,2.0248080032489293,1.3408467720058672,2.1938006902213223,1.9700802493043945,1.7826436951123945,1.6182663961564723,2.153888298549543,2.2198261246631557,2.0163300565539064,1.9374961130458233,1.9517763460013178,1.841378266920632,1.4134130164738898,2.449057562311802,2.1612675474609113,3.1390296377919586,2.398620173115808,1.8622182622554742,2.081494502531844,1.7224989537812778,1.8391004852004234,1.729884146258996,5.9710107469874245,2.021751649640233,1.544704119407014,2.5522274825498648,2.2481675499762854,2.3221926547535574,3.0753304095372376,1.4011513975183951,1.646379266363306,1.9190705193210378,2.8512689421045057
arc_pair_433089,3.9686326111685766,1.3509694730729436,1.0488825787984726,0.862467220826943,1.1688489128684092,2.322676443786418,1.8948984618401217,1.11291939714858,0.9362862770689958,1.4607813755675771,1.0164129575655407,3.3669418322061735,1.2256048877104335,0.8384021696440646,2.9090520033373792,0.9304086730778698,1.3142609759113582,3.3141982745105514,2.5237571274198585,1.6605766583006372,0.0,0.7165791732581371,9.145767065587382,1.3847860838318256,0.7491564062503531,0.6995571999470037,0.9750529359754943,2.7124731832682505,0.7501223120255607,0.7849594369941761,1.5756233026251096,0.6334938416320769,6.783463860012608,6.889079951492146,1.209184652608892,0.9577331916346836,0.6762476258011042,0.8667308970118923,0.6360636521569061,1.3501473194199325,0.9076808830193046,1.6948023044095493,4.311319723351254,1.0323738467455839,0.8441648165683561,1.229513763931258,0.8484578883703959,1.1673853940248007,1.0476733043195023,0.6777115832145764,1.301347884307885,8.838888850643501,0.9796427286163324,8.684209985940933,0.714227394615851,0.7805091904309985,1.3182157053597856,1.1798510970442166,1.4901274988998705,2.0640748650129663,0.6698860103038703,2.7664382028545864,1.0011596150505189,1.2041422626927942,0.9962566824339452,0.6328949234230944,1.952435051926803,0.8378336296506403,1.6777138103081406,0.8021222195821408,0.9579171498074133,7.016064397172967,0.8663693084558324,3.4683357347662067,2.9996008136891157,1.2524291923814754,2.6252673351583824,1.679097143347556,0.8951402819667835,2.9060170645915693,1.0072676541082877,0.6431926590747272,1.258822276406795,1.258694795647894,1.2594032655584204,1.033534149602168,2.8628031720980687,1.620682032924596,0.9847204580450095,0.7281269658269922,1.3119760519245023,0.9347902292722319,1.430508389249424,0.9959490354224376,0.970123675511902,0.7531731199752011,1.0917549076296615,0.7500575403020437,0.7788123363844558,1.3499359493560446,0.8095435644533078,0.537184403563209,0.6915500818722755,2.3221050863162724,0.8713121961641402,0.9400820498773943,0.7718676268534719,0.9815908994401414,1.1319481278501926,0.8757750553935386,1.8502991019059984,0.9702125409056375,1.4035798764692236,0.9989777931502408,3.767370494111119,0.8635448998511841,2.05482818080185,3.365931139530567,1.1623175935403305,0.8480340005472514,0.9658102382671763,0.6639500283792101,1.0101062791983542,0.8294135569064753,0.5915413191996557,1.462368325641332,0.9650203877680228,1.0154939686039919,1.3272144296040165,0.6285403681808084,1.0556113740221353,0.9558708741198669,0.9398896454991752,1.0275010034862455,1.1227792738357438,3.2656399232561446,2.528188155107521,1.5140341596882234,0.8257495034742437,1.1657470802266736,0.7596423512868221,1.3883325820064707,5.89608568952622,0.7894682162293337,1.7488159469936877,1.1985479312700065,1.2338342753154599,1.6206440497646413,3.2457905730006362,1.3657344853342175,1.3972273204621937,0.6630189220177511,1.8943458117340723
arc_pair_557854,4.846060668633112,0.8577989508511665,1.5275955394545486,1.0893341815487192,0.8616732942231533,2.1520278893252605,2.184326388086095,0.660409256974164,0.323605018779876,1.8678009594034408,0.8916565409382939,3.255113408943509,0.6681240517641108,0.2272449854470854,3.398075386381274,0.6415827237227132,1.325209266471657,3.6710919871686856,2.764493878325239,2.1046184494180786,0.7165791732581371,0.0,9.695884518428462,1.420029962344342,0.4235729862231673,0.7669919148616465,1.349219548013217,2.9882923287925838,0.7658893366976207,0.5827734337254649,1.2720257793901306,0.5113816400043256,7.494750018460825,7.157628242551479,0.8720043200497988,0.6074778250361021,0.5064596971148243,0.3459430785355384,0.3590594230162844,0.9044799361246658,0.8568280829241931,2.2658521467858352,4.954409127849077,0.8702397585231372,0.6193606638103796,1.0240664951163991,0.6325766983498249,1.3917341610088731,1.248870347215255,0.25818937372687567,1.1042077505976098,9.783458435446024,0.5652044665701437,9.030194035585591,0.8132052402224951,0.36081733455450893,1.5222507045524614,1.446990406040546,1.7044917446897447,2.2456903221728473,0.28547045005163135,3.2463904625259987,1.1959226381790162,1.0459326736317374,0.7107267544691422,0.4538061467876191,1.6625532490780108,0.545149921106654,1.5194931657850588,0.5380853622011275,0.7528879533294441,7.124322028374911,0.476590098362324,3.551155019149205,3.4044344274083755,0.8600072177130407,2.2737948446047573,1.5913744766943652,0.5196463592321272,3.3839858947896992,0.696234149050603,0.5650734355702567,1.037603608361957,1.0034436784408483,1.3002553638457703,1.1970596094247643,3.301712016784562,2.0631666748559567,0.963619940215999,0.4349631371149567,1.3421226774582617,0.7608097594288522,1.33275896953515,0.39137668009614346,0.6531403861005276,0.7991050545434542,0.8302110515470511,0.5015911984282928,0.8274314441179158,1.3143526931736313,0.48418601142633894,0.4492424104088402,0.5854696818335028,2.296159082708717,0.6172436796742766,1.203937940115883,0.5063872673850711,0.9741675093814588,0.5041673953817476,0.7911418064494251,1.712309428988773,0.8089536153754276,1.3437735138396651,0.9388962625099526,3.72089097482353,0.4372299748861035,2.0210457849517596,3.7680359805821952,1.075898935025734,0.5153214366082431,0.6421338064187812,0.5517197936224127,0.7654216039176609,0.4142514569267778,0.5653741541957699,1.6700098551963702,0.7000103161138742,0.52647161946063,1.1198156921392566,0.4603350847709612,0.8776765911859817,0.9181846657305593,1.1135598747598645,0.5823382363951357,1.3647815873715279,4.03611773719747,3.017825541622325,1.6409623991031406,0.35636145452883844,1.0566338563135032,0.8167314811727877,1.5354386621221083,6.331314354141073,0.7938038034630569,2.1169521844952603,0.8747094347894424,1.0311515421571604,1.5988264672440269,3.8295252543539298,1.7509050092072518,1.6702070881624629,0.6460409268575948,2.3905930229383197
arc_pair_160240,10.58027532573177,10.114417548165628,9.86067455575859,9.483149023111247,9.944112132136407,10.199001451483502,9.53517354885282,9.46461104561864,9.595625960903803,9.135789908522721,9.7438640004051,11.009233172928536,9.892181836826147,9.625420727758549,9.304000863654508,9.388094520890546,9.804517691508451,10.538600323890485,9.34170388596795,9.608101110961506,9.145767065587382,9.695884518428462,0.0,9.529431927041639,9.73767624470943,9.184319751049658,10.134312883267809,9.867732124469708,9.471257397875387,9.629743312975874,10.103757774402238,9.662348749256031,12.134834423695038,10.569253755282485,10.1040602666441,9.760763154971434,9.529863441866883,9.399272731355985,9.516305004708821,9.686780403907232,9.04638903408903,9.33481447053969,11.100847371915538,9.629857412378339,9.519997421388174,10.23933895816658,9.209345920655688,10.12035371048619,9.385073741262614,9.595936781807927,9.58508450572108,12.53688569819777,9.771223590904526,13.624363421571797,9.82981156759455,9.684608855088017,9.545023177735386,10.289046298967044,10.179315002835306,9.100957237034146,9.55565036521784,9.245875096158557,9.362295191231361,10.035330943089054,9.501624885201263,9.565094693898429,10.321141842724698,9.714419003913523,9.613059506508622,9.577439478344917,9.636407546304612,11.958616884286045,9.512089662212572,10.688670308912542,9.573988384398188,9.754669392866603,10.778961772241445,9.284934454144524,9.707287786054305,10.531018020900937,9.777601150396922,9.569279194503874,9.91712062528559,9.720442970359409,10.181042262472205,9.730780037961907,10.02154281482824,9.140854288490779,10.113129466093477,9.45946947665312,10.332845271489326,9.112895719804618,9.685528632800096,9.497602762438449,9.396524281321241,9.834366533314022,9.726789111642846,9.69319153578657,9.395390686900795,9.466152299194517,9.417530603366137,9.41041729572566,9.584368044104748,9.648104421987712,9.391867790215024,10.008936880409978,9.308154762162367,9.249179008880013,9.747295510513805,9.079995574581915,9.959555712026424,9.80729764627828,9.875464589082762,9.257530641979898,10.956632233096963,9.340365167250278,9.00653732348503,9.551016537273306,9.647317591856096,9.558704980338154,9.69992425036741,9.297427310648938,9.904625528969056,9.510812143211409,9.577618098914865,9.292165548258886,9.22025283831114,9.887172919085005,10.209230170875887,9.405935693998629,9.584325922676562,9.886214980747248,8.95876895374165,9.617799661376269,9.75847828142448,9.449369617814291,9.009031374778978,9.455694397617757,9.772066656815166,9.779193221685215,9.435229785985346,9.255607931903036,11.592752709876777,9.667945593394784,9.455943324472331,9.905020967918963,9.574629001035841,9.489967731515733,9.509934710063558,8.917679129924617,9.64393231497262,9.360775084379462,10.405067455595027
arc_pair_251231,4.870125437514714,2.0995453666977384,2.177465830609255,1.7861582448564357,1.8476146541293388,2.7649037842435824,2.7520693523638577,1.712277619833369,1.6860381176279868,2.3808881540262017,1.9066769906553933,3.4800195305542907,1.975090557234016,1.5357879016007765,3.663221693852948,1.6544720404542526,2.13642870434352,4.3158197557421945,3.10350412747954,2.5040165657729223,1.3847860838318256,1.420029962344342,9.529431927041639,0.0,1.636104574155583,1.5697418136601766,2.076681874056844,3.0226312376379756,1.5770372218210347,1.644594207670074,2.409674591066835,1.4749767062042116,7.466764981066112,7.008718609313388,2.003233625358243,1.675618735592134,1.4717313999275685,1.695669002698177,1.3886082361093728,2.0004562980662515,1.642556004738057,2.5681959474185145,4.8527615299783555,1.7704111730884982,1.7671767353171877,2.1088989324312077,1.6777881234108531,2.293517593624749,1.8346387043052053,1.3620888715418984,1.94623103937756,9.340694073585338,1.6400165603423367,9.0536504617337,1.8236420395617121,1.6353120344901444,2.4264523953490356,2.361611187666659,2.616355885787288,2.6963609622270037,1.3826745827245133,3.5093278777799677,1.862320122539098,2.181943686158682,1.7037965342127295,1.5104206167089556,2.370081383368147,1.4843723623061424,1.9412678202549132,1.4250897760767824,1.7491069368263146,7.377489437523468,1.7180865130770173,3.8372691674191315,3.5168973816936777,1.886412274387248,3.289819412563999,2.2390169874223895,1.649135259353039,3.759520128683002,1.7957894307417934,1.4169623907093938,1.762288808024482,1.5672536964217274,2.3930869364597673,2.0379597340136524,3.7654203220458258,2.3476547320204486,2.0308895310894304,1.5224402920289797,2.474264142162509,1.657182692481499,2.180060929840506,1.7075877450426966,1.7607806256624732,1.7502514119663095,1.818786364123008,1.5599248333200315,1.521087052592825,1.914664385500416,1.5435480246245372,1.4141975156773352,1.59396485390814,2.990043703830353,1.7537674164196533,2.111453207836874,1.4864345816545121,1.939740837531195,1.8156338836466495,1.6329722628612782,2.2951168524042673,1.9537108789186166,2.2076729453071575,1.8861463138828545,4.313570027257054,1.5729845565443714,2.5350031759248948,4.153809686779008,1.9121383325758243,1.5802602362014084,1.5769436533564445,1.4399100639148326,1.9913277261255808,1.560671627600045,1.3696868803378597,2.084384946017587,1.7144919214652958,1.7574112959752592,2.186651647321271,1.4561290686808024,1.9203249014023054,1.8644745258089124,1.6865805181669695,1.7739154962376376,2.1780979414236246,4.081071821784832,3.2878067360647965,2.171766832839162,1.628265930753664,1.877977023300839,1.6801795721428976,2.0363343617556637,6.500808911980915,1.5150253672304164,2.6027824079442796,1.8820926238761535,1.9947096775456696,1.909719666930457,4.0305300548954275,2.106563792186502,2.2324598354548515,1.4564275749535447,3.0794499438727563
arc_pair_729721,4.908928907919069,1.1837895044104576,1.1013325517864487,1.3032430901927388,1.002439410639919,2.4835019661295403,2.518447903257704,0.9045128664618829,0.40130134980188836,2.0206425995814077,1.0426193892782556,3.571497113876517,0.9897007081605773,0.4753333443759242,3.3971908231150447,0.7372585217597402,1.5636075044733544,3.3055147357282038,2.7985383538865527,2.0319455882140427,0.7491564062503531,0.4235729862231673,9.73767624470943,1.636104574155583,0.0,0.7270236692940475,1.0768289372426632,3.268598603680476,0.8574085598544142,0.7418032342823278,1.368640668174367,0.44768970897898797,7.449512815863864,7.319356678464843,0.9607760759309272,0.8996553782709453,0.602910392960021,0.5917434647499862,0.656479042969248,1.265251865307835,1.0741033244570695,1.9158799420723125,5.142367437347473,1.0439253053261446,0.8127149174259276,1.0806375778738155,0.7437731632819772,1.0137886493884232,1.2730915547693462,0.48424603803369026,1.419826878070598,9.740765057619337,0.7331228975833501,9.093754503789675,0.5702086299415727,0.6407890831746744,1.695866427818319,1.0822832680915864,1.311914178010611,2.344117500548082,0.5043880942596984,3.245870856360856,1.1182577958219442,1.3414820531569838,0.7507948380904101,0.45258544537612116,1.8234201289935856,0.6938570610222432,1.7425150245058214,0.7745070909861793,0.8360923036075667,7.295355941071727,0.3929507677592232,3.7006093509575635,3.386243577521664,1.0296307836598413,2.607604591422309,1.9513905675373522,0.7930499121619136,2.894033612876686,0.8190112794333166,0.6418788366207657,1.1471623599947869,1.1694182185427577,0.9759895720538618,1.0718353583411961,3.2744679893974635,2.210793731616854,0.6768351751660242,0.6370296461256009,1.202299927688799,0.8255694305293937,1.6310592573551803,0.7092135905238113,0.9569428572922735,0.5920847555030898,0.8920228460391555,0.5652631259580752,0.8966558730476601,1.5314097329036143,0.7736195130029229,0.5484780328866926,0.8002182175384683,2.6327466548710152,0.8147040419890662,0.8038936925896432,0.7618421811713088,1.149541629427469,0.8991126903501642,1.1290454936072079,2.022295710415007,0.6817499632017343,1.1647985808744459,1.2389260219004157,3.8815150673423293,0.6213297666997979,2.2330526189891726,3.9796642642395064,1.119120753592469,0.870275710492318,0.7875651084494474,0.6648635940125712,0.6390741925482899,0.7200170922121778,0.6246515217279471,1.6537564040833503,0.9530436627237536,0.5153595820421969,0.8040312365001749,0.7068590723727468,0.9587403510196839,0.9098429172730702,1.2007516701294043,0.7774892845198584,1.169439116781704,4.0383235928955985,2.9513266619385883,1.8113878386119335,0.4500992495750273,1.3156678328059939,1.0802759920138303,1.529519971338633,6.54051638650136,0.855478178328092,1.8967717261456563,1.0993804772770484,1.2260151735164033,1.8080721125657524,3.8599501580433815,1.7664220872830012,1.8066400348636458,0.7748548181947458,1.8625099028985697
arc_pair_430056,4.4131864016299795,1.408208658871244,1.372607285437951,1.286893840121559,1.2535953926128212,2.478681091606444,2.1344838067753407,1.0592837462967744,0.855764744902892,1.6210049983601766,1.088365072954944,3.4574544499861117,1.2165771973053525,0.7167761112889204,2.9614656532327133,0.8517628782008053,1.3028757155401767,3.4011818020435,2.5173082311339967,1.8299876830296156,0.6995571999470037,0.7669919148616465,9.184319751049658,1.5697418136601766,0.7270236692940475,0.0,1.5480395816470556,3.106408905287456,1.0004569823446743,0.7760483759953141,1.7655431667203476,0.6855763676506911,6.991429719679139,6.983543507853654,1.146509886874481,1.0723649416565668,0.5555783164983575,0.8537124762576759,0.7950782690213402,1.3475229169952399,1.0389182822070477,1.785910291590163,4.646762384734904,1.009258640087931,0.9832352980935988,1.2686432764162214,0.8497404729104878,1.2195888621732738,1.1755138086639534,0.8278914091084636,1.321261603160453,9.160244604781454,0.7976896696985026,8.669995297682428,0.8364008457425249,0.8111477989982548,1.875922445604764,1.45975076906753,1.6643905884241388,2.2007138264942205,0.6999788145166017,2.7356617964517027,0.9944809371217669,1.5494005074951778,0.8424876195037684,0.576161127085177,1.8775934998455752,0.8830420010687776,1.6640197701094201,0.9198720039818219,1.0600856666229381,7.093314723467921,0.7987461025503548,3.6278333829771,3.043823205096233,1.2533549441601788,2.7031649770538824,1.7265421053804226,1.0617878662098976,2.864236303550347,1.0449128877754315,0.7560203598950914,1.3615192341254425,1.3030540672939437,1.3034541848374999,1.15412460524634,3.1857941548590873,1.8606357327751812,1.12352347157544,0.756450439713109,1.5720307066743675,0.9907645523530506,1.585040161432611,0.8805405857202719,0.9565918328182577,0.9288362890696796,0.9317520817615643,0.749767424119751,0.9741005180041185,1.5991540002867426,0.8386622634242908,0.607202883252484,1.028280999373715,2.5915881652212147,1.0258693226889732,1.1644164178282175,0.7144627407764335,1.0929234495646882,1.0942462915566171,1.1756485046234388,2.0482116952419633,1.219108773667484,1.3266790003493494,1.4007373772701701,3.8629851832154847,0.8894661507011105,2.269703639363141,3.4082828141611605,1.1580565109562428,0.9597815321180074,0.8936491522147195,0.644302170801127,0.9911076859028805,0.9453786287094499,0.693733865179477,1.7055025084134403,1.0623436869672178,1.0318819195217341,1.4743859343473518,0.8677436212879055,1.1155200832211463,1.2357751970509638,1.0096559454531722,1.01980360048183,1.3147742508575972,3.3967344204952052,2.90918325480734,1.5700701554271799,1.0115401475567414,1.1573656477693912,1.0925363794548346,1.3393001179300623,6.21639795514117,1.0070172848118881,1.9049186054220477,1.273847828052336,1.2503136857913837,1.762643403759085,3.3851234513526127,1.3486410581407717,1.6160046071330294,0.883710320773937,2.0835822462323734
arc_pair_377923,4.961292645534154,2.10746662705543,1.4080471875674931,1.601456668548006,1.913851458762215,3.084214231703072,2.91794639068614,1.9024701790088978,1.541505774582688,2.2854327825561973,1.7176050199186044,4.163534092531902,2.037459652280443,1.542664177097203,3.5355805394368742,1.4932390388273011,1.8077325169679095,3.5125970992300113,3.037325372788672,2.206121405341519,0.9750529359754943,1.349219548013217,10.134312883267809,2.076681874056844,1.0768289372426632,1.5480395816470556,0.0,3.4387918576143264,1.3331472860926454,1.6463082013891066,1.8700006086796952,1.2448914906635373,7.156760599253678,7.513058949158507,2.0763745339710113,1.4866700370625139,1.5013182071825701,1.5540596332317254,1.3677438408681732,2.2253167361810817,1.5953186375228028,1.9332084930631006,5.120321021370437,1.8443405761328322,1.5158285247664718,1.9301568007132412,1.5833618161998295,1.3160672376630735,1.6541654262284187,1.293241002210401,2.1295325722862115,9.503159450827088,1.76364222535663,9.319093570409516,1.191112716393792,1.5650613316501565,2.2063298634850823,1.0428788412766687,1.4881684880188661,2.5017424814978217,1.3471890371052542,3.449132568732515,1.556268110061492,2.167167496118598,1.629816258532811,1.3731329388293274,2.609492629039058,1.3496071768590214,2.3574273399278787,1.5397333585918282,1.5480222073212127,7.885329398082273,1.3820876403744753,4.095637722947787,3.4603659465424794,1.9076272719244431,3.366773935384522,2.3385557474925696,1.5259371272820215,2.916854348954357,1.5876707372658563,1.1149474882757333,2.021395444127136,2.007285105185151,1.5576176552324141,1.4255239238420283,3.3516435511150062,2.279229754298143,1.1824264143450982,1.3376339579421939,1.1875469246132537,1.4011545140920416,2.2339525732953742,1.7621077205720774,1.7432983966558977,0.9307141553462601,1.6168492557252485,1.5933262135451984,1.3269690615911733,1.9151457033559933,1.680404371654436,1.2406884607126591,1.3746813225749173,2.7919780011399435,1.7100568176033932,1.1640709379334746,1.4950216925935633,1.5356724774174815,1.8956737034903224,1.7671343248649056,2.3961640141838068,1.1470749305668106,1.8573820908981673,1.713520639905743,4.184861009427128,1.4323242037941337,2.725796007137755,4.115291764365189,1.7224105478234841,1.606519588255413,1.6460887765149521,1.2822005542182484,1.3280543031815724,1.4802988628108151,1.266039098783792,1.7469584873493367,1.4853293581305298,1.4261385953009464,1.3425071376423816,1.2915628854424948,1.59354207069633,1.0934888119245154,1.6896554979327132,1.7716295736530139,1.8578543811742598,3.8920495899624066,2.928129033078055,1.9872581668767275,1.3542867227866489,1.8440080817775641,1.4154320432460894,1.7091212132946896,6.603063589527185,0.9355731614570719,2.2390072128369907,1.778501593353298,1.8629859250689946,2.4138079626969517,3.895148130759092,1.828460610610978,2.0581070874377643,1.3822910790682454,1.747867272430558
arc_pair_495167,5.294300776534932,3.4997759625198226,3.602815440808165,2.8906266918617383,3.562833332374023,3.8127837575396546,3.272444580538428,3.32315697069455,3.185261264158234,3.087778862358036,3.3051949874786493,4.965117319743637,3.2077504130325623,3.0077553241250463,4.4888912492841095,2.9848322169009713,3.3968903699771187,4.595851811402036,3.4446896076930056,3.3667066733927022,2.7124731832682505,2.9882923287925838,9.867732124469708,3.0226312376379756,3.268598603680476,3.106408905287456,3.4387918576143264,0.0,3.1841287419776245,2.957885204325186,3.619637675029093,3.0038896706721685,6.903218918223159,7.673023984631731,3.539888198309218,3.36599511379279,3.0616674372277486,3.0096926146874545,2.935487245459104,3.452839591367941,2.8190562281372067,3.603798797710965,5.5337859498614925,3.094492617209361,3.092058731550204,3.7527712982239945,2.7210960563128244,3.892417015672049,2.988178859085163,3.122273662705633,3.2492362305310047,8.336445396958393,3.344228264126859,8.823231202771161,3.37318366209842,3.062045216322891,3.5217642141774794,3.8115737093153896,4.043175213584647,3.412540345946616,3.0202790458073707,3.5694585818559235,3.025365788529859,3.22714621780413,3.2529951489601103,3.0585750281412785,4.038798154188232,3.159367531866027,3.453915387215825,3.12988071676823,3.0806051312616956,7.446767297409163,3.219802783594735,4.913576271830838,3.697420415113759,3.611221936625349,4.740127617179866,3.2044983225491537,2.9660726615104585,4.8057823073455435,3.4500508271636647,3.143689001488859,3.5490294254912005,3.2342491437179177,3.6621544421900296,3.215679844706993,4.217518070765247,3.0836870873949938,3.682886560788261,2.9951411305209548,3.795515063343257,2.829463622794877,3.052816069284755,2.9675593952478483,2.933088427688543,3.454901338540964,3.1797536648484934,3.228636791401561,2.990700281177516,3.1247432353542823,3.081880249977463,2.95674700382475,2.8373824980173645,3.5176572887240125,2.9634464093318376,3.466370553476054,2.873367804452486,3.221394478342758,3.1763760277226347,2.827113451529061,3.150279003823151,3.3412987598582573,3.7762933316855127,3.224894006139832,5.458673751543997,3.0148030160747226,3.9495756262322694,4.695801345002287,3.1321768180186926,2.9899798553069634,3.261238161389919,2.892588253972913,3.4969492798146216,2.9371509808002143,2.9142131355324405,3.0734336331076832,2.5745203887646473,3.4041925679045866,3.5999221026980583,2.8732482137967628,2.8722059230311023,3.3500824363036044,2.8024762176783717,3.2197956777906938,3.4323299591870793,4.144239517270037,3.2841271078636654,3.1921427458125846,3.0363568456468215,3.0824093335229974,2.8617470439647357,2.959601770994973,6.5527189158463175,2.9832216765167545,3.337737435793194,3.5701443178660526,3.1207366182124283,3.381036147851608,4.273165980943647,3.004914912362989,3.250236630776027,3.076901396318184,4.089371309194234
arc_pair_361818,4.52304360589662,1.19838264577372,1.210273745787931,1.1165963800296492,1.2102025837991932,2.080143756693538,2.4534095165931844,1.0771777173070256,0.7798310835063633,1.7821420097986236,0.9435179393947948,3.3970803935050857,1.288777284577168,0.9218971969981795,3.4370272798176,0.9182035121389409,1.004705896495476,3.7027564418686936,2.7076217866621466,1.9204709177549462,0.7501223120255607,0.7658893366976207,9.471257397875387,1.5770372218210347,0.8574085598544142,1.0004569823446743,1.3331472860926454,3.1841287419776245,0.0,1.0815398530453901,1.9221233594703662,0.7962686587681931,7.25733532154399,6.646364669903685,1.0016669749972023,0.956257548606803,0.7575508050273456,0.8838773084782343,0.6405364098976714,1.403190224848895,0.6488849097243928,2.1163596187192355,4.650882459303439,1.2087528261353313,1.1330307393039385,1.4196721590211983,1.0934772585814019,1.4123469790307088,1.193450912865838,0.46417096501044036,1.2653266004043635,9.11250188282988,0.9550923150388979,8.509967687785908,1.2168785098261652,1.0540884193872282,1.8163912363925616,1.475556597899488,1.6016746924124838,2.225168677376677,0.648162540175264,2.954134566473943,1.501731472701823,1.4679546648396977,0.8389392903116824,0.8158386449992527,1.9906055048098223,0.7108224035359234,1.8751907759084776,0.6895398410887179,0.7409866760409802,7.054153415728854,1.0340551996042056,3.62590564188085,3.054957239948113,0.9502938270207175,2.489859424276964,1.8605885843337906,0.8192214794881311,3.178548967507296,0.9429194894384342,0.5118925760773612,1.3779524075035756,1.2330618792373975,1.8728905595616276,1.0965274719584563,3.3613698465581296,2.0632977206402305,1.280884894501833,0.7437869474100978,1.6815495414111752,0.9152454973910467,1.4770565830322575,0.8523228693110922,1.180327985684909,0.8156348565190865,1.0215741231910478,0.9531557680802095,0.8021437693166631,1.2397564809927173,0.921036101558435,0.6458019787095688,1.0598459833191978,2.6331552517337373,1.2072640201794966,1.0496112454527844,0.8823320625858564,1.156076841707817,1.229710706046295,0.7439212111529547,1.9725976420791327,1.0966262920324834,1.232165059751822,1.0281851430145421,3.5887117205495516,0.7778533803810563,1.8772862290335854,3.552757525495246,1.3237473662656654,0.9742853860909715,0.8057769160197521,0.7215757913213374,1.103164701577492,0.771293010013338,0.8784407300444943,1.682503718673435,1.2304384920177744,0.9542695113392738,1.3364979009383877,0.6024781757617452,1.2600133762243697,0.95365138433904,1.1390469326977328,1.0701602074751695,1.3306468082742584,3.5064595182808183,2.8018081394389305,1.4199234734774753,0.7701489547213349,1.46677731763859,0.997420727916176,1.8358593699450074,6.328224183791964,0.835045326806731,2.0680225371895444,1.1236862340608225,1.2012235913250071,1.63769621300117,3.457710863139702,1.67851224883814,1.3399437860712877,0.7581970527950654,2.3953526239532703
arc_pair_155323,4.386820090076276,1.3400850081507802,1.4183805079611669,1.1518075525147327,1.2798491215831431,2.393897701647917,2.0071613781020963,1.0884417950103131,0.8513096233638016,1.6976280864350055,0.8813562246396258,3.325428067964526,0.9633323625964636,0.5980893921035663,3.3518032506788815,0.8784264461721056,1.4181309249869893,3.070701327032466,2.406389087268152,1.861506584379471,0.7849594369941761,0.5827734337254649,9.629743312975874,1.644594207670074,0.7418032342823278,0.7760483759953141,1.6463082013891066,2.957885204325186,1.0815398530453901,0.0,1.5740446964571695,0.8310452168447322,7.059073471572681,6.739955987640848,1.1284463583708888,1.1192201851471182,0.7534149507412612,0.7800790814658938,0.7132823976139075,1.2048165744454844,0.9115768893863446,1.9934105718301558,4.444942094943511,0.9574005471094695,1.070494046049986,1.3145834914276615,0.7763861360347771,1.4205012742050152,1.2361779190462048,0.808430071889569,1.2387117528748988,9.189235437027822,0.9379754493629051,8.529677802067674,0.830467135211333,0.795863201942885,1.824114905038346,1.3266254755200624,1.6989351545963045,2.2088083733905046,0.788259453229172,2.864443554641645,1.1420465417375145,1.3212239915919555,0.7996027156515032,0.7075304093282517,1.9636455273050974,0.7971813316185492,1.5559824849185657,0.8655034157970333,1.101040737328968,6.9331689138600945,0.774869367484026,3.672618777117661,3.0963646659364277,1.2206981061795936,2.6843649833712173,1.5495081053159585,0.629596047513016,2.965841113290943,0.9456527548118162,1.053239153853021,1.3576767973570076,1.0416035914102806,1.2614484556353005,1.0091031967102637,2.9744605197287792,2.1005509854818976,1.1821342806864616,0.5447818851731083,1.583349231439251,0.9890403564957979,1.264514608457242,0.6375869940375648,0.9234133227107375,1.2032638675947385,1.2573937911537905,0.8249396585979831,0.7051435264512087,1.679699381170165,0.7435704438555752,0.6960329450762561,0.7837065664139555,2.284569023541035,0.5076790838242653,1.2920117229925914,0.6068932642264042,1.3501765600521654,0.9768303947503634,0.6765673967788576,1.725997761441687,0.8762669402892649,1.3498336525628556,1.1766489029920326,3.8735926197666624,0.6974129307742014,2.2923827886363295,3.507897604905781,1.0915684005105073,0.747453141140821,0.9477347882845694,0.7682441838972995,1.0956069898912737,0.5979639613343646,0.6968795408573252,1.6564674893492404,0.8652795084632554,0.8842470760277477,1.2671935074721508,0.7472716664408285,1.0261559064336072,1.1853219142673128,1.0732127849597033,0.8587954151177332,1.1402954253384479,3.5389236346986186,2.8076726998227923,1.4937228910066445,0.8817595180209215,1.1268435524557918,0.7967487531235056,1.414300057451605,6.196780858381732,1.1145475493264378,1.826017097583357,1.4260714692185794,1.2958139465166783,1.580440086865334,3.486352256379881,1.4170197912282811,1.5606282898911417,1.0166752651682112,2.3978042345814266
arc_pair_66147,5.22789511317114,2.0218693112621713,2.4043884473058625,2.0533139640785594,1.9314059155353673,3.103258887602088,2.8519563704749067,1.5703966635017164,1.4687573729734975,2.6882749120998923,1.8180003679746473,3.577590071082421,1.4875401315869068,1.267156422758803,3.9568255517590893,1.7421353075861328,2.5763940282142697,3.853367023683215,3.382369793823764,3.0342073819072,1.5756233026251096,1.2720257793901306,10.103757774402238,2.409674591066835,1.368640668174367,1.7655431667203476,1.8700006086796952,3.619637675029093,1.9221233594703662,1.5740446964571695,0.0,1.499594438987014,7.384145411472512,7.523948728141978,1.8029555212273345,1.6225565419581056,1.7895307517850205,1.263722857582597,1.5084909231250654,1.9757962781539016,1.8208597293935438,2.821302000458237,5.274650209275412,1.9626449160672368,1.5856676247310484,2.0793295308425126,1.5084557202901303,2.36657552589331,2.18398586826813,1.3898323083582744,2.3652109709957676,10.00800495373867,1.4351571827099183,9.590032490940171,1.6809124687614543,1.3063122376664023,2.1870002435221814,2.275620131844334,2.5780372096267086,2.591412371235351,1.4924013433945071,3.9913506485187584,2.117486608260052,1.6223528621024752,1.7673874498473219,1.6286698085621718,2.610710391753427,1.7688639585336898,2.418390116409821,1.7093617086256276,1.859192124667389,7.226938872905569,1.2133045630124069,4.423850757833866,4.143519388385446,1.7661736132505967,3.1863459837243897,2.5644375150792023,1.4709455536627059,3.992073363032336,1.5697755253627057,1.8664061778980168,1.9887316571143185,2.0861682374127573,1.9085530916937037,1.9761256316985947,3.446052562734006,2.8903764404259515,1.893915640443658,1.5004669553155985,1.9803986534905493,1.9593691779793576,2.4762932124804617,1.3102010917823281,1.193168288848581,1.8776413527419906,2.1029981574628698,1.618895960242885,1.6331233663162714,2.245517687949862,1.70324008260605,1.354720852875265,1.507880630808677,2.9120774694791463,1.2860418144230468,2.1746417942890854,1.506899376325082,2.0445324500095543,1.6585688225600346,1.6698484770626774,2.5426749456850173,1.7236035231695261,2.0640046543483517,1.6690951309283708,4.146288579899749,1.5269037600571638,2.964603565027632,4.394663760039509,1.895329054222951,1.6213354420388777,1.7047273900472586,1.8088582309268268,1.8571747951091366,1.3894781856700553,1.5923636939222252,2.435387017835416,1.1701425654321034,1.533844423369366,2.128676724854014,1.447748147631882,1.7953419639948467,1.999900072471996,2.0109227663194065,1.226162178780425,2.1032028205950803,4.576415529965061,3.738755564264351,2.5960910709818514,1.400492569684558,2.2763229632509376,1.6148972493904576,2.0583944967605032,6.849087715910275,1.7986989441080188,2.868845088294092,1.6436343957334765,2.0978776970986677,2.518534400183367,4.709177012943833,2.5601152109120195,2.6572551212579736,1.6986794126139744,2.5419601090912627
arc_pair_561252,4.811718835041313,1.165523195648472,1.2177466592423882,1.1196640064768246,1.0008441677057207,2.4435448485092532,2.375600763097757,0.8347593072490931,0.5473112287731481,1.8520422168241335,1.0613051751770157,3.4198466675440056,1.0319553213081583,0.5974291805761591,3.2815849322279416,0.7745102457081843,1.474408405429256,3.4868953566809147,2.7484587285812276,1.9923717037539515,0.6334938416320769,0.5113816400043256,9.662348749256031,1.4749767062042116,0.44768970897898797,0.6855763676506911,1.2448914906635373,3.0038896706721685,0.7962686587681931,0.8310452168447322,1.499594438987014,0.0,7.361846267869654,7.228556496120921,0.956493525771216,0.8619030204436369,0.5643865053472112,0.6937523298545152,0.6974768972182837,1.2852518899334795,0.9677350249115202,2.0893089428675142,5.036257460715779,0.9423648931736,0.9459892780761459,1.2338132773765156,0.7262075856639801,1.2841100976124413,1.2514229056867103,0.4550412397006568,1.339752939924031,9.49985179201468,0.6121695368280613,8.87943408026538,0.8674580082981177,0.6254347743141464,1.663198926830528,1.2726923029809865,1.539096533641442,2.4249691429578992,0.49249235771735844,3.2572433744465896,1.0366371844364126,1.3199223083791203,0.8338143255799029,0.4645819798399875,1.9870193656548611,0.7138842783467643,1.7602547953753014,0.6365302569172993,0.8767071977614385,7.160303594255344,0.7363945045946506,3.716652734947363,3.2554859759112427,1.1188488139044033,2.680754019509907,1.9680813017176864,0.8040460849603204,3.0686184380837735,0.9311039248552011,0.6196171061287543,1.085454103977264,1.2427781487403144,1.2756999844752737,1.0882805524208412,3.2900776769745423,2.0271619469019857,0.8134229412765948,0.6358059644503491,1.4824027289326431,0.9385369386802875,1.5228284574516873,0.7660104659632111,0.9200675073586779,0.6206522025731307,0.9335561194762566,0.588427348308997,0.8313811681648555,1.551863320477179,0.7204687642950289,0.5279443221340243,0.6877447782429214,2.7219066482957937,0.9362447447926895,0.962884881568561,0.7719203177486094,1.0009375816823505,1.0013074905343662,0.9755974899444424,1.9055761202659114,0.8652309514877103,1.281798458928793,1.347761248142422,3.914509507212187,0.6922064988771085,2.155904457866161,3.8128216914971604,1.2457608171687038,0.8904294819437133,0.7438792117716028,0.6958575376980507,0.8746303151244856,0.906385700447351,0.5196597257823281,1.740995572127141,0.8819131252185781,0.6370716976357689,1.021361555231649,0.6854980678766125,1.1318620296447601,1.149083113867528,1.16600009125603,0.8320778464879904,1.2276241669234842,3.896790766300067,2.8117667342072337,1.6763089990585143,0.42832902155195995,1.2448193974704886,0.9865551904708294,1.5638866319146916,6.465611572202204,0.6958638012815118,1.9953895372956598,1.0431084394036425,1.1694034186487512,1.766798692145664,3.820623393545345,1.6556595068367232,1.6623469929259969,0.7518815703614483,1.9896666463610313
arc_pair_362127,7.580477156558503,7.966410680831907,7.207689629602685,6.953145763175584,8.01138115114847,7.786193216159383,6.511023088874202,7.84474063544614,7.626558059478491,6.203629232829925,7.146345467636068,8.253643142228634,7.715185893604572,7.321542380530464,6.823714486597449,6.9281597697247825,7.0591657839346915,6.4571056040295165,5.157401894439541,6.122096891840892,6.783463860012608,7.494750018460825,12.134834423695038,7.466764981066112,7.449512815863864,6.991429719679139,7.156760599253678,6.903218918223159,7.25733532154399,7.059073471572681,7.384145411472512,7.361846267869654,0.0,9.901869078879225,8.101653236818386,7.420036468336636,7.334642521649789,7.6405548608923874,7.355231928042409,7.841497365177666,6.814124750940111,5.489220831080561,7.355593909250922,6.8029323932658725,7.524634795641171,7.4671471657126816,7.005183336822987,7.446155790652265,6.583231417737255,7.605846961381125,7.297091986615069,8.869338017645623,7.764355001342319,8.78602483310603,7.205493770695112,7.666797316650937,7.513959911940335,7.392205656120866,7.4129973425427895,5.5138658777593985,7.453272767671457,5.990985663776751,6.199179731823289,7.794921938488355,7.080682195532555,7.333497349429282,7.758279540663922,7.4291062713117935,7.930906588052823,7.2441452510507744,7.556397500516972,9.973546821467892,7.396861966249013,8.060502444384403,5.574634565815409,7.479346208173519,8.531406653887608,6.846299608131547,7.404032809190251,7.100392103235783,7.520549155398983,7.331866308884712,7.859993270294206,7.494176415715037,7.22060498979796,7.141666360568633,6.581114338281364,6.352024313917301,7.499893816755424,7.259564317635185,7.368372552612558,6.65029778820455,7.192995062220627,7.633320815543737,7.054479859692276,7.50799802490873,7.500818918092359,7.408488720168252,6.718606039652293,6.565298184700761,7.494564439193919,7.3574215335073845,7.090906014200714,7.1369763100799615,6.965454412755052,7.170239432222894,6.980788122024225,7.062030192046583,7.482158802613861,6.742739567062827,7.108815623495539,7.412344782243059,7.029749620809023,7.355957094042764,8.358834265101112,7.16290348565686,7.177719716938377,6.473212136641241,7.036511838798597,7.228094402086933,7.576053080217386,6.698227761026891,7.255144300513744,7.307975958111657,6.963107237096612,5.899450557963004,6.873758890103009,7.611868189748828,7.290866646277759,7.1758508184093115,6.950389217979318,7.1936483305709995,6.22311887583347,7.401511273343722,7.32524536436234,5.837227376762809,5.129140645573856,6.426609519121691,7.485668988562889,6.812652267833052,7.280990743940169,5.99120813702709,8.283445157531974,7.012379619184463,5.763020069912202,7.889072003105322,7.519598376416794,6.89316479636215,6.352394023235099,5.6611065855406455,6.45653099651123,7.134375587770571,7.703684624815098
arc_pair_696145,8.026814288062978,7.5502781041931675,7.338690792340996,7.0571083569673805,7.615613576689397,7.374376898780318,7.2803038633593875,7.395809984322707,7.266921721075809,6.643876644665992,7.216130586727106,8.740245239013564,7.419527327369832,7.055587609838383,7.427910743126562,6.787350728405487,6.980401201771955,8.19466546433464,6.6452715002611535,7.008289904689442,6.889079951492146,7.157628242551479,10.569253755282485,7.008718609313388,7.319356678464843,6.983543507853654,7.513058949158507,7.673023984631731,6.646364669903685,6.739955987640848,7.523948728141978,7.228556496120921,9.901869078879225,0.0,7.588891201928328,7.3964486309792346,7.158607397829196,7.186253213501309,7.063862568827266,7.030415973539364,6.538976441502105,6.768179531482722,8.376337715799284,6.988472433156942,7.360764475833557,7.753500993418897,6.856187661220393,7.557022840490435,6.599642253048063,7.1568271683950595,7.022692787544776,10.706243002076018,7.324860213289197,10.970682090474426,7.29856173763507,7.316519326364181,7.462194508888753,7.4656731847373425,7.5164945207096565,6.391407727840397,7.0883449710401,7.187962625904822,6.828727920962266,7.721255248633966,6.911851499760337,7.192833655890187,7.738527799911866,7.153725109035002,6.991200822486384,6.935792556031564,7.232481530816754,9.866482575591606,7.145798284571594,9.087347854106316,6.990752979577543,7.204999103212178,8.236915190678918,6.802642478646993,7.043502866166955,7.910304012229721,7.161415549885566,7.177371025238041,7.353212830231132,6.929419066099308,7.608641978530016,7.077678562183567,7.796051117046947,7.1597458983134405,7.426127876743307,6.8245020615924625,7.589529763296329,6.842978198539106,6.898917174045583,6.945598166399548,6.944862538656684,7.53422025259905,7.356179059909606,7.367703445361089,6.697887360213604,6.8996980695439545,6.932585489006775,6.902251441978444,7.008817474230199,7.300114409396736,6.955994728781249,7.417706891261023,6.821053354961753,7.340312455114656,7.281346722280852,6.382836636403012,7.384529565195708,7.145596529236296,7.227148721879925,6.6892825637129745,8.468347382347012,6.973109162900329,6.905087026947932,7.891458749059133,7.1587541767894205,7.033464014027964,7.023037243945564,6.807846351339203,7.3413666642058955,6.876792460342597,6.990036726910919,6.884341709121998,6.805953770676814,7.359995152116515,7.510770531494807,6.889473671657151,7.171312911571248,7.2773555506520236,6.408330665465776,7.108320276434688,7.379335338252355,6.8934308551040955,6.785085023484359,6.640697680598246,7.34725109383341,7.102984883640704,6.821901890328768,6.665169604836957,10.027197213589538,7.077650130100791,6.604481415595282,7.322879974499064,7.470105231195774,6.640021142363403,7.560635929526404,6.218158361491321,6.75655806799994,7.045872063776725,8.120291056775141
arc_pair_543724,5.376399904380777,1.3538847434412284,1.834632757918276,1.6325265641783842,1.2379957523891547,2.621235009970856,2.9953853452017447,1.0602363365567684,0.8989965317575215,2.323334876703329,1.1496104875319242,3.492845449338552,1.382357752723016,0.8931313762174624,3.876458185850619,1.233347198826185,1.599608371371908,3.974131314245716,3.3853877396557266,2.6446007206519897,1.209184652608892,0.8720043200497988,10.1040602666441,2.003233625358243,0.9607760759309272,1.146509886874481,2.0763745339710113,3.539888198309218,1.0016669749972023,1.1284463583708888,1.8029555212273345,0.956493525771216,8.101653236818386,7.588891201928328,0.0,1.2135575049018263,1.0077249391685055,0.93174985860161,0.9100666407571547,1.5721819122879643,1.1085279162077262,2.674424283177341,5.350371158473152,1.329134410378527,1.355999213226541,1.682401106690115,1.2730750504062551,1.8875330326149466,1.6333924366194734,0.7042261033307371,1.6939582876892714,10.337184857570763,0.9292617357644908,9.430233133683881,1.4261729995466212,1.118298324704521,2.0185757176178454,2.160534026889107,2.3544041217913967,2.7910834250395777,0.8463468727070652,3.7626754682711137,1.8397896273306118,1.4828534687097679,1.0777277796871594,1.0186691205437075,2.2315106888010523,1.0038990098839633,2.1449658654834685,1.0117280186849573,1.0281602344623013,7.4104937402878575,1.1153370200627601,4.084020565926775,3.8255438002947098,1.128360987914915,2.478389225277823,2.4569737137159766,1.0182502525524721,3.8415498573744893,1.1707462424498558,1.0240805926876733,1.4328755753822793,1.4726751956173563,2.126322113636788,1.743202139487158,3.730843729083805,2.8065072177397687,1.5596823895597245,0.8949664066757228,2.1737622124401375,1.3732965822307124,1.9534274289742948,0.7746078382750567,1.2297216085493463,1.3029853022264124,1.4246861291808255,0.9701108248444344,1.0480950415014538,1.914544606515741,1.083664191817605,0.9187611137339738,1.2507683558233724,3.0471051100747606,1.2172968802687358,1.6145570029437026,1.1630438809709582,1.3904223671922344,1.2776068902498487,1.123906232712494,2.340484415493077,1.4588966673956205,1.387571872147301,1.3545866529400938,4.1194924868361005,1.07635256732128,2.3577373417159766,4.279252789879386,1.4367736863471319,1.182185763500816,1.0254794279076342,1.1921350303687215,1.4056822068414414,1.0674294842449914,1.087812391242842,2.2181808463932984,1.3902051593656473,1.1163485484563456,1.7907332930776183,0.9206784123060752,1.6928356614444549,1.5746086244183286,1.5144905049743476,0.9421847825546394,1.591477757643347,4.342735205879456,3.8083087548635777,1.9801345528320446,0.897620956632112,1.8751923463070694,1.4947638070302056,2.321776368524144,6.915347656674586,1.3891948975517039,2.729467942656195,1.3003712735136266,1.5839370900557752,1.9950135376608065,4.141228373530846,2.2906880802160106,1.692855769487559,1.1248172477660268,3.037367751984406
arc_pair_354557,5.121395594539264,1.2459068696068956,1.7970722692679506,1.35287999827348,1.1604850952800305,2.4289365568273062,2.5206184916745045,1.0179256824688874,0.8141765706618196,1.9883238804252956,1.2043149957544306,3.532445159062032,1.2323364218317228,0.7547814486257087,3.6705887404261093,0.9763039261091979,1.5159854909657686,3.9292513401561266,3.08754029599635,2.307934068416417,0.9577331916346836,0.6074778250361021,9.760763154971434,1.675618735592134,0.8996553782709453,1.0723649416565668,1.4866700370625139,3.36599511379279,0.956257548606803,1.1192201851471182,1.6225565419581056,0.8619030204436369,7.420036468336636,7.3964486309792346,1.2135575049018263,0.0,0.8854657191556504,0.8163055989001349,0.7360182958214654,1.3848308767221096,1.0986690047141408,2.4011417140044493,5.0832722064462414,1.2594775468896935,0.9741665506498112,1.4273829928987327,1.113982201518279,1.4962170154439405,1.5153833312085685,0.5993684330329957,1.4414293398857865,10.045885037240694,0.9336414161089301,9.278998563079586,1.1707221783853332,0.8369916095383646,1.8415343420053145,1.7522507454565743,1.9653797412166978,2.2064526310387143,0.6996720653005896,3.4751867313697193,1.5470428659958426,1.4003832442858997,0.994230561285391,0.8726143003750114,1.9612739475581198,0.8611761675248268,1.8145568418136924,0.8487653211722381,1.0148571807459663,7.404907366168893,0.9089874572543317,3.802447173206514,3.6304625006656774,0.9938497269564373,2.597280116730518,1.9394800428404826,0.8929203906242302,3.612436468482401,0.6116513721928152,0.8005776682478816,1.39301797587089,1.3133718816426203,1.7410264900064591,1.4755413677754503,3.4252544774556983,2.261696305692894,1.2611492051359146,0.7956221344902688,1.6656297229488448,1.1557046046900727,1.752306108363541,0.8624589285093325,0.9977431159677463,1.0552041460778807,1.1979682678538914,0.9629632393424794,0.9954475251561885,1.4637374912118788,0.8935577426314052,0.8687638946892453,1.0053773266574515,2.7001478121237534,1.1310120108854,1.5524673073639024,0.9160223556013966,1.217740065906952,1.0068305984396182,1.0640969115038792,2.079626060086078,1.157337810149841,1.5971623769212306,1.1671249675093276,3.874248488287107,0.8660529158665032,1.9583817986097949,3.9518933618297414,1.4018574188381916,0.9276675523260847,1.0639725930190638,0.8265662364627199,1.0835320693726185,0.8502366500439053,0.8976826260714863,1.9563016045360833,1.1400482279422093,0.9581899594447453,1.5435978731484434,0.7766717860233808,1.2786635502617183,1.1337966736404388,1.3683847868275383,0.7259032929685238,1.72090234563579,4.057795750592957,3.1836422817989205,1.7044061653261842,0.7657204548760881,1.4651869665306465,1.186285334977462,1.8367623964512092,6.5870306259627,1.1245764078486593,2.3452061788830596,1.1595538167709907,1.377226567213603,1.9523428094121664,3.956571325877862,1.880881580922603,1.8485285186593847,0.9088071156317197,2.748808330380564
arc_pair_125373,4.657967880362264,1.0732589451104213,1.42463132019815,1.1040978853604886,1.01077878866162,2.35504013185001,2.1320338288998744,0.9320415113893519,0.5256611318316096,1.8005776421567738,0.8070147482186167,3.3819125575135303,0.8660011026331375,0.5715722025560582,3.2832872491616905,0.7059272474610319,1.2249154698062181,3.6218529847952383,2.7327812008204253,1.8514366493046066,0.6762476258011042,0.5064596971148243,9.529863441866883,1.4717313999275685,0.602910392960021,0.5555783164983575,1.5013182071825701,3.0616674372277486,0.7575508050273456,0.7534149507412612,1.7895307517850205,0.5643865053472112,7.334642521649789,7.158607397829196,1.0077249391685055,0.8854657191556504,0.0,0.6734306945491584,0.5380758537275191,1.17585077140109,0.9388216755359666,2.1022650913395933,4.8462062811148625,0.9890129449800235,0.8184679039220707,1.1559334096061606,0.6459513289808225,1.240526559191932,1.1884278360971274,0.5272846384587146,1.0752146785778556,9.455867052537442,0.7343142618703749,8.869299768714084,0.8139769116590415,0.6598595151975788,1.5800177050716726,1.4251621262410707,1.6327035133757977,2.2093849068696305,0.4883052042814086,2.8910645253685243,1.166748624334782,1.392686070309501,0.9090410504791498,0.32784464402081737,1.83669641421099,0.5982157535581949,1.6407862919935443,0.6681180082851115,0.8090198080319282,7.17168183428822,0.7414699282584668,3.5458930422347037,3.212515210623768,1.122137376504163,2.528786013735081,1.657459508385658,0.7908031827936501,3.24354616576645,0.919709476893653,0.5106519491164268,1.1849314314791708,1.1904871359426457,1.2689687529962437,1.1267598135037173,3.3240423853643253,1.9733566598474281,1.1058812226523718,0.5046738264455373,1.62813114119093,0.8797024506090454,1.321686167475327,0.7246155227324225,0.9634210742260847,0.8363316153728799,0.8489989556647688,0.5639824139394234,0.8294661512256996,1.4991672458300371,0.6310332006394557,0.5900287499338885,0.8412370138847427,2.5958446300034375,1.0223806548052135,1.079576670482946,0.6010745255054457,1.0230840820751719,0.8801409310470689,1.0463495078415719,1.88399327887653,1.0878167787848594,1.3618545686426091,1.260342425768037,3.8455448698819743,0.6240610788186669,2.1526176763038922,3.6841042289266825,1.1581356977872894,0.7963483227700827,0.764719445628865,0.5484234051581117,0.901101708911316,0.68414384813067,0.561000035477105,1.781388588338806,0.8915775129091241,0.7572759321561503,1.2740082333967884,0.6840989688979572,0.9811911962611344,1.0199982624436323,1.0004068718138739,0.9719526139424506,1.4094215485020611,3.598753354028327,2.9652913742754166,1.6070023044290311,0.6824272609038851,1.1697828988266796,0.9287902891283265,1.5741747280890162,6.414142584512618,0.9279523686523677,1.9771829387511797,1.074550013424152,0.9895049971850374,1.6829149486025972,3.5421052998059834,1.5320235127391149,1.6912469969213424,0.6762809159778265,2.2731648805482343
arc_pair_214197,4.734471320311816,0.9900322874120729,1.6756104252304698,1.3050357115664677,0.9422038717170541,2.3591284457032384,2.408121858295734,0.8138624952099454,0.41787172564879504,2.0826898475037035,0.7707736781501762,3.3025681500047104,0.69276233498456,0.37931702873784234,3.508831765411765,0.8909134707696912,1.444411257083979,3.7251895507293753,2.8643225484545534,2.398048200353838,0.8667308970118923,0.3459430785355384,9.399272731355985,1.695669002698177,0.5917434647499862,0.8537124762576759,1.5540596332317254,3.0096926146874545,0.8838773084782343,0.7800790814658938,1.263722857582597,0.6937523298545152,7.6405548608923874,7.186253213501309,0.93174985860161,0.8163055989001349,0.6734306945491584,0.0,0.5010096736191451,1.0935840729090496,0.9221157093877979,2.456948476050887,4.968705556372048,1.2168163111171797,0.6597914918705086,1.3183969256494996,0.6868815804325814,1.4859072532102542,1.5324083630107357,0.47513828674105396,1.2490685859615878,9.807321956868407,0.6997295339758072,9.11863581767202,1.0347146965900016,0.5752031155771044,1.4092027492736603,1.746889309359445,1.8900758600559708,2.246175573522312,0.4751948528346356,3.1992432875075734,1.328593892932984,1.142470184898555,0.9770949988225085,0.5757197193929937,1.791321688011481,0.6883754483308697,1.5913294132591274,0.9194339794400109,0.80686352247451,7.081417174018532,0.5967943102124519,3.654484037307883,3.5462816454259993,1.0170670862721878,2.4598209726708804,1.7195527753593405,0.7277956822195558,3.534883266085438,0.8007207409088108,0.7282265132294947,1.1841793058797625,1.2291268432842173,1.5278271994526125,1.4643257389199187,3.4554856679240356,2.1820947010458935,1.1894215359814426,0.5379192233251707,1.576580160063089,0.9499494305943232,1.3991187226208195,0.36140009955720465,0.7694429598740504,1.0053052019650253,1.0101729153586267,0.7206134746775004,1.0355253902601,1.5165388547516898,0.6454643993482714,0.5932503699914222,0.9665204342765813,2.261951035431207,0.7455273714553905,1.3404684296190204,0.6105856635442317,1.0474411097186904,0.6409361649749359,0.9208331830046168,1.8657798864157764,0.9439381798912961,1.374465151274917,0.9546460871433124,3.790605044861376,0.47878967425718105,2.1963104625961534,3.812201405601453,1.2138953114178053,0.7245677862510822,0.8622258691617823,0.7296272965822119,0.9993402364542201,0.4597417702506964,0.930336826438096,2.013843110755987,0.7056887828235978,0.6301238338530505,1.466396256829669,0.5879178020082344,0.8959256445310417,1.225425608302723,1.328246355894263,0.6120016866653114,1.5856673721460797,4.110271246124296,3.177877510914702,1.833146631174265,0.6607000514169421,1.4031625202191407,0.9319594726094313,1.655599011714813,6.208770006293615,1.037898901631917,2.32643471420443,0.9544496666120691,1.0915493558220442,1.6188379130660548,3.8286539948308205,1.810821879894461,1.7683898628638124,0.7765680337911373,2.4836408712176854
arc_pair_137187,4.608707171958363,0.9289317284439618,1.4682615500840615,1.1711641062749107,0.8572186429808397,2.131772510615425,2.3123183176110595,0.8843260622246898,0.5495555685572493,1.723190122191945,0.7924090115936984,3.3326787309308616,0.794308687002913,0.4331022640870231,3.4208283040935923,0.8530736749762294,1.0691815290783826,3.6387403207268685,2.737425190558689,2.019954453183041,0.6360636521569061,0.3590594230162844,9.516305004708821,1.3886082361093728,0.656479042969248,0.7950782690213402,1.3677438408681732,2.935487245459104,0.6405364098976714,0.7132823976139075,1.5084909231250654,0.6974768972182837,7.355231928042409,7.063862568827266,0.9100666407571547,0.7360182958214654,0.5380758537275191,0.5010096736191451,0.0,1.0265732223981103,0.759346880062751,2.151339679431815,4.773592055625953,1.0699920264219975,0.7196599512037456,1.2193382399804067,0.8149146875023755,1.4228918343103927,1.2321862650871291,0.3805950314269202,1.1219923737982331,9.595362777315167,0.6758549414335644,8.914638688331923,0.9265164501415925,0.7037848073367257,1.563959431518108,1.611643942457316,1.768105638986695,1.9714454959006273,0.4482764705057586,2.8856849382415817,1.1954075268506665,1.2339509499528305,0.755527676557979,0.5540601054550098,1.7809893760486633,0.5614948823193783,1.6521726545241486,0.6417562859875496,0.7256661494245013,7.0381828176195755,0.6544046830866982,3.4280723649160745,3.2504433839207607,0.858730493237561,2.340855584338505,1.6114821715365288,0.5754276556887663,3.308648739007815,0.8074771815928949,0.5159631222354362,1.1761985009410278,1.0104445184905972,1.5123212524114358,1.1093607723169943,3.115956760163863,2.1396122008927554,1.123185811780425,0.4735642275282177,1.437258195176052,0.921128465685274,1.2956801810507461,0.44646411362763344,0.8734050344036125,0.8860198919679205,0.882574997370837,0.6844592344388294,0.7480066075267284,1.2518674897437547,0.6387125802401464,0.5359970042760356,0.876830858115459,2.284090941384632,0.8039666594815007,1.225122181837892,0.4818232736325495,1.057406994050735,0.6393181261719665,0.7743943977631589,1.6969736747103503,0.9270877910342555,1.313307285696741,0.8614315271292121,3.5097343677188126,0.48106194254536677,1.9763893197749025,3.692959539978533,0.9758294329912545,0.5975504604161801,0.8056596583102322,0.5633408920685472,0.8742062577337492,0.3648148442350161,0.6687161727081604,1.5473942110216141,0.7311528225899604,0.7622626822680059,1.359554422803878,0.351644048988615,0.8863327216585559,0.8029140093893093,1.0246218152273645,0.637029086497293,1.378239469187949,3.7051684822304187,2.9371108995540185,1.5654818038784255,0.598020968395852,1.1708476343553949,0.8584859770964561,1.4411031726129369,6.195269044238689,0.8241567162764385,2.0841018546736163,0.9353729922838023,1.0113571902288616,1.6333052377073738,3.570046691879472,1.5852896366974538,1.618053964572125,0.6080021116170207,2.2533158726152145
arc_pair_318459,5.17072409940533,1.6345861628872238,2.164169027111166,1.8716794582453735,1.517042170705479,2.7398355604725424,2.729599679167785,1.3583621787224889,1.0813470712075461,2.22964851602932,1.5483947327023673,3.7377621655171938,1.3121000608040123,0.9400796433352285,4.040208198762732,1.3357596208094082,1.9569576864480844,4.106261393226243,3.062945159988231,2.678506445099636,1.3501473194199325,0.9044799361246658,9.686780403907232,2.0004562980662515,1.265251865307835,1.3475229169952399,2.2253167361810817,3.452839591367941,1.403190224848895,1.2048165744454844,1.9757962781539016,1.2852518899334795,7.841497365177666,7.030415973539364,1.5721819122879643,1.3848308767221096,1.17585077140109,1.0935840729090496,1.0265732223981103,0.0,1.3328235829967525,2.708412784824824,5.05065783329473,1.4760133030808198,1.4281348856286749,1.8342113032432932,1.397464670710924,2.1089321427831313,1.8209411011171928,1.1007526866183504,1.6434492624936263,9.787369466142241,1.236338999439647,9.099087313859641,1.5225197347583697,1.0677497379866938,2.094978981013101,2.1750738590890086,2.3879724194589618,2.4228702826440864,0.9951223144071144,3.482514854243687,1.8767158879491288,1.7471429687217719,1.3731157704354118,1.171814324989545,2.2891811206162602,1.307055419344219,2.0281308370871187,1.1472991806161454,1.4962004748670765,7.270526889742007,1.153686639621807,4.081306359402978,3.8202730107725538,1.4723934091631214,2.866224177295775,1.9765069197473673,1.2594660523758154,3.8985896253353767,1.178220386917681,1.2762084422382267,1.5895923263299774,1.5886685516003414,1.9923456142840232,1.7408706183039175,3.9325649914668865,2.7816263929838922,1.6166425720734194,1.159309179950287,2.166082035782004,1.5717444888504728,1.8122143122711316,1.0280756958380082,1.204525331419831,1.612063583417998,1.531497900573303,1.241515880425797,1.5181772168843901,1.8567858542989875,1.1660144975555358,1.112925430301911,1.3901909303262117,2.781340925000806,1.3218219024892761,1.9387543462047443,1.144045268407423,1.7863866086276126,1.2058564714021707,1.2654249308268777,2.107403378732034,1.5914948583444497,1.9963053492532294,1.2974933104492834,4.153094732924506,1.2136975521736657,2.702506911050138,4.003503355235736,1.7338112258052112,1.148986622627737,1.2730728623440855,1.2258562790884107,1.5086249315168794,1.0060452214325428,1.2345124740148898,2.357836830186423,1.3457400404148503,1.32078521679975,1.9554666713004747,1.1169188419760345,1.5227280231572742,1.6581161401637443,1.6420684463911184,1.2062087247997098,1.807641505683513,3.9627832632757025,3.3854318041890177,2.221906602880126,1.2413888765697805,1.7436920972887624,1.473480977088798,2.097984618974905,6.475674276939268,1.5839120674055356,2.719323608190895,1.3787412699212367,1.7378894962120743,2.1897828273461806,4.306031013748563,2.274122598190318,2.272689977661692,1.3015111757319182,3.0538292732091574
arc_pair_396696,4.2723951331339425,1.3979184049822888,1.2521642498969485,1.1916149242289826,1.4115960289006206,2.1319314656437562,2.0678726662526596,1.0665945942631092,0.8941283641513068,1.601921739656892,0.9327468295255884,3.3118019113182493,1.24699883683018,0.9326711530318506,3.2804333604539146,0.932532717010395,0.8730230991479937,3.2724932713787473,2.017398000629316,1.7220837119818722,0.9076808830193046,0.8568280829241931,9.04638903408903,1.642556004738057,1.0741033244570695,1.0389182822070477,1.5953186375228028,2.8190562281372067,0.6488849097243928,0.9115768893863446,1.8208597293935438,0.9677350249115202,6.814124750940111,6.538976441502105,1.1085279162077262,1.0986690047141408,0.9388216755359666,0.9221157093877979,0.759346880062751,1.3328235829967525,0.0,1.859759242766693,4.277176460952588,1.114310526683103,1.1058117618381376,1.5688648805748497,1.0817994114599347,1.3978712925305865,1.1147615250544523,0.7350202141431531,1.076378679051831,8.530304994989523,1.0138440199439727,7.984578930428411,1.2406028690905175,1.0640139140002365,1.7035890765707595,1.5913454306252666,1.6277510294229522,1.9529258861376388,0.8161515075523118,2.403984521137577,1.3959055869200077,1.380371023803169,0.820957413369682,0.9108315879369864,2.0931904619400545,0.8454456499517466,1.7813522855599349,0.845156636549557,0.8450803233285031,6.554841219585725,1.0195788411261923,3.421724244127985,2.54166751858355,1.01405749068132,2.580808292482882,1.5788605774932736,0.78847330570971,2.7654566751914076,0.9706215783540196,0.6437960966075381,1.4803642010609834,1.142710750751289,1.7701431923196065,1.040122377403096,2.8584675075922807,1.8358171068354232,1.322867981254767,0.7695967485467334,1.6215761061956808,0.9971024695160231,1.2024266181898366,0.8324366285978837,1.1171361273987168,1.0733501972697383,1.058981344713908,1.083495035478564,0.7414661331090655,1.118314263452521,0.9953945631597285,0.86312660521933,1.0552885696946508,2.257385430251088,1.0739142843474139,1.2140879574200403,0.809347882157165,1.224325251354107,1.0958118376425157,0.6162816123930521,1.6265533076636514,1.0643881514087252,1.3778831213076832,1.0178959866127062,3.43729373009426,0.7985311795091266,1.9501463839000597,3.166792111521238,1.0383950991158688,0.8963403190475876,1.0081066634109352,0.6925802212971217,1.1764707785272681,0.6558788267176967,0.9768420123172321,1.391464403353867,1.138160195617659,1.0879955504631065,1.3597424155447366,0.7256107751706967,1.0669540056234872,0.9195549259818337,0.9400207925175956,1.025349106767805,1.1221984138555974,3.1461362442254925,2.2759098247592267,1.2781439610372056,0.9275034873251523,1.21234614354446,0.971552923030168,1.5460077885455663,5.679606136177942,1.0235164926192128,1.7806155242934207,1.2864284550917433,1.0804692780049998,1.4074737246137135,3.018184465534574,1.2106774247381478,1.131146189588243,0.7660823251527669,2.4830481612997626
arc_pair_297424,4.433569411956179,2.869424572982731,1.7379622354446675,2.267482127367098,2.7275540128528366,3.317087111085159,2.67627757116856,2.6037255845550624,2.2890823268110316,2.2618137828034124,2.3117766378426796,4.583406634215047,2.7965988146447667,2.2901674112076353,3.2264946243860937,1.7977523244864704,1.9884515721457547,2.1648038157250253,2.269804491775701,1.9941680466570255,1.6948023044095493,2.2658521467858352,9.33481447053969,2.5681959474185145,1.9158799420723125,1.785910291590163,1.9332084930631006,3.603798797710965,2.1163596187192355,1.9934105718301558,2.821302000458237,2.0893089428675142,5.489220831080561,6.768179531482722,2.674424283177341,2.4011417140044493,2.1022650913395933,2.456948476050887,2.151339679431815,2.708412784824824,1.859759242766693,0.0,4.470696909334703,2.362844531291576,2.2684626082183157,2.652277149432563,2.3255094531099876,1.8635264146135457,1.7334077806677928,2.2977608487489873,2.393863898980084,7.630452124599976,2.470098388910964,7.690940688209162,1.4989525815821598,2.440942550805051,2.7320872850101976,1.7446344780048948,1.8663286560372239,1.8192073074412454,2.1634262441242433,2.5229594022540756,2.0080211808381754,2.9681126978350156,1.7575252258013676,2.17444910029473,3.180720080023481,2.212940982387222,2.922038642832992,2.309428445020529,2.234778184634831,7.3389040166373425,2.0375860412035167,3.903132175808776,2.373395389847289,2.5181666889536327,3.624951711169226,2.4954878033948953,2.2451602877862196,1.9448300196062727,2.404952973855318,1.913392127534842,2.734358495730194,2.3147912081558784,1.7317159890681297,1.6344162336509989,3.4332587778123558,2.3545610682024902,1.695317434965532,2.0111761009882656,1.9270931926458807,1.7818395204526993,2.6078603445619066,2.4176683418514147,2.475416245069218,1.7359475594958096,2.2474754416330907,2.2100297144696888,1.8529700988095479,2.036682202226019,2.3044471016475283,1.984038007589783,2.301962986078685,3.1045350771958264,2.2266340789154717,1.501635372713544,2.069360085095362,2.1560657098921756,2.423012354712627,2.1354131873482087,2.953950948446448,1.9475795882944449,2.400051819114442,2.450335565871979,4.313555876291977,2.2308045627949173,2.9821363822926266,3.581371735699662,1.9978240671190148,2.2583631446808785,2.2997194757440607,1.6173142890377954,1.636430888502103,2.2361999192824293,1.9938936118734976,1.804632711084079,2.1535620494656786,2.2726040706848747,1.8513356953146474,2.123870515086434,2.1799186207636927,1.7388719759528042,1.622715970083086,2.3588505930087558,1.7203866245204014,2.775071431969288,2.0976266895396587,1.9871796878381507,2.313493989534867,1.9204787943984385,2.3157736706642105,1.6925232596066924,5.7728524850516525,1.8664901809927366,1.538151411938299,2.6162308580615043,2.645442072085822,2.825989199583245,2.821731718938452,1.4444551292752021,1.8670777610455473,2.006595563961803,2.3866143132606648
arc_pair_221968,4.6246035883075685,5.435578070135243,4.938622854945627,4.192057706827791,5.517976571130936,5.534529128274144,4.31836895817969,5.19456559322262,5.176396133919135,4.30439895382567,4.7797529304034505,5.996811756820668,5.100765540621691,4.986796407161411,5.151024600800069,4.5476040084785785,4.864790694939213,5.61728330117446,3.9194004988329247,4.3349836596096765,4.311319723351254,4.954409127849077,11.100847371915538,4.8527615299783555,5.142367437347473,4.646762384734904,5.120321021370437,5.5337859498614925,4.650882459303439,4.444942094943511,5.274650209275412,5.036257460715779,7.355593909250922,8.376337715799284,5.350371158473152,5.0832722064462414,4.8462062811148625,4.968705556372048,4.773592055625953,5.05065783329473,4.277176460952588,4.470696909334703,0.0,4.829603700745975,4.60854554042213,5.366109235438018,4.616128335807845,4.987890664550851,4.176212424178901,5.023912480816243,4.816407827730979,8.834933465837873,5.049964718591779,9.43227697142604,4.909514176120095,5.095078877805574,4.802612038817012,4.996704493162359,4.973948714945969,4.31948914372951,4.913862357938802,4.373868242759359,4.444835751296283,5.292463983164823,4.714760996895308,4.891104036590801,5.0489473672200225,4.829768907135779,4.976017811471968,4.827222929751458,5.079223687420603,8.644098778755897,4.9527461345444035,6.207976742593293,4.488438347273713,5.128681679805717,6.246201556160622,4.400220523716061,4.832005422945408,5.299987141759367,5.082163619263142,4.830983072033884,5.140273956565171,4.880462769763163,5.200183685583706,4.528736271575507,5.117825310111152,3.912629071444314,5.335033525686179,4.67658472580578,5.145565289970454,4.451977768438125,4.623305370919145,4.949379447667415,4.785586910604316,5.334242606509165,4.985745354778384,5.119197650322333,4.33474141864387,4.479496003221122,4.94632028155428,4.781748938164753,4.882846234327718,4.455209665144951,4.561122539020655,5.096817491345786,4.603091634304019,5.0508994287619435,5.115893525252638,4.02221223879162,4.781771363615678,4.9074953931855365,5.226821714902412,4.664028286586932,6.210935591570154,4.84675696208894,5.103038167154685,4.804198554674576,4.625293807139535,4.73308289425431,4.854600831327035,4.425072171854469,5.101648341806938,4.476817054320398,4.706148009178444,4.252039475293922,4.543452786647734,5.183262466864082,5.313849232806829,4.57454205719499,4.6031960055712,4.837237404063673,3.8370367291263534,4.885787480461234,5.0772286488859955,4.794403335181508,4.371032214635702,4.374139293265904,5.162455639188599,4.68966864517018,4.226494474717207,4.202042212140564,7.226503633964006,4.896807574280588,4.150807215371451,5.120222373980584,5.111855546243984,4.198998713281435,4.802177497049458,3.782192049461609,4.444528520060476,4.619313658382447,5.628268514005973
arc_pair_533513,4.7611682844188765,1.5011194739337106,1.778956689049659,1.4280834888207532,1.5518513650140073,2.4187937047902506,2.1576905700734144,1.23987815940766,1.1582827711518586,1.722110189587637,1.3872808131501788,3.5522145418157276,1.5493337261729603,0.8573882365155377,3.2912795557493935,1.1171533870660437,1.6466427115601232,3.88355114046515,2.4938086703338223,2.007300073727669,1.0323738467455839,0.8702397585231372,9.629857412378339,1.7704111730884982,1.0439253053261446,1.009258640087931,1.8443405761328322,3.094492617209361,1.2087528261353313,0.9574005471094695,1.9626449160672368,0.9423648931736,6.8029323932658725,6.988472433156942,1.329134410378527,1.2594775468896935,0.9890129449800235,1.2168163111171797,1.0699920264219975,1.4760133030808198,1.114310526683103,2.362844531291576,4.829603700745975,0.0,1.4081177119965984,1.6295052608864964,1.062957262506332,1.8448645158521806,1.4992184772257682,0.9100650561635698,1.5546949138575323,9.225840146011949,1.0772098468894686,8.232429071879455,1.3697399793241045,0.968566471748858,2.053490737282,1.9471745637522286,2.290696540997971,2.496615993023841,0.9485089122942658,3.1377185376242047,1.4258280447917642,1.6038961975907489,1.188685161660906,0.9191222519512956,2.185713367610583,1.0963336103047756,1.86857533747465,0.8592712551394917,1.2918663987660732,6.812509346966965,1.1376042681525849,3.6851850074277905,3.139749508056624,1.2538899964541026,2.756907002351762,1.958231261919389,1.1352908121589338,3.478593341931596,1.3090128626784587,1.0550251886327522,1.360649883074802,1.5277384291846468,1.8700538675741947,1.626865881881307,3.1240831264870854,2.257930566075647,1.6107939414719943,1.0747253606649547,2.06522562006814,1.2372670637972876,1.605577931206502,1.0994409311180966,1.024643201481962,1.3613391146991067,1.4132554790764496,1.0461417917455056,0.9861857667871197,1.7916328231034182,0.9264357158580694,0.9856523002444901,0.6888127303986824,2.5517913606504607,1.1285079449578894,1.7240871995579767,1.046074541963091,1.4610082894180896,1.3034520424915845,1.060587476839664,1.9729270425205492,1.5635965047041034,1.6099465943403477,1.4504340438426726,3.8954574178763104,1.065511737712604,2.2326122041508896,3.648918446536042,1.3293919653590844,1.094944592912739,1.11765957597149,1.0060428928605347,1.5177722727133234,1.137028792089717,0.7348322427786373,1.5925232493260018,1.3080475786432713,1.3161567635104938,1.6507387517927818,1.0773494016061127,1.3688690350406256,1.3859919629963573,1.1751965550529,1.1820351440044183,1.569086164317565,3.826353613660185,2.822836916461335,1.6908874723149914,0.9414928503808839,1.492767830099618,1.3358259140684394,1.8417128207379174,6.146133048716691,1.1826534806920634,2.0482174368803463,1.6038736158867455,1.4135733914382347,1.8077890016626434,3.787171958216654,1.6754656334951616,1.7653227454946416,1.0804332106214989,2.823454867076689
arc_pair_518993,4.270328585640679,1.2319897828951805,1.601524028347092,0.9511885059787267,1.3813524529282897,2.4821336640949734,2.039945940143596,1.1138689563557913,0.7596979150788675,2.1155139390446243,1.004873592240604,3.3548321982269753,0.9981370818336897,0.8004635834581382,3.321973408422885,0.8669523196451447,1.469171110386675,3.484598515765708,2.808991579498125,2.238691600665345,0.8441648165683561,0.6193606638103796,9.519997421388174,1.7671767353171877,0.8127149174259276,0.9832352980935988,1.5158285247664718,3.092058731550204,1.1330307393039385,1.070494046049986,1.5856676247310484,0.9459892780761459,7.524634795641171,7.360764475833557,1.355999213226541,0.9741665506498112,0.8184679039220707,0.6597914918705086,0.7196599512037456,1.4281348856286749,1.1058117618381376,2.2684626082183157,4.60854554042213,1.4081177119965984,0.0,1.4249315709534291,0.9903682447823511,1.476847985277461,1.5159461474692606,0.7313281937993209,1.358901973326938,9.519327402756565,0.966050047086757,9.257914393115048,1.0557483353326993,0.7607569688807819,1.5280314887446473,1.7553446303024653,1.800039156029168,2.384328497964485,0.7522525920000855,3.0571696192164994,1.206862489885998,1.3138040064070684,0.9882314068996142,0.6693308436991519,1.9808104202765442,0.9555980617073915,1.8039948107701176,1.061753195452504,1.0867765885443936,7.268736393820231,0.8531160605772988,3.6463903728195297,3.4060170933036003,1.2460736207420489,2.635766146877334,1.7545093737883617,1.007859675915304,3.2450583809211166,1.143031777252679,0.8333817129483119,1.5402008782116785,1.3324483560075895,1.4112192236647796,1.344454083673748,3.3476665795294327,1.5746273531642463,1.174962804586821,0.7761011771961441,1.4793295538475593,1.0018079898909222,1.5658360524178652,0.7777770952689518,1.0133228464793633,1.1360078527716635,1.112199417614554,0.9186428002836373,1.1011270912982734,1.4369271640982426,0.9510074045755895,0.8973327634508751,1.0795003996951178,2.267425630024319,1.046617261236089,1.3487582162731933,0.8249365780808083,1.0305406990715185,0.9512634942332855,1.18320453013878,1.9821289016928847,0.9215960812529473,1.6158817553530151,1.1477467361621052,3.905867221912502,0.8758012931183571,2.3965200996145364,3.850905737629845,1.2959418952437967,0.876219626274189,1.1711636454269192,0.7530382733215415,0.8330549107361831,0.724050721620623,1.0967995582201588,1.913083234071897,0.9834108952712948,0.9412851061423975,1.4947188976062322,0.8092883975268828,1.0477101255703865,1.214511892088248,1.3909394577907834,0.995190575592564,1.6300796074754333,3.9941921441305417,2.764216572554607,1.8683806598067487,0.8037618310913901,1.409857772525734,0.9753815333856801,1.5420805054741091,6.427616872342859,1.080558383908264,2.144765909978619,1.2279573762994804,1.3150809397113659,1.8458184553047225,3.62641597870736,1.7536610479870431,1.8206327200488504,0.5783277436913332,2.1863219215490277
arc_pair_162671,5.4110615716147485,1.7019480064054782,1.9316798414901508,1.6763730999934487,1.6617234202865776,2.8451086824799066,2.69560549190646,1.5139817888761666,1.137891284716399,2.3365638013870855,1.3043812022001204,3.854468161860673,1.455008976168536,1.0759557456363587,3.8112067099931606,1.3576529230471872,1.9826641226887278,4.162188993520221,3.272836286730694,2.3874431509947693,1.229513763931258,1.0240664951163991,10.23933895816658,2.1088989324312077,1.0806375778738155,1.2686432764162214,1.9301568007132412,3.7527712982239945,1.4196721590211983,1.3145834914276615,2.0793295308425126,1.2338132773765156,7.4671471657126816,7.753500993418897,1.682401106690115,1.4273829928987327,1.1559334096061606,1.3183969256494996,1.2193382399804067,1.8342113032432932,1.5688648805748497,2.652277149432563,5.366109235438018,1.6295052608864964,1.4249315709534291,0.0,1.3310484234563233,1.7905918245391883,1.6731525177512543,1.1003236538199543,1.8302548573875042,10.260019110576536,1.3692328095351582,9.396924938081261,1.3751517239517081,1.1690162914250128,2.2246833638339476,1.8181353600185755,2.065543978457816,2.6414329593709898,1.0893991855916778,3.6156185695068768,1.6523475088319803,1.923266855695121,1.4800440071715375,1.0817503710076,2.373177579647578,1.2847830060166516,2.223464198576653,1.2561960708502662,1.4717975957403548,7.878062062164656,1.1419138755622804,4.370470653495876,3.6186078094579246,1.639206315865438,3.111708950745987,2.1979183567039704,1.370451814370412,3.700071900949907,1.4483486404718333,1.2185947307541318,1.898039099470274,1.706453498451872,1.807098308367022,1.798422631149461,3.6547310896567917,2.6149479231123824,1.5054078659652252,1.218997320022667,1.9403325603861428,1.436061288885224,2.0211969953197015,1.4438588286477148,1.3581395935686151,1.5069117470530795,1.30746045724404,1.042461164183683,1.392410253197196,2.0639209135198673,1.3824980491479266,1.1923635462815627,1.3584233327443025,3.16217623195315,1.4759842013125055,1.6087456427677602,1.2918437031537948,1.599621770833033,1.4539114404504465,1.556329031808122,2.5120314750231363,1.4743092478319932,1.6963820232047013,1.8753694164597996,4.314334950566797,1.2575567683551887,2.8015661658589495,4.156833605689924,1.7752756260991343,1.302445300663808,1.3494122134023692,1.1477338376478552,1.4754806669451592,1.0852448810736122,1.2349749831740127,2.239936358223212,1.5246579051185967,1.3215280179027549,1.7294312327823549,1.1823735209977027,1.5401748729483786,1.6513451744881467,1.6016020817659915,1.5099373392883724,1.8512735008864347,4.305419064014556,3.5984995779976674,2.1950490111186167,1.2846782386467166,1.7139980825723435,1.4604484513567804,1.938773460703719,7.084791769961914,1.6172548820241883,2.3721216842598407,1.6658067415633,1.858413091366049,2.33592316263427,4.155411544227934,2.2899730305301107,2.246881579284003,1.2790702232463422,2.8237559676120796
arc_pair_320762,4.388244150854842,1.273136832912462,1.6390049551908945,1.1963244899472438,1.2571696797866312,2.365154538340542,1.9062260431694322,1.0634375832423189,0.7938701144509059,1.7167161399300337,1.0749841660926878,3.421288281769334,0.9387601860339094,0.5733692485298483,3.2325298408402916,0.9024627516342001,1.598366065079367,3.560554012824136,2.425956478640603,1.8446612721102866,0.8484578883703959,0.6325766983498249,9.209345920655688,1.6777881234108531,0.7437731632819772,0.8497404729104878,1.5833618161998295,2.7210960563128244,1.0934772585814019,0.7763861360347771,1.5084557202901303,0.7262075856639801,7.005183336822987,6.856187661220393,1.2730750504062551,1.113982201518279,0.6459513289808225,0.6868815804325814,0.8149146875023755,1.397464670710924,1.0817994114599347,2.3255094531099876,4.616128335807845,1.062957262506332,0.9903682447823511,1.3310484234563233,0.0,1.519191697348869,1.305867097013321,0.7246586414164717,1.2493562945287706,9.082295977044375,0.8773338184556875,8.429323771453598,1.1677700158634785,0.7163255369076751,1.6623005939193625,1.6108316179321602,1.8430673864639389,2.368022533588457,0.7323455531794132,2.774226812598027,1.1361978540849553,1.2783587919254185,1.2369822512646755,0.6370638590548292,1.9817577916541318,0.8569191141227895,1.7706681023987003,0.9983435069538642,1.0463598058246988,6.915922382862382,0.7905870484028681,3.668521440809858,3.141145057512767,1.3026285312851804,2.6425175023000973,1.6640776223900464,0.8743446898766187,3.3931691872116025,1.111064198338505,0.9331765617124335,1.39250951862107,1.5029600809245414,1.419503606766297,1.3791376239650925,2.8453803537298596,1.8923904048029117,1.4617165392006104,0.7741585344993591,1.5796957751522849,0.9501056939146202,1.3290795505602753,0.8041121195766965,0.9884856581478325,1.221270780996027,1.1403830592271391,0.7886514109900148,1.0430644699932092,1.799467750909167,0.7424123467646389,0.7434659910579484,0.8327533569023686,2.293361109820365,0.9539665079945013,1.3344069580405606,0.6850701966861344,1.227938161479617,1.032528301509938,1.1166241406871975,1.797639636740436,1.2050118578438065,1.5386920222756366,1.319620926881851,3.827271547914733,0.6515413991798844,2.2193113733368572,3.568290595397757,1.2109637940307176,0.9313742501649943,0.9336831736172662,0.8890403788928523,1.1995443567720896,0.8068484319468792,0.7009371014955854,1.715798152068598,0.8672867527776909,0.9614074529002425,1.4178261890128177,0.8267217309571901,0.9534255919156054,1.3878403821185799,1.0441924096437534,1.0332338746177152,1.5801900737388364,3.677731705115461,2.784820177277079,1.767037946789122,0.8294660636625533,1.2636455522114796,0.7890323005629912,1.65987490255173,5.98820768986441,1.1450902217904328,1.962974532631512,1.2194940193206063,1.1116106109175745,1.5740992252609254,3.6143402311669357,1.4446355924687801,1.804187971028386,0.9549240951500478,2.2751913308312526
arc_pair_237648,5.14511642504357,2.0981083275176515,1.1365443711794687,1.8331442418810955,1.7023035460719336,3.179645257341811,2.906667367224016,1.8343447156666095,1.3199580350192257,2.2091266531698586,1.5893658891493838,4.245318690918284,1.9043614744425528,1.4279901498573122,3.805527986145002,1.2612673373454326,1.484272994929134,3.2165238337866064,2.892722191556502,1.839741691160385,1.1673853940248007,1.3917341610088731,10.12035371048619,2.293517593624749,1.0137886493884232,1.2195888621732738,1.3160672376630735,3.892417015672049,1.4123469790307088,1.4205012742050152,2.36657552589331,1.2841100976124413,7.446155790652265,7.557022840490435,1.8875330326149466,1.4962170154439405,1.240526559191932,1.4859072532102542,1.4228918343103927,2.1089321427831313,1.3978712925305865,1.8635264146135457,4.987890664550851,1.8448645158521806,1.476847985277461,1.7905918245391883,1.519191697348869,0.0,1.7111312240333056,1.4665345252106214,1.6322016638371724,9.66336431204913,1.658329643792702,9.127682315035129,0.6851257345249631,1.609660232284377,2.0853808440738506,0.8925907109970166,0.7265421784514511,2.220409177865492,1.3435262343369245,3.1283743321349506,1.6607636449221392,2.0887297921657364,1.4637308324976248,1.2298526974417883,2.670357812339862,1.3370148391092131,2.165854800503385,1.5748497393678567,1.3414808955900868,7.8860062543506055,1.2652070007611336,4.254354948729299,3.4978354697935945,1.8825324035489803,3.352889468109411,2.4109227283057537,1.5358100675447441,2.173700309007333,1.3940803983046803,0.9967479417690077,1.7339855847279213,1.7809571511331823,1.1940250935388415,1.2798742589847798,3.4140494325399384,2.2655644105134236,0.8485886562375613,1.2992341600921573,1.187189314699976,1.3550973496969845,2.051712944894257,1.727300956265172,1.9403157495094532,0.9929095291058229,1.4099932083991573,1.4444859767241183,1.3969133873015953,1.9569338436646608,1.5670746965442763,1.3187128258698952,1.7819318156795965,3.318257895231206,1.7637682067365692,0.9291084998910859,1.5096745459534606,1.6450461435611046,1.690673158601359,1.740925661582303,2.7584634289259577,1.2009644279853013,1.543097062755094,1.9312547327148801,4.425176248355067,1.4351056389969794,2.9078961014517994,4.2938066005360245,1.7497548100670723,1.6017411296730284,1.5888270823086805,0.9705840079830477,0.9787067117691939,1.409380979710879,1.3459168855618644,2.3060361181408435,1.9233597306072863,1.3154265232641706,1.2404013743965978,1.5157616775243068,1.4155903202202755,1.115486392752637,1.5464011857776323,1.6658082755644532,1.7951152808131539,3.930188245818035,3.2376053166430445,2.0277445583302565,1.5641395926329866,1.676877549493508,1.6051179583422095,1.7939633074411843,6.889474768919567,1.5347037962120762,2.1052098438150173,1.8401526203114595,1.813486576743277,2.30675369655168,3.6816007800886985,1.6462208762839134,1.8400671921794816,1.4413074809149609,2.1306982099074103
arc_pair_59906,4.323240400517176,1.8548068006305036,1.7199755612070673,1.3952760920351475,1.843835704075963,2.499113130122625,2.162115299054743,1.5052714338228657,1.3293948136608338,1.7050377767320237,1.5404625763816293,3.7417204415882024,1.753681031852889,1.3038401290596453,3.211259769133908,1.1395922224659867,1.4836805369430006,3.2841274064037713,2.3032900620087258,1.5289309905432584,1.0476733043195023,1.248870347215255,9.385073741262614,1.8346387043052053,1.2730915547693462,1.1755138086639534,1.6541654262284187,2.988178859085163,1.193450912865838,1.2361779190462048,2.18398586826813,1.2514229056867103,6.583231417737255,6.599642253048063,1.6333924366194734,1.5153833312085685,1.1884278360971274,1.5324083630107357,1.2321862650871291,1.8209411011171928,1.1147615250544523,1.7334077806677928,4.176212424178901,1.4992184772257682,1.5159461474692606,1.6731525177512543,1.305867097013321,1.7111312240333056,0.0,1.1784757578995375,1.5752277069517473,8.602382031986963,1.2700327708297927,8.423008930831026,1.4244438370101813,1.3824691619248783,2.0560376354193775,1.5257095159646055,1.7906492183643663,2.2738867958682896,1.1371336932155245,2.5220539651767835,1.4319274398888733,1.913620436721046,1.2535336614651942,1.2266520027352954,2.320402898682933,1.211968074248598,2.0571808465560864,1.1722064451559238,1.3788431248459732,7.0277566597630035,1.4191781737935427,3.9141150331147196,2.66947520406965,1.6054728124713626,3.0243601038839723,1.6977319674009719,1.2820947051995137,2.8251255700279456,1.5017920140927608,1.087637371215068,1.9497500843665756,1.5205447968505816,1.8818257146378494,1.2869152453218797,2.9788864450264683,1.8516081019474067,1.553907314408416,1.185957564283232,1.6526767962830484,1.2095472209669174,1.6835858107435797,1.4748189803979557,1.5604778627387146,1.448667352351703,1.2664468984265127,1.3214657536762728,1.2047706820532604,1.4960851719197703,1.3988448558911135,1.1398369041095178,1.353077656677856,2.5377248818220313,1.500712662455849,1.3358573081005787,1.1561100773574156,1.5652188841810626,1.603489471747789,1.3224499397808667,2.095764742162389,1.4915069146803694,1.707156600402942,1.7162735447481572,3.7907770125949742,1.3086548465309629,2.3666555775906053,3.4129941292601025,1.3916934111700154,1.285188041518551,1.2568003113997068,0.9900772309506684,1.5297595569502822,1.2180246650694282,1.1263429866633752,1.538731683047022,1.4677049713415835,1.4487516859144554,1.564010040242389,1.0487595112334478,1.4409836723124083,1.4215175272020018,1.0295829098733222,1.5969136402660145,1.5114260404568491,3.2443979637591553,2.442437489522584,1.577523516722342,1.2917858258043622,1.2759914916138286,1.1490891811385153,1.5190351344940285,5.694320324887586,1.3000802963698408,1.5938184073339214,1.5911151183245296,1.688469214510801,1.9085807105328123,3.1637354757617207,1.3876336854671028,1.550091553118988,1.23028552784753,2.3733436906337797
arc_pair_328108,4.910678577099582,0.8088988057090124,1.4902720729641665,1.067347860088892,0.8029177367688403,2.0293349682053274,2.322255198369407,0.5492819379521159,0.4249237673984488,1.8534609952326326,0.8739552644999571,3.2300569035712243,0.8934696732921951,0.4346306809041499,3.477410952880001,0.6691298236110992,1.1609394101017845,3.7898866547705676,2.9335065913057656,2.1354919972636663,0.6777115832145764,0.25818937372687567,9.595936781807927,1.3620888715418984,0.48424603803369026,0.8278914091084636,1.293241002210401,3.122273662705633,0.46417096501044036,0.808430071889569,1.3898323083582744,0.4550412397006568,7.605846961381125,7.1568271683950595,0.7042261033307371,0.5993684330329957,0.5272846384587146,0.47513828674105396,0.3805950314269202,1.1007526866183504,0.7350202141431531,2.2977608487489873,5.023912480816243,0.9100650561635698,0.7313281937993209,1.1003236538199543,0.7246586414164717,1.4665345252106214,1.1784757578995375,0.0,1.1836296615982886,9.885282538308365,0.5169339406448619,9.105663073538183,0.9988579784244495,0.5565421729348945,1.6368646157323559,1.5368626755551151,1.8317823687930037,2.3770641325662174,0.2483845347088101,3.269292150993091,1.3639373752572899,1.054997063606363,0.744975661274147,0.5019728074677893,1.649157748063903,0.47675799254003026,1.630323168516187,0.44936301636890574,0.562255474488937,7.197401074886314,0.6560925850211969,3.5715566056765446,3.303179296060496,0.7102749782739283,2.1914175047482534,1.810772527866782,0.4966566167266942,3.49049117237423,0.6929680002720973,0.422260642041345,1.0244410690757744,1.085557833085017,1.6520634909447711,1.2613633090716414,3.379663053089364,2.1066212839328844,1.0945169150331724,0.46989180719183854,1.5269499898334424,0.8510264292688839,1.4443990139326552,0.49229758204770857,0.7945378916525092,0.6622114736343954,0.8305911636160896,0.520863120306344,0.7595565446959012,1.2903268903697216,0.561536323864817,0.37070630737826016,0.7032684859138691,2.481057211177645,0.8333626799213159,1.1629116180127208,0.6006976811842367,0.9684749809033051,0.739934662719641,0.7640251379292673,1.7384809513845416,0.9536779428833769,1.1215058230187238,0.9154754979482829,3.5749639812618033,0.47271421577189604,1.7110599458084736,3.768214116058714,1.0799536627903419,0.6306093894456731,0.5127318493716115,0.6485485693682576,0.9290229286826912,0.5483080789868432,0.5601452318193902,1.6642155027798275,0.89440732846787,0.5688746181426937,1.2347400499609054,0.36486569257228774,1.1125765851093528,0.9632771749448691,1.051748167397768,0.6603761516332112,1.3340850180696664,3.999133680065892,3.0896417733295656,1.5514200717858886,0.3224687152927679,1.2494168249465498,0.8174679508106334,1.7713758090139704,6.487174707751884,0.6873249879539934,2.2067596100654563,0.7469718822685462,1.0414327962626382,1.6608743950963625,3.7810659233436565,1.7759627496137373,1.5224790047521632,0.5582173256223187,2.4506665612657352
arc_pair_361537,4.692815513924314,1.7558131206831673,1.927261097402681,1.7249240819985951,1.6445171868134205,2.620294386210645,2.407252354625224,1.5455723270870383,1.1494389249184433,2.0345487409763576,1.2917309092452578,3.7490678234515444,1.4358710441042295,1.1736833441020398,3.7172009221462257,1.154730280417228,1.2515819734864264,3.7976156301405743,2.612946869097329,1.941907461265445,1.301347884307885,1.1042077505976098,9.58508450572108,1.94623103937756,1.419826878070598,1.321261603160453,2.1295325722862115,3.2492362305310047,1.2653266004043635,1.2387117528748988,2.3652109709957676,1.339752939924031,7.297091986615069,7.022692787544776,1.6939582876892714,1.4414293398857865,1.0752146785778556,1.2490685859615878,1.1219923737982331,1.6434492624936263,1.076378679051831,2.393863898980084,4.816407827730979,1.5546949138575323,1.358901973326938,1.8302548573875042,1.2493562945287706,1.6322016638371724,1.5752277069517473,1.1836296615982886,0.0,9.250121424305922,1.3164117424362265,8.479186356502323,1.5174951784877293,1.3226170082778772,2.08131907677451,1.9012299062203821,1.8917292906455891,2.4206000019323946,1.07804057057084,2.9668340956178696,1.6670354178282807,1.7899379186042645,1.3628412447443892,1.0709732119464552,2.3689173703871518,1.1517166811942305,1.9743666919533862,1.3034313647791915,1.2686332421430155,7.303803745031593,1.3905426611422353,3.887450229969502,3.197541097872648,1.5866714256899075,2.9053337176843512,1.8624434403394816,1.221219327310744,3.265564736606141,1.464542169515593,1.054929379584228,1.700505206974571,1.5138750511268502,1.9430967318482892,1.5013357958296745,3.5528806134136524,2.1950575483805377,1.627612981298273,1.0745511968392876,1.837620925251562,1.4063220166376644,1.5396931579521653,1.2285408806465563,1.617436299298989,1.5497606703025153,1.221090877154448,1.2713031706588311,1.3472033685557128,1.701714727725233,1.2021782240655883,1.2133318254901393,1.5868651110487975,2.8199413621135205,1.3934889423901684,1.6027526731136235,1.1144495055485755,1.6597536375904753,1.1609487333473272,1.33726408065042,2.2063595685013,1.5671664563028798,1.7099544081810043,1.698552768740123,4.016015819749227,1.1520844519623035,2.498142968987069,3.8329291932263985,1.4967797719901395,1.1936936787585066,1.3295349994776322,0.9454912908263986,1.4569717470014385,1.0654884257682098,1.3069212120333529,2.115993695046693,1.5006572683324153,1.3744414632846287,1.7879728159984554,1.1768724582880847,1.3397374750699562,1.443814804974786,1.379928480795804,1.4911964879450836,1.835006888894542,3.702769870703051,2.951616566297894,1.4983839395031833,1.3827352203836811,1.1297221527688397,1.3545046144526662,1.8461550355745615,6.2764932125638495,1.3756024517121073,2.2576125061166663,1.5729427480486127,1.429584815287443,2.0385421314721546,3.5919919042067305,1.585277027559197,1.7742959423967455,1.170356598890487,2.7782784826757263
arc_pair_430587,8.588100859997157,10.072024427072158,9.218344879035296,9.063234459044988,10.28007593036422,9.534925935477466,8.323638213270849,10.010340534478082,9.827625071226644,8.12456661303656,9.453535604365882,10.84581437674574,9.845872823128214,9.7022654151523,8.35173045363866,9.027601529866816,9.035129760716757,8.648653239498863,6.963932595834221,8.373160443871653,8.838888850643501,9.783458435446024,12.53688569819777,9.340694073585338,9.740765057619337,9.160244604781454,9.503159450827088,8.336445396958393,9.11250188282988,9.189235437027822,10.00800495373867,9.49985179201468,8.869338017645623,10.706243002076018,10.337184857570763,10.045885037240694,9.455867052537442,9.807321956868407,9.595362777315167,9.787369466142241,8.530304994989523,7.630452124599976,8.834933465837873,9.225840146011949,9.519327402756565,10.260019110576536,9.082295977044375,9.66336431204913,8.602382031986963,9.885282538308365,9.250121424305922,0.0,9.855024799065985,10.62825800366282,9.437335609480703,9.788704258704291,9.626112744387981,9.45776885194563,9.45775948789302,7.834089949580823,9.562460514433763,7.556190739209841,8.71487685912692,9.87791596669156,9.093144113110792,9.488734959731177,10.210805285440108,9.477064987870769,9.780863514888235,9.535096156705366,9.542169130969173,10.973780045154939,9.809090657207637,9.49278147577026,6.685976954537756,9.939517883201827,10.69762843365294,8.883897676352838,9.320066904665806,9.072016605827654,9.907486697590663,9.534883756747789,9.839033591927258,9.491630697070896,9.450246404149956,9.0293729759019,8.847846424548434,8.223104770109732,9.88550989778986,9.35475348076371,9.603030334545844,8.702187246255031,8.997023023199818,9.807949312408976,9.562512127925558,9.722794294242357,9.319980237370082,9.715752953535775,8.962959621327213,8.602592558591391,9.720133066048126,9.36472871822327,9.34287438476967,8.944219207915284,9.392101525424689,9.320270315031118,9.262302407297328,9.270278216053073,9.606391436909242,8.648755803658842,8.990949671318257,9.405224798723786,9.90709575280772,9.274438136690758,10.634255902553349,9.356624226604836,8.968305573722283,8.533108425319657,9.36213626255307,9.213016080936114,9.661711708323189,8.889976914606507,9.481201249333768,9.360484885145937,9.329891583891847,8.200424512064975,9.132033046479041,9.810139499471852,9.469893607124384,9.42051233803897,9.005320031729902,9.325473146974703,8.291844938694226,9.79151532822756,9.499731040569912,7.441483684287401,6.83534345832713,8.234702941391161,9.790219127906878,8.92719641387858,9.199380435496714,8.450444430377264,9.529148637417734,9.13989858214351,7.835680184333217,10.07444134028168,9.33406029754848,8.880136925834913,8.078003582439388,7.471626731930564,8.524769213932595,9.215873900955259,9.520355042125813
arc_pair_348676,5.002367939104962,1.1639469032248133,1.6850459852681754,1.4121014022604206,1.1190284965311177,2.3468309731866577,2.487901734168931,0.8129985552899056,0.6806443527715442,2.060835310574894,1.1312749544089733,3.413117682319019,1.0761601273947816,0.5685772992291134,3.6718818191931084,0.9326939759706215,1.5210698049198697,3.8759246991496408,2.9519136181003134,2.3627007721473112,0.9796427286163324,0.5652044665701437,9.771223590904526,1.6400165603423367,0.7331228975833501,0.7976896696985026,1.76364222535663,3.344228264126859,0.9550923150388979,0.9379754493629051,1.4351571827099183,0.6121695368280613,7.764355001342319,7.324860213289197,0.9292617357644908,0.9336414161089301,0.7343142618703749,0.6997295339758072,0.6758549414335644,1.236338999439647,1.0138440199439727,2.470098388910964,5.049964718591779,1.0772098468894686,0.966050047086757,1.3692328095351582,0.8773338184556875,1.658329643792702,1.2700327708297927,0.5169339406448619,1.3164117424362265,9.855024799065985,0.0,9.0669787090976,1.1862229617887967,0.7270874342117606,1.9015045920450397,1.861668822591459,2.064418955531233,2.50262641669437,0.5915648466708746,3.3988796454513004,1.4262451241603702,1.2502104064751542,0.9043962599524393,0.6454022702793953,1.839480949619082,0.7321913937711428,1.7221866565016457,0.8091139019938993,0.9658050703966433,7.2097109745890755,0.7605147908976377,3.7585287427823144,3.5596705279855554,0.9581971427221952,2.5041682894636454,1.9917451351919535,0.8219598008967509,3.605966715886023,0.9365101186338843,0.7744685945484284,1.2658838413102262,1.2720697373231744,1.712055018101957,1.4802950649191176,3.4937347061304083,2.3286138582284295,1.2740915417590135,0.7540104806096504,1.8298811438299298,1.1950565238016169,1.6029957912671868,0.6077704962968804,0.8632672729714985,1.0747066488679182,1.0270477944466763,0.7293677595298775,1.0060061116782135,1.6443228896768987,0.8440842569565296,0.7125789361828342,0.9509582165308806,2.694324196876765,1.0042172706356947,1.4945420266926637,0.7989688311840675,1.187683469690673,0.8734693318915432,1.0213539733759767,1.9971956724165876,1.2632178747098273,1.3971998542128505,1.1931326884899516,3.8617435452989266,0.7838764873215098,2.197680412798062,3.9317582917158136,1.2471562784340646,0.895945950317893,0.8573513420336278,0.8789194436732317,1.1019319450251717,0.7867518514651645,0.7434733267488172,1.967278479298225,1.0314649424009996,0.8820173127049304,1.5443218246219503,0.7672795460697908,1.1973432876629275,1.296131161812434,1.2792268501262352,0.7859798899286001,1.5036714195787368,4.152283086829322,3.268624519753169,1.6898401544643522,0.7177019350604327,1.3848036356616582,1.2234230262468115,1.868667703847101,6.268468745571886,1.1199948071392793,2.37456145660724,1.020134430962886,1.2528654074915788,1.8393710639174778,4.025379083523111,1.9013356882990804,1.9078800247284704,0.8558682231783705,2.5683150075277874
arc_pair_424842,9.02219245828623,9.454075915367694,8.931216178559007,8.88277182968701,9.596616326337742,9.002373393372755,7.970433073755255,9.517951120787442,9.06762528043218,7.73489077290648,8.770454432277793,10.26708185136123,9.191784461974567,8.870357049321067,9.026096159641043,8.557609663365191,8.334814292298622,8.957429571535105,6.8552755125582205,7.592600984709604,8.684209985940933,9.030194035585591,13.624363421571797,9.0536504617337,9.093754503789675,8.669995297682428,9.319093570409516,8.823231202771161,8.509967687785908,8.529677802067674,9.590032490940171,8.87943408026538,8.78602483310603,10.970682090474426,9.430233133683881,9.278998563079586,8.869299768714084,9.11863581767202,8.914638688331923,9.099087313859641,7.984578930428411,7.690940688209162,9.43227697142604,8.232429071879455,9.257914393115048,9.396924938081261,8.429323771453598,9.127682315035129,8.423008930831026,9.105663073538183,8.479186356502323,10.62825800366282,9.0669787090976,0.0,9.038000096797886,9.14392196759682,9.387933857942764,9.1517114600375,9.166755852581762,7.601589250714355,8.984469666116993,7.404689341312118,8.245654582829033,9.347689498133679,8.617017361166393,8.755993604938944,9.624814185584501,8.875578269216799,9.456721067953307,8.840185445832883,8.742402460171219,11.133191437530146,9.03100616155423,9.189773923750028,7.24557345184753,8.817309100356375,10.098545614474613,8.135174919423102,8.749172511985458,8.936969438288253,9.466591473751402,8.722631611361837,9.42443310896782,8.920810248477261,9.068283897242736,8.798148362185245,8.791408518195524,8.180801208674175,9.297137176612592,8.729484248431715,9.382607294355205,8.21991018675551,8.403631237258857,8.929513852074043,8.915923841440645,8.958407096745214,8.653110291846778,8.930821304459622,8.333244198318178,8.47607027699806,9.077038687806748,8.890821175928165,8.831248299844699,8.879689526712912,8.791770435497403,8.993758290328943,8.544411367664301,8.738211543813254,8.735279566383998,8.04208996835676,8.60264568814507,9.139127005736533,9.064979610709972,8.878977298018732,9.819852285792114,8.611737317014557,8.731860361129922,7.813051577285355,8.597610614776174,8.710975225914094,8.884300624511145,8.292561843324975,8.90200158040258,8.797960326439023,8.659210295306831,7.865591354480056,8.571824962233663,9.061135082701233,8.928722182953932,8.973816249279286,8.508906751704338,8.712928832606384,7.915264269748423,9.177500525155297,8.910920420066645,7.672564707626687,6.694268327192627,7.919948999903098,9.094964557521136,8.285708611625935,8.855697980803448,7.934757164172139,9.09761680864694,8.54169178064379,7.631951263217822,9.585078888488354,9.135211810839388,8.634738700928631,7.774053275540716,7.2745496424057405,7.622161753882311,8.612513976496615,9.619790430221563
arc_pair_504857,4.83134195418047,1.6272851993056094,1.0035409989044468,1.3203213757124375,1.3336223294021305,2.8029085321501492,2.4115989620116522,1.2960737829117315,0.8817450994354062,2.016227246850545,1.2719447820681937,3.7148441743362133,1.2735010455034208,0.9499129199223174,3.4773158060261826,0.9877458127979224,1.6022722288992326,2.97585505496141,2.7995313368239034,2.032658715646407,0.714227394615851,0.8132052402224951,9.82981156759455,1.8236420395617121,0.5702086299415727,0.8364008457425249,1.191112716393792,3.37318366209842,1.2168785098261652,0.830467135211333,1.6809124687614543,0.8674580082981177,7.205493770695112,7.29856173763507,1.4261729995466212,1.1707221783853332,0.8139769116590415,1.0347146965900016,0.9265164501415925,1.5225197347583697,1.2406028690905175,1.4989525815821598,4.909514176120095,1.3697399793241045,1.0557483353326993,1.3751517239517081,1.1677700158634785,0.6851257345249631,1.4244438370101813,0.9988579784244495,1.5174951784877293,9.437335609480703,1.1862229617887967,9.038000096797886,0.0,0.9908628133706913,1.7416422847833597,0.9274369188825583,1.1063421268615068,1.9756182520549381,0.9451390267247074,3.045349307810858,1.3609759394853727,1.6109860239613882,0.9734417336120054,0.8273870961296629,2.1843058791601306,1.0457724858275201,1.9234798722278585,1.0665477344354979,1.119012984730997,7.342839025276431,0.767001778638366,3.720181358815166,3.458372762800293,1.5240686228836524,2.900823097256496,2.082859295226185,1.0580421115117697,2.486232072504775,1.0613403160143917,0.8453628060199292,1.4352524905337898,1.3592768465601366,0.649518635648404,0.983727201300237,3.316995578505174,2.154751481434663,0.731400108395303,0.8726227482584252,1.2073502902301947,0.9909416061118297,1.8133092589860023,1.1213427967255367,1.2007828720137907,0.6870254037469001,1.2349137580184588,0.9296950172832052,0.9720417223616679,1.6001581236073337,1.055128485410602,0.8380595138001795,1.0836002722015543,2.8213524315343252,1.0315989283940468,0.8247378646300252,1.0848986350527567,1.3091901427848953,1.2169122744246412,1.3071597290656127,2.279274528798091,0.8323546061432252,1.559923394324362,1.4755532969756189,4.0860227760541195,1.1153982590332414,2.5660651478411434,3.938348247352187,1.3738482972104729,1.151066480722508,1.2317673450413156,0.7659976211391162,0.6651689435030999,0.9701878531919838,0.8351115430674445,1.8382826382728474,1.1647529896603035,0.9119049715149902,0.9713152666451612,1.020126493069025,1.0964148694660434,0.8786191230916027,1.310866045153006,1.1625732899825345,1.256359782438258,3.825640278720992,3.0760842265616475,1.8995490450619872,0.9662789852867866,1.4186107934478986,1.2345442323900224,1.4358157465369097,6.639223926952666,1.1170485759097961,2.0479477988398607,1.4265381228362046,1.507087295027755,2.1086147856279025,3.590399143708831,1.7328922825284732,1.8544065880931693,1.1122392582489182,1.89802427534547
arc_pair_533699,4.89038540248521,1.1269705203986313,1.7261459858000352,1.2049024073708043,1.0881146181901378,2.4131238284580054,2.138491136476025,0.8137054110442249,0.5902794184439988,1.898186384880079,1.0618056184211115,3.3773499320647202,0.802668972951327,0.4795075796119751,3.5386143296605024,0.8467415676530194,1.6678204784920456,3.8298350845134648,2.931523164322976,2.2342637197876467,0.7805091904309985,0.36081733455450893,9.684608855088017,1.6353120344901444,0.6407890831746744,0.8111477989982548,1.5650613316501565,3.062045216322891,1.0540884193872282,0.795863201942885,1.3063122376664023,0.6254347743141464,7.666797316650937,7.316519326364181,1.118298324704521,0.8369916095383646,0.6598595151975788,0.5752031155771044,0.7037848073367257,1.0677497379866938,1.0640139140002365,2.440942550805051,5.095078877805574,0.968566471748858,0.7607569688807819,1.1690162914250128,0.7163255369076751,1.609660232284377,1.3824691619248783,0.5565421729348945,1.3226170082778772,9.788704258704291,0.7270874342117606,9.14392196759682,0.9908628133706913,0.0,1.5738192402737754,1.6042707797233213,1.9812793467812684,2.4902000413823533,0.5379812596784838,3.3790905591587546,1.396026300633277,1.1458101623580503,0.9718691335707312,0.556898643748391,1.8470549783882029,0.8402817815993251,1.5708010710332139,0.7429997619106328,1.0091149186572508,7.293362291787774,0.6465847672681124,3.7787095103109154,3.6662091325657498,1.1136034984441834,2.564569695099119,1.6742188534963032,0.7657460267063956,3.6535364742648446,0.8585027713228026,0.8377988587629518,1.245225393657896,1.2681772105977442,1.3594810645861948,1.3379975715539014,3.332495892598654,2.1297938495364277,1.1762340670575993,0.6904748640284155,1.4980108164911479,1.0642214522986186,1.5784757405422496,0.657760055448286,0.5755144111751289,1.0213471332853596,1.048346519447989,0.6693532687876173,1.0336157661247276,1.6407761719691178,0.6388062350630951,0.6017869920014453,0.5973687600687385,2.470469639773038,0.8707867356431869,1.373103831252124,0.6991512695058382,1.086099352961653,0.7997783366038593,1.028136530370709,1.8943103590601784,1.051150522828908,1.6178592668481548,1.146558152235107,3.991276967134486,0.7676841695317048,2.3151687867609887,3.856417493106049,1.2895879114171624,0.7152366635820706,0.9105034369244558,0.8088661804377675,1.0202661187284425,0.6890484250636575,0.7317781930818857,1.965315412003514,0.8220727683650962,0.7654896749655153,1.4250386670899646,0.6763173192863892,1.016952527357211,1.2072761681093565,1.3123629627854907,0.7826940989308413,1.3938613545651846,4.18810144495447,3.134091689785177,1.8871553271450452,0.5224315130587924,1.2783684129312989,0.8941983290589569,1.7283841567023304,6.490333129050066,1.0744680025888087,2.2456378375972665,1.0765056600933605,1.1594716316611304,1.7899739302094222,4.025892634448354,1.915525942878422,1.9899138622554868,0.7840681429602161,2.4430188221063447
arc_pair_521866,4.731337587620234,1.9122276231522068,2.2995318890644474,1.8049842128044395,1.637450248050528,3.182590318376235,2.3986512480406947,1.9397517989623392,1.5711936908359512,2.2037468596854346,1.7404104818422792,3.987690779568336,1.8152412543493885,1.6285254132021998,3.7197952595273507,1.7499062334497464,2.235307906148786,4.171766955614337,3.13138764981569,2.603790084578968,1.3182157053597856,1.5222507045524614,9.545023177735386,2.4264523953490356,1.695866427818319,1.875922445604764,2.2063298634850823,3.5217642141774794,1.8163912363925616,1.824114905038346,2.1870002435221814,1.663198926830528,7.513959911940335,7.462194508888753,2.0185757176178454,1.8415343420053145,1.5800177050716726,1.4092027492736603,1.563959431518108,2.094978981013101,1.7035890765707595,2.7320872850101976,4.802612038817012,2.053490737282,1.5280314887446473,2.2246833638339476,1.6623005939193625,2.0853808440738506,2.0560376354193775,1.6368646157323559,2.08131907677451,9.626112744387981,1.9015045920450397,9.387933857942764,1.7416422847833597,1.5738192402737754,0.0,2.247793188167982,2.296231199677738,2.4870994002181814,1.5936146339747184,3.5305926244603087,2.018614125965514,1.948289446396012,1.9289344606395513,1.5579190545878778,2.9666869736843546,1.849180713905365,2.523737951113449,1.7847818149031789,1.8502439518666476,7.6212463463636,1.6401567105967918,4.347257778738644,3.833831701705644,2.1252021271948536,3.4756508990329227,2.3334394129128864,1.8255898687169587,3.8374921682779846,1.7483201832882267,1.6566971797966807,1.6168012454229168,2.155469216302527,2.0709343808320257,2.0334079465286874,3.7331584684974457,2.461350104340506,1.9168809179143405,1.493269990312065,2.188344241211646,1.8112102566426085,2.096946833372113,1.6750846921344502,1.7171936810888666,1.8321926461349616,2.049841285128839,1.717164432821065,1.690817551938997,2.108651040825177,1.7483039678062158,1.6602996663488343,1.6662407099761718,2.794846284332368,1.7390719819534515,2.001698789208877,1.6698503379206244,1.8944854797287864,1.8762218831867286,1.66869444068631,2.618743634939512,1.7853903203315378,2.377586256233236,1.7773410502419202,4.319382180015235,1.7322689612792908,2.907086804103631,4.252517122842156,2.1452388424388515,1.716658508447023,1.903772201029564,1.585368992820009,1.8584878189019127,1.556807291187204,1.73975782449961,2.499787823229581,1.5692242686882047,1.803636634977368,2.063013744270568,1.612026253425273,1.847051051474722,1.9522638377351984,1.8897162463840558,1.6432154896354607,2.2654065060818747,4.249496347779145,3.240725178588309,2.5011851097941538,1.6829791317420686,2.291763670932284,1.543555319569042,2.2198916677657548,6.566104096508539,1.9022033221902488,2.4153200841436027,2.0797052360226305,2.0397882113748573,2.280243310981354,4.004477320906337,2.2993193834499226,2.313279314111419,1.4529726534861298,3.039554311544279
arc_pair_32161,5.1726986667191195,2.281502945937783,1.2557094994320108,1.818967219197574,1.8952720613019152,3.3014933761777443,2.7924713359875777,1.929278495680591,1.450052243571204,2.290680393853723,1.7671499781938769,4.269799509609474,2.0009576041856736,1.6128992767299313,3.8039760144985273,1.4065381815602525,1.7631565842292,2.840367584802602,2.8995034642911057,1.7504356935880026,1.1798510970442166,1.446990406040546,10.289046298967044,2.361611187666659,1.0822832680915864,1.45975076906753,1.0428788412766687,3.8115737093153896,1.475556597899488,1.3266254755200624,2.275620131844334,1.2726923029809865,7.392205656120866,7.4656731847373425,2.160534026889107,1.7522507454565743,1.4251621262410707,1.746889309359445,1.611643942457316,2.1750738590890086,1.5913454306252666,1.7446344780048948,4.996704493162359,1.9471745637522286,1.7553446303024653,1.8181353600185755,1.6108316179321602,0.8925907109970166,1.5257095159646055,1.5368626755551151,1.9012299062203821,9.45776885194563,1.861668822591459,9.1517114600375,0.9274369188825583,1.6042707797233213,2.247793188167982,0.0,0.6103886629032113,2.549557269857525,1.47976079676658,3.2986999823042096,1.7528762095479768,2.3090620245460625,1.4878766417084384,1.2668408644265226,2.8188648340559768,1.3690088025402014,2.345065219078924,1.6565228301345807,1.6436577155211132,7.958373226709712,1.5007132467987119,4.473221370753591,3.4569950433766214,2.0854806816194875,3.5615394751634093,2.3228343608452744,1.5641771736791625,2.191792259374138,1.5355556415583578,1.2274339497042728,1.940077790752297,1.8539121726697814,1.0265262874445167,0.9355538214196475,3.3378684460710706,2.3286998993407186,0.8788216277029817,1.2802011611535666,0.9716296064061084,1.3202847762159253,2.1665904139183922,1.9324667806969256,1.9849529213092578,1.009408101009615,1.5356099235099046,1.6134873073898737,1.469609019624627,2.108358596363391,1.7110035444802898,1.230273649676849,1.6478216422269136,3.2231878635829503,1.8656991431764993,0.7739316736063069,1.5002181488912316,1.8450588865526432,1.8934082565556158,1.7361999908313503,2.6622912341550724,0.9954114285008354,1.7963867768098203,2.1267216719042343,4.491144726197991,1.5808085529333473,3.0902035211965257,4.276636514159833,1.8772647277316303,1.6234541373525253,1.6588486563290195,1.1615393183325862,1.269619380602451,1.5270523427228333,1.3927067796683015,2.155735051804976,1.801821229321611,1.1937956157129213,0.8308560312796369,1.4786596985378466,1.6346067452392448,1.2578476332087425,1.6985252415582968,1.9365004748071921,1.587204891217515,3.868742006634575,2.9530975650138576,1.9556057553475463,1.4370168587239491,1.6247078134362627,1.4644927400209438,1.659933346901754,6.9653485016523975,1.327665059392893,1.837950502477103,1.9488430609998248,1.9877064980719412,2.4673228475515385,3.8853367014671,1.7861309324838581,2.0257825273428853,1.598139544919552,1.6299896452704605
arc_pair_153025,5.297606931915599,2.4906094965495775,1.2302009721363927,2.0192722191303027,2.0501680458230855,3.5119665820298795,3.045831590751069,2.282778628671207,1.5367642736963725,2.4276851975605696,1.8988246854756379,4.472789666394322,2.131385034532585,1.8281188539866529,3.894564557199221,1.5072260146527512,1.7064294627708325,2.943104472194923,2.789256309510073,1.8524467507999303,1.4901274988998705,1.7044917446897447,10.179315002835306,2.616355885787288,1.311914178010611,1.6643905884241388,1.4881684880188661,4.043175213584647,1.6016746924124838,1.6989351545963045,2.5780372096267086,1.539096533641442,7.4129973425427895,7.5164945207096565,2.3544041217913967,1.9653797412166978,1.6327035133757977,1.8900758600559708,1.768105638986695,2.3879724194589618,1.6277510294229522,1.8663286560372239,4.973948714945969,2.290696540997971,1.800039156029168,2.065543978457816,1.8430673864639389,0.7265421784514511,1.7906492183643663,1.8317823687930037,1.8917292906455891,9.45775948789302,2.064418955531233,9.166755852581762,1.1063421268615068,1.9812793467812684,2.296231199677738,0.6103886629032113,0.0,2.3571811449211317,1.7015416186651053,3.2482869131317234,1.8120823588369905,2.535578843646351,1.597637824421317,1.4887287995015455,2.9877234651104834,1.5880235083072307,2.6037575154011066,1.9072179379910743,1.7830816708747768,7.908879125295057,1.6461009041561225,4.500003908640309,3.536847940665818,2.243863971318989,3.6926646948492907,2.5523697985626423,1.877488886536638,1.847829417156257,1.7948260959273166,1.2856189158316047,2.0894905838354845,2.0256720828625348,1.2231197300305001,1.10119002774449,3.643602552004886,2.3322356640044424,0.848286055989895,1.5020284264717019,0.9924663125916124,1.406167687626213,2.2277901979633072,2.104854279856688,2.3193658117642437,1.2401392187326525,1.5615045026311158,1.8810700783192136,1.7867148646238329,2.0713718079553685,1.9786766929279163,1.5207931403026047,2.083336703748192,3.5711255752177875,2.078336451245867,0.8551048511792836,1.7910642952867342,1.9653399199655466,2.0029243136814396,1.895544895352155,3.022229153419926,1.1284312744949327,1.9024405948992835,2.307942933548961,4.619680756472482,1.7149104253230953,3.291649797890875,4.4016422167808225,2.138310535210025,1.8646953724686801,1.9047751220772566,1.1513377860962075,1.193048179991627,1.6370166147853036,1.8017398962889353,2.3401024892371023,2.0768856095541617,1.429780975692147,0.9568453802845202,1.8051366093805354,1.6993818080459149,1.2898238840884992,1.8689314508239074,2.008750250050666,1.8549181447195522,3.975932633073583,3.0131468722796235,2.090033317935166,1.7283592052028984,1.8746982310067537,1.8104906470243458,1.77764316269197,6.949404308921787,1.6550386462616231,1.9293122588813825,2.157275603686037,2.1961183620491007,2.5424607641817945,3.7346572952539705,1.8821603006411762,2.045810166244057,1.7161501665101744,1.7342693131901996
arc_pair_309603,4.583715391129364,2.663652975018964,2.5618572024096595,2.4448838088454443,2.643358745231355,3.190445433003792,2.8492913050314668,2.6358136197887743,2.259264821720779,2.23861432418862,2.327591185323266,4.132064123925366,2.419172121446023,2.1985329037582986,3.793771079161955,2.0130219595939796,2.225408575182251,3.1590292191344664,2.1471398136057758,2.3991275985079232,2.0640748650129663,2.2456903221728473,9.100957237034146,2.6963609622270037,2.344117500548082,2.2007138264942205,2.5017424814978217,3.412540345946616,2.225168677376677,2.2088083733905046,2.591412371235351,2.4249691429578992,5.5138658777593985,6.391407727840397,2.7910834250395777,2.2064526310387143,2.2093849068696305,2.246175573522312,1.9714454959006273,2.4228702826440864,1.9529258861376388,1.8192073074412454,4.31948914372951,2.496615993023841,2.384328497964485,2.6414329593709898,2.368022533588457,2.220409177865492,2.2738867958682896,2.3770641325662174,2.4206000019323946,7.834089949580823,2.50262641669437,7.601589250714355,1.9756182520549381,2.4902000413823533,2.4870994002181814,2.549557269857525,2.3571811449211317,0.0,2.2480262020215287,2.63513696452883,2.364120269979608,2.864264640898757,2.0325927634146392,2.3027927542079856,3.2802632125469557,2.314395040115249,2.8908675111304545,2.2454660265142743,2.261422855885743,6.948772415243271,2.188722050074377,3.922164587414616,2.625708356938087,2.392893225350247,3.3190278346728217,2.3201451129193744,2.3726278396282785,3.2665873324406016,2.2130008271943806,2.1237974114151816,2.517171016708278,2.316989108222384,2.086986496636181,2.2909390373803005,3.515057139180769,2.703562633851521,2.198594509412293,2.1378796100363604,2.6360424462080867,2.0145610345924148,2.461896476142438,2.2441234371883327,2.1734185128891337,2.41215815871596,2.339464014098522,2.5036356479798707,2.0533364956490687,2.0648629395810403,2.3801982832361523,2.3182706038437315,2.5337949761026053,3.0924741808842393,2.3017349972466974,2.3142031546726365,2.171921794254999,2.310915584725027,2.2944583813951995,1.852133567645121,2.918478608388327,2.2300925743874442,2.5503122022733264,2.314088864195085,4.053919173420846,2.2345038865196276,3.033964286551212,3.599912451788226,2.38856604912735,2.2643408571061814,2.5100209241607017,1.7793640762113159,2.0593178139316874,2.0047238874983258,2.3157851448548663,2.4326203678167806,1.8850394637632757,2.388730505682034,2.394347140929458,2.234658906084788,2.1099131055277796,2.158225589215424,1.8648586289788187,2.115194401949234,2.666430834431706,2.780761223996767,2.3826108384848306,2.227435011965874,2.518090355241914,2.388530536123262,2.4316526385102053,1.6109750661756466,5.684058906205198,2.404288811560141,1.98866883654089,2.323983698563733,2.6765875881814316,2.8412511162664917,3.0088983007455825,1.9832807697285117,2.240395111281569,2.1760739491177166,3.1878051659818905
arc_pair_208665,4.808635968844084,0.9223337961624157,1.4710691719357611,1.1556476357135166,0.8094381755207347,2.013413761001018,2.277725993453862,0.6897992199455703,0.3993510146896896,1.8097073175078124,0.9145325580785421,3.3319018619435106,0.8914776522372918,0.37836818394871685,3.306617691620048,0.6230204612199572,1.203238267434363,3.7321000005271467,2.719210550948999,1.9872463140968188,0.6698860103038703,0.28547045005163135,9.55565036521784,1.3826745827245133,0.5043880942596984,0.6999788145166017,1.3471890371052542,3.0202790458073707,0.648162540175264,0.788259453229172,1.4924013433945071,0.49249235771735844,7.453272767671457,7.0883449710401,0.8463468727070652,0.6996720653005896,0.4883052042814086,0.4751948528346356,0.4482764705057586,0.9951223144071144,0.8161515075523118,2.1634262441242433,4.913862357938802,0.9485089122942658,0.7522525920000855,1.0893991855916778,0.7323455531794132,1.3435262343369245,1.1371336932155245,0.2483845347088101,1.07804057057084,9.562460514433763,0.5915648466708746,8.984469666116993,0.9451390267247074,0.5379812596784838,1.5936146339747184,1.47976079676658,1.7015416186651053,2.2480262020215287,0.0,3.147221682956353,1.1956812911057941,1.1739216739728484,0.7781839178636641,0.47111881486027957,1.7255874184819078,0.5317705750849336,1.5220705747907888,0.5529798969579887,0.6810983650277002,7.159187234455802,0.6451014177094078,3.6100767040371595,3.2479270682848167,0.8807953827763997,2.3025417546484697,1.6650875097334528,0.5976819405362657,3.3499843511950305,0.7290942843010713,0.45898628624888493,1.0488757400192714,1.08155149616206,1.4922559250953118,1.2262549345983322,3.339121475921533,2.0491286999512943,1.0137385801171228,0.5238572483827988,1.4373741529337127,0.8308905097161993,1.396970522198286,0.5647396649385957,0.8510288359853557,0.7764928147370903,0.7306437451857866,0.5327526115609161,0.8920408811252909,1.2230051530533177,0.5365261635431571,0.39506560352216247,0.8305363568196777,2.463811147405751,0.879542571690546,1.0998872773890842,0.5850838889164233,0.9746219241351699,0.6290750377172565,0.8869178380876683,1.8183426417536788,1.0103946805142916,1.1948078311343768,1.0554742423537065,3.602101484645697,0.48802610177076833,1.9345397290705968,3.7546367015472235,1.1028102865684544,0.6424570778022914,0.5938222591662001,0.5659332426119854,0.8726683475323358,0.5282988004568784,0.6147964666542042,1.6650849347800338,0.9210685210966871,0.6099167494260529,1.2490821549310438,0.4737549659417079,0.9631428754262794,1.0042070025020695,1.0624017950194102,0.7201185847297251,1.3822656080393372,3.84753276980387,3.0172312692742507,1.5479743488080673,0.4684893583570996,1.0792355166962269,0.8753791832234552,1.6160342092564486,6.304661241333239,0.8024123139515429,2.0489485920459063,0.8097996608891143,1.0383673469289976,1.6000365075216365,3.673509103571392,1.6152116338222482,1.4922199316754035,0.5855720156615293,2.386293703185578
arc_pair_594469,4.154213450707882,3.6745808242597815,3.203064658055002,3.1213295730237265,3.836887930807467,3.605182388634698,2.755966877233327,3.5990770133689334,3.2434650276132735,2.674638079417594,3.016155229102894,5.17591481966811,3.339105906994385,3.1534245579304248,3.8781970927669263,2.765024679123881,2.5475757981615086,3.9357768793056,2.4099227389152027,2.320791622505106,2.7664382028545864,3.2463904625259987,9.245875096158557,3.5093278777799677,3.245870856360856,2.7356617964517027,3.449132568732515,3.5694585818559235,2.954134566473943,2.864443554641645,3.9913506485187584,3.2572433744465896,5.990985663776751,7.187962625904822,3.7626754682711137,3.4751867313697193,2.8910645253685243,3.1992432875075734,2.8856849382415817,3.482514854243687,2.403984521137577,2.5229594022540756,4.373868242759359,3.1377185376242047,3.0571696192164994,3.6156185695068768,2.774226812598027,3.1283743321349506,2.5220539651767835,3.269292150993091,2.9668340956178696,7.556190739209841,3.3988796454513004,7.404689341312118,3.045349307810858,3.3790905591587546,3.5305926244603087,3.2986999823042096,3.2482869131317234,2.63513696452883,3.147221682956353,0.0,2.850783957285705,3.818202526262398,2.9499814396229533,2.9220160176706598,4.015262025930708,3.0156718291716693,3.691989924475573,3.2314819998436253,2.998396746903055,7.219869124957604,3.23460039264247,4.203440362871778,2.3334655100049355,3.4200203333928765,4.535087701735147,2.717202725869751,3.0708729467573175,3.362076939396423,3.431405429776612,2.813111399464846,3.889195594135767,3.276609086899281,3.3703828556182165,2.6689356650908156,3.5780177999012595,2.702570150936369,3.433184760542037,2.887882638282078,3.1735537938446385,2.515813538909769,2.872504128723401,3.153507047494102,3.3425321253170894,3.2588375565234537,2.82567557387416,3.3382935240362293,2.7893897243298422,2.742134002225635,3.2282076268793785,2.973534101733303,3.347142514980027,3.461657773568176,3.0560362684893994,2.9646118340911647,2.58946948254633,3.2185955072216568,3.2762971295016623,2.796390968654597,3.3178022730389967,3.258849771712819,3.459669450507514,3.195883333876563,4.697527756289121,2.740450092676667,3.7179738983545243,3.5648928970146327,2.7383975339232824,3.051731705835276,3.1929952962200256,2.4459773373013185,3.1932895491707036,2.7993836381533894,2.9362157174949823,2.4189743803251673,2.8997392369962176,3.308008938229298,3.3176772725857044,2.91638977729229,2.6869795597740227,2.866687935173323,2.1203027026472663,3.312605810524077,3.2950747846670905,2.7894092911827446,2.7158585388601137,2.644312850234065,3.426699519302161,2.8254441674778987,2.909168605486346,2.310669778290683,5.371434999327406,3.0463005891384363,2.411048385288891,3.539833077999327,3.1985410859436474,3.188817473729162,2.679050533835488,1.7424192693692118,2.5371842145238426,2.9205147410213774,3.70059329434646
arc_pair_246527,4.184689492204726,1.8794388140757756,1.5919361758843555,1.2902356204242729,1.729125146463592,2.674002498321576,2.2763733224615983,1.724122584479133,1.2716301179192713,1.778222503815979,1.4563905519209857,3.7735880304865095,1.5943038165865007,1.1295059606171702,2.6914284775941315,1.285513864189051,1.7982431432240853,3.1687339197783775,2.2599138100746816,1.9138333016886326,1.0011596150505189,1.1959226381790162,9.362295191231361,1.862320122539098,1.1182577958219442,0.9944809371217669,1.556268110061492,3.025365788529859,1.501731472701823,1.1420465417375145,2.117486608260052,1.0366371844364126,6.199179731823289,6.828727920962266,1.8397896273306118,1.5470428659958426,1.166748624334782,1.328593892932984,1.1954075268506665,1.8767158879491288,1.3959055869200077,2.0080211808381754,4.444835751296283,1.4258280447917642,1.206862489885998,1.6523475088319803,1.1361978540849553,1.6607636449221392,1.4319274398888733,1.3639373752572899,1.6670354178282807,8.71487685912692,1.4262451241603702,8.245654582829033,1.3609759394853727,1.396026300633277,2.018614125965514,1.7528762095479768,1.8120823588369905,2.364120269979608,1.1956812911057941,2.850783957285705,0.0,2.026418337106352,1.263054707209184,0.9709576878604159,2.2956754941862734,1.2865414303271232,2.2226591190672855,1.3905993039912092,1.650182728098243,6.864442141447078,1.3139468140436774,3.800485977748976,2.8801160364489022,1.7098691625673024,3.2768380466507248,1.957425797522491,1.5248062846947417,2.7814271679453366,1.56607602572328,1.2488856629305745,1.812700393517697,1.6135699991215775,1.6815160677272345,1.5940164047854082,3.017559071235276,1.7791447485888856,1.3983946252642747,1.16464985810432,1.7279355908761653,1.113040176678063,1.7637156039482553,1.3681760399645673,1.5305876522593307,1.4293768115588776,1.3703415645018107,1.2148958297778827,1.2608842265430327,1.8178828353108243,1.414791179209518,1.274982205067409,1.4033942634893397,2.5676822980998075,1.2905446854038047,1.4889688140591222,1.13540577790624,1.2849284247724015,1.469526447858967,1.4541893639642334,2.1024645992673325,1.1849859282084156,1.6874751798675973,1.7924947737128805,3.981875723540715,1.1921824701136,2.6437664076221887,3.4804019785011406,1.5975554043365943,1.2737101789521315,1.393239757993453,0.9772883990226985,1.292621341536884,1.2951249628613863,1.1685728368509445,1.5752135925917,1.3121468935207403,1.4225244040999456,1.6002817034807393,1.2396816085704434,1.4287270407851356,1.7493751294731723,1.237872344775339,1.467101444513513,1.801913429072322,3.2614836420170805,2.395890002015324,1.7583702378744142,1.3547191197576767,1.3856458819053996,1.316945493009216,1.1631612488873233,5.888855552423324,1.2196601200648594,1.7936145729665358,1.8532815243481413,1.739164058283925,1.828871299330033,3.2958342257680586,1.3660436183016387,1.7625396002335079,1.122597132588504,2.037588910764593
arc_pair_107068,4.983926970253306,1.6426976539815468,2.2352847803616505,1.5181187807307683,1.6630119708342233,2.8292485241007217,2.457701058542627,1.2800727973412704,1.2271427545596258,2.4046797198220857,1.4165157769382095,3.6116760016758835,1.51562757920975,1.07698390644248,4.201780309171982,1.4323758449382316,2.069188580447364,3.978239425080742,3.198187460965949,2.244980650749021,1.2041422626927942,1.0459326736317374,10.035330943089054,2.181943686158682,1.3414820531569838,1.5494005074951778,2.167167496118598,3.22714621780413,1.4679546648396977,1.3212239915919555,1.6223528621024752,1.3199223083791203,7.794921938488355,7.721255248633966,1.4828534687097679,1.4003832442858997,1.392686070309501,1.142470184898555,1.2339509499528305,1.7471429687217719,1.380371023803169,2.9681126978350156,5.292463983164823,1.6038961975907489,1.3138040064070684,1.923266855695121,1.2783587919254185,2.0887297921657364,1.913620436721046,1.054997063606363,1.7899379186042645,9.87791596669156,1.2502104064751542,9.347689498133679,1.6109860239613882,1.1458101623580503,1.948289446396012,2.3090620245460625,2.535578843646351,2.864264640898757,1.1739216739728484,3.818202526262398,2.026418337106352,0.0,1.5294062786196032,1.3620191215229234,2.5142265677339606,1.4973524591334542,2.3116029034263255,1.367022236765962,1.4672022098636948,7.27733483362622,1.2272035441718894,4.28584410705931,3.9891578685296034,1.5267310893729875,3.037190321647351,2.377993509537134,1.1967803738547822,4.07249375786772,1.4325652757156369,1.4719218594900285,1.772794021232227,1.8186656762827078,2.0763648333988285,1.7991942483671997,3.551677666816091,2.5353777591315074,1.8497498750007668,1.3220030517609072,2.1768708784853192,1.7339570416276997,2.0556083812289736,1.0238712674411021,1.2014258325688731,1.6708824649240794,1.8318397323600135,1.3278053782047448,1.3367188735078774,1.9689911261365838,1.4002692789404025,1.2295146763947702,1.187924954511941,2.735286415524997,1.186665387887327,2.0307380543745115,1.3762925064902478,1.8242877292843094,1.3243388188379428,1.3153731610305184,2.0265531186678514,1.7017646768419632,1.7978106032327075,1.2646025595196067,4.264614861438147,1.4002919238050366,2.5966464384501386,4.317711293850811,1.6789763052312223,1.3141722358885195,1.3828018112659337,1.4690086605855632,1.6959551456890742,1.1918974219597491,1.2601841491088668,2.2926608208936066,1.4070067634198486,1.4627225558475208,2.0156081006695765,1.138000153634494,1.5977693428264481,1.6874549787445172,1.6945043325147902,1.237496465955196,1.8111237330474057,4.501559191471314,3.4856742851873013,2.2656941542110873,1.0941234334289227,1.9282055452717257,1.4108815303972668,2.4786579902969947,6.878049618388644,1.6040633809637015,2.865744944444817,1.6437118459447635,1.5736172468647107,2.198549284684129,4.455976170393528,2.431321217189166,2.21367987792971,1.2156133332829593,3.220274071590387
arc_pair_599471,4.614546525338651,1.3569989348081515,1.339104913714491,1.1524058937712327,1.315428392742454,2.161507345592855,2.3617736112502774,1.071197734276455,0.698995227781269,1.8046756440317688,1.0821046761189248,3.4496821662087234,1.3092074583877937,0.819592125034412,3.223012039587496,0.7795189919804966,1.2423376070758838,2.9698922938681256,2.4684671349318865,1.9768377058885114,0.9962566824339452,0.7107267544691422,9.501624885201263,1.7037965342127295,0.7507948380904101,0.8424876195037684,1.629816258532811,3.2529951489601103,0.8389392903116824,0.7996027156515032,1.7673874498473219,0.8338143255799029,7.080682195532555,6.911851499760337,1.0777277796871594,0.994230561285391,0.9090410504791498,0.9770949988225085,0.755527676557979,1.3731157704354118,0.820957413369682,1.7575252258013676,4.714760996895308,1.188685161660906,0.9882314068996142,1.4800440071715375,1.2369822512646755,1.4637308324976248,1.2535336614651942,0.744975661274147,1.3628412447443892,9.093144113110792,0.9043962599524393,8.617017361166393,0.9734417336120054,0.9718691335707312,1.9289344606395513,1.4878766417084384,1.597637824421317,2.0325927634146392,0.7781839178636641,2.9499814396229533,1.263054707209184,1.5294062786196032,0.0,0.8807032473115317,1.9978813514680864,0.8508494573039829,1.812493589074309,0.8152295945956445,1.0134161495030742,6.95913862741803,0.8808340355255264,3.6314863213910877,2.9489368061371013,0.9961873612303493,2.537306187339513,1.9248851149733692,0.880340036664759,2.828488471775787,0.9326575637109662,0.8260379146403014,1.4580047079803102,0.9484696565961911,1.498720081402701,1.002297488878979,3.381400265806545,2.032056723088167,1.075959808315604,0.6976462161309203,1.6184136219608416,0.8078273782311183,1.6436576078474867,0.7398732337943577,0.992279285141434,0.9137983443668725,1.05108414663762,1.0300404013381563,0.7435551989963342,1.2443156160273883,0.9636389951685157,0.8733904844346203,1.0912503147362063,2.5973949577036626,0.9379906254546537,1.1813472932569933,0.9090755299792748,1.1315745712112,1.063167430649497,0.7903661024495849,2.0596976064147414,0.7667769921058041,1.1935019247624783,1.152042776949139,3.727694402321708,0.8928203621539708,2.184729038283336,3.5877543332318673,1.2850052421082938,0.9678571903557637,1.0057508105125925,0.7201430293964419,0.7756041204539809,0.7477982713985791,1.0068987749452805,1.5190742004954991,1.1862667982415784,0.8952181316147105,1.0737211605083767,0.7403669376298374,1.1777525205618615,1.0889803714017368,1.1962008238128141,0.8812044612321273,1.1142879485719053,3.5752217327735907,2.53651260795044,1.3672991936572378,0.7170954758564339,1.3400948608208068,1.2586081128238678,1.471925612731055,6.233163098541934,0.9929690470636681,1.8567650908383122,1.2999356230202934,1.2897117508952247,1.8410512280621938,3.405489718736219,1.650154225705655,1.512224904101809,0.781975042411903,2.335320196334333
arc_pair_358378,4.542369898114585,1.1205374796995518,1.3371355658199422,1.1316562662521248,1.0222978438072898,2.410764455615391,2.1287962689944604,0.9376982129674665,0.40828915480084915,1.8354002386793489,0.8608427669054268,3.38224675227882,0.8091384255942303,0.5077433043701302,3.2274585741357784,0.7680169336809517,1.2092587422178815,3.4908981129041203,2.622223531682188,1.8345117445097332,0.6328949234230944,0.4538061467876191,9.565094693898429,1.5104206167089556,0.45258544537612116,0.576161127085177,1.3731329388293274,3.0585750281412785,0.8158386449992527,0.7075304093282517,1.6286698085621718,0.4645819798399875,7.333497349429282,7.192833655890187,1.0186691205437075,0.8726143003750114,0.32784464402081737,0.5757197193929937,0.5540601054550098,1.171814324989545,0.9108315879369864,2.17444910029473,4.891104036590801,0.9191222519512956,0.6693308436991519,1.0817503710076,0.6370638590548292,1.2298526974417883,1.2266520027352954,0.5019728074677893,1.0709732119464552,9.488734959731177,0.6454022702793953,8.755993604938944,0.8273870961296629,0.556898643748391,1.5579190545878778,1.2668408644265226,1.4887287995015455,2.3027927542079856,0.47111881486027957,2.9220160176706598,0.9709576878604159,1.3620191215229234,0.8807032473115317,0.0,1.755849782373529,0.5811662971345812,1.6047096133435514,0.6974875670252445,0.8223719346350945,7.215065110041226,0.6753799307574575,3.4935728277204934,3.311704179360675,1.0513121482249255,2.4944622485935315,1.6556323789188019,0.8559442681923344,3.115952929863909,0.8807706107621568,0.4938198384638619,1.072080905903991,1.1423055368486468,1.1867603517774592,1.1651549139953297,3.2081224751149717,1.9193948558814982,0.9120258196049371,0.4963222034525655,1.3768986149533013,0.8507940333145272,1.1631681854334779,0.7515809227019297,0.9588457866796599,0.7685243435627573,0.7906225785710254,0.5005132921224785,0.8919129824394655,1.49675781587605,0.6456803814221249,0.5421259865362551,0.7738429430861526,2.525457514092705,0.9665736230654907,1.0331569099345312,0.5462974938181283,0.9863522736161581,0.7992537761519107,1.009873077305584,1.8037743698234432,0.9501959983098427,1.360687349214624,1.2576970538601755,3.883820498542814,0.5745469729325048,2.2368689504303525,3.7285704464805014,1.0768883955995883,0.7119995215216701,0.7616347005604457,0.5196696055512985,0.903160633537138,0.6436045697686075,0.5602112168519109,1.745113233142725,0.9280942782176724,0.5674300988483141,1.1743257052378127,0.7128716154458563,0.831725715177132,1.0625411830609488,1.1237519669098017,0.9145135836324753,1.3564149017721148,3.7253453326670956,2.796968550947461,1.617067840826774,0.5619429401871456,1.1100940241593165,0.9025231892205259,1.3932493042443208,6.358245030948922,0.8206792688757724,1.8590316737003074,1.0563287198823397,1.078585786298882,1.5944916364178394,3.6364269159256413,1.5133672513343854,1.6209565603967555,0.5987678619766209,1.9531077861322583
arc_pair_416314,5.5175069593178065,2.323472127439591,2.741997854950841,2.401180983218466,2.293144975586411,3.3499695269247134,3.253784695344925,1.9797619189732354,1.9022273414281758,2.8678982213835003,2.2492665175478863,4.405166719966306,2.141138893301098,1.7535901917028285,4.250032769826516,2.0423830434052173,2.593246149374072,4.827557509906003,3.727139266567776,3.056169304075105,1.952435051926803,1.6625532490780108,10.321141842724698,2.370081383368147,1.8234201289935856,1.8775934998455752,2.609492629039058,4.038798154188232,1.9906055048098223,1.9636455273050974,2.610710391753427,1.9870193656548611,7.758279540663922,7.738527799911866,2.2315106888010523,1.9612739475581198,1.83669641421099,1.791321688011481,1.7809893760486633,2.2891811206162602,2.0931904619400545,3.180720080023481,5.0489473672200225,2.185713367610583,1.9808104202765442,2.373177579647578,1.9817577916541318,2.670357812339862,2.320402898682933,1.649157748063903,2.3689173703871518,10.210805285440108,1.839480949619082,9.624814185584501,2.1843058791601306,1.8470549783882029,2.9666869736843546,2.8188648340559768,2.9877234651104834,3.2802632125469557,1.7255874184819078,4.015262025930708,2.2956754941862734,2.5142265677339606,1.9978813514680864,1.755849782373529,0.0,1.7961601535656149,2.1460567139457907,1.8776971242784328,2.0416125822653353,8.47874154803527,1.8507386914561634,4.202934905110931,4.167096880402694,2.0565078306511966,3.4318138881601685,2.6080781068113787,1.9062611024204699,4.389698485254728,2.0680498549494226,1.888754025996748,2.2228574503934224,2.1152366279123953,2.727410066172943,2.544338588779927,4.390922035417939,2.9774256616990833,2.506454095319994,1.858873138099328,2.735643734560208,2.1472215572628284,2.449962704230053,1.8657576261453497,1.9006069500012739,2.1968470237129996,2.1277471950592544,1.8687455193014282,2.098820709260131,2.521289487794241,1.875781858041075,1.7263813831115948,2.0286882355226985,3.5132426717496177,2.0116500526954373,2.5402164400518075,1.8239092959008263,2.280965473396248,2.089420591639098,1.9623120715884763,2.6025682090180497,2.2660520381880125,2.5225319388394825,2.28625309836864,4.59642438267166,1.8744288682245447,2.984745846056448,4.627457587167343,2.3318313829165813,1.8960027840821492,1.9222203705253627,1.8517929497918542,2.269626826480457,1.7722136904100796,1.9223421742239422,2.6954261148128307,2.056643814917259,1.9217970048882917,2.6315129989357837,1.7858577407091412,2.028357599920427,2.2534374845323786,2.080611747713508,1.9722744666975842,2.7104955504713066,4.723111829937146,4.0340439943278374,2.6671604432409097,1.9360480483156939,2.3367918722538645,2.0993743385374053,2.5400447813731426,7.167600080300669,2.2339133184486086,3.129762136346509,2.111567428768031,2.325262800405678,2.6385934091024374,4.525607272382022,2.6745943584989567,2.823489925405485,1.9409980222926804,3.6114092447203543
arc_pair_119847,4.840861175837908,1.13682426278282,1.4386673055496717,1.2220129457980775,1.0302422310272432,2.2242056033655304,2.39786895409172,0.9742771515902915,0.6490196807128525,1.9103815102854111,0.9150339813804405,3.5294773966198916,1.0895657551396738,0.6043347800577614,3.451795797213232,0.8495326213566767,1.133007494523897,3.638613626292125,2.6975078356548003,1.9827497431832017,0.8378336296506403,0.545149921106654,9.714419003913523,1.4843723623061424,0.6938570610222432,0.8830420010687776,1.3496071768590214,3.159367531866027,0.7108224035359234,0.7971813316185492,1.7688639585336898,0.7138842783467643,7.4291062713117935,7.153725109035002,1.0038990098839633,0.8611761675248268,0.5982157535581949,0.6883754483308697,0.5614948823193783,1.307055419344219,0.8454456499517466,2.212940982387222,4.829768907135779,1.0963336103047756,0.9555980617073915,1.2847830060166516,0.8569191141227895,1.3370148391092131,1.211968074248598,0.47675799254003026,1.1517166811942305,9.477064987870769,0.7321913937711428,8.875578269216799,1.0457724858275201,0.8402817815993251,1.849180713905365,1.3690088025402014,1.5880235083072307,2.314395040115249,0.5317705750849336,3.0156718291716693,1.2865414303271232,1.4973524591334542,0.8508494573039829,0.5811662971345812,1.7961601535656149,0.0,1.6190458064103292,0.736510653130551,0.7818558300850318,7.2468969995130985,0.9172072061744969,3.5340150762175315,3.151292653320425,0.9962008288777305,2.524333301955698,1.7050507149939276,0.6683004210187362,3.207829523672611,0.8529497137560109,0.554768156844897,1.2729368246827417,1.065500132013482,1.5999523427723792,1.2482984033477469,3.3145255522886057,2.0651767590614662,1.1927930857547004,0.5437730013947508,1.5792692411451004,0.7970234679648357,1.3777539953722444,0.7444126409096502,1.128761470409341,0.8665664627675982,0.858914537921461,0.7477530505924812,0.8105608428802618,1.4719215736347762,0.7546049457221018,0.6225337927569807,1.0101610360759752,2.553597134019734,1.0855290200545027,1.1846098511312244,0.6632066889665431,1.094735077911726,0.8861476182908465,0.9623137490972997,1.7845771223385525,0.9735609087114194,1.3669639037647892,1.1649117436458698,3.6857350182798934,0.5813988076950887,2.0459256715554544,3.755932507751574,1.1891724874257812,0.8050291390552955,0.7660345023430946,0.6528562875501105,1.0879638086331624,0.6169361739809772,0.7776702557193754,1.7141893338465832,1.048125129962816,0.6972807432982586,1.188659350867045,0.6891980455582376,1.0961055234602455,1.0069609999621845,1.1669500349446353,0.9559685785939477,1.564335684781478,3.8266033328224554,2.9513806506644062,1.4738582107290703,0.7682612514438931,1.1122129579589468,0.9625490807675421,1.5965305894212931,6.2352180190229145,0.820118035977225,2.0553257526741224,1.0482523226548897,1.1670341271359075,1.6716641746816279,3.605453622553287,1.533976757832233,1.5844697196238586,0.7791238015447539,2.3330246137329556
arc_pair_537414,5.213041616133953,2.2447154828744678,2.546946096767203,2.084888943280855,2.0952669897161833,2.822895682738578,2.887331924333049,1.7513698658264192,1.7623468396671873,2.553001119823036,1.919881309097297,4.092859525710573,1.9238406056829336,1.5722698369227457,3.770034332708636,1.6353971491511559,2.2580343136335737,4.469358790217207,3.3950172460792443,2.792938027987934,1.6777138103081406,1.5194931657850588,9.613059506508622,1.9412678202549132,1.7425150245058214,1.6640197701094201,2.3574273399278787,3.453915387215825,1.8751907759084776,1.5559824849185657,2.418390116409821,1.7602547953753014,7.930906588052823,6.991200822486384,2.1449658654834685,1.8145568418136924,1.6407862919935443,1.5913294132591274,1.6521726545241486,2.0281308370871187,1.7813522855599349,2.922038642832992,4.976017811471968,1.86857533747465,1.8039948107701176,2.223464198576653,1.7706681023987003,2.165854800503385,2.0571808465560864,1.630323168516187,1.9743666919533862,9.780863514888235,1.7221866565016457,9.456721067953307,1.9234798722278585,1.5708010710332139,2.523737951113449,2.345065219078924,2.6037575154011066,2.8908675111304545,1.5220705747907888,3.691989924475573,2.2226591190672855,2.3116029034263255,1.812493589074309,1.6047096133435514,2.1460567139457907,1.6190458064103292,0.0,1.805244604165479,1.8431198068960355,8.046667073446033,1.78331068883061,4.125309881553232,3.8642744555883652,2.0388259372197273,3.309058863100054,2.1458974791541223,1.6186378603411258,3.97213852221737,1.7381367386368283,1.6847611115429482,1.7441164180265423,1.5912760400211725,2.39258673162567,2.147454106527498,4.085220907304532,2.6359631472441354,2.1551998906665917,1.5913207267163718,2.463091887164754,1.8787816488855222,2.1397019391293837,1.6703047077482422,1.5226532199027796,2.076559424209546,1.929984038303795,1.7889893836261908,1.801850373082036,2.200247101698472,1.5936973584816363,1.497790018640988,1.7949732472561983,3.134135768591163,1.7597121260648292,2.3117567908626935,1.5719531371727034,2.1136881285770266,1.8150074926090294,1.74142261331976,2.6283040416484305,2.0737358807564092,2.283994707497936,2.037154289252694,4.515906130867872,1.6833530892983881,2.942514715579339,4.351765813087881,2.0853302849042215,1.6113970788721215,1.7810436443647002,1.5818273043631637,2.1537727384162464,1.4788648614737414,1.7027303178717146,2.7915176153179773,1.8031285348792028,1.764202619516048,2.4263913169833904,1.6357044264070368,1.7427500160370204,2.071204736683681,1.81358257615253,1.7254338815722279,2.4324791523136886,4.440744413756567,3.688537004412935,2.257599321166411,1.9026000970931327,2.016071976177163,1.8089421249571491,2.3231813407206596,6.790150306450538,1.9922025204867342,2.786128936235536,2.020804272693154,2.044617053911333,2.259032572041168,4.191314561718532,2.258423952612517,2.4744884508787006,1.767043519262426,3.373426597651414
arc_pair_122756,4.976068904621195,1.1704184078771043,1.5245881554484697,1.077517682281989,1.1370157517235602,2.130498746121532,2.306048494507619,0.9056641894709876,0.7366834162620802,1.6614849981330235,1.1018285209354253,3.3084695614728763,1.128940776637556,0.7114250690400823,3.5513789474418744,0.8872028592726834,1.378107612100909,3.8050132296149983,2.690421925692957,2.033615433556791,0.8021222195821408,0.5380853622011275,9.577439478344917,1.4250897760767824,0.7745070909861793,0.9198720039818219,1.5397333585918282,3.12988071676823,0.6895398410887179,0.8655034157970333,1.7093617086256276,0.6365302569172993,7.2441452510507744,6.935792556031564,1.0117280186849573,0.8487653211722381,0.6681180082851115,0.9194339794400109,0.6417562859875496,1.1472991806161454,0.845156636549557,2.309428445020529,4.827222929751458,0.8592712551394917,1.061753195452504,1.2561960708502662,0.9983435069538642,1.5748497393678567,1.1722064451559238,0.44936301636890574,1.3034313647791915,9.535096156705366,0.8091139019938993,8.840185445832883,1.0665477344354979,0.7429997619106328,1.7847818149031789,1.6565228301345807,1.9072179379910743,2.2454660265142743,0.5529798969579887,3.2314819998436253,1.3905993039912092,1.367022236765962,0.8152295945956445,0.6974875670252445,1.8776971242784328,0.736510653130551,1.805244604165479,0.0,0.9170733442091604,7.030109760197942,0.864067736529325,3.6164677186540533,3.3064890858909703,0.9450922189143294,2.453482676343137,1.7515589036989077,0.7594299539891028,3.4960585751329836,0.9301275300266701,0.6796645005198827,1.1405748632155344,1.0798921417315364,1.6690489140729634,1.2660358587602558,3.3051277514923836,2.175369241261974,1.237943770975983,0.6899402571113171,1.7713505107027188,1.0077581662249822,1.5491742116995404,0.8298948061031803,0.9188082875919216,0.9555263676583203,1.0112796652568738,0.7570954427544163,0.6899953818082418,1.3735134627538794,0.7377351509970904,0.7089614603435862,0.693235291771168,2.682990508305839,1.0267446998049987,1.3660415319828783,0.7980178360233785,1.1278673844910716,1.0026138237828859,0.7651647057035993,1.681814894737788,1.0792263248678293,1.458954769280638,1.241746899523886,3.7323570944672952,0.7771692863897399,1.9816396334704005,3.6333630104454584,1.3285497476918697,0.797375186687965,0.7966789609888854,0.7076178600158332,1.1108456453766384,0.7710119817043855,0.6959406813626293,1.6409322833557893,1.0670420892214048,0.9111661068335662,1.3546233327989938,0.6337748557245038,1.2171997282602596,1.0562447653188505,1.1932852323419914,0.9310881071985463,1.3205349528029282,3.9314090049418,2.9374948656772326,1.5786079052102113,0.5980289105785245,1.2853913561659742,0.9713644552505278,1.6362089835632663,6.466585748417874,0.9551750404731321,2.103139403631129,1.0091449117424465,1.1909177305742484,1.7458501316623494,3.727208404545702,1.784922465764357,1.5854184503709885,0.7487758605495042,2.579890946225774
arc_pair_316997,4.849033293429741,1.0350026546025617,1.5515161559120614,1.452031831276488,1.2425045627188598,2.317501668868272,2.5584301502609965,1.0369978684676056,0.7381360875585388,1.9734406478539106,0.9645879947729561,3.591265622895743,1.1878926703526949,0.845479582624191,3.610363408267419,0.8997208966523933,1.1619192170988062,3.6842989781521926,2.8728260313139824,2.0292751135904687,0.9579171498074133,0.7528879533294441,9.636407546304612,1.7491069368263146,0.8360923036075667,1.0600856666229381,1.5480222073212127,3.0806051312616956,0.7409866760409802,1.101040737328968,1.859192124667389,0.8767071977614385,7.556397500516972,7.232481530816754,1.0281602344623013,1.0148571807459663,0.8090198080319282,0.80686352247451,0.7256661494245013,1.4962004748670765,0.8450803233285031,2.234778184634831,5.079223687420603,1.2918663987660732,1.0867765885443936,1.4717975957403548,1.0463598058246988,1.3414808955900868,1.3788431248459732,0.562255474488937,1.2686332421430155,9.542169130969173,0.9658050703966433,8.742402460171219,1.119012984730997,1.0091149186572508,1.8502439518666476,1.6436577155211132,1.7830816708747768,2.261422855885743,0.6810983650277002,2.998396746903055,1.650182728098243,1.4672022098636948,1.0134161495030742,0.8223719346350945,2.0416125822653353,0.7818558300850318,1.8431198068960355,0.9170733442091604,0.0,7.255140779661896,1.0330186894777602,3.6951000412221893,3.207024922844525,1.1353005345184997,2.4586358639863715,2.0634308009805764,0.8261709072311478,3.2978313156647174,1.071478490452031,0.6366962925977392,1.4277461718342106,1.322522470795294,1.6843647595903781,1.4044226890155005,3.3635121017615255,2.236538507378282,1.341611834283046,0.7800707353417267,1.6878558032557862,1.0502321742634777,1.5847151071438192,0.8783341669771957,1.2496739652314564,0.9092953445038281,0.9482048563329941,0.9442744905640374,1.005992423083199,1.504087752036083,0.9495403949889313,0.7312146408977318,1.2584035644268614,2.8101273845093795,1.204197463594381,1.2040254570771527,0.9471794849474048,1.2656759948466996,1.1021256305428178,1.069752816568753,2.0864140890996627,1.244852848547716,1.3126173427254866,1.2490946276046277,3.782505039570209,0.8209410390173459,1.9692108042516532,3.788627584010718,1.3116076717339102,1.0079647484373986,0.9216938281801603,0.8002662145569202,1.0886309894495532,0.830839805403478,0.9787481359877026,1.8764005563504402,1.262856299801602,0.8432291896456829,1.3802180926849335,0.8196672751717233,1.179479743870284,1.0991840165636688,1.2362645686440679,1.1064617886525085,1.5703792839989146,3.6814746215826006,3.1059756195715913,1.6657377779339304,0.8349820981571323,1.5310088807441413,1.2093464627159096,1.9130372447849637,6.321359687842696,1.0641828518553735,2.269149721169854,1.0572646341330305,1.2329732091834429,1.9060488326976959,3.56329925321216,1.7393309031490145,1.516426175680068,0.8511628057829524,2.605752198942314
arc_pair_467144,8.951376430879264,7.5480007464631,7.266603801636348,7.0729797720927285,7.7268297516371645,7.622705415276723,7.188712987477514,7.3757003127063605,7.098708203111423,7.2208344717733075,7.179319223467235,8.529493793231326,7.3623812058732945,7.038414748570878,8.083540767254004,6.9658050610300295,7.434370435427324,8.01971491196891,6.3289882563249185,7.540755836823932,7.016064397172967,7.124322028374911,11.958616884286045,7.377489437523468,7.295355941071727,7.093314723467921,7.885329398082273,7.446767297409163,7.054153415728854,6.9331689138600945,7.226938872905569,7.160303594255344,9.973546821467892,9.866482575591606,7.4104937402878575,7.404907366168893,7.17168183428822,7.081417174018532,7.0381828176195755,7.270526889742007,6.554841219585725,7.3389040166373425,8.644098778755897,6.812509346966965,7.268736393820231,7.878062062164656,6.915922382862382,7.8860062543506055,7.0277566597630035,7.197401074886314,7.303803745031593,10.973780045154939,7.2097109745890755,11.133191437530146,7.342839025276431,7.293362291787774,7.6212463463636,7.958373226709712,7.908879125295057,6.948772415243271,7.159187234455802,7.219869124957604,6.864442141447078,7.27733483362622,6.95913862741803,7.215065110041226,8.47874154803527,7.2468969995130985,8.046667073446033,7.030109760197942,7.255140779661896,0.0,7.077611304381668,7.821482657053654,7.678987533303873,7.102654571100935,8.477414825628443,7.313773623756308,7.032092833682447,8.078695778083322,7.397662192544482,7.177841951804334,7.627220219591631,7.149788047213315,7.638271971110396,7.134286489006984,7.722143805178535,7.217830785427794,7.598728407173864,7.014053596900808,7.958811406485559,6.706645210675158,7.258630985677909,6.820134308238893,7.017104003820243,7.54676466505474,7.52073010828552,7.178199654330436,6.703227887498175,6.97293899958857,7.178599320802225,7.170304359328364,7.0350270352057525,7.776407029265056,6.8800888688688895,7.557626497913851,6.842712183218363,7.197184497059215,7.15950011692879,6.4491657586796345,7.220595951775038,7.0772416030501635,7.454370479850644,6.87621910672821,8.763707706727747,7.001224502851867,7.070433295155967,7.980919542811707,7.070545014283657,7.091827837056471,7.304084621969419,6.910694818507334,7.276613875622807,6.8596707356041735,7.0144557054504295,6.767537192828785,6.744504980948028,7.399670236571595,7.53625286814766,6.948773715649546,7.355049978140785,7.347206116246699,6.708983192101867,7.051049407279077,7.185975812789681,7.715904825421798,7.201594330155373,7.175659139689885,7.114324277940758,7.277881383396503,7.086208147466202,6.884331167061015,9.718056419620828,7.038465273177864,7.21247279161645,7.574697445653875,7.189245333488184,6.4341878321956605,7.741499634284089,6.742359566662129,6.97359125027892,6.981068433356479,8.091651185001211
arc_pair_200824,4.786103426810401,1.2987065505876634,1.2872082613011122,1.3695822739496606,1.222868162199163,2.5360494119932806,2.298970460026431,0.9804902416938683,0.5845375636783865,2.0566721194451936,1.1170716685826596,3.4069545387189892,0.9195023103417652,0.48803520375177034,3.4170081673225323,0.9356348378773839,1.6726403733016402,3.439084236254084,2.720647427426234,2.170636603453249,0.8663693084558324,0.476590098362324,9.512089662212572,1.7180865130770173,0.3929507677592232,0.7987461025503548,1.3820876403744753,3.219802783594735,1.0340551996042056,0.774869367484026,1.2133045630124069,0.7363945045946506,7.396861966249013,7.145798284571594,1.1153370200627601,0.9089874572543317,0.7414699282584668,0.5967943102124519,0.6544046830866982,1.153686639621807,1.0195788411261923,2.0375860412035167,4.9527461345444035,1.1376042681525849,0.8531160605772988,1.1419138755622804,0.7905870484028681,1.2652070007611336,1.4191781737935427,0.6560925850211969,1.3905426611422353,9.809090657207637,0.7605147908976377,9.03100616155423,0.767001778638366,0.6465847672681124,1.6401567105967918,1.5007132467987119,1.6461009041561225,2.188722050074377,0.6451014177094078,3.23460039264247,1.3139468140436774,1.2272035441718894,0.8808340355255264,0.6753799307574575,1.8507386914561634,0.9172072061744969,1.78331068883061,0.864067736529325,1.0330186894777602,7.077611304381668,0.0,3.7062647084335003,3.593323539226109,1.0596160486572481,2.68616712496262,1.7726605842374412,0.8824820945859309,3.012795924209388,0.8721118204735743,0.7615811027100354,1.2883645381734854,1.273782977295957,1.092162004674338,1.1118173948443857,3.183584108450489,2.265073575275972,0.8837534387324714,0.7580472542789377,1.4752952107405322,1.1058768134494108,1.5303619432841349,0.6285684110219032,0.7462069578951612,0.9357141764194057,1.063450289170499,0.6751437880969173,0.9532199903434728,1.5010340852266122,0.7852265064904798,0.8074364357431509,0.7991600684770521,2.386849883166915,0.7119472183089788,1.1495609623510554,0.749098379532235,1.22494716094115,0.8621740709504324,1.0037160704216388,1.9658024835084078,0.8533546090587132,1.3729084591554466,1.1050074724644978,3.9481622151418927,0.7185876803764537,2.314308021680294,3.948618073238178,1.0900729120877843,0.8940765607186423,0.9807998739634594,0.761367232951558,0.7190298285963377,0.574922885306205,0.7076128282007698,1.6711209124390156,0.7669671936129183,0.875147427199335,1.1507802556596582,0.729018487002361,0.8271558446276139,0.8984253732788388,1.1909045139723908,0.7694077262236965,1.0393397842487953,3.9789149973328994,3.025884855751391,1.9621301603368604,0.6216841301891946,1.3376856471240248,1.0716558049237273,1.4920112731615174,6.424756958522955,1.1672063748446098,2.0447051693332168,1.156125772637693,1.15986425807956,1.6468495035625255,3.8822643941931805,1.8157374618778275,1.984620885840267,0.812246300277869,2.0382962370838174
arc_pair_97861,6.277094182337191,4.114375265478128,3.8733417009089157,3.7418051099125718,4.251017743484476,4.7891727589202775,4.416805170998961,4.04096246674159,3.6803774696121843,4.206831387968032,3.931832714557635,5.755708937085366,3.9692296594187635,3.636231888583735,5.16481556373213,3.6185059699501023,4.004280536956029,5.282458720982482,4.235062838484168,4.396341219192509,3.4683357347662067,3.551155019149205,10.688670308912542,3.8372691674191315,3.7006093509575635,3.6278333829771,4.095637722947787,4.913576271830838,3.62590564188085,3.672618777117661,4.423850757833866,3.716652734947363,8.060502444384403,9.087347854106316,4.084020565926775,3.802447173206514,3.5458930422347037,3.654484037307883,3.4280723649160745,4.081306359402978,3.421724244127985,3.903132175808776,6.207976742593293,3.6851850074277905,3.6463903728195297,4.370470653495876,3.668521440809858,4.254354948729299,3.9141150331147196,3.5715566056765446,3.887450229969502,9.49278147577026,3.7585287427823144,9.189773923750028,3.720181358815166,3.7787095103109154,4.347257778738644,4.473221370753591,4.500003908640309,3.922164587414616,3.6100767040371595,4.203440362871778,3.800485977748976,4.28584410705931,3.6314863213910877,3.4935728277204934,4.202934905110931,3.5340150762175315,4.125309881553232,3.6164677186540533,3.6951000412221893,7.821482657053654,3.7062647084335003,0.0,4.9767054706154115,3.664977185432167,5.286342554589024,4.139612799498978,3.7108394128268385,5.190574227824779,4.024939879390977,3.3530998263265213,4.041190614027279,3.686071835985929,4.108076076847715,4.124398896355929,5.5855443778776195,4.013613675092934,4.116978342685683,3.5588170142060185,4.5618975879537675,3.289571197016673,3.9727949461703815,3.720137604893253,3.7092002738681207,3.7027384102905447,3.767018762801999,3.720338390002899,3.395815969266761,3.6933591303634334,3.666102923086077,3.6428921723967,3.6704648257354817,4.68568521815773,3.7453373609963005,4.061968362097377,3.482911134037382,3.6775756224503753,3.7545028642739227,3.5831617168137564,4.329699318524199,3.850104649943244,4.234386880398167,3.771705629921663,6.059158335005408,3.409495122682966,4.334509495479484,5.55111215174541,3.659773387059813,3.5316792333378126,3.8005530985896137,3.3769826495708095,3.784148395430057,3.4808463754148,3.496528554543834,3.7851944691814556,3.528043584070639,3.7447291968903236,4.114594562421315,3.6465823014309526,3.617956323082023,3.6688340137307076,3.5157376869710806,3.8700247984764706,4.1884682549801795,4.715023727514804,4.213849039893413,3.98950931514209,3.742461210998842,3.895957029259593,3.922754853800642,3.75408916353949,6.1328257689602514,3.581089248810768,4.317895896353502,4.089151559239522,4.026692722066991,4.268676031138839,4.95825536000197,3.8533309650873466,4.026841008380623,3.4915786365657664,4.906526426537875
arc_pair_551617,4.532592894962637,3.7351346009234456,3.432615849084303,3.148119954667325,3.916743942855665,3.7850542278123402,3.0674165069032546,3.612756437616269,3.4665509608211473,2.7760949941755744,3.299562203059311,5.104618532560773,3.8407215511011756,3.3388569373729644,3.9243373757064854,2.7598414741393182,2.752145974399773,3.8053402810502943,2.2614377665398173,2.5383543857062087,2.9996008136891157,3.4044344274083755,9.573988384398188,3.5168973816936777,3.386243577521664,3.043823205096233,3.4603659465424794,3.697420415113759,3.054957239948113,3.0963646659364277,4.143519388385446,3.2554859759112427,5.574634565815409,6.990752979577543,3.8255438002947098,3.6304625006656774,3.212515210623768,3.5462816454259993,3.2504433839207607,3.8202730107725538,2.54166751858355,2.373395389847289,4.488438347273713,3.139749508056624,3.4060170933036003,3.6186078094579246,3.141145057512767,3.4978354697935945,2.66947520406965,3.303179296060496,3.197541097872648,6.685976954537756,3.5596705279855554,7.24557345184753,3.458372762800293,3.6662091325657498,3.833831701705644,3.4569950433766214,3.536847940665818,2.625708356938087,3.2479270682848167,2.3334655100049355,2.8801160364489022,3.9891578685296034,2.9489368061371013,3.311704179360675,4.167096880402694,3.151292653320425,3.8642744555883652,3.3064890858909703,3.207024922844525,7.678987533303873,3.593323539226109,4.9767054706154115,0.0,3.4847851362276505,4.576073256584097,3.069976119086925,3.183432967886146,3.5634694441758654,3.6700724954007775,3.1426376911335905,3.957786988729301,3.4076624900847334,3.718164005292296,3.0315339119548357,3.7506306066609363,2.97275765270999,3.563205669976858,3.0766678896743076,3.5311354335251712,2.7663406663908168,3.1180903179546675,3.4382855485883472,3.4619426468425214,3.4513375650132243,3.140220309901128,3.5183709181580953,2.917120211512083,2.881419573562786,3.4530181309771604,3.179768554619322,3.424937460379666,3.669918187015178,3.288807957779974,3.1180471225203643,3.0561697324712145,3.289962164903162,3.439558635495861,2.786288205479165,3.4403406551197486,3.403144534816816,3.4771817774237683,3.4714316724567724,4.714194399784464,3.0823108566159063,3.6019410019790232,3.8592418888788886,3.133182001012937,3.2218929841795623,3.262022920864558,2.6980457611454534,3.3860966308060934,3.1759469175872588,3.1586594075340697,2.45017362741976,3.1744676206464186,3.5144259351038105,3.3547058781687604,3.1385646040032764,3.125666068400726,3.195721837948515,2.2634961981651096,3.4739728898423397,3.506614138413857,2.775427566424121,2.3737782306291253,2.4727526130932107,3.455495143894571,2.9665673887807347,3.2321167030320943,2.5690956613611657,5.627523635772068,2.9905980068460196,2.201940900862807,3.646040082698373,3.4178374961927105,3.4809792963786563,3.0813778091597492,1.9673040170608966,2.520007774078191,3.061775953426097,4.128260257134167
arc_pair_318420,5.121846154792317,1.3954983877103397,1.8706045049404936,1.5827890469095576,1.4327010982173465,2.334564538376605,2.743435942938803,1.1718007355818745,0.9638287109283072,2.0648291131143983,1.226586615783257,3.516394260204799,1.4595192886487367,0.8894220544677971,3.8013863075027574,1.2018002639373897,1.5562389822181206,3.9099878780624184,2.9040254729285655,2.388278655538288,1.2524291923814754,0.8600072177130407,9.754669392866603,1.886412274387248,1.0296307836598413,1.2533549441601788,1.9076272719244431,3.611221936625349,0.9502938270207175,1.2206981061795936,1.7661736132505967,1.1188488139044033,7.479346208173519,7.204999103212178,1.128360987914915,0.9938497269564373,1.122137376504163,1.0170670862721878,0.858730493237561,1.4723934091631214,1.01405749068132,2.5181666889536327,5.128681679805717,1.2538899964541026,1.2460736207420489,1.639206315865438,1.3026285312851804,1.8825324035489803,1.6054728124713626,0.7102749782739283,1.5866714256899075,9.939517883201827,0.9581971427221952,8.817309100356375,1.5240686228836524,1.1136034984441834,2.1252021271948536,2.0854806816194875,2.243863971318989,2.392893225350247,0.8807953827763997,3.4200203333928765,1.7098691625673024,1.5267310893729875,0.9961873612303493,1.0513121482249255,2.0565078306511966,0.9962008288777305,2.0388259372197273,0.9450922189143294,1.1353005345184997,7.102654571100935,1.0596160486572481,3.664977185432167,3.4847851362276505,0.0,2.6006365011267927,2.1629350397666904,0.9862017054479335,3.7259951116768013,1.0680359125401782,1.008151617564618,1.573625218254576,1.4231608479110833,2.1765078567815643,1.6473033858655282,3.6533611177862766,2.5962834022151173,1.565276081369281,0.9198172293362867,1.9653373324047743,1.3346514894833565,1.8315296296029933,0.8544782483201867,1.1414272154541916,1.3699471901780003,1.3509158087292814,1.1155779398741021,0.9622635016549113,1.5665580810244348,1.1062602216778217,1.017290617854205,1.2049095147596272,2.6784092848168344,1.248559992557941,1.7710600039812858,1.0423914815000754,1.46122569251829,1.1787044654377912,0.9758613317121319,2.1857671545080906,1.3577434407869986,1.4663011823834982,1.2190430523911298,3.7415709105430324,0.9787632187659978,2.1100467947569896,3.786005966271526,1.352332467363935,1.0667236075828885,1.0799611229895103,1.060332905998497,1.372055193624742,0.897914065313492,1.1291179808521394,1.9720976450707572,1.367120016686553,1.1778046766512333,1.7957632969510753,0.8208957519425533,1.4851932538852681,1.3756085852866122,1.3672130522696615,0.9880248329363341,1.6857652302173016,4.1145355390700304,3.264262004802079,1.7816904293806959,0.9261423897689187,1.711243928700776,1.401787154166124,2.0992613413757395,6.104314197272075,1.3374214591617124,2.4044931957709132,1.2620184296741406,1.5132783191307169,2.000602525799397,4.031251558880393,2.0031340253538765,1.9018832515228732,0.959762260880232,2.9169871354179824
arc_pair_654068,6.274587597290777,2.7386574322755903,3.4038622001028003,2.9721177583083707,2.8950651063864505,3.425236123683833,4.012586510358923,2.514575647978647,2.4927872981689223,3.2814791812470654,2.7606614564791556,4.869774028333564,2.7733504292601383,2.3746338744810314,4.639007480070111,2.4415165291029712,2.8380812043441175,5.209010217245275,4.294790071532008,3.623866543595237,2.6252673351583824,2.2737948446047573,10.778961772241445,3.289819412563999,2.607604591422309,2.7031649770538824,3.366773935384522,4.740127617179866,2.489859424276964,2.6843649833712173,3.1863459837243897,2.680754019509907,8.531406653887608,8.236915190678918,2.478389225277823,2.597280116730518,2.528786013735081,2.4598209726708804,2.340855584338505,2.866224177295775,2.580808292482882,3.624951711169226,6.246201556160622,2.756907002351762,2.635766146877334,3.111708950745987,2.6425175023000973,3.352889468109411,3.0243601038839723,2.1914175047482534,2.9053337176843512,10.69762843365294,2.5041682894636454,10.098545614474613,2.900823097256496,2.564569695099119,3.4756508990329227,3.5615394751634093,3.6926646948492907,3.3190278346728217,2.3025417546484697,4.535087701735147,3.2768380466507248,3.037190321647351,2.537306187339513,2.4944622485935315,3.4318138881601685,2.524333301955698,3.309058863100054,2.453482676343137,2.4586358639863715,8.477414825628443,2.68616712496262,5.286342554589024,4.576073256584097,2.6006365011267927,0.0,3.448434486619276,2.495177479719776,5.060980552342226,2.715481415943482,2.5353565740702715,3.0114159147372384,2.866332732342775,3.409403965064312,3.0973877795164966,4.950434544037158,3.799880680560037,3.1215412336337875,2.3892853770655966,3.3193172466427354,2.688798157980638,3.1006432735643665,2.3967118713694586,2.638901095657398,2.8605802598400203,2.8324451904613164,2.420134570130574,2.5877845246942823,2.9126235664722877,2.538043953369179,2.3729463193945666,2.698679338912738,4.180161099939352,2.7376858540195173,3.264594279704241,2.468022246512574,2.7975045956684257,2.596706141953015,2.5381285334662307,3.5789178927513805,2.964428929834538,3.04778827487241,2.8326723639500657,5.140850404086259,2.4848730187984094,3.4185613487990847,4.973893355845304,2.976742046434963,2.425491220301607,2.547583362403771,2.441516598701208,2.791592498647309,2.411212370509943,2.6057810694928984,3.2958025545069587,2.7945907724044377,2.6426073524612645,3.291001056296693,2.4307258054586915,2.959934834588812,2.862577433050962,2.790362631687467,2.53486699312354,3.2551390668514752,5.354033830543469,4.630737513316538,3.154404519327982,2.5081852321076714,3.06474011354722,2.8911270416421146,3.355061385994615,7.516892047774309,2.866407035026164,3.7134089885750523,2.5451406638530036,3.014371882957051,3.4590588772741278,4.751667926522677,3.3012375543383117,3.080086263805854,2.5398622190017637,4.418250282817123
arc_pair_68404,4.555242583568792,2.276937167085598,2.4542644829611726,1.842703379346518,2.3532275730037444,2.815502650397015,2.1481678306899132,2.1310725711195424,1.839413968130426,2.100368570416836,1.8466996622286793,3.945763907698526,1.8967928068290485,1.6373487008970984,3.552456006239671,1.6792130365472562,2.0664344230156333,3.9809680041875097,2.499133886841781,1.9684996408321462,1.679097143347556,1.5913744766943652,9.284934454144524,2.2390169874223895,1.9513905675373522,1.7265421053804226,2.3385557474925696,3.2044983225491537,1.8605885843337906,1.5495081053159585,2.5644375150792023,1.9680813017176864,6.846299608131547,6.802642478646993,2.4569737137159766,1.9394800428404826,1.657459508385658,1.7195527753593405,1.6114821715365288,1.9765069197473673,1.5788605774932736,2.4954878033948953,4.400220523716061,1.958231261919389,1.7545093737883617,2.1979183567039704,1.6640776223900464,2.4109227283057537,1.6977319674009719,1.810772527866782,1.8624434403394816,8.883897676352838,1.9917451351919535,8.135174919423102,2.082859295226185,1.6742188534963032,2.3334394129128864,2.3228343608452744,2.5523697985626423,2.3201451129193744,1.6650875097334528,2.717202725869751,1.957425797522491,2.377993509537134,1.9248851149733692,1.6556323789188019,2.6080781068113787,1.7050507149939276,2.1458974791541223,1.7515589036989077,2.0634308009805764,7.313773623756308,1.7726605842374412,4.139612799498978,3.069976119086925,2.1629350397666904,3.448434486619276,0.0,1.7448380806365225,3.5520608757656014,1.925923701241504,1.7886800242719567,2.431732668910753,1.51526122994647,2.36971182174709,1.8788082450072625,3.3289597684127203,2.205777105124467,2.2469246105766705,1.602468745010262,2.3524577414521124,1.6510419646863805,1.8075047779126023,1.7915845062788776,1.8302107591170529,2.2916084353123454,1.8630088016775366,1.7883256591247414,1.7597581126321855,1.937615720233308,1.7584129159688673,1.7423894787920744,1.805455494339859,2.481228138651126,1.8241851330974397,2.2851224761538065,1.3882350600294902,2.019233619394023,1.7603460525879433,1.5532537043366987,2.106668837757681,1.997725917771644,2.5897749386104274,2.0243149601247348,3.9635759759119615,1.6325745549814115,2.8880734467763385,3.6663130810705225,1.879240577341824,1.5451506943287303,1.8924787184894283,1.3928248597710238,2.1202777950082154,1.4421074484219052,1.7360636196115342,2.0486543823122396,1.5382903936166041,1.9711687239310067,2.3753921595748095,1.631541372629919,1.737862993849589,1.9267378113559377,1.595642192960824,1.9916672489277836,2.272064989504479,3.4960479735410197,2.659350753407419,1.9243657626433253,1.9777853538251267,1.6779254836712867,1.4872869171390153,1.6190029727140618,5.956128302490047,1.9744476148157823,2.0089623553805103,2.2430833902946254,2.1652088575299953,2.13128689521178,3.359768599331953,1.7193796435940232,2.0544746198623116,1.7014860286035254,3.1202678707359306
arc_pair_407510,4.863421785212534,1.1274958715059866,1.6749646159225209,1.3025278479664695,1.1678779056952884,1.9567686829765765,2.1912279303898137,0.9481577338518465,0.7442684163957539,1.8907317609587624,0.8929560543267068,3.4086074405625557,1.0091435138815816,0.6097908135261435,3.6333721545297575,0.8232255220926832,1.2033843828842592,3.617025045174137,2.778950493446562,2.02635652433716,0.8951402819667835,0.5196463592321272,9.707287786054305,1.649135259353039,0.7930499121619136,1.0617878662098976,1.5259371272820215,2.9660726615104585,0.8192214794881311,0.629596047513016,1.4709455536627059,0.8040460849603204,7.404032809190251,7.043502866166955,1.0182502525524721,0.8929203906242302,0.7908031827936501,0.7277956822195558,0.5754276556887663,1.2594660523758154,0.78847330570971,2.2451602877862196,4.832005422945408,1.1352908121589338,1.007859675915304,1.370451814370412,0.8743446898766187,1.5358100675447441,1.2820947051995137,0.4966566167266942,1.221219327310744,9.320066904665806,0.8219598008967509,8.749172511985458,1.0580421115117697,0.7657460267063956,1.8255898687169587,1.5641771736791625,1.877488886536638,2.3726278396282785,0.5976819405362657,3.0708729467573175,1.5248062846947417,1.1967803738547822,0.880340036664759,0.8559442681923344,1.9062611024204699,0.6683004210187362,1.6186378603411258,0.7594299539891028,0.8261709072311478,7.032092833682447,0.8824820945859309,3.7108394128268385,3.183432967886146,0.9862017054479335,2.495177479719776,1.7448380806365225,0.0,3.459178646232829,0.839322902979383,0.8691864372502105,1.4408426729004191,1.075762123143349,1.6523246520401638,1.15167862179976,3.258083261483129,2.2457383271521456,1.3455115150666672,0.4943588370766968,1.4815634536200375,1.0698667831687074,1.4580127182107412,0.553911980417081,0.9554251774791266,1.053764666817058,1.1294535218644228,0.8583167551267106,0.7026738622546129,1.4795593817969053,0.7754039271958177,0.6372501475934438,0.8583273104856914,2.397273185316928,0.7692489231020516,1.4030535072834995,0.6259400848878913,1.2579035895264312,0.8876932935361741,0.7569749873218671,1.658795697656664,0.9853703333744135,1.4254980250198934,1.0480632159823227,3.722951370586688,0.6099158611231438,2.044772692966396,3.761530611189087,1.0706111970746666,0.7151578573047854,0.8717135558572637,0.7550746805982229,1.133317658891512,0.5582699329937488,0.8014002158934045,1.6614668323009867,0.895680345689694,0.8368707763983559,1.3520219946300962,0.5891996701818887,1.1574927621681903,0.950270882905003,1.1545500032297809,0.8224694954895797,1.3973949090257711,3.9329040417847,3.0804287658440805,1.5757768118856479,0.6795057802479985,1.265288792305101,0.8414769980532264,1.7913215237669724,6.297834655059264,1.0293812916823288,2.1853556998466748,1.1457472678202263,1.0967229132220502,1.8106743376804695,3.637307698569175,1.638991459598766,1.6038613622198197,0.9145206379278323,2.7104895950585437
arc_pair_193670,5.4500434269246645,4.165830632071794,1.9730174443977324,3.2337870311901646,3.9004319117366686,4.655535759392109,3.904306002873936,3.7797302372749866,3.182268972501111,3.520367225750025,3.3963513259903415,5.758644366012487,3.81399416005973,3.3769993365057283,4.2749451421183045,2.855259937461928,2.858465695980057,2.1029177045058987,3.045476377100605,2.6437295825332705,2.9060170645915693,3.3839858947896992,10.531018020900937,3.759520128683002,2.894033612876686,2.864236303550347,2.916854348954357,4.8057823073455435,3.178548967507296,2.965841113290943,3.992073363032336,3.0686184380837735,7.100392103235783,7.910304012229721,3.8415498573744893,3.612436468482401,3.24354616576645,3.534883266085438,3.308648739007815,3.8985896253353767,2.7654566751914076,1.9448300196062727,5.299987141759367,3.478593341931596,3.2450583809211166,3.700071900949907,3.3931691872116025,2.173700309007333,2.8251255700279456,3.49049117237423,3.265564736606141,9.072016605827654,3.605966715886023,8.936969438288253,2.486232072504775,3.6535364742648446,3.8374921682779846,2.191792259374138,1.847829417156257,3.2665873324406016,3.3499843511950305,3.362076939396423,2.7814271679453366,4.07249375786772,2.828488471775787,3.115952929863909,4.389698485254728,3.207829523672611,3.97213852221737,3.4960585751329836,3.2978313156647174,8.078695778083322,3.012795924209388,5.190574227824779,3.5634694441758654,3.7259951116768013,5.060980552342226,3.5520608757656014,3.459178646232829,0.0,3.534400030782799,2.7402469855152076,3.8517169047665027,3.2609084787869502,2.682284736769539,2.1759548583621386,3.8952039758085157,3.0815217368555845,2.3004888053645445,3.109167518014733,2.699882810268581,2.5682897887461236,3.445441997227975,3.551234788531928,3.7584839746083256,2.749173378101804,3.0123580854024863,3.3603348653078755,3.016865388235217,3.1377277780981085,3.546048480116874,3.175004586420089,3.5330946205289715,4.399191645275141,3.2740307868950964,2.141019241385396,3.1905010650183843,3.3467820578527845,3.471485024354237,3.167210825630101,3.9915889178271797,2.501750684500391,3.0840125195663783,3.722198911661142,5.669591820916002,3.2708925636635064,4.386033549390071,4.922727061454683,3.1085864456888634,3.338385374093277,3.29236445923799,2.547115510472759,2.538976973409465,3.1534798719286004,3.0791173814149038,2.7000259190068747,3.320803726245846,3.1181586730159845,2.1349352439776093,3.3037988853752864,3.135989975915252,2.7240381499473,2.690375603302402,3.46123823299289,2.750628767983704,3.9898611806709763,3.137520473035338,3.0208721192387045,3.2810391486440107,2.8592896153046015,3.356605610778266,2.367017681591318,7.047044368313596,2.6901931233971057,2.7960195251050006,3.8480498475566933,3.7161784676641325,3.5221366649437043,3.690670408134504,2.3804230592105484,2.924827777285375,3.103558558809063,2.4550612017431668
arc_pair_191620,5.049287780077102,1.3532893617475785,1.6672166763301468,1.4628478814543164,1.0492965956895572,2.4860736547754794,2.540065722566472,1.0683019270238845,0.7642119022621755,1.9683459194399695,1.167474632480964,3.5451968118572834,1.1861843309496711,0.6700693856917714,3.695970658644496,1.0480746140677004,1.563103793456691,3.822471676051533,2.9605099834922037,2.30667201959038,1.0072676541082877,0.696234149050603,9.777601150396922,1.7957894307417934,0.8190112794333166,1.0449128877754315,1.5876707372658563,3.4500508271636647,0.9429194894384342,0.9456527548118162,1.5697755253627057,0.9311039248552011,7.520549155398983,7.161415549885566,1.1707462424498558,0.6116513721928152,0.919709476893653,0.8007207409088108,0.8074771815928949,1.178220386917681,0.9706215783540196,2.404952973855318,5.082163619263142,1.3090128626784587,1.143031777252679,1.4483486404718333,1.111064198338505,1.3940803983046803,1.5017920140927608,0.6929680002720973,1.464542169515593,9.907486697590663,0.9365101186338843,9.466591473751402,1.0613403160143917,0.8585027713228026,1.7483201832882267,1.5355556415583578,1.7948260959273166,2.2130008271943806,0.7290942843010713,3.431405429776612,1.56607602572328,1.4325652757156369,0.9326575637109662,0.8807706107621568,2.0680498549494226,0.8529497137560109,1.7381367386368283,0.9301275300266701,1.071478490452031,7.397662192544482,0.8721118204735743,4.024939879390977,3.6700724954007775,1.0680359125401782,2.715481415943482,1.925923701241504,0.839322902979383,3.534400030782799,0.0,0.9271778182333738,1.269306396450092,1.256477852816728,1.7146884903558837,1.3281580106869082,3.514847999913883,2.422762952032345,1.2601410011872825,0.7778089910592204,1.6132600949584144,1.1622372766137874,1.6856907825512244,0.7630843401874577,1.0211655144500593,1.0824136194507639,1.2105412628324674,0.959719541562321,1.0044874883335129,1.5636696226195799,0.9840698042334455,0.7596000680652948,1.049171282204369,2.6518062704553147,1.0578193859786675,1.4313293474249442,0.8721504877762389,1.3871497721816617,1.1574578534564175,0.9329435782580158,2.0609556243070224,1.038867367774572,1.5218374744041392,1.1435084168641496,3.9741003477297734,0.8424942014752812,2.1792365375972023,4.028810768734083,1.3780005821014503,0.9636691292576474,0.9714343703156015,0.8977156578615777,1.1928364671750902,0.6870836304527544,1.0022773918039098,1.9612011489123926,1.1842632306232272,0.9792537646314132,1.4420706352493606,0.7293055598519065,1.3128315502573145,1.2682522818907287,1.3781813663818154,0.7608979723305548,1.5188167036079587,4.152861592714919,3.3445199346016494,1.759883732740855,0.8867503111679984,1.5807382327322834,1.015934838529068,1.8830017345201504,6.629720686414691,1.2357824642469977,2.334999255597199,1.2232648603493708,1.3293467372074028,1.8746316586039167,4.062537718964848,1.9160626784673411,1.9125207531115418,1.0392989708753368,2.6698957257033222
arc_pair_132016,4.672528689467021,1.1975106935611857,1.033990568003041,1.1130388200128325,1.092738124875926,2.2804613096615505,2.397267841461307,0.9607488190019723,0.5231960161905943,1.8536379712553546,1.0097277765226538,3.4924886896412213,1.1619956018558733,0.7074620148613692,3.3391358806804785,0.7809888669195736,0.8850390255540094,3.5607094443329497,2.6288007031516893,1.847761814474422,0.6431926590747272,0.5650734355702567,9.569279194503874,1.4169623907093938,0.6418788366207657,0.7560203598950914,1.1149474882757333,3.143689001488859,0.5118925760773612,1.053239153853021,1.8664061778980168,0.6196171061287543,7.331866308884712,7.177371025238041,1.0240805926876733,0.8005776682478816,0.5106519491164268,0.7282265132294947,0.5159631222354362,1.2762084422382267,0.6437960966075381,1.913392127534842,4.830983072033884,1.0550251886327522,0.8333817129483119,1.2185947307541318,0.9331765617124335,0.9967479417690077,1.087637371215068,0.422260642041345,1.054929379584228,9.534883756747789,0.7744685945484284,8.722631611361837,0.8453628060199292,0.8377988587629518,1.6566971797966807,1.2274339497042728,1.2856189158316047,2.1237974114151816,0.45898628624888493,2.813111399464846,1.2488856629305745,1.4719218594900285,0.8260379146403014,0.4938198384638619,1.888754025996748,0.554768156844897,1.6847611115429482,0.6796645005198827,0.6366962925977392,7.177841951804334,0.7615811027100354,3.3530998263265213,3.1426376911335905,1.008151617564618,2.5353565740702715,1.7886800242719567,0.8691864372502105,2.7402469855152076,0.9271778182333738,0.0,1.2336564899720033,1.174125704322873,1.3650163286349222,1.084369350812104,3.214871225505382,1.862886208471028,0.8296008277218903,0.6978665540741447,1.4056277025693937,0.7760244344092067,1.34301761484173,0.8900798235867624,1.126936060048949,0.5435541496935583,0.6115253517779009,0.7102427253697008,0.8589254326292186,1.160623419660162,0.7512771495100835,0.6479374790344467,1.0082329970890482,2.679301758589638,1.214750600597374,0.7677398763663946,0.7755119958056058,0.9631582648065453,0.8699851011826605,1.047123589247056,1.9789692161666135,0.9987770053553484,1.1935320496842634,1.1204330443268788,3.7425513829349715,0.6863089763749954,1.974345540608247,3.7634802927124023,1.1121230954548205,0.8478730674319248,0.778791808611059,0.5287675695485314,0.7650183098808659,0.6477234301783856,0.6329303571061311,1.5695698053276574,1.1470603206673098,0.7222430253413203,0.9860262404771937,0.6400420248517736,0.9282096999629645,0.7058323238261552,1.0165197349673811,1.0479134864181037,1.216262964384804,3.562886038294841,2.721800637305291,1.505571265481823,0.6122845195888471,1.1273716322111114,1.1267683948216147,1.5373172362107412,6.218539033497165,0.6284905965658417,2.0012075551644357,0.9444511900264827,1.052981223982731,1.6333692166944642,3.4086352834749665,1.5081012350850522,1.4408946674831262,0.5326538938727909,2.0069089894891374
arc_pair_462324,5.220251325382617,1.740514151887531,2.0877349781736916,1.7550031033965494,0.9753015597051302,2.8239263164617348,2.7790794698113723,1.3216703668841308,1.1572727548100805,2.029905255993045,1.6193881368457081,3.7211057153244345,1.5377612942234555,1.1355566817650526,3.896990270666091,1.4118727348282083,2.057071438441075,4.317890282861202,3.2191045419452418,2.651692236913124,1.258822276406795,1.037603608361957,9.91712062528559,1.762288808024482,1.1471623599947869,1.3615192341254425,2.021395444127136,3.5490294254912005,1.3779524075035756,1.3576767973570076,1.9887316571143185,1.085454103977264,7.859993270294206,7.353212830231132,1.4328755753822793,1.39301797587089,1.1849314314791708,1.1841793058797625,1.1761985009410278,1.5895923263299774,1.4803642010609834,2.734358495730194,5.140273956565171,1.360649883074802,1.5402008782116785,1.898039099470274,1.39250951862107,1.7339855847279213,1.9497500843665756,1.0244410690757744,1.700505206974571,9.839033591927258,1.2658838413102262,9.42443310896782,1.4352524905337898,1.245225393657896,1.6168012454229168,1.940077790752297,2.0894905838354845,2.517171016708278,1.0488757400192714,3.889195594135767,1.812700393517697,1.772794021232227,1.4580047079803102,1.072080905903991,2.2228574503934224,1.2729368246827417,1.7441164180265423,1.1405748632155344,1.4277461718342106,7.627220219591631,1.2883645381734854,4.041190614027279,3.957786988729301,1.573625218254576,3.0114159147372384,2.431732668910753,1.4408426729004191,3.8517169047665027,1.269306396450092,1.2336564899720033,0.0,1.6599651785414218,1.896253556778991,1.9189774785849956,4.025905827624006,2.622806785020505,1.5482779434948952,1.2346570936806986,2.1883070606452963,1.5318879540114234,1.9576510691264004,1.2837290898216926,1.3824231249843464,1.3809389636684157,1.6251124271113286,1.227570128763024,1.3954243760461442,2.000972961416734,1.224940563778809,1.0510869941476595,1.305818490015962,3.1739527044649742,1.4423328485026738,1.7989087198185199,1.3089441033439002,1.7464728544440513,1.4662097904020746,1.3888963482796794,2.301230648640155,1.6157985556239178,1.76867033067896,1.7341873929366856,4.092303723739906,1.2995428985724122,2.520715625357407,4.299081913921423,1.8596390476706528,1.373321696811024,1.2218924144490553,1.3054970589006716,1.6672092361965993,1.2906458486792733,1.234287766740918,2.475893254743652,1.560539438197252,1.2416470313218324,1.8136755443997243,1.2887602828097267,1.6561283611888629,1.7989747091477226,1.68254803630367,1.111692062569512,1.9680782422622793,4.50866190575413,3.5797509508135166,2.086713919358275,1.233069482725223,1.9144013974001952,1.5190361580032676,2.11733303027171,7.100852930882432,1.4751724734230622,2.715600066363259,1.586051531897206,1.6634488677740873,2.0849632098685427,4.321299552227655,2.243259979875918,2.180288484964519,1.2906517656283736,2.9134730389289483
arc_pair_372636,4.892044791951078,1.7154519438794091,1.7851564495476548,1.5273313175699241,1.6135701367865023,2.3719498951857134,2.5836366299578035,1.3855963033393224,1.0903621623937163,2.1785324741854124,1.3944152356947872,3.624704743476882,1.488558678968744,1.0627255049977329,3.525842295369517,1.1441602978475152,1.623881814300916,3.6220877872815276,2.7199508194291133,2.1575309652794292,1.258694795647894,1.0034436784408483,9.720442970359409,1.5672536964217274,1.1694182185427577,1.3030540672939437,2.007285105185151,3.2342491437179177,1.2330618792373975,1.0416035914102806,2.0861682374127573,1.2427781487403144,7.494176415715037,6.929419066099308,1.4726751956173563,1.3133718816426203,1.1904871359426457,1.2291268432842173,1.0104445184905972,1.5886685516003414,1.142710750751289,2.3147912081558784,4.880462769763163,1.5277384291846468,1.3324483560075895,1.706453498451872,1.5029600809245414,1.7809571511331823,1.5205447968505816,1.085557833085017,1.5138750511268502,9.491630697070896,1.2720697373231744,8.920810248477261,1.3592768465601366,1.2681772105977442,2.155469216302527,1.8539121726697814,2.0256720828625348,2.316989108222384,1.08155149616206,3.276609086899281,1.6135699991215775,1.8186656762827078,0.9484696565961911,1.1423055368486468,2.1152366279123953,1.065500132013482,1.5912760400211725,1.0798921417315364,1.322522470795294,7.149788047213315,1.273782977295957,3.686071835985929,3.4076624900847334,1.4231608479110833,2.866332732342775,1.51526122994647,1.075762123143349,3.2609084787869502,1.256477852816728,1.174125704322873,1.6599651785414218,0.0,1.8905514929282055,1.455012807269664,3.5846296028737403,2.240369373785467,1.5301039183325273,0.9689191148455586,2.0385771760773954,1.249514881388123,1.7275750281818545,1.0804999550944774,1.3634671938331462,1.4691814112990116,1.3714768930692283,1.2312047456026514,1.032780543836615,1.6063747336927952,1.180501635368881,1.172251948502578,1.372478915067999,2.8089792366987436,1.2233114442932944,1.7230758017660204,1.1388816296589612,1.6019775817820978,1.2545390438232658,1.0472597025236026,2.079472377017133,1.2772603820518769,1.734215207168988,1.5211010543989332,3.99360298315071,1.1655562977392644,2.494713340850615,3.9976678977165436,1.5180299111577849,1.130890143771711,1.2756440611289968,0.9384784793163992,1.4104569822763016,0.9717630767628023,1.2858113547006522,1.8541321692171282,1.3754456274846205,1.2219384846541983,1.6006169012397191,1.123776123838673,1.4754354925362603,1.4098205370582508,1.5101436018479375,1.2113919811682554,1.658409669173702,4.010635324759151,3.019334969298326,1.710272127111783,1.2330337159431222,1.448028008514811,1.4483528306570133,1.6050088542870733,6.515398863799451,1.4109841021990537,2.2581307496378527,1.628039913081115,1.7159681763299441,2.001647726028993,3.741799926974613,1.9015844477928159,1.8103230668081003,1.2068975709530148,2.8607084445895854
arc_pair_442679,5.1439244346203346,2.1266727614364083,1.3285057167106564,1.7897179541934487,1.9614378985888183,3.4642244644162887,2.5765188839356314,1.9319064938443173,1.337893675961772,2.5146566378509423,1.7007119123126633,4.07531639506056,1.4896612857625657,1.4087431258078726,3.750185964722613,1.3898337868063173,2.159545538803588,2.848978933755884,2.9071728284822766,2.212532612803342,1.2594032655584204,1.3002553638457703,10.181042262472205,2.3930869364597673,0.9759895720538618,1.3034541848374999,1.5576176552324141,3.6621544421900296,1.8728905595616276,1.2614484556353005,1.9085530916937037,1.2756999844752737,7.22060498979796,7.608641978530016,2.126322113636788,1.7410264900064591,1.2689687529962437,1.5278271994526125,1.5123212524114358,1.9923456142840232,1.7701431923196065,1.7317159890681297,5.200183685583706,1.8700538675741947,1.4112192236647796,1.807098308367022,1.419503606766297,1.1940250935388415,1.8818257146378494,1.6520634909447711,1.9430967318482892,9.450246404149956,1.712055018101957,9.068283897242736,0.649518635648404,1.3594810645861948,2.0709343808320257,1.0265262874445167,1.2231197300305001,2.086986496636181,1.4922559250953118,3.3703828556182165,1.6815160677272345,2.0763648333988285,1.498720081402701,1.1867603517774592,2.727410066172943,1.5999523427723792,2.39258673162567,1.6690489140729634,1.6843647595903781,7.638271971110396,1.092162004674338,4.108076076847715,3.718164005292296,2.1765078567815643,3.409403965064312,2.36971182174709,1.6523246520401638,2.682284736769539,1.7146884903558837,1.3650163286349222,1.896253556778991,1.8905514929282055,0.0,1.3395117273017654,3.39431224263537,2.422799203718503,1.0642998405560558,1.3915990302020782,1.6266028211431571,1.4384780684886131,2.184510696131428,1.7015589662413755,1.5721842934694217,1.2431923981383954,1.6106695396431499,1.3028346900146692,1.5461231576028065,2.202063590991837,1.6036535890980574,1.477901317074799,1.497307100207515,3.096840083319571,1.6416998031647885,1.041989701769963,1.529649760048566,1.642860476923024,1.6478686053208693,1.8771384734438725,2.6709856837489996,1.0877346151027047,2.1433703807301323,2.0695109793993436,4.632221397405929,1.5932636590858138,3.2607381157567388,4.360369827450253,1.900349841882093,1.659338953814791,1.7981424514140674,1.2015488239704981,0.9143081076270195,1.450264234706969,1.363759609424274,2.2743081783866863,1.286989839204273,1.3052353799623049,0.9919158560037613,1.6939640813398524,1.329935372799101,1.3354179383268308,1.8598396054003121,1.7463512455186758,1.6033107495297076,3.975347680227997,2.8999605308213754,2.4114947233180395,1.4371803709573352,1.7463954285426508,1.7259744327356938,1.5221227065156455,6.988167869645707,1.573269121283165,2.0835848680678173,1.8941771493306734,1.9395296400572855,2.557609668589798,4.065837856694525,2.0783680511566027,2.400021676841464,1.464020363513786,1.7594832617439764
arc_pair_473036,4.58673930693919,1.9114774339475895,1.253854790792869,1.4391446251082534,1.7462104253045576,2.7671834813417595,2.174517274006489,1.675016320628399,1.1754307892494391,1.9860476989689309,1.317407289152499,3.831815270823741,1.583441783383587,1.3157057074483591,3.526017443521348,1.159391747153057,1.337714603407191,2.7575088657148203,2.484642909425879,1.5873212948963897,1.033534149602168,1.1970596094247643,9.730780037961907,2.0379597340136524,1.0718353583411961,1.15412460524634,1.4255239238420283,3.215679844706993,1.0965274719584563,1.0091031967102637,1.9761256316985947,1.0882805524208412,7.141666360568633,7.077678562183567,1.743202139487158,1.4755413677754503,1.1267598135037173,1.4643257389199187,1.1093607723169943,1.7408706183039175,1.040122377403096,1.6344162336509989,4.528736271575507,1.626865881881307,1.344454083673748,1.798422631149461,1.3791376239650925,1.2798742589847798,1.2869152453218797,1.2613633090716414,1.5013357958296745,9.0293729759019,1.4802950649191176,8.798148362185245,0.983727201300237,1.3379975715539014,2.0334079465286874,0.9355538214196475,1.10119002774449,2.2909390373803005,1.2262549345983322,2.6689356650908156,1.5940164047854082,1.7991942483671997,1.002297488878979,1.1651549139953297,2.544338588779927,1.2482984033477469,2.147454106527498,1.2660358587602558,1.4044226890155005,7.134286489006984,1.1118173948443857,4.124398896355929,3.0315339119548357,1.6473033858655282,3.0973877795164966,1.8788082450072625,1.15167862179976,2.1759548583621386,1.3281580106869082,1.084369350812104,1.9189774785849956,1.455012807269664,1.3395117273017654,0.0,3.104660602596428,2.047419880305894,1.1000832984107722,1.0774242533821383,1.2474543305728396,1.2168660546138923,1.6973953638586419,1.294834377782267,1.439133965166174,1.1569661604823258,1.3143318960122103,1.3825086624747271,1.0323197875833765,1.4807431622720677,1.3897364772683096,1.0842417475537967,1.3288972303540982,2.7288033456049865,1.2808640463448697,0.9583280901495268,1.052721441391826,1.7532358393321337,1.56572887411626,1.1728760341041151,2.1360637549282506,0.9833198019429554,1.7338486031675413,1.6360312947002198,4.035270702498627,1.2229021854908966,2.6836937018805536,3.849714471939012,1.3139980454733087,1.303112632978646,1.3908813106858666,0.8376673882642071,1.067929627756332,1.025978619946411,1.1657166824944785,1.524419291785047,1.333047232786843,1.3134188888942493,1.0202918503632041,1.0285891407077952,1.31755304211188,0.8262670976536015,1.2618178842008727,1.404855491862292,1.0466834975197667,3.513277044741578,2.559021806268409,1.638252362494343,1.0950429097404693,1.365249021915921,1.1607282876881486,1.4791166610211186,6.5133807152135565,1.1306253027974005,1.8384675381883258,1.740046643218141,1.5574789552923711,2.0778624065518567,3.470026651419303,1.4934577437171614,1.7812950361332707,1.219289884689069,1.845208693536524
arc_pair_433595,5.04676910031298,3.791325741815954,3.2432062519982967,3.324897434617596,4.000321020101339,4.44183722949864,3.4409082951884926,3.640302418484964,3.4870735921090223,3.0772053544909075,3.393718127058535,5.2260038531817825,3.5130540316929504,3.1130694199006905,4.422488980437118,3.310270495055417,3.3145873044400975,4.123510958461628,3.109885533882049,2.862339494658034,2.8628031720980687,3.301712016784562,10.02154281482824,3.7654203220458258,3.2744679893974635,3.1857941548590873,3.3516435511150062,4.217518070765247,3.3613698465581296,2.9744605197287792,3.446052562734006,3.2900776769745423,6.581114338281364,7.796051117046947,3.730843729083805,3.4252544774556983,3.3240423853643253,3.4554856679240356,3.115956760163863,3.9325649914668865,2.8584675075922807,3.4332587778123558,5.117825310111152,3.1240831264870854,3.3476665795294327,3.6547310896567917,2.8453803537298596,3.4140494325399384,2.9788864450264683,3.379663053089364,3.5528806134136524,8.847846424548434,3.4937347061304083,8.791408518195524,3.316995578505174,3.332495892598654,3.7331584684974457,3.3378684460710706,3.643602552004886,3.515057139180769,3.339121475921533,3.5780177999012595,3.017559071235276,3.551677666816091,3.381400265806545,3.2081224751149717,4.390922035417939,3.3145255522886057,4.085220907304532,3.3051277514923836,3.3635121017615255,7.722143805178535,3.183584108450489,5.5855443778776195,3.7506306066609363,3.6533611177862766,4.950434544037158,3.3289597684127203,3.258083261483129,3.8952039758085157,3.514847999913883,3.214871225505382,4.025905827624006,3.5846296028737403,3.39431224263537,3.104660602596428,0.0,3.3964875066032363,3.536643952634629,3.307512406310339,3.3601624097695697,3.151974267456756,3.3773490798804158,3.504649492294377,3.2686562309412133,3.5964214048223275,3.443287418809944,3.369468932720728,2.9998866903199923,3.39049059232455,3.2206851209062144,3.352183708960993,2.9853432684933825,3.6055240032469706,3.148453181142143,3.215880084419118,3.0643979614716645,3.4775424774944255,3.462361396943078,2.9832699743748745,3.5588617203156665,3.2493874791425914,3.67124801204431,3.389342776918546,5.196583025836813,3.2142405271186614,4.141625333663631,4.767864584522252,3.0727573098898016,3.2113920340542657,3.495995530519178,2.9740817997766316,3.3924903542015636,3.103509394823955,2.9508135068076933,2.577655111070392,3.0642512189326365,3.4497371022989793,3.2978403014235926,3.0236705516932187,2.954441803111826,3.1631185904664245,2.7289073617939534,3.41594006953002,3.384345171260092,4.024939999930119,3.385607939909784,3.263232461812903,3.180180945182554,3.1332659833152743,3.072704289806642,2.7368756255539006,6.603259829033199,3.1583478340441076,2.9919522867983184,3.718831996974596,3.42144829112528,3.2007777819742995,4.461150083737962,2.7342799136804317,3.0160708683215547,3.0748888280107955,3.6793791976795185
arc_pair_653762,3.9409970632079574,2.7322102094806384,2.2568752507117926,1.4379387113102688,2.6749999457055815,3.2057880691232903,2.1675928137142364,2.385450977474891,2.203589055548468,2.3055868833506405,2.2798886966281904,4.040342219298704,2.560058668403821,2.237985387827536,2.9975797042463443,1.806789173980207,2.253104021602626,3.6907677528926994,2.4554580843520943,2.0311154931669835,1.620682032924596,2.0631666748559567,9.140854288490779,2.3476547320204486,2.210793731616854,1.8606357327751812,2.279229754298143,3.0836870873949938,2.0632977206402305,2.1005509854818976,2.8903764404259515,2.0271619469019857,6.352024313917301,7.1597458983134405,2.8065072177397687,2.261696305692894,1.9733566598474281,2.1820947010458935,2.1396122008927554,2.7816263929838922,1.8358171068354232,2.3545610682024902,3.912629071444314,2.257930566075647,1.5746273531642463,2.6149479231123824,1.8923904048029117,2.2655644105134236,1.8516081019474067,2.1066212839328844,2.1950575483805377,8.223104770109732,2.3286138582284295,8.180801208674175,2.154751481434663,2.1297938495364277,2.461350104340506,2.3286998993407186,2.3322356640044424,2.703562633851521,2.0491286999512943,2.702570150936369,1.7791447485888856,2.5353777591315074,2.032056723088167,1.9193948558814982,2.9774256616990833,2.0651767590614662,2.6359631472441354,2.175369241261974,2.236538507378282,7.217830785427794,2.265073575275972,4.013613675092934,2.97275765270999,2.5962834022151173,3.799880680560037,2.205777105124467,2.2457383271521456,3.0815217368555845,2.422762952032345,1.862886208471028,2.622806785020505,2.240369373785467,2.422799203718503,2.047419880305894,3.3964875066032363,0.0,2.349817350917581,2.0228968853760882,2.4868703952692757,1.5179194322585523,2.3036780100114287,2.361237748264342,2.253491266394725,2.1729694216938373,2.0778233736843386,2.2325021357039674,1.9673696189545167,2.1679292501589753,2.1824699610611775,2.039586240162037,2.104550959902012,2.867796946079169,2.1461832000622363,2.2038452401401885,1.9742192160929666,2.018049250641276,2.400754393428599,1.9786737029222283,2.674586885150032,2.1599969904449052,2.6367056170540537,2.2728662361064442,4.330888158310748,2.0745892512427173,2.9332517337293207,3.646255740555577,2.2073280664297505,2.1278290198056418,2.195860490847533,1.6094688892609146,2.293412224960502,2.1114749054561726,2.007735078811264,2.089937352061907,1.9948481285509714,2.2669885319734684,2.383875570248499,2.0832391260970833,2.1580613036646046,2.222010920395396,1.7832991235966245,2.4686444088128847,2.4968910304256284,3.4223298705915246,2.193242030359027,2.0875211721986267,2.2250170383991446,1.8866479758879477,1.78338340277387,1.7750373466619842,5.87212948548613,1.9332280095915364,2.0746576578363074,2.543912775717134,2.4187202630132747,2.3090307929154914,3.1871659891094386,1.7089184046175214,2.17306820313281,1.8172805387105015,2.890593957963469
arc_pair_42831,5.173333875938939,1.8097286536117179,1.1503592579176234,1.5748391163270603,1.4208046240839098,2.9815703811769563,2.912506454179861,1.4279195156304776,0.9037858070067233,2.253189862074138,1.4370885406465286,3.9828833430284325,1.5851041027069956,1.0923504333649552,3.633081451143711,1.0075365838587618,1.5735063133530072,2.9569783815500905,2.91260868493895,2.1755986061074206,0.9847204580450095,0.963619940215999,10.113129466093477,2.0308895310894304,0.6768351751660242,1.12352347157544,1.1824264143450982,3.682886560788261,1.280884894501833,1.1821342806864616,1.893915640443658,0.8134229412765948,7.499893816755424,7.426127876743307,1.5596823895597245,1.2611492051359146,1.1058812226523718,1.1894215359814426,1.123185811780425,1.6166425720734194,1.322867981254767,1.695317434965532,5.335033525686179,1.6107939414719943,1.174962804586821,1.5054078659652252,1.4617165392006104,0.8485886562375613,1.553907314408416,1.0945169150331724,1.627612981298273,9.88550989778986,1.2740915417590135,9.297137176612592,0.731400108395303,1.1762340670575993,1.9168809179143405,0.8788216277029817,0.848286055989895,2.198594509412293,1.0137385801171228,3.433184760542037,1.3983946252642747,1.8497498750007668,1.075959808315604,0.9120258196049371,2.506454095319994,1.1927930857547004,2.1551998906665917,1.237943770975983,1.341611834283046,7.598728407173864,0.8837534387324714,4.116978342685683,3.563205669976858,1.565276081369281,3.1215412336337875,2.2469246105766705,1.3455115150666672,2.3004888053645445,1.2601410011872825,0.8296008277218903,1.5482779434948952,1.5301039183325273,1.0642998405560558,1.1000832984107722,3.536643952634629,2.349817350917581,0.0,1.0314216597031167,1.0675889306294244,1.1841541019295136,1.8956123240728786,1.2958612439425548,1.5104108568140913,0.7111846729730705,1.195855817154262,1.12107431537583,1.2665440423204963,1.6737419443857633,1.2447222233657742,1.0721823855033183,1.3994485672651105,3.1825813263945655,1.404085823429883,0.6473036295889865,1.2931154418904482,1.310821268932652,1.3360653787007108,1.4555218274031336,2.5576517734722155,0.7559405810485056,1.3495112793280235,1.758500176106006,4.302558609039421,1.2275639365762805,2.836025834523298,4.244683678503185,1.5663854440885685,1.3106349577031002,1.3533718487878583,0.8993408913584717,0.7194830083478876,1.240985844501643,1.080198892126757,2.1340825533551606,1.4903350024723592,0.8722096534272467,0.8628079030868094,1.1949365246568346,1.380690909182055,1.0964716216313461,1.5505558832767161,1.214892194519027,1.0899587220566733,3.999953660907611,2.9262468190589006,1.9242552956860481,1.005640348409723,1.5020983184090544,1.596975910715658,1.5250924617651462,6.9434269347654425,1.1028619147501106,1.9606404763519152,1.5568987703115815,1.8077301403072243,2.298805780087981,3.7851746252453595,1.8678070957357331,1.7660109554264252,1.1598512035527409,1.6614708668929001
arc_pair_432404,4.584368211987204,1.0568229404310854,1.5089027419448842,1.135178536805522,1.0326374854091513,2.144229345677267,2.090540889855105,0.9329886324771517,0.5642097314537444,1.7592145413357827,0.6413229906111562,3.2651320511254047,0.8545831834437192,0.526407837258828,3.2590754152027444,0.694617328681429,0.9679666746001996,3.3139823253960725,2.505140152580826,1.8963994289600123,0.7281269658269922,0.4349631371149567,9.45946947665312,1.5224402920289797,0.6370296461256009,0.756450439713109,1.3376339579421939,2.9951411305209548,0.7437869474100978,0.5447818851731083,1.5004669553155985,0.6358059644503491,7.259564317635185,6.8245020615924625,0.8949664066757228,0.7956221344902688,0.5046738264455373,0.5379192233251707,0.4735642275282177,1.159309179950287,0.7695967485467334,2.0111761009882656,4.67658472580578,1.0747253606649547,0.7761011771961441,1.218997320022667,0.7741585344993591,1.2992341600921573,1.185957564283232,0.46989180719183854,1.0745511968392876,9.35475348076371,0.7540104806096504,8.729484248431715,0.8726227482584252,0.6904748640284155,1.493269990312065,1.2802011611535666,1.5020284264717019,2.1378796100363604,0.5238572483827988,2.887882638282078,1.16464985810432,1.3220030517609072,0.6976462161309203,0.4963222034525655,1.858873138099328,0.5437730013947508,1.5913207267163718,0.6899402571113171,0.7800707353417267,7.014053596900808,0.7580472542789377,3.5588170142060185,3.0766678896743076,0.9198172293362867,2.3892853770655966,1.602468745010262,0.4943588370766968,3.109167518014733,0.7778089910592204,0.6978665540741447,1.2346570936806986,0.9689191148455586,1.3915990302020782,1.0774242533821383,3.307512406310339,2.0228968853760882,1.0314216597031167,0.0,1.3195253207274078,0.8258131688773327,1.234702305586622,0.5080647834022194,0.9483515702839258,0.8159589238190978,0.9624556763559438,0.7002235590732195,0.6044642814708394,1.44026506549756,0.6413168648468536,0.5187902395937642,0.8133000000716775,2.3268199217306775,0.8001972186049757,1.25191734248298,0.46107756123744026,0.9604284681880276,0.8215428796349354,0.7441647772792694,1.6978646264445936,0.725339120562453,1.214266286135963,1.004444830664375,3.6880621804916003,0.47065895368032473,2.0815157663979154,3.529867309612465,1.0514044655666166,0.6144507604013251,0.7770277469347138,0.48002228618650217,0.9488627933077172,0.48596769214412794,0.7216753142690715,1.6450952329153048,0.6904995530699356,0.6313907971781647,1.1778415957905275,0.4980952001836829,1.066950215478726,0.9050001926066453,1.0556731813141562,0.7732082781951564,1.3963001153229315,3.638467735594676,2.8669903648473962,1.4098099082120221,0.6311559418388468,1.2120003853865957,0.6736702376157088,1.4078168070186623,6.195382507017897,0.8671198020952863,1.876061038936179,1.0712287422377758,0.9978173365136689,1.6157138160696818,3.3447249922872238,1.366494366187456,1.4369382609051216,0.7019768437431462,2.297005179293115
arc_pair_29979,5.061077668466071,2.1768980463685574,1.8715876008088865,2.037987910516181,1.9760394606226095,3.1182903033755576,2.8684232326320576,1.9503555782144375,1.4604526411827512,2.1401651783490134,1.772446424946357,4.494204318983619,1.8882274271033375,1.4960569654079345,3.756195308727538,1.4302133044691236,1.6329420372518437,3.5645959227589685,2.9768603667243494,1.907599870982375,1.3119760519245023,1.3421226774582617,10.332845271489326,2.474264142162509,1.202299927688799,1.5720307066743675,1.1875469246132537,3.795515063343257,1.6815495414111752,1.583349231439251,1.9803986534905493,1.4824027289326431,7.368372552612558,7.589529763296329,2.1737622124401375,1.6656297229488448,1.62813114119093,1.576580160063089,1.437258195176052,2.166082035782004,1.6215761061956808,1.9270931926458807,5.145565289970454,2.06522562006814,1.4793295538475593,1.9403325603861428,1.5796957751522849,1.187189314699976,1.6526767962830484,1.5269499898334424,1.837620925251562,9.603030334545844,1.8298811438299298,9.382607294355205,1.2073502902301947,1.4980108164911479,2.188344241211646,0.9716296064061084,0.9924663125916124,2.6360424462080867,1.4373741529337127,3.1735537938446385,1.7279355908761653,2.1768708784853192,1.6184136219608416,1.3768986149533013,2.735643734560208,1.5792692411451004,2.463091887164754,1.7713505107027188,1.6878558032557862,7.958811406485559,1.4752952107405322,4.5618975879537675,3.5311354335251712,1.9653373324047743,3.3193172466427354,2.3524577414521124,1.4815634536200375,2.699882810268581,1.6132600949584144,1.4056277025693937,2.1883070606452963,2.0385771760773954,1.6266028211431571,1.2474543305728396,3.3601624097695697,2.4868703952692757,1.0675889306294244,1.3195253207274078,0.0,1.5907947094266723,2.197970072667784,1.7542004608036603,1.9737324014142836,1.2795917126130227,1.5416491576201725,1.7411608257950237,1.6889234956256134,1.895702051745575,1.6590222923182512,1.2798958630196804,1.7183492031791914,3.019271384274824,1.6982860743126724,1.1406913459991146,1.3857561212173186,1.8032929406266143,1.6874050743251994,1.8438331707062035,2.635011379775051,1.1695543700221938,1.9870997999088817,2.008973907218021,4.391316413952392,1.4486494490823139,3.0415550969327603,4.253345262594052,1.7076221082026999,1.4773405026899673,1.7574931404777243,1.1322250027446459,1.2382978258565183,1.440984888098137,1.6117323058374453,2.032414134127486,1.8138293308635691,1.4165834630043528,1.4485791666490333,1.3591155168777864,1.6152942912398862,1.1649237528283125,1.7272049375243403,1.7269944422244345,1.9303787242126278,4.197928322740731,3.2318268421306886,2.081254115195972,1.434681965466041,1.6417855542912805,1.4603062128019613,1.7912671939294,6.753141229760042,1.5784554873135561,1.9124513714875429,1.8765870235776263,1.9707206004968423,2.5388211621326744,3.8588145950848647,1.6979898750261722,1.9871947355880533,1.5919581441784696,1.9740362725061966
arc_pair_310924,4.430700487405256,1.4879268706844258,1.2108185801782267,0.8859239839944233,1.4271489319571338,2.2704755042843683,2.1213136848353784,1.2450415178213279,0.7792715417375543,1.797388509274608,1.1669283496233127,3.586240410396197,1.3688524580128036,0.9043594484258783,2.978095781929353,0.7963149997547887,1.4044615890611283,2.8302096649110444,2.278211524754304,1.6509557490685074,0.9347902292722319,0.7608097594288522,9.112895719804618,1.657182692481499,0.8255694305293937,0.9907645523530506,1.4011545140920416,2.829463622794877,0.9152454973910467,0.9890403564957979,1.9593691779793576,0.9385369386802875,6.65029778820455,6.842978198539106,1.3732965822307124,1.1557046046900727,0.8797024506090454,0.9499494305943232,0.921128465685274,1.5717444888504728,0.9971024695160231,1.7818395204526993,4.451977768438125,1.2372670637972876,1.0018079898909222,1.436061288885224,0.9501056939146202,1.3550973496969845,1.2095472209669174,0.8510264292688839,1.4063220166376644,8.702187246255031,1.1950565238016169,8.21991018675551,0.9909416061118297,1.0642214522986186,1.8112102566426085,1.3202847762159253,1.406167687626213,2.0145610345924148,0.8308905097161993,2.515813538909769,1.113040176678063,1.7339570416276997,0.8078273782311183,0.8507940333145272,2.1472215572628284,0.7970234679648357,1.8787816488855222,1.0077581662249822,1.0502321742634777,6.706645210675158,1.1058768134494108,3.289571197016673,2.7663406663908168,1.3346514894833565,2.688798157980638,1.6510419646863805,1.0698667831687074,2.5682897887461236,1.1622372766137874,0.7760244344092067,1.5318879540114234,1.249514881388123,1.4384780684886131,1.2168660546138923,3.151974267456756,1.5179194322585523,1.1841541019295136,0.8258131688773327,1.5907947094266723,0.0,1.5360260095569123,1.019809540912694,1.2680317372938386,0.9420097070097895,1.1071878560270478,1.0718191884221666,0.8740288703544481,1.3607088326736392,1.0310223224136983,0.9164978068768682,1.196524574424713,2.537392458381999,1.1649258166752952,1.0252186454241614,1.0122717903354927,1.0209751124727644,1.2392726311509286,1.0438774004579645,1.9898795861496534,0.8439261995253802,1.3986987560700415,1.3598362664257153,3.6557263469906762,0.8861809313814699,2.1720551233531094,3.36556834709146,1.4856258227763492,1.072909986637035,0.998410985146947,0.707581781637263,1.0083102940293411,0.886553167779627,1.0206445176339136,1.5066104010967352,1.146716114553334,0.846357162340504,1.1183283579603605,0.9373989591148242,1.2203282520231546,1.296180815091264,1.1832487752090592,1.2499320871287871,1.4637877567363327,3.3356623637712612,2.2940488564415804,1.4840462455875272,0.9032109065408122,1.3360774461785418,1.124975029737334,1.377160223983359,5.762645803020419,0.9103994236385669,1.7207974281695677,1.4178296229177412,1.4175482169567462,1.642666556944737,3.027914101412243,1.383520085688847,1.3826073292310026,0.922918607362345,2.131521052030464
arc_pair_151935,4.598670287440774,2.0449589079483297,2.0893620965647344,1.704978267812172,2.033700143534066,2.820097966968696,2.3439174864472765,1.883890405951842,1.3878557499483626,2.208457594962279,1.5229440142696533,3.797559254355831,1.5835968089262171,1.3307413877941325,3.7436784931158646,1.5117546010354146,1.609115388999938,3.9171141029173104,2.3755533589661377,2.0674921877837464,1.430508389249424,1.33275896953515,9.685528632800096,2.180060929840506,1.6310592573551803,1.585040161432611,2.2339525732953742,3.052816069284755,1.4770565830322575,1.264514608457242,2.4762932124804617,1.5228284574516873,7.192995062220627,6.898917174045583,1.9534274289742948,1.752306108363541,1.321686167475327,1.3991187226208195,1.2956801810507461,1.8122143122711316,1.2024266181898366,2.6078603445619066,4.623305370919145,1.605577931206502,1.5658360524178652,2.0211969953197015,1.3290795505602753,2.051712944894257,1.6835858107435797,1.4443990139326552,1.5396931579521653,8.997023023199818,1.6029957912671868,8.403631237258857,1.8133092589860023,1.5784757405422496,2.096946833372113,2.1665904139183922,2.2277901979633072,2.461896476142438,1.396970522198286,2.872504128723401,1.7637156039482553,2.0556083812289736,1.6436576078474867,1.1631681854334779,2.449962704230053,1.3777539953722444,2.1397019391293837,1.5491742116995404,1.5847151071438192,7.258630985677909,1.5303619432841349,3.9727949461703815,3.1180903179546675,1.8315296296029933,3.1006432735643665,1.8075047779126023,1.4580127182107412,3.445441997227975,1.6856907825512244,1.34301761484173,1.9576510691264004,1.7275750281818545,2.184510696131428,1.6973953638586419,3.3773490798804158,2.3036780100114287,1.8956123240728786,1.234702305586622,2.197970072667784,1.5360260095569123,0.0,1.3808063291813488,1.747800064486036,1.8704234924182748,1.706921118208712,1.548695632481272,1.4701191634246975,1.8105177864320114,1.3470989920541792,1.5108422989803942,1.5119564517575903,2.720428698197828,1.5187109662522555,1.9155298091001616,1.2278387634561823,1.8522658150661628,1.5930404638973772,1.2586733372126657,2.1084456771869533,1.7076447603753908,2.1233688269810687,1.7567315946889703,4.022656088184227,1.259655385686504,2.7540704182637716,3.798656076216673,1.6247232374433147,1.358346923959828,1.6124574030167182,1.1705671850958412,1.8393481574358235,1.1497421801111511,1.3681580810019887,2.036036164577655,1.491610673759609,1.6111886718413713,2.0065463954382388,1.4015596237538597,1.3470406756776674,1.6385415854714611,1.4512626370583281,1.6592088371661509,1.9953700967895704,3.7281675143795563,2.770077504282051,1.8407133605909662,1.5663174386890346,1.5922841920168356,1.4123720996158853,1.8608137974525594,6.144026221286797,1.6408773603107043,2.2048056532591933,1.932826048924676,1.661178644074107,1.8073047538551772,3.5698656616208413,1.60277988197661,1.9244335596954234,1.4283752055391061,2.903237948878437
arc_pair_588521,4.716154831223381,1.015712011041385,1.754220401562987,1.303919924944644,1.0163480873112247,2.1752631078516114,2.3617486234105565,0.7437915821815251,0.4798460951336455,2.002794285081051,0.8077490937468612,3.2140608132272686,0.7759832781515973,0.3572645294665845,3.6227503551651807,0.8558667615180229,1.389413700371961,3.6012522388962998,2.824291680859514,2.31807654386631,0.9959490354224376,0.39137668009614346,9.497602762438449,1.7075877450426966,0.7092135905238113,0.8805405857202719,1.7621077205720774,2.9675593952478483,0.8523228693110922,0.6375869940375648,1.3102010917823281,0.7660104659632111,7.633320815543737,6.945598166399548,0.7746078382750567,0.8624589285093325,0.7246155227324225,0.36140009955720465,0.44646411362763344,1.0280756958380082,0.8324366285978837,2.4176683418514147,4.949379447667415,1.0994409311180966,0.7777770952689518,1.4438588286477148,0.8041121195766965,1.727300956265172,1.4748189803979557,0.49229758204770857,1.2285408806465563,9.807949312408976,0.6077704962968804,8.929513852074043,1.1213427967255367,0.657760055448286,1.6750846921344502,1.9324667806969256,2.104854279856688,2.2441234371883327,0.5647396649385957,3.153507047494102,1.3681760399645673,1.0238712674411021,0.7398732337943577,0.7515809227019297,1.8657576261453497,0.7444126409096502,1.6703047077482422,0.8298948061031803,0.8783341669771957,6.820134308238893,0.6285684110219032,3.720137604893253,3.4382855485883472,0.8544782483201867,2.3967118713694586,1.7915845062788776,0.553911980417081,3.551234788531928,0.7630843401874577,0.8900798235867624,1.2837290898216926,1.0804999550944774,1.7015589662413755,1.294834377782267,3.504649492294377,2.361237748264342,1.2958612439425548,0.5080647834022194,1.7542004608036603,1.019809540912694,1.3808063291813488,0.0,0.6844331689731666,1.1305933934882693,1.1444494182992708,0.769929762920071,0.8317019072864488,1.4998990499706597,0.6882705789323074,0.677048815944272,0.9229775341121067,2.3607527642825636,0.5951487298681993,1.5135498369965195,0.6323385227143554,1.1969337419600725,0.6523302593580491,0.6706341408809875,1.7494336314170063,0.9780384369591719,1.24139920935214,0.8785283793035314,3.6720016031284866,0.6006372002542434,2.1213998412750095,3.7561628338286015,1.091343246504024,0.7002315349032884,0.8253655145880585,0.7840841838743831,0.9840629197680362,0.45384269999209415,0.8801150161228697,1.8482719642800371,0.7039457564831912,0.793505737121359,1.5001695420109056,0.5360904160018791,1.1133026675543043,1.236875135010448,1.1754430515100975,0.4902775651389698,1.3673531918715185,4.017602250961351,3.1687705749519433,1.6664139334221244,0.6187647298838871,1.3635733355730866,0.9808632243445964,1.7388327099123528,6.309565541814778,1.0918607625387193,2.410059291766644,1.0533062544796226,1.1527156362540754,1.643859435492647,3.794808812229222,1.8293165806614302,1.8071595448957924,0.8441488751174904,2.7317088188347434
arc_pair_360020,4.709546684385169,1.3441393127760852,1.8678819546038081,1.2413126412584938,1.3803894139459572,2.377032237662902,2.125432892873699,0.9254196619174364,0.9142428898921817,1.874972922155889,1.0847732785945965,3.1686934284528228,1.0033550411449161,0.745743775580062,3.5323400784115284,1.0439611048708604,1.8984311844828659,3.688369530540389,2.836179937053599,2.449401005019582,0.970123675511902,0.6531403861005276,9.396524281321241,1.7607806256624732,0.9569428572922735,0.9565918328182577,1.7432983966558977,2.933088427688543,1.180327985684909,0.9234133227107375,1.193168288848581,0.9200675073586779,7.054479859692276,6.944862538656684,1.2297216085493463,0.9977431159677463,0.9634210742260847,0.7694429598740504,0.8734050344036125,1.204525331419831,1.1171361273987168,2.475416245069218,4.785586910604316,1.024643201481962,1.0133228464793633,1.3581395935686151,0.9884856581478325,1.9403157495094532,1.5604778627387146,0.7945378916525092,1.617436299298989,9.562512127925558,0.8632672729714985,8.915923841440645,1.2007828720137907,0.5755144111751289,1.7171936810888666,1.9849529213092578,2.3193658117642437,2.1734185128891337,0.8510288359853557,3.3425321253170894,1.5305876522593307,1.2014258325688731,0.992279285141434,0.9588457866796599,1.9006069500012739,1.128761470409341,1.5226532199027796,0.9188082875919216,1.2496739652314564,7.017104003820243,0.7462069578951612,3.7092002738681207,3.4619426468425214,1.1414272154541916,2.638901095657398,1.8302107591170529,0.9554251774791266,3.7584839746083256,1.0211655144500593,1.126936060048949,1.3824231249843464,1.3634671938331462,1.5721842934694217,1.439133965166174,3.2686562309412133,2.253491266394725,1.5104108568140913,0.9483515702839258,1.9737324014142836,1.2680317372938386,1.747800064486036,0.6844331689731666,0.0,1.3769414285945503,1.3336452442193556,1.0054513977455986,0.9780743430417864,1.637403737807176,0.9020505681805406,0.8130936709890775,0.6891253152035113,2.3536386240575085,0.8660545155913434,1.7263501769075145,0.9365819481974356,1.2942399420059714,1.0964829483223806,0.92081415548646,2.0000234600387072,1.2878250389682153,1.5202427580496574,1.0932445787738854,3.806847258984249,1.0581872968704091,2.3443237069000444,3.6364437419437703,1.419752430754047,0.9531861763928104,1.1460633077010436,1.0546020040572497,1.2399032572101754,0.7359431145169342,0.9220231694402988,1.9470557550299277,0.7558266483298814,1.130732332109382,1.7137518570368795,0.7956164279874995,1.0562253797281596,1.4045982385903575,1.3131327372366188,0.753210150286798,1.4113622964996486,3.9847428274582786,3.0570399037433424,1.8573946079605832,0.7778923050619122,1.6213085457030263,1.1851390868066836,1.733388724778271,6.365785949952845,1.272124116449744,2.368298330912469,1.2799898496156707,1.355172130977493,1.883118261163693,4.007091609750637,2.0706509494516006,2.1361216385353137,0.960557806049589,2.634613474371192
arc_pair_220272,5.11145537733631,1.537691323059693,1.1119353257618747,1.3413785520939487,1.2608500949784296,2.71332023825335,2.778878983565345,1.1697464182568003,0.7603672368617902,2.092414576352963,1.2787630116297342,3.8513518462819953,1.470848011870185,1.0141505146860086,3.5175550224351424,0.9701749725617884,1.2675313574786597,3.3318161977074032,3.030266461755132,2.165553161286109,0.7531731199752011,0.7991050545434542,9.834366533314022,1.7502514119663095,0.5920847555030898,0.9288362890696796,0.9307141553462601,3.454901338540964,0.8156348565190865,1.2032638675947385,1.8776413527419906,0.6206522025731307,7.50799802490873,7.53422025259905,1.3029853022264124,1.0552041460778807,0.8363316153728799,1.0053052019650253,0.8860198919679205,1.612063583417998,1.0733501972697383,1.7359475594958096,5.334242606509165,1.3613391146991067,1.1360078527716635,1.5069117470530795,1.221270780996027,0.9929095291058229,1.448667352351703,0.6622114736343954,1.5497606703025153,9.722794294242357,1.0747066488679182,8.958407096745214,0.6870254037469001,1.0213471332853596,1.8321926461349616,1.009408101009615,1.2401392187326525,2.41215815871596,0.7764928147370903,3.2588375565234537,1.4293768115588776,1.6708824649240794,0.9137983443668725,0.7685243435627573,2.1968470237129996,0.8665664627675982,2.076559424209546,0.9555263676583203,0.9092953445038281,7.54676466505474,0.9357141764194057,3.7027384102905447,3.4513375650132243,1.3699471901780003,2.8605802598400203,2.2916084353123454,1.053764666817058,2.749173378101804,1.0824136194507639,0.5435541496935583,1.3809389636684157,1.4691814112990116,1.2431923981383954,1.1569661604823258,3.5964214048223275,2.1729694216938373,0.7111846729730705,0.8159589238190978,1.2795917126130227,0.9420097070097895,1.8704234924182748,1.1305933934882693,1.3769414285945503,0.0,1.0796327970158508,0.9574420455182258,1.0205139626966706,1.5657985941922044,1.052933637418867,0.7251221181627572,1.0893725193544084,3.057748771068538,1.3474331949616922,0.6815299028746438,1.1209569241816595,1.1042657804176637,1.3386510495567938,1.3181992576167059,2.2877787166662165,0.8257749385868011,1.3398973517388875,1.4217829353001818,4.1248294328271164,0.9750932601224251,2.296505625244251,4.066902566270575,1.4407732323572247,1.1867446848672105,1.0473821669330081,0.8440834077302997,0.7049076557766263,1.093231711004829,0.8575973561610772,1.799751118739495,1.3701108532951758,0.7875571973993147,0.7983368136862703,0.9045317804664663,1.336584874606464,0.8960684235638281,1.448550553340941,1.2480714967948763,1.1658660823715556,3.9306200797565847,2.970580184994022,1.8396085485235294,0.7336231135097682,1.5089840540484456,1.2880437134729852,1.7247272989547444,6.602561325177869,0.6527648762320528,2.2238536550363275,1.3426097524747784,1.4023747730863176,2.1783725289474734,3.751972134670718,1.8435780167900442,1.6559012316487567,0.9169816668121179,1.9181141114675564
arc_pair_621574,4.754692564840468,1.4390494336690935,1.63651854595622,1.5428327679764298,1.3951240342516662,2.4927874411153255,2.4892544715672402,1.2694659354301046,0.7316858245429906,1.5122672927725354,1.2432191007559006,3.865550866112713,1.3294548720395878,0.9006713920472331,3.3506419136732544,0.9761952469705975,1.3065890917304768,3.7072583828947985,2.624758849065469,1.928801959828741,1.0917549076296615,0.8302110515470511,9.726789111642846,1.818786364123008,0.8920228460391555,0.9317520817615643,1.6168492557252485,3.1797536648484934,1.0215741231910478,1.2573937911537905,2.1029981574628698,0.9335561194762566,7.500818918092359,7.356179059909606,1.4246861291808255,1.1979682678538914,0.8489989556647688,1.0101729153586267,0.882574997370837,1.531497900573303,1.058981344713908,2.2474754416330907,4.985745354778384,1.4132554790764496,1.112199417614554,1.30746045724404,1.1403830592271391,1.4099932083991573,1.2664468984265127,0.8305911636160896,1.221090877154448,9.319980237370082,1.0270477944466763,8.653110291846778,1.2349137580184588,1.048346519447989,2.049841285128839,1.5356099235099046,1.5615045026311158,2.339464014098522,0.7306437451857866,2.82567557387416,1.3703415645018107,1.8318397323600135,1.05108414663762,0.7906225785710254,2.1277471950592544,0.858914537921461,1.929984038303795,1.0112796652568738,0.9482048563329941,7.52073010828552,1.063450289170499,3.767018762801999,3.140220309901128,1.3509158087292814,2.8324451904613164,1.8630088016775366,1.1294535218644228,3.0123580854024863,1.2105412628324674,0.6115253517779009,1.6251124271113286,1.3714768930692283,1.6106695396431499,1.3143318960122103,3.443287418809944,2.0778233736843386,1.195855817154262,0.9624556763559438,1.5416491576201725,1.1071878560270478,1.706921118208712,1.1444494182992708,1.3336452442193556,1.0796327970158508,0.0,0.9602875129569772,1.26895850048284,1.571952490750514,1.139276187952637,0.9016507366592716,1.3989842956255962,2.9044559779511268,1.4257113617774815,1.1890276193911453,0.9710725185833775,1.2603968535981251,1.0504088873145079,1.406489218482918,2.250748855894738,1.2327684793898617,1.5052709821838968,1.583680226503859,3.874881397094568,0.9214598720565863,2.412707209671218,3.646445982191402,1.4340858675583754,1.092302711054601,1.0507822452679347,0.7397317572695995,1.0769214271588603,0.8563703000690971,1.0976947377337063,1.7647905976441676,1.3561909697830825,0.9652973103192581,1.233028268620054,0.9780386525859207,1.1740999854400065,1.1965598400438213,1.3145696896534103,1.2674721930923072,1.6437749910371258,3.7253868573059004,2.808091631055628,1.6183298835525453,0.9799031007096973,1.191178055160342,1.3649659894847235,1.4909920083881056,6.2554240689915055,1.0296564321732515,2.0223660400338686,1.2961682984174385,1.4287026597395718,2.081090658622721,3.4142311845938353,1.6888887073235028,1.7863277064815808,0.930906152545551,2.3112010497732447
arc_pair_583855,4.820835563463265,1.1397957398234944,1.4400062528043962,1.310399970337035,1.0259319076517261,2.503873115061044,2.3291440667320154,0.8748638558590611,0.5882199575399928,2.0044315438758273,1.0198668344719595,3.450459207696325,0.9371930701020001,0.4936724499507372,3.403231797685358,0.9010952123741659,1.5347864542516874,3.635600844951616,2.945800753601537,2.1692000943552525,0.7500575403020437,0.5015911984282928,9.69319153578657,1.5599248333200315,0.5652631259580752,0.749767424119751,1.5933262135451984,3.228636791401561,0.9531557680802095,0.8249396585979831,1.618895960242885,0.588427348308997,7.408488720168252,7.367703445361089,0.9701108248444344,0.9629632393424794,0.5639824139394234,0.7206134746775004,0.6844592344388294,1.241515880425797,1.083495035478564,2.2100297144696888,5.119197650322333,1.0461417917455056,0.9186428002836373,1.042461164183683,0.7886514109900148,1.4444859767241183,1.3214657536762728,0.520863120306344,1.2713031706588311,9.715752953535775,0.7293677595298775,8.930821304459622,0.9296950172832052,0.6693532687876173,1.717164432821065,1.6134873073898737,1.8810700783192136,2.5036356479798707,0.5327526115609161,3.3382935240362293,1.2148958297778827,1.3278053782047448,1.0300404013381563,0.5005132921224785,1.8687455193014282,0.7477530505924812,1.7889893836261908,0.7570954427544163,0.9442744905640374,7.178199654330436,0.6751437880969173,3.720338390002899,3.5183709181580953,1.1155779398741021,2.420134570130574,1.7883256591247414,0.8583167551267106,3.3603348653078755,0.959719541562321,0.7102427253697008,1.227570128763024,1.2312047456026514,1.3028346900146692,1.3825086624747271,3.369468932720728,2.2325021357039674,1.12107431537583,0.7002235590732195,1.7411608257950237,1.0718191884221666,1.548695632481272,0.769929762920071,1.0054513977455986,0.9574420455182258,0.9602875129569772,0.0,1.0074501279013912,1.6557953424550298,0.7854671009109604,0.6688242001800034,0.8289004633523198,2.655854765273746,0.9926362694406414,1.2001634104170356,0.7786912209473119,1.0224810759913123,0.8346207373181563,1.129192607523496,1.9666091350729646,1.1358752826226406,1.3540565160471392,1.3301471778381095,3.9568847547553725,0.7611321226397099,2.2166625255824988,3.951884926712699,1.236540135545316,0.8436199861655714,0.775103641119168,0.7776157889267785,0.9698303086167147,0.758859253954338,0.6243902802543433,1.8440159063669097,1.0182743207462421,0.7926156919948664,1.332627322066354,0.7481562729120447,1.1738865921005435,1.2604289826801809,1.1784242037005137,0.9149459196260148,1.374100268495035,3.9994049171640382,3.106037882559917,1.858231739240255,0.6955048650860978,1.2512613602878986,1.05361705331065,1.7232472392100975,6.645540566167815,1.0386264225391133,2.1904021106339067,1.0950864622278875,1.2744905658798804,1.7758896719001798,3.9112981076778537,1.8489341354461022,1.8647874494352887,0.810001322102601,2.2930283853838853
arc_pair_692704,4.482834427116937,1.4620581156445387,1.3256662597052187,0.955063696036429,1.4179630315892466,2.2031674417651947,2.0781604897309225,1.1977820074791392,0.9958934218331484,1.6205685874393765,0.8369432528646279,3.2902512485336834,1.3493513336020995,0.9067091794393072,3.236587703786794,0.9433349397834172,1.2074027213398617,3.1232521934755235,2.3518965093682818,1.6688989815162794,0.7788123363844558,0.8274314441179158,9.395390686900795,1.521087052592825,0.8966558730476601,0.9741005180041185,1.3269690615911733,2.990700281177516,0.8021437693166631,0.7051435264512087,1.6331233663162714,0.8313811681648555,6.718606039652293,6.697887360213604,1.0480950415014538,0.9954475251561885,0.8294661512256996,1.0355253902601,0.7480066075267284,1.5181772168843901,0.7414661331090655,1.8529700988095479,4.33474141864387,0.9861857667871197,1.1011270912982734,1.392410253197196,1.0430644699932092,1.3969133873015953,1.2047706820532604,0.7595565446959012,1.3472033685557128,8.962959621327213,1.0060061116782135,8.333244198318178,0.9720417223616679,1.0336157661247276,1.690817551938997,1.469609019624627,1.7867148646238329,2.0533364956490687,0.8920408811252909,2.7893897243298422,1.2608842265430327,1.3367188735078774,0.7435551989963342,0.8919129824394655,2.098820709260131,0.8105608428802618,1.801850373082036,0.6899953818082418,1.005992423083199,6.703227887498175,0.9532199903434728,3.395815969266761,2.917120211512083,0.9622635016549113,2.5877845246942823,1.7597581126321855,0.7026738622546129,3.016865388235217,1.0044874883335129,0.8589254326292186,1.3954243760461442,1.032780543836615,1.5461231576028065,1.0323197875833765,2.9998866903199923,1.9673696189545167,1.2665440423204963,0.6044642814708394,1.6889234956256134,0.8740288703544481,1.4701191634246975,0.8317019072864488,0.9780743430417864,1.0205139626966706,1.26895850048284,1.0074501279013912,0.0,1.3366177198308562,0.9126780940235477,0.9063637175227144,0.73946822501612,2.402026863213329,0.8591533198177104,1.3481670429245114,0.8407457702147618,1.2095509597193717,1.2622758030041057,0.6587954735223014,1.6870048406425089,0.8893285423259824,1.2934652211365512,1.1055290358752914,3.7529401170841337,0.8680491603980603,2.080634559743792,3.307512606023436,1.1248294634053395,0.8837349293540736,1.0696587410327623,0.7224529154613611,1.1592399023298836,0.7428424388125023,0.729506147221131,1.3706248634974698,0.9487652396708912,1.066854354085189,1.2611589076254317,0.7050524467062773,1.245532129044104,0.9606150272537602,1.0549940076548903,1.0013355917243427,1.1114520575889442,3.4692921997337707,2.6372475854972555,1.3458113851242068,0.8532839129972388,1.3905872649900743,0.9691525578503747,1.4724692313573686,6.035626893346262,0.8923633270224423,1.9120450859822564,1.422224714006982,1.1671540819557107,1.6698913828096202,3.312703419232318,1.3524955887435393,1.3760821412459405,0.8234990328360383,2.464905358668197
arc_pair_246773,4.479620118224873,1.915760106322758,1.8957091754497706,1.5722692543169552,1.9921394041175111,2.4709257260423874,2.5225415823179898,1.7266014406129733,1.33387615042425,2.090850194006378,1.6941356949254063,3.855923754910608,1.7924136901592924,1.473326557012977,3.4666737182575935,1.3171511837057939,1.5647547222403602,3.6879428551675315,2.4299587676465357,2.122154758500602,1.3499359493560446,1.3143526931736313,9.466152299194517,1.914664385500416,1.5314097329036143,1.5991540002867426,1.9151457033559933,3.1247432353542823,1.2397564809927173,1.679699381170165,2.245517687949862,1.551863320477179,6.565298184700761,6.8996980695439545,1.914544606515741,1.4637374912118788,1.4991672458300371,1.5165388547516898,1.2518674897437547,1.8567858542989875,1.118314263452521,2.036682202226019,4.479496003221122,1.7916328231034182,1.4369271640982426,2.0639209135198673,1.799467750909167,1.9569338436646608,1.4960851719197703,1.2903268903697216,1.701714727725233,8.602592558591391,1.6443228896768987,8.47607027699806,1.6001581236073337,1.6407761719691178,2.108651040825177,2.108358596363391,2.0713718079553685,2.0648629395810403,1.2230051530533177,2.742134002225635,1.8178828353108243,1.9689911261365838,1.2443156160273883,1.49675781587605,2.521289487794241,1.4719215736347762,2.200247101698472,1.3735134627538794,1.504087752036083,6.97293899958857,1.5010340852266122,3.6933591303634334,2.881419573562786,1.5665580810244348,2.9126235664722877,1.937615720233308,1.4795593817969053,3.1377277780981085,1.5636696226195799,1.160623419660162,2.000972961416734,1.6063747336927952,2.202063590991837,1.4807431622720677,3.39049059232455,2.1679292501589753,1.6737419443857633,1.44026506549756,1.895702051745575,1.3607088326736392,1.8105177864320114,1.4998990499706597,1.637403737807176,1.5657985941922044,1.571952490750514,1.6557953424550298,1.3366177198308562,0.0,1.5808665051265054,1.4385539405156758,1.6729348899122023,2.690872205102889,1.5270895967879659,1.6742303637367164,1.4301441777157993,1.6950994656072473,1.5224588499799965,1.3484203721750176,2.3715421920516144,1.551027551696404,1.9756759429870345,1.5621094788059586,3.8822951655744857,1.4247486332876194,2.36469788971149,3.7547674316790394,1.6627898960925656,1.440708951269171,1.631421304634176,1.1064338638177238,1.4221529195221534,1.207952385132897,1.4892683640061015,1.6845696009862854,1.622425717950657,1.5932224787060743,1.8516128267276026,1.1822176189040148,1.416062073403069,1.3155635431265194,1.4580336510440453,1.575803374509736,1.8165580493313056,3.491366852361347,2.406632685627713,1.625254220548845,1.344904360010391,1.6854378608150955,1.647741137492503,1.8071365164901265,5.812931315958689,1.3803796249924818,2.1556272167628285,1.7174525174049102,1.8334940326486509,1.911072223788548,3.2868952844497694,1.805487869841159,1.7092924888290526,1.1706630573486705,2.7242445350496087
arc_pair_459281,4.785260475514095,1.1857230186316687,1.6454729860544188,1.2257358889077354,1.1221153408863611,2.3751291390566265,2.309578772129637,0.9176144512053357,0.687738644529259,1.837145089663082,1.0344977037887797,3.3890555548346804,1.0234278077416226,0.5588015548434483,3.384668236433402,0.8107103605581404,1.36027870769591,3.8325467112771783,2.682681324427343,2.144378007906759,0.8095435644533078,0.48418601142633894,9.417530603366137,1.5435480246245372,0.7736195130029229,0.8386622634242908,1.680404371654436,3.081880249977463,0.921036101558435,0.7435704438555752,1.70324008260605,0.7204687642950289,7.494564439193919,6.932585489006775,1.083664191817605,0.8935577426314052,0.6310332006394557,0.6454643993482714,0.6387125802401464,1.1660144975555358,0.9953945631597285,2.3044471016475283,4.94632028155428,0.9264357158580694,0.9510074045755895,1.3824980491479266,0.7424123467646389,1.5670746965442763,1.3988448558911135,0.561536323864817,1.2021782240655883,9.720133066048126,0.8440842569565296,9.077038687806748,1.055128485410602,0.6388062350630951,1.7483039678062158,1.7110035444802898,1.9786766929279163,2.3801982832361523,0.5365261635431571,3.2282076268793785,1.414791179209518,1.4002692789404025,0.9636389951685157,0.6456803814221249,1.875781858041075,0.7546049457221018,1.5936973584816363,0.7377351509970904,0.9495403949889313,7.178599320802225,0.7852265064904798,3.666102923086077,3.4530181309771604,1.1062602216778217,2.538043953369179,1.7584129159688673,0.7754039271958177,3.546048480116874,0.9840698042334455,0.7512771495100835,1.224940563778809,1.180501635368881,1.6036535890980574,1.3897364772683096,3.2206851209062144,2.1824699610611775,1.2447222233657742,0.6413168648468536,1.6590222923182512,1.0310223224136983,1.3470989920541792,0.6882705789323074,0.9020505681805406,1.052933637418867,1.139276187952637,0.7854671009109604,0.9126780940235477,1.5808665051265054,0.0,0.6411977891559019,0.7838631128990732,2.504301288073824,0.886193577454264,1.414748990121454,0.70445029121205,1.223148604584122,0.8831436164045764,0.9158635426485274,1.9557593087181793,1.1747831231286718,1.426927889145821,1.1840417872018758,3.8856427600100116,0.6993040983305188,2.148038013369935,3.7764782626415654,1.219369930799706,0.7852207496319995,0.9358810710378433,0.7774204436901961,1.098992309930403,0.7138397359043278,0.716336755140544,1.8640881330362555,0.9978126923973794,0.8670598366661229,1.4997683424052273,0.6997991582504621,1.0850763033616486,1.1624675683377537,1.1796587222308772,0.8682683098857971,1.42073985716819,4.016640599221324,3.128917727919746,1.6626169859568194,0.6953410896207475,1.2692324300537479,0.9883248833981113,1.8033335199181075,6.397421706192476,1.0710856869154777,2.1419236483650232,1.1269704191736816,1.1421841934879695,1.6451820050097523,3.806572330604019,1.655903620185566,1.734223283385572,0.8311353474298422,2.578405608385811
arc_pair_187034,4.539225870874483,1.0776244498055156,1.3501250446265238,1.1962560393780093,0.8910370057631294,2.2088105326497622,2.246818622690268,0.7513142048588758,0.6247250871150005,1.6230623316545667,0.8954453041952706,3.2578173811882785,0.9477465266972733,0.5898481659689705,3.2961057249515147,0.7602717469619505,1.2279022313510906,3.5787523688713416,2.7833756124736015,1.9577237970875339,0.537184403563209,0.4492424104088402,9.41041729572566,1.4141975156773352,0.5484780328866926,0.607202883252484,1.2406884607126591,2.95674700382475,0.6458019787095688,0.6960329450762561,1.354720852875265,0.5279443221340243,7.3574215335073845,6.902251441978444,0.9187611137339738,0.8687638946892453,0.5900287499338885,0.5932503699914222,0.5359970042760356,1.112925430301911,0.86312660521933,1.984038007589783,4.781748938164753,0.9856523002444901,0.8973327634508751,1.1923635462815627,0.7434659910579484,1.3187128258698952,1.1398369041095178,0.37070630737826016,1.2133318254901393,9.36472871822327,0.7125789361828342,8.890821175928165,0.8380595138001795,0.6017869920014453,1.6602996663488343,1.230273649676849,1.5207931403026047,2.3182706038437315,0.39506560352216247,2.973534101733303,1.274982205067409,1.2295146763947702,0.8733904844346203,0.5421259865362551,1.7263813831115948,0.6225337927569807,1.497790018640988,0.7089614603435862,0.7312146408977318,7.170304359328364,0.8074364357431509,3.6428921723967,3.179768554619322,1.017290617854205,2.3729463193945666,1.7423894787920744,0.6372501475934438,3.175004586420089,0.7596000680652948,0.6479374790344467,1.0510869941476595,1.172251948502578,1.477901317074799,1.0842417475537967,3.352183708960993,2.039586240162037,1.0721823855033183,0.5187902395937642,1.2798958630196804,0.9164978068768682,1.5108422989803942,0.677048815944272,0.8130936709890775,0.7251221181627572,0.9016507366592716,0.6688242001800034,0.9063637175227144,1.4385539405156758,0.6411977891559019,0.0,0.8079575279458889,2.4100480593695566,0.831434251007701,1.0848848497653087,0.5763139407898971,1.1529703547913563,0.9314055302014405,0.8877628336307462,1.865239945874559,1.0422052416875185,1.167862131554531,1.0833992523056648,3.6508970822406535,0.6122460676824095,1.9719949028391401,3.559941744187144,1.122752669460342,0.7170895270745725,0.6603630822726472,0.7396749673688803,1.023923018126353,0.6566746478086918,0.6351056417505991,1.6934039868076254,0.9464739521049127,0.659182475048935,1.3204718589069173,0.5144758349972309,1.0716631861145216,1.0872709385341839,1.0404918354832162,0.7621025319773442,1.2186981129939378,3.709220613983726,3.056449454102359,1.520656309315374,0.6299345400798861,1.246466094491677,0.7049752080835503,1.6802491740360221,6.255043634955719,0.7779403231741466,2.0726145957658373,0.968808427256574,1.1339430133131068,1.6726063912645068,3.655331204711504,1.52847833308001,1.5417060528541169,0.7539894541705277,2.016929119138377
arc_pair_287431,4.667313445235617,1.3352614697260432,1.529819687292822,1.104351592386915,1.426069911522053,2.490553500321461,2.012108895684457,1.0638106339147093,0.9958777792599609,1.761473387567416,1.251480432997333,3.337933388804908,1.203488841713399,0.7377403636853783,3.340086287063949,1.05380108550731,1.7014576950055929,3.71857002798032,2.717027654120617,2.020995408690011,0.6915500818722755,0.5854696818335028,9.584368044104748,1.59396485390814,0.8002182175384683,1.028280999373715,1.3746813225749173,2.8373824980173645,1.0598459833191978,0.7837065664139555,1.507880630808677,0.6877447782429214,7.090906014200714,7.008817474230199,1.2507683558233724,1.0053773266574515,0.8412370138847427,0.9665204342765813,0.876830858115459,1.3901909303262117,1.0552885696946508,2.301962986078685,4.882846234327718,0.6888127303986824,1.0795003996951178,1.3584233327443025,0.8327533569023686,1.7819318156795965,1.353077656677856,0.7032684859138691,1.5868651110487975,9.34287438476967,0.9509582165308806,8.831248299844699,1.0836002722015543,0.5973687600687385,1.6662407099761718,1.6478216422269136,2.083336703748192,2.5337949761026053,0.8305363568196777,3.347142514980027,1.4033942634893397,1.187924954511941,1.0912503147362063,0.7738429430861526,2.0286882355226985,1.0101610360759752,1.7949732472561983,0.693235291771168,1.2584035644268614,7.0350270352057525,0.7991600684770521,3.6704648257354817,3.424937460379666,1.2049095147596272,2.698679338912738,1.805455494339859,0.8583273104856914,3.5330946205289715,1.049171282204369,1.0082329970890482,1.305818490015962,1.372478915067999,1.497307100207515,1.3288972303540982,2.9853432684933825,2.104550959902012,1.3994485672651105,0.8133000000716775,1.7183492031791914,1.196524574424713,1.5119564517575903,0.9229775341121067,0.6891253152035113,1.0893725193544084,1.3989842956255962,0.8289004633523198,0.73946822501612,1.6729348899122023,0.7838631128990732,0.8079575279458889,0.0,2.285586241692225,0.8892170399055834,1.5417691522138162,0.8763314388366139,1.2345594476085762,1.2034137410287418,0.8528450565443076,1.7089480122734908,1.134197247401809,1.792096692272251,1.191398318995445,3.9540303461335355,0.9217545447887594,2.1784191949499716,3.6830139865662557,1.2176544859808172,0.8710132784310922,1.0782056796234827,0.91870339419642,1.2655274527422358,0.8916776031636262,0.5328522599391734,1.4576633681056457,0.8382601399453534,1.130247164178709,1.3772772832754203,0.7893641168064731,1.1603951545976632,1.0390381526454044,1.229428228716284,0.9675470473717679,1.2414341831254347,4.011143044353728,2.8027627121914844,1.7334293702724208,0.5561471985350988,1.4100065200943062,0.9125443952617025,1.7659707250344838,6.256158369862378,1.0244832875165781,2.0337045257848425,1.4250299561822608,1.1358513037692934,1.6649141659652917,3.89196552028432,1.8330903172797746,1.904582441027086,0.9433359978178774,2.451350399673376
arc_pair_695798,4.597001825872859,2.8382130899503126,3.18036853341152,2.4629464751646193,3.2017300459592457,3.6471580537424,2.8167564548400055,2.7551845432652478,2.6630588757049143,2.830136656927052,2.487345677508068,4.439338542404117,2.729552007920386,2.356993622959891,3.872206415893701,2.5399754387585785,2.890594744535008,4.195947336608098,2.9868878515494144,2.9596480853382063,2.3221050863162724,2.296159082708717,9.648104421987712,2.990043703830353,2.6327466548710152,2.5915881652212147,2.7919780011399435,3.5176572887240125,2.6331552517337373,2.284569023541035,2.9120774694791463,2.7219066482957937,7.1369763100799615,7.300114409396736,3.0471051100747606,2.7001478121237534,2.5958446300034375,2.261951035431207,2.284090941384632,2.781340925000806,2.257385430251088,3.1045350771958264,4.455209665144951,2.5517913606504607,2.267425630024319,3.16217623195315,2.293361109820365,3.318257895231206,2.5377248818220313,2.481057211177645,2.8199413621135205,8.944219207915284,2.694324196876765,8.879689526712912,2.8213524315343252,2.470469639773038,2.794846284332368,3.2231878635829503,3.5711255752177875,3.0924741808842393,2.463811147405751,3.461657773568176,2.5676822980998075,2.735286415524997,2.5973949577036626,2.525457514092705,3.5132426717496177,2.553597134019734,3.134135768591163,2.682990508305839,2.8101273845093795,7.776407029265056,2.386849883166915,4.68568521815773,3.669918187015178,2.6784092848168344,4.180161099939352,2.481228138651126,2.397273185316928,4.399191645275141,2.6518062704553147,2.679301758589638,3.1739527044649742,2.8089792366987436,3.096840083319571,2.7288033456049865,3.6055240032469706,2.867796946079169,3.1825813263945655,2.3268199217306775,3.019271384274824,2.537392458381999,2.720428698197828,2.3607527642825636,2.3536386240575085,3.057748771068538,2.9044559779511268,2.655854765273746,2.402026863213329,2.690872205102889,2.504301288073824,2.4100480593695566,2.285586241692225,0.0,2.284755639815333,3.14297613426059,2.138086551242841,2.742407652521477,2.611215576906531,2.195636902584921,2.8428517926509826,2.5920679315230526,3.14764074452315,2.265210387419449,4.186268975030683,2.338568263747393,3.466624744308241,4.030577971577575,2.4691258025772744,2.420964206336781,2.726670118381195,2.415709888114019,2.788522634623332,2.0829419521903674,2.4200178960344583,2.3925507329412796,2.107790320433991,2.8435638720478553,3.161117102454363,2.1038995461999406,2.2321404855967,2.6668207984477554,2.2823142784731156,2.5982411681210436,2.956463207299296,3.9990816701526914,2.954422747409774,2.8162230071219927,2.542317290111673,2.6756428614663594,2.085429921767727,2.618807781115489,5.961923293785143,2.611264299187995,2.7585820914844144,2.9411021117990583,2.760269876478214,2.713902663065232,4.262977891106461,2.4346324405964754,2.97928856408185,2.242401048544586,3.5680169691865666
arc_pair_314357,4.31468000588389,1.4141352932675562,1.730624451789315,1.2764420427545933,1.4187332217546547,2.4869001997326663,2.137195241259102,1.084874769196674,0.8448507316710698,1.9157593379238393,1.1154388497820409,3.2290127587488673,1.044556872329777,0.6669678737879304,3.354903061789088,1.0526462065456867,1.764898319714563,3.4471882616381793,2.57649333535666,2.1661231407352046,0.8713121961641402,0.6172436796742766,9.391867790215024,1.7537674164196533,0.8147040419890662,1.0258693226889732,1.7100568176033932,2.9634464093318376,1.2072640201794966,0.5076790838242653,1.2860418144230468,0.9362447447926895,6.965454412755052,6.955994728781249,1.2172968802687358,1.1310120108854,1.0223806548052135,0.7455273714553905,0.8039666594815007,1.3218219024892761,1.0739142843474139,2.2266340789154717,4.561122539020655,1.1285079449578894,1.046617261236089,1.4759842013125055,0.9539665079945013,1.7637682067365692,1.500712662455849,0.8333626799213159,1.3934889423901684,9.392101525424689,1.0042172706356947,8.791770435497403,1.0315989283940468,0.8707867356431869,1.7390719819534515,1.8656991431764993,2.078336451245867,2.3017349972466974,0.879542571690546,3.0560362684893994,1.2905446854038047,1.186665387887327,0.9379906254546537,0.9665736230654907,2.0116500526954373,1.0855290200545027,1.7597121260648292,1.0267446998049987,1.204197463594381,6.8800888688688895,0.7119472183089788,3.7453373609963005,3.288807957779974,1.248559992557941,2.7376858540195173,1.8241851330974397,0.7692489231020516,3.2740307868950964,1.0578193859786675,1.214750600597374,1.4423328485026738,1.2233114442932944,1.6416998031647885,1.2808640463448697,3.148453181142143,2.1461832000622363,1.404085823429883,0.8001972186049757,1.6982860743126724,1.1649258166752952,1.5187109662522555,0.5951487298681993,0.8660545155913434,1.3474331949616922,1.4257113617774815,0.9926362694406414,0.8591533198177104,1.5270895967879659,0.886193577454264,0.831434251007701,0.8892170399055834,2.284755639815333,0.0,1.6214051211282043,0.8374921165310654,1.4798613485648435,1.0248851998221753,0.7561435671614581,1.9387889437206767,1.0452389182934099,1.5004281881107646,1.0698211225283378,3.8824002141956537,0.8052891871205932,2.2969737664034673,3.619196443790335,1.1905239890970012,0.8871440995461273,1.0982227427243203,0.9474249092438904,1.1927195299963746,0.6958188037449395,0.9111188143080016,1.5784480411126158,0.873346025455402,1.021847400786529,1.5376075230787263,0.8195550488705532,1.1422949554502986,1.3515038535214385,1.2036114680111327,0.7604805183446723,1.3710592649895912,3.8231892233966147,2.9690083426675837,1.7507587355814698,0.8562471529415014,1.4374347045376565,1.0102600391021577,1.608614680693337,6.034397808752075,1.2099460520491443,2.2375880171500544,1.4463271607552453,1.3202567881353882,1.67709569047077,3.7075668572763787,1.725134923114104,1.7881195012989053,1.098698479899082,2.6440696711506586
arc_pair_503427,4.931114231336472,1.926704457523791,0.8155055069789292,1.4459383431310484,1.6462106223520019,2.9681660711427744,2.745438820579108,1.6224581899033634,1.0369307588132615,2.1956350596325764,1.3709875857125198,4.081383886136656,1.648354733568451,1.3382086176340076,3.5387420094579896,1.154628287947923,1.4204993794119392,2.6705669717655396,2.7146195981862404,1.905071913606654,0.9400820498773943,1.203937940115883,10.008936880409978,2.111453207836874,0.8038936925896432,1.1644164178282175,1.1640709379334746,3.466370553476054,1.0496112454527844,1.2920117229925914,2.1746417942890854,0.962884881568561,7.170239432222894,7.417706891261023,1.6145570029437026,1.5524673073639024,1.079576670482946,1.3404684296190204,1.225122181837892,1.9387543462047443,1.2140879574200403,1.501635372713544,5.096817491345786,1.7240871995579767,1.3487582162731933,1.6087456427677602,1.3344069580405606,0.9291084998910859,1.3358573081005787,1.1629116180127208,1.6027526731136235,9.320270315031118,1.4945420266926637,8.993758290328943,0.8247378646300252,1.373103831252124,2.001698789208877,0.7739316736063069,0.8551048511792836,2.3142031546726365,1.0998872773890842,2.9646118340911647,1.4889688140591222,2.0307380543745115,1.1813472932569933,1.0331569099345312,2.5402164400518075,1.1846098511312244,2.3117567908626935,1.3660415319828783,1.2040254570771527,7.557626497913851,1.1495609623510554,4.061968362097377,3.1180471225203643,1.7710600039812858,3.264594279704241,2.2851224761538065,1.4030535072834995,2.141019241385396,1.4313293474249442,0.7677398763663946,1.7989087198185199,1.7230758017660204,1.041989701769963,0.9583280901495268,3.215880084419118,2.2038452401401885,0.6473036295889865,1.25191734248298,1.1406913459991146,1.0252186454241614,1.9155298091001616,1.5135498369965195,1.7263501769075145,0.6815299028746438,1.1890276193911453,1.2001634104170356,1.3481670429245114,1.6742303637367164,1.414748990121454,1.0848848497653087,1.5417691522138162,3.14297613426059,1.6214051211282043,0.0,1.3781518534273582,1.3744306255342076,1.5999633088881104,1.5580275262885295,2.540966520656683,0.8767494062517344,1.4287870932347895,1.8558031942089135,4.181605011965145,1.2739408365038107,2.6825906366665304,4.111763093902647,1.6399202119756575,1.5480961626954133,1.3682098483486462,0.9812709343586058,0.7008796273180721,1.2590916005717987,1.1766999046747235,1.9080167476775127,1.6370825603996448,1.1244853651669906,0.7531967006693263,1.1779702221191903,1.302628633572846,1.1307303527008186,1.4594859621283995,1.5282998280272333,1.0996003318401861,3.488404148236894,2.7811560811822336,1.8538446690847878,1.1168470998743678,1.5169094781323436,1.5209717442687194,1.6342593209313752,6.636219562657775,1.0738239223389088,1.8621005782337114,1.586190173555972,1.7166329975345618,2.2057909603974752,3.537578442094454,1.703082203274998,1.5951008822617858,1.174327787988987,1.468024383498261
arc_pair_497650,4.350968990901716,1.1730998380817501,1.6594564187437104,1.2817572483111683,1.1563247258744864,2.1426547820152466,1.9751934582652693,1.0635087297009833,0.7414590945986534,1.7015763729864162,0.8488191707100783,3.4039607627229795,0.8691741913857263,0.5350021691663229,3.1606759273072655,0.8787920587983634,1.1889846099606702,3.6033310746357685,2.4025355660369447,1.8375692115251687,0.7718676268534719,0.5063872673850711,9.308154762162367,1.4864345816545121,0.7618421811713088,0.7144627407764335,1.4950216925935633,2.873367804452486,0.8823320625858564,0.6068932642264042,1.506899376325082,0.7719203177486094,6.980788122024225,6.821053354961753,1.1630438809709582,0.9160223556013966,0.6010745255054457,0.6105856635442317,0.4818232736325495,1.144045268407423,0.809347882157165,2.069360085095362,4.603091634304019,1.046074541963091,0.8249365780808083,1.2918437031537948,0.6850701966861344,1.5096745459534606,1.1561100773574156,0.6006976811842367,1.1144495055485755,9.262302407297328,0.7989688311840675,8.544411367664301,1.0848986350527567,0.6991512695058382,1.6698503379206244,1.5002181488912316,1.7910642952867342,2.171921794254999,0.5850838889164233,2.58946948254633,1.13540577790624,1.3762925064902478,0.9090755299792748,0.5462974938181283,1.8239092959008263,0.6632066889665431,1.5719531371727034,0.7980178360233785,0.9471794849474048,6.842712183218363,0.749098379532235,3.482911134037382,3.0561697324712145,1.0423914815000754,2.468022246512574,1.3882350600294902,0.6259400848878913,3.1905010650183843,0.8721504877762389,0.7755119958056058,1.3089441033439002,1.1388816296589612,1.529649760048566,1.052721441391826,3.0643979614716645,1.9742192160929666,1.2931154418904482,0.46107756123744026,1.3857561212173186,1.0122717903354927,1.2278387634561823,0.6323385227143554,0.9365819481974356,1.1209569241816595,0.9710725185833775,0.7786912209473119,0.8407457702147618,1.4301441777157993,0.70445029121205,0.5763139407898971,0.8763314388366139,2.138086551242841,0.8374921165310654,1.3781518534273582,0.0,1.1764079472427889,0.8187657883691659,0.8677829829624093,1.5382033001435809,0.9953118570077987,1.4668270492181603,1.0942497817316696,3.678064556197759,0.48122461822953466,2.0834288877750167,3.4909584843608568,0.9357968536574586,0.6281944668691821,0.869554808884651,0.5619047282237184,1.1337845943370688,0.49715419198169875,0.7523137947716596,1.5426785960809912,0.7230792366240459,0.8620794860889798,1.4506123886388127,0.5487965029371187,0.9578777766026542,1.0036302829489268,1.0116647847232527,0.8886183271092032,1.4685653796526583,3.547701363762705,2.753280986980909,1.5470421325590364,0.8023254330832303,0.9952012776137332,0.6964125639092986,1.351337400491493,6.026498875801595,0.9528796237952272,1.8876091410992402,1.112746233773509,1.0383302465492308,1.5494482870736372,3.4946196590085865,1.2461462788776494,1.6097674672023703,0.7514983215916864,2.2948710044223386
arc_pair_544840,4.838883997362437,1.5248837249736602,1.6674269736561884,1.2510012737067835,1.583861955093618,2.6756425374682267,2.5003638773751837,1.3739939946053719,1.079148728354786,2.061565109924654,1.309673163687852,3.681598884715477,1.4825577858322712,1.1152390600966866,3.2617565368796892,1.1113250795381284,1.5106813549171938,3.458082975898823,2.7407568554397046,2.334178866335079,0.9815908994401414,0.9741675093814588,9.249179008880013,1.939740837531195,1.149541629427469,1.0929234495646882,1.5356724774174815,3.221394478342758,1.156076841707817,1.3501765600521654,2.0445324500095543,1.0009375816823505,7.062030192046583,7.340312455114656,1.3904223671922344,1.217740065906952,1.0230840820751719,1.0474411097186904,1.057406994050735,1.7863866086276126,1.224325251354107,2.1560657098921756,5.0508994287619435,1.4610082894180896,1.0305406990715185,1.599621770833033,1.227938161479617,1.6450461435611046,1.5652188841810626,0.9684749809033051,1.6597536375904753,9.270278216053073,1.187683469690673,8.738211543813254,1.3091901427848953,1.086099352961653,1.8944854797287864,1.8450588865526432,1.9653399199655466,2.310915584725027,0.9746219241351699,3.2185955072216568,1.2849284247724015,1.8242877292843094,1.1315745712112,0.9863522736161581,2.280965473396248,1.094735077911726,2.1136881285770266,1.1278673844910716,1.2656759948466996,7.197184497059215,1.22494716094115,3.6775756224503753,3.289962164903162,1.46122569251829,2.7975045956684257,2.019233619394023,1.2579035895264312,3.3467820578527845,1.3871497721816617,0.9631582648065453,1.7464728544440513,1.6019775817820978,1.642860476923024,1.7532358393321337,3.4775424774944255,2.018049250641276,1.310821268932652,0.9604284681880276,1.8032929406266143,1.0209751124727644,1.8522658150661628,1.1969337419600725,1.2942399420059714,1.1042657804176637,1.2603968535981251,1.0224810759913123,1.2095509597193717,1.6950994656072473,1.223148604584122,1.1529703547913563,1.2345594476085762,2.742407652521477,1.4798613485648435,1.3744306255342076,1.1764079472427889,0.0,1.3627063733812694,1.3509805845356486,2.2898987942410454,1.1204504996424343,1.679318400476336,1.5284620988554782,4.021191888743556,1.1027348487610733,2.490142153148145,3.733368360963639,1.6579582360553649,1.25467705204608,1.3010704257171346,0.9517909427426559,1.0899682467015,1.1967627266390242,1.2241552145697898,1.9333189717909525,1.2581008476103062,1.23860476742392,1.6099939047858234,1.068683030033302,1.4069529148742768,1.4835886825105855,1.5134371867991945,1.3435947070686471,1.7056262465479002,3.8384597788943835,2.793540231699398,1.782362177697482,1.1039915391389576,1.568233987785534,1.3724984995582206,1.6283447390976091,6.401301281205362,1.1933330059190106,2.2058326811712936,1.4701118421108486,1.5614311365695668,2.0472643597158804,3.5399605361131963,1.8466946417150885,1.7086081259460912,0.9680584802908815,2.4174220300353695
arc_pair_109701,5.012567345890307,1.1828525661274758,1.9701532119876675,1.5852871662116683,1.08169306674127,2.401527751188074,2.3591000482069746,1.083116684111972,0.6383335510711592,2.2173000016191873,1.2595529147731754,3.701482250225644,0.9739786326026902,0.48986607686800887,3.7429256751118416,0.9772489165694808,1.4640629430649956,3.7517937582394474,2.799624503668801,2.2744698226738334,1.1319481278501926,0.5041673953817476,9.747295510513805,1.8156338836466495,0.8991126903501642,1.0942462915566171,1.8956737034903224,3.1763760277226347,1.229710706046295,0.9768303947503634,1.6585688225600346,1.0013074905343662,7.482158802613861,7.281346722280852,1.2776068902498487,1.0068305984396182,0.8801409310470689,0.6409361649749359,0.6393181261719665,1.2058564714021707,1.0958118376425157,2.423012354712627,5.115893525252638,1.3034520424915845,0.9512634942332855,1.4539114404504465,1.032528301509938,1.690673158601359,1.603489471747789,0.739934662719641,1.1609487333473272,9.606391436909242,0.8734693318915432,8.735279566383998,1.2169122744246412,0.7997783366038593,1.8762218831867286,1.8934082565556158,2.0029243136814396,2.2944583813951995,0.6290750377172565,3.2762971295016623,1.469526447858967,1.3243388188379428,1.063167430649497,0.7992537761519107,2.089420591639098,0.8861476182908465,1.8150074926090294,1.0026138237828859,1.1021256305428178,7.15950011692879,0.8621740709504324,3.7545028642739227,3.439558635495861,1.1787044654377912,2.596706141953015,1.7603460525879433,0.8876932935361741,3.471485024354237,1.1574578534564175,0.8699851011826605,1.4662097904020746,1.2545390438232658,1.6478686053208693,1.56572887411626,3.462361396943078,2.400754393428599,1.3360653787007108,0.8215428796349354,1.6874050743251994,1.2392726311509286,1.5930404638973772,0.6523302593580491,1.0964829483223806,1.3386510495567938,1.0504088873145079,0.8346207373181563,1.2622758030041057,1.5224588499799965,0.8831436164045764,0.9314055302014405,1.2034137410287418,2.611215576906531,1.0248851998221753,1.5999633088881104,0.8187657883691659,1.3627063733812694,0.0,1.2349251725449366,1.9709657029864913,1.3437586642513017,1.693068033437681,1.2785668353221111,3.915087721546496,0.7834613110218099,2.346003909708877,3.996963361642683,1.2975739152898078,0.8237576185344057,1.08835528461131,0.8293059894131622,1.0794522026378495,0.6750794643261524,1.0167555534492516,1.953091679761743,1.0473121884268484,0.9158883891491978,1.5837686113056484,0.8630796165223531,1.0448519650094166,1.235536124943263,1.3754953984114193,0.8832704768478369,1.7894384336271396,4.018215852707805,3.0656606286462655,1.6881251853242558,0.8596855978808946,0.9846879689900002,1.314161562545616,1.7143595311575275,6.358755842577449,1.2441626853241385,2.2799306341404844,1.1623230419903483,1.3837369885967454,1.9049988953259263,3.7965353865723768,1.8661633119720487,1.9489772073640963,0.966066760528968,2.7609611912912335
arc_pair_28333,4.146449029922966,1.3907335571582475,1.4815211746068713,1.085089359934298,1.401776272896394,2.1070310757272654,2.0489387477508116,1.1187056111224614,0.9823651157894716,1.514761379886629,1.0126273155438963,2.99716074226967,1.2329254906534848,0.8809832426720515,3.2768739118405055,1.060470939145616,1.3463607216957691,3.3384627161597296,2.1850784643657226,1.8435240697774842,0.8757750553935386,0.7911418064494251,9.079995574581915,1.6329722628612782,1.1290454936072079,1.1756485046234388,1.7671343248649056,2.827113451529061,0.7439212111529547,0.6765673967788576,1.6698484770626774,0.9755974899444424,6.742739567062827,6.382836636403012,1.123906232712494,1.0640969115038792,1.0463495078415719,0.9208331830046168,0.7743943977631589,1.2654249308268777,0.6162816123930521,2.1354131873482087,4.02221223879162,1.060587476839664,1.18320453013878,1.556329031808122,1.1166241406871975,1.740925661582303,1.3224499397808667,0.7640251379292673,1.33726408065042,8.648755803658842,1.0213539733759767,8.04208996835676,1.3071597290656127,1.028136530370709,1.66869444068631,1.7361999908313503,1.895544895352155,1.852133567645121,0.8869178380876683,2.796390968654597,1.4541893639642334,1.3153731610305184,0.7903661024495849,1.009873077305584,1.9623120715884763,0.9623137490972997,1.74142261331976,0.7651647057035993,1.069752816568753,6.4491657586796345,1.0037160704216388,3.5831617168137564,2.786288205479165,0.9758613317121319,2.5381285334662307,1.5532537043366987,0.7569749873218671,3.167210825630101,0.9329435782580158,1.047123589247056,1.3888963482796794,1.0472597025236026,1.8771384734438725,1.1728760341041151,2.9832699743748745,1.9786737029222283,1.4555218274031336,0.7441647772792694,1.8438331707062035,1.0438774004579645,1.2586733372126657,0.6706341408809875,0.92081415548646,1.3181992576167059,1.406489218482918,1.129192607523496,0.6587954735223014,1.3484203721750176,0.9158635426485274,0.8877628336307462,0.8528450565443076,2.195636902584921,0.7561435671614581,1.5580275262885295,0.8677829829624093,1.3509805845356486,1.2349251725449366,0.0,1.620290101670553,0.9941692510055662,1.466979354811491,0.998423600546712,3.599214517971935,0.867596220430783,1.935658225624483,3.102536893835176,1.2912112391546895,0.865279259711222,1.0583122296685232,0.8353436982007837,1.3330811864457166,0.6537645812764696,0.9861968860189494,1.5683276338230918,0.9912240546740831,1.1536861671242082,1.57709305353339,0.680595991241897,1.298422925144893,1.2488425111402324,1.0250681064073903,0.8591211511413488,1.2455177361675367,3.3057156779342503,2.5209556607399297,1.3519853429675004,0.8898757619375789,1.4458429969090787,0.9344947640582397,1.5762263109301013,5.705289997477868,1.2379177484195556,1.872269710705763,1.3813050345348232,1.3309015262579331,1.3790192475866585,3.2758261874580397,1.5233720518464342,1.308534560381796,0.9602453912646418,2.747133528263667
arc_pair_386590,5.009556017685613,2.34031371147222,2.621341820563864,2.0528624469084624,2.377922875287827,2.9682165808164407,2.4943922673753773,2.2032836441160883,1.981238000339072,2.53321529310323,2.047910432103732,4.166076686020029,2.0669193342585856,1.7433872829567958,4.103679016416013,2.0185949026564884,2.2273540350633576,4.2774746550508915,2.8144701522752262,2.5298479528099325,1.8502991019059984,1.712309428988773,9.959555712026424,2.2951168524042673,2.022295710415007,2.0482116952419633,2.3961640141838068,3.150279003823151,1.9725976420791327,1.725997761441687,2.5426749456850173,1.9055761202659114,7.108815623495539,7.384529565195708,2.340484415493077,2.079626060086078,1.88399327887653,1.8657798864157764,1.6969736747103503,2.107403378732034,1.6265533076636514,2.953950948446448,4.781771363615678,1.9729270425205492,1.9821289016928847,2.5120314750231363,1.797639636740436,2.7584634289259577,2.095764742162389,1.7384809513845416,2.2063595685013,8.990949671318257,1.9971956724165876,8.60264568814507,2.279274528798091,1.8943103590601784,2.618743634939512,2.6622912341550724,3.022229153419926,2.918478608388327,1.8183426417536788,3.3178022730389967,2.1024645992673325,2.0265531186678514,2.0596976064147414,1.8037743698234432,2.6025682090180497,1.7845771223385525,2.6283040416484305,1.681814894737788,2.0864140890996627,7.220595951775038,1.9658024835084078,4.329699318524199,3.4403406551197486,2.1857671545080906,3.5789178927513805,2.106668837757681,1.658795697656664,3.9915889178271797,2.0609556243070224,1.9789692161666135,2.301230648640155,2.079472377017133,2.6709856837489996,2.1360637549282506,3.5588617203156665,2.674586885150032,2.5576517734722155,1.6978646264445936,2.635011379775051,1.9898795861496534,2.1084456771869533,1.7494336314170063,2.0000234600387072,2.2877787166662165,2.250748855894738,1.9666091350729646,1.6870048406425089,2.3715421920516144,1.9557593087181793,1.865239945874559,1.7089480122734908,2.8428517926509826,1.9387889437206767,2.540966520656683,1.5382033001435809,2.2898987942410454,1.9709657029864913,1.620290101670553,0.0,2.080419899062724,2.783531234423114,2.17976791540663,4.406305480783863,1.6963597586080363,2.8749626716039174,3.860261481904102,1.9115585972994655,1.7154363331843088,1.7300334027086057,1.6608931489343863,2.409666417262069,1.6746568755235705,1.758677175484576,2.041082359347366,1.5878558330467454,2.1058707184170036,2.4346878312974467,1.7748601801523725,2.1300811675972624,2.0700932652272943,1.9175321919327355,2.055035830858451,2.441815237451702,4.166995330852766,3.1815627893993703,2.3552092341337447,1.8658385940405555,2.065793083431611,1.6909590539854555,2.127669648512125,6.496309700998252,1.9609042426946104,2.7126372888704635,2.1102637848839385,1.9493963514444632,2.3738301460924465,3.9813488879678305,2.0813613891579816,2.390564570658185,1.883437526904176,3.499592723948331
arc_pair_624279,4.789616266021308,1.586170007812457,1.0943381417024005,1.2072616578662052,1.5136548340094103,2.6771960186278587,2.5818453175825007,1.410518879793901,0.8001556454236058,2.0630520964067274,1.060122051526966,3.6952242550769068,1.2059926764748057,0.9817188391125629,3.288483832261364,1.059688293441524,1.5698145444721168,2.7581172631232898,2.5920331108261623,2.1551561894105284,0.9702125409056375,0.8089536153754276,9.80729764627828,1.9537108789186166,0.6817499632017343,1.219108773667484,1.1470749305668106,3.3412987598582573,1.0966262920324834,0.8762669402892649,1.7236035231695261,0.8652309514877103,7.412344782243059,7.145596529236296,1.4588966673956205,1.157337810149841,1.0878167787848594,0.9439381798912961,0.9270877910342555,1.5914948583444497,1.0643881514087252,1.9475795882944449,4.9074953931855365,1.5635965047041034,0.9215960812529473,1.4743092478319932,1.2050118578438065,1.2009644279853013,1.4915069146803694,0.9536779428833769,1.5671664563028798,9.405224798723786,1.2632178747098273,9.139127005736533,0.8323546061432252,1.051150522828908,1.7853903203315378,0.9954114285008354,1.1284312744949327,2.2300925743874442,1.0103946805142916,3.258849771712819,1.1849859282084156,1.7017646768419632,0.7667769921058041,0.9501959983098427,2.2660520381880125,0.9735609087114194,2.0737358807564092,1.0792263248678293,1.244852848547716,7.0772416030501635,0.8533546090587132,3.850104649943244,3.403144534816816,1.3577434407869986,2.964428929834538,1.997725917771644,0.9853703333744135,2.501750684500391,1.038867367774572,0.9987770053553484,1.6157985556239178,1.2772603820518769,1.0877346151027047,0.9833198019429554,3.2493874791425914,2.1599969904449052,0.7559405810485056,0.725339120562453,1.1695543700221938,0.8439261995253802,1.7076447603753908,0.9780384369591719,1.2878250389682153,0.8257749385868011,1.2327684793898617,1.1358752826226406,0.8893285423259824,1.551027551696404,1.1747831231286718,1.0422052416875185,1.134197247401809,2.5920679315230526,1.0452389182934099,0.8767494062517344,0.9953118570077987,1.1204504996424343,1.3437586642513017,0.9941692510055662,2.080419899062724,0.0,1.4274141391106456,1.4284103628255442,4.132600371425237,0.8875111776944561,2.601694660362447,3.8822727742913106,1.5259628131395013,1.094614240051083,1.2648126068249699,0.8320892146600032,0.6447162814479488,0.7892708704687028,1.2069608631108815,1.7173622545343132,1.096973372744579,0.8522830342436456,0.7048191379782811,0.8145190543593999,1.2436714902472654,1.1183762973600793,1.5864298243154553,1.098737066738828,1.2140548888061296,3.953031994670411,2.664157286034304,1.8248469851512596,0.7685394923763827,1.5633428548590378,1.094920852738819,1.361630991453048,6.537392935127892,1.0505823685513167,2.0185258515672277,1.5002273920234526,1.4268542732611693,1.985590773112973,3.578558779422186,1.7784508356866993,1.7232122455910472,0.9292670978037457,1.7427265147163105
arc_pair_295420,5.024240946367845,1.8861446466035097,1.780616258331099,1.760258513945169,1.751032692203352,2.767319542491975,3.118939104818662,1.4229564256453475,1.1843644445836206,2.301475086653574,1.2145322324297645,3.7918189333193095,1.9012100668611698,1.3377271055286637,3.814657545986663,1.3044001667025,1.6445233691175138,3.2989803146290466,2.9913871393415596,2.29868041275107,1.4035798764692236,1.3437735138396651,9.875464589082762,2.2076729453071575,1.1647985808744459,1.3266790003493494,1.8573820908981673,3.7762933316855127,1.232165059751822,1.3498336525628556,2.0640046543483517,1.281798458928793,7.029749620809023,7.227148721879925,1.387571872147301,1.5971623769212306,1.3618545686426091,1.374465151274917,1.313307285696741,1.9963053492532294,1.3778831213076832,2.400051819114442,5.226821714902412,1.6099465943403477,1.6158817553530151,1.6963820232047013,1.5386920222756366,1.543097062755094,1.707156600402942,1.1215058230187238,1.7099544081810043,9.90709575280772,1.3971998542128505,9.064979610709972,1.559923394324362,1.6178592668481548,2.377586256233236,1.7963867768098203,1.9024405948992835,2.5503122022733264,1.1948078311343768,3.459669450507514,1.6874751798675973,1.7978106032327075,1.1935019247624783,1.360687349214624,2.5225319388394825,1.3669639037647892,2.283994707497936,1.458954769280638,1.3126173427254866,7.454370479850644,1.3729084591554466,4.234386880398167,3.4771817774237683,1.4663011823834982,3.04778827487241,2.5897749386104274,1.4254980250198934,3.0840125195663783,1.5218374744041392,1.1935320496842634,1.76867033067896,1.734215207168988,2.1433703807301323,1.7338486031675413,3.67124801204431,2.6367056170540537,1.3495112793280235,1.214266286135963,1.9870997999088817,1.3986987560700415,2.1233688269810687,1.24139920935214,1.5202427580496574,1.3398973517388875,1.5052709821838968,1.3540565160471392,1.2934652211365512,1.9756759429870345,1.426927889145821,1.167862131554531,1.792096692272251,3.14764074452315,1.5004281881107646,1.4287870932347895,1.4668270492181603,1.679318400476336,1.693068033437681,1.466979354811491,2.783531234423114,1.4274141391106456,0.0,1.6945478740309996,4.112084213204832,1.3302378604077458,2.6498674235325734,4.1599244253247845,1.747405949354814,1.5819453610584848,1.3959855129494652,1.441996230462065,1.4416239183268158,1.288030192428281,1.4010979997704602,2.1882617135045552,1.8120782786421488,1.252576351180043,1.596272461778291,1.1205236373894332,1.7378531361072058,1.846265170860692,1.5150531960164657,1.3833170245418671,1.5634748577042967,3.9889299325642553,3.2566754332827763,1.829099831020315,1.2770702335610482,1.9292971653335929,1.7123495093343375,2.1247425298248177,6.742607831414329,1.4166907258819248,2.4437853148550683,1.6526019072076257,1.8306153164022894,2.300254741911348,3.9187355589752593,2.022374093977432,1.8317229140255615,1.3122137817062929,2.5418458354296054
arc_pair_11822,4.3917240947687795,1.5251003459036818,1.8390865235192975,1.3859561816702541,1.5577598803931243,2.4588128664869875,2.347744476987002,1.3305589122547679,1.1396748636408813,2.0812258781976207,1.1107777802067353,3.531692072049642,1.4635939102892115,1.0155115252842557,3.701273042100105,1.3058987781219549,1.6275597248516678,3.804865020884027,2.845006820956174,2.492697252330176,0.9989777931502408,0.9388962625099526,9.257530641979898,1.8861463138828545,1.2389260219004157,1.4007373772701701,1.713520639905743,3.224894006139832,1.0281851430145421,1.1766489029920326,1.6690951309283708,1.347761248142422,7.355957094042764,6.6892825637129745,1.3545866529400938,1.1671249675093276,1.260342425768037,0.9546460871433124,0.8614315271292121,1.2974933104492834,1.0178959866127062,2.450335565871979,4.664028286586932,1.4504340438426726,1.1477467361621052,1.8753694164597996,1.319620926881851,1.9312547327148801,1.7162735447481572,0.9154754979482829,1.698552768740123,9.274438136690758,1.1931326884899516,8.878977298018732,1.4755532969756189,1.146558152235107,1.7773410502419202,2.1267216719042343,2.307942933548961,2.314088864195085,1.0554742423537065,3.195883333876563,1.7924947737128805,1.2646025595196067,1.152042776949139,1.2576970538601755,2.28625309836864,1.1649117436458698,2.037154289252694,1.241746899523886,1.2490946276046277,6.87621910672821,1.1050074724644978,3.771705629921663,3.4714316724567724,1.2190430523911298,2.8326723639500657,2.0243149601247348,1.0480632159823227,3.722198911661142,1.1435084168641496,1.1204330443268788,1.7341873929366856,1.5211010543989332,2.0695109793993436,1.6360312947002198,3.389342776918546,2.2728662361064442,1.758500176106006,1.004444830664375,2.008973907218021,1.3598362664257153,1.7567315946889703,0.8785283793035314,1.0932445787738854,1.4217829353001818,1.583680226503859,1.3301471778381095,1.1055290358752914,1.5621094788059586,1.1840417872018758,1.0833992523056648,1.191398318995445,2.265210387419449,1.0698211225283378,1.8558031942089135,1.0942497817316696,1.5284620988554782,1.2785668353221111,0.998423600546712,2.17976791540663,1.4284103628255442,1.6945478740309996,0.0,3.977085129061428,1.0949294787798163,2.141830475010358,3.7252020855496184,1.4715421671708193,1.1309683791296297,1.3565698669665835,1.20011870316046,1.3996675451679348,0.8284849151066531,1.1625782377916685,1.9071890699284477,1.231098301662276,1.3597416749131783,1.858149352937326,0.8167199638268918,1.4239995132656884,1.2067040692818791,1.3774768072229018,1.0485712182803144,1.6952834457267882,3.5255291338376935,2.891719566784034,1.8624957546158791,1.1192015502433645,1.7975691735852741,1.196982247169839,2.1358053498565424,5.9893284070419375,1.2790871695733288,2.3993461217835184,1.4841802901550345,1.5087429102618568,1.9069386644086888,3.9896245530376953,1.9474640155638474,1.9402421398623422,0.8184285958277743,2.9449615376990463
arc_pair_112081,6.4600278296217635,4.146652260850943,4.497149117659644,4.0227614125661,3.9650367445069077,4.384801866936781,4.594652385299719,3.625968141686604,3.7911607627040333,3.9103399660706053,3.869798373909955,5.707734591472962,4.173372088669375,3.7279352278469515,5.187759521698795,3.687610987266593,3.9382521587004655,5.817110917127955,4.527622912947117,4.252337576679844,3.767370494111119,3.72089097482353,10.956632233096963,4.313570027257054,3.8815150673423293,3.8629851832154847,4.184861009427128,5.458673751543997,3.5887117205495516,3.8735926197666624,4.146288579899749,3.914509507212187,8.358834265101112,8.468347382347012,4.1194924868361005,3.874248488287107,3.8455448698819743,3.790605044861376,3.5097343677188126,4.153094732924506,3.43729373009426,4.313555876291977,6.210935591570154,3.8954574178763104,3.905867221912502,4.314334950566797,3.827271547914733,4.425176248355067,3.7907770125949742,3.5749639812618033,4.016015819749227,10.634255902553349,3.8617435452989266,9.819852285792114,4.0860227760541195,3.991276967134486,4.319382180015235,4.491144726197991,4.619680756472482,4.053919173420846,3.602101484645697,4.697527756289121,3.981875723540715,4.264614861438147,3.727694402321708,3.883820498542814,4.59642438267166,3.6857350182798934,4.515906130867872,3.7323570944672952,3.782505039570209,8.763707706727747,3.9481622151418927,6.059158335005408,4.714194399784464,3.7415709105430324,5.140850404086259,3.9635759759119615,3.722951370586688,5.669591820916002,3.9741003477297734,3.7425513829349715,4.092303723739906,3.99360298315071,4.632221397405929,4.035270702498627,5.196583025836813,4.330888158310748,4.302558609039421,3.6880621804916003,4.391316413952392,3.6557263469906762,4.022656088184227,3.6720016031284866,3.806847258984249,4.1248294328271164,3.874881397094568,3.9568847547553725,3.7529401170841337,3.8822951655744857,3.8856427600100116,3.6508970822406535,3.9540303461335355,4.186268975030683,3.8824002141956537,4.181605011965145,3.678064556197759,4.021191888743556,3.915087721546496,3.599214517971935,4.406305480783863,4.132600371425237,4.112084213204832,3.977085129061428,0.0,3.5909715992104903,4.412431342015994,5.100962944193152,3.7320716693308644,3.8405123122088796,3.8004593881628272,3.5542858328177704,4.168367666837981,3.662299819946674,3.835964452147044,3.8759820410640047,3.72741854261694,3.876936340298827,4.364525348354105,3.5788704828014892,4.0439803648693236,4.0854015389388545,3.526431393487131,3.588377481188984,4.339948596271556,4.972658359513646,4.681979181705341,3.7928338958491903,3.8243200614803694,3.881078973433614,3.809787001391631,3.8585065464106307,7.944885643376045,3.851735577130914,4.107156154362731,4.030578810947991,4.171329103524205,4.417051165750655,5.14770640847936,3.828567016584019,3.9831185463033805,3.7512796327534446,5.1803554618023
arc_pair_575228,4.623085889599776,1.0851873891496622,1.6222517280348958,1.2990606348665188,1.0673396675653604,2.186220513444167,2.304762441881339,1.0154305908056993,0.5542724951056188,1.8835688885031692,0.8714431904101766,3.448560597520257,0.8848374743206097,0.47216666953810993,3.2824383517489766,0.8250832719178198,1.1677412270813792,3.6509943835383307,2.5158539527838824,2.046822586084681,0.8635448998511841,0.4372299748861035,9.340365167250278,1.5729845565443714,0.6213297666997979,0.8894661507011105,1.4323242037941337,3.0148030160747226,0.7778533803810563,0.6974129307742014,1.5269037600571638,0.6922064988771085,7.16290348565686,6.973109162900329,1.07635256732128,0.8660529158665032,0.6240610788186669,0.47878967425718105,0.48106194254536677,1.2136975521736657,0.7985311795091266,2.2308045627949173,4.84675696208894,1.065511737712604,0.8758012931183571,1.2575567683551887,0.6515413991798844,1.4351056389969794,1.3086548465309629,0.47271421577189604,1.1520844519623035,9.356624226604836,0.7838764873215098,8.611737317014557,1.1153982590332414,0.7676841695317048,1.7322689612792908,1.5808085529333473,1.7149104253230953,2.2345038865196276,0.48802610177076833,2.740450092676667,1.1921824701136,1.4002919238050366,0.8928203621539708,0.5745469729325048,1.8744288682245447,0.5813988076950887,1.6833530892983881,0.7771692863897399,0.8209410390173459,7.001224502851867,0.7185876803764537,3.409495122682966,3.0823108566159063,0.9787632187659978,2.4848730187984094,1.6325745549814115,0.6099158611231438,3.2708925636635064,0.8424942014752812,0.6863089763749954,1.2995428985724122,1.1655562977392644,1.5932636590858138,1.2229021854908966,3.2142405271186614,2.0745892512427173,1.2275639365762805,0.47065895368032473,1.4486494490823139,0.8861809313814699,1.259655385686504,0.6006372002542434,1.0581872968704091,0.9750932601224251,0.9214598720565863,0.7611321226397099,0.8680491603980603,1.4247486332876194,0.6993040983305188,0.6122460676824095,0.9217545447887594,2.338568263747393,0.8052891871205932,1.2739408365038107,0.48122461822953466,1.1027348487610733,0.7834613110218099,0.867596220430783,1.6963597586080363,0.8875111776944561,1.3302378604077458,1.0949294787798163,3.5909715992104903,0.0,2.0650279104818363,3.5980236375068033,1.0188140931185172,0.73038458998743,0.8004928262720219,0.6160831026710926,1.0488445889538758,0.47646544727076423,0.7877548196176989,1.5930594842413088,0.8473346451022721,0.7318910098101478,1.2565207928888151,0.5884857594854077,0.9541332419722547,0.9745409184282745,1.114704333318206,0.8074949559666549,1.5472984136858146,3.6670581568945426,2.84635310903014,1.565238535278056,0.7012062140307393,1.190939241843732,0.8357538942964862,1.515359168660624,6.105387219118338,0.926465015204816,1.9548374469684011,1.0696077787478437,1.0067068060396258,1.5876599162635519,3.477930304230644,1.4354907833053956,1.575768589678724,0.8010233406481146,2.433227751772983
arc_pair_131562,5.122035753665569,2.384092506949391,2.7956432249597887,2.3943626341633855,2.45653287325264,3.089925122784731,3.3410352566877437,2.2346948142085936,2.2144093759902153,2.616584368117107,2.3865709783567315,4.35350518453293,2.6491444160936104,2.086288354339806,4.011067029663442,2.0858860592641837,2.3821651322042183,4.681905371517321,3.4679334270191315,2.9300344287163456,2.05482818080185,2.0210457849517596,9.00653732348503,2.5350031759248948,2.2330526189891726,2.269703639363141,2.725796007137755,3.9495756262322694,1.8772862290335854,2.2923827886363295,2.964603565027632,2.155904457866161,7.177719716938377,6.905087026947932,2.3577373417159766,1.9583817986097949,2.1526176763038922,2.1963104625961534,1.9763893197749025,2.702506911050138,1.9501463839000597,2.9821363822926266,5.103038167154685,2.2326122041508896,2.3965200996145364,2.8015661658589495,2.2193113733368572,2.9078961014517994,2.3666555775906053,1.7110599458084736,2.498142968987069,8.968305573722283,2.197680412798062,8.731860361129922,2.5660651478411434,2.3151687867609887,2.907086804103631,3.0902035211965257,3.291649797890875,3.033964286551212,1.9345397290705968,3.7179738983545243,2.6437664076221887,2.5966464384501386,2.184729038283336,2.2368689504303525,2.984745846056448,2.0459256715554544,2.942514715579339,1.9816396334704005,1.9692108042516532,7.070433295155967,2.314308021680294,4.334509495479484,3.6019410019790232,2.1100467947569896,3.4185613487990847,2.8880734467763385,2.044772692966396,4.386033549390071,2.1792365375972023,1.974345540608247,2.520715625357407,2.494713340850615,3.2607381157567388,2.6836937018805536,4.141625333663631,2.9332517337293207,2.836025834523298,2.0815157663979154,3.0415550969327603,2.1720551233531094,2.7540704182637716,2.1213998412750095,2.3443237069000444,2.296505625244251,2.412707209671218,2.2166625255824988,2.080634559743792,2.36469788971149,2.148038013369935,1.9719949028391401,2.1784191949499716,3.466624744308241,2.2969737664034673,2.6825906366665304,2.0834288877750167,2.490142153148145,2.346003909708877,1.935658225624483,2.8749626716039174,2.601694660362447,2.6498674235325734,2.141830475010358,4.412431342015994,2.0650279104818363,0.0,4.219348970809352,2.3441479888796937,2.1211090291181094,2.0651101239975977,2.0837777686953824,2.512849550773257,2.138891235081299,2.004878416646499,2.485893010759426,2.3533463456735073,2.3483945675089593,2.8575171636138137,1.9209502256258064,2.5962066661424705,2.2915790891755554,2.0528205219787456,2.0891065403057154,2.7765269837712356,4.079609077773202,3.4474377641126663,2.385812129263587,2.055996736442947,2.5945491217954393,2.3429671540517103,2.9419431677113255,6.536580499506425,2.222546488058815,3.039754666333037,2.31408179945128,2.564600481909668,2.4749725687753057,4.190392110891453,2.4795854471706678,2.494960442284862,2.0345685243693734,3.929874343906711
arc_pair_409011,4.953650087453817,4.226478637679641,3.9893789577563905,3.413313289238933,4.369939779708726,4.4352517941858824,3.7283280573404336,4.037074373978967,3.995468510044929,2.753652382077683,3.5966691063728162,5.427968451040671,3.98211580389674,3.8352846346314644,4.52891295224395,3.63003203483795,3.739647227248424,5.033299544001629,3.2838446312477174,3.8129562146518556,3.365931139530567,3.7680359805821952,9.551016537273306,4.153809686779008,3.9796642642395064,3.4082828141611605,4.115291764365189,4.695801345002287,3.552757525495246,3.507897604905781,4.394663760039509,3.8128216914971604,6.473212136641241,7.891458749059133,4.279252789879386,3.9518933618297414,3.6841042289266825,3.812201405601453,3.692959539978533,4.003503355235736,3.166792111521238,3.581371735699662,4.804198554674576,3.648918446536042,3.850905737629845,4.156833605689924,3.568290595397757,4.2938066005360245,3.4129941292601025,3.768214116058714,3.8329291932263985,8.533108425319657,3.9317582917158136,7.813051577285355,3.938348247352187,3.856417493106049,4.252517122842156,4.276636514159833,4.4016422167808225,3.599912451788226,3.7546367015472235,3.5648928970146327,3.4804019785011406,4.317711293850811,3.5877543332318673,3.7285704464805014,4.627457587167343,3.755932507751574,4.351765813087881,3.6333630104454584,3.788627584010718,7.980919542811707,3.948618073238178,5.55111215174541,3.8592418888788886,3.786005966271526,4.973893355845304,3.6663130810705225,3.761530611189087,4.922727061454683,4.028810768734083,3.7634802927124023,4.299081913921423,3.9976678977165436,4.360369827450253,3.849714471939012,4.767864584522252,3.646255740555577,4.244683678503185,3.529867309612465,4.253345262594052,3.36556834709146,3.798656076216673,3.7561628338286015,3.6364437419437703,4.066902566270575,3.646445982191402,3.951884926712699,3.307512606023436,3.7547674316790394,3.7764782626415654,3.559941744187144,3.6830139865662557,4.030577971577575,3.619196443790335,4.111763093902647,3.4909584843608568,3.733368360963639,3.996963361642683,3.102536893835176,3.860261481904102,3.8822727742913106,4.1599244253247845,3.7252020855496184,5.100962944193152,3.5980236375068033,4.219348970809352,0.0,3.833001009804407,3.59720039751216,3.7936685587031964,3.352475124230465,3.977377104420339,3.6383366389572265,3.5908194911837814,3.5401922034289037,3.477127295485415,4.072678557312108,4.400344253223273,3.5181376202603465,3.8711135145286244,3.9815033158784248,3.1153126598235814,3.8391522397955007,3.9902233888893397,3.9900029908741206,3.567419959412579,3.415744133095519,4.001376489915862,3.7223311751012296,3.5186279474685547,3.4045022366825792,6.079353287751829,3.7910089504051783,3.4151328838790156,4.271717814166493,3.9918256393014055,3.7985328157353937,4.045649254805149,2.9601587911457417,3.461996946468261,3.5240372685864765,4.764536870457591
arc_pair_159303,4.3859981679385776,1.7476249146599718,1.7757201203892354,1.727476317863876,1.731743980529171,2.6578151318472862,2.3077302352553146,1.5191894897246874,1.2137925554094533,2.086235604108147,1.321661907747772,3.542988720980353,1.5639128320749205,1.0423896065712348,3.4794429250099266,1.2836178230446662,1.3379426621932695,3.5030681135251442,2.5340432408090474,1.9340217699053848,1.1623175935403305,1.075898935025734,9.647317591856096,1.9121383325758243,1.119120753592469,1.1580565109562428,1.7224105478234841,3.1321768180186926,1.3237473662656654,1.0915684005105073,1.895329054222951,1.2457608171687038,7.036511838798597,7.1587541767894205,1.4367736863471319,1.4018574188381916,1.1581356977872894,1.2138953114178053,0.9758294329912545,1.7338112258052112,1.0383950991158688,1.9978240671190148,4.625293807139535,1.3293919653590844,1.2959418952437967,1.7752756260991343,1.2109637940307176,1.7497548100670723,1.3916934111700154,1.0799536627903419,1.4967797719901395,9.36213626255307,1.2471562784340646,8.597610614776174,1.3738482972104729,1.2895879114171624,2.1452388424388515,1.8772647277316303,2.138310535210025,2.38856604912735,1.1028102865684544,2.7383975339232824,1.5975554043365943,1.6789763052312223,1.2850052421082938,1.0768883955995883,2.3318313829165813,1.1891724874257812,2.0853302849042215,1.3285497476918697,1.3116076717339102,7.070545014283657,1.0900729120877843,3.659773387059813,3.133182001012937,1.352332467363935,2.976742046434963,1.879240577341824,1.0706111970746666,3.1085864456888634,1.3780005821014503,1.1121230954548205,1.8596390476706528,1.5180299111577849,1.900349841882093,1.3139980454733087,3.0727573098898016,2.2073280664297505,1.5663854440885685,1.0514044655666166,1.7076221082026999,1.4856258227763492,1.6247232374433147,1.091343246504024,1.419752430754047,1.4407732323572247,1.4340858675583754,1.236540135545316,1.1248294634053395,1.6627898960925656,1.219369930799706,1.122752669460342,1.2176544859808172,2.4691258025772744,1.1905239890970012,1.6399202119756575,0.9357968536574586,1.6579582360553649,1.2975739152898078,1.2912112391546895,1.9115585972994655,1.5259628131395013,1.747405949354814,1.4715421671708193,3.7320716693308644,1.0188140931185172,2.3441479888796937,3.833001009804407,0.0,1.162972096762968,1.3498987623625194,0.9885323541128197,1.4826078456707636,1.0288290671928753,1.0104066364955049,1.456095097991609,1.2333886284332718,1.3975207575555766,1.7219382645275483,1.047620964432199,1.316134678168046,1.1164765038668254,1.148050845233171,1.2827884370073654,1.488720583062444,3.6382940762944984,2.866105020204819,1.7425479546031633,1.1668313239350212,1.3851689401635234,1.2202208691531333,1.730015292732889,6.189275009416049,1.322223823577898,2.028965528896535,1.630120184872533,1.456450397987157,1.9114975922270379,3.580430481242115,1.5173425761950168,1.726241726243801,1.181876337153777,2.6177879710915435
arc_pair_204842,4.638878709088171,1.168729049905507,1.7542365027470719,1.2620602654578779,1.222138095798314,2.2789530752944653,2.208842424319381,1.0053030316793035,0.7876223640633762,1.8251393558457636,1.0290636569892955,3.2548323369228265,0.8986230582433863,0.5892101013840646,3.482020185977404,0.9044634202793933,1.2947704983905197,3.6242646567074313,2.6556488518315926,1.945821576045565,0.8480340005472514,0.5153214366082431,9.558704980338154,1.5802602362014084,0.870275710492318,0.9597815321180074,1.606519588255413,2.9899798553069634,0.9742853860909715,0.747453141140821,1.6213354420388777,0.8904294819437133,7.228094402086933,7.033464014027964,1.182185763500816,0.9276675523260847,0.7963483227700827,0.7245677862510822,0.5975504604161801,1.148986622627737,0.8963403190475876,2.2583631446808785,4.73308289425431,1.094944592912739,0.876219626274189,1.302445300663808,0.9313742501649943,1.6017411296730284,1.285188041518551,0.6306093894456731,1.1936936787585066,9.213016080936114,0.895945950317893,8.710975225914094,1.151066480722508,0.7152366635820706,1.716658508447023,1.6234541373525253,1.8646953724686801,2.2643408571061814,0.6424570778022914,3.051731705835276,1.2737101789521315,1.3141722358885195,0.9678571903557637,0.7119995215216701,1.8960027840821492,0.8050291390552955,1.6113970788721215,0.797375186687965,1.0079647484373986,7.091827837056471,0.8940765607186423,3.5316792333378126,3.2218929841795623,1.0667236075828885,2.425491220301607,1.5451506943287303,0.7151578573047854,3.338385374093277,0.9636691292576474,0.8478730674319248,1.373321696811024,1.130890143771711,1.659338953814791,1.303112632978646,3.2113920340542657,2.1278290198056418,1.3106349577031002,0.6144507604013251,1.4773405026899673,1.072909986637035,1.358346923959828,0.7002315349032884,0.9531861763928104,1.1867446848672105,1.092302711054601,0.8436199861655714,0.8837349293540736,1.440708951269171,0.7852207496319995,0.7170895270745725,0.8710132784310922,2.420964206336781,0.8871440995461273,1.5480961626954133,0.6281944668691821,1.25467705204608,0.8237576185344057,0.865279259711222,1.7154363331843088,1.094614240051083,1.5819453610584848,1.1309683791296297,3.8405123122088796,0.73038458998743,2.1211090291181094,3.59720039751216,1.162972096762968,0.0,0.9217283742295095,0.6616760725420758,1.199223136957232,0.6004165554834017,0.8540669563928616,1.7137797259553154,0.9325776572098363,0.9137648850774777,1.5027305063929237,0.6413107010964574,1.1176743951401622,1.0937872063369294,1.1721038162836348,0.9078770499203103,1.537522440716161,3.8214035088289897,2.9010278115829267,1.6057043929544468,0.790784928275619,1.2282581785300153,0.9122112956642563,1.574990284501598,6.115867578558201,1.0607724842780675,2.0766137966299594,1.1918306947381545,1.2336201210152158,1.682704288721053,3.5783891735884934,1.6171877477209788,1.6371460166017138,0.8264458338823046,2.6370922873595677
arc_pair_472271,4.7793349845792745,1.2161400570699188,1.673348640844908,1.3393608103903178,1.1179131102306448,2.2390904894769,2.4171447669647006,0.8929193022883022,0.7297300439379162,1.9846968097208073,1.1763620040167633,3.444784567034403,1.1502218737286838,0.6652035093452582,3.360061197295595,0.878196056644823,1.426769007773726,3.7154615262217763,2.849159912458269,2.0248080032489293,0.9658102382671763,0.6421338064187812,9.69992425036741,1.5769436533564445,0.7875651084494474,0.8936491522147195,1.6460887765149521,3.261238161389919,0.8057769160197521,0.9477347882845694,1.7047273900472586,0.7438792117716028,7.576053080217386,7.023037243945564,1.0254794279076342,1.0639725930190638,0.764719445628865,0.8622258691617823,0.8056596583102322,1.2730728623440855,1.0081066634109352,2.2997194757440607,4.854600831327035,1.11765957597149,1.1711636454269192,1.3494122134023692,0.9336831736172662,1.5888270823086805,1.2568003113997068,0.5127318493716115,1.3295349994776322,9.661711708323189,0.8573513420336278,8.884300624511145,1.2317673450413156,0.9105034369244558,1.903772201029564,1.6588486563290195,1.9047751220772566,2.5100209241607017,0.5938222591662001,3.1929952962200256,1.393239757993453,1.3828018112659337,1.0057508105125925,0.7616347005604457,1.9222203705253627,0.7660345023430946,1.7810436443647002,0.7966789609888854,0.9216938281801603,7.304084621969419,0.9807998739634594,3.8005530985896137,3.262022920864558,1.0799611229895103,2.547583362403771,1.8924787184894283,0.8717135558572637,3.29236445923799,0.9714343703156015,0.778791808611059,1.2218924144490553,1.2756440611289968,1.7981424514140674,1.3908813106858666,3.495995530519178,2.195860490847533,1.3533718487878583,0.7770277469347138,1.7574931404777243,0.998410985146947,1.6124574030167182,0.8253655145880585,1.1460633077010436,1.0473821669330081,1.0507822452679347,0.775103641119168,1.0696587410327623,1.631421304634176,0.9358810710378433,0.6603630822726472,1.0782056796234827,2.726670118381195,1.0982227427243203,1.3682098483486462,0.869554808884651,1.3010704257171346,1.08835528461131,1.0583122296685232,1.7300334027086057,1.2648126068249699,1.3959855129494652,1.3565698669665835,3.8004593881628272,0.8004928262720219,2.0651101239975977,3.7936685587031964,1.3498987623625194,0.9217283742295095,0.0,0.8286427476163358,1.2837447999053728,0.8910395665134433,0.8012375121894093,1.74791740142219,1.1934274639543876,0.8855973781540782,1.4003661047231644,0.802880500406268,1.3788479677098249,1.3683208860843734,1.1249575589807395,1.0275063965624993,1.5908259459416025,3.8255692624821274,3.2360320810759036,1.6860902222427707,0.8505056773103359,1.3824479509430063,1.0642963998442487,1.8266860835375425,6.523141603542857,1.0247789098536892,2.2174264603337113,1.045806189779322,1.4465173954562995,1.8047683367357117,3.772488160781387,1.754084438502105,1.6265896830351698,0.9772361687474551,2.664666896155442
arc_pair_28154,4.439488717805107,1.194382124864693,1.2893160780232762,1.083643444907962,1.1848689203755005,2.1976193518893723,1.9118750109293168,1.1109119251673092,0.6370912184917172,1.6001160703659318,0.8905369489443521,3.4300769605929773,1.0283986049628535,0.6123999736397123,2.932846667808924,0.6148688521824549,0.8822805687659034,3.272232650697805,2.1298855409067747,1.3408467720058672,0.6639500283792101,0.5517197936224127,9.297427310648938,1.4399100639148326,0.6648635940125712,0.644302170801127,1.2822005542182484,2.892588253972913,0.7215757913213374,0.7682441838972995,1.8088582309268268,0.6958575376980507,6.698227761026891,6.807846351339203,1.1921350303687215,0.8265662364627199,0.5484234051581117,0.7296272965822119,0.5633408920685472,1.2258562790884107,0.6925802212971217,1.6173142890377954,4.425072171854469,1.0060428928605347,0.7530382733215415,1.1477338376478552,0.8890403788928523,0.9705840079830477,0.9900772309506684,0.6485485693682576,0.9454912908263986,8.889976914606507,0.8789194436732317,8.292561843324975,0.7659976211391162,0.8088661804377675,1.585368992820009,1.1615393183325862,1.1513377860962075,1.7793640762113159,0.5659332426119854,2.4459773373013185,0.9772883990226985,1.4690086605855632,0.7201430293964419,0.5196696055512985,1.8517929497918542,0.6528562875501105,1.5818273043631637,0.7076178600158332,0.8002662145569202,6.910694818507334,0.761367232951558,3.3769826495708095,2.6980457611454534,1.060332905998497,2.441516598701208,1.3928248597710238,0.7550746805982229,2.547115510472759,0.8977156578615777,0.5287675695485314,1.3054970589006716,0.9384784793163992,1.2015488239704981,0.8376673882642071,2.9740817997766316,1.6094688892609146,0.8993408913584717,0.48002228618650217,1.1322250027446459,0.707581781637263,1.1705671850958412,0.7840841838743831,1.0546020040572497,0.8440834077302997,0.7397317572695995,0.7776157889267785,0.7224529154613611,1.1064338638177238,0.7774204436901961,0.7396749673688803,0.91870339419642,2.415709888114019,0.9474249092438904,0.9812709343586058,0.5619047282237184,0.9517909427426559,0.8293059894131622,0.8353436982007837,1.6608931489343863,0.8320892146600032,1.441996230462065,1.20011870316046,3.5542858328177704,0.6160831026710926,2.0837777686953824,3.352475124230465,0.9885323541128197,0.6616760725420758,0.8286427476163358,0.0,0.813037675741761,0.6283673310365959,0.7359230476094759,1.3318409196315395,0.8192029453948801,0.8153422925650705,1.0927846953654763,0.7156951267946302,0.908095083956125,0.6599006010074695,0.9293899059559084,0.962972476904449,1.3894642287938996,3.273975709058442,2.4187976624010967,1.279994945872833,0.7716433832017968,0.8874479265652617,0.9060560095581214,1.0132390259197595,5.9473522508832,0.8680122005120192,1.4528063143326806,1.173879302237073,1.0985247503411408,1.5764196413528098,2.9697677337377444,1.1477953875604396,1.21517767040704,0.7145719339180334,2.2133225674442865
arc_pair_227932,4.864801628559027,1.4670795687071818,1.0154331627212136,1.371109498992675,1.4811014159392177,2.763581427955079,2.5849859774864283,1.3277369810948025,0.7167859002698993,2.083543943371163,1.2255276503716959,3.7622693399773977,1.214544988436087,0.8908897677726195,3.521546513278328,0.9155878608844306,1.454429489383216,2.8298671775681354,2.759493473182428,2.1938006902213223,1.0101062791983542,0.7654216039176609,9.904625528969056,1.9913277261255808,0.6390741925482899,0.9911076859028805,1.3280543031815724,3.4969492798146216,1.103164701577492,1.0956069898912737,1.8571747951091366,0.8746303151244856,7.255144300513744,7.3413666642058955,1.4056822068414414,1.0835320693726185,0.901101708911316,0.9993402364542201,0.8742062577337492,1.5086249315168794,1.1764707785272681,1.636430888502103,5.101648341806938,1.5177722727133234,0.8330549107361831,1.4754806669451592,1.1995443567720896,0.9787067117691939,1.5297595569502822,0.9290229286826912,1.4569717470014385,9.481201249333768,1.1019319450251717,8.90200158040258,0.6651689435030999,1.0202661187284425,1.8584878189019127,1.269619380602451,1.193048179991627,2.0593178139316874,0.8726683475323358,3.1932895491707036,1.292621341536884,1.6959551456890742,0.7756041204539809,0.903160633537138,2.269626826480457,1.0879638086331624,2.1537727384162464,1.1108456453766384,1.0886309894495532,7.276613875622807,0.7190298285963377,3.784148395430057,3.3860966308060934,1.372055193624742,2.791592498647309,2.1202777950082154,1.133317658891512,2.538976973409465,1.1928364671750902,0.7650183098808659,1.6672092361965993,1.4104569822763016,0.9143081076270195,1.067929627756332,3.3924903542015636,2.293412224960502,0.7194830083478876,0.9488627933077172,1.2382978258565183,1.0083102940293411,1.8393481574358235,0.9840629197680362,1.2399032572101754,0.7049076557766263,1.0769214271588603,0.9698303086167147,1.1592399023298836,1.4221529195221534,1.098992309930403,1.023923018126353,1.2655274527422358,2.788522634623332,1.1927195299963746,0.7008796273180721,1.1337845943370688,1.0899682467015,1.0794522026378495,1.3330811864457166,2.409666417262069,0.6447162814479488,1.4416239183268158,1.3996675451679348,4.168367666837981,1.0488445889538758,2.512849550773257,3.977377104420339,1.4826078456707636,1.199223136957232,1.2837447999053728,0.813037675741761,0.0,0.895760281032282,1.070139108244806,1.7983179371256002,1.261430837433862,0.9878443545416999,0.8292489823727636,0.9954323125559482,1.0677994383065386,0.8990073125417392,1.4849361296401236,1.1034409561075884,1.2315553923187799,3.801698539002561,2.7054375457029476,1.897675089756978,0.7952496714068398,1.4530386006902796,1.481389277773593,1.595797478090868,6.592301964580097,1.0821132056846938,2.083753000199941,1.3688814392505486,1.4604688430514914,2.1525674750950508,3.7438934466146963,1.817912258341129,1.8338856037839601,0.8016266025680003,1.8742348081559532
arc_pair_210641,4.457392726972509,1.1138112356108627,1.449307923913627,1.1536400723782925,1.1491463252276573,2.1372575099646314,2.0989920750796167,0.9729642316989824,0.5165606787733087,1.8327992036042928,0.674672506887199,3.2351108919726514,0.7219714817213965,0.4431823373654778,3.4258301754993874,0.8541758074094037,1.212739967929474,3.4526063069999107,2.4345408603379832,1.9700802493043945,0.8294135569064753,0.4142514569267778,9.510812143211409,1.560671627600045,0.7200170922121778,0.9453786287094499,1.4802988628108151,2.9371509808002143,0.771293010013338,0.5979639613343646,1.3894781856700553,0.906385700447351,7.307975958111657,6.876792460342597,1.0674294842449914,0.8502366500439053,0.68414384813067,0.4597417702506964,0.3648148442350161,1.0060452214325428,0.6558788267176967,2.2361999192824293,4.476817054320398,1.137028792089717,0.724050721620623,1.0852448810736122,0.8068484319468792,1.409380979710879,1.2180246650694282,0.5483080789868432,1.0654884257682098,9.360484885145937,0.7867518514651645,8.797960326439023,0.9701878531919838,0.6890484250636575,1.556807291187204,1.5270523427228333,1.6370166147853036,2.0047238874983258,0.5282988004568784,2.7993836381533894,1.2951249628613863,1.1918974219597491,0.7477982713985791,0.6436045697686075,1.7722136904100796,0.6169361739809772,1.4788648614737414,0.7710119817043855,0.830839805403478,6.8596707356041735,0.574922885306205,3.4808463754148,3.1759469175872588,0.897914065313492,2.411212370509943,1.4421074484219052,0.5582699329937488,3.1534798719286004,0.6870836304527544,0.6477234301783856,1.2906458486792733,0.9717630767628023,1.450264234706969,1.025978619946411,3.103509394823955,2.1114749054561726,1.240985844501643,0.48596769214412794,1.440984888098137,0.886553167779627,1.1497421801111511,0.45384269999209415,0.7359431145169342,1.093231711004829,0.8563703000690971,0.758859253954338,0.7428424388125023,1.207952385132897,0.7138397359043278,0.6566746478086918,0.8916776031636262,2.0829419521903674,0.6958188037449395,1.2590916005717987,0.49715419198169875,1.1967627266390242,0.6750794643261524,0.6537645812764696,1.6746568755235705,0.7892708704687028,1.288030192428281,0.8284849151066531,3.662299819946674,0.47646544727076423,2.138891235081299,3.6383366389572265,1.0288290671928753,0.6004165554834017,0.8910395665134433,0.6283673310365959,0.895760281032282,0.0,0.8604970079487757,1.5295745336071245,0.7643983038695757,0.7754286378932924,1.2213412883518204,0.38613758901860584,0.6690585771938773,0.8692350579132783,1.0850428665693914,0.6975386549821667,1.3426500627711302,3.6677542611084144,2.8325884538585138,1.5541766359487486,0.6808241349643323,1.1945175788962668,0.7614241658673975,1.4489850269968614,6.05718099560556,0.990266788274358,2.077595502398523,1.0365350845950672,0.9431916666773674,1.478401626840279,3.5232578921643736,1.5794565795676534,1.6716646116970948,0.6572941704420117,2.347227840934437
arc_pair_179275,4.587671888790018,1.2600642256253558,1.2538469961231904,1.1114606511579166,1.1889871911653618,2.426016462675256,2.1118587561423205,0.9488957551550052,0.8046802484753901,1.6866079994260799,1.1653149533805915,3.3846411049145346,1.1918667466957875,0.5769990828584657,3.147204404460669,0.8470030006015548,1.38608320088034,3.4912886213622647,2.6472296538614075,1.7826436951123945,0.5915413191996557,0.5653741541957699,9.577618098914865,1.3696868803378597,0.6246515217279471,0.693733865179477,1.266039098783792,2.9142131355324405,0.8784407300444943,0.6968795408573252,1.5923636939222252,0.5196597257823281,6.963107237096612,6.990036726910919,1.087812391242842,0.8976826260714863,0.561000035477105,0.930336826438096,0.6687161727081604,1.2345124740148898,0.9768420123172321,1.9938936118734976,4.706148009178444,0.7348322427786373,1.0967995582201588,1.2349749831740127,0.7009371014955854,1.3459168855618644,1.1263429866633752,0.5601452318193902,1.3069212120333529,9.329891583891847,0.7434733267488172,8.659210295306831,0.8351115430674445,0.7317781930818857,1.73975782449961,1.3927067796683015,1.8017398962889353,2.3157851448548663,0.6147964666542042,2.9362157174949823,1.1685728368509445,1.2601841491088668,1.0068987749452805,0.5602112168519109,1.9223421742239422,0.7776702557193754,1.7027303178717146,0.6959406813626293,0.9787481359877026,7.0144557054504295,0.7076128282007698,3.496528554543834,3.1586594075340697,1.1291179808521394,2.6057810694928984,1.7360636196115342,0.8014002158934045,3.0791173814149038,1.0022773918039098,0.6329303571061311,1.234287766740918,1.2858113547006522,1.363759609424274,1.1657166824944785,2.9508135068076933,2.007735078811264,1.080198892126757,0.7216753142690715,1.6117323058374453,1.0206445176339136,1.3681580810019887,0.8801150161228697,0.9220231694402988,0.8575973561610772,1.0976947377337063,0.6243902802543433,0.729506147221131,1.4892683640061015,0.716336755140544,0.6351056417505991,0.5328522599391734,2.4200178960344583,0.9111188143080016,1.1766999046747235,0.7523137947716596,1.2241552145697898,1.0167555534492516,0.9861968860189494,1.758677175484576,1.2069608631108815,1.4010979997704602,1.1625782377916685,3.835964452147044,0.7877548196176989,2.004878416646499,3.5908194911837814,1.0104066364955049,0.8540669563928616,0.8012375121894093,0.7359230476094759,1.070139108244806,0.8604970079487757,0.0,1.4353464934482987,0.9344302262876677,0.9551016479599873,1.2408140156264578,0.7306505375042744,1.054668624116037,0.9630891362039384,0.8862843730943504,0.9927709623050387,1.1636687888797175,3.4864628348276585,2.8694692955375887,1.5339084344957072,0.6248852568231524,1.1720317507602316,0.9127451823277993,1.5777248276450229,6.209304008957145,0.821131772534387,1.8728456941881744,1.1830137242406535,1.1713037742701888,1.656153322178176,3.66867063214021,1.4564592460711763,1.664684085352648,0.8462362602271287,2.2264844513023325
arc_pair_551110,4.102012583618405,2.3087231697766515,1.8523998289989838,1.7899033982900932,2.44183916295924,2.7831234363193635,2.3352981303997202,2.1770765484979693,1.814482489920157,1.9881486242783433,1.9804673663213426,4.007306986251351,2.2671881235433093,1.6624143000192313,2.862813715825996,1.6908003511613448,1.7914667638911161,3.234249644792293,2.0335684911514917,1.6182663961564723,1.462368325641332,1.6700098551963702,9.292165548258886,2.084384946017587,1.6537564040833503,1.7055025084134403,1.7469584873493367,3.0734336331076832,1.682503718673435,1.6564674893492404,2.435387017835416,1.740995572127141,5.899450557963004,6.884341709121998,2.2181808463932984,1.9563016045360833,1.781388588338806,2.013843110755987,1.5473942110216141,2.357836830186423,1.391464403353867,1.804632711084079,4.252039475293922,1.5925232493260018,1.913083234071897,2.239936358223212,1.715798152068598,2.3060361181408435,1.538731683047022,1.6642155027798275,2.115993695046693,8.200424512064975,1.967278479298225,7.865591354480056,1.8382826382728474,1.965315412003514,2.499787823229581,2.155735051804976,2.3401024892371023,2.4326203678167806,1.6650849347800338,2.4189743803251673,1.5752135925917,2.2926608208936066,1.5190742004954991,1.745113233142725,2.6954261148128307,1.7141893338465832,2.7915176153179773,1.6409322833557893,1.8764005563504402,6.767537192828785,1.6711209124390156,3.7851944691814556,2.45017362741976,1.9720976450707572,3.2958025545069587,2.0486543823122396,1.6614668323009867,2.7000259190068747,1.9612011489123926,1.5695698053276574,2.475893254743652,1.8541321692171282,2.2743081783866863,1.524419291785047,2.577655111070392,2.089937352061907,2.1340825533551606,1.6450952329153048,2.032414134127486,1.5066104010967352,2.036036164577655,1.8482719642800371,1.9470557550299277,1.799751118739495,1.7647905976441676,1.8440159063669097,1.3706248634974698,1.6845696009862854,1.8640881330362555,1.6934039868076254,1.4576633681056457,2.3925507329412796,1.5784480411126158,1.9080167476775127,1.5426785960809912,1.9333189717909525,1.953091679761743,1.5683276338230918,2.041082359347366,1.7173622545343132,2.1882617135045552,1.9071890699284477,3.8759820410640047,1.5930594842413088,2.485893010759426,3.5401922034289037,1.456095097991609,1.7137797259553154,1.74791740142219,1.3318409196315395,1.7983179371256002,1.5295745336071245,1.4353464934482987,0.0,1.6249744003970765,2.0827249801185532,1.671295676552696,1.533632364703142,1.742871886629442,1.4255885533028945,1.367824397445903,1.945648151056314,1.7905495630109685,3.2343287568711694,2.092865220681194,1.720800868007112,1.5770058798378224,1.674690282240198,1.7009226546836431,1.4450581280904764,5.262165473989111,1.4657173052330805,1.8602015160405592,2.2380471706985845,1.8482836674307985,2.0446156477560695,3.0379429426649676,1.5207724645003093,1.7776797368803363,1.5690580200506572,2.723481060688391
arc_pair_362283,4.5171639346853425,1.3579109505289617,1.7218715698223446,1.2035866845576682,1.4502238747420826,2.478717412681524,1.9241235616055135,1.2580415257082924,0.9446143944425447,1.9761394114709765,1.0328309134669806,3.240613927287704,0.8224914217717944,0.7845904912496752,3.2594170216998894,1.12547174555054,1.7142360987590095,3.422711938233548,2.4054908589965134,2.153888298549543,0.9650203877680228,0.7000103161138742,9.22025283831114,1.7144919214652958,0.9530436627237536,1.0623436869672178,1.4853293581305298,2.5745203887646473,1.2304384920177744,0.8652795084632554,1.1701425654321034,0.8819131252185781,6.873758890103009,6.805953770676814,1.3902051593656473,1.1400482279422093,0.8915775129091241,0.7056887828235978,0.7311528225899604,1.3457400404148503,1.138160195617659,2.1535620494656786,4.543452786647734,1.3080475786432713,0.9834108952712948,1.5246579051185967,0.8672867527776909,1.9233597306072863,1.4677049713415835,0.89440732846787,1.5006572683324153,9.132033046479041,1.0314649424009996,8.571824962233663,1.1647529896603035,0.8220727683650962,1.5692242686882047,1.801821229321611,2.0768856095541617,1.8850394637632757,0.9210685210966871,2.8997392369962176,1.3121468935207403,1.4070067634198486,1.1862667982415784,0.9280942782176724,2.056643814917259,1.048125129962816,1.8031285348792028,1.0670420892214048,1.262856299801602,6.744504980948028,0.7669671936129183,3.528043584070639,3.1744676206464186,1.367120016686553,2.7945907724044377,1.5382903936166041,0.895680345689694,3.320803726245846,1.1842632306232272,1.1470603206673098,1.560539438197252,1.3754456274846205,1.286989839204273,1.333047232786843,3.0642512189326365,1.9948481285509714,1.4903350024723592,0.6904995530699356,1.8138293308635691,1.146716114553334,1.491610673759609,0.7039457564831912,0.7558266483298814,1.3701108532951758,1.3561909697830825,1.0182743207462421,0.9487652396708912,1.622425717950657,0.9978126923973794,0.9464739521049127,0.8382601399453534,2.107790320433991,0.873346025455402,1.6370825603996448,0.7230792366240459,1.2581008476103062,1.0473121884268484,0.9912240546740831,1.5878558330467454,1.096973372744579,1.8120782786421488,1.231098301662276,3.72741854261694,0.8473346451022721,2.3533463456735073,3.477127295485415,1.2333886284332718,0.9325776572098363,1.1934274639543876,0.8192029453948801,1.261430837433862,0.7643983038695757,0.9344302262876677,1.6249744003970765,0.0,1.1102330022683318,1.5360972811609914,0.8245191048498424,1.1166890891550978,1.2744976602679143,1.2308466018656674,0.9861002734924558,1.639603763777166,3.666272996504225,2.659730205851606,1.8169879175690407,0.895332831326707,1.4232917076741247,0.9404640037957515,1.2044162836730656,5.953419827428668,1.1059122495561815,2.0016933479827337,1.3389087811974214,1.2889621771764734,1.742216783767467,3.4655093675780964,1.6726291331648218,2.009695191308899,1.0197550611142505,2.176489408036225
arc_pair_369070,5.112902656596284,1.2294628109608254,1.5822460722247742,1.4193820334604643,1.1230318624784472,2.4333998506495584,2.60442117611193,0.917128455112213,0.437412360730143,2.2265334686593703,1.014660478291555,3.5473057951146183,0.9542248678700013,0.6487760350156822,3.7069250963939036,0.804203977731144,1.494918494762534,3.389709918192972,2.9178786531564045,2.2198261246631557,1.0154939686039919,0.52647161946063,9.887172919085005,1.7574112959752592,0.5153595820421969,1.0318819195217341,1.4261385953009464,3.4041925679045866,0.9542695113392738,0.8842470760277477,1.533844423369366,0.6370716976357689,7.611868189748828,7.359995152116515,1.1163485484563456,0.9581899594447453,0.7572759321561503,0.6301238338530505,0.7622626822680059,1.32078521679975,1.0879955504631065,2.2726040706848747,5.183262466864082,1.3161567635104938,0.9412851061423975,1.3215280179027549,0.9614074529002425,1.3154265232641706,1.4487516859144554,0.5688746181426937,1.3744414632846287,9.810139499471852,0.8820173127049304,9.061135082701233,0.9119049715149902,0.7654896749655153,1.803636634977368,1.1937956157129213,1.429780975692147,2.388730505682034,0.6099167494260529,3.308008938229298,1.4225244040999456,1.4627225558475208,0.8952181316147105,0.5674300988483141,1.9217970048882917,0.6972807432982586,1.764202619516048,0.9111661068335662,0.8432291896456829,7.399670236571595,0.875147427199335,3.7447291968903236,3.5144259351038105,1.1778046766512333,2.6426073524612645,1.9711687239310067,0.8368707763983559,3.1181586730159845,0.9792537646314132,0.7222430253413203,1.2416470313218324,1.2219384846541983,1.3052353799623049,1.3134188888942493,3.4497371022989793,2.2669885319734684,0.8722096534272467,0.6313907971781647,1.4165834630043528,0.846357162340504,1.6111886718413713,0.793505737121359,1.130732332109382,0.7875571973993147,0.9652973103192581,0.7926156919948664,1.066854354085189,1.5932224787060743,0.8670598366661229,0.659182475048935,1.130247164178709,2.8435638720478553,1.021847400786529,1.1244853651669906,0.8620794860889798,1.23860476742392,0.9158883891491978,1.1536861671242082,2.1058707184170036,0.8522830342436456,1.252576351180043,1.3597416749131783,3.876936340298827,0.7318910098101478,2.3483945675089593,4.072678557312108,1.3975207575555766,0.9137648850774777,0.8855973781540782,0.8153422925650705,0.9878443545416999,0.7754286378932924,0.9551016479599873,2.0827249801185532,1.1102330022683318,0.0,1.032790319345331,0.8254473070041204,1.1263022820975541,1.2364018429873933,1.4055401584314657,0.9187109483106809,1.5722412833778527,4.10342840210494,3.0129847759267996,1.821168740114668,0.5872068055696609,1.4701092508034357,1.1801408226558827,1.738413172954152,6.696136649287739,0.9413206384937092,2.183223719579329,1.116973640899753,1.393715133093007,1.952095085242766,3.8976020899857784,1.885669629594228,1.7730029942547283,0.9264404985636046,2.2235826984332943
arc_pair_582998,5.210005842698111,1.9414064241711027,1.2221441782271008,1.65352311162491,1.771960481363211,3.096682035235549,2.784115382002683,1.6670916339689343,0.9673589364824522,2.4054687559801433,1.5708196671688575,4.16487902396111,1.6696413725335593,1.2414634790942105,3.7092335853237337,1.1894482179141055,1.67446341240165,2.7059495643065348,2.6810215122658962,2.0163300565539064,1.3272144296040165,1.1198156921392566,10.209230170875887,2.186651647321271,0.8040312365001749,1.4743859343473518,1.3425071376423816,3.5999221026980583,1.3364979009383877,1.2671935074721508,2.128676724854014,1.021361555231649,7.290866646277759,7.510770531494807,1.7907332930776183,1.5435978731484434,1.2740082333967884,1.466396256829669,1.359554422803878,1.9554666713004747,1.3597424155447366,1.8513356953146474,5.313849232806829,1.6507387517927818,1.4947188976062322,1.7294312327823549,1.4178261890128177,1.2404013743965978,1.564010040242389,1.2347400499609054,1.7879728159984554,9.469893607124384,1.5443218246219503,8.928722182953932,0.9713152666451612,1.4250386670899646,2.063013744270568,0.8308560312796369,0.9568453802845202,2.394347140929458,1.2490821549310438,3.3176772725857044,1.6002817034807393,2.0156081006695765,1.0737211605083767,1.1743257052378127,2.6315129989357837,1.188659350867045,2.4263913169833904,1.3546233327989938,1.3802180926849335,7.53625286814766,1.1507802556596582,4.114594562421315,3.3547058781687604,1.7957632969510753,3.291001056296693,2.3753921595748095,1.3520219946300962,2.1349352439776093,1.4420706352493606,0.9860262404771937,1.8136755443997243,1.6006169012397191,0.9919158560037613,1.0202918503632041,3.2978403014235926,2.383875570248499,0.8628079030868094,1.1778415957905275,1.4485791666490333,1.1183283579603605,2.0065463954382388,1.5001695420109056,1.7137518570368795,0.7983368136862703,1.233028268620054,1.332627322066354,1.2611589076254317,1.8516128267276026,1.4997683424052273,1.3204718589069173,1.3772772832754203,3.161117102454363,1.5376075230787263,0.7531967006693263,1.4506123886388127,1.6099939047858234,1.5837686113056484,1.57709305353339,2.4346878312974467,0.7048191379782811,1.596272461778291,1.858149352937326,4.364525348354105,1.2565207928888151,2.8575171636138137,4.400344253223273,1.7219382645275483,1.5027305063929237,1.4003661047231644,1.0927846953654763,0.8292489823727636,1.2213412883518204,1.2408140156264578,1.671295676552696,1.5360972811609914,1.032790319345331,0.0,1.3521336789794505,1.4058366014357964,1.0812924375493478,1.6855184478652183,1.5331817717726182,1.3636988127138552,3.9831403518374815,2.5814873964616454,1.989731626858946,0.989493863967807,1.6591608458793028,1.6418021934846503,1.6210165768487967,6.717733856745049,1.0152157364379144,2.0319886090136663,1.761184644356526,1.6805521235935061,2.352830998242041,3.873836451177593,2.0054584578101213,1.9619953336434368,1.2565677024120636,1.9374568686944447
arc_pair_293009,4.43353435688183,1.06745251709826,1.4505801772696505,1.0728459029201425,1.0562590597943924,2.0852257680077715,2.2051549093052603,0.8345079768962697,0.6458857325099117,1.6117404762000547,0.7127464262664784,3.2197704358185777,0.9284794693967037,0.5631634430712305,3.294761929443111,0.8725782399813196,1.198329921599987,3.4529971761021145,2.607240035707682,1.9374961130458233,0.6285403681808084,0.4603350847709612,9.405935693998629,1.4561290686808024,0.7068590723727468,0.8677436212879055,1.2915628854424948,2.8732482137967628,0.6024781757617452,0.7472716664408285,1.447748147631882,0.6854980678766125,7.1758508184093115,6.889473671657151,0.9206784123060752,0.7766717860233808,0.6840989688979572,0.5879178020082344,0.351644048988615,1.1169188419760345,0.7256107751706967,2.123870515086434,4.57454205719499,1.0773494016061127,0.8092883975268828,1.1823735209977027,0.8267217309571901,1.5157616775243068,1.0487595112334478,0.36486569257228774,1.1768724582880847,9.42051233803897,0.7672795460697908,8.973816249279286,1.020126493069025,0.6763173192863892,1.612026253425273,1.4786596985378466,1.8051366093805354,2.234658906084788,0.4737549659417079,2.91638977729229,1.2396816085704434,1.138000153634494,0.7403669376298374,0.7128716154458563,1.7858577407091412,0.6891980455582376,1.6357044264070368,0.6337748557245038,0.8196672751717233,6.948773715649546,0.729018487002361,3.6465823014309526,3.1385646040032764,0.8208957519425533,2.4307258054586915,1.631541372629919,0.5891996701818887,3.3037988853752864,0.7293055598519065,0.6400420248517736,1.2887602828097267,1.123776123838673,1.6939640813398524,1.0285891407077952,3.0236705516932187,2.0832391260970833,1.1949365246568346,0.4980952001836829,1.3591155168777864,0.9373989591148242,1.4015596237538597,0.5360904160018791,0.7956164279874995,0.9045317804664663,0.9780386525859207,0.7481562729120447,0.7050524467062773,1.1822176189040148,0.6997991582504621,0.5144758349972309,0.7893641168064731,2.1038995461999406,0.8195550488705532,1.1779702221191903,0.5487965029371187,1.068683030033302,0.8630796165223531,0.680595991241897,1.7748601801523725,0.8145190543593999,1.1205236373894332,0.8167199638268918,3.5788704828014892,0.5884857594854077,1.9209502256258064,3.5181376202603465,1.047620964432199,0.6413107010964574,0.802880500406268,0.7156951267946302,0.9954323125559482,0.38613758901860584,0.7306505375042744,1.533632364703142,0.8245191048498424,0.8254473070041204,1.3521336789794505,0.0,0.985210287107016,0.9823942918613847,0.9725580382599801,0.7467893245612764,1.1866007171294934,3.6746122414390285,2.8784664549183288,1.4715466682503369,0.49287194677867907,1.2194854258840175,0.6692273606607857,1.5692636635002288,6.127074327890013,0.8248680338104228,2.037275682436885,0.9248248777315149,1.0472497246683068,1.5615445684437486,3.592398917193015,1.5988069637263802,1.5347956455693361,0.5324836933122274,2.2063487613955783
arc_pair_533887,4.475676698922929,1.5978187210645936,1.5127271179016728,1.4359453848121322,1.6929114394262772,2.6701943460734743,2.2075196371501677,1.4461545226504016,0.9261175282750662,2.0629914177653923,1.2001902543874525,3.699958723236447,1.011649441076494,0.867510067899177,3.6100619217083247,1.1542556957232417,1.5605433393033747,3.37745024906158,2.28997017299118,1.9517763460013178,1.0556113740221353,0.8776765911859817,9.584325922676562,1.9203249014023054,0.9587403510196839,1.1155200832211463,1.59354207069633,2.8722059230311023,1.2600133762243697,1.0261559064336072,1.7953419639948467,1.1318620296447601,6.950389217979318,7.171312911571248,1.6928356614444549,1.2786635502617183,0.9811911962611344,0.8959256445310417,0.8863327216585559,1.5227280231572742,1.0669540056234872,2.1799186207636927,4.6031960055712,1.3688690350406256,1.0477101255703865,1.5401748729483786,0.9534255919156054,1.4155903202202755,1.4409836723124083,1.1125765851093528,1.3397374750699562,9.005320031729902,1.1973432876629275,8.508906751704338,1.0964148694660434,1.016952527357211,1.847051051474722,1.6346067452392448,1.6993818080459149,2.1099131055277796,0.9631428754262794,2.6869795597740227,1.4287270407851356,1.5977693428264481,1.1777525205618615,0.831725715177132,2.028357599920427,1.0961055234602455,1.7427500160370204,1.2171997282602596,1.179479743870284,7.355049978140785,0.8271558446276139,3.617956323082023,3.125666068400726,1.4851932538852681,2.959934834588812,1.737862993849589,1.1574927621681903,3.135989975915252,1.3128315502573145,0.9282096999629645,1.6561283611888629,1.4754354925362603,1.329935372799101,1.31755304211188,2.954441803111826,2.1580613036646046,1.380690909182055,1.066950215478726,1.6152942912398862,1.2203282520231546,1.3470406756776674,1.1133026675543043,1.0562253797281596,1.336584874606464,1.1740999854400065,1.1738865921005435,1.245532129044104,1.416062073403069,1.0850763033616486,1.0716631861145216,1.1603951545976632,2.2321404855967,1.1422949554502986,1.302628633572846,0.9578777766026542,1.4069529148742768,1.0448519650094166,1.298422925144893,2.1300811675972624,1.2436714902472654,1.7378531361072058,1.4239995132656884,4.0439803648693236,0.9541332419722547,2.5962066661424705,3.8711135145286244,1.316134678168046,1.1176743951401622,1.3788479677098249,0.908095083956125,1.0677994383065386,0.6690585771938773,1.054668624116037,1.742871886629442,1.1166890891550978,1.1263022820975541,1.4058366014357964,0.985210287107016,0.0,1.061759429872986,1.3952032491824322,1.2889537244686724,1.5736413389259396,3.645545604442761,2.5150316885008595,1.8167844294453233,1.0452372657204039,1.367932104387919,1.2186552244330504,1.5961511236091996,5.980400980053396,1.2962292578135077,2.032276209718855,1.4876837229156412,1.2268666105303163,1.7282760725502149,3.7057587685790274,1.6438798561829653,1.893692583818443,0.9871082764315304,2.0572176268884865
arc_pair_562719,4.963268269448335,1.6418823911074214,1.2919314354630727,1.5909420887629078,1.6561430424996333,2.6344902872273512,2.4188460550201807,1.617308710829503,1.109149300479975,2.0378826926108022,1.297976747780761,3.9035082843959703,1.548047785227335,1.0962597557217084,3.7021301872547188,1.1173769849544253,1.008387044685136,3.5859127198362106,2.6598132145352427,1.841378266920632,0.9558708741198669,0.9181846657305593,9.886214980747248,1.8644745258089124,0.9098429172730702,1.2357751970509638,1.0934888119245154,3.3500824363036044,0.95365138433904,1.1853219142673128,1.999900072471996,1.149083113867528,7.1936483305709995,7.2773555506520236,1.5746086244183286,1.1337966736404388,1.0199982624436323,1.225425608302723,0.8029140093893093,1.6581161401637443,0.9195549259818337,1.7388719759528042,4.837237404063673,1.3859919629963573,1.214511892088248,1.6513451744881467,1.3878403821185799,1.115486392752637,1.4215175272020018,0.9632771749448691,1.443814804974786,9.325473146974703,1.296131161812434,8.712928832606384,0.8786191230916027,1.2072761681093565,1.9522638377351984,1.2578476332087425,1.2898238840884992,2.158225589215424,1.0042070025020695,2.866687935173323,1.7493751294731723,1.6874549787445172,1.0889803714017368,1.0625411830609488,2.2534374845323786,1.0069609999621845,2.071204736683681,1.0562447653188505,1.0991840165636688,7.347206116246699,0.8984253732788388,3.6688340137307076,3.195721837948515,1.3756085852866122,2.862577433050962,1.9267378113559377,0.950270882905003,2.7240381499473,1.2682522818907287,0.7058323238261552,1.7989747091477226,1.4098205370582508,1.3354179383268308,0.8262670976536015,3.1631185904664245,2.222010920395396,1.0964716216313461,0.9050001926066453,1.1649237528283125,1.296180815091264,1.6385415854714611,1.236875135010448,1.4045982385903575,0.8960684235638281,1.1965598400438213,1.2604289826801809,0.9606150272537602,1.3155635431265194,1.1624675683377537,1.0872709385341839,1.0390381526454044,2.6668207984477554,1.3515038535214385,1.1307303527008186,1.0036302829489268,1.4835886825105855,1.235536124943263,1.2488425111402324,2.0700932652272943,1.1183762973600793,1.846265170860692,1.2067040692818791,4.0854015389388545,0.9745409184282745,2.2915790891755554,3.9815033158784248,1.1164765038668254,1.0937872063369294,1.3683208860843734,0.6599006010074695,0.8990073125417392,0.8692350579132783,0.9630891362039384,1.4255885533028945,1.2744976602679143,1.2364018429873933,1.0812924375493478,0.9823942918613847,1.061759429872986,0.0,1.3195413536343976,1.3626080929287723,1.3967639497495177,3.7496791115550145,2.732752768503647,1.7320403486745426,0.9791600650160642,1.3915627329969227,1.287818962939525,1.7360445735800885,6.355442021971269,1.0322517623093772,1.929715481720869,1.5359092639299585,1.2999917553185867,2.038918082943894,3.5782661824494886,1.5813950690660619,1.749253751395913,1.0013237199918898,2.325069370985812
arc_pair_541700,3.9437477643894763,1.669817177571955,1.640203047078248,1.3808849277015876,1.6350644713783664,2.2222744747374437,1.8733774831039876,1.3403827096667325,1.2914100213945596,1.4391304219884833,1.3692754124304336,3.375052167438677,1.6129017386692273,1.1004948194726416,2.9510476075176486,1.0396734683480355,1.2992575608662904,3.1836509955244487,2.0318527841714076,1.4134130164738898,0.9398896454991752,1.1135598747598645,8.95876895374165,1.6865805181669695,1.2007516701294043,1.0096559454531722,1.6896554979327132,2.8024762176783717,1.1390469326977328,1.0732127849597033,2.0109227663194065,1.16600009125603,6.22311887583347,6.408330665465776,1.5144905049743476,1.3683847868275383,1.0004068718138739,1.328246355894263,1.0246218152273645,1.6420684463911184,0.9400207925175956,1.622715970083086,3.8370367291263534,1.1751965550529,1.3909394577907834,1.6016020817659915,1.0441924096437534,1.5464011857776323,1.0295829098733222,1.051748167397768,1.379928480795804,8.291844938694226,1.2792268501262352,7.915264269748423,1.310866045153006,1.3123629627854907,1.8897162463840558,1.6985252415582968,1.8689314508239074,1.8648586289788187,1.0624017950194102,2.1203027026472663,1.237872344775339,1.6945043325147902,1.1962008238128141,1.1237519669098017,2.080611747713508,1.1669500349446353,1.81358257615253,1.1932852323419914,1.2362645686440679,6.708983192101867,1.1909045139723908,3.5157376869710806,2.2634961981651096,1.3672130522696615,2.790362631687467,1.595642192960824,1.1545500032297809,2.690375603302402,1.3781813663818154,1.0165197349673811,1.68254803630367,1.5101436018479375,1.8598396054003121,1.2618178842008727,2.7289073617939534,1.7832991235966245,1.5505558832767161,1.0556731813141562,1.7272049375243403,1.1832487752090592,1.4512626370583281,1.1754430515100975,1.3131327372366188,1.448550553340941,1.3145696896534103,1.1784242037005137,1.0549940076548903,1.4580336510440453,1.1796587222308772,1.0404918354832162,1.229428228716284,2.2823142784731156,1.2036114680111327,1.4594859621283995,1.0116647847232527,1.5134371867991945,1.3754953984114193,1.0250681064073903,1.9175321919327355,1.5864298243154553,1.5150531960164657,1.3774768072229018,3.526431393487131,1.114704333318206,2.0528205219787456,3.1153126598235814,1.148050845233171,1.1721038162836348,1.1249575589807395,0.9293899059559084,1.4849361296401236,1.0850428665693914,0.8862843730943504,1.367824397445903,1.2308466018656674,1.4055401584314657,1.6855184478652183,0.9725580382599801,1.3952032491824322,1.3195413536343976,0.0,1.266017707960002,1.5834558940199923,2.6937113097188865,2.44922978229131,1.3300546886334423,1.273912762607453,1.288925721585973,1.1501849105209385,1.4719451238718937,5.445356174451749,1.2953329935661182,1.469065607287967,1.5100085897068567,1.5236342038026947,1.5814707033981996,2.8075905525777785,1.0231389599492893,1.4941328564485539,1.1278616921275826,2.542149854361148
arc_pair_192119,4.872063644434217,1.2392995036163248,1.825191202340417,1.4979626484683215,0.8597643641595123,2.3237378908551545,2.5335956002377635,0.8794157060462142,0.7360574357797045,1.8491835081097654,1.0845524043343706,3.318545171280415,1.0140958889094445,0.6026407069019243,3.6056704902269496,0.9665108569709461,1.6767844577530486,3.620554950416202,2.879141009964308,2.449057562311802,1.0275010034862455,0.5823382363951357,9.617799661376269,1.7739154962376376,0.7774892845198584,1.01980360048183,1.7716295736530139,3.2197956777906938,1.0701602074751695,0.8587954151177332,1.226162178780425,0.8320778464879904,7.401511273343722,7.108320276434688,0.9421847825546394,0.7259032929685238,0.9719526139424506,0.6120016866653114,0.637029086497293,1.2062087247997098,1.025349106767805,2.3588505930087558,4.885787480461234,1.1820351440044183,0.995190575592564,1.5099373392883724,1.0332338746177152,1.6658082755644532,1.5969136402660145,0.6603761516332112,1.4911964879450836,9.79151532822756,0.7859798899286001,9.177500525155297,1.1625732899825345,0.7826940989308413,1.6432154896354607,1.9365004748071921,2.008750250050666,2.115194401949234,0.7201185847297251,3.312605810524077,1.467101444513513,1.237496465955196,0.8812044612321273,0.9145135836324753,1.9722744666975842,0.9559685785939477,1.7254338815722279,0.9310881071985463,1.1064617886525085,7.051049407279077,0.7694077262236965,3.8700247984764706,3.4739728898423397,0.9880248329363341,2.53486699312354,1.9916672489277836,0.8224694954895797,3.46123823299289,0.7608979723305548,1.0479134864181037,1.111692062569512,1.2113919811682554,1.7463512455186758,1.404855491862292,3.41594006953002,2.4686444088128847,1.214892194519027,0.7732082781951564,1.7269944422244345,1.2499320871287871,1.6592088371661509,0.4902775651389698,0.753210150286798,1.2480714967948763,1.2674721930923072,0.9149459196260148,1.0013355917243427,1.575803374509736,0.8682683098857971,0.7621025319773442,0.9675470473717679,2.5982411681210436,0.7604805183446723,1.5282998280272333,0.8886183271092032,1.3435947070686471,0.8832704768478369,0.8591211511413488,2.055035830858451,1.098737066738828,1.3833170245418671,1.0485712182803144,3.588377481188984,0.8074949559666549,2.0891065403057154,3.8391522397955007,1.2827884370073654,0.9078770499203103,1.0275063965624993,0.962972476904449,1.1034409561075884,0.6975386549821667,0.9927709623050387,1.945648151056314,0.9861002734924558,0.9187109483106809,1.5331817717726182,0.7467893245612764,1.2889537244686724,1.3626080929287723,1.266017707960002,0.0,1.5231136927927993,3.9432456353926977,3.284159098976595,1.665332786561511,0.782676125063267,1.5724949929827239,1.2575367488814893,1.723599974729911,6.461157082892324,1.2732013270356217,2.361315259917484,1.130164381850303,1.4270583101328764,1.8482212773418203,3.8588508678158164,1.9063684764754483,1.8329589580377454,1.0302439685497211,2.6819471326038054
arc_pair_665358,4.781799920100045,2.1864352632827444,1.1967220363347675,1.540986098402975,1.9638005081156065,3.0385710585900427,2.6411056119047904,1.609459621390177,1.3529315951664227,2.1830069048137943,1.4015671818734803,3.857933343356599,1.8709669112886607,1.4905267376349758,3.729872007406362,1.445347786768215,1.7067852672706247,2.7890351528250763,2.9220392556121735,2.1612675474609113,1.1227792738357438,1.3647815873715279,9.75847828142448,2.1780979414236246,1.169439116781704,1.3147742508575972,1.8578543811742598,3.4323299591870793,1.3306468082742584,1.1402954253384479,2.1032028205950803,1.2276241669234842,7.32524536436234,7.379335338252355,1.591477757643347,1.72090234563579,1.4094215485020611,1.5856673721460797,1.378239469187949,1.807641505683513,1.1221984138555974,1.7203866245204014,5.0772286488859955,1.569086164317565,1.6300796074754333,1.8512735008864347,1.5801900737388364,1.7951152808131539,1.5114260404568491,1.3340850180696664,1.835006888894542,9.499731040569912,1.5036714195787368,8.910920420066645,1.256359782438258,1.3938613545651846,2.2654065060818747,1.587204891217515,1.8549181447195522,2.666430834431706,1.3822656080393372,3.2950747846670905,1.801913429072322,1.8111237330474057,1.1142879485719053,1.3564149017721148,2.7104955504713066,1.564335684781478,2.4324791523136886,1.3205349528029282,1.5703792839989146,7.185975812789681,1.0393397842487953,4.1884682549801795,3.506614138413857,1.6857652302173016,3.2551390668514752,2.272064989504479,1.3973949090257711,2.750628767983704,1.5188167036079587,1.216262964384804,1.9680782422622793,1.658409669173702,1.6033107495297076,1.0466834975197667,3.384345171260092,2.4968910304256284,1.0899587220566733,1.3963001153229315,1.9303787242126278,1.4637877567363327,1.9953700967895704,1.3673531918715185,1.4113622964996486,1.1658660823715556,1.6437749910371258,1.374100268495035,1.1114520575889442,1.8165580493313056,1.42073985716819,1.2186981129939378,1.2414341831254347,2.956463207299296,1.3710592649895912,1.0996003318401861,1.4685653796526583,1.7056262465479002,1.7894384336271396,1.2455177361675367,2.441815237451702,1.2140548888061296,1.5634748577042967,1.6952834457267882,4.339948596271556,1.5472984136858146,2.7765269837712356,3.9902233888893397,1.488720583062444,1.537522440716161,1.5908259459416025,1.3894642287938996,1.2315553923187799,1.3426500627711302,1.1636687888797175,1.7905495630109685,1.639603763777166,1.5722412833778527,1.3636988127138552,1.1866007171294934,1.5736413389259396,1.3967639497495177,1.5834558940199923,1.5231136927927993,0.0,3.871364198168385,2.6929937296166147,1.903886255296705,1.1405364533949554,1.6530392591609178,1.5621869683423637,1.9462521428472344,6.653844278356937,1.373073455000077,2.2237752017848753,1.979215769054283,1.7456817572693426,2.261801253963532,3.879871472778074,2.023139825641209,1.8055869732580436,1.255798000644278,2.1078729306335857
arc_pair_89302,4.660224703839756,4.4241391878487555,3.694450278610986,3.751701789921115,4.551716938034747,4.380962390136103,3.553880970262721,4.247935015079782,4.029951100146516,3.1610204898688323,3.7556679867278167,5.582211591240324,4.235231138255136,3.926844590445758,3.910368717034753,3.4630872262625623,3.4000699244090913,4.000937032495164,3.0294327261950054,3.1390296377919586,3.2656399232561446,4.03611773719747,9.449369617814291,4.081071821784832,4.0383235928955985,3.3967344204952052,3.8920495899624066,4.144239517270037,3.5064595182808183,3.5389236346986186,4.576415529965061,3.896790766300067,5.837227376762809,6.8934308551040955,4.342735205879456,4.057795750592957,3.598753354028327,4.110271246124296,3.7051684822304187,3.9627832632757025,3.1461362442254925,2.775071431969288,4.794403335181508,3.826353613660185,3.9941921441305417,4.305419064014556,3.677731705115461,3.930188245818035,3.2443979637591553,3.999133680065892,3.702769870703051,7.441483684287401,4.152283086829322,7.672564707626687,3.825640278720992,4.18810144495447,4.249496347779145,3.868742006634575,3.975932633073583,2.780761223996767,3.84753276980387,2.7894092911827446,3.2614836420170805,4.501559191471314,3.5752217327735907,3.7253453326670956,4.723111829937146,3.8266033328224554,4.440744413756567,3.9314090049418,3.6814746215826006,7.715904825421798,3.9789149973328994,4.715023727514804,2.775427566424121,4.1145355390700304,5.354033830543469,3.4960479735410197,3.9329040417847,3.9898611806709763,4.152861592714919,3.562886038294841,4.50866190575413,4.010635324759151,3.975347680227997,3.513277044741578,4.024939999930119,3.4223298705915246,3.999953660907611,3.638467735594676,4.197928322740731,3.3356623637712612,3.7281675143795563,4.017602250961351,3.9847428274582786,3.9306200797565847,3.7253868573059004,3.9994049171640382,3.4692921997337707,3.491366852361347,4.016640599221324,3.709220613983726,4.011143044353728,3.9990816701526914,3.8231892233966147,3.488404148236894,3.547701363762705,3.8384597788943835,4.018215852707805,3.3057156779342503,4.166995330852766,3.953031994670411,3.9889299325642553,3.5255291338376935,4.972658359513646,3.6670581568945426,4.079609077773202,3.9900029908741206,3.6382940762944984,3.8214035088289897,3.8255692624821274,3.273975709058442,3.801698539002561,3.6677542611084144,3.4864628348276585,3.2343287568711694,3.666272996504225,4.10342840210494,3.9831403518374815,3.6746122414390285,3.645545604442761,3.7496791115550145,2.6937113097188865,3.9432456353926977,3.871364198168385,0.0,2.7726535761016886,3.181666418755488,4.153787509824468,3.5877768261271457,3.723266803833373,3.022179791185092,5.561134574388777,3.594507679321241,2.8934072853521045,4.237879703800409,4.066543592148402,3.878924545521155,3.5201123390796516,2.5372281414921987,3.1780250815791065,3.5885162999963582,4.394187482149763
arc_pair_674772,3.9028951644237284,3.513928306899686,2.811119125414956,2.4944445313507577,3.831330920031129,3.7699438110655734,2.590448769127164,3.4766987876280595,2.947975767620566,2.6628804791804566,2.9609330165906877,5.064798233892072,3.3464325958634626,3.066163241137313,3.4262042466781604,2.5241375021892187,2.7608663181976274,2.9922611824922933,1.8544507544980915,2.398620173115808,2.528188155107521,3.017825541622325,9.009031374778978,3.2878067360647965,2.9513266619385883,2.90918325480734,2.928129033078055,3.2841271078636654,2.8018081394389305,2.8076726998227923,3.738755564264351,2.8117667342072337,5.129140645573856,6.785085023484359,3.8083087548635777,3.1836422817989205,2.9652913742754166,3.177877510914702,2.9371108995540185,3.3854318041890177,2.2759098247592267,2.0976266895396587,4.371032214635702,2.822836916461335,2.764216572554607,3.5984995779976674,2.784820177277079,3.2376053166430445,2.442437489522584,3.0896417733295656,2.951616566297894,6.83534345832713,3.268624519753169,6.694268327192627,3.0760842265616475,3.134091689785177,3.240725178588309,2.9530975650138576,3.0131468722796235,2.3826108384848306,3.0172312692742507,2.7158585388601137,2.395890002015324,3.4856742851873013,2.53651260795044,2.796968550947461,4.0340439943278374,2.9513806506644062,3.688537004412935,2.9374948656772326,3.1059756195715913,7.201594330155373,3.025884855751391,4.213849039893413,2.3737782306291253,3.264262004802079,4.630737513316538,2.659350753407419,3.0804287658440805,3.137520473035338,3.3445199346016494,2.721800637305291,3.5797509508135166,3.019334969298326,2.8999605308213754,2.559021806268409,3.385607939909784,2.193242030359027,2.9262468190589006,2.8669903648473962,3.2318268421306886,2.2940488564415804,2.770077504282051,3.1687705749519433,3.0570399037433424,2.970580184994022,2.808091631055628,3.106037882559917,2.6372475854972555,2.406632685627713,3.128917727919746,3.056449454102359,2.8027627121914844,2.954422747409774,2.9690083426675837,2.7811560811822336,2.753280986980909,2.793540231699398,3.0656606286462655,2.5209556607399297,3.1815627893993703,2.664157286034304,3.2566754332827763,2.891719566784034,4.681979181705341,2.84635310903014,3.4474377641126663,3.567419959412579,2.866105020204819,2.9010278115829267,3.2360320810759036,2.4187976624010967,2.7054375457029476,2.8325884538585138,2.8694692955375887,2.092865220681194,2.659730205851606,3.0129847759267996,2.5814873964616454,2.8784664549183288,2.5150316885008595,2.732752768503647,2.44922978229131,3.284159098976595,2.6929937296166147,2.7726535761016886,0.0,2.503113631530788,2.8648760202264376,2.456212213054962,2.8609278632059683,2.167213217694968,5.230744789354476,2.4443677513602435,1.9169570392193291,3.5755928121556027,3.1491533463492325,3.011220013931604,3.196816373732759,2.022824898785668,2.5324950497884267,2.3389547834092057,3.148110626152852
arc_pair_196265,4.443875738716097,2.2032485614841395,2.174845483201201,1.6840548293185638,1.9171588242753141,2.6596261765192013,2.5348609421459725,1.9405575569230828,1.7358600997213491,1.798559095583885,1.6433793739927522,3.933416834935362,2.206102587697943,1.722181752889296,3.3648861216814305,1.4133875741440733,1.3596657740952407,3.337340068258009,2.2534766486475784,1.8622182622554742,1.5140341596882234,1.6409623991031406,9.455694397617757,2.171766832839162,1.8113878386119335,1.5700701554271799,1.9872581668767275,3.1921427458125846,1.4199234734774753,1.4937228910066445,2.5960910709818514,1.6763089990585143,6.426609519121691,6.640697680598246,1.9801345528320446,1.7044061653261842,1.6070023044290311,1.833146631174265,1.5654818038784255,2.221906602880126,1.2781439610372056,1.9871796878381507,4.374139293265904,1.6908874723149914,1.8683806598067487,2.1950490111186167,1.767037946789122,2.0277445583302565,1.577523516722342,1.5514200717858886,1.4983839395031833,8.234702941391161,1.6898401544643522,7.919948999903098,1.8995490450619872,1.8871553271450452,2.5011851097941538,1.9556057553475463,2.090033317935166,2.227435011965874,1.5479743488080673,2.644312850234065,1.7583702378744142,2.2656941542110873,1.3672991936572378,1.617067840826774,2.6671604432409097,1.4738582107290703,2.257599321166411,1.5786079052102113,1.6657377779339304,7.175659139689885,1.9621301603368604,3.98950931514209,2.4727526130932107,1.7816904293806959,3.154404519327982,1.9243657626433253,1.5757768118856479,3.0208721192387045,1.759883732740855,1.505571265481823,2.086713919358275,1.710272127111783,2.4114947233180395,1.638252362494343,3.263232461812903,2.0875211721986267,1.9242552956860481,1.4098099082120221,2.081254115195972,1.4840462455875272,1.8407133605909662,1.6664139334221244,1.8573946079605832,1.8396085485235294,1.6183298835525453,1.858231739240255,1.3458113851242068,1.625254220548845,1.6626169859568194,1.520656309315374,1.7334293702724208,2.8162230071219927,1.7507587355814698,1.8538446690847878,1.5470421325590364,1.782362177697482,1.6881251853242558,1.3519853429675004,2.3552092341337447,1.8248469851512596,1.829099831020315,1.8624957546158791,3.7928338958491903,1.565238535278056,2.385812129263587,3.415744133095519,1.7425479546031633,1.6057043929544468,1.6860902222427707,1.279994945872833,1.897675089756978,1.5541766359487486,1.5339084344957072,1.720800868007112,1.8169879175690407,1.821168740114668,1.989731626858946,1.4715466682503369,1.8167844294453233,1.7320403486745426,1.3300546886334423,1.665332786561511,1.903886255296705,3.181666418755488,2.503113631530788,0.0,1.7744355644421899,1.3299386621437224,1.7126393808717029,1.686493230472679,5.7449198469412295,1.5210435572115588,1.8117965645977563,2.048210431946432,2.0224659465075088,2.069824001575417,3.0808125360958467,1.3469497584883423,1.5675263976242908,1.4975531960066368,2.921026541086091
arc_pair_296660,4.994461827935678,1.0366170137297088,1.3904104616682265,1.1362101130977367,1.1066395227347878,2.3645201068769093,2.368692707178254,0.7702053884971622,0.37496045622787527,1.9583513085164128,1.0302497507686286,3.366265506162776,0.953903268039426,0.5267271585398116,3.58983963403195,0.8052595508312269,1.4307677933388787,3.4399152657340983,2.874130347512368,2.081494502531844,0.8257495034742437,0.35636145452883844,9.772066656815166,1.628265930753664,0.4500992495750273,1.0115401475567414,1.3542867227866489,3.0363568456468215,0.7701489547213349,0.8817595180209215,1.400492569684558,0.42832902155195995,7.485668988562889,7.34725109383341,0.897620956632112,0.7657204548760881,0.6824272609038851,0.6607000514169421,0.598020968395852,1.2413888765697805,0.9275034873251523,2.313493989534867,5.162455639188599,0.9414928503808839,0.8037618310913901,1.2846782386467166,0.8294660636625533,1.5641395926329866,1.2917858258043622,0.3224687152927679,1.3827352203836811,9.790219127906878,0.7177019350604327,9.094964557521136,0.9662789852867866,0.5224315130587924,1.6829791317420686,1.4370168587239491,1.7283592052028984,2.518090355241914,0.4684893583570996,3.426699519302161,1.3547191197576767,1.0941234334289227,0.7170954758564339,0.5619429401871456,1.9360480483156939,0.7682612514438931,1.9026000970931327,0.5980289105785245,0.8349820981571323,7.114324277940758,0.6216841301891946,3.742461210998842,3.455495143894571,0.9261423897689187,2.5081852321076714,1.9777853538251267,0.6795057802479985,3.2810391486440107,0.8867503111679984,0.6122845195888471,1.233069482725223,1.2330337159431222,1.4371803709573352,1.0950429097404693,3.180180945182554,2.2250170383991446,1.005640348409723,0.6311559418388468,1.434681965466041,0.9032109065408122,1.5663174386890346,0.6187647298838871,0.7778923050619122,0.7336231135097682,0.9799031007096973,0.6955048650860978,0.8532839129972388,1.344904360010391,0.6953410896207475,0.6299345400798861,0.5561471985350988,2.542317290111673,0.8562471529415014,1.1168470998743678,0.8023254330832303,1.1039915391389576,0.8596855978808946,0.8898757619375789,1.8658385940405555,0.7685394923763827,1.2770702335610482,1.1192015502433645,3.8243200614803694,0.7012062140307393,2.055996736442947,4.001376489915862,1.1668313239350212,0.790784928275619,0.8505056773103359,0.7716433832017968,0.7952496714068398,0.6808241349643323,0.6248852568231524,1.5770058798378224,0.895332831326707,0.5872068055696609,0.989493863967807,0.49287194677867907,1.0452372657204039,0.9791600650160642,1.273912762607453,0.782676125063267,1.1405364533949554,4.153787509824468,2.8648760202264376,1.7744355644421899,0.0,1.363438080949188,1.0019736768369607,1.7771670406499411,6.523083707843065,0.7747322618648855,2.1700925505054176,1.0263527513979693,1.034050196271289,1.751785167038383,3.9693578945034678,1.9794265324450153,1.7829109392878837,0.637811480859331,2.202993991706881
arc_pair_124612,4.627517991480742,1.8712770000900139,1.931404044817684,1.6462115216379511,1.7013622125837582,2.5930782206378766,2.2709335077805934,1.6419852903536634,1.2712170938103369,2.0054823906166885,1.6579118853772048,3.988867835693078,1.6121263470589007,1.1238638676376607,3.308113420994107,1.211299100559951,1.4370423000137431,3.4480937682122534,2.3671539071428347,1.7224989537812778,1.1657470802266736,1.0566338563135032,9.779193221685215,1.877977023300839,1.3156678328059939,1.1573656477693912,1.8440080817775641,3.0824093335229974,1.46677731763859,1.1268435524557918,2.2763229632509376,1.2448193974704886,6.812652267833052,7.102984883640704,1.8751923463070694,1.4651869665306465,1.1697828988266796,1.4031625202191407,1.1708476343553949,1.7436920972887624,1.21234614354446,1.9204787943984385,4.68966864517018,1.492767830099618,1.409857772525734,1.7139980825723435,1.2636455522114796,1.676877549493508,1.2759914916138286,1.2494168249465498,1.1297221527688397,8.92719641387858,1.3848036356616582,8.285708611625935,1.4186107934478986,1.2783684129312989,2.291763670932284,1.6247078134362627,1.8746982310067537,2.388530536123262,1.0792355166962269,2.8254441674778987,1.3856458819053996,1.9282055452717257,1.3400948608208068,1.1100940241593165,2.3367918722538645,1.1122129579589468,2.016071976177163,1.2853913561659742,1.5310088807441413,7.277881383396503,1.3376856471240248,3.895957029259593,2.9665673887807347,1.711243928700776,3.06474011354722,1.6779254836712867,1.265288792305101,2.8592896153046015,1.5807382327322834,1.1273716322111114,1.9144013974001952,1.448028008514811,1.7463954285426508,1.365249021915921,3.1332659833152743,1.8866479758879477,1.5020983184090544,1.2120003853865957,1.6417855542912805,1.3360774461785418,1.5922841920168356,1.3635733355730866,1.6213085457030263,1.5089840540484456,1.191178055160342,1.2512613602878986,1.3905872649900743,1.6854378608150955,1.2692324300537479,1.246466094491677,1.4100065200943062,2.6756428614663594,1.4374347045376565,1.5169094781323436,0.9952012776137332,1.568233987785534,0.9846879689900002,1.4458429969090787,2.065793083431611,1.5633428548590378,1.9292971653335929,1.7975691735852741,3.881078973433614,1.190939241843732,2.5945491217954393,3.7223311751012296,1.3851689401635234,1.2282581785300153,1.3824479509430063,0.8874479265652617,1.4530386006902796,1.1945175788962668,1.1720317507602316,1.674690282240198,1.4232917076741247,1.4701092508034357,1.6591608458793028,1.2194854258840175,1.367932104387919,1.3915627329969227,1.288925721585973,1.5724949929827239,1.6530392591609178,3.5877768261271457,2.456212213054962,1.3299386621437224,1.363438080949188,0.0,1.3154326263682603,1.2948396652923881,6.069899482040255,1.2927391824598877,1.8360101141994662,1.7535181006814953,1.7136071588000428,1.9923472609945994,3.4393547935399313,1.368951066666082,1.7759907062136664,1.2612213447227856,2.5043822521631474
arc_pair_505832,4.286868751360313,1.4395055363420695,1.6899120142210358,1.0465549615347882,1.435899187692164,2.484452829488698,1.8503010211373057,1.3041779750698421,1.104602322587768,1.7098384342715474,1.0621371679425942,3.3911769357065804,1.1423631487805812,0.9238040378659638,3.4264595208076627,1.130436558037911,1.454909931100512,3.648680022936095,2.5798574562445777,1.8391004852004234,0.7596423512868221,0.8167314811727877,9.435229785985346,1.6801795721428976,1.0802759920138303,1.0925363794548346,1.4154320432460894,2.8617470439647357,0.997420727916176,0.7967487531235056,1.6148972493904576,0.9865551904708294,7.280990743940169,6.821901890328768,1.4947638070302056,1.186285334977462,0.9287902891283265,0.9319594726094313,0.8584859770964561,1.473480977088798,0.971552923030168,2.3157736706642105,4.226494474717207,1.3358259140684394,0.9753815333856801,1.4604484513567804,0.7890323005629912,1.6051179583422095,1.1490891811385153,0.8174679508106334,1.3545046144526662,9.199380435496714,1.2234230262468115,8.855697980803448,1.2345442323900224,0.8941983290589569,1.543555319569042,1.4644927400209438,1.8104906470243458,2.4316526385102053,0.8753791832234552,2.909168605486346,1.316945493009216,1.4108815303972668,1.2586081128238678,0.9025231892205259,2.0993743385374053,0.9625490807675421,1.8089421249571491,0.9713644552505278,1.2093464627159096,7.086208147466202,1.0716558049237273,3.922754853800642,3.2321167030320943,1.401787154166124,2.8911270416421146,1.4872869171390153,0.8414769980532264,3.356605610778266,1.015934838529068,1.1267683948216147,1.5190361580032676,1.4483528306570133,1.7259744327356938,1.1607282876881486,3.072704289806642,1.78338340277387,1.596975910715658,0.6736702376157088,1.4603062128019613,1.124975029737334,1.4123720996158853,0.9808632243445964,1.1851390868066836,1.2880437134729852,1.3649659894847235,1.05361705331065,0.9691525578503747,1.647741137492503,0.9883248833981113,0.7049752080835503,0.9125443952617025,2.085429921767727,1.0102600391021577,1.5209717442687194,0.6964125639092986,1.3724984995582206,1.314161562545616,0.9344947640582397,1.6909590539854555,1.094920852738819,1.7123495093343375,1.196982247169839,3.809787001391631,0.8357538942964862,2.3429671540517103,3.5186279474685547,1.2202208691531333,0.9122112956642563,1.0642963998442487,0.9060560095581214,1.481389277773593,0.7614241658673975,0.9127451823277993,1.7009226546836431,0.9404640037957515,1.1801408226558827,1.6418021934846503,0.6692273606607857,1.2186552244330504,1.287818962939525,1.1501849105209385,1.2575367488814893,1.5621869683423637,3.723266803833373,2.8609278632059683,1.7126393808717029,1.0019736768369607,1.3154326263682603,0.0,1.5519107925445794,6.155252447928205,1.1429587734661242,1.9380634146236737,1.404638767139601,1.2635976649945926,1.6116284665012226,3.6025087489053504,1.428165651577317,1.7031480504240042,0.9579261798707998,2.2930690151952757
arc_pair_289956,4.267730439699033,2.245301536497668,1.9418031094925836,1.6671250869753014,2.1555012042180444,2.891508676289303,2.198738653010955,2.074021118763952,1.6072990826545757,1.8988414896842105,1.8558764929946927,3.82302306657506,1.7919935776400833,1.5730009666009361,2.883823637375478,1.4994765653927595,1.8761040940357727,2.905447615967998,1.9676646135631342,1.729884146258996,1.3883325820064707,1.5354386621221083,9.255607931903036,2.0363343617556637,1.529519971338633,1.3393001179300623,1.7091212132946896,2.959601770994973,1.8358593699450074,1.414300057451605,2.0583944967605032,1.5638866319146916,5.99120813702709,6.665169604836957,2.321776368524144,1.8367623964512092,1.5741747280890162,1.655599011714813,1.4411031726129369,2.097984618974905,1.5460077885455663,1.6925232596066924,4.202042212140564,1.8417128207379174,1.5420805054741091,1.938773460703719,1.65987490255173,1.7939633074411843,1.5190351344940285,1.7713758090139704,1.8461550355745615,8.450444430377264,1.868667703847101,7.934757164172139,1.4358157465369097,1.7283841567023304,2.2198916677657548,1.659933346901754,1.77764316269197,1.6109750661756466,1.6160342092564486,2.310669778290683,1.1631612488873233,2.4786579902969947,1.471925612731055,1.3932493042443208,2.5400447813731426,1.5965305894212931,2.3231813407206596,1.6362089835632663,1.9130372447849637,6.884331167061015,1.4920112731615174,3.75408916353949,2.5690956613611657,2.0992613413757395,3.355061385994615,1.6190029727140618,1.7913215237669724,2.367017681591318,1.8830017345201504,1.5373172362107412,2.11733303027171,1.6050088542870733,1.5221227065156455,1.4791166610211186,2.7368756255539006,1.7750373466619842,1.5250924617651462,1.4078168070186623,1.7912671939294,1.377160223983359,1.8608137974525594,1.7388327099123528,1.733388724778271,1.7247272989547444,1.4909920083881056,1.7232472392100975,1.4724692313573686,1.8071365164901265,1.8033335199181075,1.6802491740360221,1.7659707250344838,2.618807781115489,1.608614680693337,1.6342593209313752,1.351337400491493,1.6283447390976091,1.7143595311575275,1.5762263109301013,2.127669648512125,1.361630991453048,2.1247425298248177,2.1358053498565424,3.8585065464106307,1.515359168660624,2.9419431677113255,3.4045022366825792,1.730015292732889,1.574990284501598,1.8266860835375425,1.0132390259197595,1.595797478090868,1.4489850269968614,1.5777248276450229,1.4450581280904764,1.2044162836730656,1.738413172954152,1.6210165768487967,1.5692636635002288,1.5961511236091996,1.7360445735800885,1.4719451238718937,1.723599974729911,1.9462521428472344,3.022179791185092,2.167213217694968,1.686493230472679,1.7771670406499411,1.2948396652923881,1.5519107925445794,0.0,5.762228282020075,1.5432952057059528,1.4740821089015859,2.0189411980053045,2.06355276677583,2.188292823315769,2.758426784680335,1.3668715474415989,1.7594779567751693,1.5836484219880544,2.018694866577179
arc_pair_297765,6.911417498296293,6.910839621321958,6.491751902313336,6.2320679735409445,7.119126538606434,6.7518275200396225,6.191233700053338,6.759878309185623,6.511247569021709,5.606953096243104,6.363623090177101,8.034687613595123,6.69928893281761,6.235791920199783,6.788106334107635,6.160406822520223,6.224237892358423,7.1296077792871655,5.254881543222955,5.9710107469874245,5.89608568952622,6.331314354141073,11.592752709876777,6.500808911980915,6.54051638650136,6.21639795514117,6.603063589527185,6.5527189158463175,6.328224183791964,6.196780858381732,6.849087715910275,6.465611572202204,8.283445157531974,10.027197213589538,6.915347656674586,6.5870306259627,6.414142584512618,6.208770006293615,6.195269044238689,6.475674276939268,5.679606136177942,5.7728524850516525,7.226503633964006,6.146133048716691,6.427616872342859,7.084791769961914,5.98820768986441,6.889474768919567,5.694320324887586,6.487174707751884,6.2764932125638495,9.529148637417734,6.268468745571886,9.09761680864694,6.639223926952666,6.490333129050066,6.566104096508539,6.9653485016523975,6.949404308921787,5.684058906205198,6.304661241333239,5.371434999327406,5.888855552423324,6.878049618388644,6.233163098541934,6.358245030948922,7.167600080300669,6.2352180190229145,6.790150306450538,6.466585748417874,6.321359687842696,9.718056419620828,6.424756958522955,6.1328257689602514,5.627523635772068,6.104314197272075,7.516892047774309,5.956128302490047,6.297834655059264,7.047044368313596,6.629720686414691,6.218539033497165,7.100852930882432,6.515398863799451,6.988167869645707,6.5133807152135565,6.603259829033199,5.87212948548613,6.9434269347654425,6.195382507017897,6.753141229760042,5.762645803020419,6.144026221286797,6.309565541814778,6.365785949952845,6.602561325177869,6.2554240689915055,6.645540566167815,6.035626893346262,5.812931315958689,6.397421706192476,6.255043634955719,6.256158369862378,5.961923293785143,6.034397808752075,6.636219562657775,6.026498875801595,6.401301281205362,6.358755842577449,5.705289997477868,6.496309700998252,6.537392935127892,6.742607831414329,5.9893284070419375,7.944885643376045,6.105387219118338,6.536580499506425,6.079353287751829,6.189275009416049,6.115867578558201,6.523141603542857,5.9473522508832,6.592301964580097,6.05718099560556,6.209304008957145,5.262165473989111,5.953419827428668,6.696136649287739,6.717733856745049,6.127074327890013,5.980400980053396,6.355442021971269,5.445356174451749,6.461157082892324,6.653844278356937,5.561134574388777,5.230744789354476,5.7449198469412295,6.523083707843065,6.069899482040255,6.155252447928205,5.762228282020075,0.0,6.235809797058872,5.75074663838716,6.778217208749977,6.4053551825598145,6.045450524424967,6.376570676346988,5.161309703137121,5.8528160102076185,6.030608009576311,7.154300728740122
arc_pair_585533,4.567168363715393,1.5011925874643843,1.3413351655756132,1.1737652494372612,1.4132664873572809,2.493300344342936,2.3902014514952645,1.250190707912736,0.8775784864973775,1.9481341604638303,1.2044800159810767,3.7005971426372657,1.413707663092418,0.9813251198368015,3.2690790124692852,1.0318489083000115,1.2451614361214927,3.2562615058799285,2.607015870780091,2.021751649640233,0.7894682162293337,0.7938038034630569,9.667945593394784,1.5150253672304164,0.855478178328092,1.0070172848118881,0.9355731614570719,2.9832216765167545,0.835045326806731,1.1145475493264378,1.7986989441080188,0.6958638012815118,7.012379619184463,7.077650130100791,1.3891948975517039,1.1245764078486593,0.9279523686523677,1.037898901631917,0.8241567162764385,1.5839120674055356,1.0235164926192128,1.8664901809927366,4.896807574280588,1.1826534806920634,1.080558383908264,1.6172548820241883,1.1450902217904328,1.5347037962120762,1.3000802963698408,0.6873249879539934,1.3756024517121073,9.13989858214351,1.1199948071392793,8.54169178064379,1.1170485759097961,1.0744680025888087,1.9022033221902488,1.327665059392893,1.6550386462616231,2.404288811560141,0.8024123139515429,3.0463005891384363,1.2196601200648594,1.6040633809637015,0.9929690470636681,0.8206792688757724,2.2339133184486086,0.820118035977225,1.9922025204867342,0.9551750404731321,1.0641828518553735,7.038465273177864,1.1672063748446098,3.581089248810768,2.9905980068460196,1.3374214591617124,2.866407035026164,1.9744476148157823,1.0293812916823288,2.6901931233971057,1.2357824642469977,0.6284905965658417,1.4751724734230622,1.4109841021990537,1.573269121283165,1.1306253027974005,3.1583478340441076,1.9332280095915364,1.1028619147501106,0.8671198020952863,1.5784554873135561,0.9103994236385669,1.6408773603107043,1.0918607625387193,1.272124116449744,0.6527648762320528,1.0296564321732515,1.0386264225391133,0.8923633270224423,1.3803796249924818,1.0710856869154777,0.7779403231741466,1.0244832875165781,2.611264299187995,1.2099460520491443,1.0738239223389088,0.9528796237952272,1.1933330059190106,1.2441626853241385,1.2379177484195556,1.9609042426946104,1.0505823685513167,1.4166907258819248,1.2790871695733288,3.851735577130914,0.926465015204816,2.222546488058815,3.7910089504051783,1.322223823577898,1.0607724842780675,1.0247789098536892,0.8680122005120192,1.0821132056846938,0.990266788274358,0.821131772534387,1.4657173052330805,1.1059122495561815,0.9413206384937092,1.0152157364379144,0.8248680338104228,1.2962292578135077,1.0322517623093772,1.2953329935661182,1.2732013270356217,1.373073455000077,3.594507679321241,2.4443677513602435,1.5210435572115588,0.7747322618648855,1.2927391824598877,1.1429587734661242,1.5432952057059528,6.235809797058872,0.0,2.117401115893796,1.3887779103569875,1.3930497770633714,1.941073847206708,3.6329138103828895,1.5782190680563315,1.6448622875354588,0.774875827274637,1.8745505455804146
arc_pair_92850,4.188421600614471,2.2128205168123487,2.219212858236939,2.018164720701715,2.7225211879415627,3.1510142204767506,2.300239237352216,2.5773667186940146,2.1985959822578156,1.99017060408241,2.1920725043819003,4.522761985188089,2.629660812869497,2.085565768100308,3.0958546571932866,1.6529516594675804,1.974031371215418,3.0848098299722206,1.940670061823874,1.544704119407014,1.7488159469936877,2.1169521844952603,9.455943324472331,2.6027824079442796,1.8967717261456563,1.9049186054220477,2.2390072128369907,3.337737435793194,2.0680225371895444,1.826017097583357,2.868845088294092,1.9953895372956598,5.763020069912202,6.604481415595282,2.729467942656195,2.3452061788830596,1.9771829387511797,2.32643471420443,2.0841018546736163,2.719323608190895,1.7806155242934207,1.538151411938299,4.150807215371451,2.0482174368803463,2.144765909978619,2.3721216842598407,1.962974532631512,2.1052098438150173,1.5938184073339214,2.2067596100654563,2.2576125061166663,7.835680184333217,2.37456145660724,7.631951263217822,2.0479477988398607,2.2456378375972665,2.4153200841436027,1.837950502477103,1.9293122588813825,1.98866883654089,2.0489485920459063,2.411048385288891,1.7936145729665358,2.865744944444817,1.8567650908383122,1.8590316737003074,3.129762136346509,2.0553257526741224,2.786128936235536,2.103139403631129,2.269149721169854,7.21247279161645,2.0447051693332168,4.317895896353502,2.201940900862807,2.4044931957709132,3.7134089885750523,2.0089623553805103,2.1853556998466748,2.7960195251050006,2.334999255597199,2.0012075551644357,2.715600066363259,2.2581307496378527,2.0835848680678173,1.8384675381883258,2.9919522867983184,2.0746576578363074,1.9606404763519152,1.876061038936179,1.9124513714875429,1.7207974281695677,2.2048056532591933,2.410059291766644,2.368298330912469,2.2238536550363275,2.0223660400338686,2.1904021106339067,1.9120450859822564,2.1556272167628285,2.1419236483650232,2.0726145957658373,2.0337045257848425,2.7585820914844144,2.2375880171500544,1.8621005782337114,1.8876091410992402,2.2058326811712936,2.2799306341404844,1.872269710705763,2.7126372888704635,2.0185258515672277,2.4437853148550683,2.3993461217835184,4.107156154362731,1.9548374469684011,3.039754666333037,3.4151328838790156,2.028965528896535,2.0766137966299594,2.2174264603337113,1.4528063143326806,2.083753000199941,2.077595502398523,1.8728456941881744,1.8602015160405592,2.0016933479827337,2.183223719579329,2.0319886090136663,2.037275682436885,2.032276209718855,1.929715481720869,1.469065607287967,2.361315259917484,2.2237752017848753,2.8934072853521045,1.9169570392193291,1.8117965645977563,2.1700925505054176,1.8360101141994662,1.9380634146236737,1.4740821089015859,5.75074663838716,2.117401115893796,0.0,2.51081425361851,2.4423869822111612,2.403059480630577,2.732939812708563,1.2818704653905657,1.923969793554754,1.8607560505221374,2.622658377804476
arc_pair_333096,5.253670538555174,1.4237997286209958,2.0033301245981625,1.66182163858697,1.3611019512125362,2.5180541070225955,2.8202122317358684,1.0373300840706001,0.976708487060632,2.3369543108939683,1.4816215683657705,3.6736942710064366,1.353262958481047,0.9684019466262902,3.907896867699501,1.1764644988926902,1.7215919941879108,4.104285138313012,3.2358397461429727,2.5522274825498648,1.1985479312700065,0.8747094347894424,9.905020967918963,1.8820926238761535,1.0993804772770484,1.273847828052336,1.778501593353298,3.5701443178660526,1.1236862340608225,1.4260714692185794,1.6436343957334765,1.0431084394036425,7.889072003105322,7.322879974499064,1.3003712735136266,1.1595538167709907,1.074550013424152,0.9544496666120691,0.9353729922838023,1.3787412699212367,1.2864284550917433,2.6162308580615043,5.120222373980584,1.6038736158867455,1.2279573762994804,1.6658067415633,1.2194940193206063,1.8401526203114595,1.5911151183245296,0.7469718822685462,1.5729427480486127,10.07444134028168,1.020134430962886,9.585078888488354,1.4265381228362046,1.0765056600933605,2.0797052360226305,1.9488430609998248,2.157275603686037,2.323983698563733,0.8097996608891143,3.539833077999327,1.8532815243481413,1.6437118459447635,1.2999356230202934,1.0563287198823397,2.111567428768031,1.0482523226548897,2.020804272693154,1.0091449117424465,1.0572646341330305,7.574697445653875,1.156125772637693,4.089151559239522,3.646040082698373,1.2620184296741406,2.5451406638530036,2.2430833902946254,1.1457472678202263,3.8480498475566933,1.2232648603493708,0.9444511900264827,1.586051531897206,1.628039913081115,1.8941771493306734,1.740046643218141,3.718831996974596,2.543912775717134,1.5568987703115815,1.0712287422377758,1.8765870235776263,1.4178296229177412,1.932826048924676,1.0533062544796226,1.2799898496156707,1.3426097524747784,1.2961682984174385,1.0950864622278875,1.422224714006982,1.7174525174049102,1.1269704191736816,0.968808427256574,1.4250299561822608,2.9411021117990583,1.4463271607552453,1.586190173555972,1.112746233773509,1.4701118421108486,1.1623230419903483,1.3813050345348232,2.1102637848839385,1.5002273920234526,1.6526019072076257,1.4841802901550345,4.030578810947991,1.0696077787478437,2.31408179945128,4.271717814166493,1.630120184872533,1.1918306947381545,1.045806189779322,1.173879302237073,1.3688814392505486,1.0365350845950672,1.1830137242406535,2.2380471706985845,1.3389087811974214,1.116973640899753,1.761184644356526,0.9248248777315149,1.4876837229156412,1.5359092639299585,1.5100085897068567,1.130164381850303,1.979215769054283,4.237879703800409,3.5755928121556027,2.048210431946432,1.0263527513979693,1.7535181006814953,1.404638767139601,2.0189411980053045,6.778217208749977,1.3887779103569875,2.51081425361851,0.0,1.539600465433013,2.1048749190907556,4.195043762252025,2.119496388743851,2.0581747023950214,1.1016709931831203,2.665787119317885
arc_pair_625675,4.902290618355609,1.659583580299802,1.9015101843851436,1.6784006087893752,1.6778034893072153,2.7518152512868714,2.492757084802114,1.4843253532375815,1.1038750567666478,2.1847635652997512,1.2841033352030204,3.783647644376635,1.4141787741896241,1.0721673244380696,3.8655511070052433,1.2820698985346994,1.5014102903265985,4.0269833414844864,2.889115544268989,2.2481675499762854,1.2338342753154599,1.0311515421571604,9.574629001035841,1.9947096775456696,1.2260151735164033,1.2503136857913837,1.8629859250689946,3.1207366182124283,1.2012235913250071,1.2958139465166783,2.0978776970986677,1.1694034186487512,7.519598376416794,7.470105231195774,1.5839370900557752,1.377226567213603,0.9895049971850374,1.0915493558220442,1.0113571902288616,1.7378894962120743,1.0804692780049998,2.645442072085822,5.111855546243984,1.4135733914382347,1.3150809397113659,1.858413091366049,1.1116106109175745,1.813486576743277,1.688469214510801,1.0414327962626382,1.429584815287443,9.33406029754848,1.2528654074915788,9.135211810839388,1.507087295027755,1.1594716316611304,2.0397882113748573,1.9877064980719412,2.1961183620491007,2.6765875881814316,1.0383673469289976,3.1985410859436474,1.739164058283925,1.5736172468647107,1.2897117508952247,1.078585786298882,2.325262800405678,1.1670341271359075,2.044617053911333,1.1909177305742484,1.2329732091834429,7.189245333488184,1.15986425807956,4.026692722066991,3.4178374961927105,1.5132783191307169,3.014371882957051,2.1652088575299953,1.0967229132220502,3.7161784676641325,1.3293467372074028,1.052981223982731,1.6634488677740873,1.7159681763299441,1.9395296400572855,1.5574789552923711,3.42144829112528,2.4187202630132747,1.8077301403072243,0.9978173365136689,1.9707206004968423,1.4175482169567462,1.661178644074107,1.1527156362540754,1.355172130977493,1.4023747730863176,1.4287026597395718,1.2744905658798804,1.1671540819557107,1.8334940326486509,1.1421841934879695,1.1339430133131068,1.1358513037692934,2.760269876478214,1.3202567881353882,1.7166329975345618,1.0383302465492308,1.5614311365695668,1.3837369885967454,1.3309015262579331,1.9493963514444632,1.4268542732611693,1.8306153164022894,1.5087429102618568,4.171329103524205,1.0067068060396258,2.564600481909668,3.9918256393014055,1.456450397987157,1.2336201210152158,1.4465173954562995,1.0985247503411408,1.4604688430514914,0.9431916666773674,1.1713037742701888,1.8482836674307985,1.2889621771764734,1.393715133093007,1.6805521235935061,1.0472497246683068,1.2268666105303163,1.2999917553185867,1.5236342038026947,1.4270583101328764,1.7456817572693426,4.066543592148402,3.1491533463492325,2.0224659465075088,1.034050196271289,1.7136071588000428,1.2635976649945926,2.06355276677583,6.4053551825598145,1.3930497770633714,2.4423869822111612,1.539600465433013,0.0,1.9819035525646176,3.9914630264166506,1.8374251307975782,2.088939866834207,1.14024295924512,2.788943268096104
arc_pair_42709,4.450179223315661,2.263313610403988,2.107995319593708,1.8039292945267218,2.2121499140740006,2.9244498615409618,2.6359787889610544,1.8903121670527514,1.747611759158067,2.2793590810719033,1.8694196135346768,3.4797737533915774,1.9974058396497991,1.5954614139503107,3.6179974236191965,1.8104649020369417,2.1148762133417405,4.153192444932582,2.562736653748542,2.3221926547535574,1.6206440497646413,1.5988264672440269,9.489967731515733,1.909719666930457,1.8080721125657524,1.762643403759085,2.4138079626969517,3.381036147851608,1.63769621300117,1.580440086865334,2.518534400183367,1.766798692145664,6.89316479636215,6.640021142363403,1.9950135376608065,1.9523428094121664,1.6829149486025972,1.6188379130660548,1.6333052377073738,2.1897828273461806,1.4074737246137135,2.825989199583245,4.198998713281435,1.8077890016626434,1.8458184553047225,2.33592316263427,1.5740992252609254,2.30675369655168,1.9085807105328123,1.6608743950963625,2.0385421314721546,8.880136925834913,1.8393710639174778,8.634738700928631,2.1086147856279025,1.7899739302094222,2.280243310981354,2.4673228475515385,2.5424607641817945,2.8412511162664917,1.6000365075216365,3.188817473729162,1.828871299330033,2.198549284684129,1.8410512280621938,1.5944916364178394,2.6385934091024374,1.6716641746816279,2.259032572041168,1.7458501316623494,1.9060488326976959,6.4341878321956605,1.6468495035625255,4.268676031138839,3.4809792963786563,2.000602525799397,3.4590588772741278,2.13128689521178,1.8106743376804695,3.5221366649437043,1.8746316586039167,1.6333692166944642,2.0849632098685427,2.001647726028993,2.557609668589798,2.0778624065518567,3.2007777819742995,2.3090307929154914,2.298805780087981,1.6157138160696818,2.5388211621326744,1.642666556944737,1.8073047538551772,1.643859435492647,1.883118261163693,2.1783725289474734,2.081090658622721,1.7758896719001798,1.6698913828096202,1.911072223788548,1.6451820050097523,1.6726063912645068,1.6649141659652917,2.713902663065232,1.67709569047077,2.2057909603974752,1.5494482870736372,2.0472643597158804,1.9049988953259263,1.3790192475866585,2.3738301460924465,1.985590773112973,2.300254741911348,1.9069386644086888,4.417051165750655,1.5876599162635519,2.4749725687753057,3.7985328157353937,1.9114975922270379,1.682704288721053,1.8047683367357117,1.5764196413528098,2.1525674750950508,1.478401626840279,1.656153322178176,2.0446156477560695,1.742216783767467,1.952095085242766,2.352830998242041,1.5615445684437486,1.7282760725502149,2.038918082943894,1.5814707033981996,1.8482212773418203,2.261801253963532,3.878924545521155,3.011220013931604,2.069824001575417,1.751785167038383,1.9923472609945994,1.6116284665012226,2.188292823315769,6.045450524424967,1.941073847206708,2.403059480630577,2.1048749190907556,1.9819035525646176,0.0,3.76863483074937,1.8820319190198687,1.9361446532259685,1.6061704696043595,3.1290537991039207
arc_pair_642267,5.008787379162868,3.7538645587394983,3.6785138025755293,3.2047802278492057,4.288026720663612,4.1585043091912866,3.6353124606484717,4.097682648123835,3.834354063227997,3.186454025995146,3.616917683228718,5.7164247366071,4.1451320211836515,3.874232334886441,3.921431037682554,3.140111764661124,3.1680679972654224,4.160909063925313,3.126589949909924,3.0753304095372376,3.2457905730006362,3.8295252543539298,9.509934710063558,4.0305300548954275,3.8599501580433815,3.3851234513526127,3.895148130759092,4.273165980943647,3.457710863139702,3.486352256379881,4.709177012943833,3.820623393545345,6.352394023235099,7.560635929526404,4.141228373530846,3.956571325877862,3.5421052998059834,3.8286539948308205,3.570046691879472,4.306031013748563,3.018184465534574,2.821731718938452,4.802177497049458,3.787171958216654,3.62641597870736,4.155411544227934,3.6143402311669357,3.6816007800886985,3.1637354757617207,3.7810659233436565,3.5919919042067305,8.078003582439388,4.025379083523111,7.774053275540716,3.590399143708831,4.025892634448354,4.004477320906337,3.8853367014671,3.7346572952539705,3.0088983007455825,3.673509103571392,2.679050533835488,3.2958342257680586,4.455976170393528,3.405489718736219,3.6364269159256413,4.525607272382022,3.605453622553287,4.191314561718532,3.727208404545702,3.56329925321216,7.741499634284089,3.8822643941931805,4.95825536000197,3.0813778091597492,4.031251558880393,4.751667926522677,3.359768599331953,3.637307698569175,3.690670408134504,4.062537718964848,3.4086352834749665,4.321299552227655,3.741799926974613,4.065837856694525,3.470026651419303,4.461150083737962,3.1871659891094386,3.7851746252453595,3.3447249922872238,3.8588145950848647,3.027914101412243,3.5698656616208413,3.794808812229222,4.007091609750637,3.751972134670718,3.4142311845938353,3.9112981076778537,3.312703419232318,3.2868952844497694,3.806572330604019,3.655331204711504,3.89196552028432,4.262977891106461,3.7075668572763787,3.537578442094454,3.4946196590085865,3.5399605361131963,3.7965353865723768,3.2758261874580397,3.9813488879678305,3.578558779422186,3.9187355589752593,3.9896245530376953,5.14770640847936,3.477930304230644,4.190392110891453,4.045649254805149,3.580430481242115,3.5783891735884934,3.772488160781387,2.9697677337377444,3.7438934466146963,3.5232578921643736,3.66867063214021,3.0379429426649676,3.4655093675780964,3.8976020899857784,3.873836451177593,3.592398917193015,3.7057587685790274,3.5782661824494886,2.8075905525777785,3.8588508678158164,3.879871472778074,3.5201123390796516,3.196816373732759,3.0808125360958467,3.9693578945034678,3.4393547935399313,3.6025087489053504,2.758426784680335,6.376570676346988,3.6329138103828895,2.732939812708563,4.195043762252025,3.9914630264166506,3.76863483074937,0.0,2.5534760554414877,2.8146895506410723,3.507735742932038,4.423712294446307
arc_pair_256364,3.792671819849871,2.3400771613690745,1.9531428525355827,1.7572578334400855,2.2183805561919123,2.655913404633888,2.0293073758135005,2.139672580497935,1.9071846952045586,1.5082548411447156,1.6741281177793212,4.157465201998995,2.188395085674127,1.6763200834652645,2.808359271786977,1.3869724857271704,1.3050675796829019,3.041231363593305,1.6208959050075307,1.4011513975183951,1.3657344853342175,1.7509050092072518,8.917679129924617,2.106563792186502,1.7664220872830012,1.3486410581407717,1.828460610610978,3.004914912362989,1.67851224883814,1.4170197912282811,2.5601152109120195,1.6556595068367232,5.6611065855406455,6.218158361491321,2.2906880802160106,1.880881580922603,1.5320235127391149,1.810821879894461,1.5852896366974538,2.274122598190318,1.2106774247381478,1.4444551292752021,3.782192049461609,1.6754656334951616,1.7536610479870431,2.2899730305301107,1.4446355924687801,1.6462208762839134,1.3876336854671028,1.7759627496137373,1.585277027559197,7.471626731930564,1.9013356882990804,7.2745496424057405,1.7328922825284732,1.915525942878422,2.2993193834499226,1.7861309324838581,1.8821603006411762,1.9832807697285117,1.6152116338222482,1.7424192693692118,1.3660436183016387,2.431321217189166,1.650154225705655,1.5133672513343854,2.6745943584989567,1.533976757832233,2.258423952612517,1.784922465764357,1.7393309031490145,6.742359566662129,1.8157374618778275,3.8533309650873466,1.9673040170608966,2.0031340253538765,3.3012375543383117,1.7193796435940232,1.638991459598766,2.3804230592105484,1.9160626784673411,1.5081012350850522,2.243259979875918,1.9015844477928159,2.0783680511566027,1.4934577437171614,2.7342799136804317,1.7089184046175214,1.8678070957357331,1.366494366187456,1.6979898750261722,1.383520085688847,1.60277988197661,1.8293165806614302,2.0706509494516006,1.8435780167900442,1.6888887073235028,1.8489341354461022,1.3524955887435393,1.805487869841159,1.655903620185566,1.52847833308001,1.8330903172797746,2.4346324405964754,1.725134923114104,1.703082203274998,1.2461462788776494,1.8466946417150885,1.8661633119720487,1.5233720518464342,2.0813613891579816,1.7784508356866993,2.022374093977432,1.9474640155638474,3.828567016584019,1.4354907833053956,2.4795854471706678,2.9601587911457417,1.5173425761950168,1.6171877477209788,1.754084438502105,1.1477953875604396,1.817912258341129,1.5794565795676534,1.4564592460711763,1.5207724645003093,1.6726291331648218,1.885669629594228,2.0054584578101213,1.5988069637263802,1.6438798561829653,1.5813950690660619,1.0231389599492893,1.9063684764754483,2.023139825641209,2.5372281414921987,2.022824898785668,1.3469497584883423,1.9794265324450153,1.368951066666082,1.428165651577317,1.3668715474415989,5.161309703137121,1.5782190680563315,1.2818704653905657,2.119496388743851,1.8374251307975782,1.8820319190198687,2.5534760554414877,0.0,1.4327787031228825,1.5266809828091765,2.4421779076823507
arc_pair_571143,4.438545828144434,2.1459127201081465,1.911965525743712,1.6890442444314173,2.168019007601638,2.567549532201456,2.401123184516821,1.919332528125466,1.7542863287688593,1.8671154991244392,1.5065049536256185,3.8447725665290022,2.213790607523773,1.7533194576499693,3.451807570357092,1.3389176775660223,1.343920589756138,3.346033886747664,2.229646092671878,1.646379266363306,1.3972273204621937,1.6702070881624629,9.64393231497262,2.2324598354548515,1.8066400348636458,1.6160046071330294,2.0581070874377643,3.250236630776027,1.3399437860712877,1.5606282898911417,2.6572551212579736,1.6623469929259969,6.45653099651123,6.75655806799994,1.692855769487559,1.8485285186593847,1.6912469969213424,1.7683898628638124,1.618053964572125,2.272689977661692,1.131146189588243,1.8670777610455473,4.444528520060476,1.7653227454946416,1.8206327200488504,2.246881579284003,1.804187971028386,1.8400671921794816,1.550091553118988,1.5224790047521632,1.7742959423967455,8.524769213932595,1.9078800247284704,7.622161753882311,1.8544065880931693,1.9899138622554868,2.313279314111419,2.0257825273428853,2.045810166244057,2.240395111281569,1.4922199316754035,2.5371842145238426,1.7625396002335079,2.21367987792971,1.512224904101809,1.6209565603967555,2.823489925405485,1.5844697196238586,2.4744884508787006,1.5854184503709885,1.516426175680068,6.97359125027892,1.984620885840267,4.026841008380623,2.520007774078191,1.9018832515228732,3.080086263805854,2.0544746198623116,1.6038613622198197,2.924827777285375,1.9125207531115418,1.4408946674831262,2.180288484964519,1.8103230668081003,2.400021676841464,1.7812950361332707,3.0160708683215547,2.17306820313281,1.7660109554264252,1.4369382609051216,1.9871947355880533,1.3826073292310026,1.9244335596954234,1.8071595448957924,2.1361216385353137,1.6559012316487567,1.7863277064815808,1.8647874494352887,1.3760821412459405,1.7092924888290526,1.734223283385572,1.5417060528541169,1.904582441027086,2.97928856408185,1.7881195012989053,1.5951008822617858,1.6097674672023703,1.7086081259460912,1.9489772073640963,1.308534560381796,2.390564570658185,1.7232122455910472,1.8317229140255615,1.9402421398623422,3.9831185463033805,1.575768589678724,2.494960442284862,3.461996946468261,1.726241726243801,1.6371460166017138,1.6265896830351698,1.21517767040704,1.8338856037839601,1.6716646116970948,1.664684085352648,1.7776797368803363,2.009695191308899,1.7730029942547283,1.9619953336434368,1.5347956455693361,1.893692583818443,1.749253751395913,1.4941328564485539,1.8329589580377454,1.8055869732580436,3.1780250815791065,2.5324950497884267,1.5675263976242908,1.7829109392878837,1.7759907062136664,1.7031480504240042,1.7594779567751693,5.8528160102076185,1.6448622875354588,1.923969793554754,2.0581747023950214,2.088939866834207,1.9361446532259685,2.8146895506410723,1.4327787031228825,0.0,1.5625069293861231,3.022831518340614
arc_pair_291310,4.204617317776421,1.1755708645307408,1.3103719342530615,0.9590374297125503,1.236803357354305,2.1865413633688373,2.0376731958491225,1.064190172899288,0.7083939000332218,1.7099369488156593,0.6863246441711602,3.371774008928156,1.0959995211879683,0.7627789249423698,3.1833226356011903,0.8686694030677002,1.135343298237973,3.3868272862799493,2.3795024773477045,1.9190705193210378,0.6630189220177511,0.6460409268575948,9.360775084379462,1.4564275749535447,0.7748548181947458,0.883710320773937,1.3822910790682454,3.076901396318184,0.7581970527950654,1.0166752651682112,1.6986794126139744,0.7518815703614483,7.134375587770571,7.045872063776725,1.1248172477660268,0.9088071156317197,0.6762809159778265,0.7765680337911373,0.6080021116170207,1.3015111757319182,0.7660823251527669,2.006595563961803,4.619313658382447,1.0804332106214989,0.5783277436913332,1.2790702232463422,0.9549240951500478,1.4413074809149609,1.23028552784753,0.5582173256223187,1.170356598890487,9.215873900955259,0.8558682231783705,8.612513976496615,1.1122392582489182,0.7840681429602161,1.4529726534861298,1.598139544919552,1.7161501665101744,2.1760739491177166,0.5855720156615293,2.9205147410213774,1.122597132588504,1.2156133332829593,0.781975042411903,0.5987678619766209,1.9409980222926804,0.7791238015447539,1.767043519262426,0.7487758605495042,0.8511628057829524,6.981068433356479,0.812246300277869,3.4915786365657664,3.061775953426097,0.959762260880232,2.5398622190017637,1.7014860286035254,0.9145206379278323,3.103558558809063,1.0392989708753368,0.5326538938727909,1.2906517656283736,1.2068975709530148,1.464020363513786,1.219289884689069,3.0748888280107955,1.8172805387105015,1.1598512035527409,0.7019768437431462,1.5919581441784696,0.922918607362345,1.4283752055391061,0.8441488751174904,0.960557806049589,0.9169816668121179,0.930906152545551,0.810001322102601,0.8234990328360383,1.1706630573486705,0.8311353474298422,0.7539894541705277,0.9433359978178774,2.242401048544586,1.098698479899082,1.174327787988987,0.7514983215916864,0.9680584802908815,0.966066760528968,0.9602453912646418,1.883437526904176,0.9292670978037457,1.3122137817062929,0.8184285958277743,3.7512796327534446,0.8010233406481146,2.0345685243693734,3.5240372685864765,1.181876337153777,0.8264458338823046,0.9772361687474551,0.7145719339180334,0.8016266025680003,0.6572941704420117,0.8462362602271287,1.5690580200506572,1.0197550611142505,0.9264404985636046,1.2565677024120636,0.5324836933122274,0.9871082764315304,1.0013237199918898,1.1278616921275826,1.0302439685497211,1.255798000644278,3.5885162999963582,2.3389547834092057,1.4975531960066368,0.637811480859331,1.2612213447227856,0.9579261798707998,1.5836484219880544,6.030608009576311,0.774875827274637,1.8607560505221374,1.1016709931831203,1.14024295924512,1.6061704696043595,3.507735742932038,1.5266809828091765,1.5625069293861231,0.0,2.115744486561016
arc_pair_723396,5.129416436519419,3.1463241532506334,1.5077647494212736,2.3983868122284635,2.9442753308491065,4.153396048754914,3.5179530621522828,2.905504538589585,2.303746118557782,3.0226414145530054,2.584036825414237,4.835662642591602,2.5166358089492187,2.5202469914429084,4.061015629807139,2.3321536048836062,2.7641826673150525,3.0655145685228415,3.3045226394642864,2.8512689421045057,1.8943458117340723,2.3905930229383197,10.405067455595027,3.0794499438727563,1.8625099028985697,2.0835822462323734,1.747867272430558,4.089371309194234,2.3953526239532703,2.3978042345814266,2.5419601090912627,1.9896666463610313,7.703684624815098,8.120291056775141,3.037367751984406,2.748808330380564,2.2731648805482343,2.4836408712176854,2.2533158726152145,3.0538292732091574,2.4830481612997626,2.3866143132606648,5.628268514005973,2.823454867076689,2.1863219215490277,2.8237559676120796,2.2751913308312526,2.1306982099074103,2.3733436906337797,2.4506665612657352,2.7782784826757263,9.520355042125813,2.5683150075277874,9.619790430221563,1.89802427534547,2.4430188221063447,3.039554311544279,1.6299896452704605,1.7342693131901996,3.1878051659818905,2.386293703185578,3.70059329434646,2.037588910764593,3.220274071590387,2.335320196334333,1.9531077861322583,3.6114092447203543,2.3330246137329556,3.373426597651414,2.579890946225774,2.605752198942314,8.091651185001211,2.0382962370838174,4.906526426537875,4.128260257134167,2.9169871354179824,4.418250282817123,3.1202678707359306,2.7104895950585437,2.4550612017431668,2.6698957257033222,2.0069089894891374,2.9134730389289483,2.8607084445895854,1.7594832617439764,1.845208693536524,3.6793791976795185,2.890593957963469,1.6614708668929001,2.297005179293115,1.9740362725061966,2.131521052030464,2.903237948878437,2.7317088188347434,2.634613474371192,1.9181141114675564,2.3112010497732447,2.2930283853838853,2.464905358668197,2.7242445350496087,2.578405608385811,2.016929119138377,2.451350399673376,3.5680169691865666,2.6440696711506586,1.468024383498261,2.2948710044223386,2.4174220300353695,2.7609611912912335,2.747133528263667,3.499592723948331,1.7427265147163105,2.5418458354296054,2.9449615376990463,5.1803554618023,2.433227751772983,3.929874343906711,4.764536870457591,2.6177879710915435,2.6370922873595677,2.664666896155442,2.2133225674442865,1.8742348081559532,2.347227840934437,2.2264844513023325,2.723481060688391,2.176489408036225,2.2235826984332943,1.9374568686944447,2.2063487613955783,2.0572176268884865,2.325069370985812,2.542149854361148,2.6819471326038054,2.1078729306335857,4.394187482149763,3.148110626152852,2.921026541086091,2.202993991706881,2.5043822521631474,2.2930690151952757,2.018694866577179,7.154300728740122,1.8745505455804146,2.622658377804476,2.665787119317885,2.788943268096104,3.1290537991039207,4.423712294446307,2.4421779076823507,3.022831518340614,2.115744486561016,0.0
