,arc_pair_115785,arc_pair_48468,arc_pair_588363,arc_pair_326215,arc_pair_651331,arc_pair_504056,arc_pair_577714,arc_pair_117464,arc_pair_426966,arc_pair_542791,arc_pair_306753,arc_pair_274722,arc_pair_115634,arc_pair_598319,arc_pair_577386,arc_pair_483709,arc_pair_125373,arc_pair_228328,arc_pair_371434,arc_pair_32814,arc_pair_131638,arc_pair_364083,arc_pair_515708,arc_pair_502599,arc_pair_340180,arc_pair_430417,arc_pair_707859,arc_pair_165383,arc_pair_407949,arc_pair_264250,arc_pair_517942,arc_pair_567416,arc_pair_205057,arc_pair_594469,arc_pair_599471,arc_pair_186105,arc_pair_380779,arc_pair_165789,arc_pair_16131,arc_pair_551617,arc_pair_255056,arc_pair_621191,arc_pair_438785,arc_pair_574409,arc_pair_169005,arc_pair_476078,arc_pair_587790,arc_pair_160678,arc_pair_653762,arc_pair_136665,arc_pair_126263,arc_pair_734584,arc_pair_420843,arc_pair_389151,arc_pair_162384,arc_pair_529804,arc_pair_588517,arc_pair_150312,arc_pair_465911,arc_pair_684799,arc_pair_610399,arc_pair_314140,arc_pair_131562,arc_pair_551110,arc_pair_134795,arc_pair_519847,arc_pair_483839,arc_pair_393701,arc_pair_730889,arc_pair_180037,arc_pair_13160,arc_pair_384528,arc_pair_192119,arc_pair_89302,arc_pair_674772,arc_pair_470083,arc_pair_673824,arc_pair_297765,arc_pair_336806,arc_pair_472319,arc_pair_642267,arc_pair_616528,arc_pair_723396
arc_pair_115785,0.0,2714.7952404115326,1109.6835324174663,441.43490181187025,531.0292042551116,1708.7553269010532,5809.682511239509,2249.3870768284633,1870.3389430564096,1097.7396872461952,2027.8170426206616,4723.7812924706905,2217.5284752211937,2569.0965401874805,882.7356086880174,501.757113376176,1185.8092476677475,297.8583492436524,911.7587054658877,2305.639767095373,224.67787528795486,2053.7761474128647,1227.857630541826,5220.3704665801415,555.1595299966533,1287.2691458216254,4253.495415146191,632.6416331379179,1310.4024103643007,386.15264629932625,705.2758518688546,1747.5315065635061,726.609835591912,1903.1247508903334,2463.696539381275,2578.5181605032503,1195.6742870360315,3497.259166813525,2295.930171248791,767.2659250377574,525.1042895658392,1681.3264803880538,383.0753959365611,849.8976817926804,643.2790607823397,527.862047109613,824.6677947438423,1746.0260635548125,1819.837634462922,442.56783217970406,745.949424288979,1425.3118116922408,846.1765637063787,1892.9775023038146,1337.1188391483004,3816.8270621259053,3603.5829253764678,2134.4801666299486,1622.628132205731,3154.0091406776337,509.83757177154814,2157.7315112384326,3152.25348305482,486.88236034087356,1365.7220494738679,562.4299409439308,1895.5414679369478,1152.2240111742697,2739.0096056591233,756.5102847091676,655.359446076913,1628.6309506099478,4907.919417398379,2828.0562956070216,2110.2621984563802,1024.4789666869121,1015.6068146654196,5698.144347697336,4372.186212753388,825.7590477563801,4277.025726657102,669.2735733651837,666.7799524322495
arc_pair_48468,2714.7952404115326,0.0,3331.6398031254084,3359.382303494263,2407.49863587462,1511.5379826746566,1698.6209924623934,196.92368701070157,5373.802940566423,1018.7111984884976,464.55233722173125,1684.8090381415464,258.230796015157,448.4502594410046,2141.876684671291,2122.124610185522,1209.060898601054,3187.9599580646473,1821.7851983858352,129.6133559728766,2588.898785372814,5153.623997157038,1469.6111742905575,1726.2552062755217,2228.375979695555,1045.8485298666772,1014.3517602297392,3131.166905650904,1265.4028812174374,2380.7383192140665,3283.016606624988,713.6644243638418,1496.0061384950352,474.94555740484265,454.48462728257545,407.36586554542964,1255.977050325676,765.016890786714,664.3777226849616,1971.6391268789991,3545.7345444019156,5102.773009208544,2581.349001891264,3013.8424373154867,2079.7136094127036,2117.554055346105,1706.4420876718734,864.67758385824,726.6714643050643,2320.192795121355,1665.0593010401833,786.6748331574834,1429.3507695633177,748.7799112921722,1193.1338038847607,9064.559486706512,619.5134291947979,672.424994550744,1046.2268862152264,349.30217371928524,3296.2703025730602,5698.817264315482,186.55021754804534,2364.0677069704725,3507.687240286315,2766.5228932182017,5085.997361880676,1305.687476523007,381.1661993138906,1910.1112079363998,3727.862859738739,1132.6176629019326,1218.749019197156,325.70263734653037,297.8148265173438,2755.221807969265,1231.7490310030123,2032.3084576556848,1373.3571480727742,3946.5449570214346,1240.0211078746245,3749.583389848692,2366.679702677717
arc_pair_588363,1109.6835324174663,3331.6398031254084,0.0,961.8493098929615,414.6440610891326,1434.959751415965,6759.807279228542,3251.5823922900126,3552.4081438134194,1355.8444987086289,2466.779776281093,6495.4541723106295,2580.229807927888,3189.888198631912,1732.6041121700164,1114.5066590215997,1528.4386689917715,934.2961300547602,1300.1832180268432,3052.003926138306,1021.6593343473136,3742.581862859365,1265.854995800677,6636.98146285321,792.2013788253865,1445.3370172151808,4995.490430431354,294.34940137643133,2059.565357241708,1661.4491349536747,2281.4607901474114,2333.3914862376973,1071.7608796703032,2142.470935969345,3007.0856600837787,2778.273027221912,1689.0555082637902,4402.589070427129,2566.629525244587,667.4133020670271,655.2015033915974,716.6347425579357,845.339263626244,1795.6417256938628,672.0335670128069,1342.0429549674423,1213.8092220430492,1889.6706251188687,1797.5852767528952,1326.8360473524722,809.2847734480373,1243.221577509968,1097.4266529293052,2341.403133786124,1853.8598132520506,3358.6458263671884,3880.4633396634385,2865.05702700153,1981.0042055208387,3442.9562015116785,1494.332084748798,4080.4347012699136,3608.1674439778058,1754.9359125824847,3195.1116311563896,450.2094791473642,3571.394096062558,1695.5774871454983,3077.0004971792305,1384.6156917113237,870.5342333954661,1801.094571731841,5396.194469276965,3301.7745576801185,2564.091794989393,541.1146875497575,1604.7901782760248,7282.262298684142,5741.679976212657,1701.3291597669088,5450.466135857704,1151.891336948496,338.3543591592065
arc_pair_326215,441.43490181187025,3359.382303494263,961.8493098929615,0.0,568.343345524198,2049.7653974406044,6905.870175234907,2907.23407528383,1879.7601749454464,1520.0554342412515,2616.8289660808814,5841.983596106347,2784.8977293280454,3352.0224827982456,1210.7641999037396,762.8746346345337,1583.3972256855811,394.4072874815479,1255.8638326879466,2957.289603805487,409.08378675957215,2069.312557002446,1523.7257825886097,6259.554765202164,774.4996325342967,1713.9718357591462,5200.202538596656,543.9720798687339,1906.2757814634226,780.669470445041,705.6893402859469,2285.286121056172,1032.5765437052287,2397.422654517269,3111.2727570908773,3099.880633338326,1596.6209870018915,4399.863043361002,2835.915940651378,953.4710904572556,209.80718854150604,1344.7464473531713,492.3127410607713,648.7962434184216,675.1427743134448,1003.80930483864,1238.307671937508,2141.7251210858635,2166.046347036374,844.5845743458385,1016.4080745531719,1630.9010770064228,1232.3762971380272,2424.793570995406,1762.835276667091,2965.7311370775883,4328.189270046981,2855.543453053041,2075.4571117809046,3865.8577006458145,354.5108495811077,2313.603718198746,3807.623159832305,756.386292200434,1456.364733255709,667.5862538461192,1861.220097672155,1690.2028500803367,3396.6637016823665,1058.3863377270895,285.6158911289783,2104.559975210472,5951.3474085381495,3526.9904231506553,2714.890375207403,1042.1314440796818,1497.3380960491943,6775.411529902149,5272.7559247382305,593.2330762789508,5238.5192634692385,288.66945732392514,728.5216939949537
arc_pair_651331,531.0292042551116,2407.49863587462,414.6440610891326,568.343345524198,0.0,1135.4610575441882,5623.031899115042,2115.6732885873657,2599.35762282056,732.2347742187548,1675.7769589115421,5059.868736223689,1881.3676673379541,2367.97540301782,762.0364392149055,373.2190127932254,923.6002677701965,522.9397092492035,536.2396687090268,2097.2302160283753,477.4247592290677,2799.6580063842966,792.5392842223221,5316.0843722776835,273.0276575017566,932.4589197258654,4021.842741766769,314.9423639136471,1090.2227097897783,749.8378703892031,1259.6467632650629,1488.175263135957,363.38074421076215,1505.985129634139,2289.8165237010135,2249.7460144538677,901.0772054317788,3437.096106123479,1836.8993348352742,270.02563630167083,537.1516276686302,1209.265443318757,338.0323618747062,987.1912432414113,339.10814756169145,549.7120482816886,503.58217352870884,1293.6435920839515,1305.5833311440067,486.7162724377962,378.07807856036754,944.4241529886928,506.4316764257187,1532.059202956114,889.7998353970797,3803.2666193742307,3194.9866382297955,1856.9688769457407,1208.353346145053,2676.014503432577,928.5897316359376,3128.579554908231,2635.510034066352,736.1994412685281,1997.9788887555787,175.43751827474557,2625.615382868458,853.8926185491451,2305.1241081774956,531.8233019612787,559.7306877173595,1129.1951996646078,4548.9748452279955,2554.6623636207437,1776.9037032705864,447.25198878636263,697.0120951744891,5859.155085799554,4493.6824796137025,1219.8836778922548,4353.409099575737,887.0016651954845,103.68934868792128
arc_pair_504056,1708.7553269010532,1511.5379826746566,1434.959751415965,2049.7653974406044,1135.4610575441882,0.0,3556.451503274129,1464.8742726334597,4799.728920199699,316.02746367460617,819.8875647236662,3761.197660699861,829.951336707457,1144.7903723649943,1377.0253589855583,1400.864738953821,321.12146300094224,1984.0085230161578,1388.5878462198552,1292.9648882776614,1713.544285296319,5042.006388249252,329.37114891774326,3616.7840538211994,948.361271659905,245.86564134935608,2174.9210722366242,1302.5510769004936,1113.2292290046905,2039.278889583086,2666.1877801489136,696.3471363418716,843.6269134897404,568.3633233104504,1084.6064959121338,937.3276497582364,515.986397428323,1970.5523392944156,621.4735994048648,584.0846381554985,1797.8390055604327,2886.9122473777543,1205.5956805628819,2236.7841673058947,998.8507411078019,1311.3896283706777,925.3423845248774,383.09449835778406,475.78390805344145,1435.5083937969537,471.9128810145104,611.6816004964377,438.5142025980004,566.5430874876323,1072.0060049529782,6880.444579220794,1615.404766522146,831.255398315693,372.19715495100024,1192.260467408851,1962.6361986730014,5447.278294291722,1605.9833675968387,2062.6357429896757,3452.8745189285137,1209.3216394084498,4903.354414345833,613.2581504805502,994.2193311364529,1230.0373734763887,2308.8998993237633,393.8211377629158,2510.76201319173,1273.73331372546,874.2228122409202,962.2935324787738,842.4707417670945,4086.8773393575275,3207.33890924764,2571.7815052876053,2853.6373237622934,2249.967763407529,868.3757218848137
arc_pair_577714,5809.682511239509,1698.6209924623934,6759.807279228542,6905.870175234907,5623.031899115042,3556.451503274129,0.0,1921.8099284830294,9724.4462401292,3236.800804485969,2242.634353277426,899.8584504196111,1814.5805935530836,1842.9992996782387,4457.054078066036,4997.397950425044,3292.817771486211,6861.854434123495,4806.234895791432,1789.6857606349306,5739.268617193946,9591.284228977354,3654.2299409628827,520.0999667874836,4905.899091432705,3128.6268612470303,513.8937455627272,6261.391617320967,3323.0430915306683,5295.499437150042,6523.002931334958,2472.240729028922,4235.340457593497,2264.154703971827,1541.621767847204,1783.9510309106536,3076.485409672735,500.32721549593674,2178.2358705257307,4601.347803764109,6987.54640239541,9112.871801352767,5426.214924343132,6327.3424626582755,5000.182829058481,4655.24374702189,3955.064987364387,2810.3587763672463,2729.1326588178445,5130.568505619885,4241.554162715132,3004.3142911731634,3726.6784578096635,2471.1726123134245,3540.0143408343088,15617.754026634053,941.5567391772759,1991.7611602833922,2873.3008632314045,1493.6551169128415,6391.600679605821,10121.117167992277,1744.9110488850074,5452.921217518326,6851.759006262273,5909.106568782987,9500.509553161408,3444.54380747142,1603.7276928180133,4398.280627677785,7707.963341072145,3012.0526417091596,628.6816931468878,1230.829639394226,2122.1375686380857,5360.54986454422,3519.097145900964,716.2385916949754,696.8514774553892,7626.0411515299475,387.66657557274766,7318.173737241892,5463.7149807574315
arc_pair_117464,2249.3870768284633,196.92368701070157,3251.5823922900126,2907.23407528383,2115.6732885873657,1464.8742726334597,1921.8099284830294,0.0,4628.754617348613,832.9707662089615,481.159738100103,1731.2677453944382,399.5482660210706,515.4458778687117,1575.2271107135423,1625.980435991076,1010.1628934795781,2754.256580883457,1372.6537906099657,180.32572024810344,2151.764808726333,4445.950404942018,1303.376290697613,1856.3502698959612,1828.1019148808102,932.4944658002768,1174.7483000236452,2894.7142065950657,821.6135015210244,1808.1093784997893,2536.8638239075212,521.8879796539904,1146.3343413554664,515.6929219179882,644.1643155416208,651.7202450395617,948.378080541412,873.0596717482922,687.2504118772162,1704.006453876052,3215.0039030533576,5006.86777735668,2166.0000579413736,2378.2912190267507,1801.9002543228855,1630.737808580236,1292.7820496751924,780.0146956673899,796.7998733769895,1755.0432525140664,1439.5484861263212,897.8592950915581,1147.8232056161419,578.6372380939374,854.1586951505133,8706.361451263045,936.9717804069508,452.0731561321613,827.2768360875755,547.3350432683125,2730.902840622475,4912.875070675077,308.7331607144609,1711.294625701284,2718.9898615713,2452.6720776938164,4396.322571976752,985.0855715933238,527.5507488527245,1429.3951877639902,3315.8968737493083,937.9627834469177,1492.9895795287655,572.2214859852444,309.36791272587516,2517.8408388782786,884.2623223354517,2116.3810714554725,1446.3970275028664,3433.1360110277974,1383.087158829228,3359.318517974397,2141.7508783086514
arc_pair_426966,1870.3389430564096,5373.802940566423,3552.4081438134194,1879.7601749454464,2599.35762282056,4799.728920199699,9724.4462401292,4628.754617348613,0.0,3603.7480476092896,4605.462301024489,7404.022118774872,5086.32609171837,5729.690068329017,3276.7669857632745,2656.033064493815,3591.2824032516305,1719.5305566519119,2878.1036895215484,4798.200646499244,1883.950330827602,283.1898106846427,3725.7971458595493,8624.49722983628,2939.0020688680283,3993.7010534955043,8088.051991310794,2990.693559979505,3675.1625424303056,2139.6289536469026,1174.9946983940922,4411.985711206928,2736.8891513280546,4678.683956020329,5473.2014854166455,5643.807946259745,3786.2705933816314,6708.832798575747,5435.252600733659,3204.8517884315174,2249.904647659718,3980.630229323628,2401.8959727865094,2100.191071930154,2444.7984025145333,3067.376185370203,3457.385595904474,4566.071159787561,4518.240948532841,2492.9684415638008,3043.1548826130906,4270.451225535831,3373.9443698152304,4497.1688167849325,3442.603788741346,2707.130220449971,7242.336427429335,5154.216922534184,4310.099237995116,6637.1935448183185,1848.9835466363904,350.6760646225279,6255.459066458008,2075.115622212987,942.977150487799,2795.019196260677,223.41421247029174,3327.9253114670732,6042.890325860376,3108.6113832964365,2223.933277307173,4643.003992178856,9405.201097611392,5979.134705364749,4837.0985593647,4001.094165517772,3138.064672038378,9084.689115555959,7165.653728952529,1228.7385574092777,7517.078672684529,1794.6609044757258,2950.9635230625713
arc_pair_542791,1097.7396872461952,1018.7111984884976,1355.8444987086289,1520.0554342412515,732.2347742187548,316.02746367460617,3236.800804485969,832.9707662089615,3603.7480476092896,0.0,496.42480425370627,2968.451785267057,588.7908062155976,882.816076106765,876.3526442142501,786.8625338738825,136.67246388044998,1392.1076288936845,690.1915812927457,792.0779768660141,1061.5633553286218,3754.9239446286256,199.32200761437863,3094.070202213877,616.916777211107,114.31030572652116,2039.7781611513903,1184.3164816930962,488.89227863737676,1146.4146664352459,1811.2673603920534,389.19374777527497,294.678754580704,374.0407660225362,896.5178624627534,847.8266355629091,265.45940955919076,1634.7586096675986,572.5044195542004,376.966957775784,1548.2192419436897,2827.54510652105,862.9044736281313,1652.9857626577232,618.8591219596224,788.1750265375874,476.64805896466333,236.18560510688374,365.6139685976602,864.0327409167907,227.43465228564082,428.4042891606314,181.6407362792161,325.54156090170306,423.5380740916332,6267.675438185811,1537.9174763724645,570.235266813051,163.94656885604041,1086.0863793211288,1511.5664433674115,4116.860199924167,1192.738601641323,1210.0376849221634,2382.9068524822856,950.7108376795112,3598.172822591443,214.59093331626607,877.5688259335151,709.8438088776643,1823.5220153669077,210.98243764921276,2447.120406091371,1056.6501160075481,513.6549492865304,985.2272847755876,276.6927306060411,3488.3736039036917,2542.848520462758,2081.174066694381,2371.8245737046705,1830.4794752842222,665.135817422192
arc_pair_306753,2027.8170426206616,464.55233722173125,2466.779776281093,2616.8289660808814,1675.7769589115421,819.8875647236662,2242.634353277426,481.159738100103,4605.462301024489,496.42480425370627,0.0,2090.6653320698574,178.30091566372465,284.64768733545077,1631.9416573436151,1696.2754749737544,575.7494890137043,2461.0401918141356,1543.3049167775844,288.4370005427376,2024.909829129525,4690.417717017512,779.5273838439768,2174.434946703009,1498.0948619559117,463.0806228234164,1320.9382516205283,2298.2271667040595,1036.7581653036975,1992.0435223317795,2727.021964626951,248.45763413735835,1011.0457326900581,114.507682469985,397.62026211962075,395.9057656017412,747.0553151599382,1004.7274609498687,189.3973095963665,1208.3685063461419,2678.0954659128392,4246.651879353449,1802.0665553683723,2685.7549662341867,1492.1650557871153,1547.798301585898,1167.3883408798067,341.66370910299867,196.8155206231301,1731.5203055670515,961.081892401499,529.954179601633,834.406555159461,296.1367290354821,911.6409648641786,8070.639416784739,878.0588217001354,401.99342575473906,490.0428055933479,485.0981211231576,2565.354167921326,5122.644461803857,687.295064690347,2097.0051906037666,3177.6534493512236,1963.1759279617736,4599.678901730141,695.9777012488045,405.54792876610946,1418.4731920221216,3031.76080969447,670.5959709005501,1667.788434157296,479.06027104595,108.50366204598222,2009.1464821903319,792.3381567982397,2550.6783855013205,1808.9007653095814,3170.1046467136334,1593.6753939948314,2964.579127243548,1616.1425287879702
arc_pair_274722,4723.7812924706905,1684.8090381415464,6495.4541723106295,5841.983596106347,5059.868736223689,3761.197660699861,899.8584504196111,1731.2677453944382,7404.022118774872,2968.451785267057,2090.6653320698574,0.0,1865.5848174879497,1887.727086621067,4074.1162252132226,4470.456759357445,2953.450862723776,5706.896567143934,4188.119973500551,1661.0221911651133,4662.398830911614,7163.690473449067,3326.6827126921094,267.9262661964378,4492.20372527866,2953.2002202230638,1319.13178559449,5874.524945116517,2852.8907978134403,4230.358170911253,5125.755058216021,2350.7234907286615,3692.533237042953,2228.994591289152,1556.661601765587,1958.4047025466468,2971.3258651144406,806.8726899248227,2448.5938471703857,4267.823077862431,6130.214263270987,8893.986118390609,4744.175977677385,5663.018317746875,4300.119203852899,4110.8902301047865,3652.0466747194205,2749.380743802376,2655.388148810425,4538.996608816077,3737.8989052469656,2940.2458894256592,3505.2187362631053,2392.3482372985936,3025.670539906318,13865.78751879029,1560.7120023949758,2147.529694454993,2759.5481429100655,2023.1175640575575,5341.693577334118,7546.378434598592,2077.8753042509265,4516.181099370453,5276.024371333522,5403.48584615297,7114.78818685244,3030.574861837824,2063.661947689164,4010.8945411707114,6969.489731794441,3024.9330513442833,1642.8441600049525,1484.7941732282477,2061.8454429125522,5386.129560747569,3011.0812433495607,393.33809631361004,168.05082047798618,6245.427500214727,363.9815966885428,6072.33034008349,5165.204726888818
arc_pair_115634,2217.5284752211937,258.230796015157,2580.229807927888,2784.8977293280454,1881.3676673379541,829.951336707457,1814.5805935530836,399.5482660210706,5086.32609171837,588.7908062155976,178.30091566372465,1865.5848174879497,0.0,255.46858047647643,1720.9765916104732,1827.2949832294958,663.1188130364759,2718.9264948262885,1726.8523912638623,162.95937547083236,2182.0430275318104,5132.696787306429,860.4263950935627,1804.783091852893,1632.108838588119,537.3556323526309,922.9220483336151,2355.088172152911,1128.0465356087293,2214.415745096961,2945.7382859446407,372.73807381037216,1175.1515692092642,125.9082987454223,215.82576439793166,110.43433946190795,796.4029040611925,710.3732467589775,240.02399894875668,1312.6870587684416,2792.763687672258,4322.366189481235,1925.9732358260783,2726.295228189157,1554.569582565434,1712.8670844209955,1270.8305384998177,406.06093869917225,276.8029872674004,1894.1447023497885,1092.1667592547378,407.5549724645735,913.3787800881221,363.8691998269587,1082.0977674949186,8422.417677604502,498.9963637148968,434.38134253935743,597.0305434122135,208.31264356085836,2658.5255462213768,5590.312015922608,470.2722325394333,2272.1599457698458,3385.0363375043944,2119.5468024037013,4995.338095607136,867.2325968924873,167.07585171224235,1549.416940536052,3254.2790984779494,689.0706929196116,1216.8834321777724,218.2609190581595,149.65657470041373,1986.2764711890766,950.7178046874828,2146.0940750615073,1524.039743672932,3337.762918116222,1266.210658898806,3084.9401440023007,1742.9853357265722
arc_pair_598319,2569.0965401874805,448.4502594410046,3189.888198631912,3352.0224827982456,2367.97540301782,1144.7903723649943,1842.9992996782387,515.4458778687117,5729.690068329017,882.816076106765,284.64768733545077,1887.727086621067,255.46858047647643,0.0,2059.472404087978,2189.335257144719,928.2834030666043,3064.886240121643,1987.3168145623638,304.61497438736296,2584.7226464636306,5765.837678478664,1193.8201219729838,1958.2984196057587,2011.0058956430605,812.2714012571158,1046.2291332212217,2988.56962483978,1269.6169459557807,2388.968093155689,3356.32846373557,416.3695161414099,1503.279695284447,318.57821550562164,307.32506019241094,404.6060542928925,1082.4823542068436,843.0528712905603,367.9639442171816,1737.1806478074982,3448.8936332460275,5152.557467906899,2424.0623360199847,3320.851739021126,2096.226963617292,1857.5261767918926,1540.533172002788,674.0261723937398,542.1004369551289,2219.296488175825,1450.547336248477,818.3186029257289,1324.064683853443,536.4904168283397,1369.9524470379104,9565.818848458715,743.5801353440654,488.2769900541038,794.3213114581292,359.03586757256846,3082.537629659304,6114.586603646324,613.4311182293823,2638.9979720692563,3998.8722782239893,2618.441843664502,5694.083293185168,1110.169016008351,361.4288650012471,1839.1572991854568,3798.7466239598552,979.2516055921371,1256.6446483095272,430.5438717204469,242.92620252187695,2535.689077286213,1184.6153434981252,2288.7747608814493,1679.9277407474603,3970.330023304984,1389.7613083237663,3682.4687874475676,2251.472428422412
arc_pair_577386,882.7356086880174,2141.876684671291,1732.6041121700164,1210.7641999037396,762.0364392149055,1377.0253589855583,4457.054078066036,1575.2271107135423,3276.7669857632745,876.3526442142501,1631.9416573436151,4074.1162252132226,1720.9765916104732,2059.472404087978,0.0,336.7917819580231,1016.2027493956103,1314.3435777619152,783.0817205231755,1691.4037946049916,940.77200189484,3531.320227542061,1079.7868066261608,4098.064931540536,363.6178149506078,1125.6113070765737,2905.418505405862,1077.1965544222337,778.9590931737691,733.985924272011,1148.1345292485717,1229.292583997525,592.1932815664437,1534.043229886183,2105.8533670797297,2101.9935936986385,617.1940828021238,2631.8345532415346,1527.416313685087,654.4556517190881,1387.5839643855663,2803.872893006689,527.4280257838118,863.4233535583982,989.2981810768564,288.89252739209206,308.93314074871773,1324.3338287994043,1586.0499899845488,248.1732102808818,828.0372519368065,1351.6462281754611,523.2899067173291,1255.6934923922863,818.2911643713196,6303.786246796487,2696.004817000133,1071.950178945253,1024.0083567130603,2144.8692884447787,1148.3624060002246,3884.5778503265396,2195.1582119171185,507.95188732897077,1873.59798354912,730.8382709204124,3368.5724634882704,729.8088678648937,1767.7198812347342,177.01000522328445,1449.3550468536741,951.8245693108768,3493.575044293754,2191.206486486692,1655.618100202796,785.0797534151618,606.2957026741665,4535.406534278505,3619.7057390306068,1837.0068424080407,3446.0479034911255,1736.2433794867416,790.8177619211536
arc_pair_483709,501.757113376176,2122.124610185522,1114.5066590215997,762.8746346345337,373.2190127932254,1400.864738953821,4997.397950425044,1625.980435991076,2656.033064493815,786.8625338738825,1696.2754749737544,4470.456759357445,1827.2949832294958,2189.335257144719,336.7917819580231,0.0,1016.5058821976686,648.7253711519867,453.3201767135904,1785.2661705056832,466.0782863944164,2800.8825760269597,1039.543807534023,4713.838835831782,283.51994959422416,1067.207797207476,3506.1716072064783,695.674119740327,806.2667431141825,382.7057917786932,966.6424690794796,1348.9129606242946,373.88530604655614,1544.7581306222,2232.6173771890276,2242.266365501983,817.6352389970859,3004.469712833854,1797.2668412290345,532.758962538938,920.2400329039773,1903.2878891740984,382.7477291649709,703.5994235084974,582.0712646256931,206.30654997532807,372.8815344483295,1380.2905217525326,1553.7767175987199,142.51272748846966,634.7480675987368,1180.4298275463182,542.5178565602479,1417.919755978705,812.9155981429745,4774.66154449731,3003.736864879592,1456.5611561402925,1181.3701773136697,2416.742296806537,893.8538301792087,3110.142737923575,2240.9086692365954,287.85144593167627,1592.1474603996082,402.70032937079935,2646.6736693056905,814.86270466244,2082.127632825322,262.37643576363905,807.9496034631787,1059.2544466180527,4020.6802774320886,2379.8025386195663,1657.4370859994845,652.5123436944781,573.4650209411359,5181.1613924794465,3975.603729337103,1394.961384620862,3872.201591273488,1196.4071188003804,466.0166061509085
arc_pair_125373,1185.8092476677475,1209.060898601054,1528.4386689917715,1583.3972256855811,923.6002677701965,321.12146300094224,3292.817771486211,1010.1628934795781,3591.2824032516305,136.67246388044998,575.7494890137043,2953.450862723776,663.1188130364759,928.2834030666043,1016.2027493956103,1016.5058821976686,0.0,1477.7124168021337,982.665471368593,914.4075261279248,1165.5234725538855,3856.295698926055,193.57930012182325,3089.6185554421113,742.9771139000836,125.38326256143421,2096.6434836536514,1294.3226390802083,678.2421276369861,1321.259370210184,1858.9351479982217,396.5332195701936,482.5076648464468,430.8437904794021,858.615390402259,856.8405201714781,365.24652164785374,1663.2469288197292,626.4824215338464,457.2141099955934,1555.613524210122,3048.73539443575,927.530873065525,1844.7072661185543,711.6731607766117,929.5791748610291,656.822103809476,270.9139509356583,410.6838206027841,1041.7441012372801,289.3772255052618,559.393328425979,308.70413850066564,356.40907313387976,630.399471109223,6476.614685593205,1603.729691870277,677.2952070959071,176.35834472395487,1194.343030871738,1473.505894185828,4158.624824107262,1458.5366224217241,1430.9590278565936,2486.295413809854,1085.185888747712,3712.591707775754,310.0132762504214,965.1718687264328,919.0725061774444,1991.7485938474686,328.8080843578794,2562.0555088840033,1115.9404724455624,651.2006646937232,1121.5686715449126,443.77257118377844,3468.1945637241597,2559.363539751072,2073.491317197343,2381.915276487822,1848.4448166430427,829.2776037254247
arc_pair_228328,297.8583492436524,3187.9599580646473,934.2961300547602,394.4072874815479,522.9397092492035,1984.0085230161578,6861.854434123495,2754.256580883457,1719.5305566519119,1392.1076288936845,2461.0401918141356,5706.896567143934,2718.9264948262885,3064.886240121643,1314.3435777619152,648.7253711519867,1477.7124168021337,0.0,955.60185099155,2826.561811552991,274.43001710395595,1846.8074633600809,1448.2974839481772,6368.847961804352,762.3143320330987,1620.38229830301,5244.417796435875,651.2897604297725,1715.6134900703626,539.2826101040091,870.557001417478,2166.1228141101055,864.6690502340915,2257.591556228059,2974.7759732276836,3107.1348304611215,1671.8255622221122,4339.634080906542,2799.9575646793555,906.1918671018109,469.6319494562017,1415.291217249507,516.8829995294157,1010.4323385139766,680.297959464593,799.7750103372341,1177.6521061454455,2138.668745532478,2103.5002919507588,723.7897131417402,884.5947608039934,1716.0737402280993,1246.3247110991247,2322.8282839344074,1654.9134110239024,2973.875119932205,4329.423133051458,2766.3883206408973,2009.4797818676743,3788.120688398829,625.7643333879392,1978.0607289368565,3623.206289820744,710.8951267577644,1616.1739360252036,535.1957335514422,1728.4239348188657,1514.3799982787048,3371.6063273454756,1099.9478954445897,410.5038953135768,2076.5109741248375,5886.709785197259,3468.2188359799175,2532.7322164863067,1150.535014837488,1311.026573160867,6889.454623411341,5271.2367884455725,776.3532730526557,5233.975101551439,533.0545426603192,691.8468462430748
arc_pair_371434,911.7587054658877,1821.7851983858352,1300.1832180268432,1255.8638326879466,536.2396687090268,1388.5878462198552,4806.234895791432,1372.6537906099657,2878.1036895215484,690.1915812927457,1543.3049167775844,4188.119973500551,1726.8523912638623,1987.3168145623638,783.0817205231755,453.3201767135904,982.665471368593,955.60185099155,0.0,1644.3611701661273,733.3451409133359,2813.04237836906,922.7012469876937,4599.50669999378,599.3879310911001,1022.9977002370263,3503.2610891596028,1222.917115064774,443.15015454372167,641.2323366537115,1412.2370200541363,1272.4449690893093,249.35159427491692,1436.303508514215,2117.5454915049513,2179.8669459995085,803.6459428857827,2930.266265559977,1775.391002986984,579.0419417486942,1507.7331200751437,2620.837515039131,853.3296026077537,1182.0163464238142,644.2960306563126,656.1466653575653,459.0964224568967,1289.270860565245,1449.3021370725726,640.6150579949203,583.990071853633,1163.946035930115,632.3743582146083,1297.2207732838626,446.5452519183597,5269.910592731151,2942.8312196410834,1377.6226470185288,1058.1223258316982,2336.6973062646866,1413.8982575777593,3094.2119145499123,1829.6341642073312,606.6748777389424,1927.0157188968678,819.2611312775538,2755.9321623432047,694.1735087733103,2085.1143936160215,574.1017904200169,1334.6958415724055,995.6299549104559,3879.5698970955486,2326.0697847585748,1428.9019182933848,1145.5142879887615,417.13743864677497,4970.610938496726,3730.48391951584,1887.296313181306,3770.9619728300295,1717.8488717274017,687.1150444997284
arc_pair_32814,2305.639767095373,129.6133559728766,3052.003926138306,2957.289603805487,2097.2302160283753,1292.9648882776614,1789.6857606349306,180.32572024810344,4798.200646499244,792.0779768660141,288.4370005427376,1661.0221911651133,162.95937547083236,304.61497438736296,1691.4037946049916,1785.2661705056832,914.4075261279248,2826.561811552991,1644.3611701661273,0.0,2272.0462702414166,4740.2168570271615,1202.952818298837,1717.9164064723138,1838.0499013554434,819.2948342878213,1006.7166784964652,2760.7751264141602,1050.9463374818595,2043.505485985938,2788.827328872224,478.42601200820195,1218.2981991636834,328.16734064526935,403.84403370195736,348.73023732586614,956.4353071805617,731.6732381393234,469.69156611353213,1618.7056703306348,3133.812997245992,4839.785088104024,2146.9841075278355,2663.980059024105,1793.7850145618431,1732.1743065518356,1358.7888335403088,662.2577123290374,565.986131650238,1882.2327026465066,1375.9572489220425,677.973270137677,1129.3072923492314,501.0683332876251,1006.3132756195325,8690.167199433063,695.0605411972725,428.10693745770203,794.3426029686325,310.0145989022367,2830.777634385577,5203.6876627578295,346.3310709429423,2048.262243341521,3068.6365156932284,2381.7838784143923,4656.287768557021,965.5542839571648,281.9924502626881,1545.2432141153556,3417.632331643379,892.6966607776144,1339.5818031066985,329.1480065308777,199.97822442834737,2414.8825594980417,939.3609271213849,2023.7851663821805,1388.5903174592358,3491.3411796116848,1237.956591332954,3346.059159690591,2059.1958941282965
arc_pair_131638,224.67787528795486,2588.898785372814,1021.6593343473136,409.08378675957215,477.4247592290677,1713.544285296319,5739.268617193946,2151.764808726333,1883.950330827602,1061.5633553286218,2024.909829129525,4662.398830911614,2182.0430275318104,2584.7226464636306,940.77200189484,466.0782863944164,1165.5234725538855,274.43001710395595,733.3451409133359,2272.0462702414166,0.0,1999.081557912039,1088.3722299316553,5189.661798979016,572.836954053807,1271.7636994971522,4266.869077950867,624.9662628927956,1212.1488493549284,351.6225793922063,785.2929691094901,1718.1155789346797,678.4698545708292,1855.092258093216,2398.2678968000446,2501.3866531676317,1243.4391075275876,3489.0059098502406,2331.0546521019405,750.4659150417141,541.3055731406116,1685.880118332504,365.0136520551599,898.3147323365433,513.7063639701502,529.6239374221999,825.09705438581,1705.4564297348713,1733.9027645106794,523.759060340079,662.2820683383137,1310.1295661656004,883.3136000463912,1876.5890659086215,1238.1711538284746,3731.1367084628832,3528.2936603063395,2189.7403764045484,1596.6520246288335,3136.6687877727236,559.7078902236007,2149.7534740401825,2954.988477794383,486.54440681746473,1346.7214486978728,538.9623157993407,1825.2863312507666,1184.6936777151732,2758.6616995369914,774.6483172217661,620.2277997007756,1607.8741176068477,4862.537400732856,2824.5722036511384,2051.231582240808,966.7105267684515,980.4751742841191,5608.0753200549625,4227.231658770326,840.4394666046712,4245.162086165831,645.6426289100019,646.2132681920201
arc_pair_364083,2053.7761474128647,5153.623997157038,3742.581862859365,2069.312557002446,2799.6580063842966,5042.006388249252,9591.284228977354,4445.950404942018,283.1898106846427,3754.9239446286256,4690.417717017512,7163.690473449067,5132.696787306429,5765.837678478664,3531.320227542061,2800.8825760269597,3856.295698926055,1846.8074633600809,2813.04237836906,4740.2168570271615,1999.081557912039,0.0,3975.6593347295006,8475.945340423783,3279.873653495834,4193.458178349269,8123.221881670014,3299.3014168702857,3643.230969640045,2114.2264591161047,1367.5024480516292,4591.754576718132,2848.6291843721874,4785.941912605771,5552.988138637579,5727.678621351063,3980.442916440396,6712.996967147223,5601.288815005837,3540.4695561359867,2533.906894355185,4187.26963537949,2728.544915300389,2186.099654790033,2674.141653345945,3282.7430160318295,3678.108615826503,4725.42645654724,4638.69760476686,2769.2596532597545,3266.145878811707,4342.437174467972,3595.972378981154,4687.410235435478,3411.969187891583,2835.805653781889,7280.894879807254,5219.152158418476,4530.953367899613,6665.978699207324,2162.48456619116,175.83215647592843,6015.845099621588,2038.2396093540356,1032.0233697707424,3069.1883622926907,153.42970239198797,3570.48427761727,6150.219911338436,3330.5564429284063,2378.237983943175,4831.254048860948,9320.9661699379,6006.6822794124155,4795.959159638237,4352.146495535954,3269.5231241678916,8914.758687665108,6917.714523072106,1506.0867630275948,7390.2023666051045,2055.5329841949388,3234.289479990464
arc_pair_515708,1227.857630541826,1469.6111742905575,1265.854995800677,1523.7257825886097,792.5392842223221,329.37114891774326,3654.2299409628827,1303.376290697613,3725.7971458595493,199.32200761437863,779.5273838439768,3326.6827126921094,860.4263950935627,1193.8201219729838,1079.7868066261608,1039.543807534023,193.57930012182325,1448.2974839481772,922.7012469876937,1202.952818298837,1088.3722299316553,3975.6593347295006,0.0,3446.1188500777703,681.384576545652,248.6117905577903,2414.4595142450244,1115.6218173449581,698.114326427206,1376.668668966076,1995.2571237202806,652.3006323538928,468.50727286595304,601.6566765890261,1047.4595523404048,1047.3691742837113,390.5780172972838,1974.4474645189814,814.073449776073,372.39412886324766,1461.3434763974774,2841.1930377351555,830.0066731220406,1911.1326294650494,626.5275472002124,976.7376711523148,641.4304940888919,440.2913008649438,501.99332860445827,1095.071092911499,168.51650277709723,588.3226838749833,316.59266785982066,601.1035117195346,619.4638990312211,6270.510467623598,1829.0407230190349,900.8088448160454,337.503549132307,1444.7439863750635,1496.107220553635,4287.2509605792,1694.8292168754895,1524.0822327830676,2679.443888553656,949.10306161529,3807.9692702337597,317.08558642865944,1190.7165659962925,943.3360734724307,1891.2468519599997,394.7672848709896,2807.904735073618,1377.1643282392072,872.4092483493104,959.756681877154,482.3499257532697,3821.547287562639,2866.59419740088,2059.4451898943553,2714.4804011738943,1775.305131041929,688.5192404691184
arc_pair_502599,5220.3704665801415,1726.2552062755217,6636.98146285321,6259.554765202164,5316.0843722776835,3616.7840538211994,520.0999667874836,1856.3502698959612,8624.49722983628,3094.070202213877,2174.434946703009,267.9262661964378,1804.783091852893,1958.2984196057587,4098.064931540536,4713.838835831782,3089.6185554421113,6368.847961804352,4599.50669999378,1717.9164064723138,5189.661798979016,8475.945340423783,3446.1188500777703,0.0,4620.375800653654,3010.1828274402224,862.6543031895795,5946.310125860888,3105.1376381274895,4829.980990655836,5745.916283938223,2438.9638701444255,3982.7503295929955,2228.8546944250634,1570.2909792782968,1800.626756028067,2970.481645993188,635.206070713057,2265.3049584224086,4354.903689949053,6405.65868459452,8990.923641022604,4965.2415067265065,5891.630976664519,4575.973190994927,4356.412453135277,3732.398190762131,2722.673272604307,2654.290755727138,4781.590873292869,3957.5828133336004,2871.9756422985133,3532.9952990116885,2419.820724959278,3246.00551116524,14828.273206518099,1191.0749848728524,2026.8585101028636,2802.767110942085,1728.7477936981818,5764.796706697209,8997.538201238449,1965.0399971158122,4922.638620231482,5995.950350996752,5605.686307898879,8363.064144064036,3219.7876109777844,1786.8666659624882,4124.312854900213,7390.152099218089,2952.957018388179,1133.1915203842527,1330.4148243065088,2120.84282471254,5222.416479788681,3255.0033646633606,153.28801903347465,208.1120183529745,6844.63400618992,240.3479020960258,6567.1199179598025,5280.818984927564
arc_pair_340180,555.1595299966533,2228.375979695555,792.2013788253865,774.4996325342967,273.0276575017566,948.361271659905,4905.899091432705,1828.1019148808102,2939.0020688680283,616.916777211107,1498.0948619559117,4492.20372527866,1632.108838588119,2011.0058956430605,363.6178149506078,283.51994959422416,742.9771139000836,762.3143320330987,599.3879310911001,1838.0499013554434,572.836954053807,3279.873653495834,681.384576545652,4620.375800653654,0.0,787.0241334981752,3287.866297824643,460.6615877627342,822.8252556382697,712.3852516873696,1164.826940628636,1184.5872180780104,372.96450153100596,1321.4498626477775,1924.4721671442057,1942.1365357734314,603.5111535133817,2880.127147274686,1501.3100092328061,221.32997566477644,787.7802578287224,1871.377086832068,247.1693167192617,970.1413384358875,464.7628857433729,294.8159370779368,238.09475078239845,1105.1373986718277,1248.9810418437016,267.23484642393834,360.7865945172958,973.663838260086,341.8556607067018,1224.948075185934,830.5136281702053,5005.446475119574,2754.19140147619,1380.6517281662248,921.5851043262569,2259.8449825991624,838.7456508937655,3562.0889780033713,2403.8738253931156,687.3237749617937,1948.6520103770756,246.90105474810866,3077.9377146601178,648.2949433025324,1893.8059450767216,204.30298555298842,954.6572781753524,895.0004081438823,3813.2121742239237,2194.534342844115,1594.7855095977227,326.84700742813044,554.4222275803988,5103.762423646319,3984.325864768338,1317.6767987901048,3770.4047866513015,1106.3902880930048,251.50689352003332
arc_pair_430417,1287.2691458216254,1045.8485298666772,1445.3370172151808,1713.9718357591462,932.4589197258654,245.86564134935608,3128.6268612470303,932.4944658002768,3993.7010534955043,114.31030572652116,463.0806228234164,2953.2002202230638,537.3556323526309,812.2714012571158,1125.6113070765737,1067.207797207476,125.38326256143421,1620.38229830301,1022.9977002370263,819.2948342878213,1271.7636994971522,4193.458178349269,248.6117905577903,3010.1828274402224,787.0241334981752,0.0,1951.3916060330207,1292.9162309615142,739.6674622316328,1454.3746438230921,2094.857121237769,345.68872514328626,531.9399482897446,317.73850389317556,787.5651823841532,712.6212042630632,384.6360275269718,1579.8963144681225,494.9818476752969,511.2005805696614,1660.300582841675,2908.5177129106833,1051.8546115990243,1918.2612086934753,762.0145499695701,997.4534231734727,672.4162195697058,140.78161883469517,290.5303912525101,1128.6493202377765,338.8440662577367,394.6783674663041,275.2662876652355,299.70969143751813,680.1893563163294,6542.712774869896,1415.407373475051,630.2704578831507,196.2459950800116,993.9365136031228,1666.2613117871026,4544.613132158246,1243.7204894739773,1555.459472919195,2721.1586550609627,1111.4902235449267,4033.2840983364918,396.6400165252563,816.9397232078348,948.6627233932144,2064.2129825964807,274.83011438351195,2345.247118142435,966.0289228338527,507.8998630681728,1066.3489406888555,506.9797061562896,3415.8297304146668,2527.5253961654216,2244.9821893910603,2297.2413075033774,1965.8186445437677,812.5783615899165
arc_pair_707859,4253.495415146191,1014.3517602297392,4995.490430431354,5200.202538596656,4021.842741766769,2174.9210722366242,513.8937455627272,1174.7483000236452,8088.051991310794,2039.7781611513903,1320.9382516205283,1319.13178559449,922.9220483336151,1046.2291332212217,2905.418505405862,3506.1716072064783,2096.6434836536514,5244.417796435875,3503.2610891596028,1006.7166784964652,4266.869077950867,8123.221881670014,2414.4595142450244,862.6543031895795,3287.866297824643,1951.3916060330207,0.0,4479.640500445443,2257.671402894745,3997.861265912801,4950.400703896419,1443.7440074338424,2917.6971424789576,1284.2198428748259,849.074149139191,905.8386542646889,1892.8732796555644,237.66073235001994,1140.3533730989577,3050.748481261469,5201.58871669809,7050.700871592288,3787.664915941439,4607.417066107043,3533.3691205376867,3138.075758068789,2566.881645089558,1687.2022180820268,1659.838073839,3509.3702379442707,2868.670772418872,1832.5420650906476,2339.370442428434,1434.2884409678593,2439.6722474136773,13030.817869125442,313.63695493987353,1022.4419202161966,1757.5237513603008,671.8495066751868,4721.1743397308455,8673.839132429772,1028.6222896882118,3988.0433643168567,5374.970981571106,4199.958577983583,7972.17704628432,2230.170261489838,698.2776161750583,2883.525186599862,5836.239551992102,1847.8663216740897,251.17240989867622,520.625137487219,1226.5982213197942,3606.8900732249285,2346.635772793645,1142.7909917117943,1019.6506499340807,5806.93067676304,583.2214092736609,5576.219933688022,3768.8232843341257
arc_pair_165383,632.6416331379179,3131.166905650904,294.34940137643133,543.9720798687339,314.9423639136471,1302.5510769004936,6261.391617320967,2894.7142065950657,2990.693559979505,1184.3164816930962,2298.2271667040595,5874.524945116517,2355.088172152911,2988.56962483978,1077.1965544222337,695.674119740327,1294.3226390802083,651.2897604297725,1222.917115064774,2760.7751264141602,624.9662628927956,3299.3014168702857,1115.6218173449581,5946.310125860888,460.6615877627342,1292.9162309615142,4479.640500445443,0.0,1824.204319480882,1190.291481183461,1563.7612046631637,2050.0320794838253,926.6892827351284,1963.3703138917351,2755.9523724952214,2557.2299234438206,1319.5542003674711,3940.9603438053955,2294.0827013043145,526.3651764705254,281.15616632407017,762.6886318799142,335.21175531751993,1134.362085327852,513.2855233596172,843.300483842329,927.1353962104836,1739.945339842322,1687.0458648782053,751.5421523211888,679.6385063585408,1149.1862728314425,830.1051939446369,2073.237207084916,1685.3755544574778,3464.945495368302,3577.845008930932,2438.490531316209,1741.9190852395284,3167.1537987430092,870.9435615859177,3607.483605529587,3407.631803629342,1158.6261274896426,2426.838516280503,216.5921557934035,3061.8894223136035,1423.5357371362727,2755.6735016663265,920.7601143240221,595.6358017217916,1602.6129381225896,5046.11413042514,3029.804431847203,2397.926434436781,276.7154034910675,1367.7273203233228,6525.426656176153,5177.282193486663,1189.7846509152296,4915.790169579619,732.5354089477239,235.07912793641304
arc_pair_407949,1310.4024103643007,1265.4028812174374,2059.565357241708,1906.2757814634226,1090.2227097897783,1113.2292290046905,3323.0430915306683,821.6135015210244,3675.1625424303056,488.89227863737676,1036.7581653036975,2852.8907978134403,1128.0465356087293,1269.6169459557807,778.9590931737691,806.2667431141825,678.2421276369861,1715.6134900703626,443.15015454372167,1050.9463374818595,1212.1488493549284,3643.230969640045,698.114326427206,3105.1376381274895,822.8252556382697,739.6674622316328,2257.671402894745,1824.204319480882,0.0,944.1188083069717,1734.4110593733114,810.0271649680701,338.3913437050858,1002.6925611849321,1378.3845840697409,1494.2347863930318,463.9719055255797,1846.9507137955163,1186.0761196071066,729.5438020985503,2193.448625597668,3822.626313666524,1216.874249816321,1652.2595088128767,932.12307817388,790.3806448858323,445.38005195300457,878.8423297455251,1126.8551127019475,892.0064162117078,615.3982949649343,1058.907650712633,534.7050220251554,809.3600399182941,224.35709091832555,7283.345568265734,2036.025608518313,679.4034304661599,616.5092943323566,1558.9474681095983,1750.4658006645827,3949.575217899787,1345.9410242233837,933.6026411137242,2154.0408953691126,1398.7178256483355,3585.8338795056543,396.36379716525374,1338.1340413330408,650.7937037898865,2262.871755318024,607.4817988278663,2585.2862989555465,1527.0460877758405,928.7647705860537,1483.1129078758615,236.55480191820487,3399.5007208897487,2526.4276976145834,2458.063165445223,2481.5684922906885,2375.7537374091485,1135.6534470867125
arc_pair_264250,386.15264629932625,2380.7383192140665,1661.4491349536747,780.669470445041,749.8378703892031,2039.278889583086,5295.499437150042,1808.1093784997893,2139.6289536469026,1146.4146664352459,1992.0435223317795,4230.358170911253,2214.415745096961,2388.968093155689,733.985924272011,382.7057917786932,1321.259370210184,539.2826101040091,641.2323366537115,2043.505485985938,351.6225793922063,2114.2264591161047,1376.668668966076,4829.980990655836,712.3852516873696,1454.3746438230921,3997.861265912801,1190.291481183461,944.1188083069717,0.0,757.7360050242305,1643.989672595695,647.8041590845658,1961.8969214224255,2436.2561118479957,2669.2253562860806,1149.588867602323,3281.217104809809,2323.7932722676283,1026.752386374419,1145.1120198487226,2473.2421898276793,656.7703794662709,928.883557040877,940.8231970715105,415.18558288383997,761.1594395417709,1820.078908102647,1995.5062030212566,443.8173869471185,942.1469357510753,1656.286986214014,982.3574131190347,1835.2774674338932,1001.5515714365778,4899.165654020765,3553.689276759644,1885.0599672911646,1543.2595513001515,3010.7497217957025,873.5352048457236,2270.8749987597284,2678.61395685176,253.7294827482337,1364.334100853409,892.8620283127793,2029.8511958499867,1111.9322629082508,2657.103414748113,601.2836156613915,938.8333139012913,1628.1759415589377,4552.470810400049,2764.98388520741,1977.9742778427753,1419.3628204770039,814.9678892417111,5239.054805224498,3903.917633870728,1338.1848133821836,3958.4172538325156,1215.2182824219865,1003.0078898609463
arc_pair_517942,705.2758518688546,3283.016606624988,2281.4607901474114,705.6893402859469,1259.6467632650629,2666.1877801489136,6523.002931334958,2536.8638239075212,1174.9946983940922,1811.2673603920534,2727.021964626951,5125.755058216021,2945.7382859446407,3356.32846373557,1148.1345292485717,966.6424690794796,1858.9351479982217,870.557001417478,1412.2370200541363,2788.827328872224,785.2929691094901,1367.5024480516292,1995.2571237202806,5745.916283938223,1164.826940628636,2094.857121237769,4950.400703896419,1563.7612046631637,1734.4110593733114,757.7360050242305,0.0,2296.919395261292,1205.6537735235001,2660.944978020988,3192.923560939421,3410.5153082284896,1602.6111545883018,4077.821324703082,3034.320487159534,1528.6131251393067,1085.1360895334972,2836.767056472401,938.4105771214645,521.2092143994423,1151.9281548618999,1130.9557661064475,1398.4472316953043,2493.7866363529824,2673.8658293243193,842.7911687290377,1518.60037299867,2339.3328677223008,1527.8901963839555,2462.3706733694353,1734.620837043371,3920.847055820739,4485.605413502619,2711.295540544714,2193.749268064734,3972.605067420662,438.7597919629744,1532.8271330988102,3792.741024570218,613.4623091660594,509.3300192928773,1380.5686683842837,1214.4276311781489,1656.572424339691,3497.757319667485,1090.7993345567872,1079.1249403852776,2367.967651840227,5946.119081193431,3544.963812039769,2798.934071595852,1914.3890452094518,1464.7559047295672,6194.296324851302,4780.229030812673,518.9264998219172,4820.802017041067,737.0908591760905,1490.1989590579287
arc_pair_567416,1747.5315065635061,713.6644243638418,2333.3914862376973,2285.286121056172,1488.175263135957,696.3471363418716,2472.240729028922,521.8879796539904,4411.985711206928,389.19374777527497,248.45763413735835,2350.7234907286615,372.73807381037216,416.3695161414099,1229.292583997525,1348.9129606242946,396.5332195701936,2166.1228141101055,1272.4449690893093,478.42601200820195,1718.1155789346797,4591.754576718132,652.3006323538928,2438.9638701444255,1184.5872180780104,345.68872514328626,1443.7440074338424,2050.0320794838253,810.0271649680701,1643.989672595695,2296.919395261292,0.0,822.1131020525083,233.78621094355196,535.6477906464776,604.377821314531,513.6357318280354,1148.3827496645806,304.61163345734747,988.5045935937595,2383.762213062076,4007.757009486419,1518.9619045380775,2236.8322748096516,1302.662299818497,1147.401327466558,891.4403254372735,264.59750342235384,335.40304858380176,1368.3600756161638,793.800742075471,632.0309399042434,643.4081760391618,159.97432388616284,815.8186513248976,7904.4481006130845,1111.4326183530472,369.4303417464641,303.47762365808165,659.7322677996524,2124.1963756300515,4957.78087268485,836.5787906850608,1731.028655966856,2897.3061121070414,1711.5234101288888,4483.953159700698,540.4168012476961,538.3048100372541,1090.9257862161692,2687.6250821678623,505.9088860233833,1817.8734207780863,697.6271329615558,292.8435865409807,1690.8425910469223,629.015905166787,2776.4278978575962,2036.1155356043191,2806.1986283535434,1818.0920950020084,2661.076952754371,1419.1860431083655
arc_pair_205057,726.609835591912,1496.0061384950352,1071.7608796703032,1032.5765437052287,363.38074421076215,843.6269134897404,4235.340457593497,1146.3343413554664,2736.8891513280546,294.678754580704,1011.0457326900581,3692.533237042953,1175.1515692092642,1503.279695284447,592.1932815664437,373.88530604655614,482.5076648464468,864.6690502340915,249.35159427491692,1218.2981991636834,678.4698545708292,2848.6291843721874,468.50727286595304,3982.7503295929955,372.96450153100596,531.9399482897446,2917.6971424789576,926.6892827351284,338.3913437050858,647.8041590845658,1205.6537735235001,822.1131020525083,0.0,914.5004883428936,1544.1418048968737,1559.854485692922,415.764776377994,2367.42651536472,1190.7181079135157,256.3757035917871,1160.1942581398937,2381.3703174339544,580.0823237168789,1091.2424399756226,378.8425611915785,515.2110617547111,280.68060212975234,753.4482484848511,889.9289764812153,492.6720355716806,238.70850896488176,760.7390434146212,288.50716586839724,812.4899836353346,267.5277698463871,5210.6599016454975,2356.7431966338922,982.5003343433332,589.252627214516,1795.3683514150994,1124.6280319723246,3175.3993274529157,1681.3276237856298,629.2915873816386,1781.3089407974132,605.1573257117861,2735.324358414244,290.4714972352058,1501.4482479012045,422.25525258147644,1212.474837339844,548.0471548748772,3379.6007183874726,1722.6551676535403,1013.6606441168036,860.2777970796168,146.16110564139476,4400.6739513934335,3262.7226779912967,1577.0962502261916,3176.3374581813246,1385.8384173275028,419.0173850246549
arc_pair_594469,1903.1247508903334,474.94555740484265,2142.470935969345,2397.422654517269,1505.985129634139,568.3633233104504,2264.154703971827,515.6929219179882,4678.683956020329,374.0407660225362,114.507682469985,2228.994591289152,125.9082987454223,318.57821550562164,1534.043229886183,1544.7581306222,430.8437904794021,2257.591556228059,1436.303508514215,328.16734064526935,1855.092258093216,4785.941912605771,601.6566765890261,2228.8546944250634,1321.4498626477775,317.73850389317556,1284.2198428748259,1963.3703138917351,1002.6925611849321,1961.8969214224255,2660.944978020988,233.78621094355196,914.5004883428936,0.0,357.72042840603547,264.2760895979361,646.3676887863759,986.942637162186,164.15967244988235,981.4174755454437,2369.681792768007,3797.7040479529146,1589.7066937894854,2464.8897241665754,1226.0889876165077,1454.0159208669734,1054.7629338258173,240.01203661473298,111.04819598540837,1616.7452965985012,778.1772262081297,332.7745899997985,700.855001990115,218.56359744828447,931.6173628571606,7697.759461186081,777.2428688392455,419.11653048865594,424.08208095996605,420.72134021528757,2305.851471522684,5216.1171390742375,661.3799349055283,2033.8701772667002,3170.286649000545,1704.6341810562685,4638.629635341194,668.4420628176728,344.947590671197,1347.810474377567,2803.922747992559,531.8512606814372,1611.8698145791454,440.17292507280763,112.71078976877119,1642.408913243398,761.3543546538334,2594.1876931426646,1859.1900229935652,2935.5490303242286,1613.7402870475883,2662.712215798348,1375.230356195175
arc_pair_599471,2463.696539381275,454.48462728257545,3007.0856600837787,3111.2727570908773,2289.8165237010135,1084.6064959121338,1541.621767847204,644.1643155416208,5473.2014854166455,896.5178624627534,397.62026211962075,1556.661601765587,215.82576439793166,307.32506019241094,2105.8533670797297,2232.6173771890276,858.615390402259,2974.7759732276836,2117.5454915049513,403.84403370195736,2398.2678968000446,5552.988138637579,1047.4595523404048,1570.2909792782968,1924.4721671442057,787.5651823841532,849.074149139191,2755.9523724952214,1378.3845840697409,2436.2561118479957,3192.923560939421,535.6477906464776,1544.1418048968737,357.72042840603547,0.0,225.47874048669064,1051.1780758981301,593.1728354540837,475.7736152841031,1631.8225290440505,3132.759431980391,4918.101345463755,2216.355456661132,3237.548770384256,1888.5214671104466,1941.2011831023553,1587.7342334000825,694.0417547601423,531.340680921074,2271.888944744113,1319.182228411362,735.9693430011964,1283.1335588896768,626.8964395631507,1430.8311433991646,9268.775284361016,486.08491188882545,711.1651663216007,817.466282407914,441.4898138570267,2848.282286943408,5903.982006686822,766.9525564830687,2681.126655418001,3781.009452949197,2496.7955928370843,5430.580940028108,1155.2379866694025,393.39014882342633,1891.8299601578083,3673.3046159445967,1060.9069226664035,1091.1138845868513,235.32416720627705,423.7045992947855,2361.901221057908,1254.0756496937036,1881.6993237853317,1286.6995618900037,3552.953134476461,1026.8511798221978,3327.62626882644,2154.8215265996455
arc_pair_186105,2578.5181605032503,407.36586554542964,2778.273027221912,3099.880633338326,2249.7460144538677,937.3276497582364,1783.9510309106536,651.7202450395617,5643.807946259745,847.8266355629091,395.9057656017412,1958.4047025466468,110.43433946190795,404.6060542928925,2101.9935936986385,2242.266365501983,856.8405201714781,3107.1348304611215,2179.8669459995085,348.73023732586614,2501.3866531676317,5727.678621351063,1047.3691742837113,1800.626756028067,1942.1365357734314,712.6212042630632,905.8386542646889,2557.2299234438206,1494.2347863930318,2669.2253562860806,3410.5153082284896,604.377821314531,1559.854485692922,264.2760895979361,225.47874048669064,0.0,1075.650853475163,749.012410914498,375.25794177031383,1562.25505559085,3025.987836055296,4566.9300742674095,2215.8591578467303,3128.2698919873305,1781.7462020731343,2087.7115207742886,1610.461190266312,554.9800911059116,413.01587130303915,2312.320920592744,1327.980630300344,488.43354092461635,1180.5752172471823,568.8521995835602,1490.7699108594936,8864.60023344794,447.33238005072155,685.8702390150456,849.9198107106321,257.0305418694421,2950.7997706854835,6174.1455299778545,658.0568042226469,2773.1011269512946,3886.840237191677,2425.7850383964155,5555.339591303786,1221.2945699845386,234.51697223169356,1933.8133328851338,3670.711207911935,935.7229319765546,1155.0644463635238,244.49012546472065,353.44312058909384,2167.2518218861856,1329.0053513966036,2114.963367547916,1572.4990375919335,3667.7014872496816,1280.7003477662902,3353.3000507255133,2039.0572201621928
arc_pair_380779,1195.6742870360315,1255.977050325676,1689.0555082637902,1596.6209870018915,901.0772054317788,515.986397428323,3076.485409672735,948.378080541412,3786.2705933816314,265.45940955919076,747.0553151599382,2971.3258651144406,796.4029040611925,1082.4823542068436,617.1940828021238,817.6352389970859,365.24652164785374,1671.8255622221122,803.6459428857827,956.4353071805617,1243.4391075275876,3980.442916440396,390.5780172972838,2970.481645993188,603.5111535133817,384.6360275269718,1892.8732796555644,1319.5542003674711,463.9719055255797,1149.588867602323,1602.6111545883018,513.6357318280354,415.764776377994,646.3676887863759,1051.1780758981301,1075.650853475163,0.0,1577.0536516378909,656.0526641052525,504.6391312170347,1673.077651793634,3168.1396825373386,855.0658631694339,1389.314078885758,842.1164283800615,750.793336632495,398.95927525299754,476.2071053295819,692.1652913956239,779.5462275728598,434.4255334037461,708.4811055501292,226.39761516417565,451.68372667730137,453.29246561438913,6892.162242271211,1612.246462200918,504.8910867033773,263.44143249808036,1190.3880527546014,1422.0663317175752,4305.811823845343,1352.7188601038283,1131.0460337286343,2283.0502863521515,1109.6859212736135,3824.71513781521,250.34966508106893,917.14808753321,551.3265973130648,1984.3676273368856,296.99350561028814,2325.546931393092,1172.14057097864,782.8033795392191,1016.0516862561165,320.36770327942236,3348.1566174361556,2510.482821500224,2068.5024393928334,2322.5861563584076,1931.2258872133132,850.2953102752628
arc_pair_165789,3497.259166813525,765.016890786714,4402.589070427129,4399.863043361002,3437.096106123479,1970.5523392944156,500.32721549593674,873.0596717482922,6708.832798575747,1634.7586096675986,1004.7274609498687,806.8726899248227,710.3732467589775,843.0528712905603,2631.8345532415346,3004.469712833854,1663.2469288197292,4339.634080906542,2930.266265559977,731.6732381393234,3489.0059098502406,6712.996967147223,1974.4474645189814,635.206070713057,2880.127147274686,1579.8963144681225,237.66073235001994,3940.9603438053955,1846.9507137955163,3281.217104809809,4077.821324703082,1148.3827496645806,2367.42651536472,986.942637162186,593.1728354540837,749.012410914498,1577.0536516378909,0.0,1033.3751292970321,2616.5776870580776,4444.24001033066,6415.251237913014,3229.2190098821143,4035.9674974791674,2857.2498917494454,2717.854753367746,2208.9507582638907,1391.5530263354897,1317.840039413712,3048.9410681136515,2328.4268375123283,1494.3633543697765,2010.011509920909,1145.7590379485998,1987.9444522046622,11622.82214456697,377.3963965414427,920.460207251502,1449.7489907302563,698.4717259728469,3965.009460019548,7151.283826939934,944.119171133394,3372.968294368025,4464.933413171348,3659.1225240626522,6597.412488876151,1786.1399172190415,681.9587774464007,2554.0399851393263,5089.293663978908,1564.7430010681685,518.1204979532573,394.4092280181944,948.1575295649496,3345.3572005755245,1864.1886996260275,911.7376880782348,601.3275469093052,4904.178242569625,292.0291423045835,4663.673524845968,3289.7777214751163
arc_pair_16131,2295.930171248791,664.3777226849616,2566.629525244587,2835.915940651378,1836.8993348352742,621.4735994048648,2178.2358705257307,687.2504118772162,5435.252600733659,572.5044195542004,189.3973095963665,2448.5938471703857,240.02399894875668,367.9639442171816,1527.416313685087,1797.2668412290345,626.4824215338464,2799.9575646793555,1775.391002986984,469.69156611353213,2331.0546521019405,5601.288815005837,814.073449776073,2265.3049584224086,1501.3100092328061,494.9818476752969,1140.3533730989577,2294.0827013043145,1186.0761196071066,2323.7932722676283,3034.320487159534,304.61163345734747,1190.7181079135157,164.15967244988235,475.7736152841031,375.25794177031383,656.0526641052525,1033.3751292970321,0.0,1212.8137948094275,2796.5290096710414,4298.43075669713,1839.1565386413445,2682.54173248109,1655.658087742529,1607.46686803477,1166.7076669444357,346.0759087942166,264.5030547150767,1782.7872165973445,1053.718153643847,579.4510432435567,807.1043036471831,283.50552894404063,1146.6746297036236,8728.103914984133,787.9641756119032,293.4385944838661,482.75472399581184,356.8174768419728,2655.3247770176763,6075.806642633787,739.0854318877747,2323.538708288207,3673.0703080586522,2006.4429166289933,5482.298787386515,780.7140065973493,268.3830690106396,1424.6324212121488,3238.1550232890313,574.2882656022492,1452.8555905494472,515.8944255075173,234.22610943890703,1795.8425259305222,956.3870252001868,2649.348985736175,2055.668114982786,3451.1803818346825,1721.9139129298146,3179.5900244756926,1648.261252971824
arc_pair_551617,767.2659250377574,1971.6391268789991,667.4133020670271,953.4710904572556,270.02563630167083,584.0846381554985,4601.347803764109,1704.006453876052,3204.8517884315174,376.966957775784,1208.3685063461419,4267.823077862431,1312.6870587684416,1737.1806478074982,654.4556517190881,532.758962538938,457.2141099955934,906.1918671018109,579.0419417486942,1618.7056703306348,750.4659150417141,3540.4695561359867,372.39412886324766,4354.903689949053,221.32997566477644,511.2005805696614,3050.748481261469,526.3651764705254,729.5438020985503,1026.752386374419,1528.6131251393067,988.5045935937595,256.3757035917871,981.4174755454437,1631.8225290440505,1562.25505559085,504.6391312170347,2616.5776870580776,1212.8137948094275,0.0,853.985427320364,1894.8410015052395,400.38911323059943,1285.2746943451732,301.6746158722344,571.0823850218118,306.4755068202246,791.4816224164961,861.3621526961792,562.9161628243274,153.12275990804775,685.5394539418922,263.08227713933803,949.5937802784812,658.7315539759924,5092.422766701415,2403.23502816847,1215.9879405738484,671.2217405919773,1945.7802688774636,1057.1294077292164,3848.7870305822976,2165.761460463997,1026.442894766971,2321.008062320643,372.5224656722309,3341.2340760198936,457.6313647363671,1607.509319170792,518.8272528141677,1172.2846525515752,634.6018329114445,3520.004419220115,1891.2412922852063,1297.2612576389624,404.74221663655663,428.46413792073076,4831.76072198839,3731.1439498910845,1544.6332254783786,3508.673057481358,1234.032430911542,197.7718986510607
arc_pair_255056,525.1042895658392,3545.7345444019156,655.2015033915974,209.80718854150604,537.1516276686302,1797.8390055604327,6987.54640239541,3215.0039030533576,2249.904647659718,1548.2192419436897,2678.0954659128392,6130.214263270987,2792.763687672258,3448.8936332460275,1387.5839643855663,920.2400329039773,1555.613524210122,469.6319494562017,1507.7331200751437,3133.812997245992,541.3055731406116,2533.906894355185,1461.3434763974774,6405.65868459452,787.7802578287224,1660.300582841675,5201.58871669809,281.15616632407017,2193.448625597668,1145.1120198487226,1085.1360895334972,2383.762213062076,1160.1942581398937,2369.681792768007,3132.759431980391,3025.987836055296,1673.077651793634,4444.24001033066,2796.5290096710414,853.985427320364,0.0,891.4485790154847,450.06927797614065,894.1932893826956,618.3519140762783,1123.794155984142,1355.7656787723688,2152.9727999337756,2077.9225592193757,964.1625674495916,959.6807143632662,1537.4379850012274,1221.2757027926507,2482.6883111206666,2005.8898678861185,2795.403493960484,4221.629678660756,2981.9592744913066,2135.7423355491783,3821.365792014477,518.1045971850282,2807.7924045740197,3994.309563256695,1089.9609458123498,1891.495257013746,494.4901768299121,2320.434359348608,1758.7117246431621,3342.726439566595,1250.3071505069574,384.9218768660752,2105.936668346199,5954.666400732907,3512.1601648534383,2822.3124695086117,768.6790892405954,1679.5458559336487,6973.084957893053,5488.909800476201,679.5168593328369,5356.62184372109,303.76299948084966,574.51540897016
arc_pair_621191,1681.3264803880538,5102.773009208544,716.6347425579357,1344.7464473531713,1209.265443318757,2886.9122473777543,9112.871801352767,5006.86777735668,3980.630229323628,2827.54510652105,4246.651879353449,8893.986118390609,4322.366189481235,5152.557467906899,2803.872893006689,1903.2878891740984,3048.73539443575,1415.291217249507,2620.837515039131,4839.785088104024,1685.880118332504,4187.26963537949,2841.1930377351555,8990.923641022604,1871.377086832068,2908.5177129106833,7050.700871592288,762.6886318799142,3822.626313666524,2473.2421898276793,2836.767056472401,4007.757009486419,2381.3703174339544,3797.7040479529146,4918.101345463755,4566.9300742674095,3168.1396825373386,6415.251237913014,4298.43075669713,1894.8410015052395,891.4485790154847,0.0,1670.5479423964457,2053.0403595653797,1624.728161548051,2305.271604198964,2587.1606686975874,3505.1298753311844,3402.989013217292,2152.455811850851,2147.5450088735,2515.7561189427975,2384.450206104372,4101.775576882551,3449.5622717942856,2327.702102194631,5726.565624011793,4722.874481400924,3687.9644996524394,5300.800317176518,2009.62661137367,4592.491906408895,5376.334418175824,2386.9466546480057,3761.1783776051097,1164.5036226583684,3963.886179358231,3303.5631756001794,4832.277457521589,2479.7030973361148,848.015479418655,3372.7751855604047,7647.948904250586,5114.558090172036,4303.239170245385,1254.5868664714992,3155.6273226796256,9852.593525468787,7960.636121513387,2008.7607697485691,7566.6164491023965,1437.5962527496276,1119.9996737132462
arc_pair_438785,383.0753959365611,2581.349001891264,845.339263626244,492.3127410607713,338.0323618747062,1205.5956805628819,5426.214924343132,2166.0000579413736,2401.8959727865094,862.9044736281313,1802.0665553683723,4744.175977677385,1925.9732358260783,2424.0623360199847,527.4280257838118,382.7477291649709,927.530873065525,516.8829995294157,853.3296026077537,2146.9841075278355,365.0136520551599,2728.544915300389,830.0066731220406,4965.2415067265065,247.1693167192617,1051.8546115990243,3787.664915941439,335.21175531751993,1216.874249816321,656.7703794662709,938.4105771214645,1518.9619045380775,580.0823237168789,1589.7066937894854,2216.355456661132,2215.8591578467303,855.0658631694339,3229.2190098821143,1839.1565386413445,400.38911323059943,450.06927797614065,1670.5479423964457,0.0,833.39076075242,466.16385002045945,425.4171388818043,533.6089462332875,1417.6230830463167,1430.0098523634458,307.080300961761,480.8356237653092,1148.639448967023,557.2536623773908,1529.9968955574802,1147.5605277308405,4306.419159316146,3165.9583726094297,1771.8904991340414,1261.088405240404,2710.283197574766,569.5674304614937,2951.829104881979,2884.1768005761464,634.21456418408,1687.7099890469171,251.87898572066499,2520.5745749332245,880.6063274074565,2304.826618676313,502.5135546639113,738.3198878843027,1241.0768668203186,4432.539538836882,2561.1489724811195,1941.2929796551794,499.96147551702387,811.0630315900112,5440.25830831521,4233.782938686274,982.5501997744782,4104.062360615424,735.9748569838549,368.58819969545385
arc_pair_574409,849.8976817926804,3013.8424373154867,1795.6417256938628,648.7962434184216,987.1912432414113,2236.7841673058947,6327.3424626582755,2378.2912190267507,2100.191071930154,1652.9857626577232,2685.7549662341867,5663.018317746875,2726.295228189157,3320.851739021126,863.4233535583982,703.5994235084974,1844.7072661185543,1010.4323385139766,1182.0163464238142,2663.980059024105,898.3147323365433,2186.099654790033,1911.1326294650494,5891.630976664519,970.1413384358875,1918.2612086934753,4607.417066107043,1134.362085327852,1652.2595088128767,928.883557040877,521.2092143994423,2236.8322748096516,1091.2424399756226,2464.8897241665754,3237.548770384256,3128.2698919873305,1389.314078885758,4035.9674974791674,2682.54173248109,1285.2746943451732,894.1932893826956,2053.0403595653797,833.39076075242,0.0,1015.769973791552,1017.4407378872661,1176.3537829973286,2250.63153480276,2475.6421941033245,702.5550339914336,1425.4397437170085,1894.07072484622,1221.4784157968563,2282.22367907193,1583.3543776249132,3805.3651948749152,4079.794241895457,2391.0872842734952,2071.6168031406273,3482.1150917137097,551.6723600351895,2555.12930862275,3215.0529543552975,501.391946801414,976.2382780681351,1059.3972579149554,2011.2807246731736,1644.767505562212,3054.2111940084883,848.2432175595603,777.3088245745511,1974.4839667665176,5451.418669107263,3361.2590708296943,2610.917797627525,1293.344218668198,1439.134719347582,6375.579862576511,5021.746023175913,862.4079527701726,4974.106418133586,808.323512046663,1103.0005175779934
arc_pair_169005,643.2790607823397,2079.7136094127036,672.0335670128069,675.1427743134448,339.10814756169145,998.8507411078019,5000.182829058481,1801.9002543228855,2444.7984025145333,618.8591219596224,1492.1650557871153,4300.119203852899,1554.569582565434,2096.226963617292,989.2981810768564,582.0712646256931,711.6731607766117,680.297959464593,644.2960306563126,1793.7850145618431,513.7063639701502,2674.141653345945,626.5275472002124,4575.973190994927,464.7628857433729,762.0145499695701,3533.3691205376867,513.2855233596172,932.12307817388,940.8231970715105,1151.9281548618999,1302.662299818497,378.8425611915785,1226.0889876165077,1888.5214671104466,1781.7462020731343,842.1164283800615,2857.2498917494454,1655.658087742529,301.6746158722344,618.3519140762783,1624.728161548051,466.16385002045945,1015.769973791552,0.0,786.3725254213965,609.2621949599528,1101.4966735844685,1110.044880592433,727.4365210189756,301.66712506636134,722.2435410449114,518.5519913936889,1297.6806967306334,901.7610895765508,4012.911643844689,2750.5120204097016,1700.0240751019217,1102.5810110817147,2353.9325142860926,746.5717377537904,2955.7696944036784,2374.697765726903,917.6558849280667,1738.3235017524175,457.8279371420197,2479.3451592303722,775.056456910969,2032.2527335614693,763.8365050849355,920.6967811622466,985.5645485992079,4120.662302912451,2158.4358137047225,1519.7851326273455,609.5294943923309,670.6973173099599,5010.407095137994,3786.0012830701753,1037.9011349418981,3677.338635773803,750.407777879806,323.76018016899513
arc_pair_476078,527.862047109613,2117.554055346105,1342.0429549674423,1003.80930483864,549.7120482816886,1311.3896283706777,4655.24374702189,1630.737808580236,3067.376185370203,788.1750265375874,1547.798301585898,4110.8902301047865,1712.8670844209955,1857.5261767918926,288.89252739209206,206.30654997532807,929.5791748610291,799.7750103372341,656.1466653575653,1732.1743065518356,529.6239374221999,3282.7430160318295,976.7376711523148,4356.412453135277,294.8159370779368,997.4534231734727,3138.075758068789,843.300483842329,790.3806448858323,415.18558288383997,1130.9557661064475,1147.401327466558,515.2110617547111,1454.0159208669734,1941.2011831023553,2087.7115207742886,750.793336632495,2717.854753367746,1607.46686803477,571.0823850218118,1123.794155984142,2305.271604198964,425.4171388818043,1017.4407378872661,786.3725254213965,0.0,323.40812468105236,1320.5023577841648,1496.3446872146606,160.44839079971166,641.1129343535472,1229.4422873162268,557.9067308502406,1338.0281300258039,894.6644006896423,5670.49025455425,2768.01174886541,1268.7155548843618,1071.216024821689,2255.3451404653883,972.6684413300823,3506.044433892624,2256.331754128783,473.71773313526325,1969.1691990777488,527.5800815992172,3142.726846126625,750.2950656738568,1890.8508824362088,252.05354568098033,1121.0477395745502,1045.903211664243,3617.2826654871446,2192.3181100760053,1584.3825150032442,713.4891270479304,597.7753548847714,4815.139524479529,3738.0244472970594,1620.0469287907938,3543.732181714461,1410.0648963017566,613.315699986598
arc_pair_587790,824.6677947438423,1706.4420876718734,1213.8092220430492,1238.307671937508,503.58217352870884,925.3423845248774,3955.064987364387,1292.7820496751924,3457.385595904474,476.64805896466333,1167.3883408798067,3652.0466747194205,1270.8305384998177,1540.533172002788,308.93314074871773,372.8815344483295,656.822103809476,1177.6521061454455,459.0964224568967,1358.7888335403088,825.09705438581,3678.108615826503,641.4304940888919,3732.398190762131,238.09475078239845,672.4162195697058,2566.881645089558,927.1353962104836,445.38005195300457,761.1594395417709,1398.4472316953043,891.4403254372735,280.68060212975234,1054.7629338258173,1587.7342334000825,1610.461190266312,398.95927525299754,2208.9507582638907,1166.7076669444357,306.4755068202246,1355.7656787723688,2587.1606686975874,533.6089462332875,1176.3537829973286,609.2621949599528,323.40812468105236,0.0,888.0229362356105,1073.3410511231473,367.6962979813137,416.61255004929234,876.1752288597048,260.58662377177797,924.7809248596423,519.1631478546893,6173.44172146864,2216.5464561375993,873.1554588497766,679.1262940301355,1734.9844716233338,1212.648303502647,3950.1580730814007,1787.904202222391,712.1283250815719,2152.917111819827,617.5114800314115,3496.28807899419,441.8663004578131,1420.7405346867636,198.70720784702917,1483.5811596009144,582.2493254360443,2983.177632150923,1724.0918331603448,1184.6587853075293,633.5964658113395,316.3577215668872,4168.277892799464,3223.798076922697,1894.1010761343177,3005.1299216765356,1661.7548715910866,511.60047302301064
arc_pair_160678,1746.0260635548125,864.67758385824,1889.6706251188687,2141.7251210858635,1293.6435920839515,383.09449835778406,2810.3587763672463,780.0146956673899,4566.071159787561,236.18560510688374,341.66370910299867,2749.380743802376,406.06093869917225,674.0261723937398,1324.3338287994043,1380.2905217525326,270.9139509356583,2138.668745532478,1289.270860565245,662.2577123290374,1705.4564297348713,4725.42645654724,440.2913008649438,2722.673272604307,1105.1373986718277,140.78161883469517,1687.2022180820268,1739.945339842322,878.8423297455251,1820.078908102647,2493.7866363529824,264.59750342235384,753.4482484848511,240.01203661473298,694.0417547601423,554.9800911059116,476.2071053295819,1391.5530263354897,346.0759087942166,791.4816224164961,2152.9727999337756,3505.1298753311844,1417.6230830463167,2250.63153480276,1101.4966735844685,1320.5023577841648,888.0229362356105,0.0,229.99656976816053,1461.9520047886156,606.4797723613876,442.6746706909039,477.35491734441206,160.77314624930474,780.7194768023767,7383.154515922485,1205.5254976484562,529.5677285203303,229.65827462300774,760.3870748004462,2152.360913095498,5149.632380821013,1019.4624474126489,1870.4846855867506,3092.176084179904,1530.991152105742,4578.669322553231,523.4524795966022,637.3753958015897,1176.6508279555642,2545.5206684856635,303.23996026042056,2027.457111587185,804.7014582737424,385.559643534107,1429.1459235514596,636.8771793664494,3097.9444675688223,2335.548803085661,2772.705910110915,2095.9011895368744,2493.71524563071,1179.1104223248126
arc_pair_653762,1819.837634462922,726.6714643050643,1797.5852767528952,2166.046347036374,1305.5833311440067,475.78390805344145,2729.1326588178445,796.7998733769895,4518.240948532841,365.6139685976602,196.8155206231301,2655.388148810425,276.8029872674004,542.1004369551289,1586.0499899845488,1553.7767175987199,410.6838206027841,2103.5002919507588,1449.3021370725726,565.986131650238,1733.9027645106794,4638.69760476686,501.99332860445827,2654.290755727138,1248.9810418437016,290.5303912525101,1659.838073839,1687.0458648782053,1126.8551127019475,1995.5062030212566,2673.8658293243193,335.40304858380176,889.9289764812153,111.04819598540837,531.340680921074,413.01587130303915,692.1652913956239,1317.840039413712,264.5030547150767,861.3621526961792,2077.9225592193757,3402.989013217292,1430.0098523634458,2475.6421941033245,1110.044880592433,1496.3446872146606,1073.3410511231473,229.99656976816053,0.0,1650.1056595157434,657.4766364781209,312.07371107050943,674.4755636297755,313.43933865420576,977.6157271466774,7148.8044060091515,1029.4840118459344,624.1399126258382,463.4167191952027,676.478787201785,2207.39135059049,5081.062595299012,961.6233175157977,2076.692204401578,3231.0695500655506,1531.123979665124,4504.738809129352,698.8209905236794,569.0535907382769,1374.415626016237,2558.5388749164854,579.522316578421,2001.0455397040723,672.6204174043986,265.1547545354638,1481.0152554982892,818.4371330481134,3063.4298790850016,2236.4711926037357,2769.2125544025157,1987.8794819635395,2439.178720651441,1177.032037954694
arc_pair_136665,442.56783217970406,2320.192795121355,1326.8360473524722,844.5845743458385,486.7162724377962,1435.5083937969537,5130.568505619885,1755.0432525140664,2492.9684415638008,864.0327409167907,1731.5203055670515,4538.996608816077,1894.1447023497885,2219.296488175825,248.1732102808818,142.51272748846966,1041.7441012372801,723.7897131417402,640.6150579949203,1882.2327026465066,523.759060340079,2769.2596532597545,1095.071092911499,4781.590873292869,267.23484642393834,1128.6493202377765,3509.3702379442707,751.5421523211888,892.0064162117078,443.8173869471185,842.7911687290377,1368.3600756161638,492.6720355716806,1616.7452965985012,2271.888944744113,2312.320920592744,779.5462275728598,3048.9410681136515,1782.7872165973445,562.9161628243274,964.1625674495916,2152.455811850851,307.080300961761,702.5550339914336,727.4365210189756,160.44839079971166,367.6962979813137,1461.9520047886156,1650.1056595157434,0.0,709.9748914465495,1355.265112556119,541.2214443513716,1442.409074915024,929.3034043625464,4970.120690995531,3112.9498577682307,1426.2207496785504,1206.7940830885289,2503.8187644845816,813.3954057959229,3024.945837842166,2499.3968377758956,332.8781389835875,1472.2321152804973,463.7396823150617,2584.1274279380686,779.8822785982139,2115.1896675305807,234.79578208004872,961.1578767601599,1153.993331328497,4122.055374854862,2456.929566904611,1766.7605025597138,725.9235980325841,619.1644392576684,5268.313962262981,4106.829300529505,1304.5084819605909,3953.038697570748,1218.0362384568389,558.8649382628637
arc_pair_126263,745.949424288979,1665.0593010401833,809.2847734480373,1016.4080745531719,378.07807856036754,471.9128810145104,4241.554162715132,1439.5484861263212,3043.1548826130906,227.43465228564082,961.081892401499,3737.8989052469656,1092.1667592547378,1450.547336248477,828.0372519368065,634.7480675987368,289.3772255052618,884.5947608039934,583.990071853633,1375.9572489220425,662.2820683383137,3266.145878811707,168.51650277709723,3957.5828133336004,360.7865945172958,338.8440662577367,2868.670772418872,679.6385063585408,615.3982949649343,942.1469357510753,1518.60037299867,793.800742075471,238.70850896488176,778.1772262081297,1319.182228411362,1327.980630300344,434.4255334037461,2328.4268375123283,1053.718153643847,153.12275990804775,959.6807143632662,2147.5450088735,480.8356237653092,1425.4397437170085,301.66712506636134,641.1129343535472,416.61255004929234,606.4797723613876,657.4766364781209,709.9748914465495,0.0,567.4694848155543,234.06269070062177,778.9632977459848,560.0993781562204,5197.037594207169,2199.800655934742,1092.0063517277765,517.866814929994,1764.9657727220635,1079.5152901428062,3534.8720827415245,1914.1699528857364,1058.9735798353634,2241.601438587791,511.1452714435841,3122.7188956794744,314.0735685116047,1466.84452744055,649.3299406858063,1285.802096160362,522.7450726363124,3309.9490947006316,1664.5310153985183,1047.5285037179335,634.6932469760886,375.14249802569054,4370.882105811221,3277.186934876641,1546.3374681231867,3123.6249582485143,1258.3561922898948,331.0543385424808
arc_pair_734584,1425.3118116922408,786.6748331574834,1243.221577509968,1630.9010770064228,944.4241529886928,611.6816004964377,3004.3142911731634,897.8592950915581,4270.451225535831,428.4042891606314,529.954179601633,2940.2458894256592,407.5549724645735,818.3186029257289,1351.6462281754611,1180.4298275463182,559.393328425979,1716.0737402280993,1163.946035930115,677.973270137677,1310.1295661656004,4342.437174467972,588.3226838749833,2871.9756422985133,973.663838260086,394.6783674663041,1832.5420650906476,1149.1862728314425,1058.907650712633,1656.286986214014,2339.3328677223008,632.0309399042434,760.7390434146212,332.7745899997985,735.9693430011964,488.43354092461635,708.4811055501292,1494.3633543697765,579.4510432435567,685.5394539418922,1537.4379850012274,2515.7561189427975,1148.639448967023,1894.07072484622,722.2435410449114,1229.4422873162268,876.1752288597048,442.6746706909039,312.07371107050943,1355.265112556119,567.4694848155543,0.0,550.0096106809732,645.574582331804,931.9909159164448,6136.603968188381,1111.481189202611,866.7280876683067,690.3077359483008,825.201107561862,1812.6412667835932,4787.616822738287,962.8386959168076,1675.9215581541084,2938.819280571465,1155.157288197571,4144.484220194344,833.9784571901675,695.5072036172344,1107.6408223900717,1956.6381891675771,631.6031501426833,2159.8981494498394,803.5191437947211,485.8337939167569,989.3126853351107,830.7148180848831,3270.221824825762,2405.6492696763503,2352.04643526604,2167.480173030596,1899.1976997442334,838.4449655881886
arc_pair_420843,846.1765637063787,1429.3507695633177,1097.4266529293052,1232.3762971380272,506.4316764257187,438.5142025980004,3726.6784578096635,1147.8232056161419,3373.9443698152304,181.6407362792161,834.406555159461,3505.2187362631053,913.3787800881221,1324.064683853443,523.2899067173291,542.5178565602479,308.70413850066564,1246.3247110991247,632.3743582146083,1129.3072923492314,883.3136000463912,3595.972378981154,316.59266785982066,3532.9952990116885,341.8556607067018,275.2662876652355,2339.370442428434,830.1051939446369,534.7050220251554,982.3574131190347,1527.8901963839555,643.4081760391618,288.50716586839724,700.855001990115,1283.1335588896768,1180.5752172471823,226.39761516417565,2010.011509920909,807.1043036471831,263.08227713933803,1221.2757027926507,2384.450206104372,557.2536623773908,1221.4784157968563,518.5519913936889,557.9067308502406,260.58662377177797,477.35491734441206,674.4755636297755,541.2214443513716,234.06269070062177,550.0096106809732,0.0,592.1580943516208,486.5969769706946,5802.49410756068,1881.909695392787,718.7601196695814,377.7822879729076,1395.1784657336018,1231.1065847316208,3945.1991001336073,1562.9226751335427,921.396316215996,2102.671254083468,640.100616762705,3408.835467094344,285.82851142381503,1122.412804735154,428.2460174347857,1493.1289496995603,306.9354921254395,2823.910448541741,1414.6743949446186,886.6349086914331,619.3647157469669,331.0276584052993,3962.8597405844757,3013.258690063053,1777.280678677806,2809.065218915646,1584.3694966382168,439.68038006236753
arc_pair_389151,1892.9775023038146,748.7799112921722,2341.403133786124,2424.793570995406,1532.059202956114,566.5430874876323,2471.1726123134245,578.6372380939374,4497.1688167849325,325.54156090170306,296.1367290354821,2392.3482372985936,363.8691998269587,536.4904168283397,1255.6934923922863,1417.919755978705,356.40907313387976,2322.8282839344074,1297.2207732838626,501.0683332876251,1876.5890659086215,4687.410235435478,601.1035117195346,2419.820724959278,1224.948075185934,299.70969143751813,1434.2884409678593,2073.237207084916,809.3600399182941,1835.2774674338932,2462.3706733694353,159.97432388616284,812.4899836353346,218.56359744828447,626.8964395631507,568.8521995835602,451.68372667730137,1145.7590379485998,283.50552894404063,949.5937802784812,2482.6883111206666,4101.775576882551,1529.9968955574802,2282.22367907193,1297.6806967306334,1338.0281300258039,924.7809248596423,160.77314624930474,313.43933865420576,1442.409074915024,778.9632977459848,645.574582331804,592.1580943516208,0.0,793.5447439858232,7990.572165983495,1104.054688099122,331.77888175046553,252.58204839758432,626.9726531030299,2275.2003497374535,5076.222766623587,864.9245283614389,1858.6636100664882,2979.613989314232,1739.7710396131,4577.438138426656,473.08885968027073,515.2411226957494,1183.2326279622396,2863.001319412223,358.1937500408719,1816.5452873694303,714.244863092062,318.2332963950657,1690.0035185515076,590.0148278785242,2734.5924155611438,2050.264528935624,2953.9706431144846,1848.9176988892298,2784.0628770760113,1423.1103559624926
arc_pair_162384,1337.1188391483004,1193.1338038847607,1853.8598132520506,1762.835276667091,889.7998353970797,1072.0060049529782,3540.0143408343088,854.1586951505133,3442.603788741346,423.5380740916332,911.6409648641786,3025.670539906318,1082.0977674949186,1369.9524470379104,818.2911643713196,812.9155981429745,630.399471109223,1654.9134110239024,446.5452519183597,1006.3132756195325,1238.1711538284746,3411.969187891583,619.4638990312211,3246.00551116524,830.5136281702053,680.1893563163294,2439.6722474136773,1685.3755544574778,224.35709091832555,1001.5515714365778,1734.620837043371,815.8186513248976,267.5277698463871,931.6173628571606,1430.8311433991646,1490.7699108594936,453.29246561438913,1987.9444522046622,1146.6746297036236,658.7315539759924,2005.8898678861185,3449.5622717942856,1147.5605277308405,1583.3543776249132,901.7610895765508,894.6644006896423,519.1631478546893,780.7194768023767,977.6157271466774,929.3034043625464,560.0993781562204,931.9909159164448,486.5969769706946,793.5447439858232,0.0,6714.957339161194,2071.8897168648637,786.6182945798012,576.9838359744252,1573.045923001626,1843.1957289559339,3844.5416420468573,1303.51565083095,948.7772634629531,2156.4024627718713,1272.5528785561019,3339.8622277362438,330.48941182891923,1341.6429115369517,686.4226098517645,2039.8690974809356,596.8217345308428,2817.7539755638854,1540.0249649226444,908.0865469852022,1474.7189707217758,178.52908585975487,3590.8293549310915,2610.643865527258,2385.6975422998976,2632.6246512920147,2258.9754016061843,994.2698914230214
arc_pair_529804,3816.8270621259053,9064.559486706512,3358.6458263671884,2965.7311370775883,3803.2666193742307,6880.444579220794,15617.754026634053,8706.361451263045,2707.130220449971,6267.675438185811,8070.639416784739,13865.78751879029,8422.417677604502,9565.818848458715,6303.786246796487,4774.66154449731,6476.614685593205,2973.875119932205,5269.910592731151,8690.167199433063,3731.1367084628832,2835.805653781889,6270.510467623598,14828.273206518099,5005.446475119574,6542.712774869896,13030.817869125442,3464.945495368302,7283.345568265734,4899.165654020765,3920.847055820739,7904.4481006130845,5210.6599016454975,7697.759461186081,9268.775284361016,8864.60023344794,6892.162242271211,11622.82214456697,8728.103914984133,5092.422766701415,2795.403493960484,2327.702102194631,4306.419159316146,3805.3651948749152,4012.911643844689,5670.49025455425,6173.44172146864,7383.154515922485,7148.8044060091515,4970.120690995531,5197.037594207169,6136.603968188381,5802.49410756068,7990.572165983495,6714.957339161194,0.0,11104.085756742586,9229.29842433676,7602.4122423243525,10273.944988143841,3694.034220313889,3040.655538837196,9853.808321755101,4706.097179646382,4035.2981498683603,3891.4946389349607,2592.9645861118006,6640.84567260641,9640.382523663058,5803.908678077754,2553.882340666594,7476.097779087525,14199.828873057375,9760.835020616632,8183.986112599736,4863.454671658689,6374.787758357386,15671.471150252768,13026.463685291175,2626.958474835033,13075.371943000102,2645.9918168416684,3986.0844688759926
arc_pair_588517,3603.5829253764678,619.5134291947979,3880.4633396634385,4328.189270046981,3194.9866382297955,1615.404766522146,941.5567391772759,936.9717804069508,7242.336427429335,1537.9174763724645,878.0588217001354,1560.7120023949758,498.9963637148968,743.5801353440654,2696.004817000133,3003.736864879592,1603.729691870277,4329.423133051458,2942.8312196410834,695.0605411972725,3528.2936603063395,7280.894879807254,1829.0407230190349,1191.0749848728524,2754.19140147619,1415.407373475051,313.63695493987353,3577.845008930932,2036.025608518313,3553.689276759644,4485.605413502619,1111.4326183530472,2356.7431966338922,777.2428688392455,486.08491188882545,447.33238005072155,1612.246462200918,377.3963965414427,787.9641756119032,2403.23502816847,4221.629678660756,5726.565624011793,3165.9583726094297,4079.794241895457,2750.5120204097016,2768.01174886541,2216.5464561375993,1205.5254976484562,1029.4840118459344,3112.9498577682307,2199.800655934742,1111.481189202611,1881.909695392787,1104.054688099122,2071.8897168648637,11104.085756742586,0.0,967.5690350856083,1405.6108516732813,409.1757924646659,4080.4058531251003,7829.1795776009085,724.6255159902965,3572.5564879572876,4982.569774262358,3402.7591666307944,7127.529468478444,1883.0562858888873,434.5826686046213,2551.0685133273687,4829.4315679563415,1461.9778781391099,393.38893266207725,187.38509989661122,803.7896721374626,2921.37606910378,1974.1801906054693,1511.809406674223,1206.013623855803,4984.676505282733,806.8326206049722,4615.6759693434515,2948.695754593199
arc_pair_150312,2134.4801666299486,672.424994550744,2865.05702700153,2855.543453053041,1856.9688769457407,831.255398315693,1991.7611602833922,452.0731561321613,5154.216922534184,570.235266813051,401.99342575473906,2147.529694454993,434.38134253935743,488.2769900541038,1071.950178945253,1456.5611561402925,677.2952070959071,2766.3883206408973,1377.6226470185288,428.10693745770203,2189.7403764045484,5219.152158418476,900.8088448160454,2026.8585101028636,1380.6517281662248,630.2704578831507,1022.4419202161966,2438.490531316209,679.4034304661599,1885.0599672911646,2711.295540544714,369.4303417464641,982.5003343433332,419.11653048865594,711.1651663216007,685.8702390150456,504.8910867033773,920.460207251502,293.4385944838661,1215.9879405738484,2981.9592744913066,4722.874481400924,1771.8904991340414,2391.0872842734952,1700.0240751019217,1268.7155548843618,873.1554588497766,529.5677285203303,624.1399126258382,1426.2207496785504,1092.0063517277765,866.7280876683067,718.7601196695814,331.77888175046553,786.6182945798012,9229.29842433676,967.5690350856083,0.0,438.07823773633004,489.1379233073988,2613.7349236518926,5659.121215044004,655.1088175890771,1780.329048803674,3211.1660743924276,2037.0901598270375,5159.140982639672,586.3606235352942,372.80069440664323,1087.8200179576265,3279.5707972998666,474.37052288371694,1341.3455469625467,673.9629421049203,347.73454601056125,1873.1330796587374,658.346340066852,2358.3377789422248,1818.4935358143573,3531.811651780331,1570.5221119919077,3365.86563340357,1733.188838619265
arc_pair_465911,1622.628132205731,1046.2268862152264,1981.0042055208387,2075.4571117809046,1208.353346145053,372.19715495100024,2873.3008632314045,827.2768360875755,4310.099237995116,163.94656885604041,490.0428055933479,2759.5481429100655,597.0305434122135,794.3213114581292,1024.0083567130603,1181.3701773136697,176.35834472395487,2009.4797818676743,1058.1223258316982,794.3426029686325,1596.6520246288335,4530.953367899613,337.503549132307,2802.767110942085,921.5851043262569,196.2459950800116,1757.5237513603008,1741.9190852395284,616.5092943323566,1543.2595513001515,2193.749268064734,303.47762365808165,589.252627214516,424.08208095996605,817.466282407914,849.9198107106321,263.44143249808036,1449.7489907302563,482.75472399581184,671.2217405919773,2135.7423355491783,3687.9644996524394,1261.088405240404,2071.6168031406273,1102.5810110817147,1071.216024821689,679.1262940301355,229.65827462300774,463.4167191952027,1206.7940830885289,517.866814929994,690.3077359483008,377.7822879729076,252.58204839758432,576.9838359744252,7602.4122423243525,1405.6108516732813,438.07823773633004,0.0,951.5489395200824,1961.405905855179,4902.86418856269,1145.6968692575988,1617.1273130146894,2884.1247521604205,1445.6782997116106,4413.654326981531,298.46685411021593,755.9731392816021,919.9835236988389,2455.60285031168,213.17983052918413,2110.1587880650995,969.427047925617,560.3402230510602,1370.8700797419763,436.1856169534587,3160.395882436625,2377.687982256442,2650.290899047498,2167.775758607019,2451.44357461573,1116.1159628904531
arc_pair_684799,3154.0091406776337,349.30217371928524,3442.9562015116785,3865.8577006458145,2676.014503432577,1192.260467408851,1493.6551169128415,547.3350432683125,6637.1935448183185,1086.0863793211288,485.0981211231576,2023.1175640575575,208.31264356085836,359.03586757256846,2144.8692884447787,2416.742296806537,1194.343030871738,3788.120688398829,2336.6973062646866,310.0145989022367,3136.6687877727236,6665.978699207324,1444.7439863750635,1728.7477936981818,2259.8449825991624,993.9365136031228,671.8495066751868,3167.1537987430092,1558.9474681095983,3010.7497217957025,3972.605067420662,659.7322677996524,1795.3683514150994,420.72134021528757,441.4898138570267,257.0305418694421,1190.3880527546014,698.4717259728469,356.8174768419728,1945.7802688774636,3821.365792014477,5300.800317176518,2710.283197574766,3482.1150917137097,2353.9325142860926,2255.3451404653883,1734.9844716233338,760.3870748004462,676.478787201785,2503.8187644845816,1764.9657727220635,825.201107561862,1395.1784657336018,626.9726531030299,1573.045923001626,10273.944988143841,409.1757924646659,489.1379233073988,951.5489395200824,0.0,3672.810600275135,7215.043740126935,373.56920055971864,2982.05808533096,4475.666285383288,2858.939974317594,6561.092150236226,1348.9807297865325,76.11685382104561,2029.4551385433406,4269.183550201808,964.5306679328504,834.1122552935045,289.65477595770517,382.1424682324985,2526.4150185933595,1449.0523072035894,2055.6510895729994,1648.4832141482805,4579.716911031499,1285.6576613674395,4272.453700134633,2439.3199659279117
arc_pair_610399,509.83757177154814,3296.2703025730602,1494.332084748798,354.5108495811077,928.5897316359376,1962.6361986730014,6391.600679605821,2730.902840622475,1848.9835466363904,1511.5664433674115,2565.354167921326,5341.693577334118,2658.5255462213768,3082.537629659304,1148.3624060002246,893.8538301792087,1473.505894185828,625.7643333879392,1413.8982575777593,2830.777634385577,559.7078902236007,2162.48456619116,1496.107220553635,5764.796706697209,838.7456508937655,1666.2613117871026,4721.1743397308455,870.9435615859177,1750.4658006645827,873.5352048457236,438.7597919629744,2124.1963756300515,1124.6280319723246,2305.851471522684,2848.282286943408,2950.7997706854835,1422.0663317175752,3965.009460019548,2655.3247770176763,1057.1294077292164,518.1045971850282,2009.62661137367,569.5674304614937,551.6723600351895,746.5717377537904,972.6684413300823,1212.648303502647,2152.360913095498,2207.39135059049,813.3954057959229,1079.5152901428062,1812.6412667835932,1231.1065847316208,2275.2003497374535,1843.1957289559339,3694.034220313889,4080.4058531251003,2613.7349236518926,1961.405905855179,3672.810600275135,0.0,2296.961338908493,3760.352421151391,848.3267659408275,1205.3054607794083,938.8225868186121,1930.8047467514652,1581.9088242953774,3204.668323189436,1058.150133959549,765.0594807160563,2039.4526424149863,5585.563889850426,3310.7275126633776,2625.6936584311625,1195.534763129905,1484.695171563971,6221.546966723985,4882.0287377767645,479.346390066081,4770.092886175748,270.91489505184654,984.8397856395013
arc_pair_314140,2157.7315112384326,5698.817264315482,4080.4347012699136,2313.603718198746,3128.579554908231,5447.278294291722,10121.117167992277,4912.875070675077,350.6760646225279,4116.860199924167,5122.644461803857,7546.378434598592,5590.312015922608,6114.586603646324,3884.5778503265396,3110.142737923575,4158.624824107262,1978.0607289368565,3094.2119145499123,5203.6876627578295,2149.7534740401825,175.83215647592843,4287.2509605792,8997.538201238449,3562.0889780033713,4544.613132158246,8673.839132429772,3607.483605529587,3949.575217899787,2270.8749987597284,1532.8271330988102,4957.78087268485,3175.3993274529157,5216.1171390742375,5903.982006686822,6174.1455299778545,4305.811823845343,7151.283826939934,6075.806642633787,3848.7870305822976,2807.7924045740197,4592.491906408895,2951.829104881979,2555.12930862275,2955.7696944036784,3506.044433892624,3950.1580730814007,5149.632380821013,5081.062595299012,3024.945837842166,3534.8720827415245,4787.616822738287,3945.1991001336073,5076.222766623587,3844.5416420468573,3040.655538837196,7829.1795776009085,5659.121215044004,4902.86418856269,7215.043740126935,2296.961338908493,0.0,6605.471311018148,2368.7587727302052,1247.8086778178151,3367.9135721581706,276.9427446436851,3884.824884695357,6675.0904812159415,3663.820722465873,2708.283034514111,5224.871312015498,9861.720252054683,6498.407149600085,5248.030229407002,4759.479624275303,3585.3905691972386,9397.929632125331,7380.65905502379,1679.5790833303383,7854.367346094329,2270.6119545879187,3595.021656397254
arc_pair_131562,3152.25348305482,186.55021754804534,3608.1674439778058,3807.623159832305,2635.510034066352,1605.9833675968387,1744.9110488850074,308.7331607144609,6255.459066458008,1192.738601641323,687.295064690347,2077.8753042509265,470.2722325394333,613.4311182293823,2195.1582119171185,2240.9086692365954,1458.5366224217241,3623.206289820744,1829.6341642073312,346.3310709429423,2954.988477794383,6015.845099621588,1694.8292168754895,1965.0399971158122,2403.8738253931156,1243.7204894739773,1028.6222896882118,3407.631803629342,1345.9410242233837,2678.61395685176,3792.741024570218,836.5787906850608,1681.3276237856298,661.3799349055283,766.9525564830687,658.0568042226469,1352.7188601038283,944.119171133394,739.0854318877747,2165.761460463997,3994.309563256695,5376.334418175824,2884.1768005761464,3215.0529543552975,2374.697765726903,2256.331754128783,1787.904202222391,1019.4624474126489,961.6233175157977,2499.3968377758956,1914.1699528857364,962.8386959168076,1562.9226751335427,864.9245283614389,1303.51565083095,9853.808321755101,724.6255159902965,655.1088175890771,1145.6968692575988,373.56920055971864,3760.352421151391,6605.471311018148,0.0,2579.2663442437633,4086.250634310694,2990.298556352079,5969.416394131355,1480.2649187500908,447.07133159021294,2000.4211029951814,4051.9189741116074,1148.8653369398378,1130.5828456369657,564.1423402561575,441.73441631273823,2821.3862423153673,1385.4868855347347,2244.7003530412217,1686.6311689230158,4563.599928947875,1510.753819632225,4323.336006585952,2562.373644134409
arc_pair_551110,486.88236034087356,2364.0677069704725,1754.9359125824847,756.386292200434,736.1994412685281,2062.6357429896757,5452.921217518326,1711.294625701284,2075.115622212987,1210.0376849221634,2097.0051906037666,4516.181099370453,2272.1599457698458,2638.9979720692563,507.95188732897077,287.85144593167627,1430.9590278565936,710.8951267577644,606.6748777389424,2048.262243341521,486.54440681746473,2038.2396093540356,1524.0822327830676,4922.638620231482,687.3237749617937,1555.459472919195,3988.0433643168567,1158.6261274896426,933.6026411137242,253.7294827482337,613.4623091660594,1731.028655966856,629.2915873816386,2033.8701772667002,2681.126655418001,2773.1011269512946,1131.0460337286343,3372.968294368025,2323.538708288207,1026.442894766971,1089.9609458123498,2386.9466546480057,634.21456418408,501.391946801414,917.6558849280667,473.71773313526325,712.1283250815719,1870.4846855867506,2076.692204401578,332.8781389835875,1058.9735798353634,1675.9215581541084,921.396316215996,1858.6636100664882,948.7772634629531,4706.097179646382,3572.5564879572876,1780.329048803674,1617.1273130146894,2982.05808533096,848.3267659408275,2368.7587727302052,2579.2663442437633,0.0,1034.8917004378504,863.5186379865424,1962.3449472317816,1134.6179926248342,2600.3926483241726,492.7324050227842,854.2122093333167,1574.1279182911771,4627.543223906829,2836.04500632451,2022.2159872225766,1288.6836085596094,836.0078060112126,5352.180736265014,4097.613293617558,1253.1925655821822,4136.7206988528,1220.7868276792776,953.2975767039856
arc_pair_134795,1365.7220494738679,3507.687240286315,3195.1116311563896,1456.364733255709,1997.9788887555787,3452.8745189285137,6851.759006262273,2718.9898615713,942.977150487799,2382.9068524822856,3177.6534493512236,5276.024371333522,3385.0363375043944,3998.8722782239893,1873.59798354912,1592.1474603996082,2486.295413809854,1616.1739360252036,1927.0157188968678,3068.6365156932284,1346.7214486978728,1032.0233697707424,2679.443888553656,5995.950350996752,1948.6520103770756,2721.1586550609627,5374.970981571106,2426.838516280503,2154.0408953691126,1364.334100853409,509.3300192928773,2897.3061121070414,1781.3089407974132,3170.286649000545,3781.009452949197,3886.840237191677,2283.0502863521515,4464.933413171348,3673.0703080586522,2321.008062320643,1891.495257013746,3761.1783776051097,1687.7099890469171,976.2382780681351,1738.3235017524175,1969.1691990777488,2152.917111819827,3092.176084179904,3231.0695500655506,1472.2321152804973,2241.601438587791,2938.819280571465,2102.671254083468,2979.613989314232,2156.4024627718713,4035.2981498683603,4982.569774262358,3211.1660743924276,2884.1247521604205,4475.666285383288,1205.3054607794083,1247.8086778178151,4086.250634310694,1034.8917004378504,0.0,2187.254500679468,853.4166235138631,2211.6646311871127,4032.4976171342673,1797.325558133095,1889.9904692313883,3077.776598613014,6546.975155273957,4010.046990220902,3194.4942979862926,2859.9930924248656,1978.4834476968053,6416.562609680634,4933.854217887505,851.9865351611119,5125.865932436466,1492.4284146888983,2272.752600182319
arc_pair_519847,562.4299409439308,2766.5228932182017,450.2094791473642,667.5862538461192,175.43751827474557,1209.3216394084498,5909.106568782987,2452.6720776938164,2795.019196260677,950.7108376795112,1963.1759279617736,5403.48584615297,2119.5468024037013,2618.441843664502,730.8382709204124,402.70032937079935,1085.185888747712,535.1957335514422,819.2611312775538,2381.7838784143923,538.9623157993407,3069.1883622926907,949.10306161529,5605.686307898879,246.90105474810866,1111.4902235449267,4199.958577983583,216.5921557934035,1398.7178256483355,892.8620283127793,1380.5686683842837,1711.5234101288888,605.1573257117861,1704.6341810562685,2496.7955928370843,2425.7850383964155,1109.6859212736135,3659.1225240626522,2006.4429166289933,372.5224656722309,494.4901768299121,1164.5036226583684,251.87898572066499,1059.3972579149554,457.8279371420197,527.5800815992172,617.5114800314115,1530.991152105742,1531.123979665124,463.7396823150617,511.1452714435841,1155.157288197571,640.100616762705,1739.7710396131,1272.5528785561019,3891.4946389349607,3402.7591666307944,2037.0901598270375,1445.6782997116106,2858.939974317594,938.8225868186121,3367.9135721581706,2990.298556352079,863.5186379865424,2187.254500679468,0.0,2896.7417321721164,1060.4098531612588,2481.533319679677,585.8618861727712,645.4798683072194,1319.5250011661922,4748.2967128866185,2793.3212225651378,2078.694146975868,303.9227301951034,951.5783484799807,6159.783496388102,4827.614307541008,1245.5731675826441,4634.11809258374,911.8243585751817,167.52871822069048
arc_pair_483839,1895.5414679369478,5085.997361880676,3571.394096062558,1861.220097672155,2625.615382868458,4903.354414345833,9500.509553161408,4396.322571976752,223.41421247029174,3598.172822591443,4599.678901730141,7114.78818685244,4995.338095607136,5694.083293185168,3368.5724634882704,2646.6736693056905,3712.591707775754,1728.4239348188657,2755.9321623432047,4656.287768557021,1825.2863312507666,153.42970239198797,3807.9692702337597,8363.064144064036,3077.9377146601178,4033.2840983364918,7972.17704628432,3061.8894223136035,3585.8338795056543,2029.8511958499867,1214.4276311781489,4483.953159700698,2735.324358414244,4638.629635341194,5430.580940028108,5555.339591303786,3824.71513781521,6597.412488876151,5482.298787386515,3341.2340760198936,2320.434359348608,3963.886179358231,2520.5745749332245,2011.2807246731736,2479.3451592303722,3142.726846126625,3496.28807899419,4578.669322553231,4504.738809129352,2584.1274279380686,3122.7188956794744,4144.484220194344,3408.835467094344,4577.438138426656,3339.8622277362438,2592.9645861118006,7127.529468478444,5159.140982639672,4413.654326981531,6561.092150236226,1930.8047467514652,276.9427446436851,5969.416394131355,1962.3449472317816,853.4166235138631,2896.7417321721164,0.0,3463.1853985816415,6033.24805978072,3139.829850944011,2214.314265654458,4677.845631228465,9211.155135875219,5874.696229385268,4702.334274361395,4093.3194710264734,3157.5417484233894,8793.479592796211,6842.149126637404,1284.5702603185002,7282.60803199749,1809.7685754010092,3052.8467124518306
arc_pair_393701,1152.2240111742697,1305.687476523007,1695.5774871454983,1690.2028500803367,853.8926185491451,613.2581504805502,3444.54380747142,985.0855715933238,3327.9253114670732,214.59093331626607,695.9777012488045,3030.574861837824,867.2325968924873,1110.169016008351,729.8088678648937,814.86270466244,310.0132762504214,1514.3799982787048,694.1735087733103,965.5542839571648,1184.6936777151732,3570.48427761727,317.08558642865944,3219.7876109777844,648.2949433025324,396.6400165252563,2230.170261489838,1423.5357371362727,396.36379716525374,1111.9322629082508,1656.572424339691,540.4168012476961,290.4714972352058,668.4420628176728,1155.2379866694025,1221.2945699845386,250.34966508106893,1786.1399172190415,780.7140065973493,457.6313647363671,1758.7117246431621,3303.5631756001794,880.6063274074565,1644.767505562212,775.056456910969,750.2950656738568,441.8663004578131,523.4524795966022,698.8209905236794,779.8822785982139,314.0735685116047,833.9784571901675,285.82851142381503,473.08885968027073,330.48941182891923,6640.84567260641,1883.0562858888873,586.3606235352942,298.46685411021593,1348.9807297865325,1581.9088242953774,3884.824884695357,1480.2649187500908,1134.6179926248342,2211.6646311871127,1060.4098531612588,3463.1853985816415,0.0,1070.662679742441,649.3039045370954,2009.0601339884222,329.9377798859002,2694.9931303264816,1327.458330961857,797.1131733153766,1211.8398158578568,173.69377988165633,3628.851076113013,2684.6077314209515,2150.5881915384266,2549.6307649059545,2044.2637689412722,821.5860039439866
arc_pair_730889,2739.0096056591233,381.1661993138906,3077.0004971792305,3396.6637016823665,2305.1241081774956,994.2193311364529,1603.7276928180133,527.5507488527245,6042.890325860376,877.5688259335151,405.54792876610946,2063.661947689164,167.07585171224235,361.4288650012471,1767.7198812347342,2082.127632825322,965.1718687264328,3371.6063273454756,2085.1143936160215,281.9924502626881,2758.6616995369914,6150.219911338436,1190.7165659962925,1786.8666659624882,1893.8059450767216,816.9397232078348,698.2776161750583,2755.6735016663265,1338.1340413330408,2657.103414748113,3497.757319667485,538.3048100372541,1501.4482479012045,344.947590671197,393.39014882342633,234.51697223169356,917.14808753321,681.9587774464007,268.3830690106396,1607.509319170792,3342.726439566595,4832.277457521589,2304.826618676313,3054.2111940084883,2032.2527335614693,1890.8508824362088,1420.7405346867636,637.3753958015897,569.0535907382769,2115.1896675305807,1466.84452744055,695.5072036172344,1122.412804735154,515.2411226957494,1341.6429115369517,9640.382523663058,434.5826686046213,372.80069440664323,755.9731392816021,76.11685382104561,3204.668323189436,6675.0904812159415,447.07133159021294,2600.3926483241726,4032.4976171342673,2481.533319679677,6033.24805978072,1070.662679742441,0.0,1686.7878620987017,3780.889554393073,771.2031282019342,921.4992999702372,259.4227681123762,353.94967315558034,2166.403828677759,1188.6098877213242,2151.7866373827446,1678.7345531050148,4076.59493259836,1305.3377091775267,3800.3250217367113,2074.56201672713
arc_pair_180037,756.5102847091676,1910.1112079363998,1384.6156917113237,1058.3863377270895,531.8233019612787,1230.0373734763887,4398.280627677785,1429.3951877639902,3108.6113832964365,709.8438088776643,1418.4731920221216,4010.8945411707114,1549.416940536052,1839.1572991854568,177.01000522328445,262.37643576363905,919.0725061774444,1099.9478954445897,574.1017904200169,1545.2432141153556,774.6483172217661,3330.5564429284063,943.3360734724307,4124.312854900213,204.30298555298842,948.6627233932144,2883.525186599862,920.7601143240221,650.7937037898865,601.2836156613915,1090.7993345567872,1090.9257862161692,422.25525258147644,1347.810474377567,1891.8299601578083,1933.8133328851338,551.3265973130648,2554.0399851393263,1424.6324212121488,518.8272528141677,1250.3071505069574,2479.7030973361148,502.5135546639113,848.2432175595603,763.8365050849355,252.05354568098033,198.70720784702917,1176.6508279555642,1374.415626016237,234.79578208004872,649.3299406858063,1107.6408223900717,428.2460174347857,1183.2326279622396,686.4226098517645,5803.908678077754,2551.0685133273687,1087.8200179576265,919.9835236988389,2029.4551385433406,1058.150133959549,3663.820722465873,2000.4211029951814,492.7324050227842,1797.325558133095,585.8618861727712,3139.829850944011,649.3039045370954,1686.7878620987017,0.0,1223.5497119359125,881.2270755975618,3405.2221620292335,2003.4838452833728,1446.4314515924507,644.4499223476897,496.0488656133516,4580.1789169053,3561.601904722956,1648.7051713167084,3382.979299323207,1509.8141137815942,577.705192728344
arc_pair_13160,655.359446076913,3727.862859738739,870.5342333954661,285.6158911289783,559.7306877173595,2308.8998993237633,7707.963341072145,3315.8968737493083,2223.933277307173,1823.5220153669077,3031.76080969447,6969.489731794441,3254.2790984779494,3798.7466239598552,1449.3550468536741,807.9496034631787,1991.7485938474686,410.5038953135768,1334.6958415724055,3417.632331643379,620.2277997007756,2378.237983943175,1891.2468519599997,7390.152099218089,954.6572781753524,2064.2129825964807,5836.239551992102,595.6358017217916,2262.871755318024,938.8333139012913,1079.1249403852776,2687.6250821678623,1212.474837339844,2803.922747992559,3673.3046159445967,3670.711207911935,1984.3676273368856,5089.293663978908,3238.1550232890313,1172.2846525515752,384.9218768660752,848.015479418655,738.3198878843027,777.3088245745511,920.6967811622466,1121.0477395745502,1483.5811596009144,2545.5206684856635,2558.5388749164854,961.1578767601599,1285.802096160362,1956.6381891675771,1493.1289496995603,2863.001319412223,2039.8690974809356,2553.882340666594,4829.4315679563415,3279.5707972998666,2455.60285031168,4269.183550201808,765.0594807160563,2708.283034514111,4051.9189741116074,854.2122093333167,1889.9904692313883,645.4798683072194,2214.314265654458,2009.0601339884222,3780.889554393073,1223.5497119359125,0.0,2404.4560016552064,6506.191872015617,4016.6453867375553,3104.64971083982,1076.6082876794865,1793.7486494411667,8062.4467708003685,6321.6424575422025,938.9667916965146,6153.293855207317,594.1706903206394,690.6864827891483
arc_pair_384528,1628.6309506099478,1132.6176629019326,1801.094571731841,2104.559975210472,1129.1951996646078,393.8211377629158,3012.0526417091596,937.9627834469177,4643.003992178856,210.98243764921276,670.5959709005501,3024.9330513442833,689.0706929196116,979.2516055921371,951.8245693108768,1059.2544466180527,328.8080843578794,2076.5109741248375,995.6299549104559,892.6966607776144,1607.8741176068477,4831.254048860948,394.7672848709896,2952.957018388179,895.0004081438823,274.83011438351195,1847.8663216740897,1602.6129381225896,607.4817988278663,1628.1759415589377,2367.967651840227,505.9088860233833,548.0471548748772,531.8512606814372,1060.9069226664035,935.7229319765546,296.99350561028814,1564.7430010681685,574.2882656022492,634.6018329114445,2105.936668346199,3372.7751855604047,1241.0768668203186,1974.4839667665176,985.5645485992079,1045.903211664243,582.2493254360443,303.23996026042056,579.522316578421,1153.993331328497,522.7450726363124,631.6031501426833,306.9354921254395,358.1937500408719,596.8217345308428,7476.097779087525,1461.9778781391099,474.37052288371694,213.17983052918413,964.5306679328504,2039.4526424149863,5224.871312015498,1148.8653369398378,1574.1279182911771,3077.776598613014,1319.5250011661922,4677.845631228465,329.9377798859002,771.2031282019342,881.2270755975618,2404.4560016552064,0.0,2130.5146405448027,1079.070427975001,657.9340355137476,1182.5636345210876,435.51418065892994,3327.087304497236,2597.4412425036758,2850.5424915617164,2334.49066811735,2503.6952387930846,996.0689030958135
arc_pair_192119,4907.919417398379,1218.749019197156,5396.194469276965,5951.3474085381495,4548.9748452279955,2510.76201319173,628.6816931468878,1492.9895795287655,9405.201097611392,2447.120406091371,1667.788434157296,1642.8441600049525,1216.8834321777724,1256.6446483095272,3493.575044293754,4020.6802774320886,2562.0555088840033,5886.709785197259,3879.5698970955486,1339.5818031066985,4862.537400732856,9320.9661699379,2807.904735073618,1133.1915203842527,3813.2121742239237,2345.247118142435,251.17240989867622,5046.11413042514,2585.2862989555465,4552.470810400049,5946.119081193431,1817.8734207780863,3379.6007183874726,1611.8698145791454,1091.1138845868513,1155.0644463635238,2325.546931393092,518.1204979532573,1452.8555905494472,3520.004419220115,5954.666400732907,7647.948904250586,4432.539538836882,5451.418669107263,4120.662302912451,3617.2826654871446,2983.177632150923,2027.457111587185,2001.0455397040723,4122.055374854862,3309.9490947006316,2159.8981494498394,2823.910448541741,1816.5452873694303,2817.7539755638854,14199.828873057375,393.38893266207725,1341.3455469625467,2110.1587880650995,834.1122552935045,5585.563889850426,9861.720252054683,1130.5828456369657,4627.543223906829,6546.975155273957,4748.2967128866185,9211.155135875219,2694.9931303264816,921.4992999702372,3405.2221620292335,6506.191872015617,2130.5146405448027,0.0,713.2383376093264,1512.4257120617701,4092.6410827945947,2773.5336862445733,1388.6050255775353,1355.8323135825824,6876.284513870385,878.8177643856113,6445.5241786475435,4272.082028168101
arc_pair_89302,2828.0562956070216,325.70263734653037,3301.7745576801185,3526.9904231506553,2554.6623636207437,1273.73331372546,1230.829639394226,572.2214859852444,5979.134705364749,1056.6501160075481,479.06027104595,1484.7941732282477,218.2609190581595,430.5438717204469,2191.206486486692,2379.8025386195663,1115.9404724455624,3468.2188359799175,2326.0697847585748,329.1480065308777,2824.5722036511384,6006.6822794124155,1377.1643282392072,1330.4148243065088,2194.534342844115,966.0289228338527,520.625137487219,3029.804431847203,1527.0460877758405,2764.98388520741,3544.963812039769,697.6271329615558,1722.6551676535403,440.17292507280763,235.32416720627705,244.49012546472065,1172.14057097864,394.4092280181944,515.8944255075173,1891.2412922852063,3512.1601648534383,5114.558090172036,2561.1489724811195,3361.2590708296943,2158.4358137047225,2192.3181100760053,1724.0918331603448,804.7014582737424,672.6204174043986,2456.929566904611,1664.5310153985183,803.5191437947211,1414.6743949446186,714.244863092062,1540.0249649226444,9760.835020616632,187.38509989661122,673.9629421049203,969.427047925617,289.65477595770517,3310.7275126633776,6498.407149600085,564.1423402561575,2836.04500632451,4010.046990220902,2793.3212225651378,5874.696229385268,1327.458330961857,259.4227681123762,2003.4838452833728,4016.6453867375553,1079.070427975001,713.2383376093264,0.0,450.7757456447833,2554.3652922478304,1402.2832795283389,1690.2465762427687,1196.2027395409077,4063.9798370319827,867.3785550544575,3784.936594640794,2387.137137947771
arc_pair_674772,2110.2621984563802,297.8148265173438,2564.091794989393,2714.890375207403,1776.9037032705864,874.2228122409202,2122.1375686380857,309.36791272587516,4837.0985593647,513.6549492865304,108.50366204598222,2061.8454429125522,149.65657470041373,242.92620252187695,1655.618100202796,1657.4370859994845,651.2006646937232,2532.7322164863067,1428.9019182933848,199.97822442834737,2051.231582240808,4795.959159638237,872.4092483493104,2120.84282471254,1594.7855095977227,507.8998630681728,1226.5982213197942,2397.926434436781,928.7647705860537,1977.9742778427753,2798.934071595852,292.8435865409807,1013.6606441168036,112.71078976877119,423.7045992947855,353.44312058909384,782.8033795392191,948.1575295649496,234.22610943890703,1297.2612576389624,2822.3124695086117,4303.239170245385,1941.2929796551794,2610.917797627525,1519.7851326273455,1584.3825150032442,1184.6587853075293,385.559643534107,265.1547545354638,1766.7605025597138,1047.5285037179335,485.8337939167569,886.6349086914331,318.2332963950657,908.0865469852022,8183.986112599736,803.7896721374626,347.73454601056125,560.3402230510602,382.1424682324985,2625.6936584311625,5248.030229407002,441.73441631273823,2022.2159872225766,3194.4942979862926,2078.694146975868,4702.334274361395,797.1131733153766,353.94967315558034,1446.4314515924507,3104.64971083982,657.9340355137476,1512.4257120617701,450.7757456447833,0.0,2052.42702298383,829.8732443422659,2462.0282785741933,1742.192704443921,3305.4263224536194,1538.965838943484,3078.578040169924,1695.166386014649
arc_pair_470083,1024.4789666869121,2755.221807969265,541.1146875497575,1042.1314440796818,447.25198878636263,962.2935324787738,5360.54986454422,2517.8408388782786,4001.094165517772,985.2272847755876,2009.1464821903319,5386.129560747569,1986.2764711890766,2535.689077286213,785.0797534151618,652.5123436944781,1121.5686715449126,1150.535014837488,1145.5142879887615,2414.8825594980417,966.7105267684515,4352.146495535954,959.756681877154,5222.416479788681,326.84700742813044,1066.3489406888555,3606.8900732249285,276.7154034910675,1483.1129078758615,1419.3628204770039,1914.3890452094518,1690.8425910469223,860.2777970796168,1642.408913243398,2361.901221057908,2167.2518218861856,1016.0516862561165,3345.3572005755245,1795.8425259305222,404.74221663655663,768.6790892405954,1254.5868664714992,499.96147551702387,1293.344218668198,609.5294943923309,713.4891270479304,633.5964658113395,1429.1459235514596,1481.0152554982892,725.9235980325841,634.6932469760886,989.3126853351107,619.3647157469669,1690.0035185515076,1474.7189707217758,4863.454671658689,2921.37606910378,1873.1330796587374,1370.8700797419763,2526.4150185933595,1195.534763129905,4759.479624275303,2821.3862423153673,1288.6836085596094,2859.9930924248656,303.9227301951034,4093.3194710264734,1211.8398158578568,2166.403828677759,644.4499223476897,1076.6082876794865,1182.5636345210876,4092.6410827945947,2554.3652922478304,2052.42702298383,0.0,1168.4525189549145,5777.378298714182,4670.617312476198,1696.2281449837305,4303.293020299692,1269.3023764841346,265.7768426169251
arc_pair_673824,1015.6068146654196,1231.7490310030123,1604.7901782760248,1497.3380960491943,697.0120951744891,842.4707417670945,3519.097145900964,884.2623223354517,3138.064672038378,276.6927306060411,792.3381567982397,3011.0812433495607,950.7178046874828,1184.6153434981252,606.2957026741665,573.4650209411359,443.77257118377844,1311.026573160867,417.13743864677497,939.3609271213849,980.4751742841191,3269.5231241678916,482.3499257532697,3255.0033646633606,554.4222275803988,506.9797061562896,2346.635772793645,1367.7273203233228,236.55480191820487,814.9678892417111,1464.7559047295672,629.015905166787,146.16110564139476,761.3543546538334,1254.0756496937036,1329.0053513966036,320.36770327942236,1864.1886996260275,956.3870252001868,428.46413792073076,1679.5458559336487,3155.6273226796256,811.0630315900112,1439.134719347582,670.6973173099599,597.7753548847714,316.3577215668872,636.8771793664494,818.4371330481134,619.1644392576684,375.14249802569054,830.7148180848831,331.0276584052993,590.0148278785242,178.52908585975487,6374.787758357386,1974.1801906054693,658.346340066852,436.1856169534587,1449.0523072035894,1484.695171563971,3585.3905691972386,1385.4868855347347,836.0078060112126,1978.4834476968053,951.5783484799807,3157.5417484233894,173.69377988165633,1188.6098877213242,496.0488656133516,1793.7486494411667,435.51418065892994,2773.5336862445733,1402.2832795283389,829.8732443422659,1168.4525189549145,0.0,3637.443059911914,2650.0934345353753,2033.0282178417146,2579.876371151699,1907.2782476340756,760.0659404668183
arc_pair_297765,5698.144347697336,2032.3084576556848,7282.262298684142,6775.411529902149,5859.155085799554,4086.8773393575275,716.2385916949754,2116.3810714554725,9084.689115555959,3488.3736039036917,2550.6783855013205,393.33809631361004,2146.0940750615073,2288.7747608814493,4535.406534278505,5181.1613924794465,3468.1945637241597,6889.454623411341,4970.610938496726,2023.7851663821805,5608.0753200549625,8914.758687665108,3821.547287562639,153.28801903347465,5103.762423646319,3415.8297304146668,1142.7909917117943,6525.426656176153,3399.5007208897487,5239.054805224498,6194.296324851302,2776.4278978575962,4400.6739513934335,2594.1876931426646,1881.6993237853317,2114.963367547916,3348.1566174361556,911.7376880782348,2649.348985736175,4831.76072198839,6973.084957893053,9852.593525468787,5440.25830831521,6375.579862576511,5010.407095137994,4815.139524479529,4168.277892799464,3097.9444675688223,3063.4298790850016,5268.313962262981,4370.882105811221,3270.221824825762,3962.8597405844757,2734.5924155611438,3590.8293549310915,15671.471150252768,1511.809406674223,2358.3377789422248,3160.395882436625,2055.6510895729994,6221.546966723985,9397.929632125331,2244.7003530412217,5352.180736265014,6416.562609680634,6159.783496388102,8793.479592796211,3628.851076113013,2151.7866373827446,4580.1789169053,8062.4467708003685,3327.087304497236,1388.6050255775353,1690.2465762427687,2462.0282785741933,5777.378298714182,3637.443059911914,0.0,334.87924890685014,7365.215563694999,458.4352210552169,7109.370090360328,5869.842031700539
arc_pair_336806,4372.186212753388,1373.3571480727742,5741.679976212657,5272.7559247382305,4493.6824796137025,3207.33890924764,696.8514774553892,1446.3970275028664,7165.653728952529,2542.848520462758,1808.9007653095814,168.05082047798618,1524.039743672932,1679.9277407474603,3619.7057390306068,3975.603729337103,2559.363539751072,5271.2367884455725,3730.48391951584,1388.5903174592358,4227.231658770326,6917.714523072106,2866.59419740088,208.1120183529745,3984.325864768338,2527.5253961654216,1019.6506499340807,5177.282193486663,2526.4276976145834,3903.917633870728,4780.229030812673,2036.1155356043191,3262.7226779912967,1859.1900229935652,1286.6995618900037,1572.4990375919335,2510.482821500224,601.3275469093052,2055.668114982786,3731.1439498910845,5488.909800476201,7960.636121513387,4233.782938686274,5021.746023175913,3786.0012830701753,3738.0244472970594,3223.798076922697,2335.548803085661,2236.4711926037357,4106.829300529505,3277.186934876641,2405.6492696763503,3013.258690063053,2050.264528935624,2610.643865527258,13026.463685291175,1206.013623855803,1818.4935358143573,2377.687982256442,1648.4832141482805,4882.0287377767645,7380.65905502379,1686.6311689230158,4097.613293617558,4933.854217887505,4827.614307541008,6842.149126637404,2684.6077314209515,1678.7345531050148,3561.601904722956,6321.6424575422025,2597.4412425036758,1355.8323135825824,1196.2027395409077,1742.192704443921,4670.617312476198,2650.0934345353753,334.87924890685014,0.0,5744.4947764304225,221.0879289603159,5548.811193019508,4562.644924751566
arc_pair_472319,825.7590477563801,3946.5449570214346,1701.3291597669088,593.2330762789508,1219.8836778922548,2571.7815052876053,7626.0411515299475,3433.1360110277974,1228.7385574092777,2081.174066694381,3170.1046467136334,6245.427500214727,3337.762918116222,3970.330023304984,1837.0068424080407,1394.961384620862,2073.491317197343,776.3532730526557,1887.296313181306,3491.3411796116848,840.4394666046712,1506.0867630275948,2059.4451898943553,6844.63400618992,1317.6767987901048,2244.9821893910603,5806.93067676304,1189.7846509152296,2458.063165445223,1338.1848133821836,518.9264998219172,2806.1986283535434,1577.0962502261916,2935.5490303242286,3552.953134476461,3667.7014872496816,2068.5024393928334,4904.178242569625,3451.1803818346825,1544.6332254783786,679.5168593328369,2008.7607697485691,982.5501997744782,862.4079527701726,1037.9011349418981,1620.0469287907938,1894.1010761343177,2772.705910110915,2769.2125544025157,1304.5084819605909,1546.3374681231867,2352.04643526604,1777.280678677806,2953.9706431144846,2385.6975422998976,2626.958474835033,4984.676505282733,3531.811651780331,2650.290899047498,4579.716911031499,479.346390066081,1679.5790833303383,4563.599928947875,1253.1925655821822,851.9865351611119,1245.5731675826441,1284.5702603185002,2150.5881915384266,4076.59493259836,1648.7051713167084,938.9667916965146,2850.5424915617164,6876.284513870385,4063.9798370319827,3305.4263224536194,1696.2281449837305,2033.0282178417146,7365.215563694999,5744.4947764304225,0.0,5739.260686820188,389.93165717383016,1339.0750962795316
arc_pair_642267,4277.025726657102,1240.0211078746245,5450.466135857704,5238.5192634692385,4353.409099575737,2853.6373237622934,387.66657557274766,1383.087158829228,7517.078672684529,2371.8245737046705,1593.6753939948314,363.9815966885428,1266.210658898806,1389.7613083237663,3446.0479034911255,3872.201591273488,2381.915276487822,5233.975101551439,3770.9619728300295,1237.956591332954,4245.162086165831,7390.2023666051045,2714.4804011738943,240.3479020960258,3770.4047866513015,2297.2413075033774,583.2214092736609,4915.790169579619,2481.5684922906885,3958.4172538325156,4820.802017041067,1818.0920950020084,3176.3374581813246,1613.7402870475883,1026.8511798221978,1280.7003477662902,2322.5861563584076,292.0291423045835,1721.9139129298146,3508.673057481358,5356.62184372109,7566.6164491023965,4104.062360615424,4974.106418133586,3677.338635773803,3543.732181714461,3005.1299216765356,2095.9011895368744,1987.8794819635395,3953.038697570748,3123.6249582485143,2167.480173030596,2809.065218915646,1848.9176988892298,2632.6246512920147,13075.371943000102,806.8326206049722,1570.5221119919077,2167.775758607019,1285.6576613674395,4770.092886175748,7854.367346094329,1510.753819632225,4136.7206988528,5125.865932436466,4634.11809258374,7282.60803199749,2549.6307649059545,1305.3377091775267,3382.979299323207,6153.293855207317,2334.49066811735,878.8177643856113,867.3785550544575,1538.965838943484,4303.293020299692,2579.876371151699,458.4352210552169,221.0879289603159,5739.260686820188,0.0,5491.377753913579,4290.031658216611
arc_pair_616528,669.2735733651837,3749.583389848692,1151.891336948496,288.66945732392514,887.0016651954845,2249.967763407529,7318.173737241892,3359.318517974397,1794.6609044757258,1830.4794752842222,2964.579127243548,6072.33034008349,3084.9401440023007,3682.4687874475676,1736.2433794867416,1196.4071188003804,1848.4448166430427,533.0545426603192,1717.8488717274017,3346.059159690591,645.6426289100019,2055.5329841949388,1775.305131041929,6567.1199179598025,1106.3902880930048,1965.8186445437677,5576.219933688022,732.5354089477239,2375.7537374091485,1215.2182824219865,737.0908591760905,2661.076952754371,1385.8384173275028,2662.712215798348,3327.62626882644,3353.3000507255133,1931.2258872133132,4663.673524845968,3179.5900244756926,1234.032430911542,303.76299948084966,1437.5962527496276,735.9748569838549,808.323512046663,750.407777879806,1410.0648963017566,1661.7548715910866,2493.71524563071,2439.178720651441,1218.0362384568389,1258.3561922898948,1899.1976997442334,1584.3694966382168,2784.0628770760113,2258.9754016061843,2645.9918168416684,4615.6759693434515,3365.86563340357,2451.44357461573,4272.453700134633,270.91489505184654,2270.6119545879187,4323.336006585952,1220.7868276792776,1492.4284146888983,911.8243585751817,1809.7685754010092,2044.2637689412722,3800.3250217367113,1509.8141137815942,594.1706903206394,2503.6952387930846,6445.5241786475435,3784.936594640794,3078.578040169924,1269.3023764841346,1907.2782476340756,7109.370090360328,5548.811193019508,389.93165717383016,5491.377753913579,0.0,987.271085856288
arc_pair_723396,666.7799524322495,2366.679702677717,338.3543591592065,728.5216939949537,103.68934868792128,868.3757218848137,5463.7149807574315,2141.7508783086514,2950.9635230625713,665.135817422192,1616.1425287879702,5165.204726888818,1742.9853357265722,2251.472428422412,790.8177619211536,466.0166061509085,829.2776037254247,691.8468462430748,687.1150444997284,2059.1958941282965,646.2132681920201,3234.289479990464,688.5192404691184,5280.818984927564,251.50689352003332,812.5783615899165,3768.8232843341257,235.07912793641304,1135.6534470867125,1003.0078898609463,1490.1989590579287,1419.1860431083655,419.0173850246549,1375.230356195175,2154.8215265996455,2039.0572201621928,850.2953102752628,3289.7777214751163,1648.261252971824,197.7718986510607,574.51540897016,1119.9996737132462,368.58819969545385,1103.0005175779934,323.76018016899513,613.315699986598,511.60047302301064,1179.1104223248126,1177.032037954694,558.8649382628637,331.0543385424808,838.4449655881886,439.68038006236753,1423.1103559624926,994.2698914230214,3986.0844688759926,2948.695754593199,1733.188838619265,1116.1159628904531,2439.3199659279117,984.8397856395013,3595.021656397254,2562.373644134409,953.2975767039856,2272.752600182319,167.52871822069048,3052.8467124518306,821.5860039439866,2074.56201672713,577.705192728344,690.6864827891483,996.0689030958135,4272.082028168101,2387.137137947771,1695.166386014649,265.7768426169251,760.0659404668183,5869.842031700539,4562.644924751566,1339.0750962795316,4290.031658216611,987.271085856288,0.0
