,arc_pair_563444,arc_pair_674550,arc_pair_48468,arc_pair_378045,arc_pair_616252,arc_pair_103391,arc_pair_476271,arc_pair_14845,arc_pair_413582,arc_pair_31642,arc_pair_542791,arc_pair_688376,arc_pair_61349,arc_pair_554547,arc_pair_233113,arc_pair_517148,arc_pair_660112,arc_pair_94597,arc_pair_683881,arc_pair_36267,arc_pair_438226,arc_pair_608374,arc_pair_333656,arc_pair_417498,arc_pair_599827,arc_pair_32161,arc_pair_261455,arc_pair_527121,arc_pair_594469,arc_pair_599471,arc_pair_554655,arc_pair_30783,arc_pair_280909,arc_pair_551617,arc_pair_665365,arc_pair_575189,arc_pair_156711,arc_pair_11767,arc_pair_88037,arc_pair_41698,arc_pair_66695,arc_pair_443087,arc_pair_596181,arc_pair_32733,arc_pair_676093,arc_pair_653762,arc_pair_173629,arc_pair_441613,arc_pair_497650,arc_pair_298443,arc_pair_240296,arc_pair_627101,arc_pair_415310,arc_pair_181820,arc_pair_302610,arc_pair_423268,arc_pair_380818,arc_pair_131562,arc_pair_189627,arc_pair_666742,arc_pair_318555,arc_pair_551110,arc_pair_362283,arc_pair_308922,arc_pair_56028,arc_pair_114572,arc_pair_622739,arc_pair_398859,arc_pair_22407,arc_pair_89302,arc_pair_356499,arc_pair_674772,arc_pair_676221,arc_pair_241784,arc_pair_172674,arc_pair_663598,arc_pair_297765,arc_pair_35858,arc_pair_642267,arc_pair_656336,arc_pair_82539,arc_pair_558107,arc_pair_723396
arc_pair_563444,0.0,4362.2967989381195,908.8018707279635,452.44704103504523,1231.518244679988,396.8382008149742,3303.729920609806,1610.0690339345956,3025.7780207316973,4230.350179340219,2384.6757555708086,2526.9483261682567,1017.4397477973184,1691.2209660218998,3341.179763759423,4284.8572459680645,859.23316351621,822.3059635001333,1789.6787662657198,2445.087178836162,3540.0456223992173,1314.6314579642487,248.71050452718933,3588.7254630374955,3818.081842580367,4826.156089480383,2588.071331758535,5590.4705205729315,1605.8221507569936,1072.5252578160928,1807.92718103839,1810.6598575565224,7824.516927312107,3615.0243168482384,2184.6012276469146,3413.3478326615664,1260.2076130972787,6253.223583102268,857.2741808133476,371.8511399990258,2510.8385433149097,2210.3189708687155,578.7921956140387,773.7255134421091,4231.403509354925,1996.3758850973297,1373.3425671789805,5283.37349785418,3556.986267733125,6212.082332334591,5326.335803366807,1459.492705838171,2818.7564641358435,1115.8180317086008,4542.009980594556,7048.008563764343,4062.2186966203003,1016.1418006658835,1164.4417894725032,5301.023453197925,1351.9311377859017,4020.7578954458922,1665.4420564895565,2471.7609329355173,4926.359302089469,440.0640954452231,3463.282744497929,4308.984066943755,4376.8398393655425,732.789525327858,1994.4222333809316,1386.6245479257996,738.5491645865384,3104.0190557269443,2873.770241797258,3800.192953271467,797.6036221342365,4753.613999462559,424.19492300726296,3255.8577320287295,1580.7167445553007,1482.87285087646,4339.1213235300465
arc_pair_674550,4362.2967989381195,0.0,2641.955310709482,4254.76068327917,2187.4237608976105,3231.00702587936,439.3745036656826,1778.319873468256,976.1738412927857,499.89398739292807,951.3145969317849,876.1235885998,2858.524823773611,2323.05598930437,345.8213216064383,326.07331848055355,5399.864837317863,6200.424873799328,1955.8454530456295,1194.956420934367,1189.5190395149536,2574.039387831965,3492.069090495629,484.30159581559184,409.4318944141817,210.38043519081813,1007.5273786374839,709.1008835874128,1726.0618423927447,2406.57220076412,1656.7798362927872,2003.1718397423006,1579.7236889627538,468.7194155869144,1429.314584521701,485.0691185779637,1798.2602694599211,2574.645495664751,3855.6472164814154,3801.276640352727,866.581692713015,2126.6489493005092,5330.416526566523,2682.989233708046,240.38140993217306,1641.608376985255,1653.718996390243,367.9037135185487,296.37891364369074,1007.4561245638713,648.6261335198726,2997.3936705713604,737.7382803754778,2404.591236406402,305.18767056003736,1662.2282850279064,391.31716228680074,2852.7825748549603,7808.78705852184,327.1605371273651,1817.6444271898283,450.1846836565156,1662.0295880850417,1465.6294614513681,285.1164324023575,3578.79962125969,485.7975355836349,974.0334771229249,895.6169878967082,2659.46194087439,1179.7886941160582,2010.1244650247072,4989.066751614492,907.0428523694993,1336.7083231029605,195.63825493050965,5686.665402639802,626.9417275989415,4261.287342571842,883.759180478912,1615.6125926824498,1976.9800553513105,381.5896301932976
arc_pair_48468,908.8018707279635,2641.955310709482,0.0,1299.1867760375872,286.24376122640115,495.90465497229127,1718.2720655820276,418.67899705871895,1448.6443063378485,2566.2590208482648,1018.7111984884976,1261.773451944114,430.4119562870061,764.338276758711,1996.8650856114716,2529.24474489489,1957.3237174935841,2232.869460797768,578.2030970960953,1179.3295649801792,1968.9231005279203,662.2785808716676,522.683779703736,1974.0564299295584,2138.9941525202735,2999.694832005051,1157.1021342667657,3516.7133361439537,474.94555740484265,454.48462728257545,761.7784062010652,756.3444785899595,4958.265681274959,1971.6391268789991,1046.903087228719,1911.7103226608194,304.18013454330475,4258.711394144497,1437.0300242125188,927.0799485858576,1375.3799920350962,800.7222450735276,1779.6128671965703,268.0596541667533,2438.1447252339453,726.6714643050643,567.5408724899944,3339.10282352591,2022.7974183582382,3997.4393293279654,3305.398849214053,884.3178620942023,1399.5797096773242,441.8377175637946,2656.3221592414448,4649.481152942904,2339.180345982732,186.55021754804534,2798.7233636050255,3276.5274526979024,285.15096763727263,2364.0677069704725,642.6831310866512,1279.4032213174764,2920.1325532465494,729.5250662162342,2023.3185381291944,2552.5237372192337,2624.2880082685174,325.70263734653037,992.1891108021113,297.8148265173438,1598.7903703097222,1780.7068155145646,1492.6432076865922,2362.6002267548033,2032.3084576556848,2851.7657252007175,1240.0211078746245,1623.9758561303865,560.0917685082676,749.19782406199,2366.679702677717
arc_pair_378045,452.44704103504523,4254.76068327917,1299.1867760375872,0.0,1361.145550485828,656.6328155867598,3365.9286937775623,1837.1050450953207,2863.7282385787175,4281.00969845053,2385.13962459121,2575.8641910128154,1146.3618350509876,1604.443042734031,3319.7444761815877,4039.412488567264,757.9700077489589,575.4127972139538,1785.5457223616347,2532.4120986062057,3459.357288508305,1515.9667956503918,507.933190878551,3411.5691818025143,3623.017413132263,4511.3290722032625,2459.8190426761703,5094.929253746457,1602.2134272522687,1005.2642206702772,1999.6375619551015,1830.2095269516396,7314.376288632979,3485.850588530084,2645.951702317779,3421.3465753806604,1341.7722872717886,5988.71746694585,567.7025246888804,412.2706269412737,2677.8270559076445,2099.9294237175395,468.2171199776445,970.6790270436585,4072.4485855052203,1939.3648519060062,1718.962457334839,5016.043498450783,3487.73899786567,5743.182966496898,4859.6881790421185,1624.1658773827774,2833.0419162035255,1185.504476571363,4282.725590175754,6270.780752654995,3945.8388925944814,1641.592254535431,1390.824115418842,4933.858975705887,1521.1441738555638,4231.816772606152,1607.7088189278863,2592.655522415859,4694.189759434736,622.593365690146,3479.871327798049,4124.834860227228,4310.95649244921,842.7006386716785,2139.889030808496,1584.6712139791784,475.44120970062846,3511.1128720837332,2862.017499674864,3663.564865648266,674.2987517728278,4552.582986075647,146.61486011342132,3213.342051156155,1674.5380298893458,1728.611215573749,4248.238414909666
arc_pair_616252,1231.518244679988,2187.4237608976105,286.24376122640115,1361.145550485828,0.0,628.1103640741487,1381.4159815525982,216.15815154586093,970.6083174175342,2337.608433577837,655.6051199134716,894.1194733220653,686.5617198327342,622.8811912209374,1557.5282129548655,2044.5690827025155,2136.2163845481023,2385.2086117562976,246.38843659923302,748.1594135108489,1476.8474493831316,426.8208036420485,820.6183630914375,1530.5177745308308,1695.9737673612954,2482.771586995527,887.2080521045418,3061.4585118109217,189.36816965853922,428.4091273035941,396.7746189820201,366.2034426131912,4629.784549081399,1471.7558057978254,956.2828996583086,1544.7023429011967,135.442385173318,4149.15286710501,1427.4381111230707,1035.4935271814566,1035.1728696640316,502.52959508949,1947.4935191116,296.708548183846,2003.525399241372,331.9494892617757,357.89904548626026,2734.348314737654,1660.7351529556151,3547.484521781383,2857.556770456958,648.3922888128673,988.2219819422027,265.5419645242042,2150.5405947990944,4149.167502139956,1882.4985248438388,481.52247454708936,3028.787477872324,2774.2898092096416,113.22671697067791,2224.1472534670356,265.7397993862073,872.094686224417,2553.3634264917246,897.0223058005728,1595.9883956151834,2051.666713803515,2474.9483375219743,373.86797908650544,593.2664328061526,132.21346777692665,1908.367538691413,1735.9572952746528,990.2307798506877,1915.688184949521,2239.937770724267,2565.1884209259993,1419.5945590800277,1167.3686066158557,230.3025095957975,452.9829483678576,1917.3242138316728
arc_pair_103391,396.8382008149742,3231.00702587936,495.90465497229127,656.6328155867598,628.1103640741487,0.0,2377.5899743189157,858.1591724301875,2026.6089652932044,3440.0145695606425,1490.838070927872,1744.2410695147998,636.9713943540463,764.6842587592324,2452.092798494215,3052.0403592357598,1311.2686133959578,1224.027181625154,895.3893226376396,1489.766875289237,2273.613857847677,561.0412064271013,178.1542945984175,2544.162397822521,2764.7572828820735,3560.4052194848036,1709.569598266166,4422.1139422031665,774.0067251347364,474.6593899854973,1070.8781904211316,880.8171643520992,6311.229793163962,2472.826507394802,1572.4633971758435,2598.9659444442027,615.9531999510126,5846.608793943142,695.194792197455,263.33344735142606,1805.2019651994167,1218.9995985461157,932.6925879204596,318.61671322544856,3111.080453611851,1089.811766063371,718.9715202343277,3975.865964604897,2689.604124666519,5032.612451714328,4215.704967498798,640.5414225168815,1894.0513572002915,499.26110561769,3299.8294711815265,5857.247566665576,2897.9331515712393,593.2153567339191,1499.3206556288246,4021.2821316960503,773.7965294962015,3294.0064026490354,834.4582981072863,1588.523247741014,3794.5460356548087,149.37035355215977,2334.0030495711153,2949.4110304660107,3651.3716628334278,184.62803044627205,1252.6492250766266,699.5492833988332,1183.6983271939407,2651.5835205930766,1704.739371306259,2864.4204945922606,1251.8383316723437,3851.2064050753243,597.4844339971271,2183.82019255877,881.8826844856278,882.7788080195226,3070.3443960079476
arc_pair_476271,3303.729920609806,439.3745036656826,1718.2720655820276,3365.9286937775623,1381.4159815525982,2377.5899743189157,0.0,1000.6604206549946,582.8802103751154,725.3311152590782,393.9180832196439,305.8185618284107,1983.7520970444186,1800.792913701713,280.85267570815336,449.64638223123467,4383.973958908157,5050.882734977902,1303.4017147288064,590.1514376957173,864.8744200553914,1876.6280820536474,2563.715628997793,177.856672530171,234.80445749862633,735.6839999284158,555.9906119228746,1199.6440554123249,1054.7254278355394,1684.61901887445,935.664484547372,1400.8211754032482,2203.3624415429163,175.6902668961172,615.0433353816692,130.77953840261762,1103.9199293967515,2634.609905294311,3135.828929709402,2921.7452130736697,322.66258054257946,1534.0195650976304,4301.816874620035,1881.371713159191,321.6065701147905,1026.8039613881356,1010.1630823221335,948.9149055010508,272.3182232206775,1462.4041967089854,1067.7072859538625,2276.030318999161,277.92489860788754,1733.398204260692,449.0271210971151,2194.8222722878513,301.7254416745558,1881.326404189971,6485.118853382731,872.0650144024045,1065.7441958193747,586.5843451125303,997.2310227456823,764.5680892025589,657.4977455570504,2674.5656885040835,262.4966615348626,833.169954095824,1016.8464708192129,1855.9230368217843,602.964143938261,1204.7771933796416,3992.250377255645,472.56618776371363,932.9087219234311,491.58530675689,4644.187038562317,869.3612766483495,3351.479944599942,543.4926742658296,875.7609076448831,1190.6886681166195,307.69915120516976
arc_pair_14845,1610.0690339345956,1778.319873468256,418.67899705871895,1837.1050450953207,216.15815154586093,858.1591724301875,1000.6604206549946,0.0,708.1868238929967,1954.7679690697296,375.13057183576797,636.126983121645,871.3727877646041,775.7527966051032,1285.298579149146,1642.9494023284233,2634.570142773841,2926.766093805559,257.47288598959096,462.65049093272034,1095.7273049501546,568.4484012783166,1058.4160750738981,1177.414976260816,1340.6720836040884,2089.7341306379435,611.8181439879336,2694.630644550717,132.98651847716025,575.33502375767,237.3523011736171,347.7693898363553,4009.2345441526263,1094.6946744912677,583.131546333709,1229.1996200186918,203.37569880048744,3956.8699800299796,1753.4329878977783,1402.1822690725182,743.4883403006075,525.7420689090806,2422.9762303306475,549.5546056066803,1590.1860472603105,239.74316656798857,317.693603730287,2386.538376166591,1344.4958149579593,3105.1514924748644,2524.5417050695837,789.9069745433184,664.2129588215175,503.4231082037825,1751.6980740647446,3777.6450437843455,1462.7126757928,514.6939142304406,3554.084259153032,2377.352627918094,182.64947389636015,1805.1788820729919,279.90144817986095,602.3427726616171,2096.5952190550765,1171.1772760329866,1169.632679431244,1606.7130371362643,2124.917254497564,592.2325589412243,408.8911634329655,82.42641223259412,2352.993724569028,1371.9505077189344,669.9963579163565,1614.2436231421723,2767.8603559851317,2199.7479543448726,1799.6052403773608,869.0047709956211,131.51537357619708,346.45539875173944,1462.9649212989757
arc_pair_413582,3025.7780207316973,976.1738412927857,1448.6443063378485,2863.7282385787175,970.6083174175342,2026.6089652932044,582.8802103751154,708.1868238929967,0.0,1365.9191127799904,188.50571673030345,442.11583017367036,1688.2161097840342,1094.1696001187681,771.2038649303339,690.7438379621173,3914.7936800616244,4375.89240211502,704.1752275378614,276.7635898889943,515.6773696229128,1359.8168394322724,2235.6983691273617,428.10295599132786,481.63258956826166,986.1910643420006,446.5611851303528,1409.7557607046556,599.6977307006806,1140.0916871221734,613.449521853827,775.1359425778766,2490.806589797111,428.3302460253262,805.7957894136025,745.5003636918989,853.3941866479681,3211.212001833046,2400.207834160887,2479.1882912240258,652.7948930366509,773.9216195671085,3760.699880878322,1475.2663728463194,704.4571906289821,453.6120239922228,876.7921214338073,1134.1967800386137,731.6474147035315,1982.9812464302456,1338.5827206027868,1670.1693942101886,277.409820728525,1220.999152479286,716.2072047125862,2236.2049314546202,604.4314962630738,1723.750277344148,5585.555941251802,1153.0366337845994,840.3741948515695,1411.614300433428,572.1534465605163,394.6764716237898,1073.0028446578056,2377.5195662463593,721.1356653440918,733.3794635433503,1641.1609156192023,1445.989865848547,445.5293525259629,859.3835017034586,3450.0600234193885,1310.2162066802282,361.238593269079,1072.0232528061933,4131.763921732754,1365.3259719733783,2912.957963077881,233.41055810972207,576.1707461167016,959.8541108462714,627.687334846356
arc_pair_31642,4230.350179340219,499.89398739292807,2566.2590208482648,4281.00969845053,2337.608433577837,3440.0145695606425,725.3311152590782,1954.7679690697296,1365.9191127799904,0.0,1285.863677710216,1084.8534070723226,2623.1173616408914,2986.842604969609,775.4287653899316,1051.7838700718703,4987.922337096035,6214.448231826451,2435.918278688419,1684.8746620558695,2127.933748076923,3186.019802230638,3377.722554612422,909.3049559466484,870.3698485719392,816.2138431162666,1066.2468688584208,716.5150808134024,2081.0400041197204,2627.4524319100883,1894.4836713261247,2549.7216115980013,1725.0483801713672,1058.158470605817,1498.5771806142834,624.2877901447848,1894.024255195613,1579.8282292562499,4179.798612703475,3880.8520928227113,1019.3429902525617,2595.5389285366055,5296.728306124099,2839.809568966856,749.4893314284642,2077.035524982616,2043.3030116061234,1019.584595276613,446.94571932221993,880.3990434316445,563.6208573657667,3591.2739346857493,1153.1807533476924,2722.131133013396,978.1313886734937,1585.2545118775056,1096.855101365103,2897.3421083082644,8297.162443720417,654.7356099363951,1834.7508337597883,220.9217207460786,2035.1762290995225,1927.604628381396,402.0494297931196,3684.259147517871,1119.3324268658844,1973.9134784003616,349.8552915878969,2916.963301546768,1456.143339658968,2147.89401645154,4616.667131261864,621.0159414831033,2131.2436263523805,435.5853509974087,5468.005259467591,219.52841288104474,4205.431705056931,1449.6836356960544,1789.4032073191725,2117.539385358192,1049.3342059391136
arc_pair_542791,2384.6757555708086,951.3145969317849,1018.7111984884976,2385.13962459121,655.6051199134716,1490.838070927872,393.9180832196439,375.13057183576797,188.50571673030345,1285.863677710216,0.0,185.41479571750543,1297.3608836814637,982.1571896464264,621.2916406834788,790.7478983500782,3293.1174130937225,3744.8489226923875,544.1094547137586,127.84127863593663,524.9040736824506,1018.5711332470719,1701.9272197406694,429.8917533349326,554.2974307146886,1146.9920613923412,291.4465406687069,1700.7374467602922,374.0407660225362,896.5178624627534,339.6695434398941,606.2991552890811,2896.9869828303963,376.966957775784,384.04049633488887,579.7423359168571,515.0549433543807,3256.183259523018,2093.804874750508,1990.0156731120182,347.1332765957198,735.5753515820976,3139.2920504790573,1083.7431934896708,748.6492909125974,365.6139685976602,505.6270199986267,1382.9719076425033,645.737930697921,2141.938501027335,1570.5658858441018,1309.7933694311257,133.47833992963683,923.2586306562857,846.0011482474487,2689.4643268900822,651.8323288556236,1192.738601641323,4807.265848183028,1382.2031110384553,528.0919255841713,1210.0376849221634,355.3249784179161,237.4396902205863,1186.0429815308903,1809.823916391431,531.1707950154602,840.6652161809578,1545.711691070426,1056.6501160075481,193.27100875432956,513.6549492865304,2967.8973524924468,952.7214133100135,349.01178769520595,935.0960983969588,3488.3736039036917,1401.8482319538255,2371.8245737046705,294.6928822276743,292.3347784772681,565.515914142009,665.135817422192
arc_pair_688376,2526.9483261682567,876.1235885998,1261.773451944114,2575.8641910128154,894.1194733220653,1744.2410695147998,305.8185618284107,636.126983121645,442.11583017367036,1084.8534070723226,185.41479571750543,0.0,1517.6459466609508,1427.2539524269143,517.5587420555597,856.8899857687837,3361.434245707602,3986.988860363957,920.1385836936098,328.6560586143105,776.3767687803528,1396.2344101591286,1904.439571980122,426.7068896735103,577.9038095670913,1178.86261305224,375.400258530415,1661.2305045178045,687.5548999616469,1226.0475895148195,524.333460169297,1018.9296400655188,2968.4833047994794,391.1333058804781,316.03029988195533,434.37220324339495,706.1875001913884,2950.895432862798,2510.011122090014,2228.137784425816,189.3125727381863,1206.9602685320706,3317.270659405981,1351.9713691562786,752.795080843404,708.1456089200419,666.84639876435,1436.0224486588977,571.1851093817011,1970.2784048166693,1493.439933220935,1688.063588125449,153.24039127930686,1242.1038899066402,908.3561368184634,2693.9548742499487,704.2575574370575,1405.4632554731293,5299.009417465503,1403.0031698711946,705.2913572077737,959.2721918505778,598.7320240149726,419.9922105786905,1154.5327556984685,2013.734064956795,479.7160881640298,993.9058336695296,1308.923844184763,1354.4007481357328,278.7554737639551,790.0901290306193,3128.078714810123,672.2954497869198,705.2868999947783,790.8912412563734,3597.3948551740878,1252.6937164582666,2557.617766365976,483.2725827237325,459.9486975785132,677.8182221660568,721.6108501438038
arc_pair_61349,1017.4397477973184,2858.524823773611,430.4119562870061,1146.3618350509876,686.5617198327342,636.9713943540463,1983.7520970444186,871.3727877646041,1688.2161097840342,2623.1173616408914,1297.3608836814637,1517.6459466609508,0.0,1045.9743081923941,2256.98015388187,2759.9259231582746,1703.0432134621367,2077.847864805429,999.0880230305653,1583.3415179592057,2515.4925550309067,1167.4703591742013,525.0006826516845,2098.20014490042,2287.4973759837635,3229.64500411109,1218.6531504645845,3520.1908168984905,810.2504302983058,505.5551779557354,1171.1301237084112,1129.0650074962125,5062.869288105469,2259.4948314706744,1434.4585587036488,2059.3439063523506,566.408446940316,4108.458155631393,1150.6651555637807,789.5645949827851,1648.7335014779449,1095.0426849851367,1723.3095686850982,502.31137139470707,2599.585698679663,1077.5839043909982,1186.0973707378294,3613.2671553858913,2077.304734780263,4036.5590182220276,3279.923247936655,1305.2548831064817,1734.2802524491556,794.0621141514106,2896.7216842423713,4438.040988559076,2606.290568312411,794.7878903006638,3207.6312436932685,3419.9180151513556,639.3227093403276,2570.2215664831033,927.5854907306845,1623.0313737092451,2909.704576635643,695.1423207074263,2388.0632691897677,2984.96655542058,2694.3664415466274,426.7176176635153,1329.531297832067,666.3494638698045,1318.9001959279326,2068.8929566864217,2003.641576157487,2534.291873494727,1864.8802777231192,2732.794730714789,1080.8602586269312,2031.208869629201,834.2913768470899,1055.0874911630033,2736.7903109792583
arc_pair_554547,1691.2209660218998,2323.05598930437,764.338276758711,1604.443042734031,622.8811912209374,764.6842587592324,1800.792913701713,775.7527966051032,1094.1696001187681,2986.842604969609,982.1571896464264,1427.2539524269143,1045.9743081923941,0.0,1835.666471306403,1790.147313224227,2729.811293546719,2565.3206521485085,374.466238399603,970.8460715146975,1159.3674388979869,371.4768918875902,1163.4065270723975,1590.327621649296,1731.8496720229884,2290.5566378264994,1393.6093109182332,3204.979884130615,431.2845042691274,343.111369114517,1004.1165747491655,319.05533062108464,4631.626974915167,1489.5558254419393,1590.9231792664214,2112.043308658074,634.0489704662887,5611.856619993356,1006.1306017165534,1182.1764737652084,1646.196424832595,379.2556983242369,2227.044291265966,518.3347048642249,2054.7771129738844,452.2989093301395,688.6101864738473,2443.4410747062534,2016.2824630835678,4151.083048277767,3096.6491514290306,554.7102188052945,1229.9989778651131,376.08070449685033,1978.9464150649073,4328.781343479253,1742.4873627294485,1045.3515178395735,2920.738485228756,2651.8805534775415,799.7242961286778,3060.649561297653,473.9831622861244,1037.9554504674138,2694.0041609799946,1112.9644768860146,1683.2163975676344,1550.667073818625,3447.1324402588743,424.2423211725473,1115.9210970550014,651.1831242788578,2334.0950865520367,2751.3018313404873,822.4668543302813,2305.214585112796,2687.24783901512,3137.5639792842103,1659.7060091348492,1224.6056332067913,788.261986682106,1149.5176631046502,1874.9772902876348
arc_pair_233113,3341.179763759423,345.8213216064383,1996.8650856114716,3319.7444761815877,1557.5282129548655,2452.092798494215,280.85267570815336,1285.298579149146,771.2038649303339,775.4287653899316,621.2916406834788,517.5587420555597,2256.98015388187,1835.666471306403,0.0,408.8068564936227,4187.288598885733,4932.972239100406,1453.6011399257052,825.3031756790701,1054.501794402448,1873.9591646230972,2678.9515460731545,325.4572721828412,314.7783665438994,581.2751297489114,788.922980948697,1188.2048087669752,1215.930267135877,1783.7810364612262,1161.7783064364278,1470.045803533233,2445.2506350721646,315.71689885018407,912.1117763808165,282.31319841602533,1252.682555133843,2896.123731500125,3055.081560418099,2974.0238283804742,540.2927131382223,1712.005410857185,4131.955965625691,2022.864258113816,300.44172193590714,1184.1164756026799,1111.9479257154637,775.3870451218339,205.27270838537817,1548.5540904636237,1084.80650483152,2239.158766909279,470.9395495611824,1774.1828921023905,458.8900731486364,2274.7838962545134,372.8531922011925,2137.45469180202,6370.453345790248,817.2184548036203,1287.135552504906,677.3481128690048,1142.8782498313212,942.5950554399622,710.6272170558137,2767.759271430341,318.8163593637917,991.7658912456308,1165.3415716965674,1999.2912713553035,755.563729810115,1471.9855275148218,3943.109662589596,579.3202983693988,1051.977303903771,372.4503392772634,4445.409067667377,996.0132512406232,3319.689446606173,776.7153508951844,1064.403362888321,1373.509496029776,482.3140439655083
arc_pair_517148,4284.8572459680645,326.07331848055355,2529.24474489489,4039.412488567264,2044.5690827025155,3052.0403592357598,449.64638223123467,1642.9494023284233,690.7438379621173,1051.7838700718703,790.7478983500782,856.8899857687837,2759.9259231582746,1790.147313224227,408.8068564936227,0.0,5312.628616959513,5854.713333467872,1554.9984066130323,992.6729916147166,682.701853576913,2230.6712059949123,3362.391514821018,283.6089164751269,182.2480787869667,218.66934634310135,1018.0860782400451,879.6281500929855,1455.9752742842522,2124.282472621635,1550.9140576505988,1605.8239748146234,1614.475145119103,263.9700045356356,1447.3946318698158,558.460948068162,1691.14128138459,3203.593373373017,3420.5900398577655,3612.8576286844614,967.0047199158448,1567.4695211474514,5065.568453964477,2541.774236665401,197.18443970695725,1259.852915237966,1509.4937381595958,320.2560379335321,453.9857620791484,1489.7237426942484,851.3854245818313,2656.78427562994,600.497466356985,2197.6848482971727,95.37695675616558,1749.4909564636903,124.30786922740197,2783.889060696242,7325.384734503245,397.4985015385032,1750.3236477664316,1029.57174437117,1406.2473714395119,1202.0834068174288,515.6718979512897,3442.769272861241,404.7165688601277,416.7869102529855,1470.723576808964,2410.015283464849,1204.781749255051,1847.74785060462,4761.51549582611,1286.1203351793074,905.8918862082069,589.5757032469643,5481.479085917497,1037.5012923188335,4070.7063935898705,538.6625611371436,1468.20588454513,1995.3972529510309,197.68578431383557
arc_pair_660112,859.23316351621,5399.864837317863,1957.3237174935841,757.9700077489589,2136.2163845481023,1311.2686133959578,4383.973958908157,2634.570142773841,3914.7936800616244,4987.922337096035,3293.1174130937225,3361.434245707602,1703.0432134621367,2729.811293546719,4187.288598885733,5312.628616959513,0.0,489.6303209282862,2827.083438695722,3547.19463515904,4853.637160380118,2396.768195999362,1008.4445703327725,4426.849614177718,4710.296426248061,5774.462622506767,3238.012572949504,6202.850421529948,2500.392970781572,1789.043969209964,2765.7747266880415,2763.9249417854003,9088.92052670784,4630.3328694944585,3175.4147085652226,4323.438386813987,2009.0234376638355,6560.751180383357,1392.4305301033628,1099.0423365270728,3385.53992325789,3183.2289629187203,269.1980141309293,1687.4568348011871,5253.975246080892,2976.8861740366247,2529.610158451128,6370.29945919279,4355.1974000069495,6908.082716966074,5968.034306430436,2185.7534936830184,3812.313895882812,2005.8324358623736,5689.744259706227,7499.580024044981,5223.6536278241065,2233.636707696533,1971.12547968178,6257.478682603604,2243.845573520091,4925.238977863008,2506.7642941954805,3425.232686652096,5804.137887388833,1260.1219653064777,4443.466189402665,5675.517897233157,5027.992542680236,1700.9050058361333,2881.1751121016273,2337.0008500657023,402.59098556141515,3970.960366134217,4006.2746844255776,4654.711861021462,125.68692038720307,5408.832218263349,554.3511576996892,4440.147889881572,2416.5431515862815,2272.7703164858926,5715.396168383524
arc_pair_94597,822.3059635001333,6200.424873799328,2232.869460797768,575.4127972139538,2385.2086117562976,1224.027181625154,5050.882734977902,2926.766093805559,4375.89240211502,6214.448231826451,3744.8489226923875,3986.988860363957,2077.847864805429,2565.3206521485085,4932.972239100406,5854.713333467872,489.6303209282862,0.0,2897.1088855548583,3804.2722030037326,4910.494636317708,2194.5835427743646,1115.0339795669179,5076.824637686789,5365.54651505252,6482.275013401416,3964.975424941765,7362.627929409108,2687.658945194564,1867.032059547292,3097.213531855828,2760.123992247378,10156.332270782814,5148.7346841930275,3774.257891963874,5150.008230143296,2374.3185676469457,8455.580444145216,1060.5342967183726,972.5690395755279,4033.1316345583487,3235.6512771433895,171.2057044838082,1771.1060019796505,5951.17770013693,3130.8690985836693,2682.555255770102,7066.017260181765,5223.339331916495,8244.594478792957,7125.982872803264,2093.7563543804886,4315.524582389522,2043.266872521806,6260.75917306634,8869.319587177446,5726.756518292295,2449.684021529214,1005.566309812716,7086.238426407667,2655.5971172289037,6143.805675518063,2697.2953095159855,3699.836799589231,6789.387793284069,1198.9426447122114,5024.573597443373,5801.086931260634,6417.896381827049,1663.7621445570583,3326.4768075154307,2597.7375715801318,457.51693696116774,5108.173915804506,4108.030564600127,5507.96521559016,289.5422805394695,6686.31130452336,431.2110006066626,4797.897745850091,2793.805391589591,2649.9768420041873,6202.748355356455
arc_pair_683881,1789.6787662657198,1955.8454530456295,578.2030970960953,1785.5457223616347,246.38843659923302,895.3893226376396,1303.4017147288064,257.47288598959096,704.1752275378614,2435.918278688419,544.1094547137586,920.1385836936098,999.0880230305653,374.466238399603,1453.6011399257052,1554.9984066130323,2827.083438695722,2897.1088855548583,0.0,603.9291436001266,912.8075724962175,405.50833241063924,1194.5721844850673,1261.296385648638,1379.4966476993645,2011.7714043366848,916.0216086090062,2758.3645372816472,100.279345664608,486.56283447785756,505.7227537744884,132.66284772993495,4033.0651902897957,1147.1446431812342,1069.5949287302897,1589.0032243494165,286.1460987710064,4572.4560401518565,1464.0656192997535,1388.4913571970976,1163.2646926974583,170.22384106212223,2449.052712448175,563.6120154458117,1682.6368468368016,111.7064042484932,401.90109212955014,2204.2612944327498,1579.7298017229668,3483.6379068374536,2627.589551197355,596.1643923334898,824.6416039857345,398.29235892073086,1667.4573647464388,3786.534794954783,1447.4487846625616,756.3287270257804,3384.7900773223564,2329.789588274031,313.4674826208006,2403.8239298245235,267.33834437076007,684.4193211460678,2285.474361809972,1252.645356388625,1358.9601082104402,1372.344167388906,2708.0648434654186,528.5814243633412,711.8269423336207,202.32720092585154,2425.5979532570536,2047.6861190070035,574.4879794902693,1901.397668058136,2843.0311717261698,2578.5610605132233,1832.6229548222816,821.7407716004493,319.9881825407625,728.8723760114257,1483.5912231711623
arc_pair_36267,2445.087178836162,1194.956420934367,1179.3295649801792,2532.4120986062057,748.1594135108489,1489.766875289237,590.1514376957173,462.65049093272034,276.7635898889943,1684.8746620558695,127.84127863593663,328.6560586143105,1583.3415179592057,970.8460715146975,825.3031756790701,992.6729916147166,3547.19463515904,3804.2722030037326,603.9291436001266,0.0,464.78712961786385,907.1261172181553,1853.9154285523337,646.3341435572303,793.3863216160021,1405.7771900044033,533.7630553417603,2138.655781655584,453.6726100977434,979.8636393967629,372.6372450042701,592.1280928743064,3395.7976941852608,508.233767239634,471.69128837065256,823.1704879182696,665.3872059344833,4106.086958785932,2174.73848241078,2059.492669931122,437.55307436074656,870.3173028194637,3244.1739187512585,1142.638835586963,1005.359117991127,435.253154844591,468.7491408563144,1629.1449894333898,969.0963766346314,2556.0134552080763,1988.653044647601,1228.6207685141942,236.79844843208264,921.7699770077651,1061.5190048580007,3368.79270504866,814.3998806912352,1256.9243088240753,4565.551678597897,1697.0959702753837,689.1746663292174,1586.8107987074231,382.78588759011666,178.7646840298494,1554.5356057684542,1836.3210585367049,625.6873917945118,872.6513609011713,2037.7022145853753,1092.0948014678565,179.35379771716495,624.7697539510971,3268.4171849317872,1278.6779749817345,259.63544722795245,1175.6523173146766,3680.2937233048956,1884.7636766775947,2527.766624101608,345.9116980654898,372.68978588161866,542.4928828689261,814.4162230614144
arc_pair_438226,3540.0456223992173,1189.5190395149536,1968.9231005279203,3459.357288508305,1476.8474493831316,2273.613857847677,864.8744200553914,1095.7273049501546,515.6773696229128,2127.933748076923,524.9040736824506,776.3767687803528,2515.4925550309067,1159.3674388979869,1054.501794402448,682.701853576913,4853.637160380118,4910.494636317708,912.8075724962175,464.78712961786385,0.0,1401.1354314950263,2748.5106120686974,738.6385370510528,756.4797465548617,1009.7448660707461,1113.5403077832318,1966.1361127696885,951.8536083651153,1642.13694335311,998.3906713013437,966.0071842641355,2735.0459328540333,533.1217924021388,1081.5113000879526,1254.1120167686688,1377.7472986308226,4747.6720031558625,2827.648750588598,2968.201560776609,1022.1506545178905,1022.12768957632,4263.80817714953,1949.6382891654694,906.4913089620949,770.0351979835862,890.1130077001955,1125.2806489956113,1255.0667463953746,2688.9098776021883,2000.482696057504,1765.7000792679685,492.6781011763121,1600.6363387024414,725.3458282668598,3183.9471533052624,603.6442831877681,2020.5163138903936,5498.636065182341,1354.2640582847152,1427.7936258776665,2038.5529317355056,919.4860458721284,604.4056043710048,1557.264493220323,2736.9756981012506,670.3706287852887,232.00931380208817,2551.094234612699,1755.245057865264,843.1999170001063,1299.4920204944247,4305.187103469027,2007.4376934404836,251.7966425307838,1474.0592379488164,4825.393483681044,2223.717308404754,3461.788401684931,251.09350194120594,1056.4083583612921,1474.941880319401,564.3386782780598
arc_pair_608374,1314.6314579642487,2574.039387831965,662.2785808716676,1515.9667956503918,426.8208036420485,561.0412064271013,1876.6280820536474,568.4484012783166,1359.8168394322724,3186.019802230638,1018.5711332470719,1396.2344101591286,1167.4703591742013,371.4768918875902,1873.9591646230972,2230.6712059949123,2396.768195999362,2194.5835427743646,405.50833241063924,907.1261172181553,1401.1354314950263,0.0,1005.2303472802275,1888.8950848107768,2057.102372662969,2775.0259238545905,1510.164479821654,3851.5077008770104,391.2291078176766,421.9636558520691,742.2987739271035,275.2652413979827,5565.815866957993,1722.8189705880739,1341.3743508693933,2177.329435518451,499.953023935152,6079.674085480259,1139.965944467348,1073.0551040611883,1475.9260133724326,629.1071579746131,1886.3382306434628,409.1922995859889,2389.2953113515323,543.5170113316935,410.0942074183816,3016.276484482731,2196.0100386169515,4570.0040689408415,3719.406138241527,245.5818121258132,1315.5330971805422,210.94014936294084,2463.5984341868643,5273.4851770235255,2045.538502045501,718.2456025574796,2264.5223376031217,3268.181704499834,668.6278956013306,3126.8325234373237,412.5084700459563,973.0793818892097,3179.613779501175,906.7903881022979,1709.3581939474543,1972.6925420963073,3653.51871754183,420.1336208640482,917.558637803743,464.48712599090777,2244.3854574550246,2585.2943657472083,890.241429984557,2434.4976412784395,2354.344411888368,3577.927118732979,1504.7420165484434,1514.0827901479272,602.7620693671889,793.094331342898,2218.7697972258225
arc_pair_333656,248.71050452718933,3492.069090495629,522.683779703736,507.933190878551,820.6183630914375,178.1542945984175,2563.715628997793,1058.4160750738981,2235.6983691273617,3377.722554612422,1701.9272197406694,1904.439571980122,525.0006826516845,1163.4065270723975,2678.9515460731545,3362.391514821018,1008.4445703327725,1115.0339795669179,1194.5721844850673,1853.9154285523337,2748.5106120686974,1005.2303472802275,0.0,2747.0751048558554,2951.9220093515605,3851.288374737616,1777.689796823569,4429.563570904744,1027.6570585198838,638.0011520865692,1339.408292376757,1276.6528497005036,6300.048817237692,2787.3896002393517,1689.448555627527,2713.0779173599876,761.2748676205043,5244.026282360261,699.6650312898012,223.81980504235992,1991.6407752347664,1473.9198735673872,790.7008828794968,516.7087750089541,3321.838710342354,1371.2281352902787,1051.2781025221698,4296.428512527853,2782.580504432241,5025.009313396124,4219.690687096511,1103.8028898058185,2131.7621782218134,789.1737089531857,3589.17963863386,5673.378977543582,3204.193491350328,690.6166332531883,1692.7098527637906,4228.219141384531,879.2213289575128,3252.6729086789182,1124.1363505790998,1895.6820601214833,3875.959272849177,217.50934838607685,2703.7689689210306,3390.9814439009324,3465.269566645722,382.4821209640646,1525.413502220029,876.0090030501088,765.7063024741549,2541.7886320906678,2177.76233679934,3070.474669032961,998.8400365485502,3741.4014850769654,443.21795473974606,2484.142015904375,1083.8908443536177,1140.8079187090036,3401.4812798266325
arc_pair_417498,3588.7254630374955,484.30159581559184,1974.0564299295584,3411.5691818025143,1530.5177745308308,2544.162397822521,177.856672530171,1177.414976260816,428.10295599132786,909.3049559466484,429.8917533349326,426.7068896735103,2098.20014490042,1590.327621649296,325.4572721828412,283.6089164751269,4426.849614177718,5076.824637686789,1261.296385648638,646.3341435572303,738.6385370510528,1888.8950848107768,2747.0751048558554,0.0,104.2360569833699,578.7366514250818,622.3121681925035,1044.7315498915061,1050.724533657278,1603.321529849336,1088.6323878236785,1289.7669744363798,2126.3478070107717,100.76591701659815,892.8288970931477,284.4620572706841,1228.8715290447924,2863.540248634809,2894.057742341285,3005.8307093743747,544.5154185023669,1320.9348065237346,4341.514535481699,2021.1114723430908,245.47680450895962,933.9017358853097,1217.1442653839867,750.827440438947,298.72433750983015,1524.2503534374266,969.9354046681757,2240.2872903489424,301.4912719267512,1756.5979211259305,304.50869921796254,1916.1446245954787,208.44523283526692,2255.355324973006,6621.939175486681,722.1016282643461,1263.6120966966848,912.1731593125513,963.3489750567884,730.1863880088039,610.8489145106872,2871.7253324767767,304.75519244758374,643.0796839421438,1278.638497315894,1951.4112582197047,769.5002634930536,1341.9114313606906,4008.0307172242856,863.484539865009,802.8529715516771,609.0096088377802,4687.303764857223,943.0247295959445,3406.760326692472,497.7481964336645,984.2807101545365,1423.9875187082587,263.7088434784133
arc_pair_599827,3818.081842580367,409.4318944141817,2138.9941525202735,3623.017413132263,1695.9737673612954,2764.7572828820735,234.80445749862633,1340.6720836040884,481.63258956826166,870.3698485719392,554.2974307146886,577.9038095670913,2287.4973759837635,1731.8496720229884,314.7783665438994,182.2480787869667,4710.296426248061,5365.54651505252,1379.4966476993645,793.3863216160021,756.4797465548617,2057.102372662969,2951.9220093515605,104.2360569833699,0.0,433.58816298924916,736.4655126802572,868.6946901506923,1204.7026401077924,1786.7917607258603,1253.6488654636785,1438.1345353779848,1816.9284342256462,176.4934107879414,1079.6439313283151,282.4999072813685,1388.0812694182202,2762.465522359043,3100.841731261482,3232.624597708005,698.6575386420704,1430.0348729970606,4613.84361907198,2212.083515242178,151.79678181068562,1053.065554930026,1338.3962308272526,588.9862930845545,267.30017123973033,1395.0145377006536,824.9037267936469,2455.2972787855947,411.5419983688492,1924.724690839984,181.49611516133697,1705.7429252231825,126.66737501504112,2423.772919669142,6943.710760966924,566.9507300449768,1408.8301884998818,871.9514777495064,1143.0804035664626,899.183637949331,507.1998933065567,3105.919735099893,362.73650812752675,602.3762548000115,1227.3762813240244,2140.2235912557926,937.8027562628189,1512.917542630191,4220.505771774434,894.7670758550256,892.16743543597,592.1225747756631,4960.365285941604,864.7966084376795,3634.5010839303495,505.9056486168112,1153.2787953535358,1651.7240598585272,215.08660324067876
arc_pair_32161,4826.156089480383,210.38043519081813,2999.694832005051,4511.3290722032625,2482.771586995527,3560.4052194848036,735.6839999284158,2089.7341306379435,986.1910643420006,816.2138431162666,1146.9920613923412,1178.86261305224,3229.64500411109,2290.5566378264994,581.2751297489114,218.66934634310135,5774.462622506767,6482.275013401416,2011.7714043366848,1405.7771900044033,1009.7448660707461,2775.0259238545905,3851.288374737616,578.7366514250818,433.58816298924916,0.0,1278.161915862255,535.6150916433497,1897.0682845732017,2606.134272264564,1963.4128859963073,2094.5637425352556,1256.1161812398484,569.6577976976525,1914.3393630740431,809.69036869131,2094.551525045084,2825.146316947252,3955.677260821906,4112.741464028198,1288.1841890879107,2033.3447311857642,5595.687968138052,3006.5874110640657,286.4588299288499,1704.9786527450224,1896.0085646288421,133.5037907133491,532.451781759239,1109.9145133861578,569.9733106663779,3196.0956678540524,925.074598930313,2623.4936605380085,197.09976324099804,1441.5566693266521,394.481531380122,3312.2104037965605,8142.079082632823,140.91897286439593,2128.430281893861,875.7102053798517,1849.2165019829292,1709.7742806836902,331.5982361199464,3961.003289612656,672.6032083068828,710.6742390964786,1214.7849462218487,2892.470221791594,1538.4065120050973,2309.252125456701,5235.307955461114,1473.7455339287826,1296.3804677088588,431.9452046182664,5981.972455896281,804.8614032185106,4545.900291177285,794.6010979956412,1911.3957090532779,2451.441685824112,378.3234576612242
arc_pair_261455,2588.071331758535,1007.5273786374839,1157.1021342667657,2459.8190426761703,887.2080521045418,1709.569598266166,555.9906119228746,611.8181439879336,446.5611851303528,1066.2468688584208,291.4465406687069,375.400258530415,1218.6531504645845,1393.6093109182332,788.922980948697,1018.0860782400451,3238.012572949504,3964.975424941765,916.0216086090062,533.7630553417603,1113.5403077832318,1510.164479821654,1777.689796823569,622.3121681925035,736.4655126802572,1278.161915862255,0.0,1476.6208520714813,627.5763719900237,1060.557530724466,566.4613699246464,1036.7391393987193,2646.2590683283042,672.8450495974158,625.2385205542242,641.8975199572883,628.3354729940888,2506.09003979167,2325.147174355787,2077.1271631632503,505.3132173662253,1115.388808303923,3333.1926529021903,1300.340085220558,889.0379596286136,725.6212839309032,944.6379985287008,1594.997338140889,677.7311069649214,1712.3563150677167,1361.436592914246,1675.1132711737355,435.6943322553244,1205.9073687102584,1080.7824437049278,2211.741004620449,959.4937001332424,1389.9048531697244,5506.745108706726,1417.8243202646995,693.0942130208393,1018.7483181432971,601.8792007389245,714.7056180926568,1100.4416915955967,1895.6048454190104,732.3701705608478,1367.266810921546,1126.8538140484795,1280.4334197064645,414.8106471282224,737.7565807363283,2935.606219679545,893.768936494423,821.7390042321052,904.4538606041658,3534.52627119871,1095.2271059101433,2443.455543707178,686.0428916019797,506.5194539220387,716.0038477926616,948.6775806028161
arc_pair_527121,5590.4705205729315,709.1008835874128,3516.7133361439537,5094.929253746457,3061.4585118109217,4422.1139422031665,1199.6440554123249,2694.630644550717,1409.7557607046556,716.5150808134024,1700.7374467602922,1661.2305045178045,3520.1908168984905,3204.979884130615,1188.2048087669752,879.6281500929855,6202.850421529948,7362.627929409108,2758.3645372816472,2138.655781655584,1966.1361127696885,3851.5077008770104,4429.563570904744,1044.7315498915061,868.6946901506923,535.6150916433497,1476.6208520714813,0.0,2548.10058656804,3169.7739758258076,2610.3690831966696,2990.104852071162,729.289672465257,1202.493254642851,2577.2569088355967,1143.2692016791611,2599.3732966968146,1712.94933459147,4813.6295419458065,4816.612888167227,1768.6517654146419,2708.2588409061846,6400.228723725186,3643.9858589185988,762.6419258157075,2374.949250216492,2794.1298256022396,666.2575189952407,898.0534920570847,449.64278027506106,136.83090919361993,4279.695716119365,1527.4795749145615,3318.8526440978735,778.2101850041537,725.8647716960903,1069.8142379655894,4043.5439626764787,9688.422053425078,384.09339164733325,2564.335302998817,932.2144816067058,2504.7480398276466,2546.5097278205767,470.9644425080203,4666.052510755752,1414.5221380357018,1617.3152396922387,679.4516948066356,3609.741088403733,2139.14086512836,2886.2584715614926,5628.782312465713,1653.3756051589278,2204.983674597984,859.9363210355964,6633.372607901009,480.30946036098635,5146.589989819916,1418.4560656181366,2453.1621811280365,3040.523343149042,1003.8081630100189
arc_pair_594469,1605.8221507569936,1726.0618423927447,474.94555740484265,1602.2134272522687,189.36816965853922,774.0067251347364,1054.7254278355394,132.98651847716025,599.6977307006806,2081.0400041197204,374.0407660225362,687.5548999616469,810.2504302983058,431.2845042691274,1215.930267135877,1455.9752742842522,2500.392970781572,2687.658945194564,100.279345664608,453.6726100977434,951.8536083651153,391.2291078176766,1027.6570585198838,1050.724533657278,1204.7026401077924,1897.0682845732017,627.5763719900237,2548.10058656804,0.0,357.72042840603547,327.0188614935589,151.32734954260556,3933.97576593216,981.4174755454437,804.3975065706255,1277.903838473462,154.2202656826573,4122.844938659804,1328.398669558676,1221.1047893447003,852.4360795918578,296.8017254407447,2239.5772684453673,460.7977863233574,1487.0020035752173,111.04819598540837,328.6881294748521,2164.0778191418303,1308.6688652296446,3110.1338180420635,2397.948383923789,577.5948151521891,639.1902258862312,322.99156535688735,1573.9951235761482,3555.7690023653313,1329.1922246212935,661.3799349055283,3387.030870639213,2199.110775634846,217.89550839791556,2033.8701772667002,138.3033041805181,551.1887270056916,2027.0876197902905,1064.1930144772452,1129.2379074099306,1409.9365038708836,2314.89222443339,440.17292507280763,482.3188921443284,112.71078976877119,2187.516129902249,1661.1729585431926,551.2066013557916,1598.434131697399,2594.1876931426646,2245.3684188890384,1613.7402870475883,795.6935900046507,162.3298603742178,466.21888612327587,1375.230356195175
arc_pair_599471,1072.5252578160928,2406.57220076412,454.48462728257545,1005.2642206702772,428.4091273035941,474.6593899854973,1684.61901887445,575.33502375767,1140.0916871221734,2627.4524319100883,896.5178624627534,1226.0475895148195,505.5551779557354,343.111369114517,1783.7810364612262,2124.282472621635,1789.043969209964,1867.032059547292,486.56283447785756,979.8636393967629,1642.13694335311,421.9636558520691,638.0011520865692,1603.321529849336,1786.7917607258603,2606.134272264564,1060.557530724466,3169.7739758258076,357.72042840603547,0.0,799.3912439562939,443.51457183434627,4876.364066564501,1631.8225290440505,1294.008448666359,1866.2575905965875,355.7352230539474,4771.444255024315,699.6953086218876,701.5376823107828,1330.7382934555208,604.2691717514679,1571.8513938268006,232.36296735579253,2156.1675859212783,531.340680921074,693.5111024463616,2923.1413590811517,1853.678389361608,3792.7279665468027,3032.3328630070832,561.1932378165359,1211.6429930294657,236.3886257382473,2323.2328791740624,4238.54401092174,1987.1086162618142,766.9525564830687,2578.0680526425645,2928.275384665814,532.2143716183957,2681.126655418001,380.512053505937,1002.8844416987695,2668.5177816973555,639.1405427169785,1753.2363503523868,2139.824316166097,2889.9283688921028,235.32416720627705,898.4831802234345,423.7045992947855,1510.157939666009,2215.4878971055964,1124.0015950092356,2177.125375691893,1881.6993237853317,2834.795217772464,1026.8511798221978,1502.5773601533024,521.0590360885029,784.8120889178836,2154.8215265996455
arc_pair_554655,1807.92718103839,1656.7798362927872,761.7784062010652,1999.6375619551015,396.7746189820201,1070.8781904211316,935.664484547372,237.3523011736171,613.449521853827,1894.4836713261247,339.6695434398941,524.333460169297,1171.1301237084112,1004.1165747491655,1161.7783064364278,1550.9140576505988,2765.7747266880415,3097.213531855828,505.7227537744884,372.6372450042701,998.3906713013437,742.2987739271035,1339.408292376757,1088.6323878236785,1253.6488654636785,1963.4128859963073,566.4613699246464,2610.3690831966696,327.0188614935589,799.3912439562939,0.0,554.1077962770843,4076.8931911399536,1005.8470944278332,609.3707344905213,1121.8672833520213,386.4456960430128,3854.631167618196,1960.9530272327897,1584.8490383954786,590.8041097289541,842.957643687969,2584.168877013241,718.0063562122275,1514.4280376846134,396.2975605161867,361.89254286534515,2223.5626809597375,1270.4479816402754,2966.0756603536,2452.8497986950624,996.8893926592255,579.1297133613913,651.5768963247373,1660.9900714885337,3742.5943459666646,1387.6799008323728,850.3040342536962,3808.1094149578466,2288.3799050972502,387.38565167559653,1738.2092935738308,309.8211894683512,520.127421336252,2068.7975183290027,1363.6453814238926,1033.3831748157295,1522.5840634341469,2061.3471478995066,817.5783221297245,241.9771503591397,351.76827226854414,2595.7021618086264,1360.4139571241385,547.7459185628883,1464.734412886443,2924.3452912873845,2180.0415323479715,1974.9347007314043,736.7907569116688,171.4221917601403,224.66586247963872,1393.4992887688945
arc_pair_30783,1810.6598575565224,2003.1718397423006,756.3444785899595,1830.2095269516396,366.2034426131912,880.8171643520992,1400.8211754032482,347.7693898363553,775.1359425778766,2549.7216115980013,606.2991552890811,1018.9296400655188,1129.0650074962125,319.05533062108464,1470.045803533233,1605.8239748146234,2763.9249417854003,2760.123992247378,132.66284772993495,592.1280928743064,966.0071842641355,275.2652413979827,1276.6528497005036,1289.7669744363798,1438.1345353779848,2094.5637425352556,1036.7391393987193,2990.104852071162,151.32734954260556,443.51457183434627,554.1077962770843,0.0,4478.329143193172,1180.2397691505914,1108.2261672428108,1683.5791924970383,390.2861718298068,5179.951674597212,1287.6185175640496,1389.396682030228,1187.5192193813066,260.2538030478311,2376.6989756799226,611.9345053099203,1748.2078241234487,152.3601994727267,438.78527950922387,2275.2293953041044,1623.7146814381767,3784.1030368338998,2857.200404867516,426.92592905065663,871.3613342276881,371.60759999630767,1766.7929406431251,4170.198269020095,1464.7521161469315,905.2521624696901,3173.032229519951,2446.032565938225,490.3028592103353,2586.936663765577,272.2909186035281,613.1214659515567,2379.9150733571673,1250.7459907064724,1353.642977390745,1430.1132886700789,3034.2461966215383,574.6029009298195,718.8352694841564,292.3537879419129,2479.325305370881,2201.6576543725605,525.9755858167752,1947.9403535027213,2808.3330798972643,2770.2941999866,1825.1547289806983,960.0728462613536,371.4362197147968,701.1595647801298,1582.2900609762726
arc_pair_280909,7824.516927312107,1579.7236889627538,4958.265681274959,7314.376288632979,4629.784549081399,6311.229793163962,2203.3624415429163,4009.2345441526263,2490.806589797111,1725.0483801713672,2896.9869828303963,2968.4833047994794,5062.869288105469,4631.626974915167,2445.2506350721646,1614.475145119103,9088.92052670784,10156.332270782814,4033.0651902897957,3395.7976941852608,2735.0459328540333,5565.815866957993,6300.048817237692,2126.3478070107717,1816.9284342256462,1256.1161812398484,2646.2590683283042,729.289672465257,3933.97576593216,4876.364066564501,4076.8931911399536,4478.329143193172,0.0,2192.811361813469,3938.05382259566,2284.7205856124997,4126.463952484118,2347.430511351688,6845.576709189355,6927.654685165228,3148.0055227269327,3860.326913512339,9057.500489616246,5414.4952155188275,1539.5144388899712,3645.849019831156,4310.854537106383,1354.9073019614943,1978.2868748253438,870.6873468444727,820.3958723214998,6227.145867594308,2674.67113924181,5083.92552522702,1387.897703325606,986.8586926953437,1856.6587358625482,5484.031021706122,12452.271653133937,939.0698957938514,4001.927399898847,1842.626490788434,4031.4795142284834,3946.5934287705054,1075.5796674438282,6613.008627626494,2553.5653232280533,2123.8212933729455,1543.4299783338558,5264.437972010351,3663.474648918273,4277.93648062663,7930.71155099164,2881.929785526468,3336.2955011520567,2039.2910038324678,9425.236723257338,1278.7756602719464,7401.396178869804,2275.3919043552437,3948.8524272592463,4785.932188337843,1542.9934640545284
arc_pair_551617,3615.0243168482384,468.7194155869144,1971.6391268789991,3485.850588530084,1471.7558057978254,2472.826507394802,175.6902668961172,1094.6946744912677,428.3302460253262,1058.158470605817,376.966957775784,391.1333058804781,2259.4948314706744,1489.5558254419393,315.71689885018407,263.9700045356356,4630.3328694944585,5148.7346841930275,1147.1446431812342,508.233767239634,533.1217924021388,1722.8189705880739,2787.3896002393517,100.76591701659815,176.4934107879414,569.6577976976525,672.8450495974158,1202.493254642851,981.4174755454437,1631.8225290440505,1005.8470944278332,1180.2397691505914,2192.811361813469,0.0,837.1467903531257,367.09343186644617,1207.5151042119023,3232.937575885023,2952.009377071024,3027.9748681376946,500.75701705655547,1282.0157197248516,4414.64658274126,1979.2672256231704,290.49222821446716,861.3621526961792,1048.1535753863498,712.1760948735483,395.38701091009375,1664.1854376355022,1116.2789835608576,2091.527012685318,215.3069031092877,1671.8585337587374,289.27747746214686,2135.266291520013,183.49606002449787,2165.761460463997,6430.279693153522,762.4119750528536,1243.3074104089615,1026.442894766971,895.0461898703234,621.8958065397703,734.7738259403226,2851.784672351624,214.48715309754024,458.652513934421,1463.2654423907368,1891.2412922852063,679.1812748392147,1297.2612576389624,4232.646138449895,968.5027162400879,624.1417361758351,640.3705177612447,4831.76072198839,1164.3770544293266,3508.673057481358,405.0773059159154,936.7920903235731,1354.2795258521007,197.7718986510607
arc_pair_665365,2184.6012276469146,1429.314584521701,1046.903087228719,2645.951702317779,956.2828996583086,1572.4633971758435,615.0433353816692,583.131546333709,805.7957894136025,1498.5771806142834,384.04049633488887,316.03029988195533,1434.4585587036488,1590.9231792664214,912.1117763808165,1447.3946318698158,3175.4147085652226,3774.257891963874,1069.5949287302897,471.69128837065256,1081.5113000879526,1341.3743508693933,1689.448555627527,892.8288970931477,1079.6439313283151,1914.3393630740431,625.2385205542242,2577.2569088355967,804.3975065706255,1294.008448666359,609.3707344905213,1108.2261672428108,3938.05382259566,837.1467903531257,0.0,807.0160235589065,789.8442693918867,3788.746732656153,2560.6453680394734,2183.799071371485,378.7174660011293,1402.0130775662656,3099.991293008353,1343.2101470707046,1297.6070724643275,935.2649219306921,630.2477329258435,2232.1263953146113,983.5000517194491,2908.1249965615584,2411.1946951522314,1539.1148072883436,424.0654607756043,1337.6474679950027,1538.7432367713634,3877.6377697417506,1177.9002512872023,949.7948053851187,4677.895741039106,2190.579630284079,768.5755574539024,1267.6024944410553,802.4118739426763,457.3227854059115,1750.1235314994556,1895.2106835764664,805.2717651653458,1498.2828181876362,1859.9659360706382,1367.869734712577,402.0977040227171,740.5172572691962,2975.9764411657047,705.8789896084006,938.5074140568536,1372.2646769303042,3387.767350906723,1860.6414557328153,2473.3583142694515,866.4644816656586,570.5785799993148,628.1723487749392,1227.5482330262498
arc_pair_575189,3413.3478326615664,485.0691185779637,1911.7103226608194,3421.3465753806604,1544.7023429011967,2598.9659444442027,130.77953840261762,1229.1996200186918,745.5003636918989,624.2877901447848,579.7423359168571,434.37220324339495,2059.3439063523506,2112.043308658074,282.31319841602533,558.460948068162,4323.438386813987,5150.008230143296,1589.0032243494165,823.1704879182696,1254.1120167686688,2177.329435518451,2713.0779173599876,284.4620572706841,282.4999072813685,809.69036869131,641.8975199572883,1143.2692016791611,1277.903838473462,1866.2575905965875,1121.8672833520213,1683.5791924970383,2284.7205856124997,367.09343186644617,807.0160235589065,0.0,1249.4431851465024,2323.1929793708387,3304.7627464015054,3034.155505935606,411.2166221071976,1812.7383973621127,4375.912672114985,2049.118157920631,353.2778462547853,1269.0492317980104,1257.4112255857221,1025.3403624843395,220.23794317008628,1360.7362390865208,977.0853484608285,2602.347578979886,470.3800630595029,1915.7023240839123,534.4012936182882,2092.672692977573,430.61393986570863,2145.765317142132,6867.5668883847,904.9943549851072,1185.3773457347736,508.5816231365421,1189.3574894144263,1010.377813975803,644.3175474056467,2860.9165051928426,442.4243902059642,1186.6324194461554,860.6414813845317,2070.7583100257884,745.4631040558809,1411.168845835708,3983.3876844307597,362.05942287043825,1290.6492444399103,448.5724346543106,4657.56385364941,724.013207675125,3424.0820618432017,753.7422141904918,1021.9051244113207,1324.4616568769118,488.44974164561756
arc_pair_156711,1260.2076130972787,1798.2602694599211,304.18013454330475,1341.7722872717886,135.442385173318,615.9531999510126,1103.9199293967515,203.37569880048744,853.3941866479681,1894.024255195613,515.0549433543807,706.1875001913884,566.408446940316,634.0489704662887,1252.682555133843,1691.14128138459,2009.0234376638355,2374.3185676469457,286.1460987710064,665.3872059344833,1377.7472986308226,499.953023935152,761.2748676205043,1228.8715290447924,1388.0812694182202,2094.551525045084,628.3354729940888,2599.3732966968146,154.2202656826573,355.7352230539474,386.4456960430128,390.2861718298068,4126.463952484118,1207.5151042119023,789.8442693918867,1249.4431851465024,0.0,3698.0913521024804,1338.495436961514,1021.1898690799525,811.3937681996453,511.0122721000339,1921.9935043960904,321.90350034526756,1657.5656971891178,341.2957357163613,328.368352304376,2407.427209352661,1316.2705422850163,3057.7528618786864,2393.491463840745,629.7991990493505,809.7762168463322,319.06777500423533,1839.572054847835,3641.4988282274403,1585.1965299653639,508.4310212210457,3289.0792104040415,2369.171475874974,106.08156543900122,1812.7347028655918,239.84513418346805,784.1274669357705,2093.975323138221,829.3117015279345,1258.933117156,1852.977350879544,2029.7498989376952,379.2172939504206,512.1743290644858,123.74288292019583,1800.855808081256,1412.1043437217288,922.5036406554419,1549.7990255510706,2165.756424382956,2107.531023371921,1322.8313199737092,1063.2905997240955,194.32424731594014,406.4100303629558,1660.1709633700443
arc_pair_11767,6253.223583102268,2574.645495664751,4258.711394144497,5988.71746694585,4149.15286710501,5846.608793943142,2634.609905294311,3956.8699800299796,3211.212001833046,1579.8282292562499,3256.183259523018,2950.895432862798,4108.458155631393,5611.856619993356,2896.123731500125,3203.593373373017,6560.751180383357,8455.580444145216,4572.4560401518565,4106.086958785932,4747.6720031558625,6079.674085480259,5244.026282360261,2863.540248634809,2762.465522359043,2825.146316947252,2506.09003979167,1712.94933459147,4122.844938659804,4771.444255024315,3854.631167618196,5179.951674597212,2347.430511351688,3232.937575885023,3788.746732656153,2323.1929793708387,3698.0913521024804,0.0,6626.2069049937345,5903.510698196873,2972.187629856414,4739.634422389683,7383.090805650782,4800.09432169525,2674.8035997456473,4153.387164297048,4456.897082329715,3146.7642990981585,2266.3221275905717,1318.1019579205483,1509.3467585489311,6530.617368099491,3164.50273359431,4943.252124796781,2987.6234123591876,1361.606110435154,3329.1054785477195,5023.053246037159,11675.514421938386,2496.3851633492604,3452.6944055325703,1621.049491954566,4077.8317480103356,4499.722327752246,2120.2356733580104,5834.915120761779,3464.008485787324,4540.49086856628,891.3791263171836,5070.064234866997,3608.5092736849806,4078.790753239206,5981.225308011939,2100.820311718708,4744.894494301278,2322.6538914973808,7261.226109725157,1318.314580490429,6077.531831167204,3440.8856441724038,3682.7839493511506,4236.282941053492,3142.0675836230366
arc_pair_88037,857.2741808133476,3855.6472164814154,1437.0300242125188,567.7025246888804,1427.4381111230707,695.194792197455,3135.828929709402,1753.4329878977783,2400.207834160887,4179.798612703475,2093.804874750508,2510.011122090014,1150.6651555637807,1006.1306017165534,3055.081560418099,3420.5900398577655,1392.4305301033628,1060.5342967183726,1464.0656192997535,2174.73848241078,2827.648750588598,1139.965944467348,699.6650312898012,2894.057742341285,3100.841731261482,3955.677260821906,2325.147174355787,4813.6295419458065,1328.398669558676,699.6953086218876,1960.9530272327897,1287.6185175640496,6845.576709189355,2952.009377071024,2560.6453680394734,3304.7627464015054,1338.495436961514,6626.2069049937345,0.0,511.5173191869993,2671.8826721620353,1537.428217414457,987.2299410024008,1013.0322868051716,3545.642008853469,1538.7056818615536,1695.5937571192349,4330.037860868258,3165.6008733503504,5733.479041915707,4618.34564781565,1200.2707410045398,2469.030653321414,1022.4302634231109,3671.3509695307202,5892.624302217547,3334.686661368077,1792.5254240633108,1681.4002232506987,4374.621015874894,1641.42320132453,4352.673578969696,1315.1654358645408,2067.6836014288733,4177.490808494523,729.7621477100345,3091.0774776125327,3350.386494249334,4641.71517608202,777.3459504121505,2093.9337113215147,1493.5546508360285,1029.6536471650904,3756.766250345428,2261.952386752277,3541.2344558160967,1302.8024565541332,4421.448135813812,589.7541906469274,2827.051618424982,1623.5363036937465,1805.699502973507,3649.3785236833314
arc_pair_41698,371.8511399990258,3801.276640352727,927.0799485858576,412.2706269412737,1035.4935271814566,263.33344735142606,2921.7452130736697,1402.1822690725182,2479.1882912240258,3880.8520928227113,1990.0156731120182,2228.137784425816,789.5645949827851,1182.1764737652084,2974.0238283804742,3612.8576286844614,1099.0423365270728,972.5690395755279,1388.4913571970976,2059.492669931122,2968.201560776609,1073.0551040611883,223.81980504235992,3005.8307093743747,3232.624597708005,4112.741464028198,2077.1271631632503,4816.612888167227,1221.1047893447003,701.5376823107828,1584.8490383954786,1389.396682030228,6927.654685165228,3027.9748681376946,2183.799071371485,3034.155505935606,1021.1898690799525,5903.510698196873,511.5173191869993,0.0,2321.995490645619,1688.0828156181171,791.0815048793017,625.1055583982832,3625.3370479589375,1545.5277021719355,1304.727121247079,4547.234695864007,3124.0109189499185,5456.526832520669,4588.998125467056,1163.8146210209025,2411.7322030007936,823.7685976735397,3849.669132060982,6057.233331594655,3479.7143268354894,1161.8688368699145,1546.3824672212813,4529.0583617699995,1199.162109975319,3839.07864106645,1215.292192023496,2137.54444430767,4274.6423851465925,245.62389166481992,2951.1910586844106,3641.6851608416628,4032.372108930603,463.4931197622679,1744.4720221951625,1183.0167227263441,913.6338692563016,3174.65317502452,2361.370889806333,3310.96525718866,1046.9415408257792,4207.001499608641,450.8931135615631,2754.4948334638675,1329.0615245403214,1370.4714353795332,3711.7163727186135
arc_pair_66695,2510.8385433149097,866.581692713015,1375.3799920350962,2677.8270559076445,1035.1728696640316,1805.2019651994167,322.66258054257946,743.4883403006075,652.7948930366509,1019.3429902525617,347.1332765957198,189.3125727381863,1648.7335014779449,1646.196424832595,540.2927131382223,967.0047199158448,3385.53992325789,4033.1316345583487,1163.2646926974583,437.55307436074656,1022.1506545178905,1475.9260133724326,1991.6407752347664,544.5154185023669,698.6575386420704,1288.1841890879107,505.3132173662253,1768.6517654146419,852.4360795918578,1330.7382934555208,590.8041097289541,1187.5192193813066,3148.0055227269327,500.75701705655547,378.7174660011293,411.2166221071976,811.3937681996453,2972.187629856414,2671.8826721620353,2321.995490645619,0.0,1541.3574629583488,3379.8290477438713,1377.051393854526,862.8147146156853,927.8392023192046,712.8205516547862,1548.775579981951,638.9702721786565,1931.309962479387,1596.6641740390928,1757.1304246986524,286.1449452953124,1306.8661784097312,1056.6710416589601,2847.311809085537,792.8819629244188,1438.3558211343793,5365.271691508891,1514.6838245644572,824.8810155487646,871.6058816802637,732.9276812078184,591.3782216149199,1216.6872992769909,2002.4418037326238,482.5072857123104,1203.2366828855036,1236.3894182517495,1468.3189696470554,306.20389806761233,911.9180853129627,3243.4722456806435,573.332971061379,877.2059042131173,746.7632531218038,3668.457143683863,1310.7042246923222,2646.350750201461,699.913612302969,544.5189313348621,639.1936002962913,840.9839516921003
arc_pair_443087,2210.3189708687155,2126.6489493005092,800.7222450735276,2099.9294237175395,502.52959508949,1218.9995985461157,1534.0195650976304,525.7420689090806,773.9216195671085,2595.5389285366055,735.5753515820976,1206.9602685320706,1095.0426849851367,379.2556983242369,1712.005410857185,1567.4695211474514,3183.2289629187203,3235.6512771433895,170.22384106212223,870.3173028194637,1022.12768957632,629.1071579746131,1473.9198735673872,1320.9348065237346,1430.0348729970606,2033.3447311857642,1115.388808303923,2708.2588409061846,296.8017254407447,604.2691717514679,842.957643687969,260.2538030478311,3860.326913512339,1282.0157197248516,1402.0130775662656,1812.7383973621127,511.0122721000339,4739.634422389683,1537.428217414457,1688.0828156181171,1541.3574629583488,0.0,2804.1661699592937,827.1402984775343,1733.8427571586508,229.1882793252725,754.7819445991373,2134.3171474886963,1705.6137641510904,3651.1553431995635,2622.3405861919373,823.7048382900889,1056.6695520248695,622.0676436408503,1674.199470382968,3658.7848720787056,1508.103067434663,1115.6510524726789,3855.971089273054,2286.086142782057,558.6950151476301,2673.286035641918,462.56867360202693,883.9067807129876,2268.3204074244754,1626.190865694255,1643.8849661370732,1345.147069175698,2947.394661620075,760.1627411523602,1073.1378964392616,422.48227500785237,2611.8023132399117,2391.7712793734454,738.1920236631513,2185.544640298337,3199.5318238643495,2619.9745281455216,2099.6852191916387,924.2919373733571,602.5837673828471,1135.8792602115307,1565.432824299187
arc_pair_596181,578.7921956140387,5330.416526566523,1779.6128671965703,468.2171199776445,1947.4935191116,932.6925879204596,4301.816874620035,2422.9762303306475,3760.699880878322,5296.728306124099,3139.2920504790573,3317.270659405981,1723.3095686850982,2227.044291265966,4131.955965625691,5065.568453964477,269.1980141309293,171.2057044838082,2449.052712448175,3244.1739187512585,4263.80817714953,1886.3382306434628,790.7008828794968,4341.514535481699,4613.84361907198,5595.687968138052,3333.1926529021903,6400.228723725186,2239.5772684453673,1571.8513938268006,2584.168877013241,2376.6989756799226,9057.500489616246,4414.64658274126,3099.991293008353,4375.912672114985,1921.9935043960904,7383.090805650782,987.2299410024008,791.0815048793017,3379.8290477438713,2804.1661699592937,0.0,1450.689754645058,5126.092291522184,2668.3930546728143,2155.919511490416,6160.562400387677,4432.874007762997,7227.682728982153,6191.616544308443,1778.056695210382,3649.193379386918,1716.2086821962982,5430.923705016531,7908.848808096536,4961.496033757141,1940.1087315615457,1119.1918311797658,6169.056701866949,2145.1145828146687,5186.0402230408135,2260.492200516709,3165.0981804216353,5908.338308068433,978.9905539902597,4246.972711658487,5082.563651473358,5450.118594890175,1346.797694166446,2751.270972766617,2144.2203980685144,351.8076284469155,4206.563293181524,3542.393244767651,4692.815688230632,113.28192657329595,5774.320166901919,301.54693442860156,4109.714488520429,2289.1613814242155,2178.616915297199,5383.8774436488975
arc_pair_32733,773.7255134421091,2682.989233708046,268.0596541667533,970.6790270436585,296.708548183846,318.61671322544856,1881.371713159191,549.5546056066803,1475.2663728463194,2839.809568966856,1083.7431934896708,1351.9713691562786,502.31137139470707,518.3347048642249,2022.864258113816,2541.774236665401,1687.4568348011871,1771.1060019796505,563.6120154458117,1142.638835586963,1949.6382891654694,409.1922995859889,516.7087750089541,2021.1114723430908,2212.083515242178,3006.5874110640657,1300.340085220558,3643.9858589185988,460.7977863233574,232.36296735579253,718.0063562122275,611.9345053099203,5414.4952155188275,1979.2672256231704,1343.2101470707046,2049.118157920631,321.90350034526756,4800.09432169525,1013.0322868051716,625.1055583982832,1377.051393854526,827.1402984775343,1450.689754645058,0.0,2550.1561061673037,695.9838988870416,546.1632849367401,3309.8360102939982,2157.7771923904693,4162.056238655868,3439.0791816281126,608.3395158764597,1437.5454185322585,177.12899216833173,2733.0908795745468,4783.65252357138,2377.1542799485683,510.60651739577725,2308.8540386164195,3377.902219537908,400.58747042844084,2754.605373259484,487.84451797450305,1267.6858320790104,3121.413502394266,511.70136982486304,2004.9126298160406,2546.7939590419383,2969.3694278821704,173.80105813323704,901.9160632214331,382.84122547754504,1517.0402853528637,2220.82299900974,1379.854075365607,2358.707168842928,1755.7838586216633,3146.49935170926,997.3618246869437,1684.57485795288,529.794574821023,672.799578326973,2505.9127072129236
arc_pair_676093,4231.403509354925,240.38140993217306,2438.1447252339453,4072.4485855052203,2003.525399241372,3111.080453611851,321.6065701147905,1590.1860472603105,704.4571906289821,749.4893314284642,748.6492909125974,752.795080843404,2599.585698679663,2054.7771129738844,300.44172193590714,197.18443970695725,5253.975246080892,5951.17770013693,1682.6368468368016,1005.359117991127,906.4913089620949,2389.2953113515323,3321.838710342354,245.47680450895962,151.79678181068562,286.4588299288499,889.0379596286136,762.6419258157075,1487.0020035752173,2156.1675859212783,1514.4280376846134,1748.2078241234487,1539.5144388899712,290.49222821446716,1297.6070724643275,353.2778462547853,1657.5656971891178,2674.8035997456473,3545.642008853469,3625.3370479589375,862.8147146156853,1733.8427571586508,5126.092291522184,2550.1561061673037,0.0,1341.9504536877203,1570.215967643315,432.6950760161673,204.55738913751762,1201.6441854638624,719.5239273722001,2847.532200627881,585.3438796011861,2266.9812024765915,139.63057566302433,1650.1005117955156,186.03960728586716,2712.501322841054,7586.9894127109055,394.96309808224237,1651.0953012747834,691.7901931886734,1432.6687323255162,1171.455562618809,352.3250447236676,3480.0493642584383,440.5823350117276,681.270001301836,1109.7965640924251,2460.0764114071394,1140.0486544057956,1790.0885267463602,4714.246711232598,888.8773158192835,1116.577654158015,460.03145980662356,5497.723223462173,745.0365051269107,4078.8859238470864,633.4179754977899,1431.4856910830404,1922.7091730089635,162.27029917637225
arc_pair_653762,1996.3758850973297,1641.608376985255,726.6714643050643,1939.3648519060062,331.9494892617757,1089.811766063371,1026.8039613881356,239.74316656798857,453.6120239922228,2077.035524982616,365.6139685976602,708.1456089200419,1077.5839043909982,452.2989093301395,1184.1164756026799,1259.852915237966,2976.8861740366247,3130.8690985836693,111.7064042484932,435.253154844591,770.0351979835862,543.5170113316935,1371.2281352902787,933.9017358853097,1053.065554930026,1704.9786527450224,725.6212839309032,2374.949250216492,111.04819598540837,531.340680921074,396.2975605161867,152.3601994727267,3645.849019831156,861.3621526961792,935.2649219306921,1269.0492317980104,341.2957357163613,4153.387164297048,1538.7056818615536,1545.5277021719355,927.8392023192046,229.1882793252725,2668.3930546728143,695.9838988870416,1341.9504536877203,0.0,453.9029154841368,1863.0734558999181,1254.5693231794053,3052.587451491252,2229.7489884530723,775.8723493542126,585.5092162751492,495.2858664357138,1339.90667609303,3337.6549039771107,1157.0711006892893,961.6233175157977,3827.4416899097805,1960.7790160657134,355.24649133885686,2076.692204401578,224.66842154559427,497.78703079115013,1893.1530237572333,1439.6549863299374,1129.4514206703861,1153.0599262057099,2386.9316234965345,672.6204174043986,562.2391600940279,265.1547545354638,2564.625482109706,1770.5602314966375,439.7100427942147,1596.6460642740385,3063.4298790850016,2183.8314897249716,1987.8794819635395,611.8457297161145,240.9066770467726,628.4285160536789,1177.032037954694
arc_pair_173629,1373.3425671789805,1653.718996390243,567.5408724899944,1718.962457334839,357.89904548626026,718.9715202343277,1010.1630823221335,317.693603730287,876.7921214338073,2043.3030116061234,505.6270199986267,666.84639876435,1186.0973707378294,688.6101864738473,1111.9479257154637,1509.4937381595958,2529.610158451128,2682.555255770102,401.90109212955014,468.7491408563144,890.1130077001955,410.0942074183816,1051.2781025221698,1217.1442653839867,1338.3962308272526,1896.0085646288421,944.6379985287008,2794.1298256022396,328.6881294748521,693.5111024463616,361.89254286534515,438.78527950922387,4310.854537106383,1048.1535753863498,630.2477329258435,1257.4112255857221,328.368352304376,4456.897082329715,1695.5937571192349,1304.727121247079,712.8205516547862,754.7819445991373,2155.919511490416,546.1632849367401,1570.215967643315,453.9029154841368,0.0,2138.125098043284,1383.7596491171166,3323.1124931967656,2638.685774214705,645.005578250202,683.6535918142207,468.88784874476676,1639.2652889312242,4225.513821409533,1341.4153603009315,555.074702029193,3072.1900601993593,2296.2004876282613,365.51887766134683,1852.162699783496,356.4084423552977,609.7482251887848,2246.0248349066396,1060.1247705774629,965.2743821829458,1399.375286814048,2342.29826303917,550.6797539463341,412.75791518554075,346.079677869458,2358.2852558638097,1422.0138482938555,624.2637593630974,1511.022533162454,2552.6290112062065,2446.0195076377254,1672.924910251537,803.4558111454239,336.48045080273994,466.3998955487103,1408.0640466668442
arc_pair_441613,5283.37349785418,367.9037135185487,3339.10282352591,5016.043498450783,2734.348314737654,3975.865964604897,948.9149055010508,2386.538376166591,1134.1967800386137,1019.584595276613,1382.9719076425033,1436.0224486588977,3613.2671553858913,2443.4410747062534,775.3870451218339,320.2560379335321,6370.29945919279,7066.017260181765,2204.2612944327498,1629.1449894333898,1125.2806489956113,3016.276484482731,4296.428512527853,750.827440438947,588.9862930845545,133.5037907133491,1594.997338140889,666.2575189952407,2164.0778191418303,2923.1413590811517,2223.5626809597375,2275.2293953041044,1354.9073019614943,712.1760948735483,2232.1263953146113,1025.3403624843395,2407.427209352661,3146.7642990981585,4330.037860868258,4547.234695864007,1548.775579981951,2134.3171474886963,6160.562400387677,3309.8360102939982,432.6950760161673,1863.0734558999181,2138.125098043284,0.0,720.1881906709948,1391.8955290260901,713.8954459596832,3491.5625877642187,1128.2268496797722,2879.737710048331,268.42726314317525,1598.1490573612614,513.0150983252962,3671.976236464516,8652.357277610954,209.4591762759442,2392.708431310509,1153.9546184552346,2086.5242557630995,1896.2014451337939,510.53734831690366,4417.520490280171,915.2737568241856,742.6864978524918,1526.918248887836,3224.0713064458396,1806.4206670970775,2608.5441674482713,5789.761574314521,1766.1608564801252,1461.0415814467708,688.9529891069138,6584.902531107626,991.895663929904,5081.773053122427,877.4074448326146,2195.5554184489474,2793.5553501101454,481.40671139390554
arc_pair_497650,3556.986267733125,296.37891364369074,2022.7974183582382,3487.73899786567,1660.7351529556151,2689.604124666519,272.3182232206775,1344.4958149579593,731.6474147035315,446.94571932221993,645.737930697921,571.1851093817011,2077.304734780263,2016.2824630835678,205.27270838537817,453.9857620791484,4355.1974000069495,5223.339331916495,1579.7298017229668,969.0963766346314,1255.0667463953746,2196.0100386169515,2782.580504432241,298.72433750983015,267.30017123973033,532.451781759239,677.7311069649214,898.0534920570847,1308.6688652296446,1853.678389361608,1270.4479816402754,1623.7146814381767,1978.2868748253438,395.38701091009375,983.5000517194491,220.23794317008628,1316.2705422850163,2266.3221275905717,3165.6008733503504,3124.0109189499185,638.9702721786565,1705.6137641510904,4432.874007762997,2157.7771923904693,204.55738913751762,1254.5693231794053,1383.7596491171166,720.1881906709948,0.0,1267.8336594550592,774.1056401835253,2606.9378045107746,534.3675585945834,1962.5095146127283,428.9696820305964,1765.5948835545537,414.3425103806211,2306.2211786639245,6989.060901045208,626.7118649039749,1311.876445537537,436.44579817584395,1263.8974331346678,1059.3886284819966,384.67434869719955,2987.7257509160722,522.2846605025455,1128.243078361287,832.014959319841,2150.53461545594,905.3550520527641,1495.776485612359,3965.586253123654,515.7862026826418,1276.7337558748088,334.47622679309734,4689.746726111715,551.413256150138,3459.6898804292696,807.375005693228,1151.4922892663067,1550.2831455801995,450.8335971142212
arc_pair_298443,6212.082332334591,1007.4561245638713,3997.4393293279654,5743.182966496898,3547.484521781383,5032.612451714328,1462.4041967089854,3105.1514924748644,1982.9812464302456,880.3990434316445,2141.938501027335,1970.2784048166693,4036.5590182220276,4151.083048277767,1548.5540904636237,1489.7237426942484,6908.082716966074,8244.594478792957,3483.6379068374536,2556.0134552080763,2688.9098776021883,4570.0040689408415,5025.009313396124,1524.2503534374266,1395.0145377006536,1109.9145133861578,1712.3563150677167,449.64278027506106,3110.1338180420635,3792.7279665468027,2966.0756603536,3784.1030368338998,870.6873468444727,1664.1854376355022,2908.1249965615584,1360.7362390865208,3057.7528618786864,1318.1019579205483,5733.479041915707,5456.526832520669,1931.309962479387,3651.1553431995635,7227.682728982153,4162.056238655868,1201.6441854638624,3052.587451491252,3323.1124931967656,1391.8955290260901,1267.8336594550592,0.0,445.82396445370136,5064.28916578333,1929.093961096938,3903.9002359205156,1346.4863093982535,849.5891534948522,1629.9214891351849,4484.997807964262,10753.739622047578,915.8874610020752,2990.00663146544,942.8413406201109,2979.6474698022575,3102.2064372031405,860.7491031300475,5168.963332252917,1776.1423081656455,2398.641133956467,534.6439064898794,4209.651730193047,2419.648266608835,3364.9225941848,6409.751978680809,1707.335170425369,2861.3677710234642,1045.5645157352167,7455.8481218978,717.674232188309,5835.879690484732,2050.1265982904047,2860.537371853768,3309.4016514150862,1450.704462859575
arc_pair_240296,5326.335803366807,648.6261335198726,3305.398849214053,4859.6881790421185,2857.556770456958,4215.704967498798,1067.7072859538625,2524.5417050695837,1338.5827206027868,563.6208573657667,1570.5658858441018,1493.439933220935,3279.923247936655,3096.6491514290306,1084.80650483152,851.3854245818313,5968.034306430436,7125.982872803264,2627.589551197355,1988.653044647601,2000.482696057504,3719.406138241527,4219.690687096511,969.9354046681757,824.9037267936469,569.9733106663779,1361.436592914246,136.83090919361993,2397.948383923789,3032.3328630070832,2452.8497986950624,2857.200404867516,820.3958723214998,1116.2789835608576,2411.1946951522314,977.0853484608285,2393.491463840745,1509.3467585489311,4618.34564781565,4588.998125467056,1596.6641740390928,2622.3405861919373,6191.616544308443,3439.0791816281126,719.5239273722001,2229.7489884530723,2638.685774214705,713.8954459596832,774.1056401835253,445.82396445370136,0.0,4184.455305765844,1401.2415846243134,3159.923756475189,745.2669262156213,719.7245701677133,1058.3185614175457,3876.327782950796,9487.764694567139,376.84471719667727,2348.4510845287105,796.7788700071783,2349.185405792664,2388.558122732035,423.79737315351304,4455.992511618578,1391.5394236750922,1688.0461808201458,525.9372264740513,3423.464924866472,1998.9500548220017,2704.3999941452066,5399.961247914113,1451.407979010872,2195.4530717937873,725.3550738480349,6409.0494807073765,329.379633503277,4919.657230026735,1358.7797892248743,2268.6589373779034,2827.891933652169,963.6494589647751
arc_pair_627101,1459.492705838171,2997.3936705713604,884.3178620942023,1624.1658773827774,648.3922888128673,640.5414225168815,2276.030318999161,789.9069745433184,1670.1693942101886,3591.2739346857493,1309.7933694311257,1688.063588125449,1305.2548831064817,554.7102188052945,2239.158766909279,2656.78427562994,2185.7534936830184,2093.7563543804886,596.1643923334898,1228.6207685141942,1765.7000792679685,245.5818121258132,1103.8028898058185,2240.2872903489424,2455.2972787855947,3196.0956678540524,1675.1132711737355,4279.695716119365,577.5948151521891,561.1932378165359,996.8893926592255,426.92592905065663,6227.145867594308,2091.527012685318,1539.1148072883436,2602.347578979886,629.7991990493505,6530.617368099491,1200.2707410045398,1163.8146210209025,1757.1304246986524,823.7048382900889,1778.056695210382,608.3395158764597,2847.532200627881,775.8723493542126,645.005578250202,3491.5625877642187,2606.9378045107746,5064.28916578333,4184.455305765844,0.0,1643.7378448696895,431.86676462923714,2949.41033562381,5711.603423552151,2462.7208596151877,840.151233013854,2222.2261896746713,3741.41301693939,891.3189338612964,3584.869031592126,626.9158889834174,1209.596291629192,3644.4180304137335,947.0134851760437,1966.0985446014456,2404.147433162812,4074.4498067554446,617.1339236274973,1182.5346985278763,654.2106356694565,2214.135312420717,2964.002158579525,1167.1068836146085,2858.158581601924,2153.0780315605048,4010.3411904463155,1504.5806120266861,1897.1336587848994,822.9098220388843,873.4867302508455,2711.4836816552224
arc_pair_415310,2818.7564641358435,737.7382803754778,1399.5797096773242,2833.0419162035255,988.2219819422027,1894.0513572002915,277.92489860788754,664.2129588215175,277.409820728525,1153.1807533476924,133.47833992963683,153.24039127930686,1734.2802524491556,1229.9989778651131,470.9395495611824,600.497466356985,3812.313895882812,4315.524582389522,824.6416039857345,236.79844843208264,492.6781011763121,1315.5330971805422,2131.7621782218134,301.4912719267512,411.5419983688492,925.074598930313,435.6943322553244,1527.4795749145615,639.1902258862312,1211.6429930294657,579.1297133613913,871.3613342276881,2674.67113924181,215.3069031092877,424.0654607756043,470.3800630595029,809.7762168463322,3164.50273359431,2469.030653321414,2411.7322030007936,286.1449452953124,1056.6695520248695,3649.193379386918,1437.5454185322585,585.3438796011861,585.5092162751492,683.6535918142207,1128.2268496797722,534.3675585945834,1929.093961096938,1401.2415846243134,1643.7378448696895,0.0,1220.446336762802,648.3430443468471,2448.8951283393785,466.8471788681623,1539.6028612924106,5451.4420630981995,1159.4873242343908,813.7111833579849,1081.2613948294306,559.9098317735454,336.92429823049423,1003.446442111918,2228.0943847413555,369.3307404830762,674.0890434403998,1465.4152109102886,1415.949727335395,335.3395243151393,841.2312616532723,3489.218742247934,885.8637918255649,455.7946104710351,770.7458491268982,4028.38586157322,1292.2415440037373,2855.7502267100144,296.63069969187393,533.1357043977725,840.2344100562517,479.13502385450425
arc_pair_181820,1115.8180317086008,2404.591236406402,441.8377175637946,1185.504476571363,265.5419645242042,499.26110561769,1733.398204260692,503.4231082037825,1220.999152479286,2722.131133013396,923.2586306562857,1242.1038899066402,794.0621141514106,376.08070449685033,1774.1828921023905,2197.6848482971727,2005.8324358623736,2043.266872521806,398.29235892073086,921.7699770077651,1600.6363387024414,210.94014936294084,789.1737089531857,1756.5979211259305,1924.724690839984,2623.4936605380085,1205.9073687102584,3318.8526440978735,322.99156535688735,236.3886257382473,651.5768963247373,371.60759999630767,5083.92552522702,1671.8585337587374,1337.6474679950027,1915.7023240839123,319.06777500423533,4943.252124796781,1022.4302634231109,823.7685976735397,1306.8661784097312,622.0676436408503,1716.2086821962982,177.12899216833173,2266.9812024765915,495.2858664357138,468.88784874476676,2879.737710048331,1962.5095146127283,3903.9002359205156,3159.923756475189,431.86676462923714,1220.446336762802,0.0,2374.663723544892,4520.529651400506,2059.309628105786,660.1718034779726,2527.42911626756,3003.1282648467836,432.9318239590617,2727.0638720127467,317.36264288451156,1051.8086819946577,2857.8474414214375,750.6138741405106,1730.7740116809914,2163.5238855702864,2989.4563439603908,284.2805872905817,791.8110461246663,366.67454310227265,1841.2847487955319,2272.1944975953493,1040.764014283456,2142.6787338661597,2080.1485905838363,3008.3718547467483,1241.9550953615637,1439.1899773932817,467.7608050074884,674.0104745087272,2188.525339438377
arc_pair_302610,4542.009980594556,305.18767056003736,2656.3221592414448,4282.725590175754,2150.5405947990944,3299.8294711815265,449.0271210971151,1751.6980740647446,716.2072047125862,978.1313886734937,846.0011482474487,908.3561368184634,2896.7216842423713,1978.9464150649073,458.8900731486364,95.37695675616558,5689.744259706227,6260.75917306634,1667.4573647464388,1061.5190048580007,725.3458282668598,2463.5984341868643,3589.17963863386,304.50869921796254,181.49611516133697,197.09976324099804,1080.7824437049278,778.2101850041537,1573.9951235761482,2323.2328791740624,1660.9900714885337,1766.7929406431251,1387.897703325606,289.27747746214686,1538.7432367713634,534.4012936182882,1839.572054847835,2987.6234123591876,3671.3509695307202,3849.669132060982,1056.6710416589601,1674.199470382968,5430.923705016531,2733.0908795745468,139.63057566302433,1339.90667609303,1639.2652889312242,268.42726314317525,428.9696820305964,1346.4863093982535,745.2669262156213,2949.41033562381,648.3430443468471,2374.663723544892,0.0,1645.6322675277625,150.69352447983997,2943.314766734517,7754.890336132213,291.9605591844086,1830.1436599897788,964.1548025516174,1523.1999858993042,1279.0139957996007,437.03111482998867,3718.714601794307,504.079594262924,449.3343761838879,1384.3575271576615,2590.0772571621856,1309.899791726197,1966.6918001929914,5045.496308752622,1264.9323807252147,1033.5667683130177,588.3624168141835,5864.463018597828,922.002179525413,4336.176909303536,542.1830564799193,1595.6293091438295,2152.211650120557,133.19396137746494
arc_pair_423268,7048.008563764343,1662.2282850279064,4649.481152942904,6270.780752654995,4149.167502139956,5857.247566665576,2194.8222722878513,3777.6450437843455,2236.2049314546202,1585.2545118775056,2689.4643268900822,2693.9548742499487,4438.040988559076,4328.781343479253,2274.7838962545134,1749.4909564636903,7499.580024044981,8869.319587177446,3786.534794954783,3368.79270504866,3183.9471533052624,5273.4851770235255,5673.378977543582,1916.1446245954787,1705.7429252231825,1441.5566693266521,2211.741004620449,725.8647716960903,3555.7690023653313,4238.54401092174,3742.5943459666646,4170.198269020095,986.8586926953437,2135.266291520013,3877.6377697417506,2092.672692977573,3641.4988282274403,1361.606110435154,5892.624302217547,6057.233331594655,2847.311809085537,3658.7848720787056,7908.848808096536,4783.65252357138,1650.1005117955156,3337.6549039771107,4225.513821409533,1598.1490573612614,1765.5948835545537,849.5891534948522,719.7245701677133,5711.603423552151,2448.8951283393785,4520.529651400506,1645.6322675277625,0.0,1978.551131988541,5456.980830752024,11758.992755221872,1215.6465630720174,3629.8747409877033,1923.4021531451222,3503.004077778234,3728.1671147161933,1198.9528094195296,5970.4157406276745,2574.865743575378,2681.405987689397,1282.73592254445,4831.517357318429,3375.634435016731,3951.613336097817,6753.236926011232,2765.2988611334176,3407.051347092925,1879.1326460410191,8068.999735323731,1121.9392392326404,6466.864603695905,2434.8382137762596,3525.338649902315,4398.760823445462,1935.203210374145
arc_pair_380818,4062.2186966203003,391.31716228680074,2339.180345982732,3945.8388925944814,1882.4985248438388,2897.9331515712393,301.7254416745558,1462.7126757928,604.4314962630738,1096.855101365103,651.8323288556236,704.2575574370575,2606.290568312411,1742.4873627294485,372.8531922011925,124.30786922740197,5223.6536278241065,5726.756518292295,1447.4487846625616,814.3998806912352,603.6442831877681,2045.538502045501,3204.193491350328,208.44523283526692,126.66737501504112,394.481531380122,959.4937001332424,1069.8142379655894,1329.1922246212935,1987.1086162618142,1387.6799008323728,1464.7521161469315,1856.6587358625482,183.49606002449787,1177.9002512872023,430.61393986570863,1585.1965299653639,3329.1054785477195,3334.686661368077,3479.7143268354894,792.8819629244188,1508.103067434663,4961.496033757141,2377.1542799485683,186.03960728586716,1157.0711006892893,1341.4153603009315,513.0150983252962,414.3425103806211,1629.9214891351849,1058.3185614175457,2462.7208596151877,466.8471788681623,2059.309628105786,150.69352447983997,1978.551131988541,0.0,2531.307519492424,7020.938065811673,592.8306752058148,1610.1241887720485,1035.4189862689998,1283.8043658780102,955.2741476088275,615.3662942975433,3285.3172966949596,326.8258379003086,397.1814425213078,1539.4770945298865,2270.9212005843397,1039.9724663398645,1665.267485661634,4688.112433200629,1103.7644930624397,817.1163715494757,679.5168137569748,5405.054211500971,1145.7383084325659,3962.8140597678007,485.4380018023437,1312.4990498086786,1800.2120065817687,146.1152156234508
arc_pair_131562,1016.1418006658835,2852.7825748549603,186.55021754804534,1641.592254535431,481.52247454708936,593.2153567339191,1881.326404189971,514.6939142304406,1723.750277344148,2897.3421083082644,1192.738601641323,1405.4632554731293,794.7878903006638,1045.3515178395735,2137.45469180202,2783.889060696242,2233.636707696533,2449.684021529214,756.3287270257804,1256.9243088240753,2020.5163138903936,718.2456025574796,690.6166332531883,2255.355324973006,2423.772919669142,3312.2104037965605,1389.9048531697244,4043.5439626764787,661.3799349055283,766.9525564830687,850.3040342536962,905.2521624696901,5484.031021706122,2165.761460463997,949.7948053851187,2145.765317142132,508.4310212210457,5023.053246037159,1792.5254240633108,1161.8688368699145,1438.3558211343793,1115.6510524726789,1940.1087315615457,510.60651739577725,2712.501322841054,961.6233175157977,555.074702029193,3671.976236464516,2306.2211786639245,4484.997807964262,3876.327782950796,840.151233013854,1539.6028612924106,660.1718034779726,2943.314766734517,5456.980830752024,2531.307519492424,0.0,2672.5191225572726,3669.3837123632634,490.12041944231515,2579.2663442437633,857.0431710852563,1351.2390204634503,3292.418139667554,872.050610230995,2037.98986220032,2687.9561986381514,3037.969828525215,564.1423402561575,1054.858058568601,441.73441631273823,1952.2745411761186,1863.5875172320696,1559.4846000287473,2635.3600131122917,2244.7003530412217,3325.210783747803,1510.753819632225,1820.9066832701365,719.9082454700107,752.2581603932656,2562.373644134409
arc_pair_189627,1164.4417894725032,7808.78705852184,2798.7233636050255,1390.824115418842,3028.787477872324,1499.3206556288246,6485.118853382731,3554.084259153032,5585.555941251802,8297.162443720417,4807.265848183028,5299.009417465503,3207.6312436932685,2920.738485228756,6370.453345790248,7325.384734503245,1971.12547968178,1005.566309812716,3384.7900773223564,4565.551678597897,5498.636065182341,2264.5223376031217,1692.7098527637906,6621.939175486681,6943.710760966924,8142.079082632823,5506.745108706726,9688.422053425078,3387.030870639213,2578.0680526425645,3808.1094149578466,3173.032229519951,12452.271653133937,6430.279693153522,4677.895741039106,6867.5668883847,3289.0792104040415,11675.514421938386,1681.4002232506987,1546.3824672212813,5365.271691508891,3855.971089273054,1119.1918311797658,2308.8540386164195,7586.9894127109055,3827.4416899097805,3072.1900601993593,8652.357277610954,6989.060901045208,10753.739622047578,9487.764694567139,2222.2261896746713,5451.4420630981995,2527.42911626756,7754.890336132213,11758.992755221872,7020.938065811673,2672.5191225572726,0.0,8977.748488784759,3543.94523141172,8101.051801620436,3472.2846849396624,4440.635793050081,8862.710564081606,1655.7096259704635,6176.170858626426,6672.5616619323155,8747.489911208193,2156.372176884421,4269.030525036858,3246.809042663484,1965.9239736582028,6800.609432938124,4601.819648631291,7248.005658690534,1559.9464118819196,9076.901281774579,1345.4083258207854,5861.766831554263,3643.0609233980144,3396.3043109174837,7453.91426110575
arc_pair_666742,5301.023453197925,327.1605371273651,3276.5274526979024,4933.858975705887,2774.2898092096416,4021.2821316960503,872.0650144024045,2377.352627918094,1153.0366337845994,654.7356099363951,1382.2031110384553,1403.0031698711946,3419.9180151513556,2651.8805534775415,817.2184548036203,397.4985015385032,6257.478682603604,7086.238426407667,2329.789588274031,1697.0959702753837,1354.2640582847152,3268.181704499834,4228.219141384531,722.1016282643461,566.9507300449768,140.91897286439593,1417.8243202646995,384.09339164733325,2199.110775634846,2928.275384665814,2288.3799050972502,2446.032565938225,939.0698957938514,762.4119750528536,2190.579630284079,904.9943549851072,2369.171475874974,2496.3851633492604,4374.621015874894,4529.0583617699995,1514.6838245644572,2286.086142782057,6169.056701866949,3377.902219537908,394.96309808224237,1960.7790160657134,2296.2004876282613,209.4591762759442,626.7118649039749,915.8874610020752,376.84471719667727,3741.41301693939,1159.4873242343908,3003.1282648467836,291.9605591844086,1215.6465630720174,592.8306752058148,3669.3837123632634,8977.748488784759,0.0,2352.659337673698,837.9640750103388,2156.9486991907047,2030.9507462979848,241.8401943238484,4413.807655459608,979.1593885365987,982.8922405843687,1056.5172528427634,3261.0776140613607,1851.6402827674663,2593.950378796085,5600.192163287064,1556.5990742351705,1680.3661927590972,544.5642186130399,6530.728519733173,564.9301679435035,4974.432463899658,997.468276933634,2191.6584905629243,2785.3279944679985,500.52779996921794
arc_pair_318555,1351.9311377859017,1817.6444271898283,285.15096763727263,1521.1441738555638,113.22671697067791,773.7965294962015,1065.7441958193747,182.64947389636015,840.3741948515695,1834.7508337597883,528.0919255841713,705.2913572077737,639.3227093403276,799.7242961286778,1287.135552504906,1750.3236477664316,2243.845573520091,2655.5971172289037,313.4674826208006,689.1746663292174,1427.7936258776665,668.6278956013306,879.2213289575128,1263.6120966966848,1408.8301884998818,2128.430281893861,693.0942130208393,2564.335302998817,217.89550839791556,532.2143716183957,387.38565167559653,490.3028592103353,4001.927399898847,1243.3074104089615,768.5755574539024,1185.3773457347736,106.08156543900122,3452.6944055325703,1641.42320132453,1199.162109975319,824.8810155487646,558.6950151476301,2145.1145828146687,400.58747042844084,1651.0953012747834,355.24649133885686,365.51887766134683,2392.708431310509,1311.876445537537,2990.00663146544,2348.4510845287105,891.3189338612964,813.7111833579849,432.9318239590617,1830.1436599897788,3629.8747409877033,1610.1241887720485,490.12041944231515,3543.94523141172,2352.659337673698,0.0,1690.1131275918538,336.5991075966111,852.6969418735873,2084.9559689049984,1047.5033649780612,1374.214427574987,1886.3856927449715,1902.5428970906544,497.79278742970064,521.2938303841808,122.88241647316377,1960.3686490269868,1269.1190167822704,1015.6395172081543,1558.2314354588334,2403.776496405719,2033.3920768738599,1529.5194233544034,1002.8387506520693,208.37176726547028,433.39604146118694,1621.4000555484336
arc_pair_551110,4020.7578954458922,450.1846836565156,2364.0677069704725,4231.816772606152,2224.1472534670356,3294.0064026490354,586.5843451125303,1805.1788820729919,1411.614300433428,220.9217207460786,1210.0376849221634,959.2721918505778,2570.2215664831033,3060.649561297653,677.3481128690048,1029.57174437117,4925.238977863008,6143.805675518063,2403.8239298245235,1586.8107987074231,2038.5529317355056,3126.8325234373237,3252.6729086789182,912.1731593125513,871.9514777495064,875.7102053798517,1018.7483181432971,932.2144816067058,2033.8701772667002,2681.126655418001,1738.2092935738308,2586.936663765577,1842.626490788434,1026.442894766971,1267.6024944410553,508.5816231365421,1812.7347028655918,1621.049491954566,4352.673578969696,3839.07864106645,871.6058816802637,2673.286035641918,5186.0402230408135,2754.605373259484,691.7901931886734,2076.692204401578,1852.162699783496,1153.9546184552346,436.44579817584395,942.8413406201109,796.7788700071783,3584.869031592126,1081.2613948294306,2727.0638720127467,964.1548025516174,1923.4021531451222,1035.4189862689998,2579.2663442437633,8101.051801620436,837.9640750103388,1690.1131275918538,0.0,2027.3833132577602,1889.1595323002093,505.7448878199442,3569.059064429113,984.1887721131093,1925.3317164744683,342.9947786459501,2836.04500632451,1316.0367662649762,2022.2159872225766,4574.588034485969,362.1612442931036,2087.0956643627947,377.14827660318576,5352.180736265014,411.89904186097544,4136.7206988528,1383.7763405770515,1690.5064025692789,1930.5086754560668,953.2975767039856
arc_pair_362283,1665.4420564895565,1662.0295880850417,642.6831310866512,1607.7088189278863,265.7397993862073,834.4582981072863,997.2310227456823,279.90144817986095,572.1534465605163,2035.1762290995225,355.3249784179161,598.7320240149726,927.5854907306845,473.9831622861244,1142.8782498313212,1406.2473714395119,2506.7642941954805,2697.2953095159855,267.33834437076007,382.78588759011666,919.4860458721284,412.5084700459563,1124.1363505790998,963.3489750567884,1143.0804035664626,1849.2165019829292,601.8792007389245,2504.7480398276466,138.3033041805181,380.512053505937,309.8211894683512,272.2909186035281,4031.4795142284834,895.0461898703234,802.4118739426763,1189.3574894144263,239.84513418346805,4077.8317480103356,1315.1654358645408,1215.292192023496,732.9276812078184,462.56867360202693,2260.492200516709,487.84451797450305,1432.6687323255162,224.66842154559427,356.4084423552977,2086.5242557630995,1263.8974331346678,2979.6474698022575,2349.185405792664,626.9158889834174,559.9098317735454,317.36264288451156,1523.1999858993042,3503.004077778234,1283.8043658780102,857.0431710852563,3472.2846849396624,2156.9486991907047,336.5991075966111,2027.3833132577602,0.0,483.8695557957301,2020.9844589868858,1090.480124965813,1021.266706493088,1374.6401796252908,2304.698024858124,494.5116903032843,378.72411243030547,261.88748754616455,2280.8086847965956,1668.4079202977791,519.7774926922413,1485.439882147865,2626.6929693123593,2223.7375973279786,1649.5677150683819,778.0071485768201,192.33606159431386,454.0300707934213,1333.5518757922184
arc_pair_308922,2471.7609329355173,1465.6294614513681,1279.4032213174764,2592.655522415859,872.094686224417,1588.523247741014,764.5680892025589,602.3427726616171,394.6764716237898,1927.604628381396,237.4396902205863,419.9922105786905,1623.0313737092451,1037.9554504674138,942.5950554399622,1202.0834068174288,3425.232686652096,3699.836799589231,684.4193211460678,178.7646840298494,604.4056043710048,973.0793818892097,1895.6820601214833,730.1863880088039,899.183637949331,1709.7742806836902,714.7056180926568,2546.5097278205767,551.1887270056916,1002.8844416987695,520.127421336252,613.1214659515567,3946.5934287705054,621.8958065397703,457.3227854059115,1010.377813975803,784.1274669357705,4499.722327752246,2067.6836014288733,2137.54444430767,591.3782216149199,883.9067807129876,3165.0981804216353,1267.6858320790104,1171.455562618809,497.78703079115013,609.7482251887848,1896.2014451337939,1059.3886284819966,3102.2064372031405,2388.558122732035,1209.596291629192,336.92429823049423,1051.8086819946577,1279.0139957996007,3728.1671147161933,955.2741476088275,1351.2390204634503,4440.635793050081,2030.9507462979848,852.6969418735873,1889.1595323002093,483.8695557957301,0.0,1824.0299598999084,1955.2644546687397,836.7875449652058,1056.9597774955357,2436.547800442419,1218.5647979587557,360.2303031356313,720.0353301424542,3169.2906974699167,1389.5199485599405,390.17425603163895,1514.0134197531174,3570.884723450294,2215.9857518780846,2526.3274086500423,545.021730575034,464.79910323992414,703.8860833652437,1027.7369937225776
arc_pair_56028,4926.359302089469,285.1164324023575,2920.1325532465494,4694.189759434736,2553.3634264917246,3794.5460356548087,657.4977455570504,2096.5952190550765,1073.0028446578056,402.0494297931196,1186.0429815308903,1154.5327556984685,2909.704576635643,2694.0041609799946,710.6272170558137,515.6718979512897,5804.137887388833,6789.387793284069,2285.474361809972,1554.5356057684542,1557.264493220323,3179.613779501175,3875.959272849177,610.8489145106872,507.1998933065567,331.5982361199464,1100.4416915955967,470.9644425080203,2027.0876197902905,2668.5177816973555,2068.7975183290027,2379.9150733571673,1075.5796674438282,734.7738259403226,1750.1235314994556,644.3175474056467,2093.975323138221,2120.2356733580104,4177.490808494523,4274.6423851465925,1216.6872992769909,2268.3204074244754,5908.338308068433,3121.413502394266,352.3250447236676,1893.1530237572333,2246.0248349066396,510.53734831690366,384.67434869719955,860.7491031300475,423.79737315351304,3644.4180304137335,1003.446442111918,2857.8474414214375,437.03111482998867,1198.9528094195296,615.3662942975433,3292.418139667554,8862.710564081606,241.8401943238484,2084.9559689049984,505.7448878199442,2020.9844589868858,1824.0299598999084,0.0,4126.471068455931,932.6486684523794,1234.5344143379607,788.3399379625902,3086.287194721476,1609.5108005736781,2289.0344024501746,5191.26241601531,1095.54862343356,1759.396604582493,423.09843273907836,6186.544641680818,330.56883382323554,4689.729746002821,1077.4516162340462,1935.61670120834,2443.998687601354,558.4106209467765
arc_pair_114572,440.0640954452231,3578.79962125969,729.5250662162342,622.593365690146,897.0223058005728,149.37035355215977,2674.5656885040835,1171.1772760329866,2377.5195662463593,3684.259147517871,1809.823916391431,2013.734064956795,695.1423207074263,1112.9644768860146,2767.759271430341,3442.769272861241,1260.1219653064777,1198.9426447122114,1252.645356388625,1836.3210585367049,2736.9756981012506,906.7903881022979,217.50934838607685,2871.7253324767767,3105.919735099893,3961.003289612656,1895.6048454190104,4666.052510755752,1064.1930144772452,639.1405427169785,1363.6453814238926,1250.7459907064724,6613.008627626494,2851.784672351624,1895.2106835764664,2860.9165051928426,829.3117015279345,5834.915120761779,729.7621477100345,245.62389166481992,2002.4418037326238,1626.190865694255,978.9905539902597,511.70136982486304,3480.0493642584383,1439.6549863299374,1060.1247705774629,4417.520490280171,2987.7257509160722,5168.963332252917,4455.992511618578,947.0134851760437,2228.0943847413555,750.6138741405106,3718.714601794307,5970.4157406276745,3285.3172966949596,872.050610230995,1655.7096259704635,4413.807655459608,1047.5033649780612,3569.059064429113,1090.480124965813,1955.2644546687397,4126.471068455931,0.0,2639.6107277572864,3424.1731128820466,3783.5429115771126,362.0804944387442,1542.4006099251856,992.8188383228825,1153.1249636318885,2910.8018751279196,2136.303517961871,3130.7105218094975,1235.1864615890277,4076.4054151815553,602.1585856381707,2574.4426217571986,1154.4947819728955,1125.9443597863904,3484.474580115874
arc_pair_622739,3463.282744497929,485.7975355836349,2023.3185381291944,3479.871327798049,1595.9883956151834,2334.0030495711153,262.4966615348626,1169.632679431244,721.1356653440918,1119.3324268658844,531.1707950154602,479.7160881640298,2388.0632691897677,1683.2163975676344,318.8163593637917,404.7165688601277,4443.466189402665,5024.573597443373,1358.9601082104402,625.6873917945118,670.3706287852887,1709.3581939474543,2703.7689689210306,304.75519244758374,362.73650812752675,672.6032083068828,732.3701705608478,1414.5221380357018,1129.2379074099306,1753.2363503523868,1033.3831748157295,1353.642977390745,2553.5653232280533,214.48715309754024,805.2717651653458,442.4243902059642,1258.933117156,3464.008485787324,3091.0774776125327,2951.1910586844106,482.5072857123104,1643.8849661370732,4246.972711658487,2004.9126298160406,440.5823350117276,1129.4514206703861,965.2743821829458,915.2737568241856,522.2846605025455,1776.1423081656455,1391.5394236750922,1966.0985446014456,369.3307404830762,1730.7740116809914,504.079594262924,2574.865743575378,326.8258379003086,2037.98986220032,6176.170858626426,979.1593885365987,1374.214427574987,984.1887721131093,1021.266706493088,836.7875449652058,932.6486684523794,2639.6107277572864,0.0,673.9550964997585,1498.6326598589874,1933.191571999818,673.1963336854294,1403.6685153121277,4256.569315445101,932.2505226688905,731.3547029656991,604.6210458775344,4634.506889920885,1355.8677221248415,3440.7739776335884,618.4536638250141,1050.1700786508004,1296.6406895520338,386.93057126996126
arc_pair_398859,4308.984066943755,974.0334771229249,2552.5237372192337,4124.834860227228,2051.666713803515,2949.4110304660107,833.169954095824,1606.7130371362643,733.3794635433503,1973.9134784003616,840.6652161809578,993.9058336695296,2984.96655542058,1550.667073818625,991.7658912456308,416.7869102529855,5675.517897233157,5801.086931260634,1372.344167388906,872.6513609011713,232.00931380208817,1972.6925420963073,3390.9814439009324,643.0796839421438,602.3762548000115,710.6742390964786,1367.266810921546,1617.3152396922387,1409.9365038708836,2139.824316166097,1522.5840634341469,1430.1132886700789,2123.8212933729455,458.652513934421,1498.2828181876362,1186.6324194461554,1852.977350879544,4540.49086856628,3350.386494249334,3641.6851608416628,1203.2366828855036,1345.147069175698,5082.563651473358,2546.7939590419383,681.270001301836,1153.0599262057099,1399.375286814048,742.6864978524918,1128.243078361287,2398.641133956467,1688.0461808201458,2404.147433162812,674.0890434403998,2163.5238855702864,449.3343761838879,2681.405987689397,397.1814425213078,2687.9561986381514,6672.5616619323155,982.8922405843687,1886.3856927449715,1925.3317164744683,1374.6401796252908,1056.9597774955357,1234.5344143379607,3424.1731128820466,673.9550964997585,0.0,2443.0820561491073,2324.326349232991,1302.1811309089642,1829.0695643471067,4972.417413786532,2054.1173079143264,606.1586764209427,1389.4652099142822,5654.357241703414,1979.0757847319212,4139.736720093653,421.21083733735946,1529.862402985886,2072.8983572510197,378.3146760935821
arc_pair_22407,4376.8398393655425,895.6169878967082,2624.2880082685174,4310.95649244921,2474.9483375219743,3651.3716628334278,1016.8464708192129,2124.917254497564,1641.1609156192023,349.8552915878969,1545.711691070426,1308.923844184763,2694.3664415466274,3447.1324402588743,1165.3415716965674,1470.723576808964,5027.992542680236,6417.896381827049,2708.0648434654186,2037.7022145853753,2551.094234612699,3653.51871754183,3465.269566645722,1278.638497315894,1227.3762813240244,1214.7849462218487,1126.8538140484795,679.4516948066356,2314.89222443339,2889.9283688921028,2061.3471478995066,3034.2461966215383,1543.4299783338558,1463.2654423907368,1859.9659360706382,860.6414813845317,2029.7498989376952,891.3791263171836,4641.71517608202,4032.372108930603,1236.3894182517495,2947.394661620075,5450.118594890175,2969.3694278821704,1109.7965640924251,2386.9316234965345,2342.29826303917,1526.918248887836,832.014959319841,534.6439064898794,525.9372264740513,4074.4498067554446,1465.4152109102886,2989.4563439603908,1384.3575271576615,1282.73592254445,1539.4770945298865,3037.969828525215,8747.489911208193,1056.5172528427634,1902.5428970906544,342.9947786459501,2304.698024858124,2436.547800442419,788.3399379625902,3783.5429115771126,1498.6326598589874,2443.0820561491073,0.0,3098.741590234312,1692.245678565402,2314.0832434346307,4647.728635461032,754.8897761861407,2546.310499064813,743.8604553164827,5553.302555263806,352.5891762169096,4296.787220656861,1709.489806458613,1971.028104701353,2290.705113830897,1420.9700082623117
arc_pair_89302,732.789525327858,2659.46194087439,325.70263734653037,842.7006386716785,373.86797908650544,184.62803044627205,1855.9230368217843,592.2325589412243,1445.989865848547,2916.963301546768,1056.6501160075481,1354.4007481357328,426.7176176635153,424.2423211725473,1999.2912713553035,2410.015283464849,1700.9050058361333,1663.7621445570583,528.5814243633412,1092.0948014678565,1755.245057865264,420.1336208640482,382.4821209640646,1951.4112582197047,2140.2235912557926,2892.470221791594,1280.4334197064645,3609.741088403733,440.17292507280763,235.32416720627705,817.5783221297245,574.6029009298195,5264.437972010351,1891.2412922852063,1367.869734712577,2070.7583100257884,379.2172939504206,5070.064234866997,777.3459504121505,463.4931197622679,1468.3189696470554,760.1627411523602,1346.797694166446,173.80105813323704,2460.0764114071394,672.6204174043986,550.6797539463341,3224.0713064458396,2150.53461545594,4209.651730193047,3423.464924866472,617.1339236274973,1415.949727335395,284.2805872905817,2590.0772571621856,4831.517357318429,2270.9212005843397,564.1423402561575,2156.372176884421,3261.0776140613607,497.79278742970064,2836.04500632451,494.5116903032843,1218.5647979587557,3086.287194721476,362.0804944387442,1933.191571999818,2324.326349232991,3098.741590234312,0.0,971.4657683250842,450.7757456447833,1432.7423572529956,2322.869452798478,1277.9599075235985,2370.0664159563134,1690.2465762427687,3188.430997457573,867.3785550544575,1598.0592855189993,593.9286446963408,790.9055863505044,2387.137137947771
arc_pair_356499,1994.4222333809316,1179.7886941160582,992.1891108021113,2139.889030808496,593.2664328061526,1252.6492250766266,602.964143938261,408.8911634329655,445.5293525259629,1456.143339658968,193.27100875432956,278.7554737639551,1329.531297832067,1115.9210970550014,755.563729810115,1204.781749255051,2881.1751121016273,3326.4768075154307,711.8269423336207,179.35379771716495,843.1999170001063,917.558637803743,1525.413502220029,769.5002634930536,937.8027562628189,1538.4065120050973,414.8106471282224,2139.14086512836,482.3188921443284,898.4831802234345,241.9771503591397,718.8352694841564,3663.474648918273,679.1812748392147,402.0977040227171,745.4631040558809,512.1743290644858,3608.5092736849806,2093.9337113215147,1744.4720221951625,306.20389806761233,1073.1378964392616,2751.270972766617,901.9160632214331,1140.0486544057956,562.2391600940279,412.75791518554075,1806.4206670970775,905.3550520527641,2419.648266608835,1998.9500548220017,1182.5346985278763,335.3395243151393,791.8110461246663,1309.899791726197,3375.634435016731,1039.9724663398645,1054.858058568601,4269.030525036858,1851.6402827674663,521.2938303841808,1316.0367662649762,378.72411243030547,360.2303031356313,1609.5108005736781,1542.4006099251856,673.1963336854294,1302.1811309089642,1692.245678565402,971.4657683250842,0.0,549.4707926827228,2795.539934557987,978.9827945311072,491.18502747240893,1011.3729478237021,3091.108961708286,1741.0907100640406,2128.9548457033247,581.3254046781874,264.40008361272356,317.2635764459363,1083.5041295416192
arc_pair_674772,1386.6245479257996,2010.1244650247072,297.8148265173438,1584.6712139791784,132.21346777692665,699.5492833988332,1204.7771933796416,82.42641223259412,859.3835017034586,2147.89401645154,513.6549492865304,790.0901290306193,666.3494638698045,651.1831242788578,1471.9855275148218,1847.74785060462,2337.0008500657023,2597.7375715801318,202.32720092585154,624.7697539510971,1299.4920204944247,464.48712599090777,876.0090030501088,1341.9114313606906,1512.917542630191,2309.252125456701,737.7565807363283,2886.2584715614926,112.71078976877119,423.7045992947855,351.76827226854414,292.3537879419129,4277.93648062663,1297.2612576389624,740.5172572691962,1411.168845835708,123.74288292019583,4078.790753239206,1493.5546508360285,1183.0167227263441,911.9180853129627,422.48227500785237,2144.2203980685144,382.84122547754504,1790.0885267463602,265.1547545354638,346.079677869458,2608.5441674482713,1495.776485612359,3364.9225941848,2704.3999941452066,654.2106356694565,841.2312616532723,366.67454310227265,1966.6918001929914,3951.613336097817,1665.267485661634,441.73441631273823,3246.809042663484,2593.950378796085,122.88241647316377,2022.2159872225766,261.88748754616455,720.0353301424542,2289.0344024501746,992.8188383228825,1403.6685153121277,1829.0695643471067,2314.0832434346307,450.7757456447833,549.4707926827228,0.0,2048.0305192830324,1562.223745129331,846.3596450702089,1823.0717982039848,2462.0282785741933,2365.414262946356,1538.965838943484,1057.2683134088159,170.9766417258252,424.41852998086574,1695.166386014649
arc_pair_676221,738.5491645865384,4989.066751614492,1598.7903703097222,475.44120970062846,1908.367538691413,1183.6983271939407,3992.250377255645,2352.993724569028,3450.0600234193885,4616.667131261864,2967.8973524924468,3128.078714810123,1318.9001959279326,2334.0950865520367,3943.109662589596,4761.51549582611,402.59098556141515,457.51693696116774,2425.5979532570536,3268.4171849317872,4305.187103469027,2244.3854574550246,765.7063024741549,4008.0307172242856,4220.505771774434,5235.307955461114,2935.606219679545,5628.782312465713,2187.516129902249,1510.157939666009,2595.7021618086264,2479.325305370881,7930.71155099164,4232.646138449895,2975.9764411657047,3983.3876844307597,1800.855808081256,5981.225308011939,1029.6536471650904,913.6338692563016,3243.4722456806435,2611.8023132399117,351.8076284469155,1517.0402853528637,4714.246711232598,2564.625482109706,2358.2852558638097,5789.761574314521,3965.586253123654,6409.751978680809,5399.961247914113,2214.135312420717,3489.218742247934,1841.2847487955319,5045.496308752622,6753.236926011232,4688.112433200629,1952.2745411761186,1965.9239736582028,5600.192163287064,1960.3686490269868,4574.588034485969,2280.8086847965956,3169.2906974699167,5191.26241601531,1153.1249636318885,4256.569315445101,4972.417413786532,4647.728635461032,1432.7423572529956,2795.539934557987,2048.0305192830324,0.0,3732.285980230582,3677.294230439719,4394.697425416573,343.2822768802105,4899.713505434186,297.9066700362909,3884.792668306634,2213.571630102722,2264.437109231805,5072.209570490296
arc_pair_241784,3104.0190557269443,907.0428523694993,1780.7068155145646,3511.1128720837332,1735.9572952746528,2651.5835205930766,472.56618776371363,1371.9505077189344,1310.2162066802282,621.0159414831033,952.7214133100135,672.2954497869198,2068.8929566864217,2751.3018313404873,579.3202983693988,1286.1203351793074,3970.960366134217,5108.173915804506,2047.6861190070035,1278.6779749817345,2007.4376934404836,2585.2943657472083,2541.7886320906678,863.484539865009,894.7670758550256,1473.7455339287826,893.768936494423,1653.3756051589278,1661.1729585431926,2215.4878971055964,1360.4139571241385,2201.6576543725605,2881.929785526468,968.5027162400879,705.8789896084006,362.05942287043825,1412.1043437217288,2100.820311718708,3756.766250345428,3174.65317502452,573.332971061379,2391.7712793734454,4206.563293181524,2220.82299900974,888.8773158192835,1770.5602314966375,1422.0138482938555,1766.1608564801252,515.7862026826418,1707.335170425369,1451.407979010872,2964.002158579525,885.8637918255649,2272.1944975953493,1264.9323807252147,2765.2988611334176,1103.7644930624397,1863.5875172320696,6800.609432938124,1556.5990742351705,1269.1190167822704,362.1612442931036,1668.4079202977791,1389.5199485599405,1095.54862343356,2910.8018751279196,932.2505226688905,2054.1173079143264,754.8897761861407,2322.869452798478,978.9827945311072,1562.223745129331,3732.285980230582,0.0,1929.3682811437202,776.1898921640272,4369.589187295762,928.5939796237935,3383.938281392837,1368.1074905524943,1253.9206233781129,1387.0224634085812,1134.6511206473522
arc_pair_172674,2873.770241797258,1336.7083231029605,1492.6432076865922,2862.017499674864,990.2307798506877,1704.739371306259,932.9087219234311,669.9963579163565,361.238593269079,2131.2436263523805,349.01178769520595,705.2868999947783,2003.641576157487,822.4668543302813,1051.977303903771,905.8918862082069,4006.2746844255776,4108.030564600127,574.4879794902693,259.63544722795245,251.7966425307838,890.241429984557,2177.76233679934,802.8529715516771,892.16743543597,1296.3804677088588,821.7390042321052,2204.983674597984,551.2066013557916,1124.0015950092356,547.7459185628883,525.9755858167752,3336.2955011520567,624.1417361758351,938.5074140568536,1290.6492444399103,922.5036406554419,4744.894494301278,2261.952386752277,2361.370889806333,877.2059042131173,738.1920236631513,3542.393244767651,1379.854075365607,1116.577654158015,439.7100427942147,624.2637593630974,1461.0415814467708,1276.7337558748088,2861.3677710234642,2195.4530717937873,1167.1068836146085,455.7946104710351,1040.764014283456,1033.5667683130177,3407.051347092925,817.1163715494757,1559.4846000287473,4601.819648631291,1680.3661927590972,1015.6395172081543,2087.0956643627947,519.7774926922413,390.17425603163895,1759.396604582493,2136.303517961871,731.3547029656991,606.1586764209427,2546.310499064813,1277.9599075235985,491.18502747240893,846.3596450702089,3677.294230439719,1929.3682811437202,0.0,1477.0531536243468,4055.2276080977936,2317.669409330143,2862.1430316988667,369.72038455971955,622.5277974744068,903.699595044724,846.8647980792085
arc_pair_663598,3800.192953271467,195.63825493050965,2362.6002267548033,3663.564865648266,1915.688184949521,2864.4204945922606,491.58530675689,1614.2436231421723,1072.0232528061933,435.5853509974087,935.0960983969588,790.8912412563734,2534.291873494727,2305.214585112796,372.4503392772634,589.5757032469643,4654.711861021462,5507.96521559016,1901.397668058136,1175.6523173146766,1474.0592379488164,2434.4976412784395,3070.474669032961,609.0096088377802,592.1225747756631,431.9452046182664,904.4538606041658,859.9363210355964,1598.434131697399,2177.125375691893,1464.734412886443,1947.9403535027213,2039.2910038324678,640.3705177612447,1372.2646769303042,448.5724346543106,1549.7990255510706,2322.6538914973808,3541.2344558160967,3310.96525718866,746.7632531218038,2185.544640298337,4692.815688230632,2358.707168842928,460.03145980662356,1596.6460642740385,1511.022533162454,688.9529891069138,334.47622679309734,1045.5645157352167,725.3550738480349,2858.158581601924,770.7458491268982,2142.6787338661597,588.3624168141835,1879.1326460410191,679.5168137569748,2635.3600131122917,7248.005658690534,544.5642186130399,1558.2314354588334,377.14827660318576,1485.439882147865,1514.0134197531174,423.09843273907836,3130.7105218094975,604.6210458775344,1389.4652099142822,743.8604553164827,2370.0664159563134,1011.3729478237021,1823.0717982039848,4394.697425416573,776.1898921640272,1477.0531536243468,0.0,4981.594698719112,601.3502185309759,3719.844323923178,1015.2890611005247,1403.288180285579,1691.1304545699184,662.6302125925565
arc_pair_297765,797.6036221342365,5686.665402639802,2032.3084576556848,674.2987517728278,2239.937770724267,1251.8383316723437,4644.187038562317,2767.8603559851317,4131.763921732754,5468.005259467591,3488.3736039036917,3597.3948551740878,1864.8802777231192,2687.24783901512,4445.409067667377,5481.479085917497,125.68692038720307,289.5422805394695,2843.0311717261698,3680.2937233048956,4825.393483681044,2354.344411888368,998.8400365485502,4687.303764857223,4960.365285941604,5981.972455896281,3534.52627119871,6633.372607901009,2594.1876931426646,1881.6993237853317,2924.3452912873845,2808.3330798972643,9425.236723257338,4831.76072198839,3387.767350906723,4657.56385364941,2165.756424382956,7261.226109725157,1302.8024565541332,1046.9415408257792,3668.457143683863,3199.5318238643495,113.28192657329595,1755.7838586216633,5497.723223462173,3063.4298790850016,2552.6290112062065,6584.902531107626,4689.746726111715,7455.8481218978,6409.0494807073765,2153.0780315605048,4028.38586157322,2080.1485905838363,5864.463018597828,8068.999735323731,5405.054211500971,2244.7003530412217,1559.9464118819196,6530.728519733173,2403.776496405719,5352.180736265014,2626.6929693123593,3570.884723450294,6186.544641680818,1235.1864615890277,4634.506889920885,5654.357241703414,5553.302555263806,1690.2465762427687,3091.108961708286,2462.0282785741933,343.2822768802105,4369.589187295762,4055.2276080977936,4981.594698719112,0.0,5913.04319177728,458.4352210552169,4541.663696419957,2589.176128030721,2453.6139205213226,5869.842031700539
arc_pair_35858,4753.613999462559,626.9417275989415,2851.7657252007175,4552.582986075647,2565.1884209259993,3851.2064050753243,869.3612766483495,2199.7479543448726,1365.3259719733783,219.52841288104474,1401.8482319538255,1252.6937164582666,2732.794730714789,3137.5639792842103,996.0132512406232,1037.5012923188335,5408.832218263349,6686.31130452336,2578.5610605132233,1884.7636766775947,2223.717308404754,3577.927118732979,3741.4014850769654,943.0247295959445,864.7966084376795,804.8614032185106,1095.2271059101433,480.30946036098635,2245.3684188890384,2834.795217772464,2180.0415323479715,2770.2941999866,1278.7756602719464,1164.3770544293266,1860.6414557328153,724.013207675125,2107.531023371921,1318.314580490429,4421.448135813812,4207.001499608641,1310.7042246923222,2619.9745281455216,5774.320166901919,3146.49935170926,745.0365051269107,2183.8314897249716,2446.0195076377254,991.895663929904,551.413256150138,717.674232188309,329.379633503277,4010.3411904463155,1292.2415440037373,3008.3718547467483,922.002179525413,1121.9392392326404,1145.7383084325659,3325.210783747803,9076.901281774579,564.9301679435035,2033.3920768738599,411.89904186097544,2223.7375973279786,2215.9857518780846,330.56883382323554,4076.4054151815553,1355.8677221248415,1979.0757847319212,352.5891762169096,3188.430997457573,1741.0907100640406,2365.414262946356,4899.713505434186,928.5939796237935,2317.669409330143,601.3502185309759,5913.04319177728,0.0,4541.2111366201125,1444.318236970564,2006.2589485324293,2438.4183167719075,1059.2680818894448
arc_pair_642267,424.19492300726296,4261.287342571842,1240.0211078746245,146.61486011342132,1419.5945590800277,597.4844339971271,3351.479944599942,1799.6052403773608,2912.957963077881,4205.431705056931,2371.8245737046705,2557.617766365976,1080.8602586269312,1659.7060091348492,3319.689446606173,4070.7063935898705,554.3511576996892,431.2110006066626,1832.6229548222816,2527.766624101608,3461.788401684931,1504.7420165484434,443.21795473974606,3406.760326692472,3634.5010839303495,4545.900291177285,2443.455543707178,5146.589989819916,1613.7402870475883,1026.8511798221978,1974.9347007314043,1825.1547289806983,7401.396178869804,3508.673057481358,2473.3583142694515,3424.0820618432017,1322.8313199737092,6077.531831167204,589.7541906469274,450.8931135615631,2646.350750201461,2099.6852191916387,301.54693442860156,997.3618246869437,4078.8859238470864,1987.8794819635395,1672.924910251537,5081.773053122427,3459.6898804292696,5835.879690484732,4919.657230026735,1504.5806120266861,2855.7502267100144,1241.9550953615637,4336.176909303536,6466.864603695905,3962.8140597678007,1510.753819632225,1345.4083258207854,4974.432463899658,1529.5194233544034,4136.7206988528,1649.5677150683819,2526.3274086500423,4689.729746002821,602.1585856381707,3440.7739776335884,4139.736720093653,4296.787220656861,867.3785550544575,2128.9548457033247,1538.965838943484,297.9066700362909,3383.938281392837,2862.1430316988667,3719.844323923178,458.4352210552169,4541.2111366201125,0.0,3252.107344001531,1678.3267479918122,1656.7385726682876,4290.031658216611
arc_pair_656336,3255.8577320287295,883.759180478912,1623.9758561303865,3213.342051156155,1167.3686066158557,2183.82019255877,543.4926742658296,869.0047709956211,233.41055810972207,1449.6836356960544,294.6928822276743,483.2725827237325,2031.208869629201,1224.6056332067913,776.7153508951844,538.6625611371436,4440.147889881572,4797.897745850091,821.7407716004493,345.9116980654898,251.09350194120594,1514.0827901479272,2484.142015904375,497.7481964336645,505.9056486168112,794.6010979956412,686.0428916019797,1418.4560656181366,795.6935900046507,1502.5773601533024,736.7907569116688,960.0728462613536,2275.3919043552437,405.0773059159154,866.4644816656586,753.7422141904918,1063.2905997240955,3440.8856441724038,2827.051618424982,2754.4948334638675,699.913612302969,924.2919373733571,4109.714488520429,1684.57485795288,633.4179754977899,611.8457297161145,803.4558111454239,877.4074448326146,807.375005693228,2050.1265982904047,1358.7797892248743,1897.1336587848994,296.63069969187393,1439.1899773932817,542.1830564799193,2434.8382137762596,485.4380018023437,1820.9066832701365,5861.766831554263,997.468276933634,1002.8387506520693,1383.7763405770515,778.0071485768201,545.021730575034,1077.4516162340462,2574.4426217571986,618.4536638250141,421.21083733735946,1709.489806458613,1598.0592855189993,581.3254046781874,1057.2683134088159,3884.792668306634,1368.1074905524943,369.72038455971955,1015.2890611005247,4541.663696419957,1444.318236970564,3252.107344001531,0.0,772.7100390082519,1149.354814856284,428.94671542833674
arc_pair_82539,1580.7167445553007,1615.6125926824498,560.0917685082676,1674.5380298893458,230.3025095957975,881.8826844856278,875.7609076448831,131.51537357619708,576.1707461167016,1789.4032073191725,292.3347784772681,459.9486975785132,834.2913768470899,788.261986682106,1064.403362888321,1468.20588454513,2416.5431515862815,2793.805391589591,319.9881825407625,372.68978588161866,1056.4083583612921,602.7620693671889,1083.8908443536177,984.2807101545365,1153.2787953535358,1911.3957090532779,506.5194539220387,2453.1621811280365,162.3298603742178,521.0590360885029,171.4221917601403,371.4362197147968,3948.8524272592463,936.7920903235731,570.5785799993148,1021.9051244113207,194.32424731594014,3682.7839493511506,1623.5363036937465,1329.0615245403214,544.5189313348621,602.5837673828471,2289.1613814242155,529.794574821023,1431.4856910830404,240.9066770467726,336.48045080273994,2195.5554184489474,1151.4922892663067,2860.537371853768,2268.6589373779034,822.9098220388843,533.1357043977725,467.7608050074884,1595.6293091438295,3525.338649902315,1312.4990498086786,719.9082454700107,3643.0609233980144,2191.6584905629243,208.37176726547028,1690.5064025692789,192.33606159431386,464.79910323992414,1935.61670120834,1154.4947819728955,1050.1700786508004,1529.862402985886,1971.028104701353,593.9286446963408,264.40008361272356,170.9766417258252,2213.571630102722,1253.9206233781129,622.5277974744068,1403.288180285579,2589.176128030721,2006.2589485324293,1678.3267479918122,772.7100390082519,0.0,231.36019882902175,1367.598819924309
arc_pair_558107,1482.87285087646,1976.9800553513105,749.19782406199,1728.611215573749,452.9829483678576,882.7788080195226,1190.6886681166195,346.45539875173944,959.8541108462714,2117.539385358192,565.515914142009,677.8182221660568,1055.0874911630033,1149.5176631046502,1373.509496029776,1995.3972529510309,2272.7703164858926,2649.9768420041873,728.8723760114257,542.4928828689261,1474.941880319401,793.094331342898,1140.8079187090036,1423.9875187082587,1651.7240598585272,2451.441685824112,716.0038477926616,3040.523343149042,466.21888612327587,784.8120889178836,224.66586247963872,701.1595647801298,4785.932188337843,1354.2795258521007,628.1723487749392,1324.4616568769118,406.4100303629558,4236.282941053492,1805.699502973507,1370.4714353795332,639.1936002962913,1135.8792602115307,2178.616915297199,672.799578326973,1922.7091730089635,628.4285160536789,466.3998955487103,2793.5553501101454,1550.2831455801995,3309.4016514150862,2827.891933652169,873.4867302508455,840.2344100562517,674.0104745087272,2152.211650120557,4398.760823445462,1800.2120065817687,752.2581603932656,3396.3043109174837,2785.3279944679985,433.39604146118694,1930.5086754560668,454.0300707934213,703.8860833652437,2443.998687601354,1125.9443597863904,1296.6406895520338,2072.8983572510197,2290.705113830897,790.9055863505044,317.2635764459363,424.41852998086574,2264.437109231805,1387.0224634085812,903.699595044724,1691.1304545699184,2453.6139205213226,2438.4183167719075,1656.7385726682876,1149.354814856284,231.36019882902175,0.0,1873.9368562277841
arc_pair_723396,4339.1213235300465,381.5896301932976,2366.679702677717,4248.238414909666,1917.3242138316728,3070.3443960079476,307.69915120516976,1462.9649212989757,627.687334846356,1049.3342059391136,665.135817422192,721.6108501438038,2736.7903109792583,1874.9772902876348,482.3140439655083,197.68578431383557,5715.396168383524,6202.748355356455,1483.5912231711623,814.4162230614144,564.3386782780598,2218.7697972258225,3401.4812798266325,263.7088434784133,215.08660324067876,378.3234576612242,948.6775806028161,1003.8081630100189,1375.230356195175,2154.8215265996455,1393.4992887688945,1582.2900609762726,1542.9934640545284,197.7718986510607,1227.5482330262498,488.44974164561756,1660.1709633700443,3142.0675836230366,3649.3785236833314,3711.7163727186135,840.9839516921003,1565.432824299187,5383.8774436488975,2505.9127072129236,162.27029917637225,1177.032037954694,1408.0640466668442,481.40671139390554,450.8335971142212,1450.704462859575,963.6494589647751,2711.4836816552224,479.13502385450425,2188.525339438377,133.19396137746494,1935.203210374145,146.1152156234508,2562.373644134409,7453.91426110575,500.52779996921794,1621.4000555484336,953.2975767039856,1333.5518757922184,1027.7369937225776,558.4106209467765,3484.474580115874,386.93057126996126,378.3146760935821,1420.9700082623117,2387.137137947771,1083.5041295416192,1695.166386014649,5072.209570490296,1134.6511206473522,846.8647980792085,662.6302125925565,5869.842031700539,1059.2680818894448,4290.031658216611,428.94671542833674,1367.598819924309,1873.9368562277841,0.0
