,arc_pair_48468,arc_pair_317765,arc_pair_360879,arc_pair_525253,arc_pair_147702,arc_pair_542791,arc_pair_51812,arc_pair_278644,arc_pair_234995,arc_pair_641664,arc_pair_537234,arc_pair_633408,arc_pair_298060,arc_pair_401567,arc_pair_228328,arc_pair_442525,arc_pair_556595,arc_pair_446862,arc_pair_130156,arc_pair_14361,arc_pair_348292,arc_pair_128415,arc_pair_578633,arc_pair_713548,arc_pair_334444,arc_pair_1586,arc_pair_295101,arc_pair_594469,arc_pair_599471,arc_pair_186105,arc_pair_380866,arc_pair_599975,arc_pair_591309,arc_pair_714628,arc_pair_126739,arc_pair_484212,arc_pair_387439,arc_pair_551617,arc_pair_340618,arc_pair_224210,arc_pair_629718,arc_pair_172464,arc_pair_729211,arc_pair_169443,arc_pair_663878,arc_pair_427240,arc_pair_649457,arc_pair_648092,arc_pair_653762,arc_pair_168526,arc_pair_560514,arc_pair_402772,arc_pair_426542,arc_pair_592911,arc_pair_243930,arc_pair_421878,arc_pair_220233,arc_pair_256246,arc_pair_257343,arc_pair_131562,arc_pair_732197,arc_pair_430700,arc_pair_551110,arc_pair_134015,arc_pair_156853,arc_pair_258567,arc_pair_669454,arc_pair_701792,arc_pair_75573,arc_pair_14975,arc_pair_390357,arc_pair_84658,arc_pair_371590,arc_pair_89302,arc_pair_17533,arc_pair_674772,arc_pair_674359,arc_pair_417278,arc_pair_317443,arc_pair_297765,arc_pair_642267,arc_pair_370525,arc_pair_723396
arc_pair_48468,0.0,3233.729137741773,4383.29666656594,2143.074857761407,1927.5386680011723,1018.7111984884976,4115.56997577297,5352.4881396934725,818.1330602206216,2494.5721568824015,426.4195154396918,3956.913729480429,999.2255113535714,1806.0234438050543,3187.9599580646473,425.38898189989925,343.5395560379214,2202.1345329316473,594.1852029304356,2934.9969947115924,4560.9101913037775,2825.96181030481,2359.792872387404,1153.8707275003692,889.3526596801064,2239.0883674063252,3718.7369779561363,474.94555740484265,454.48462728257545,407.36586554542964,995.268750650289,347.9422514095935,1693.112777900543,1535.6594447317345,2329.55952042572,4853.335098855863,3792.036651522706,1971.6391268789991,475.4726532120715,4040.2385215424006,1466.4217778480288,292.5745469795047,1884.725806986059,4861.999163069832,540.5808484319556,3099.3706736657573,1098.2070492739317,3464.1849378579936,726.6714643050643,1128.8111018194377,695.1615749305314,1014.4731676931461,147.3722983485292,2493.612776863918,817.0312608060261,3568.9004578686818,1713.4111228837644,2510.829132320724,4866.55764207158,186.55021754804534,217.4946386429806,1262.9473985707239,2364.0677069704725,1124.4670236948052,242.89991248086704,375.67474868066864,931.0989643359858,896.2734852164575,337.8470090134926,645.2324303500584,2757.1439027289384,1704.8668007837753,2742.842772419619,325.70263734653037,1978.6798524854519,297.8148265173438,2076.19035576192,1315.9142617647642,892.0694233003984,2032.3084576556848,1240.0211078746245,1528.1799569504353,2366.679702677717
arc_pair_317765,3233.729137741773,0.0,598.7774841204124,1266.359184021794,1529.9663217354002,1766.7706947505842,1186.401449005013,1559.552353147122,1838.4797461263397,6849.327685424062,3772.0840025364187,748.8911157225672,1627.3839527174484,2004.23113355876,845.5180096914454,3361.578949634748,3226.1105003447756,2359.720990614741,3355.894126189413,1219.6882473909363,921.9531719952835,529.255456105445,1055.5420862324147,5567.2270508973725,4761.661998422469,742.8762079306015,666.962391727066,2631.5980967616683,3303.7303261087222,3350.172722562683,1869.29696263862,3751.6723949159305,1705.347744810938,1346.155632151224,1881.2311991308763,2203.753082363276,230.39832941277794,1429.6671599082006,2545.9988252799862,340.9110131674163,1473.2536218048842,3183.604274557169,1444.0065900127427,1114.051933063601,2181.749014375677,170.54272368507515,2782.6885539272826,456.9482368820524,2601.3105346195275,2122.553532891804,2238.619940196403,2660.196944819712,3525.9639573394284,541.5118678886981,2420.4027881603965,393.4591950476961,1496.1668989315272,446.7942157678222,803.7740726294106,3611.143393638254,2937.322471322476,2850.483082174819,551.1332343603067,2244.6167967634547,3052.502513635692,2891.1114262512747,1848.5077087737313,1574.5202816182534,3899.2520151254653,3385.7908766385085,680.9973399042091,1780.095552518138,635.7007395935516,3540.1051205024455,966.9214781223196,2770.7199382093404,663.1848460553472,1842.4822568126951,2585.8864455369953,6506.84187097821,5039.085210315806,1721.4769462757693,1238.8736679397566
arc_pair_360879,4383.29666656594,598.7774841204124,0.0,1538.4713021594564,2584.3343647425813,2330.388164129059,1274.3153891886536,1109.2826538031725,2825.028287286999,8328.54592436716,4853.405658316386,513.2630988106486,2429.6080812988644,2191.546082549373,898.9112591744307,4135.993325654359,4022.840048113519,2439.2203280304093,3936.8810519044473,1305.9883814862492,397.21538806973274,910.3146063740409,1298.7914880683738,7036.189850766483,6019.398634378631,1277.6709129277604,546.6153661176171,3253.004679609548,4032.286419498141,4034.8506790919287,2801.2417502650424,4749.900803571511,1913.3834695604996,1997.8458643869953,1950.2246632292054,2253.9294495369368,349.6315760363828,1683.7889574732435,3489.174875205389,375.8659896946041,1822.4953573910118,4427.093540353859,1783.4523621787123,858.1292577255825,3131.865852188118,672.8092868873289,3677.4309987148436,491.97762648807,3047.023934506848,2850.723278099975,2809.2388105753084,3083.7645028478564,4773.13659492786,841.6909464299524,3611.810810237024,395.14215023875664,2152.0368123938056,942.2479594176042,374.76820420915953,4962.9697838892935,3918.7329175418545,3921.7379978788435,1395.9924005511648,2680.496514706127,4057.533431729396,3785.7199397544928,2367.2190902096886,2376.1404332912834,5173.5066081441355,4091.4131744600722,1086.7570469906004,2039.8771415265037,1064.7990860649213,4498.6320416264825,1581.9166486502552,3667.425352141561,1496.1444604056298,2636.883587963153,3055.034662120765,7957.406654516067,6271.228970676162,2199.0694709383033,1437.5163208735369
arc_pair_525253,2143.074857761407,1266.359184021794,1538.4713021594564,0.0,819.2281507563172,551.7519262342821,1276.0264869718847,2622.875591529537,1129.408553359224,5387.526817060469,2430.7529312505644,1193.73740586796,856.0272267927746,526.622955887212,676.0700161461588,1850.536776558977,1763.045274658482,840.5846884934505,1732.345488654884,441.41012950278764,1792.5920225401926,664.8014323138909,162.18057619257544,3893.3939809161507,3326.671211959175,427.7388892510877,915.1094556717165,1194.0695973923696,1750.2427004273102,1782.2822772579054,873.8633284845682,2360.4349956943347,359.95182738018406,470.2210978259654,460.09460422776806,3418.5402329078074,1462.9072412792887,184.7707225904733,1356.4856375017341,1290.2259047711777,312.13642325164705,2203.2618285149006,272.06601348150747,2344.859734394638,1213.2390649809402,1214.9493495234087,1208.3216309834204,953.1298650102245,1081.55083625261,779.1717466711324,853.3553107867452,1107.6010599327406,2451.172586767372,416.6185309039613,1486.428367548732,1005.0181687330571,391.66838279574324,681.4275872318792,1928.3971708941854,2442.68997272884,1886.687518010998,1532.1337152410651,886.6723927043946,797.2568777414723,1810.8341362732472,1598.1165913710086,634.3743511706706,779.8377574859414,2763.2904408016534,1677.627178484974,881.6160725130433,449.0425889876442,723.0678592978644,2102.3945556160984,237.35575036973577,1495.2024845480955,716.6263182597918,646.0144272973472,1102.8834401020379,4881.678629585818,3551.2505630909304,488.2016799727328,254.58199679627296
arc_pair_147702,1927.5386680011723,1529.9663217354002,2584.3343647425813,819.2281507563172,0.0,882.4212771088528,2028.9254968842051,4521.935094940481,880.9812870287243,4691.635517091707,2213.992072090975,2585.9454737613873,880.4196487890965,1167.0553325528874,1832.2082090495044,1893.4032893361516,1748.0810651341665,1884.8585341874734,2041.1395298371938,1288.689673608433,3211.50157822601,1191.135004790201,938.1648110481052,2940.344604301558,2829.9750182937255,641.3333440247881,1996.0923497350748,1439.3811258428052,1947.4189969404881,1931.7077447878444,823.5714105178675,2274.0623449908144,1234.8795478111922,811.5431109145005,1369.8868321545724,4958.941236172176,2058.148088990065,758.3359863482876,1211.4779725785886,2252.1309657965085,856.8023291889817,1570.244848627998,688.3609314488873,3620.889316939964,1216.9279549320074,1384.8678750255294,969.9047326674626,2005.3137044528598,1587.8927192922167,842.3232681748782,1164.2087455403303,1527.8515202494973,2035.0692971381382,904.4418503155165,920.5013483597886,1991.1261025450467,366.06089047821104,976.3645656743416,3133.518833260564,1810.51907217578,1772.974272288655,888.1274313012657,835.752346208522,1423.2562564117673,1526.8677119510016,1644.5705880184446,1060.7043054055773,941.634050038677,2476.730892160336,1664.0312011797641,1652.005618229405,1174.5782226037595,1095.78051465173,1973.9493207912253,572.6529461837285,1496.8192300256228,656.7779650635739,567.7938585324353,1432.0195601011199,4170.253632785048,3134.942337215145,883.2754257490999,984.2767919531861
arc_pair_542791,1018.7111984884976,1766.7706947505842,2330.388164129059,551.7519262342821,882.4212771088528,0.0,2060.0571279328706,3517.1276171083314,319.0797056896665,4025.4799888964917,1330.8343477057895,2030.8487501126174,256.9202849048874,337.22420531169485,1392.1076288936845,913.1855474756559,807.7009933061458,669.0615386560324,928.8723679331883,1114.7777795306913,2637.5352159276754,1199.55305213522,719.0586561041496,2489.738934245313,2092.78097577563,789.0537426095515,1708.4613554704406,374.0407660225362,896.5178624627534,847.8266355629091,212.28528024573495,1259.912686771522,276.8876858169747,437.44418653552776,648.8623357651487,3836.14417356775,2093.974908997188,376.966957775784,434.4470099899173,2086.7411107471767,156.09911238207158,1102.4246720695671,397.70671090773703,3049.628765078231,360.9948518395472,1624.044853038581,362.80492910997935,1694.2432469611372,365.6139685976602,161.61566925726262,213.78563071716468,372.5403925882583,1249.9469608376335,908.9827718929098,471.81252421603494,1730.179301809408,424.25138991508396,1096.6703627632915,2828.607103576854,1192.738601641323,927.4912698823666,577.7401028539548,1210.0376849221634,224.81424588959632,731.8583247036258,581.6025944887383,133.97542793679585,178.54059960529335,1591.0612747085356,723.1085759261731,1365.4166594382257,256.7844988557776,1208.6097756562456,1056.6501160075481,598.6045884006892,513.6549492865304,939.5723594255888,203.89409964856085,403.18318543068455,3488.3736039036917,2371.8245737046705,227.2839505154608,665.135817422192
arc_pair_51812,4115.56997577297,1186.401449005013,1274.3153891886536,1276.0264869718847,2028.9254968842051,2060.0571279328706,0.0,2670.6053473666593,2709.493355673662,9089.059682897672,4637.502937157655,839.7830224554915,2562.386381018541,1582.4281505857755,967.700675267865,3959.3900129825406,3735.124708038911,1675.5601383556748,3481.752228193125,554.349961118251,1300.158159294063,920.2049707104559,1179.9122283589165,6650.456725451367,5987.762652639497,1122.1880743597706,520.7102448122994,2988.132610193399,4022.0402027194896,3745.6088293355215,2384.251399236908,4707.98543363784,1715.3820288213908,2141.040185111931,1125.931171644961,4401.228937297613,1107.834811779174,1287.381411811244,3236.685137988464,959.1873212469116,1538.2992501090482,4199.5909226310705,1238.817908903516,2523.830414811161,2933.2365619438933,1453.2201928512304,2864.5736417588905,778.9721876552304,2744.064038377927,2416.7783042214173,2407.0909503509497,3020.326180526628,4809.6471647488825,897.9169435878028,3331.1894005166255,1043.2270805109308,1775.481123153499,1070.4381436700069,1257.2807758345596,4322.89777595157,4029.263927352078,3150.8684692577563,1366.1603355619375,2653.8257987186944,3818.7264865649404,3630.9548762670333,2201.8004751842623,2259.6097488426885,5075.61034118341,3473.8652312867594,1738.007290983147,1401.9734368674929,1377.3622301470389,4175.25306291196,1448.3918133207496,3378.3454508901154,1784.607369984145,2185.675188274868,2557.4695784037726,8477.194209288331,6539.883218771711,2123.132366874061,698.953894032176
arc_pair_278644,5352.4881396934725,1559.552353147122,1109.2826538031725,2622.875591529537,4521.935094940481,3517.1276171083314,2670.6053473666593,0.0,3865.407219001927,9448.597391264868,6068.35210564694,1019.8274235694539,3467.2645626890812,3688.411035772167,1562.9816972742872,5519.412235789609,5412.693054196664,3625.5356716466877,5411.166229032049,2506.171514951212,840.0419888545316,1764.678891727754,2297.7465654808784,8771.996099569884,7341.875072046261,2331.8436276495154,1593.9032851980255,4500.470355149819,5359.93168526875,5401.171904085162,3815.3903510260816,5877.078550391708,2942.7566090966884,2862.9218543165985,3331.5403356246666,965.6987764374417,1240.5842286931017,3028.032084892771,4734.423880145221,1238.3947009497217,3048.1301112573437,5797.765025783605,3234.5326928563322,533.9156526458404,4061.222591303977,1837.3800337806156,5490.902780052946,1398.45119378995,4204.777419093817,4297.339799515839,3996.922951418685,4546.5934666869525,5804.158399451226,1952.1477137190566,5008.133073276672,1389.0130839379547,3682.2029838217645,2022.681308049688,1011.0145386167113,6283.355355606522,4986.758677728903,5764.977129675495,2273.3264386654423,3662.8274762209726,5409.204754252409,4842.396122462545,3436.5417372964944,3318.598081545327,6119.384197810073,5826.380441268024,1528.3740412339519,3306.094738934398,1918.0176459839522,5870.316638679666,2568.793770929845,4805.959845631423,2447.438273156331,4147.633076082016,4541.0660394447195,9249.177824964047,7554.733332208625,3256.549861868577,2630.360709200538
arc_pair_234995,818.1330602206216,1838.4797461263397,2825.028287286999,1129.408553359224,880.9812870287243,319.0797056896665,2709.493355673662,3865.407219001927,0.0,3642.2623522427157,1252.813687649815,2588.052792224287,243.45093585864404,979.4107469798138,1904.2206745719004,1051.8519660421596,931.3786290743249,1533.356918403057,1313.4938328343246,1844.9215534259315,3237.7099206223425,1457.9440474674075,1285.2468967526584,2208.9016475184776,1913.7008364096087,1021.204613124402,2301.7407139092174,584.6509827734839,1092.0957561102612,1084.5171788758485,227.48487168813008,1218.9462206760838,876.6784307465269,591.6946539171311,1481.4435480226373,3761.002232775814,2329.058860201361,935.8393471664306,387.8096821071194,2540.2475195836637,638.1237999073501,829.7614282755113,917.8001086478199,3214.30100019097,258.8166401602457,1705.5792992447616,516.1433165606518,2194.3101289065676,714.9821246914073,370.45302541283183,513.7798025794035,716.1158587743902,924.4388451366772,1283.1558513485136,187.7659982655683,2244.0931863419014,692.6256293886062,1261.28156752447,3332.8576373378737,909.0745288097859,815.3922227567217,506.20309680200427,1112.4543988061523,487.77792986399606,618.5660829497939,552.3762648464509,426.5705726167143,221.2102010257637,1356.8521374244824,970.5773611871027,1547.7327382020908,886.9861550122536,1363.1088148978624,1086.2040324019442,884.6565757167297,533.1488832316467,838.3666680610719,440.5392973150124,747.0484242633339,3151.303277663873,2212.340135837591,550.4430557027259,1282.6516807015275
arc_pair_641664,2494.5721568824015,6849.327685424062,8328.54592436716,5387.526817060469,4691.635517091707,4025.4799888964917,9089.059682897672,9448.597391264868,3642.2623522427157,0.0,1839.4592274953382,8569.24861020419,3799.366450459236,5337.71121959418,7368.496293492737,2321.920419510016,2422.9946656370066,5590.01982024613,2919.506209925497,6765.28109781314,8772.321962847722,6535.922097805337,5586.315159678311,1203.715518662463,1000.7453381355729,5394.038736027322,7823.817519537505,3139.884607185339,2364.992425514545,2641.5111308001956,4011.160886182815,1827.6283245986328,4933.509723055272,4305.095178215006,6166.957420390223,7950.871492310896,7647.632871635529,5414.554968122834,3059.7218445455765,8164.66294917765,4576.8435115214625,2384.4201601197083,5168.505914323782,8759.719650102848,3452.236302228172,6219.739857438758,3909.9061895547015,7279.728346668327,3612.855631830071,4013.69852359072,3601.055732530646,3566.76555034797,1943.0950357458487,5973.443479563495,3193.2170179637233,7072.1209931094,4684.061674295261,5572.446406144253,9762.73842745615,2786.0235402737894,2215.9249036745796,3870.3849386285306,5731.40169210078,4112.339286028951,2621.2487701329474,2902.4723452125377,3781.255750676714,3836.7410944909793,1899.6683623041292,3334.0646546706394,6111.803913129182,5335.255306596937,5935.456507405734,2210.7684546793544,5118.970503618534,2981.5638932008146,5011.80273214579,4159.544215558914,3926.933724595428,113.62265747934705,736.3120550511666,4548.2140208492765,6473.884685398641
arc_pair_537234,426.4195154396918,3772.0840025364187,4853.405658316386,2430.7529312505644,2213.992072090975,1330.8343477057895,4637.502937157655,6068.35210564694,1252.813687649815,1839.4592274953382,0.0,4537.690604872639,1448.6107608744542,2103.4547092905036,3769.8657033196732,235.09290200600876,301.2849039079396,2487.955395965506,577.5337479232799,3241.9482261014987,5123.583022123218,3370.194398097887,2723.2947259572006,585.7621266393245,377.21675784934723,2598.118665530514,4238.944787553648,702.8977102792666,435.26119573606974,491.576059268672,1422.1101013100883,77.28678417520227,2030.4025244785075,1873.4804142854534,2621.52821439059,5557.495002516192,4391.476441735337,2290.1333198434995,827.1988116832118,4701.867028887245,1758.6111783037566,461.05546108171234,2143.1183274908,5518.129058575182,1032.423161478847,3485.1744096987004,1309.0673300033102,3898.256374874247,986.8855878202402,1333.2578018701865,946.5539455444472,1177.378850663117,424.89103842197994,2962.881770615883,1125.2717738884937,3951.397175062266,1940.357362523354,2888.8919082056623,5597.917623426238,669.8941447599899,344.92308016522423,1404.3896085958763,2991.2286444113106,1426.2579321170883,478.83558865811204,649.2738400457467,1168.727699018214,1356.8057065710286,240.35003262018327,799.8747675233037,3271.2565833973135,2051.6425123054064,3150.049588392028,163.87477987751848,2374.5194628973595,638.7639032374665,2556.052302815624,1563.609629966768,1182.3308255828513,1386.2187762862914,606.2118482731516,1837.346687326741,2799.348976069255
arc_pair_633408,3956.913729480429,748.8911157225672,513.2630988106486,1193.73740586796,2585.9454737613873,2030.8487501126174,839.7830224554915,1019.8274235694539,2588.052792224287,8569.24861020419,4537.690604872639,0.0,2168.0745306873005,1896.8209520265352,406.3232386251277,3909.7418936791573,3807.893624237173,2073.168791684936,3684.0429972566926,972.2973492675658,459.93429357943194,671.984807322601,1048.288097899079,6895.77499359254,5853.43472702692,1178.8797510328297,345.9760686363018,2941.15234377438,3734.648003743799,3812.6387848404697,2467.6700024506367,4429.149685467482,1562.1936101480392,1707.8302149859135,1501.8142110755718,2138.527400657415,563.0428283982258,1422.805188826676,3177.283805510588,396.7208386707066,1596.040676681255,4287.206434673072,1578.024365966254,920.103222212067,2719.7037971145496,912.6227292429336,3368.1131238302296,305.0277297518303,2729.8641235055075,2581.8250827327383,2525.2288726406227,2905.283104094409,4487.207439212956,755.0184657350097,3470.6212327303056,493.33281922407645,2026.9939760952843,870.181782435794,373.47094563877204,4523.549495778724,3633.777189921036,3760.1124103004963,1185.0706645768016,2323.0111905497797,3824.604401290285,3411.9768505218835,2110.563436561946,2096.364112218159,4722.325304574584,3779.316373008385,743.1109317406155,1652.2720334705846,959.4288746791539,4210.72036905628,1314.8522012707401,3279.840041198754,1353.78533062592,2435.6531182870553,2820.4560129142137,8112.135281044035,6181.423541941497,1962.2081836155294,1008.6286698279197
arc_pair_298060,999.2255113535714,1627.3839527174484,2429.6080812988644,856.0272267927746,880.4196487890965,256.9202849048874,2562.386381018541,3467.2645626890812,243.45093585864404,3799.366450459236,1448.6107608744542,2168.0745306873005,0.0,835.811239670394,1566.9783008155932,1171.5003058912137,1068.9472479034534,1338.3570577219243,1367.418098792696,1633.9784233859448,2830.835210217118,1269.3202407874178,1007.440773883835,2533.1010892649156,2121.350397650442,928.9611767668024,2043.6429514726397,667.3116305707308,1087.6040815315996,1169.020348985989,257.39178004382796,1355.5448509784526,626.9174967660853,468.0106098366743,1256.3038727022442,3369.309420602351,2075.6171254189558,772.709118346423,514.1208961088255,2147.0427918965893,491.52290886113946,1037.8536580572975,805.4794776812428,2767.48294259751,349.820514524897,1473.632513251535,631.7939897046004,1857.487791295794,771.5837383599388,363.77537884675024,542.5981955288319,703.3682952026994,1103.956118125702,1056.6538386346133,428.22732105448137,1931.0643203768411,629.1682947092411,1052.3600553577178,2839.873492855035,1149.078605057298,877.7058595636955,730.0410036215211,1012.9966461300503,441.4885402592369,828.3627305456108,699.8287286847967,418.8383714758276,176.06793073928304,1475.6059991714083,1107.701114068874,1242.6283837369688,739.244699555569,1172.2740447693054,1275.8239881657303,700.9172977966153,637.4704925176742,713.4171000878198,392.8228904700575,857.6254903863032,3355.0238066592683,2372.2456075794785,447.68521256725654,1112.2491299338992
arc_pair_401567,1806.0234438050543,2004.23113355876,2191.546082549373,526.622955887212,1167.0553325528874,337.22420531169485,1582.4281505857755,3688.411035772167,979.4107469798138,5337.71121959418,2103.4547092905036,1896.8209520265352,835.811239670394,0.0,1449.2534850117806,1445.5102540257928,1303.0076321489764,361.79500377978036,1194.5458748860947,779.9509329572822,2440.712381202812,1391.8230319255265,728.9200302916926,3387.2461530321452,3021.053943935928,1001.3011730133778,1472.7361936820923,805.515464767301,1438.7174886296045,1284.9288434713694,638.8835207831293,2055.916738418828,242.62017159515005,868.3453649609606,227.19683669437327,4684.260526091458,2159.8524209500156,282.7846762234505,1021.9588802740449,2040.4799424868086,216.13579436903922,1845.3389355662018,223.80225392609984,3392.155270491067,1042.532840675459,1940.992664552133,687.7508381772467,1596.980362096329,621.6794671004893,474.22189550763756,478.073152372694,634.2699831522895,2200.7322048808137,1002.8284366976889,1115.5652418641905,1662.4719766481455,561.512931397184,1404.985021477421,2680.7847952392117,1972.425598079819,1721.2933078259935,968.1386954207545,1659.3196245649092,546.6105513073439,1421.0912340715745,1268.216466751472,435.85181309169855,656.5386184908717,2526.0548283822727,1083.659717856655,1846.0122895965155,119.32829710664822,1524.9691142210313,1660.7443679862565,867.3255679588683,1133.51354848146,1491.7048146568286,424.85475422573575,583.801037209117,4715.049621956505,3377.0422107409145,418.940297937134,416.54222537070416
arc_pair_228328,3187.9599580646473,845.5180096914454,898.9112591744307,676.0700161461588,1832.2082090495044,1392.1076288936845,967.700675267865,1562.9816972742872,1904.2206745719004,7368.496293492737,3769.8657033196732,406.3232386251277,1566.9783008155932,1449.2534850117806,0.0,3193.6468341195864,3113.5329068194887,1700.3064811855252,3074.202742791212,653.2607198351335,1052.4409798788167,348.21641821378586,511.987933996979,5859.869146845356,4942.039111368421,683.4838065895283,447.31181032662494,2257.591556228059,2974.7759732276836,3107.1348304611215,1779.574987109195,3647.314152293807,997.1991626014436,1031.4113980120644,1160.0088301624087,2211.3507598035317,844.3582497759958,906.1918671018109,2427.3078769720278,593.9385468933084,1079.5670044184326,3564.15003351038,1146.7915185793468,1336.1134511992038,1965.1013770641641,1001.7110039273684,2497.6486026171638,449.68923454552646,2103.5002919507588,1840.5631108126615,1908.4023769600542,2203.8973135152896,3576.5126492398836,428.33096191752503,2660.8351381041302,650.0184193563889,1347.952954081427,613.7865884837349,916.6951313256361,3623.206289820744,2892.466873008959,3003.717402059702,710.8951267577644,1651.2560973938603,3024.069719437083,2598.9629456703037,1536.1934784049256,1518.8907616128236,3889.1919423687527,3005.240515269272,411.16581670579706,1185.1265887136915,578.9745839340776,3468.2188359799175,697.8039254932066,2532.7322164863067,807.4358890921455,1723.7255303079212,2116.2328783596067,6889.454623411341,5233.975101551439,1328.4882792831022,691.8468462430748
arc_pair_442525,425.38898189989925,3361.578949634748,4135.993325654359,1850.536776558977,1893.4032893361516,913.1855474756559,3959.3900129825406,5519.412235789609,1051.8519660421596,2321.920419510016,235.09290200600876,3909.7418936791573,1171.5003058912137,1445.5102540257928,3193.6468341195864,0.0,66.56701921049559,1854.8099305230567,225.70693268588005,2618.158109812605,4506.206512426052,2870.6948063795267,2133.9819387615094,971.2976150979159,722.19598846819,2111.325728091683,3567.638808672746,349.36947195937876,172.26289590059403,184.9218904204572,1162.164127821159,169.95604277677475,1450.6137191991752,1501.5100301118005,1981.2282057779098,5341.248449730783,3860.4108516991937,1655.5790200223357,596.7006410377389,4076.0843291931023,1243.3033460740296,376.5226731409773,1556.7199809536157,5011.3050589899485,883.9904249181548,3035.8805211670674,912.3692828069219,3314.1008329057026,545.4403571194026,894.9727229544529,519.4949963838509,672.0420550840339,480.01383628474645,2439.4763809113188,936.46421553368,3300.082083449896,1443.458544613444,2482.914489970574,4955.239112408169,710.4451423322117,314.4583601919459,1054.7782654211155,2743.5748575969387,953.6735945563829,296.0222329326573,461.4773860498349,704.6529916031643,1084.5677007783506,504.87955230955413,394.18256124264553,2882.233812785422,1474.6837399782899,2633.9673321729547,72.23841620988824,1959.7057413619343,424.70848542550056,2267.825642141532,1091.0029650611073,723.4957156268428,1809.1044291032351,951.1449165227734,1321.7448758781186,2174.068979042895
arc_pair_556595,343.5395560379214,3226.1105003447756,4022.840048113519,1763.045274658482,1748.0810651341665,807.7009933061458,3735.124708038911,5412.693054196664,931.3786290743249,2422.9946656370066,301.2849039079396,3807.893624237173,1068.9472479034534,1303.0076321489764,3113.5329068194887,66.56701921049559,0.0,1693.314621284981,163.9963391054602,2472.0531938855656,4358.8819911277005,2743.927360489762,2032.7782482734217,1020.091037881777,795.6846248487283,1990.4593888907527,3429.3170142520003,263.7740460821246,176.85651433989497,123.41756311525529,1029.4733434192628,232.28651420381374,1356.2655264890866,1459.8442328140263,1839.8967969938003,5362.193286337661,3718.3863489284727,1543.5408385834678,478.5760914887109,3924.4741612894727,1116.6146668774052,312.8760213614639,1419.8484624004482,4936.607778597927,767.3697868831512,2943.406626772107,776.2859688780808,3221.68438541008,439.6859965535618,814.3708642115458,421.56944400420866,591.5531800789925,437.45820963224025,2297.5366379799125,818.5209565850429,3216.1180883316274,1344.8595948587463,2362.1825650035294,4802.728181131177,587.2345231453726,278.5527762244554,915.8770664405547,2596.235160257329,876.0542301329834,220.34665134188654,389.49177162050285,623.0348279153271,943.1237036424843,572.5810569594917,304.1555703325272,2846.287940566005,1331.7413857110466,2575.041911526238,85.20066912291017,1848.3945051328349,327.9444833785871,2179.500274879762,985.5017592612509,586.5734996244333,1902.8810326059663,1059.0703353147182,1249.1462034463225,2012.0832053228264
arc_pair_446862,2202.1345329316473,2359.720990614741,2439.2203280304093,840.5846884934505,1884.8585341874734,669.0615386560324,1675.5601383556748,3625.5356716466877,1533.356918403057,5590.01982024613,2487.955395965506,2073.168791684936,1338.3570577219243,361.79500377978036,1700.3064811855252,1854.8099305230567,1693.314621284981,0.0,1393.5275474148327,854.5647332359123,2276.3531222496918,1765.8653573089646,965.4715739264907,3912.9685303507936,3394.2434189093715,1397.8219815343816,1553.847054274251,1163.0756326196754,1869.437806436755,1543.3678190542555,1075.069924984625,2437.8879707651276,518.4686010611292,1365.856200588096,392.50903295928384,4767.430705689678,2406.971619161958,665.1562924758675,1478.0360616570001,2163.8610245079008,444.04641353470066,2477.820614790358,620.9456787732313,3622.772980106796,1441.5348797778297,2400.0510597636417,1194.635031385312,1787.6701394667014,881.6482743884302,958.2033321589809,793.5041420708701,1013.144695487416,2685.36364329002,1325.8115527637806,1719.9462125042685,1827.6579102096798,1189.4555184172516,1733.0901050576117,2862.008153899945,2461.072024995646,2182.622358437595,1650.915294134322,2142.6637116077573,913.5912517882219,1932.4582294775912,1653.3502192284345,782.5393516396855,967.353910223947,2907.863456601114,1533.6824451152456,2212.1774661724858,275.56175802607487,1997.055934207861,2054.2701501058436,1246.5904405462056,1530.9247114583109,2066.3795340960737,983.3892986539107,862.1928530999438,5054.2489407471985,3770.7970200804084,910.5048679439033,694.1363568274414
arc_pair_130156,594.1852029304356,3355.894126189413,3936.8810519044473,1732.345488654884,2041.1395298371938,928.8723679331883,3481.752228193125,5411.166229032049,1313.4938328343246,2919.506209925497,577.5337479232799,3684.0429972566926,1367.418098792696,1194.5458748860947,3074.202742791212,225.70693268588005,163.9963391054602,1393.5275474148327,0.0,2255.2415208454618,4139.797605535843,2886.1251717758964,2005.9699489015077,1436.735539459931,1147.7581856205868,2148.4388562383238,3260.469613200486,366.1499625190185,253.18837142558016,120.74071431741356,1322.340562496121,508.77354848701214,1337.089050050367,1716.691566220495,1616.281290325,5701.722927225231,3765.332574626189,1557.8702064467875,721.3939522254666,3859.237201844686,1111.8430382658373,611.317567372325,1401.070561017569,5077.064860026229,1051.8561697843545,3139.2809681928875,922.1716621107355,3131.5041568854567,450.2310312698766,978.1648543877717,457.62491850548076,623.8367541882232,769.0245600506919,2364.2428919812323,1221.8203433494375,3133.5163948510112,1516.697070999763,2497.7639695223256,4687.388128867117,883.2186373541831,533.3955773003415,1189.3293171583944,2897.9747758779704,962.8382008165926,484.2843007298197,608.2820384752368,720.8861193168588,1139.9005247396613,900.8063802878405,350.2384925967299,3048.2202808953857,1238.1661129069114,2794.451943228693,290.31006450327334,1998.5629053879977,519.4894305064573,2544.9926976856646,1181.8595193901317,578.4721840664515,2383.8601073706636,1443.7987461559346,1415.94545205801,1923.701913633806
arc_pair_14361,2934.9969947115924,1219.6882473909363,1305.9883814862492,441.41012950278764,1288.689673608433,1114.7777795306913,554.349961118251,2506.171514951212,1844.9215534259315,6765.28109781314,3241.9482261014987,972.2973492675658,1633.9784233859448,779.9509329572822,653.2607198351335,2618.158109812605,2472.0531938855656,854.5647332359123,2255.2415208454618,0.0,1371.0681309121,700.3374068324224,334.05015771834127,4893.938141514162,4282.410475454629,516.2665010066218,581.3700543892567,1864.0999317838045,2620.929544362933,2449.8397946918667,1508.041458125431,3249.2132640993423,801.2889891233455,1192.9960634726933,441.3880759998667,3828.2719579224076,1246.0466614975714,527.7699985739399,2152.0523203066036,1070.3822355332857,701.3446941901259,3037.967805929917,534.1830325947038,2382.3883317267623,1954.488065637928,1362.2092206999923,1850.1451670897573,774.9872816756049,1625.038241364707,1433.4175395985374,1367.9857969865157,1798.0147797803286,3423.1400389667215,413.54756633642006,2311.1576465362714,932.7762288973295,931.3635058363909,825.2470664090486,1574.9109821116785,3182.97291808011,2776.5638981790175,2205.952700047533,1043.5868632974007,1511.9247982416641,2630.767061004838,2428.0674764015016,1220.8643708503582,1380.8448777951503,3658.197180834159,2325.7308736749237,1237.3309213222633,667.0741070886502,929.4887908185142,2868.3015861714725,668.5083982945619,2257.173508931011,1173.5403365115415,1258.3751070958915,1540.4751948944886,6232.759568850437,4655.540823642256,1131.0079741915456,219.0275501687022
arc_pair_348292,4560.9101913037775,921.9531719952835,397.21538806973274,1792.5920225401926,3211.50157822601,2637.5352159276754,1300.158159294063,840.0419888545316,3237.7099206223425,8772.321962847722,5123.583022123218,459.93429357943194,2830.835210217118,2440.712381202812,1052.4409798788167,4506.206512426052,4358.8819911277005,2276.3531222496918,4139.797605535843,1371.0681309121,0.0,1193.2235428014203,1547.9744814908058,7530.610081429136,6383.8226563823255,1651.4739198625168,661.9096522168976,3572.6157797915816,4426.057389521757,4301.40930111256,3090.7487189938,5034.982160026812,2174.8275410484925,2353.0774006312545,2008.3145176774854,2124.766525591141,601.6929132539952,2021.897873067553,3856.0689852384726,541.8927518992506,2080.262923474542,4877.769068842187,2079.6110684757687,834.9158834538752,3413.5181875115663,1101.8016854577324,4199.1219996713135,653.6359768010237,3328.621381559951,3317.4204046689088,3087.819475384193,3536.5606442268827,5100.758835011722,1162.5800016080527,4155.662072995087,643.7074143414246,2704.195062256619,1274.9331545766668,350.4780159649441,5238.429516824877,4235.870135884108,4519.1679815309735,1718.407473039363,3042.843973705179,4476.772477648789,4111.772267657523,2709.9442147901104,2633.212311312888,5358.713034455198,4544.604488501221,1361.1255044869354,2175.4115659404647,1485.874388721087,4809.810290746999,1885.2056652240472,3960.2064074064892,1960.3000742819916,3169.8284435884093,3378.672223729458,8480.791697242465,6710.446167384738,2592.299471209681,1581.777787986274
arc_pair_128415,2825.96181030481,529.255456105445,910.3146063740409,664.8014323138909,1191.135004790201,1199.55305213522,920.2049707104559,1764.678891727754,1457.9440474674075,6535.922097805337,3370.194398097887,671.984807322601,1269.3202407874178,1391.8230319255265,348.21641821378586,2870.6948063795267,2743.927360489762,1765.8653573089646,2886.1251717758964,700.3374068324224,1193.2235428014203,0.0,449.99195997033274,5100.2833765714195,4372.574293674792,293.12134271806315,497.9320295167841,2084.048905895749,2769.416815481216,2860.064294767094,1380.9455625285163,3295.6242372568454,1055.2635784671495,838.0710753586989,1274.258145538035,2371.654220670188,676.8422245754016,802.7196288526553,2037.003605879809,566.8514267357662,931.0476675784917,2929.1921073466115,925.2617039651086,1429.660342920773,1685.5087655124332,593.0732096593061,2082.2627664387473,545.0447058675333,1988.75862311827,1559.5128223949885,1726.0690139353876,2063.0513638819652,3141.2689310884907,230.74704238444565,2010.2709615119638,565.1464488758088,996.9281502916986,228.87403519679145,1092.8002657502802,3174.707115934918,2568.336178298979,2305.7301898639844,258.58867984090506,1632.952650778217,2616.707684018473,2375.4947328684043,1304.7653045724062,1202.081153923587,3553.6256979363793,2784.298889573659,399.42395832073305,1161.6795299372504,216.04107947900243,3079.281108037493,467.5413912086689,2263.906933649255,407.74905635376507,1327.3104703088254,2027.0420044526718,6092.74537595641,4636.945142167582,1118.626640440925,671.4908138313787
arc_pair_578633,2359.792872387404,1055.5420862324147,1298.7914880683738,162.18057619257544,938.1648110481052,719.0586561041496,1179.9122283589165,2297.7465654808784,1285.2468967526584,5586.315159678311,2723.2947259572006,1048.288097899079,1007.440773883835,728.9200302916926,511.987933996979,2133.9819387615094,2032.7782482734217,965.4715739264907,2005.9699489015077,334.05015771834127,1547.9744814908058,449.99195997033274,0.0,4251.359034736538,3609.1134100217573,266.0957667969416,706.163116581763,1435.6513984729884,2001.1721974205939,2052.380501356488,1044.5643278434607,2627.580570395708,482.0196564895059,540.4686057638206,624.9001703062805,2958.176014134025,1200.4021942435954,326.405545529217,1567.13592475486,1012.4767314794185,424.6710308556579,2481.731089830733,426.2649126069809,2067.3700888558324,1372.9293676810264,1061.5534564836864,1479.8020609498387,791.7849953380291,1280.976157740953,1013.2664771835744,1074.2700117400248,1316.457115705564,2649.057278924911,248.72688960952652,1676.1355750017601,804.5371774078342,584.8783388664503,532.5384268597779,1677.2287100996662,2675.0636322574082,2087.010114469098,1850.4933258867256,695.1945061698252,1010.6056435043711,2079.5630963059275,1824.8099931726601,805.4651605393708,898.928350540104,2996.969207328589,1990.7558325664068,655.9993854417177,608.6518134003193,518.131083683503,2393.463199079165,224.5989584735737,1730.7881343892234,605.3455752765366,833.4989835264954,1328.628859341587,5135.808336210443,3840.900922721674,643.3923651905669,311.60959147335285
arc_pair_713548,1153.8707275003692,5567.2270508973725,7036.189850766483,3893.3939809161507,2940.344604301558,2489.738934245313,6650.456725451367,8771.996099569884,2208.9016475184776,1203.715518662463,585.7621266393245,6895.77499359254,2533.1010892649156,3387.2461530321452,5859.869146845356,971.2976150979159,1020.091037881777,3912.9685303507936,1436.735539459931,4893.938141514162,7530.610081429136,5100.2833765714195,4251.359034736538,0.0,194.10026828377167,3976.7570565283763,6238.194561203183,1653.7175149809407,1161.017494640917,1268.6336442011066,2463.1752435507597,702.6263122601954,3440.836806719005,3167.5856196282666,4114.184478479249,8060.359080524389,6357.6322062191075,3654.7204779182885,1632.514044665235,6841.554410357646,3020.215769078539,1001.7452566164217,3373.6468228278563,7971.946602040118,2038.0480358748657,5132.11291199601,2038.8259649426006,5955.807559278161,2064.432293706657,2298.593655178539,1991.5960612202443,2144.9620088176816,961.2756685681977,4552.214710932359,1735.6730973234232,5901.4167110481485,2976.2110368505123,4424.966491339621,8157.312288391898,1143.2950138383442,1114.3569110776482,1952.8380804865594,4423.200061686162,2642.5967592259426,1191.2848948863057,1571.2414145955981,2327.0410069217974,2481.4563983921335,817.3031859884629,1509.723113422718,5089.855764835429,3472.154586121444,4715.912928630615,807.0505475765809,3766.632372325874,1536.2604332504475,3894.293706675169,2488.4317829891397,2195.3107985549113,779.0562327550174,382.8000853201134,3054.6147299797694,4410.422610859769
arc_pair_334444,889.3526596801064,4761.661998422469,6019.398634378631,3326.671211959175,2829.9750182937255,2092.78097577563,5987.762652639497,7341.875072046261,1913.7008364096087,1000.7453381355729,377.21675784934723,5853.43472702692,2121.350397650442,3021.053943935928,4942.039111368421,722.19598846819,795.6846248487283,3394.2434189093715,1147.7581856205868,4282.410475454629,6383.8226563823255,4372.574293674792,3609.1134100217573,194.10026828377167,0.0,3433.66481784176,5363.92752883447,1337.3406258657171,844.0003837400011,1001.6643091324078,2135.7999872955647,438.01702751830936,2876.7670192536807,2630.2706625647597,3633.8152384485716,6522.490809907534,5441.541802799327,3212.5453968032857,1392.1151977287889,5847.599383566783,2569.360817837377,875.3650177547628,3011.164236976228,6715.9284879955985,1680.6351960108982,4381.148424009933,1962.8676112259448,5007.490811353801,1682.3758190170176,2050.854462822116,1646.7351101614017,1810.9327021740867,723.001822354615,3898.306127927952,1631.2379058877623,4979.258537244564,2699.2923598643856,3748.5138066086934,7025.940299503001,1075.055442272863,784.3421679667706,1989.6121689964307,3836.703805007735,2183.840489813702,994.2796995292593,1245.4011746069402,1913.4400283951904,2053.0012253436676,560.7174791887736,1379.5986269188945,4199.3737314244345,3014.246051846026,4018.5586481959517,615.3138638179838,3216.7792424629733,1240.3670951757697,3319.1678457213393,2257.955533611949,1897.2626422732594,671.9125155533262,170.17241414402318,2632.4986313808745,3900.4033128561723
arc_pair_1586,2239.0883674063252,742.8762079306015,1277.6709129277604,427.7388892510877,641.3333440247881,789.0537426095515,1122.1880743597706,2331.8436276495154,1021.204613124402,5394.038736027322,2598.118665530514,1178.8797510328297,928.9611767668024,1001.3011730133778,683.4838065895283,2111.325728091683,1990.4593888907527,1397.8219815343816,2148.4388562383238,516.2665010066218,1651.4739198625168,293.12134271806315,266.0957667969416,3976.7570565283763,3433.66481784176,0.0,804.0160005173269,1493.341849569991,2121.7100405635883,2112.7040467419565,916.7371440684911,2557.551582823231,785.9042039281048,549.3550923062223,1020.7869129617224,2934.3690615896944,965.7436049516712,505.89559995478373,1499.6046120605804,1024.305030328419,592.8387851047481,2132.0380672756683,533.5740015497713,1952.8575644139007,1307.5887167459312,714.6772275464425,1448.7970378268772,843.6261138902382,1449.5586663378942,1006.1601276987353,1130.4089668974495,1514.6430245055726,2476.659482051959,203.84519614895908,1374.9004127586988,809.0235105195653,496.66682602619386,294.7981587822825,1743.3217888390907,2497.540587990104,1983.8198546065737,1534.015945122202,355.8729791142901,1202.4992381452587,1913.8766130765548,1816.7801852302175,841.416951723549,865.0169708957014,2897.4599648379103,2033.5061973898603,639.6358289761149,874.3321702760828,277.06386788240206,2315.084102660116,268.0899541204461,1707.2951443925622,341.593578839279,766.464069621782,1444.1661487202757,4929.2293633005265,3694.2216324134824,696.6869062686054,506.6119712715736
arc_pair_295101,3718.7369779561363,666.962391727066,546.6153661176171,915.1094556717165,1996.0923497350748,1708.4613554704406,520.7102448122994,1593.9032851980255,2301.7407139092174,7823.817519537505,4238.944787553648,345.9760686363018,2043.6429514726397,1472.7361936820923,447.31181032662494,3567.638808672746,3429.3170142520003,1553.847054274251,3260.469613200486,581.3700543892567,661.9096522168976,497.9320295167841,706.163116581763,6238.194561203183,5363.92752883447,804.0160005173269,0.0,2631.652174347317,3453.14099888659,3410.9072147819497,2142.1625617726563,4167.0356400333285,1261.788280151076,1479.2830208648604,1136.999439574643,2786.168723380775,543.582489815875,1048.656596043614,2857.368221532602,319.07168834768373,1207.7948357405442,3962.7426738801446,1154.5115526187094,1492.8586754020203,2508.0654615811563,821.7460646821717,2831.095745936914,249.63202971099352,2368.237036472073,2172.502705454655,2174.339558871455,2483.1264233648735,4216.403585974465,451.06729279411627,2996.0778427123496,306.10271712283975,1589.1146230079332,607.6656045800395,757.9295347473735,4158.042895577779,3459.6992447240823,3203.5953245390397,970.587469178123,2087.488887518525,3493.243231867995,3178.6338183470434,1816.0926571336502,1847.4279713282924,4547.0876003881895,3349.003709402222,822.3171361594847,1275.154300446103,799.1762954856142,3840.5363643115293,1025.7578361643207,3035.1702809646595,1147.3524803780047,1980.5143046092019,2316.052856058354,7381.621549651005,5697.3902910681645,1653.6864681431173,724.503296487574
arc_pair_594469,474.94555740484265,2631.5980967616683,3253.004679609548,1194.0695973923696,1439.3811258428052,374.0407660225362,2988.132610193399,4500.470355149819,584.6509827734839,3139.884607185339,702.8977102792666,2941.15234377438,667.3116305707308,805.515464767301,2257.591556228059,349.36947195937876,263.7740460821246,1163.0756326196754,366.1499625190185,1864.0999317838045,3572.6157797915816,2084.048905895749,1435.6513984729884,1653.7175149809407,1337.3406258657171,1493.341849569991,2631.652174347317,0.0,357.72042840603547,264.2760895979361,639.720051301791,601.1302568064917,790.2669139694308,999.6540748153916,1248.1685964705412,4627.613164028243,2997.030440296805,981.4174755454437,214.68899941818466,3119.4776603253636,636.983242905429,579.2460750434276,949.7039068425042,4072.748678531102,375.544260324006,2407.0273147617013,473.1263811625853,2511.9039989149064,111.04819598540837,468.6125474822254,137.0981309767705,256.38314496639606,657.8194789208677,1685.8023770547263,616.2873651168464,2552.5777794420296,947.2964633668172,1844.7023525280501,3903.656977493261,661.3799349055283,471.74942516370845,744.974009743657,2033.8701772667002,412.6308260717042,229.32264978988204,166.99079622338934,254.37624118741005,533.9370012727647,955.9047659823692,176.8499524009581,2161.451569707299,789.5957471508608,2006.0567404191909,440.17292507280763,1316.170039597119,112.71078976877119,1671.4922459276293,624.4442022811592,207.35550989445176,2594.1876931426646,1613.7402870475883,769.967536080273,1375.230356195175
arc_pair_599471,454.48462728257545,3303.7303261087222,4032.286419498141,1750.2427004273102,1947.4189969404881,896.5178624627534,4022.0402027194896,5359.93168526875,1092.0957561102612,2364.992425514545,435.26119573606974,3734.648003743799,1087.6040815315996,1438.7174886296045,2974.7759732276836,172.26289590059403,176.85651433989497,1869.437806436755,253.18837142558016,2620.929544362933,4426.057389521757,2769.416815481216,2001.1721974205939,1161.017494640917,844.0003837400011,2121.7100405635883,3453.14099888659,357.72042840603547,0.0,225.47874048669064,1221.7797334134202,305.7810990589022,1336.939730768477,1402.6268389446093,1953.8889373833283,5146.701896385605,3810.116455116951,1631.8225290440505,580.2093079866258,3913.6340281942494,1210.7459552137864,488.9988670331612,1578.4170004695031,4863.184256782315,849.2574795747208,2968.953960685558,927.4469111477099,3162.9599001437587,531.340680921074,905.7965464642585,553.4928072350231,575.5570275272912,457.2388463151832,2361.7762957051855,1014.3715535324295,3180.889600403069,1450.6939497076353,2405.14725089801,4755.2378945538685,766.9525564830687,265.63657335372716,1200.696706263084,2681.126655418001,824.7270538522467,377.72503009984695,449.6744724685809,704.8355994540798,1044.015201781658,635.8168380411854,403.94563008849826,2640.565309066873,1465.5882025835426,2543.2059655339895,235.32416720627705,1876.0018605262046,423.7045992947855,2184.143579307581,1105.9904740284335,742.1749758908023,1881.6993237853317,1026.8511798221978,1286.9732862808557,2154.8215265996455
arc_pair_186105,407.36586554542964,3350.172722562683,4034.8506790919287,1782.2822772579054,1931.7077447878444,847.8266355629091,3745.6088293355215,5401.171904085162,1084.5171788758485,2641.5111308001956,491.576059268672,3812.6387848404697,1169.020348985989,1284.9288434713694,3107.1348304611215,184.9218904204572,123.41756311525529,1543.3678190542555,120.74071431741356,2449.8397946918667,4301.40930111256,2860.064294767094,2052.380501356488,1268.6336442011066,1001.6643091324078,2112.7040467419565,3410.9072147819497,264.2760895979361,225.47874048669064,0.0,1178.0221170160203,395.21932377866693,1341.3843961025975,1582.29219610209,1784.2602056221665,5506.732664193373,3769.544050580742,1562.25505559085,529.7018788670679,3910.182411874206,1103.6425136043242,429.35333328042,1474.4892175069447,4991.5628566504665,841.9087383995064,3102.588312072894,856.4281702563508,3272.4744321202425,413.01587130303915,923.0836680192672,421.27819844401927,565.112961621489,529.381584808913,2350.0978577061246,992.6831820474071,3246.118761678415,1476.408257133276,2449.563233242895,4824.709163274319,658.0568042226469,370.6292130806297,1071.3530817040923,2773.1011269512946,888.6001374643841,292.765214672544,411.9637485140084,671.1841122134509,1000.7045976875833,754.2460620273418,298.6638143389732,2959.292226624872,1301.806715889146,2753.3523280432287,244.49012546472065,1936.3492026027877,353.44312058909384,2362.612687041407,1111.1069125142865,540.9577168631342,2114.963367547916,1280.7003477662902,1336.3181408574671,2039.0572201621928
arc_pair_380866,995.268750650289,1869.29696263862,2801.2417502650424,873.8633284845682,823.5714105178675,212.28528024573495,2384.251399236908,3815.3903510260816,227.48487168813008,4011.160886182815,1422.1101013100883,2467.6700024506367,257.39178004382796,638.8835207831293,1779.574987109195,1162.164127821159,1029.4733434192628,1075.069924984625,1322.340562496121,1508.041458125431,3090.7487189938,1380.9455625285163,1044.5643278434607,2463.1752435507597,2135.7999872955647,916.7371440684911,2142.1625617726563,639.720051301791,1221.7797334134202,1178.0221170160203,0.0,1403.4134990265338,568.790384353942,491.3112936997028,1036.0323688524734,3832.9444550904054,2316.4924915631523,666.98941515204,486.4784381101444,2451.0367736017865,438.56573089366833,1023.7628818027771,614.3253598585134,3329.3080816451125,347.9484105848811,1794.495805426378,499.22211763721515,2081.4247591998533,678.542507110999,269.96377878158046,430.22298080975014,771.7862229129106,1219.6594933720014,1198.133009244247,299.64294101004333,2154.0043502911985,531.7846262898302,1306.2015839911585,3221.9600316626506,1070.673739691559,1022.5744008141736,560.7651406570386,1131.1494203025145,512.6018467269278,799.0191445609211,712.0449833876377,353.9649255729083,217.67291861424982,1585.4855216553597,1030.8695530011278,1567.9742303998546,554.471305354224,1351.1768835384112,1212.5231354954356,739.9749025067496,628.047342474816,926.6975387380274,258.40323708638726,731.0559743031981,3504.3150189713006,2454.524152678346,347.3682431149274,944.1663470933713
arc_pair_599975,347.9422514095935,3751.6723949159305,4749.900803571511,2360.4349956943347,2274.0623449908144,1259.912686771522,4707.98543363784,5877.078550391708,1218.9462206760838,1827.6283245986328,77.28678417520227,4429.149685467482,1355.5448509784526,2055.916738418828,3647.314152293807,169.95604277677475,232.28651420381374,2437.8879707651276,508.77354848701214,3249.2132640993423,5034.982160026812,3295.6242372568454,2627.580570395708,702.6263122601954,438.01702751830936,2557.551582823231,4167.0356400333285,601.1302568064917,305.7810990589022,395.21932377866693,1403.4134990265338,0.0,1921.234952578274,1761.8957331817865,2605.642177214465,5274.842848889161,4325.417052030779,2213.741344232623,743.8054863475915,4591.935601925755,1708.5850636062728,439.9877743018252,2131.954757839121,5346.269095161605,959.0812893713659,3432.873034129052,1308.2706552239158,3836.897541639035,868.6827511179498,1291.2655364427037,864.4622312856657,1034.5050676823018,326.7018448718987,2898.342394260437,1121.4375619860787,3844.9639017923037,1923.8185820207204,2863.843172590511,5513.981501059393,638.6351117679981,257.4841854865835,1433.0904998665007,2985.818292111144,1290.3988500726575,398.70136650880113,550.7499286228946,1064.369148216228,1303.328579405421,235.95835870745535,723.8005533801095,3130.8799650134615,2010.7438067474245,3025.1482340048456,132.55673466955497,2318.4997420638174,548.8448284416586,2491.1971001921293,1527.9085874549062,1091.349777240016,1393.7764405719445,657.3346250523854,1731.5357622223073,2776.482114383658
arc_pair_591309,1693.112777900543,1705.347744810938,1913.3834695604996,359.95182738018406,1234.8795478111922,276.8876858169747,1715.3820288213908,2942.7566090966884,876.6784307465269,4933.509723055272,2030.4025244785075,1562.1936101480392,626.9174967660853,242.62017159515005,997.1991626014436,1450.6137191991752,1356.2655264890866,518.4686010611292,1337.089050050367,801.2889891233455,2174.8275410484925,1055.2635784671495,482.0196564895059,3440.836806719005,2876.7670192536807,785.9042039281048,1261.788280151076,790.2669139694308,1336.939730768477,1341.3843961025975,568.790384353942,1921.234952578274,0.0,519.0657639114626,380.228986337282,3489.6594120441932,1873.5613368661077,250.29247539505158,971.7686827012413,1662.4309847179477,166.87816221458294,1901.496687964524,329.6279860995386,2745.803466177187,854.2209332212033,1657.5712168101484,875.8687844512148,1298.1621303921202,623.632016368849,507.0345077617064,519.6482486113877,665.1782594339177,2010.7246055632738,762.1258908325682,1130.3511343179816,1357.3150387921773,557.919735833969,1077.2468806874917,2341.512147913338,1979.2314844064272,1519.6918345007061,1268.5252420758454,1287.2923668407282,401.61179285041106,1422.7272200566533,1141.7434359763108,366.19230993656635,508.6467585797237,2314.571174338688,1247.2358420310957,1187.5884690511502,184.392118236633,1141.4778665182137,1683.8970425460311,605.6275664430809,1070.0679855319465,1093.5396016811192,423.84760179009373,692.0873903145208,4413.643721239315,3145.3020982917524,248.73134641123875,456.68138651550083
arc_pair_714628,1535.6594447317345,1346.155632151224,1997.8458643869953,470.2210978259654,811.5431109145005,437.44418653552776,2141.040185111931,2862.9218543165985,591.6946539171311,4305.095178215006,1873.4804142854534,1707.8302149859135,468.0106098366743,868.3453649609606,1031.4113980120644,1501.5100301118005,1459.8442328140263,1365.856200588096,1716.691566220495,1192.9960634726933,2353.0774006312545,838.0710753586989,540.4686057638206,3167.5856196282666,2630.2706625647597,549.3550923062223,1479.2830208648604,999.6540748153916,1402.6268389446093,1582.29219610209,491.3112936997028,1761.8957331817865,519.0657639114626,0.0,1005.0630845418251,2830.1370270518228,1696.0894024195877,450.0131042113915,934.0790451744597,1698.3336814003442,465.97352770378416,1573.900590091746,557.3938794235893,2349.8343880049706,759.7532869839475,1172.6022495955744,1078.825110642812,1390.2335397452068,1048.2078991701399,579.2340653552436,772.0083605209594,1031.511146991828,1646.6236013746031,712.2191198097712,892.0122775351135,1404.5122035050053,354.5379490888306,753.5212397307512,2450.773554730513,1817.9536687138252,1255.9843704183113,1244.154142931859,769.9965033579356,676.840628278733,1281.2881815451608,1108.3232253946046,536.4012419839411,539.5991692145718,2048.953973187262,1565.7455726183935,721.5320435929916,729.5946875916289,697.1837521800807,1675.127519511132,354.39744617785055,1100.1525328790697,452.8544480698354,494.8869155585428,1148.9960556690019,3865.0941443751235,2782.4444046405306,300.7135319600998,766.3120014747218
arc_pair_126739,2329.55952042572,1881.2311991308763,1950.2246632292054,460.09460422776806,1369.8868321545724,648.8623357651487,1125.931171644961,3331.5403356246666,1481.4435480226373,6166.957420390223,2621.52821439059,1501.8142110755718,1256.3038727022442,227.19683669437327,1160.0088301624087,1981.2282057779098,1839.8967969938003,392.50903295928384,1616.281290325,441.3880759998667,2008.3145176774854,1274.258145538035,624.9001703062805,4114.184478479249,3633.8152384485716,1020.7869129617224,1136.999439574643,1248.1685964705412,1953.8889373833283,1784.2602056221665,1036.0323688524734,2605.642177214465,380.228986337282,1005.0630845418251,0.0,4544.392923818076,1962.2951549940285,280.22064781074886,1532.450098012601,1717.399928260065,375.9631004913563,2509.828748114797,285.71246555729914,3135.086472170271,1461.5744742630823,1928.6735565389833,1191.0929016696011,1324.6892352441914,1002.0999025215581,904.5915224423264,838.9629042493547,1123.7383376067742,2831.4919398734605,876.5438616367073,1758.4324321109777,1462.7568284807094,734.289596189704,1369.2101315302104,2242.2580278110913,2522.9914237495796,2245.6159092551247,1599.0622547676435,1623.3591318336119,932.5887681622203,2010.663176090828,1783.3769205004799,787.6778959547763,993.5612343223472,3040.320149520431,1598.131665741534,1743.6064808423073,206.11308771070213,1527.9586198054071,2204.7394805555637,855.7131791073126,1623.456049701504,1587.3607834529964,816.8048362282807,953.0560077949816,5553.339534921772,4009.355412117204,696.2037486924339,228.27653556052272
arc_pair_484212,4853.335098855863,2203.753082363276,2253.9294495369368,3418.5402329078074,4958.941236172176,3836.14417356775,4401.228937297613,965.6987764374417,3761.002232775814,7950.871492310896,5557.495002516192,2138.527400657415,3369.309420602351,4684.260526091458,2211.3507598035317,5341.248449730783,5362.193286337661,4767.430705689678,5701.722927225231,3828.2719579224076,2124.766525591141,2371.654220670188,2958.176014134025,8060.359080524389,6522.490809907534,2934.3690615896944,2786.168723380775,4627.613164028243,5146.701896385605,5506.732664193373,3832.9444550904054,5274.842848889161,3489.6594120441932,2830.1370270518228,4544.392923818076,0.0,2126.3744035138247,3867.884671786262,4598.558098893429,2216.7108898584215,3718.400590396505,5454.090530862889,4170.723022754731,1072.7442250551676,3815.473581964985,2428.6939163323427,5840.497434435865,2354.396630213692,4524.571952666271,4583.111870425354,4350.714401974216,4797.05965404447,4985.936969606095,2716.2851424995897,4796.455173680587,2309.864931414316,4226.648117366784,2581.708093547848,2195.6407512742994,5857.7070758085865,4471.301938819574,6147.466547246127,2517.5624882517454,3890.627023638252,5144.9775675455185,4539.701923820343,3773.2580238116348,3430.426060177841,5261.703780498161,6093.705887625465,1626.2883657583104,4197.602927567601,2257.4907041569422,5606.9775473870195,2979.4409663652837,4643.436871815853,2462.2243418362364,4532.742727266091,5003.3268492176585,7963.100552827035,6639.554980593414,3617.6703587951906,3800.5577634559936
arc_pair_387439,3792.036651522706,230.39832941277794,349.6315760363828,1462.9072412792887,2058.148088990065,2093.974908997188,1107.834811779174,1240.5842286931017,2329.058860201361,7647.632871635529,4391.476441735337,563.0428283982258,2075.6171254189558,2159.8524209500156,844.3582497759958,3860.4108516991937,3718.3863489284727,2406.971619161958,3765.332574626189,1246.0466614975714,601.6929132539952,676.8422245754016,1200.4021942435954,6357.6322062191075,5441.541802799327,965.7436049516712,543.582489815875,2997.030440296805,3810.116455116951,3769.544050580742,2316.4924915631523,4325.417052030779,1873.5613368661077,1696.0894024195877,1962.2951549940285,2126.3744035138247,0.0,1607.1121259075805,3080.5217091245536,260.501136130518,1703.7942807538395,3880.0759865208383,1637.9070210767059,925.138116373052,2663.279468254922,383.2576532020995,3332.2280379235126,407.6762505631339,2907.905531562837,2544.159989697692,2540.7938251349888,3029.411135844573,4161.638689293127,681.6551966871126,3051.7416272904043,364.1286231589787,1873.6413711029604,678.0610891567208,558.2932292442343,4240.703050561375,3472.5517199574856,3487.0564702516226,890.0487558768149,2573.735217487855,3621.023539334901,3404.451045354845,2184.917097358343,2004.4934723117815,4548.1017210155505,3833.4958878534885,841.1666792243747,1966.1430156260685,814.9617718129346,4110.072519681518,1274.873324748128,3261.7897097683835,1058.0043874698508,2295.895720663961,2857.487119390412,7300.433528060677,5770.326868242414,2036.0509020910724,1336.0622807117018
arc_pair_551617,1971.6391268789991,1429.6671599082006,1683.7889574732435,184.7707225904733,758.3359863482876,376.966957775784,1287.381411811244,3028.032084892771,935.8393471664306,5414.554968122834,2290.1333198434995,1422.805188826676,772.709118346423,282.7846762234505,906.1918671018109,1655.5790200223357,1543.5408385834678,665.1562924758675,1557.8702064467875,527.7699985739399,2021.897873067553,802.7196288526553,326.405545529217,3654.7204779182885,3212.5453968032857,505.89559995478373,1048.656596043614,981.4174755454437,1631.8225290440505,1562.25505559085,666.98941515204,2213.741344232623,250.29247539505158,450.0131042113915,280.22064781074886,3867.884671786262,1607.1121259075805,0.0,1139.5789179179633,1455.3764781550829,188.36901301061513,1987.3028640384755,120.29704828327343,2667.092698776222,1066.181636738539,1352.5138581693313,926.9795540178746,1171.0577712505788,861.3621526961792,565.0099357514173,650.684447108435,898.6605259876708,2290.894320308634,504.9656214804802,1195.395230784973,1174.9687573198876,249.79061043447066,849.8095944253258,2158.08189507888,2165.761460463997,1790.1155632297034,1163.5373472465383,1026.442894766971,675.8650355557181,1568.5959905240575,1406.2915679608318,486.6489996872492,671.1558471667802,2684.084792710727,1376.8006417447275,1138.6606642628794,243.96963961951323,879.3198544972975,1891.2412922852063,386.77030510351557,1297.2612576389624,854.1747722351596,418.18976199667037,840.4943566050538,4831.76072198839,3508.673057481358,320.44928001219813,197.7718986510607
arc_pair_340618,475.4726532120715,2545.9988252799862,3489.174875205389,1356.4856375017341,1211.4779725785886,434.4470099899173,3236.685137988464,4734.423880145221,387.8096821071194,3059.7218445455765,827.1988116832118,3177.283805510588,514.1208961088255,1021.9588802740449,2427.3078769720278,596.7006410377389,478.5760914887109,1478.0360616570001,721.3939522254666,2152.0523203066036,3856.0689852384726,2037.003605879809,1567.13592475486,1632.514044665235,1392.1151977287889,1499.6046120605804,2857.368221532602,214.68899941818466,580.2093079866258,529.7018788670679,486.4784381101444,743.8054863475915,971.7686827012413,934.0790451744597,1532.450098012601,4598.558098893429,3080.5217091245536,1139.5789179179633,0.0,3199.144565787869,758.8062171559308,537.2431693040601,1096.880000823683,4169.257980110829,201.77437095342972,2363.4044404227907,429.76261003244014,2752.065982342095,310.59226466521625,508.6211537043664,344.4067398335809,373.18225037354676,599.539127418168,1749.8863292562608,347.4773795066835,2751.2852288863824,956.6430463211625,1791.9132607164154,4056.8325556703426,580.507562140489,503.7365813498848,627.1065336716752,1761.3813604668062,518.9564825105026,294.43870757345763,167.70203957489153,338.99348927379657,407.7413238229591,944.7191232758526,441.59719855148643,2129.05479058409,981.7776578359859,1974.2881154017375,622.9927006374832,1277.5915763359549,159.22650560602193,1446.056227016599,611.1056183049358,383.5561216683482,2552.6578450560673,1680.1583900745322,796.7032625404248,1572.4936154042437
arc_pair_224210,4040.2385215424006,340.9110131674163,375.8659896946041,1290.2259047711777,2252.1309657965085,2086.7411107471767,959.1873212469116,1238.3947009497217,2540.2475195836637,8164.66294917765,4701.867028887245,396.7208386707066,2147.0427918965893,2040.4799424868086,593.9385468933084,4076.0843291931023,3924.4741612894727,2163.8610245079008,3859.237201844686,1070.3822355332857,541.8927518992506,566.8514267357662,1012.4767314794185,6841.554410357646,5847.599383566783,1024.305030328419,319.07168834768373,3119.4776603253636,3913.6340281942494,3910.182411874206,2451.0367736017865,4591.935601925755,1662.4309847179477,1698.3336814003442,1717.399928260065,2216.7108898584215,260.501136130518,1455.3764781550829,3199.144565787869,0.0,1579.8716209115075,4293.017880745879,1615.3132782853331,1005.4063728811296,2758.348266223167,536.5614544891231,3367.0713805621767,293.2093266167072,2902.5125390962385,2633.702296224486,2658.060846419132,2977.0280036461068,4479.937016876973,575.387910556478,3295.0049221547524,226.89773701301158,1953.3431259206775,666.5704336477357,452.6683866907994,4518.96026062923,3722.190114144226,3677.1882493666008,946.6899023214121,2520.987149540361,3891.4662778850757,3560.8314978105154,2219.628784539739,2022.024615049651,4843.0170854025955,3970.7944251732583,740.2498074793274,1770.3716129206584,863.709567370162,4351.50801428117,1216.7016022917092,3407.4431826617283,1116.7337100188508,2350.7563691244945,2877.522770331356,7808.6007453214,6179.1257079595425,2017.5886032644219,1173.7851061509566
arc_pair_629718,1466.4217778480288,1473.2536218048842,1822.4953573910118,312.13642325164705,856.8023291889817,156.09911238207158,1538.2992501090482,3048.1301112573437,638.1237999073501,4576.8435115214625,1758.6111783037566,1596.040676681255,491.52290886113946,216.13579436903922,1079.5670044184326,1243.3033460740296,1116.6146668774052,444.04641353470066,1111.8430382658373,701.3446941901259,2080.262923474542,931.0476675784917,424.6710308556579,3020.215769078539,2569.360817837377,592.8387851047481,1207.7948357405442,636.983242905429,1210.7459552137864,1103.6425136043242,438.56573089366833,1708.5850636062728,166.87816221458294,465.97352770378416,375.9631004913563,3718.400590396505,1703.7942807538395,188.36901301061513,758.8062171559308,1579.8716209115075,0.0,1549.6807841626937,211.48982737382528,2705.76053339686,704.320059372473,1397.9794755008743,618.6468289779366,1290.180799122562,534.644691377924,345.8849935033038,374.0379174656708,559.8699291344332,1755.585327299473,623.8844420708504,841.196194353623,1271.0628141266502,364.40772931545655,854.538655928768,2308.2012969084444,1683.9296217292579,1309.5146914098405,898.6302421821334,1079.9371764718794,409.44451419168973,1152.6884082381484,961.4763922739437,255.58716152010285,344.12341266872596,2086.7996201181104,1026.2499661029242,1183.5783572936562,146.92408768516327,1026.0772015410384,1427.6055435471833,453.55296055899765,876.800854934934,898.7622687480173,306.59666868713776,554.0099363113203,4045.1222959446086,2853.552585571149,254.8321433139113,378.50052268842023
arc_pair_172464,292.5745469795047,3183.604274557169,4427.093540353859,2203.2618285149006,1570.244848627998,1102.4246720695671,4199.5909226310705,5797.765025783605,829.7614282755113,2384.4201601197083,461.05546108171234,4287.206434673072,1037.8536580572975,1845.3389355662018,3564.15003351038,376.5226731409773,312.8760213614639,2477.820614790358,611.317567372325,3037.967805929917,4877.769068842187,2929.1921073466115,2481.731089830733,1001.7452566164217,875.3650177547628,2132.0380672756683,3962.7426738801446,579.2460750434276,488.9988670331612,429.35333328042,1023.7628818027771,439.9877743018252,1901.496687964524,1573.900590091746,2509.828748114797,5454.090530862889,3880.0759865208383,1987.3028640384755,537.2431693040601,4293.017880745879,1549.6807841626937,0.0,1800.2728264261868,5107.819820275697,790.3654753729631,2913.1625083872686,954.9593647597676,3653.7986156900643,897.0336365371219,1022.7975111326791,732.9107972362431,1048.7310534686646,290.3660871804813,2589.4586394897187,656.7084796573891,3669.7508680661604,1461.819805149837,2442.6512671830883,5155.972350183432,406.5582884691298,301.8331334603052,855.789227347201,2433.639558634236,1273.6160773865167,212.04761353645776,511.9716389935619,935.6048050332535,1040.1084671072213,616.3171241954337,609.6909978422419,3014.8572614155764,1858.9855425303379,2683.1803731812997,343.5922017399461,2030.380320369892,435.6606042975841,2034.657651450489,1114.4671534944318,1039.0263945356583,1888.3199006534899,1143.8445244562904,1508.1872961267627,2484.3186264695587
arc_pair_729211,1884.725806986059,1444.0065900127427,1783.4523621787123,272.06601348150747,688.3609314488873,397.70671090773703,1238.817908903516,3234.5326928563322,917.8001086478199,5168.505914323782,2143.1183274908,1578.024365966254,805.4794776812428,223.80225392609984,1146.7915185793468,1556.7199809536157,1419.8484624004482,620.9456787732313,1401.070561017569,534.1830325947038,2079.6110684757687,925.2617039651086,426.2649126069809,3373.6468228278563,3011.164236976228,533.5740015497713,1154.5115526187094,949.7039068425042,1578.4170004695031,1474.4892175069447,614.3253598585134,2131.954757839121,329.6279860995386,557.3938794235893,285.71246555729914,4170.723022754731,1637.9070210767059,120.29704828327343,1096.880000823683,1615.3132782853331,211.48982737382528,1800.2728264261868,0.0,2861.681331946783,1073.1620294745999,1349.7536473610244,825.3584855510871,1232.844559108247,851.5468263055086,521.6059855563174,581.4735648703332,901.5572905886136,2229.264407292382,607.7731975311215,1106.8335176853268,1273.8003933015468,235.25798782211342,893.912991386669,2266.521328043383,2035.494699128147,1742.5259990765403,995.2744643582362,1081.542792242622,730.1003696317448,1496.5178739116807,1412.0339854096926,479.8944683423336,666.4162601010449,2571.2226194543573,1286.1119744365697,1380.0464826563111,265.97237847257287,986.7830931868024,1766.5202760806278,485.7855334115247,1261.856259200831,977.0041068600904,364.73174709389264,811.1529576276065,4601.37156949479,3329.366383453944,382.7594914653039,230.83679993090283
arc_pair_169443,4861.999163069832,1114.051933063601,858.1292577255825,2344.859734394638,3620.889316939964,3049.628765078231,2523.830414811161,533.9156526458404,3214.30100019097,8759.719650102848,5518.129058575182,920.103222212067,2767.48294259751,3392.155270491067,1336.1134511992038,5011.3050589899485,4936.607778597927,3622.772980106796,5077.064860026229,2382.3883317267623,834.9158834538752,1429.660342920773,2067.3700888558324,7971.946602040118,6715.9284879955985,1952.8575644139007,1492.8586754020203,4072.748678531102,4863.184256782315,4991.5628566504665,3329.3080816451125,5346.269095161605,2745.803466177187,2349.8343880049706,3135.086472170271,1072.7442250551676,925.138116373052,2667.092698776222,4169.257980110829,1005.4063728811296,2705.76053339686,5107.819820275697,2861.681331946783,0.0,3553.1387074418903,1187.732309969443,4800.907906685066,1211.2847177591095,3994.7601813966976,3680.403706653133,3661.9466149284985,4097.432389343631,5107.407171946701,1577.842957709703,4267.579142107657,1210.459378101732,3076.6667272048408,1524.4966895793766,817.9253256604595,5620.314977187635,4405.642326585323,4901.081346144669,1744.675200108979,3333.3030398635774,4757.5440467289,4327.971798527834,3105.239470837981,2902.6693326378413,5527.430225149992,5241.500855251068,1143.0155832494738,3053.8246129454965,1438.7971744854956,5365.922655843696,2110.873524959273,4291.499572386744,1770.7553909729622,3526.847709893281,4197.446875098537,8523.85897006379,6938.987881420931,2866.280304219861,2433.7390772114227
arc_pair_663878,540.5808484319556,2181.749014375677,3131.865852188118,1213.2390649809402,1216.9279549320074,360.9948518395472,2933.2365619438933,4061.222591303977,258.8166401602457,3452.236302228172,1032.423161478847,2719.7037971145496,349.820514524897,1042.532840675459,1965.1013770641641,883.9904249181548,767.3697868831512,1441.5348797778297,1051.8561697843545,1954.488065637928,3413.5181875115663,1685.5087655124332,1372.9293676810264,2038.0480358748657,1680.6351960108982,1307.5887167459312,2508.0654615811563,375.544260324006,849.2574795747208,841.9087383995064,347.9484105848811,959.0812893713659,854.2209332212033,759.7532869839475,1461.5744742630823,3815.473581964985,2663.279468254922,1066.181636738539,201.77437095342972,2758.348266223167,704.320059372473,790.3654753729631,1073.1620294745999,3553.1387074418903,0.0,2111.413826082408,542.8062797265972,2368.6856804093145,470.44411843739783,507.8001692896768,432.05862643796337,554.0394832669389,699.287431554753,1500.1295518445727,385.84383780082334,2483.4846191713864,943.8915116922278,1566.4518021395659,3517.2679298855855,635.4505487050275,627.8757342757997,794.73042522592,1385.1882552786915,469.7174590051711,487.12744581714014,313.44640014523407,374.548757975763,250.6817551159045,1031.5387141475192,742.5666306493861,1668.0804180988782,892.7143025945004,1692.6677412452389,896.8986774373244,1044.3212725355972,288.3639554235427,1153.5578221522903,625.1902028109536,536.8251662938857,2965.905687585619,2006.3676488203828,724.8465904334114,1391.108069864265
arc_pair_427240,3099.3706736657573,170.54272368507515,672.8092868873289,1214.9493495234087,1384.8678750255294,1624.044853038581,1453.2201928512304,1837.3800337806156,1705.5792992447616,6219.739857438758,3485.1744096987004,912.6227292429336,1473.632513251535,1940.992664552133,1001.7110039273684,3035.8805211670674,2943.406626772107,2400.0510597636417,3139.2809681928875,1362.2092206999923,1101.8016854577324,593.0732096593061,1061.5534564836864,5132.11291199601,4381.148424009933,714.6772275464425,821.7460646821717,2407.0273147617013,2968.953960685558,3102.588312072894,1794.495805426378,3432.873034129052,1657.5712168101484,1172.6022495955744,1928.6735565389833,2428.6939163323427,383.2576532020995,1352.5138581693313,2363.4044404227907,536.5614544891231,1397.9794755008743,2913.1625083872686,1349.7536473610244,1187.732309969443,2111.413826082408,0.0,2569.4276843704947,545.7790604804966,2465.6761430308356,1913.531862404008,2095.4852349138077,2427.1040175615235,3293.956909920521,590.4788058305411,2229.493952216768,425.81988416828534,1328.5384290610623,403.9145425774822,1015.7335318217565,3495.1996840169595,2691.5363395521376,2529.637798368106,642.0947021786494,2098.194665795053,2790.9661539716553,2698.6799977024093,1678.7888782743564,1541.1031421666548,3729.9684401001823,3104.061026585575,692.3320605414407,1766.211398614545,551.1184862149936,3253.810165574854,956.9868665020323,2586.185858005071,612.6613956816279,1643.3658378749744,2483.1980878805657,5892.612417057191,4553.126871194249,1551.7005611021593,1307.3267906591823
arc_pair_649457,1098.2070492739317,2782.6885539272826,3677.4309987148436,1208.3216309834204,969.9047326674626,362.80492910997935,2864.5736417588905,5490.902780052946,516.1433165606518,3909.9061895547015,1309.0673300033102,3368.1131238302296,631.7939897046004,687.7508381772467,2497.6486026171638,912.3692828069219,776.2859688780808,1194.635031385312,922.1716621107355,1850.1451670897573,4199.1219996713135,2082.2627664387473,1479.8020609498387,2038.8259649426006,1962.8676112259448,1448.7970378268772,2831.095745936914,473.1263811625853,927.4469111477099,856.4281702563508,499.22211763721515,1308.2706552239158,875.8687844512148,1078.825110642812,1191.0929016696011,5840.497434435865,3332.2280379235126,926.9795540178746,429.76261003244014,3367.0713805621767,618.6468289779366,954.9593647597676,825.3584855510871,4800.907906685066,542.8062797265972,2569.4276843704947,0.0,2841.9601402476956,531.6907756695211,242.10029442641243,404.24360680158475,416.6749546801982,1274.3150350246538,1750.4333286951146,374.0130703528085,2904.8824957098627,720.3530709107147,1881.5450370627645,4292.3099189334,1013.6872943465394,1079.9151664298997,235.49250689351817,1955.5882485428026,477.6834915265813,675.8601326405789,650.3185032257337,439.2180974964887,511.2289838400465,1640.0597350603455,506.386628980216,2445.1987047690836,724.0565415638334,2060.5644787071205,992.412891009343,1248.96869688557,563.1096224881567,1651.4700417660479,346.76202337213925,479.4544564958348,3263.838011072646,2263.6677352365796,706.6595245371138,1307.8616042527235
arc_pair_648092,3464.1849378579936,456.9482368820524,491.97762648807,953.1298650102245,2005.3137044528598,1694.2432469611372,778.9721876552304,1398.45119378995,2194.3101289065676,7279.728346668327,3898.256374874247,305.0277297518303,1857.487791295794,1596.980362096329,449.68923454552646,3314.1008329057026,3221.68438541008,1787.6701394667014,3131.5041568854567,774.9872816756049,653.6359768010237,545.0447058675333,791.7849953380291,5955.807559278161,5007.490811353801,843.6261138902382,249.63202971099352,2511.9039989149064,3162.9599001437587,3272.4744321202425,2081.4247591998533,3836.897541639035,1298.1621303921202,1390.2335397452068,1324.6892352441914,2354.396630213692,407.6762505631339,1171.0577712505788,2752.065982342095,293.2093266167072,1290.180799122562,3653.7986156900643,1232.844559108247,1211.2847177591095,2368.6856804093145,545.7790604804966,2841.9601402476956,0.0,2349.4057073489184,2127.68853557647,2110.6515773763936,2457.1720778546137,3893.5243555312877,503.3331999389301,2905.799019243299,208.68130633952677,1579.2320439173232,594.7868878707872,615.4838569220234,3969.767679596127,3141.8843943633424,3190.804795456461,930.4273225303948,2007.2401518724473,3286.2474906865664,3001.0376441773087,1766.9852044439483,1774.12943251699,4139.604798809096,3248.5499411900855,646.6928123053929,1408.9299339826691,743.58350102239,3590.187333328892,1049.1988098078532,2857.8130530223575,1054.7619812492712,1943.4425347451777,2374.2466762669546,6915.680070871226,5262.302819433997,1681.2462616672278,870.2369737849623
arc_pair_653762,726.6714643050643,2601.3105346195275,3047.023934506848,1081.55083625261,1587.8927192922167,365.6139685976602,2744.064038377927,4204.777419093817,714.9821246914073,3612.855631830071,986.8855878202402,2729.8641235055075,771.5837383599388,621.6794671004893,2103.5002919507588,545.4403571194026,439.6859965535618,881.6482743884302,450.2310312698766,1625.038241364707,3328.621381559951,1988.75862311827,1280.976157740953,2064.432293706657,1682.3758190170176,1449.5586663378942,2368.237036472073,111.04819598540837,531.340680921074,413.01587130303915,678.542507110999,868.6827511179498,623.632016368849,1048.2078991701399,1002.0999025215581,4524.571952666271,2907.905531562837,861.3621526961792,310.59226466521625,2902.5125390962385,534.644691377924,897.0336365371219,851.5468263055086,3994.7601813966976,470.44411843739783,2465.6761430308356,531.6907756695211,2349.4057073489184,0.0,531.8862829346294,145.44034621099527,188.26316399635573,988.7252712868341,1574.9567539981529,778.2922368236304,2351.3139134865282,988.1343282605719,1844.5840231835514,3677.905494244741,961.6233175157977,735.552265201819,893.7991257258911,2076.692204401578,345.8430276716194,479.70113516176605,303.07940829540155,211.29571592340676,540.9062286744078,1276.7409967506233,324.33772084755515,2161.6893967913584,619.8935678515388,1983.1411358938399,672.6204174043986,1289.3929980371481,265.1547545354638,1774.213126858182,671.8749738916877,130.34019023239557,3063.4298790850016,1987.8794819635395,733.5277287065745,1177.032037954694
arc_pair_168526,1128.8111018194377,2122.553532891804,2850.723278099975,779.1717466711324,842.3232681748782,161.61566925726262,2416.7783042214173,4297.339799515839,370.45302541283183,4013.69852359072,1333.2578018701865,2581.8250827327383,363.77537884675024,474.22189550763756,1840.5631108126615,894.9727229544529,814.3708642115458,958.2033321589809,978.1648543877717,1433.4175395985374,3317.4204046689088,1559.5128223949885,1013.2664771835744,2298.593655178539,2050.854462822116,1006.1601276987353,2172.502705454655,468.6125474822254,905.7965464642585,923.0836680192672,269.96377878158046,1291.2655364427037,507.0345077617064,579.2340653552436,904.5915224423264,4583.111870425354,2544.159989697692,565.0099357514173,508.6211537043664,2633.702296224486,345.8849935033038,1022.7975111326791,521.6059855563174,3680.403706653133,507.8001692896768,1913.531862404008,242.10029442641243,2127.68853557647,531.8862829346294,0.0,285.6238519000373,446.69194644481263,1289.885246299633,1286.934137984848,373.2654865394936,2159.3378577968247,414.5334322842255,1422.9096952579414,3444.558341913234,1193.61492563182,1023.676625969305,375.43793385428313,1510.991394176022,332.7010743104289,735.2418137498044,674.5693671884248,266.5309564078159,343.5815442374307,1656.8369026257235,682.1187571734768,1705.6074876253201,485.02949759123624,1431.2600805038846,1031.6917197688244,839.2425094981352,622.9764453190571,1167.5278686131328,165.06558118802954,545.8179974471414,3417.876460261372,2320.018630575255,316.75851106379537,929.4096187566136
arc_pair_560514,695.1615749305314,2238.619940196403,2809.2388105753084,853.3553107867452,1164.2087455403303,213.78563071716468,2407.0909503509497,3996.922951418685,513.7798025794035,3601.055732530646,946.5539455444472,2525.2288726406227,542.5981955288319,478.073152372694,1908.4023769600542,519.4949963838509,421.56944400420866,793.5041420708701,457.62491850548076,1367.9857969865157,3087.819475384193,1726.0690139353876,1074.2700117400248,1991.5960612202443,1646.7351101614017,1130.4089668974495,2174.339558871455,137.0981309767705,553.4928072350231,421.27819844401927,430.22298080975014,864.4622312856657,519.6482486113877,772.0083605209594,838.9629042493547,4350.714401974216,2540.7938251349888,650.684447108435,344.4067398335809,2658.060846419132,374.0379174656708,732.9107972362431,581.4735648703332,3661.9466149284985,432.05862643796337,2095.4852349138077,404.24360680158475,2110.6515773763936,145.44034621099527,285.6238519000373,0.0,293.19161463382443,936.1515703084625,1335.7190821596294,585.8650105226178,2151.1963325666347,637.187908937037,1547.1568140018614,3412.6769262120533,863.9621740095325,679.8598182038144,623.0882783728712,1725.6994879779932,312.0051447192523,411.2525106227628,349.4514883313068,165.7943285525179,394.83323746741365,1244.7094194937752,323.4625325266795,1910.9862097065748,483.92956680737115,1663.1297351243893,653.9549035314845,993.8670961644884,269.1137717874326,1438.1101325902723,400.1828180592122,210.70836143824107,3051.389317669105,1978.102690344833,512.7036364667994,943.3381187896259
arc_pair_402772,1014.4731676931461,2660.196944819712,3083.7645028478564,1107.6010599327406,1527.8515202494973,372.5403925882583,3020.326180526628,4546.5934666869525,716.1158587743902,3566.76555034797,1177.378850663117,2905.283104094409,703.3682952026994,634.2699831522895,2203.8973135152896,672.0420550840339,591.5531800789925,1013.144695487416,623.8367541882232,1798.0147797803286,3536.5606442268827,2063.0513638819652,1316.457115705564,2144.9620088176816,1810.9327021740867,1514.6430245055726,2483.1264233648735,256.38314496639606,575.5570275272912,565.112961621489,771.7862229129106,1034.5050676823018,665.1782594339177,1031.511146991828,1123.7383376067742,4797.05965404447,3029.411135844573,898.6605259876708,373.18225037354676,2977.0280036461068,559.8699291344332,1048.7310534686646,901.5572905886136,4097.432389343631,554.0394832669389,2427.1040175615235,416.6749546801982,2457.1720778546137,188.26316399635573,446.69194644481263,293.19161463382443,0.0,1158.348048662472,1635.8658712799438,709.8968560769918,2398.457195508163,952.2697229883426,1847.0269715770835,3818.7753530234277,1237.2501902959307,883.9524555826672,760.8288772321715,2168.2178969915744,264.80472904364996,647.9549479641493,467.2990285972953,249.05481592286333,567.2670015689338,1498.1799535728721,447.97620520804537,2181.7099331895365,701.2885063080415,1969.6530984985395,854.0716875570477,1317.0225515309512,468.81637703741706,1749.6025066051307,616.4555377691976,246.2559806525888,3035.828741629592,2045.4182152691417,707.2591172299689,1335.8131362079132
arc_pair_426542,147.3722983485292,3525.9639573394284,4773.13659492786,2451.172586767372,2035.0692971381382,1249.9469608376335,4809.6471647488825,5804.158399451226,924.4388451366772,1943.0950357458487,424.89103842197994,4487.207439212956,1103.956118125702,2200.7322048808137,3576.5126492398836,480.01383628474645,437.45820963224025,2685.36364329002,769.0245600506919,3423.1400389667215,5100.758835011722,3141.2689310884907,2649.057278924911,961.2756685681977,723.001822354615,2476.659482051959,4216.403585974465,657.8194789208677,457.2388463151832,529.381584808913,1219.6594933720014,326.7018448718987,2010.7246055632738,1646.6236013746031,2831.4919398734605,4985.936969606095,4161.638689293127,2290.894320308634,599.539127418168,4479.937016876973,1755.585327299473,290.3660871804813,2229.264407292382,5107.407171946701,699.287431554753,3293.956909920521,1274.3150350246538,3893.5243555312877,988.7252712868341,1289.885246299633,936.1515703084625,1158.348048662472,0.0,2798.102351292209,862.5444737395972,3937.949949444409,1885.1974003843322,2723.197995034198,5421.379267305133,312.8159800859048,201.15791511312568,1375.146073273492,2596.7449982085004,1314.0828762448646,309.0822201683466,465.1576960529589,1135.577449551358,1118.9892270149244,326.10921954413647,816.2416887894061,2938.445484687172,2119.570404572686,2906.793014509935,396.36217044626665,2186.1258717429014,453.22107799646744,2150.604171700769,1473.097864976496,1176.0773595983947,1556.3481945250844,983.535541829463,1727.5255279840462,2854.66946644148
arc_pair_592911,2493.612776863918,541.5118678886981,841.6909464299524,416.6185309039613,904.4418503155165,908.9827718929098,897.9169435878028,1952.1477137190566,1283.1558513485136,5973.443479563495,2962.881770615883,755.0184657350097,1056.6538386346133,1002.8284366976889,428.33096191752503,2439.4763809113188,2297.5366379799125,1325.8115527637806,2364.2428919812323,413.54756633642006,1162.5800016080527,230.74704238444565,248.72688960952652,4552.214710932359,3898.306127927952,203.84519614895908,451.06729279411627,1685.8023770547263,2361.7762957051855,2350.0978577061246,1198.133009244247,2898.342394260437,762.1258908325682,712.2191198097712,876.5438616367073,2716.2851424995897,681.6551966871126,504.9656214804802,1749.8863292562608,575.387910556478,623.8844420708504,2589.4586394897187,607.7731975311215,1577.842957709703,1500.1295518445727,590.4788058305411,1750.4333286951146,503.3331999389301,1574.9567539981529,1286.934137984848,1335.7190821596294,1635.8658712799438,2798.102351292209,0.0,1787.2021009906887,511.0904049354745,720.0651401766276,259.5485192669181,1177.5967640330502,2782.3906623686075,2258.248340937102,1980.0909823592765,385.62858227424823,1314.9350835494492,2248.8075872415357,2054.6611221478024,1044.9231089112893,981.1791701031291,3163.3917453947993,2303.239476784293,554.8946181244662,833.0199011380855,378.05039931810614,2659.187503632073,308.13429488874874,1929.1203285933912,399.1471098723199,1031.005732341325,1534.174281842439,5540.120445864453,4193.049449306608,886.5769345674076,422.61244812371586
arc_pair_243930,817.0312608060261,2420.4027881603965,3611.810810237024,1486.428367548732,920.5013483597886,471.81252421603494,3331.1894005166255,5008.133073276672,187.7659982655683,3193.2170179637233,1125.2717738884937,3470.6212327303056,428.22732105448137,1115.5652418641905,2660.8351381041302,936.46421553368,818.5209565850429,1719.9462125042685,1221.8203433494375,2311.1576465362714,4155.662072995087,2010.2709615119638,1676.1355750017601,1735.6730973234232,1631.2379058877623,1374.9004127586988,2996.0778427123496,616.2873651168464,1014.3715535324295,992.6831820474071,299.64294101004333,1121.4375619860787,1130.3511343179816,892.0122775351135,1758.4324321109777,4796.455173680587,3051.7416272904043,1195.395230784973,347.4773795066835,3295.0049221547524,841.196194353623,656.7084796573891,1106.8335176853268,4267.579142107657,385.84383780082334,2229.493952216768,374.0130703528085,2905.799019243299,778.2922368236304,373.2654865394936,585.8650105226178,709.8968560769918,862.5444737395972,1787.2021009906887,0.0,2853.275931164236,812.2736931963699,1733.86283409705,4296.1778133251155,804.4677460365908,826.4597542872513,337.162833767835,1592.8656845451335,669.390666247144,561.0472285664641,574.5503879749137,537.7893611820601,384.7718076363636,1284.1462964278473,839.4866030892864,2175.4188484918027,1104.8414420926913,1848.2291433314722,931.8249058280871,1250.8068544406315,546.7121270925248,1258.0334470717462,446.0798868197398,810.0138353606344,2670.2531317765656,1898.3388387843343,721.4909967973276,1692.8512014800508
arc_pair_421878,3568.9004578686818,393.4591950476961,395.14215023875664,1005.0181687330571,1991.1261025450467,1730.179301809408,1043.2270805109308,1389.0130839379547,2244.0931863419014,7072.1209931094,3951.397175062266,493.33281922407645,1931.0643203768411,1662.4719766481455,650.0184193563889,3300.082083449896,3216.1180883316274,1827.6579102096798,3133.5163948510112,932.7762288973295,643.7074143414246,565.1464488758088,804.5371774078342,5901.4167110481485,4979.258537244564,809.0235105195653,306.10271712283975,2552.5777794420296,3180.889600403069,3246.118761678415,2154.0043502911985,3844.9639017923037,1357.3150387921773,1404.5122035050053,1462.7568284807094,2309.864931414316,364.1286231589787,1174.9687573198876,2751.2852288863824,226.89773701301158,1271.0628141266502,3669.7508680661604,1273.8003933015468,1210.459378101732,2483.4846191713864,425.81988416828534,2904.8824957098627,208.68130633952677,2351.3139134865282,2159.3378577968247,2151.1963325666347,2398.457195508163,3937.949949444409,511.0904049354745,2853.275931164236,0.0,1580.019398076629,583.5471709543376,753.7065856236151,4144.120329755017,3172.5721032294987,3164.9098492393605,1011.7828074153678,2069.1161641441854,3303.5762996012995,3043.037393627145,1729.992314122847,1796.676412497465,4275.640442280456,3314.3529844097097,714.8183060276231,1498.6715275569443,682.2403791363074,3602.804063124976,1067.909571848578,2937.5490381382924,1058.83938383986,1948.2010630486193,2392.7161277488713,6722.5447247257,5194.127774692873,1627.1637634699232,1027.0987707360653
arc_pair_220233,1713.4111228837644,1496.1668989315272,2152.0368123938056,391.66838279574324,366.06089047821104,424.25138991508396,1775.481123153499,3682.2029838217645,692.6256293886062,4684.061674295261,1940.357362523354,2026.9939760952843,629.1682947092411,561.512931397184,1347.952954081427,1443.458544613444,1344.8595948587463,1189.4555184172516,1516.697070999763,931.3635058363909,2704.195062256619,996.9281502916986,584.8783388664503,2976.2110368505123,2699.2923598643856,496.66682602619386,1589.1146230079332,947.2964633668172,1450.6939497076353,1476.408257133276,531.7846262898302,1923.8185820207204,557.919735833969,354.5379490888306,734.289596189704,4226.648117366784,1873.6413711029604,249.79061043447066,956.6430463211625,1953.3431259206775,364.40772931545655,1461.819805149837,235.25798782211342,3076.6667272048408,943.8915116922278,1328.5384290610623,720.3530709107147,1579.2320439173232,988.1343282605719,414.5334322842255,637.187908937037,952.2697229883426,1885.1974003843322,720.0651401766276,812.2736931963699,1580.019398076629,0.0,885.8380477483154,2747.208605881879,1797.36825676551,1494.046780201833,778.402173747655,935.4459630410183,752.8468607013224,1254.8468955936055,1245.0536822723125,516.0173854809699,642.9746998121179,2307.308202208885,1243.125263842772,1285.3360065345723,575.5708142587875,894.5579633176782,1622.7903281841714,423.32951203502023,1144.009001205774,688.6292181567028,250.1552610158524,942.726999995602,4114.296882064216,2950.4109843103975,330.5981483398922,530.5245944096476
arc_pair_256246,2510.829132320724,446.7942157678222,942.2479594176042,681.4275872318792,976.3645656743416,1096.6703627632915,1070.4381436700069,2022.681308049688,1261.28156752447,5572.446406144253,2888.8919082056623,870.181782435794,1052.3600553577178,1404.985021477421,613.7865884837349,2482.914489970574,2362.1825650035294,1733.0901050576117,2497.7639695223256,825.2470664090486,1274.9331545766668,228.87403519679145,532.5384268597779,4424.966491339621,3748.5138066086934,294.7981587822825,607.6656045800395,1844.7023525280501,2405.14725089801,2449.563233242895,1306.2015839911585,2863.843172590511,1077.2468806874917,753.5212397307512,1369.2101315302104,2581.708093547848,678.0610891567208,849.8095944253258,1791.9132607164154,666.5704336477357,854.538655928768,2442.6512671830883,893.912991386669,1524.4966895793766,1566.4518021395659,403.9145425774822,1881.5450370627645,594.7868878707872,1844.5840231835514,1422.9096952579414,1547.1568140018614,1847.0269715770835,2723.197995034198,259.5485192669181,1733.86283409705,583.5471709543376,885.8380477483154,0.0,1293.2049766087857,2861.435988171673,2161.91964681156,1997.2062676121468,284.45008166747385,1531.6395278213101,2253.709403595795,2099.6498674679965,1179.5804438683913,1045.8482723840214,3099.67906507559,2479.199839562372,485.4073644307919,1175.9182524514772,283.2957972154992,2672.8665780949473,453.3475775947058,1992.4865058358864,326.0477322217624,1174.6426063043652,1852.1615440269059,5195.801132923854,3943.1597873574588,1083.4573334934933,827.4999013768723
arc_pair_257343,4866.55764207158,803.7740726294106,374.76820420915953,1928.3971708941854,3133.518833260564,2828.607103576854,1257.2807758345596,1011.0145386167113,3332.8576373378737,9762.73842745615,5597.917623426238,373.47094563877204,2839.873492855035,2680.7847952392117,916.6951313256361,4955.239112408169,4802.728181131177,2862.008153899945,4687.388128867117,1574.9109821116785,350.4780159649441,1092.8002657502802,1677.2287100996662,8157.312288391898,7025.940299503001,1743.3217888390907,757.9295347473735,3903.656977493261,4755.2378945538685,4824.709163274319,3221.9600316626506,5513.981501059393,2341.512147913338,2450.773554730513,2242.2580278110913,2195.6407512742994,558.2932292442343,2158.08189507888,4056.8325556703426,452.6683866907994,2308.2012969084444,5155.972350183432,2266.521328043383,817.9253256604595,3517.2679298855855,1015.7335318217565,4292.3099189334,615.4838569220234,3677.905494244741,3444.558341913234,3412.6769262120533,3818.7753530234277,5421.379267305133,1177.5967640330502,4296.1778133251155,753.7065856236151,2747.208605881879,1293.2049766087857,0.0,5438.2968176964905,4516.690548403482,4669.031203553254,1570.1637360116988,3219.384965178995,4768.392932245304,4366.0687429943155,2964.6312436978897,2761.5419850777894,5728.457602339356,4839.358994982607,1225.4545604203788,2421.482475781708,1462.4912237696828,5268.319150205512,1911.5707935388118,4195.435872166108,1837.6724034477818,3243.5732374689246,3733.9095046110583,9391.114476418588,7397.297670752525,2784.2328667143875,1642.0164243069366
arc_pair_131562,186.55021754804534,3611.143393638254,4962.9697838892935,2442.68997272884,1810.51907217578,1192.738601641323,4322.89777595157,6283.355355606522,909.0745288097859,2786.0235402737894,669.8941447599899,4523.549495778724,1149.078605057298,1972.425598079819,3623.206289820744,710.4451423322117,587.2345231453726,2461.072024995646,883.2186373541831,3182.97291808011,5238.429516824877,3174.707115934918,2675.0636322574082,1143.2950138383442,1075.055442272863,2497.540587990104,4158.042895577779,661.3799349055283,766.9525564830687,658.0568042226469,1070.673739691559,638.6351117679981,1979.2314844064272,1817.9536687138252,2522.9914237495796,5857.7070758085865,4240.703050561375,2165.761460463997,580.507562140489,4518.96026062923,1683.9296217292579,406.5582884691298,2035.494699128147,5620.314977187635,635.4505487050275,3495.1996840169595,1013.6872943465394,3969.767679596127,961.6233175157977,1193.61492563182,863.9621740095325,1237.2501902959307,312.8159800859048,2782.3906623686075,804.4677460365908,4144.120329755017,1797.36825676551,2861.435988171673,5438.2968176964905,0.0,502.20188737616263,1150.7832413748176,2579.2663442437633,1385.4639606274898,367.17686896710404,558.6820190676907,1195.6709211983111,1067.3967016546626,549.9932051181992,682.1061619948235,3218.2936110952674,1895.6071780869927,3118.0502021575653,564.1423402561575,2203.2725734848036,441.73441631273823,2319.823257277778,1346.0649505877848,999.7662435802416,2244.7003530412217,1510.753819632225,1743.4288819328692,2562.373644134409
arc_pair_732197,217.4946386429806,2937.322471322476,3918.7329175418545,1886.687518010998,1772.974272288655,927.4912698823666,4029.263927352078,4986.758677728903,815.3922227567217,2215.9249036745796,344.92308016522423,3633.777189921036,877.7058595636955,1721.2933078259935,2892.466873008959,314.4583601919459,278.5527762244554,2182.622358437595,533.3955773003415,2776.5638981790175,4235.870135884108,2568.336178298979,2087.010114469098,1114.3569110776482,784.3421679667706,1983.8198546065737,3459.6992447240823,471.74942516370845,265.63657335372716,370.6292130806297,1022.5744008141736,257.4841854865835,1519.6918345007061,1255.9843704183113,2245.6159092551247,4471.301938819574,3472.5517199574856,1790.1155632297034,503.7365813498848,3722.190114144226,1309.5146914098405,301.8331334603052,1742.5259990765403,4405.642326585323,627.8757342757997,2691.5363395521376,1079.9151664298997,3141.8843943633424,735.552265201819,1023.676625969305,679.8598182038144,883.9524555826672,201.15791511312568,2258.248340937102,826.4597542872513,3172.5721032294987,1494.046780201833,2161.91964681156,4516.690548403482,502.20188737616263,0.0,1228.2963363030933,2216.5925012861107,1005.050127941404,285.0561589915162,381.68576702142735,813.6039396193808,877.0867584631319,373.4278570311216,670.2012836155295,2381.2807507760963,1650.417398654885,2385.0248964564985,272.76730194261194,1742.2117322205104,364.78286767635706,1793.9273207084732,1175.323181303398,930.3806263971936,1767.540131142059,993.1320934268356,1328.8326557967875,2276.678116267137
arc_pair_430700,1262.9473985707239,2850.483082174819,3921.7379978788435,1532.1337152410651,888.1274313012657,577.7401028539548,3150.8684692577563,5764.977129675495,506.20309680200427,3870.3849386285306,1404.3896085958763,3760.1124103004963,730.0410036215211,968.1386954207545,3003.717402059702,1054.7782654211155,915.8770664405547,1650.915294134322,1189.3293171583944,2205.952700047533,4519.1679815309735,2305.7301898639844,1850.4933258867256,1952.8380804865594,1989.6121689964307,1534.015945122202,3203.5953245390397,744.974009743657,1200.696706263084,1071.3530817040923,560.7651406570386,1433.0904998665007,1268.5252420758454,1244.154142931859,1599.0622547676435,6147.466547246127,3487.0564702516226,1163.5373472465383,627.1065336716752,3677.1882493666008,898.6302421821334,855.789227347201,995.2744643582362,4901.081346144669,794.73042522592,2529.637798368106,235.49250689351817,3190.804795456461,893.7991257258911,375.43793385428313,623.0882783728712,760.8288772321715,1375.146073273492,1980.0909823592765,337.162833767835,3164.9098492393605,778.402173747655,1997.2062676121468,4669.031203553254,1150.7832413748176,1228.2963363030933,0.0,2049.7886519125736,824.9820747286976,761.326888128499,904.6054473232491,654.2520776004604,691.1100850209037,1816.8902134287057,766.618587988198,2786.4778712144243,1063.1879216820146,2157.448052949655,1111.0908822052975,1457.5607507887535,801.9175549374974,1693.1246057361825,415.5615699664408,826.525540055233,3225.4069705883617,2292.1246596341525,846.4782862984753,1619.5214628599736
arc_pair_551110,2364.0677069704725,551.1332343603067,1395.9924005511648,886.6723927043946,835.752346208522,1210.0376849221634,1366.1603355619375,2273.3264386654423,1112.4543988061523,5731.40169210078,2991.2286444113106,1185.0706645768016,1012.9966461300503,1659.3196245649092,710.8951267577644,2743.5748575969387,2596.235160257329,2142.6637116077573,2897.9747758779704,1043.5868632974007,1718.407473039363,258.58867984090506,695.1945061698252,4423.200061686162,3836.703805007735,355.8729791142901,970.587469178123,2033.8701772667002,2681.126655418001,2773.1011269512946,1131.1494203025145,2985.818292111144,1287.2923668407282,769.9965033579356,1623.3591318336119,2517.5624882517454,890.0487558768149,1026.442894766971,1761.3813604668062,946.6899023214121,1079.9371764718794,2433.639558634236,1081.542792242622,1744.675200108979,1385.1882552786915,642.0947021786494,1955.5882485428026,930.4273225303948,2076.692204401578,1510.991394176022,1725.6994879779932,2168.2178969915744,2596.7449982085004,385.62858227424823,1592.8656845451335,1011.7828074153678,935.4459630410183,284.45008166747385,1570.1637360116988,2579.2663442437633,2216.5925012861107,2049.7886519125736,0.0,1706.1276961891695,2293.2079180644764,2143.8881139199207,1382.365590525552,1018.2910463953751,2981.6484620012156,2714.9672031841146,528.0036858738882,1400.9396566063854,360.94000987818356,2836.04500632451,481.7833017830179,2022.2159872225766,206.42141865841003,1241.5209835382861,2080.0409867972335,5352.180736265014,4136.7206988528,1168.4848290687096,953.2975767039856
arc_pair_134015,1124.4670236948052,2244.6167967634547,2680.496514706127,797.2568777414723,1423.2562564117673,224.81424588959632,2653.8257987186944,3662.8274762209726,487.77792986399606,4112.339286028951,1426.2579321170883,2323.0111905497797,441.4885402592369,546.6105513073439,1651.2560973938603,953.6735945563829,876.0542301329834,913.5912517882219,962.8382008165926,1511.9247982416641,3042.843973705179,1632.952650778217,1010.6056435043711,2642.5967592259426,2183.840489813702,1202.4992381452587,2087.488887518525,412.6308260717042,824.7270538522467,888.6001374643841,512.6018467269278,1290.3988500726575,401.61179285041106,676.840628278733,932.5887681622203,3890.627023638252,2573.735217487855,675.8650355557181,518.9564825105026,2520.987149540361,409.44451419168973,1273.6160773865167,730.1003696317448,3333.3030398635774,469.7174590051711,2098.194665795053,477.6834915265813,2007.2401518724473,345.8430276716194,332.7010743104289,312.0051447192523,264.80472904364996,1314.0828762448646,1314.9350835494492,669.390666247144,2069.1161641441854,752.8468607013224,1531.6395278213101,3219.384965178995,1385.4639606274898,1005.050127941404,824.9820747286976,1706.1276961891695,0.0,847.3780275004206,591.7374226149641,246.78951205203842,334.0406280333412,1645.8605214223905,768.0624851719427,1636.344435955181,529.865486038474,1550.983769954955,1137.9373725305404,963.317890196104,592.7605238576779,1339.7074866156922,493.8883020546496,456.673362897647,3591.3619464096964,2445.7628095278847,428.2569877808114,1028.1132930391373
arc_pair_156853,242.89991248086704,3052.502513635692,4057.533431729396,1810.8341362732472,1526.8677119510016,731.8583247036258,3818.7264865649404,5409.204754252409,618.5660829497939,2621.2487701329474,478.83558865811204,3824.604401290285,828.3627305456108,1421.0912340715745,3024.069719437083,296.0222329326573,220.34665134188654,1932.4582294775912,484.2843007298197,2630.767061004838,4476.772477648789,2616.707684018473,2079.5630963059275,1191.2848948863057,994.2796995292593,1913.8766130765548,3493.243231867995,229.32264978988204,377.72503009984695,292.765214672544,799.0191445609211,398.70136650880113,1422.7272200566533,1281.2881815451608,2010.663176090828,5144.9775675455185,3621.023539334901,1568.5959905240575,294.43870757345763,3891.4662778850757,1152.6884082381484,212.04761353645776,1496.5178739116807,4757.5440467289,487.12744581714014,2790.9661539716553,675.8601326405789,3286.2474906865664,479.70113516176605,735.2418137498044,411.2525106227628,647.9549479641493,309.0822201683466,2248.8075872415357,561.0472285664641,3303.5762996012995,1254.8468955936055,2253.709403595795,4768.392932245304,367.17686896710404,285.0561589915162,761.326888128499,2293.2079180644764,847.3780275004206,0.0,188.6193372755007,602.0953840594169,781.4968712959987,654.549852166391,282.16499948038444,2666.9304781652027,1394.4719717514704,2431.686231056975,299.4770057561664,1709.3156417455523,143.34016546081665,1865.1178554377466,881.6917923174425,576.6014286835958,2086.0819472961693,1271.604776762271,1159.843579069829,2058.203660370383
arc_pair_258567,375.67474868066864,2891.1114262512747,3785.7199397544928,1598.1165913710086,1644.5705880184446,581.6025944887383,3630.9548762670333,4842.396122462545,552.3762648464509,2902.4723452125377,649.2738400457467,3411.9768505218835,699.8287286847967,1268.216466751472,2598.9629456703037,461.4773860498349,389.49177162050285,1653.3502192284345,608.2820384752368,2428.0674764015016,4111.772267657523,2375.4947328684043,1824.8099931726601,1571.2414145955981,1245.4011746069402,1816.7801852302175,3178.6338183470434,166.99079622338934,449.6744724685809,411.9637485140084,712.0449833876377,550.7499286228946,1141.7434359763108,1108.3232253946046,1783.3769205004799,4539.701923820343,3404.451045354845,1406.2915679608318,167.70203957489153,3560.8314978105154,961.4763922739437,511.9716389935619,1412.0339854096926,4327.971798527834,313.44640014523407,2698.6799977024093,650.3185032257337,3001.0376441773087,303.07940829540155,674.5693671884248,349.4514883313068,467.2990285972953,465.1576960529589,2054.6611221478024,574.5503879749137,3043.037393627145,1245.0536822723125,2099.6498674679965,4366.0687429943155,558.6820190676907,381.68576702142735,904.6054473232491,2143.8881139199207,591.7374226149641,188.6193372755007,0.0,462.40889519776454,594.414793489492,769.5582694379373,362.17431348267263,2307.934065157378,1181.614237964012,2285.3254512758226,496.71596298740195,1525.0639728678898,70.05974195938752,1739.6285344335492,865.5371980336531,461.59657145269045,2392.505150659993,1509.3834281412599,1010.30944754423,1860.4393853298484
arc_pair_669454,931.0989643359858,1848.5077087737313,2367.2190902096886,634.3743511706706,1060.7043054055773,133.97542793679585,2201.8004751842623,3436.5417372964944,426.5705726167143,3781.255750676714,1168.727699018214,2110.563436561946,418.8383714758276,435.85181309169855,1536.1934784049256,704.6529916031643,623.0348279153271,782.5393516396855,720.8861193168588,1220.8643708503582,2709.9442147901104,1304.7653045724062,805.4651605393708,2327.0410069217974,1913.4400283951904,841.416951723549,1816.0926571336502,254.37624118741005,704.8355994540798,671.1841122134509,353.9649255729083,1064.369148216228,366.19230993656635,536.4012419839411,787.6778959547763,3773.2580238116348,2184.917097358343,486.6489996872492,338.99348927379657,2219.628784539739,255.58716152010285,935.6048050332535,479.8944683423336,3105.239470837981,374.548757975763,1678.7888782743564,439.2180974964887,1766.9852044439483,211.29571592340676,266.5309564078159,165.7943285525179,249.05481592286333,1135.577449551358,1044.9231089112893,537.7893611820601,1729.992314122847,516.0173854809699,1179.5804438683913,2964.6312436978897,1195.6709211983111,813.6039396193808,654.2520776004604,1382.365590525552,246.78951205203842,602.0953840594169,462.40889519776454,0.0,294.62552824139885,1492.7901720220145,583.3742068642413,1451.3685502356525,388.74559898175454,1237.4691484027637,870.5821579097724,737.6384672535685,423.92125375016724,1081.2090315894318,301.3262259188351,302.74320802985625,3251.4140306266786,2150.9460936343085,311.91085123865423,793.3469864959044
arc_pair_701792,896.2734852164575,1574.5202816182534,2376.1404332912834,779.8377574859414,941.634050038677,178.54059960529335,2259.6097488426885,3318.598081545327,221.2102010257637,3836.7410944909793,1356.8057065710286,2096.364112218159,176.06793073928304,656.5386184908717,1518.8907616128236,1084.5677007783506,943.1237036424843,967.353910223947,1139.9005247396613,1380.8448777951503,2633.212311312888,1202.081153923587,898.928350540104,2481.4563983921335,2053.0012253436676,865.0169708957014,1847.4279713282924,533.9370012727647,1044.015201781658,1000.7045976875833,217.67291861424982,1303.328579405421,508.6467585797237,539.5991692145718,993.5612343223472,3430.426060177841,2004.4934723117815,671.1558471667802,407.7413238229591,2022.024615049651,344.12341266872596,1040.1084671072213,666.4162601010449,2902.6693326378413,250.6817551159045,1541.1031421666548,511.2289838400465,1774.12943251699,540.9062286744078,343.5815442374307,394.83323746741365,567.2670015689338,1118.9892270149244,981.1791701031291,384.7718076363636,1796.676412497465,642.9746998121179,1045.8482723840214,2761.5419850777894,1067.3967016546626,877.0867584631319,691.1100850209037,1018.2910463953751,334.0406280333412,781.4968712959987,594.414793489492,294.62552824139885,0.0,1432.1569202651438,978.0004778663703,1330.2873297447472,534.7275353254324,1261.630665852149,1158.352758357126,655.7758913295127,539.161152381161,844.8113849263906,397.19582706252316,625.000727223138,3381.9593602905434,2349.4787738480436,441.2945832141908,926.9473916788285
arc_pair_75573,337.8470090134926,3899.2520151254653,5173.5066081441355,2763.2904408016534,2476.730892160336,1591.0612747085356,5075.61034118341,6119.384197810073,1356.8521374244824,1899.6683623041292,240.35003262018327,4722.325304574584,1475.6059991714083,2526.0548283822727,3889.1919423687527,504.87955230955413,572.5810569594917,2907.863456601114,900.8063802878405,3658.197180834159,5358.713034455198,3553.6256979363793,2996.969207328589,817.3031859884629,560.7174791887736,2897.4599648379103,4547.0876003881895,955.9047659823692,635.8168380411854,754.2460620273418,1585.4855216553597,235.95835870745535,2314.571174338688,2048.953973187262,3040.320149520431,5261.703780498161,4548.1017210155505,2684.084792710727,944.7191232758526,4843.0170854025955,2086.7996201181104,616.3171241954337,2571.2226194543573,5527.430225149992,1031.5387141475192,3729.9684401001823,1640.0597350603455,4139.604798809096,1276.7409967506233,1656.8369026257235,1244.7094194937752,1498.1799535728721,326.10921954413647,3163.3917453947993,1284.1462964278473,4275.640442280456,2307.308202208885,3099.67906507559,5728.457602339356,549.9932051181992,373.4278570311216,1816.8902134287057,2981.6484620012156,1645.8605214223905,654.549852166391,769.5582694379373,1492.7901720220145,1432.1569202651438,0.0,1135.547469322628,3287.1862029638,2420.44235211619,3350.3960978324226,375.7125933117008,2552.896248097055,753.0573667847244,2613.9387136905743,1900.3683228037778,1489.6231030030222,1525.8971732553978,849.6484882770296,2136.0912123016283,3170.3590018985565
arc_pair_14975,645.2324303500584,3385.7908766385085,4091.4131744600722,1677.627178484974,1664.0312011797641,723.1085759261731,3473.8652312867594,5826.380441268024,970.5773611871027,3334.0646546706394,799.8747675233037,3779.316373008385,1107.701114068874,1083.659717856655,3005.240515269272,394.18256124264553,304.1555703325272,1533.6824451152456,350.2384925967299,2325.7308736749237,4544.604488501221,2784.298889573659,1990.7558325664068,1509.723113422718,1379.5986269188945,2033.5061973898603,3349.003709402222,176.8499524009581,403.94563008849826,298.6638143389732,1030.8695530011278,723.8005533801095,1247.2358420310957,1565.7455726183935,1598.131665741534,6093.705887625465,3833.4958878534885,1376.8006417447275,441.59719855148643,3970.7944251732583,1026.2499661029242,609.6909978422419,1286.1119744365697,5241.500855251068,742.5666306493861,3104.061026585575,506.386628980216,3248.5499411900855,324.33772084755515,682.1187571734768,323.4625325266795,447.97620520804537,816.2416887894061,2303.239476784293,839.4866030892864,3314.3529844097097,1243.125263842772,2479.199839562372,4839.358994982607,682.1061619948235,670.2012836155295,766.618587988198,2714.9672031841146,768.0624851719427,282.16499948038444,362.17431348267263,583.3742068642413,978.0004778663703,1135.547469322628,0.0,2970.970975282849,1148.0826503391281,2678.097545104099,471.26654108706833,1861.1515142591852,268.1606777122059,2324.677777352874,853.6822237534736,359.6120597104116,2679.3004670907258,1705.558883390028,1213.6978934410238,1806.986285206264
arc_pair_390357,2757.1439027289384,680.9973399042091,1086.7570469906004,881.6160725130433,1652.005618229405,1365.4166594382257,1738.007290983147,1528.3740412339519,1547.7327382020908,6111.803913129182,3271.2565833973135,743.1109317406155,1242.6283837369688,1846.0122895965155,411.16581670579706,2882.233812785422,2846.287940566005,2212.1774661724858,3048.2202808953857,1237.3309213222633,1361.1255044869354,399.42395832073305,655.9993854417177,5089.855764835429,4199.3737314244345,639.6358289761149,822.3171361594847,2161.451569707299,2640.565309066873,2959.292226624872,1567.9742303998546,3130.8799650134615,1187.5884690511502,721.5320435929916,1743.6064808423073,1626.2883657583104,841.1666792243747,1138.6606642628794,2129.05479058409,740.2498074793274,1183.5783572936562,3014.8572614155764,1380.0464826563111,1143.0155832494738,1668.0804180988782,692.3320605414407,2445.1987047690836,646.6928123053929,2161.6893967913584,1705.6074876253201,1910.9862097065748,2181.7099331895365,2938.445484687172,554.8946181244662,2175.4188484918027,714.8183060276231,1285.3360065345723,485.4073644307919,1225.4545604203788,3218.2936110952674,2381.2807507760963,2786.4778712144243,528.0036858738882,1636.344435955181,2666.9304781652027,2307.934065157378,1451.3685502356525,1330.2873297447472,3287.1862029638,2970.970975282849,0.0,1523.3675989909614,401.7640919275076,3104.8120016579137,636.3696190262128,2293.572109834799,450.62219595566285,1593.4475366109398,2303.500117365763,5725.846874866114,4349.459014064917,1215.189471740895,1140.6949073550134
arc_pair_84658,1704.8668007837753,1780.095552518138,2039.8771415265037,449.0425889876442,1174.5782226037595,256.7844988557776,1401.9734368674929,3306.094738934398,886.9861550122536,5335.255306596937,2051.6425123054064,1652.2720334705846,739.244699555569,119.32829710664822,1185.1265887136915,1474.6837399782899,1331.7413857110466,275.56175802607487,1238.1661129069114,667.0741070886502,2175.4115659404647,1161.6795299372504,608.6518134003193,3472.154586121444,3014.246051846026,874.3321702760828,1275.154300446103,789.5957471508608,1465.5882025835426,1301.806715889146,554.471305354224,2010.7438067474245,184.392118236633,729.5946875916289,206.11308771070213,4197.602927567601,1966.1430156260685,243.96963961951323,981.7776578359859,1770.3716129206584,146.92408768516327,1858.9855425303379,265.97237847257287,3053.8246129454965,892.7143025945004,1766.211398614545,724.0565415638334,1408.9299339826691,619.8935678515388,485.02949759123624,483.92956680737115,701.2885063080415,2119.570404572686,833.0199011380855,1104.8414420926913,1498.6715275569443,575.5708142587875,1175.9182524514772,2421.482475781708,1895.6071780869927,1650.417398654885,1063.1879216820146,1400.9396566063854,529.865486038474,1394.4719717514704,1181.614237964012,388.74559898175454,534.7275353254324,2420.44235211619,1148.0826503391281,1523.3675989909614,0.0,1362.3184601190976,1664.4756898214061,708.2683932389899,1062.3751095309979,1283.4775856097533,425.4077778633709,598.257457313805,4738.742522256115,3371.7050379554034,369.9307937954989,332.5418082663747
arc_pair_371590,2742.842772419619,635.7007395935516,1064.7990860649213,723.0678592978644,1095.78051465173,1208.6097756562456,1377.3622301470389,1918.0176459839522,1363.1088148978624,5935.456507405734,3150.049588392028,959.4288746791539,1172.2740447693054,1524.9691142210313,578.9745839340776,2633.9673321729547,2575.041911526238,1997.055934207861,2794.451943228693,929.4887908185142,1485.874388721087,216.04107947900243,518.131083683503,4715.912928630615,4018.5586481959517,277.06386788240206,799.1762954856142,2006.0567404191909,2543.2059655339895,2753.3523280432287,1351.1768835384112,3025.1482340048456,1141.4778665182137,697.1837521800807,1527.9586198054071,2257.4907041569422,814.9617718129346,879.3198544972975,1974.2881154017375,863.709567370162,1026.0772015410384,2683.1803731812997,986.7830931868024,1438.7971744854956,1692.6677412452389,551.1184862149936,2060.5644787071205,743.58350102239,1983.1411358938399,1431.2600805038846,1663.1297351243893,1969.6530984985395,2906.793014509935,378.05039931810614,1848.2291433314722,682.2403791363074,894.5579633176782,283.2957972154992,1462.4912237696828,3118.0502021575653,2385.0248964564985,2157.448052949655,360.94000987818356,1550.983769954955,2431.686231056975,2285.3254512758226,1237.4691484027637,1261.630665852149,3350.3960978324226,2678.097545104099,401.7640919275076,1362.3184601190976,0.0,2886.5094758146083,488.29532165977616,2208.0528848570434,354.87685932951524,1223.3794969641995,2058.9819533617483,5537.780045561213,4216.454125074273,1014.764400369885,896.8498060031337
arc_pair_89302,325.70263734653037,3540.1051205024455,4498.6320416264825,2102.3945556160984,1973.9493207912253,1056.6501160075481,4175.25306291196,5870.316638679666,1086.2040324019442,2210.7684546793544,163.87477987751848,4210.72036905628,1275.8239881657303,1660.7443679862565,3468.2188359799175,72.23841620988824,85.20066912291017,2054.2701501058436,290.31006450327334,2868.3015861714725,4809.810290746999,3079.281108037493,2393.463199079165,807.0505475765809,615.3138638179838,2315.084102660116,3840.5363643115293,440.17292507280763,235.32416720627705,244.49012546472065,1212.5231354954356,132.55673466955497,1683.8970425460311,1675.127519511132,2204.7394805555637,5606.9775473870195,4110.072519681518,1891.2412922852063,622.9927006374832,4351.50801428117,1427.6055435471833,343.5922017399461,1766.5202760806278,5365.922655843696,896.8986774373244,3253.810165574854,992.412891009343,3590.187333328892,672.6204174043986,1031.6917197688244,653.9549035314845,854.0716875570477,396.36217044626665,2659.187503632073,931.8249058280871,3602.804063124976,1622.7903281841714,2672.8665780949473,5268.319150205512,564.1423402561575,272.76730194261194,1111.0908822052975,2836.04500632451,1137.9373725305404,299.4770057561664,496.71596298740195,870.5821579097724,1158.352758357126,375.7125933117008,471.26654108706833,3104.8120016579137,1664.4756898214061,2886.5094758146083,0.0,2129.1909900125406,450.7757456447833,2405.1635510979604,1248.1735677039553,838.0213011482422,1690.2465762427687,867.3785550544575,1521.8324108869338,2387.137137947771
arc_pair_17533,1978.6798524854519,966.9214781223196,1581.9166486502552,237.35575036973577,572.6529461837285,598.6045884006892,1448.3918133207496,2568.793770929845,884.6565757167297,5118.970503618534,2374.5194628973595,1314.8522012707401,700.9172977966153,867.3255679588683,697.8039254932066,1959.7057413619343,1848.3945051328349,1246.5904405462056,1998.5629053879977,668.5083982945619,1885.2056652240472,467.5413912086689,224.5989584735737,3766.632372325874,3216.7792424629733,268.0899541204461,1025.7578361643207,1316.170039597119,1876.0018605262046,1936.3492026027877,739.9749025067496,2318.4997420638174,605.6275664430809,354.39744617785055,855.7131791073126,2979.4409663652837,1274.873324748128,386.77030510351557,1277.5915763359549,1216.7016022917092,453.55296055899765,2030.380320369892,485.7855334115247,2110.873524959273,1044.3212725355972,956.9868665020323,1248.96869688557,1049.1988098078532,1289.3929980371481,839.2425094981352,993.8670961644884,1317.0225515309512,2186.1258717429014,308.13429488874874,1250.8068544406315,1067.909571848578,423.32951203502023,453.3475775947058,1911.5707935388118,2203.2725734848036,1742.2117322205104,1457.5607507887535,481.7833017830179,963.317890196104,1709.3156417455523,1525.0639728678898,737.6384672535685,655.7758913295127,2552.896248097055,1861.1515142591852,636.3696190262128,708.2683932389899,488.29532165977616,2129.1909900125406,0.0,1455.4845071259872,325.80338624311213,650.9696717425926,1286.9722460591993,4654.776369385314,3446.496095559882,540.9886512893113,474.4668643053049
arc_pair_674772,297.8148265173438,2770.7199382093404,3667.425352141561,1495.2024845480955,1496.8192300256228,513.6549492865304,3378.3454508901154,4805.959845631423,533.1488832316467,2981.5638932008146,638.7639032374665,3279.840041198754,637.4704925176742,1133.51354848146,2532.7322164863067,424.70848542550056,327.9444833785871,1530.9247114583109,519.4894305064573,2257.173508931011,3960.2064074064892,2263.906933649255,1730.7881343892234,1536.2604332504475,1240.3670951757697,1707.2951443925622,3035.1702809646595,112.71078976877119,423.7045992947855,353.44312058909384,628.047342474816,548.8448284416586,1070.0679855319465,1100.1525328790697,1623.456049701504,4643.436871815853,3261.7897097683835,1297.2612576389624,159.22650560602193,3407.4431826617283,876.800854934934,435.6606042975841,1261.856259200831,4291.499572386744,288.3639554235427,2586.185858005071,563.1096224881567,2857.8130530223575,265.1547545354638,622.9764453190571,269.1137717874326,468.81637703741706,453.22107799646744,1929.1203285933912,546.7121270925248,2937.5490381382924,1144.009001205774,1992.4865058358864,4195.435872166108,441.73441631273823,364.78286767635706,801.9175549374974,2022.2159872225766,592.7605238576779,143.34016546081665,70.05974195938752,423.92125375016724,539.161152381161,753.0573667847244,268.1606777122059,2293.572109834799,1062.3751095309979,2208.0528848570434,450.7757456447833,1455.4845071259872,0.0,1682.5167240470278,767.3374104560719,404.2487797635112,2462.0282785741933,1538.965838943484,974.7903293768463,1695.166386014649
arc_pair_674359,2076.19035576192,663.1848460553472,1496.1444604056298,716.6263182597918,656.7779650635739,939.5723594255888,1784.607369984145,2447.438273156331,838.3666680610719,5011.80273214579,2556.052302815624,1353.78533062592,713.4171000878198,1491.7048146568286,807.4358890921455,2267.825642141532,2179.500274879762,2066.3795340960737,2544.9926976856646,1173.5403365115415,1960.3000742819916,407.74905635376507,605.3455752765366,3894.293706675169,3319.1678457213393,341.593578839279,1147.3524803780047,1671.4922459276293,2184.143579307581,2362.612687041407,926.6975387380274,2491.1971001921293,1093.5396016811192,452.8544480698354,1587.3607834529964,2462.2243418362364,1058.0043874698508,854.1747722351596,1446.056227016599,1116.7337100188508,898.7622687480173,2034.657651450489,977.0041068600904,1770.7553909729622,1153.5578221522903,612.6613956816279,1651.4700417660479,1054.7619812492712,1774.213126858182,1167.5278686131328,1438.1101325902723,1749.6025066051307,2150.604171700769,399.1471098723199,1258.0334470717462,1058.83938383986,688.6292181567028,326.0477322217624,1837.6724034477818,2319.823257277778,1793.9273207084732,1693.1246057361825,206.42141865841003,1339.7074866156922,1865.1178554377466,1739.6285344335492,1081.2090315894318,844.8113849263906,2613.9387136905743,2324.677777352874,450.62219595566285,1283.4775856097533,354.87685932951524,2405.1635510979604,325.80338624311213,1682.5167240470278,0.0,933.7641891128122,1794.7546074765903,4637.904497319475,3519.995512277673,845.7424998291808,978.0587219050893
arc_pair_417278,1315.9142617647642,1842.4822568126951,2636.883587963153,646.0144272973472,567.7938585324353,203.89409964856085,2185.675188274868,4147.633076082016,440.5392973150124,4159.544215558914,1563.609629966768,2435.6531182870553,392.8228904700575,424.85475422573575,1723.7255303079212,1091.0029650611073,985.5017592612509,983.3892986539107,1181.8595193901317,1258.3751070958915,3169.8284435884093,1327.3104703088254,833.4989835264954,2488.4317829891397,2257.955533611949,766.464069621782,1980.5143046092019,624.4442022811592,1105.9904740284335,1111.1069125142865,258.40323708638726,1527.9085874549062,423.84760179009373,494.8869155585428,816.8048362282807,4532.742727266091,2295.895720663961,418.18976199667037,611.1056183049358,2350.7563691244945,306.59666868713776,1114.4671534944318,364.73174709389264,3526.847709893281,625.1902028109536,1643.3658378749744,346.76202337213925,1943.4425347451777,671.8749738916877,165.06558118802954,400.1828180592122,616.4555377691976,1473.097864976496,1031.005732341325,446.0798868197398,1948.2010630486193,250.1552610158524,1174.6426063043652,3243.5732374689246,1346.0649505877848,1175.323181303398,415.5615699664408,1241.5209835382861,493.8883020546496,881.6917923174425,865.5371980336531,301.3262259188351,397.19582706252316,1900.3683228037778,853.6822237534736,1593.4475366109398,425.4077778633709,1223.3794969641995,1248.1735677039553,650.9696717425926,767.3374104560719,933.7641891128122,0.0,661.9404911217086,3585.88889448357,2532.1301259152033,218.39765847539886,770.3008817953979
arc_pair_317443,892.0694233003984,2585.8864455369953,3055.034662120765,1102.8834401020379,1432.0195601011199,403.18318543068455,2557.4695784037726,4541.0660394447195,747.0484242633339,3926.933724595428,1182.3308255828513,2820.4560129142137,857.6254903863032,583.801037209117,2116.2328783596067,723.4957156268428,586.5734996244333,862.1928530999438,578.4721840664515,1540.4751948944886,3378.672223729458,2027.0420044526718,1328.628859341587,2195.3107985549113,1897.2626422732594,1444.1661487202757,2316.052856058354,207.35550989445176,742.1749758908023,540.9577168631342,731.0559743031981,1091.349777240016,692.0873903145208,1148.9960556690019,953.0560077949816,5003.3268492176585,2857.487119390412,840.4943566050538,383.5561216683482,2877.522770331356,554.0099363113203,1039.0263945356583,811.1529576276065,4197.446875098537,536.8251662938857,2483.1980878805657,479.4544564958348,2374.2466762669546,130.34019023239557,545.8179974471414,210.70836143824107,246.2559806525888,1176.0773595983947,1534.174281842439,810.0138353606344,2392.7161277488713,942.726999995602,1852.1615440269059,3733.9095046110583,999.7662435802416,930.3806263971936,826.525540055233,2080.0409867972335,456.673362897647,576.6014286835958,461.59657145269045,302.74320802985625,625.000727223138,1489.6231030030222,359.6120597104116,2303.500117365763,598.257457313805,2058.9819533617483,838.0213011482422,1286.9722460591993,404.2487797635112,1794.7546074765903,661.9404911217086,0.0,3324.1783881799583,2263.8496716557283,803.9640056755605,1136.218040700757
arc_pair_297765,2032.3084576556848,6506.84187097821,7957.406654516067,4881.678629585818,4170.253632785048,3488.3736039036917,8477.194209288331,9249.177824964047,3151.303277663873,113.62265747934705,1386.2187762862914,8112.135281044035,3355.0238066592683,4715.049621956505,6889.454623411341,1809.1044291032351,1902.8810326059663,5054.2489407471985,2383.8601073706636,6232.759568850437,8480.791697242465,6092.74537595641,5135.808336210443,779.0562327550174,671.9125155533262,4929.2293633005265,7381.621549651005,2594.1876931426646,1881.6993237853317,2114.963367547916,3504.3150189713006,1393.7764405719445,4413.643721239315,3865.0941443751235,5553.339534921772,7963.100552827035,7300.433528060677,4831.76072198839,2552.6578450560673,7808.6007453214,4045.1222959446086,1888.3199006534899,4601.37156949479,8523.85897006379,2965.905687585619,5892.612417057191,3263.838011072646,6915.680070871226,3063.4298790850016,3417.876460261372,3051.389317669105,3035.828741629592,1556.3481945250844,5540.120445864453,2670.2531317765656,6722.5447247257,4114.296882064216,5195.801132923854,9391.114476418588,2244.7003530412217,1767.540131142059,3225.4069705883617,5352.180736265014,3591.3619464096964,2086.0819472961693,2392.505150659993,3251.4140306266786,3381.9593602905434,1525.8971732553978,2679.3004670907258,5725.846874866114,4738.742522256115,5537.780045561213,1690.2465762427687,4654.776369385314,2462.0282785741933,4637.904497319475,3585.88889448357,3324.1783881799583,0.0,458.4352210552169,4003.1180899407386,5869.842031700539
arc_pair_642267,1240.0211078746245,5039.085210315806,6271.228970676162,3551.2505630909304,3134.942337215145,2371.8245737046705,6539.883218771711,7554.733332208625,2212.340135837591,736.3120550511666,606.2118482731516,6181.423541941497,2372.2456075794785,3377.0422107409145,5233.975101551439,951.1449165227734,1059.0703353147182,3770.7970200804084,1443.7987461559346,4655.540823642256,6710.446167384738,4636.945142167582,3840.900922721674,382.8000853201134,170.17241414402318,3694.2216324134824,5697.3902910681645,1613.7402870475883,1026.8511798221978,1280.7003477662902,2454.524152678346,657.3346250523854,3145.3020982917524,2782.4444046405306,4009.355412117204,6639.554980593414,5770.326868242414,3508.673057481358,1680.1583900745322,6179.1257079595425,2853.552585571149,1143.8445244562904,3329.366383453944,6938.987881420931,2006.3676488203828,4553.126871194249,2263.6677352365796,5262.302819433997,1987.8794819635395,2320.018630575255,1978.102690344833,2045.4182152691417,983.535541829463,4193.049449306608,1898.3388387843343,5194.127774692873,2950.4109843103975,3943.1597873574588,7397.297670752525,1510.753819632225,993.1320934268356,2292.1246596341525,4136.7206988528,2445.7628095278847,1271.604776762271,1509.3834281412599,2150.9460936343085,2349.4787738480436,849.6484882770296,1705.558883390028,4349.459014064917,3371.7050379554034,4216.454125074273,867.3785550544575,3446.496095559882,1538.965838943484,3519.995512277673,2532.1301259152033,2263.8496716557283,458.4352210552169,0.0,2850.815137353643,4290.031658216611
arc_pair_370525,1528.1799569504353,1721.4769462757693,2199.0694709383033,488.2016799727328,883.2754257490999,227.2839505154608,2123.132366874061,3256.549861868577,550.4430557027259,4548.2140208492765,1837.346687326741,1962.2081836155294,447.68521256725654,418.940297937134,1328.4882792831022,1321.7448758781186,1249.1462034463225,910.5048679439033,1415.94545205801,1131.0079741915456,2592.299471209681,1118.626640440925,643.3923651905669,3054.6147299797694,2632.4986313808745,696.6869062686054,1653.6864681431173,769.967536080273,1286.9732862808557,1336.3181408574671,347.3682431149274,1731.5357622223073,248.73134641123875,300.7135319600998,696.2037486924339,3617.6703587951906,2036.0509020910724,320.44928001219813,796.7032625404248,2017.5886032644219,254.8321433139113,1508.1872961267627,382.7594914653039,2866.280304219861,724.8465904334114,1551.7005611021593,706.6595245371138,1681.2462616672278,733.5277287065745,316.75851106379537,512.7036364667994,707.2591172299689,1727.5255279840462,886.5769345674076,721.4909967973276,1627.1637634699232,330.5981483398922,1083.4573334934933,2784.2328667143875,1743.4288819328692,1328.8326557967875,846.4782862984753,1168.4848290687096,428.2569877808114,1159.843579069829,1010.30944754423,311.91085123865423,441.2945832141908,2136.0912123016283,1213.6978934410238,1215.189471740895,369.9307937954989,1014.764400369885,1521.8324108869338,540.9886512893113,974.7903293768463,845.7424998291808,218.39765847539886,803.9640056755605,4003.1180899407386,2850.815137353643,0.0,661.6821669941373
arc_pair_723396,2366.679702677717,1238.8736679397566,1437.5163208735369,254.58199679627296,984.2767919531861,665.135817422192,698.953894032176,2630.360709200538,1282.6516807015275,6473.884685398641,2799.348976069255,1008.6286698279197,1112.2491299338992,416.54222537070416,691.8468462430748,2174.068979042895,2012.0832053228264,694.1363568274414,1923.701913633806,219.0275501687022,1581.777787986274,671.4908138313787,311.60959147335285,4410.422610859769,3900.4033128561723,506.6119712715736,724.503296487574,1375.230356195175,2154.8215265996455,2039.0572201621928,944.1663470933713,2776.482114383658,456.68138651550083,766.3120014747218,228.27653556052272,3800.5577634559936,1336.0622807117018,197.7718986510607,1572.4936154042437,1173.7851061509566,378.50052268842023,2484.3186264695587,230.83679993090283,2433.7390772114227,1391.108069864265,1307.3267906591823,1307.8616042527235,870.2369737849623,1177.032037954694,929.4096187566136,943.3381187896259,1335.8131362079132,2854.66946644148,422.61244812371586,1692.8512014800508,1027.0987707360653,530.5245944096476,827.4999013768723,1642.0164243069366,2562.373644134409,2276.678116267137,1619.5214628599736,953.2975767039856,1028.1132930391373,2058.203660370383,1860.4393853298484,793.3469864959044,926.9473916788285,3170.3590018985565,1806.986285206264,1140.6949073550134,332.5418082663747,896.8498060031337,2387.137137947771,474.4668643053049,1695.166386014649,978.0587219050893,770.3008817953979,1136.218040700757,5869.842031700539,4290.031658216611,661.6821669941373,0.0
